month,P,D,CPI,GS10,real_tr_price,nominal_tr_index,r_nominal,r_nominal_PD
1871-01,4.44,0.26,12.46406116,5.32,118.9405829,1,0.01839339339,0.01839339339
1871-02,4.5,0.26,12.84464132,5.323333333,117.5393341,1.018393393,0.02925925926,0.02925925926
1871-03,4.61,0.26,13.0349719,5.326666667,119.2119771,1.04819083,0.03289949385,0.03289949385
1871-04,4.74,0.26,12.55922645,5.33,127.7983255,1.082675777,0.02988748242,0.02988748242
1871-05,4.86,0.26,12.27381157,5.333333333,134.6785347,1.115034231,-0.003772290809,-0.003772290809
1871-06,4.82,0.26,12.08348099,5.336666667,136.2838482,1.110827997,-0.01417704011,-0.01417704011
1871-07,4.73,0.26,12.08348099,5.34,134.3517466,1.095079744,0.01726568006,0.01726568006
1871-08,4.79,0.26,11.8932314,5.343333333,138.8576797,1.113987041,0.01496172582,0.01496172582
1871-09,4.84,0.26,12.17864628,5.346666667,137.632317,1.130654209,-0.04717630854,-0.04717630854
1871-10,4.59,0.26,12.36889587,5.35,129.1222401,1.077314118,0.01561365287,0.01561365287
1871-11,4.64,0.26,12.36889587,5.353333333,131.1383099,1.094134926,0.02622126437,0.02622126437
1871-12,4.74,0.26,12.65439174,5.356666667,131.5407308,1.122824527,0.0299454993,0.02988748242
1872-01,4.86,0.2633,12.65439174,5.36,135.4797836,1.156448069,0.008688271605,0.008629972565
1872-02,4.88,0.2667,12.65439174,5.378333333,136.6568688,1.166495603,0.03739754098,0.03734118852
1872-03,5.04,0.27,12.84464132,5.396666667,139.6676974,1.210119671,0.03229662698,0.03224206349
1872-04,5.18,0.2733,13.13013719,5.415,141.0435398,1.249202454,0.004451415701,0.004396718147
1872-05,5.18,0.2767,13.13013719,5.433333333,141.6713832,1.254763174,-0.005148005148,-0.005201093951
1872-06,5.13,0.28,13.0349719,5.451666667,141.9710433,1.248303646,-0.001245938921,-0.001299545159
1872-07,5.1,0.2833,12.84464132,5.47,143.8952473,1.246748336,-0.007080065359,-0.007135620915
1872-08,5.04,0.2867,12.93980661,5.488333333,141.8256804,1.237921277,-0.01306216931,-0.0131167328
1872-09,4.95,0.29,13.0349719,5.506666667,138.9512182,1.221751339,0.008978114478,0.008922558923
1872-10,4.97,0.2933,12.74947603,5.525,143.3381738,1.232720363,0.0009507042254,0.0008936955064
1872-11,4.95,0.2967,13.13013719,5.543333333,139.3149199,1.233892315,0.02929292929,0.02923737374
1872-12,5.07,0.3,12.93980661,5.561666667,145.5050602,1.270036635,0.01286160421,0.01282051282
1873-01,5.11,0.3025,12.93980661,5.58,147.3764887,1.286371344,0.01280169602,0.01276092629
1873-02,5.15,0.305,13.22522149,5.570833333,146.041894,1.302839079,-0.002791262136,-0.00283171521
1873-03,5.11,0.3075,13.22522149,5.561666667,145.6342528,1.299202513,-0.008643183301,-0.008683953033
1873-04,5.04,0.31,13.22522149,5.5525,144.3755093,1.287973268,0.007151124339,0.00710978836
1873-05,5.05,0.3125,12.93980661,5.543333333,148.6152374,1.297183725,-0.008663366337,-0.008704620462
1873-06,4.98,0.315,12.55922645,5.534166667,151.7921769,1.285945747,0.003304886212,0.003263052209
1873-07,4.97,0.3175,12.55922645,5.525,152.2938328,1.290195652,0.005365526492,0.005323608317
1873-08,4.97,0.32,12.55922645,5.515833333,153.1109694,1.29711823,-0.07105130785,-0.07109322602
1873-09,4.59,0.3225,12.55922645,5.506666667,142.2322348,1.204956284,-0.08124546115,-0.08129084967
1873-10,4.19,0.325,12.27381157,5.4975,133.7152593,1.107059055,-0.02928599841,-0.02933571997
1873-11,4.04,0.3275,11.8932314,5.488333333,133.9528159,1.074637725,0.1008663366,0.100814769
1873-12,4.42,0.33,12.17864628,5.479166667,144.0082229,1.183032496,0.06052036199,0.06052036199
1874-01,4.66,0.33,12.36889587,5.47,150.3745657,1.254630051,0.03594420601,0.03594420601
1874-02,4.8,0.33,12.36889587,5.436666667,155.7796601,1.299726732,-0.008854166667,-0.008854166667
1874-03,4.73,0.33,12.36889587,5.403333333,154.400361,1.288218734,-0.02167019027,-0.02167019027
1874-04,4.6,0.33,12.17864628,5.37,153.4141841,1.260302789,-0.02010869565,-0.02010869565
1874-05,4.48,0.33,12.08348099,5.336666667,151.5131656,1.234959744,0.001674107143,0.001674107143
1874-06,4.46,0.33,11.79806612,5.303333333,155.4383069,1.237027199,0.006165919283,0.006165919283
1874-07,4.46,0.33,11.8932314,5.27,155.1452976,1.244654609,0.008408071749,0.008408071749
1874-08,4.47,0.33,11.79806612,5.236666667,157.7117218,1.255119754,0.02181208054,0.02181208054
1874-09,4.54,0.33,11.79806612,5.203333333,161.1517426,1.282496527,0.003854625551,0.003854625551
1874-10,4.53,0.33,11.60773554,5.17,164.4254925,1.287440071,0.01490066225,0.01490066225
1874-11,4.57,0.33,11.51265124,5.136666667,168.2537854,1.306623781,-0.0005470459519,-0.0005470459519
1874-12,4.54,0.33,11.51265124,5.103333333,168.1617428,1.305908998,0.006011380323,0.006057268722
1875-01,4.54,0.3275,11.51265124,5.07,169.172627,1.313759313,0.003762848752,0.003808737151
1875-02,4.53,0.325,11.51265124,5.03,169.809198,1.318702791,0.01917770419,0.01922369389
1875-03,4.59,0.3225,11.51265124,4.99,173.0657486,1.343992483,0.01888162672,0.01892701525
1875-04,4.65,0.32,11.60773554,4.95,174.8890825,1.369369247,-0.03301971326,-0.03297491039
1875-05,4.47,0.3175,11.32232066,4.91,173.3773555,1.324153067,-0.01426174497,-0.01421513796
1875-06,4.38,0.315,11.13207107,4.87,173.8254914,1.305268334,0.00822869102,0.008276255708
1875-07,4.39,0.3125,11.13207107,4.83,175.2558477,1.316008984,0.01044039484,0.01048785118
1875-08,4.41,0.31,11.22715537,4.79,175.5858261,1.329748637,-0.003259637188,-0.00321239607
1875-09,4.37,0.3075,11.13207107,4.75,176.5083531,1.325414139,-0.01020213577,-0.01015446224
1875-10,4.3,0.305,11.13207107,4.71,174.707591,1.311892084,0.02214147287,0.02218992248
1875-11,4.37,0.3025,11.03690579,4.67,180.1156377,1.340939307,0.005720823799,0.00576849733
1875-12,4.37,0.3,10.9417405,4.63,182.721557,1.348610585,0.02631578947,0.02631578947
1876-01,4.46,0.3,10.84657521,4.59,189.1753632,1.384100337,0.01905829596,0.01905829596
1876-02,4.52,0.3,10.84657521,4.578333333,192.7807232,1.410478931,0.003318584071,0.003318584071
1876-03,4.51,0.3,10.84657521,4.566666667,193.4204823,1.415159724,-0.03215077605,-0.03215077605
1876-04,4.34,0.3,10.75149091,4.555,188.8574441,1.36966124,-0.03110599078,-0.03110599078
1876-05,4.18,0.3,10.37091074,4.543333333,189.6977476,1.32705657,-0.001196172249,-0.001196172249
1876-06,4.15,0.3,10.08541488,4.531666667,194.834338,1.325469182,-0.006024096386,-0.006024096386
1876-07,4.1,0.3,10.08541488,4.52,193.6606372,1.317484428,-0.03536585366,-0.03536585366
1876-08,3.93,0.3,10.18058017,4.508333333,185.0653989,1.270890467,-0.05470737913,-0.05470737913
1876-09,3.69,0.3,10.27574545,4.496666667,173.3208005,1.20136338,0.00135501355,0.00135501355
1876-10,3.67,0.3,10.46599504,4.485,170.4007789,1.202991244,-0.01226158038,-0.01226158038
1876-11,3.6,0.3,10.56116033,4.473333333,166.7947632,1.18824067,0.001388888889,0.001388888889
1876-12,3.58,0.3,10.75149091,4.461666667,164.0696014,1.189891004,-0.001610800745,-0.001396648045
1877-01,3.55,0.2908,10.9417405,4.45,160.9571519,1.187974327,-0.05254225352,-0.0523286385
1877-02,3.34,0.2817,10.65632562,4.440833333,156.5846038,1.125555478,-0.0440993014,-0.04386976048
1877-03,3.17,0.2725,10.18058017,4.431666667,156.6739493,1.075919268,-0.06563354364,-0.06539169295
1877-04,2.94,0.2633,10.46599504,4.4225,142.398703,1.005302874,0.00720521542,0.007463151927
1877-05,2.94,0.2542,10.65632562,4.413333333,140.8630351,1.012546298,-0.06448412698,-0.06422335601
1877-06,2.73,0.245,10.08541488,4.404166667,139.2393273,0.9472531337,0.05115384615,0.05143467643
1877-07,2.85,0.2358,10.18058017,4.395,144.9938027,0.9957087748,0.07680409357,0.07707017544
1877-08,3.05,0.2267,9.8,4.385833333,162.1931807,1.072183285,0.06823770492,0.06848907104
1877-09,3.24,0.2175,9.704834711,4.376666667,174.9598615,1.145346611,0.02696244856,0.02719907407
1877-10,3.31,0.2083,9.704834711,4.3675,179.6772077,1.17622796,-0.01009063444,-0.009861530715
1877-11,3.26,0.1992,9.514585124,4.358333333,181.4206464,1.164359074,0.001789366053,0.002024539877
1877-12,3.25,0.19,9.514585124,4.349166667,181.7452744,1.166442539,0.004851282051,0.004871794872
1878-01,3.25,0.1892,9.229089256,4.34,188.2764185,1.17210128,-0.01671025641,-0.01668717949
1878-02,3.18,0.1883,9.134004959,4.33,187.0574633,1.152515167,0.02378144654,0.0238024109
1878-03,3.24,0.1875,8.94367438,4.32,195.5814039,1.179923645,0.03257973251,0.03260030864
1878-04,3.33,0.1867,8.848509091,4.31,204.1253928,1.218365242,0.007652652653,0.007675175175
1878-05,3.34,0.1858,8.563094215,4.3,212.5432245,1.227688968,0.0255738523,0.02559381238
1878-06,3.41,0.185,8.372844628,4.29,222.9317344,1.259085704,0.02502932551,0.02504887586
1878-07,3.48,0.1842,8.467928926,4.28,225.945665,1.29059977,-0.004231321839,-0.004209770115
1878-08,3.45,0.1833,8.563094215,4.27,222.4892113,1.285138827,0.02469806763,0.0247173913
1878-09,3.52,0.1825,8.563094215,4.26,227.9842649,1.316879273,-0.007062026515,-0.007043087121
1878-10,3.48,0.1817,8.467928926,4.25,228.9182999,1.307579437,0.001455938697,0.001477490421
1878-11,3.47,0.1808,8.372844628,4.24,231.8550343,1.309483192,-0.00144092219,-0.001421709894
1878-12,3.45,0.18,8.18251405,4.23,236.9062765,1.307596329,0.04207004831,0.04202898551
1879-01,3.58,0.1817,8.277679339,4.22,244.034732,1.362606969,0.04057960894,0.04054236499
1879-02,3.71,0.1833,8.372844628,4.203333333,251.0513257,1.417901027,-0.01201707098,-0.01205525606
1879-03,3.65,0.185,8.277679339,4.186666667,250.8859802,1.40086201,0.03713926941,0.03710045662
1879-04,3.77,0.1867,8.18251405,4.17,263.2299556,1.452889002,0.049255084,0.04921971706
1879-05,3.94,0.1883,8.18251405,4.153333333,276.1953692,1.524451172,0.009094754653,0.009058798646
1879-06,3.96,0.19,8.087381157,4.136666667,281.9857677,1.538315681,0.02423611111,0.0242003367
1879-07,4.04,0.1917,8.18251405,4.12,285.4620793,1.575598471,0.0114129538,0.0113799505
1879-08,4.07,0.1933,8.18251405,4.103333333,288.7200449,1.593580703,0.04084766585,0.04081285831
1879-09,4.22,0.195,8.467928926,4.086666667,290.3846562,1.658674755,0.1128890205,0.1128554502
1879-10,4.68,0.1967,8.94367438,4.07,305.9755665,1.845920924,0.05694978632,0.0569212963
1879-11,4.93,0.1983,9.419419835,4.053333333,307.0668456,1.951045726,0.001352265044,0.001323529412
1879-12,4.92,0.2,9.704834711,4.036666667,298.4391699,1.953684057,0.0420901084,0.04200542005
1880-01,5.11,0.205,9.990330579,4.02,302.1129773,2.035914831,0.021037182,0.02095564253
1880-02,5.2,0.21,9.990330579,3.993333333,308.468583,2.078744741,0.02267628205,0.02259615385
1880-03,5.3,0.215,10.08541488,3.966666667,312.4893446,2.125882944,-0.01918238994,-0.01926100629
1880-04,5.18,0.22,9.704834711,3.94,318.5144159,2.085103428,-0.07553088803,-0.07561132561
1880-05,4.77,0.225,9.419419835,3.913333333,303.3789802,1.927613714,0.00821104123,0.008123689727
1880-06,4.79,0.23,9.229089256,3.886666667,312.1779645,1.94344143,0.05001739736,0.04993041058
1880-07,5.01,0.235,9.229089256,3.86,327.7922938,2.040647312,0.03992015968,0.03983699268
1880-08,5.19,0.24,9.229089256,3.833333333,340.8778146,2.122110279,0.002007064868,0.001926782274
1880-09,5.18,0.245,9.324254545,3.806666667,338.0759256,2.126369492,0.03297940798,0.0328989704
1880-10,5.33,0.25,9.324254545,3.78,349.2254694,2.196495899,0.05651969981,0.05644152595
1880-11,5.61,0.255,9.419419835,3.753333333,365.2359141,2.320641188,0.04486036839,0.04478609626
1880-12,5.84,0.26,9.514585124,3.726666667,377.8035468,2.424746006,0.06371289954,0.06364155251
1881-01,6.19,0.265,9.419419835,3.7,405.9346824,2.579233605,0.0004038772213,0.0003365643511
1881-02,6.17,0.27,9.514585124,3.693333333,402.0368142,2.580275299,0.01505942734,0.01499189627
1881-03,6.24,0.275,9.514585124,3.686666667,408.0912584,2.619132767,0.0005341880342,0.0004674145299
1881-04,6.22,0.28,9.609669421,3.68,404.2691795,2.620531876,0.04883440514,0.04876741693
1881-05,6.5,0.285,9.514585124,3.673333333,428.2487955,2.748503992,0.01602564103,0.01596153846
1881-06,6.58,0.29,9.514585124,3.666666667,435.1117569,2.79255053,-0.0312183384,-0.0312816616
1881-07,6.35,0.295,9.609669421,3.66,417.3574168,2.705371743,-0.01968503937,-0.01975065617
1881-08,6.2,0.3,9.8,3.653333333,401.1955787,2.652116393,0.01216397849,0.01209677419
1881-09,6.25,0.305,10.18058017,3.646666667,390.895403,2.68437668,-0.01186666667,-0.01193333333
1881-10,6.15,0.31,10.27574545,3.64,382.6795934,2.652522077,0.01077235772,0.01070460705
1881-11,6.19,0.315,10.18058017,3.633333333,390.4176738,2.681095994,-0.02477113624,-0.02483844911
1881-12,6.01,0.32,10.18058017,3.626666667,380.7465844,2.614682199,-0.01053799224,-0.01053799224
1882-01,5.92,0.32,10.18058017,3.62,376.7342798,2.587128699,-0.01745495495,-0.01745495495
1882-02,5.79,0.32,10.27574545,3.620833333,366.7303053,2.541970484,0.002878526195,0.002878526195
1882-03,5.78,0.32,10.27574545,3.621666667,367.7859481,2.549287612,0.00461361015,0.00461361015
1882-04,5.78,0.32,10.37091074,3.6225,366.0923306,2.561049032,-0.007497116494,-0.007497116494
1882-05,5.71,0.32,10.46599504,3.623333333,360.0466544,2.541848549,-0.0005837711617,-0.0005837711617
1882-06,5.68,0.32,10.56116033,3.624166667,356.5940283,2.540364691,0.06103286385,0.06103286385
1882-07,6,0.32,10.46599504,3.625,381.7983198,2.695410423,0.03444444444,0.03444444444
1882-08,6.18,0.32,10.56116033,3.625833333,391.3903136,2.788252338,0.01402373247,0.01402373247
1882-09,6.24,0.32,10.27574545,3.626666667,407.9026164,2.827354043,-0.02297008547,-0.02297008547
1882-10,6.07,0.32,10.18058017,3.6275,402.2584365,2.762409479,-0.03844041735,-0.03844041735
1882-11,5.81,0.32,10.08541488,3.628333333,390.44523,2.656221305,0.00975329891,0.00975329891
1882-12,5.84,0.32,9.990330579,3.629166667,398.0057179,2.682128226,-0.0005593607306,-0.0005707762557
1883-01,5.81,0.3208,9.990330579,3.63,397.7830891,2.680627949,-0.01776104418,-0.01777395295
1883-02,5.68,0.3217,10.08541488,3.629166667,387.0343947,2.633017197,0.01705545775,0.01704372066
1883-03,5.75,0.3225,9.990330579,3.628333333,397.3819212,2.677924511,0.02555507246,0.02554347826
1883-04,5.87,0.3233,9.895165289,3.6275,411.4564723,2.746359066,-0.01243327655,-0.01244605338
1883-05,5.77,0.3242,9.8,3.626666667,410.2865908,2.712212824,0.01335932987,0.01334777585
1883-06,5.82,0.325,9.514585124,3.625833333,428.2397861,2.74844617,-0.01079896907,-0.01081042383
1883-07,5.73,0.3258,9.324254545,3.625,432.2622491,2.718765784,-0.04062390925,-0.04063699825
1883-08,5.47,0.3267,9.324254545,3.624166667,414.7020667,2.60831889,0.01595825716,0.01594606947
1883-09,5.53,0.3275,9.229089256,3.623333333,425.6644088,2.649943114,-0.02217751658,-0.02218957203
1883-10,5.38,0.3283,9.229089256,3.6225,416.2242293,2.591173956,0.01996902107,0.01995508055
1883-11,5.46,0.3292,9.134004959,3.621666667,428.9552053,2.642917163,-0.01694139194,-0.01695360195
1883-12,5.34,0.33,9.229089256,3.620833333,417.343592,2.598142468,-0.02483926342,-0.02481273408
1884-01,5.18,0.3283,9.229089256,3.62,406.9770846,2.533606523,0.03228281853,0.03230855856
1884-02,5.32,0.3267,9.229089256,3.611666667,420.1154519,2.615398482,0.001331453634,0.001358082707
1884-03,5.3,0.325,9.229089256,3.603333333,420.6748162,2.618880764,-0.04019968553,-0.04017295597
1884-04,5.06,0.3233,9.038839669,3.595,412.2622458,2.513602581,-0.07572957839,-0.07570322793
1884-05,4.65,0.3217,8.848509091,3.586666667,389.2379721,2.323248517,-0.03512544803,-0.03509498208
1884-06,4.46,0.32,8.848509091,3.578333333,375.5658139,2.241643372,0.005947309417,0.005979073244
1884-07,4.46,0.3183,8.753424793,3.57,381.9032758,2.254975119,0.06869768311,0.06872757848
1884-08,4.74,0.3167,8.753424793,3.561666667,408.139146,2.409886685,-0.02610759494,-0.02607770745
1884-09,4.59,0.315,8.658259504,3.553333333,401.8524652,2.34697034,-0.02699164851,-0.02696078431
1884-10,4.44,0.3133,8.563094215,3.545,395.3512177,2.283621741,-0.01442004505,-0.01439001502
1884-11,4.35,0.3117,8.372844628,3.536666667,398.5039522,2.250691813,0.003639846743,0.003672413793
1884-12,4.34,0.31,8.277679339,3.528333333,404.5525677,2.258883986,-0.01720046083,-0.0170890937
1885-01,4.24,0.3042,8.277679339,3.52,397.5940771,2.220030141,0.03652319182,0.03663915094
1885-02,4.37,0.2983,8.372844628,3.5075,407.4314,2.301112727,0.007866132723,0.007976735317
1885-03,4.38,0.2925,8.18251405,3.495,420.1879761,2.319213585,0.003171613394,0.00328196347
1885-04,4.37,0.2867,8.277679339,3.4825,416.6745895,2.326569234,-0.006086956522,-0.005974446987
1885-05,4.32,0.2808,8.087381157,3.47,423.8830915,2.312407509,0.000675154321,0.000787037037
1885-06,4.3,0.275,7.897091074,3.4575,434.3901563,2.31396874,0.04242635659,0.04253875969
1885-07,4.46,0.2692,7.992232066,3.445,447.4292989,2.412142003,0.06097346786,0.06108370703
1885-08,4.71,0.2633,7.992232066,3.4325,474.7106149,2.559218666,-0.008182944091,-0.008080325548
1885-09,4.65,0.2575,7.897091074,3.42,476.4984086,2.538276723,0.06257526882,0.06267921147
1885-10,4.92,0.2517,7.897091074,3.4075,506.3154247,2.697110071,0.06920392954,0.06930386179
1885-11,5.24,0.2458,7.992232066,3.395,534.9100594,2.883760687,-0.003816793893,-0.003724554707
1885-12,5.2,0.24,8.18251405,3.3825,520.4767179,2.872753966,0.003818910256,0.003846153846
1886-01,5.2,0.2383,7.992232066,3.37,534.9033946,2.883724756,0.02302403846,0.02304967949
1886-02,5.3,0.2367,7.992232066,3.3825,547.2190309,2.950119746,-0.01705974843,-0.01703301887
1886-03,5.19,0.235,7.897091074,3.395,544.3638184,2.899791445,-0.009741490045,-0.009714193963
1886-04,5.12,0.2333,7.801941983,3.4075,545.635056,2.871543156,-0.01576009115,-0.01573404948
1886-05,5.02,0.2317,7.611651901,3.42,550.4616069,2.826287374,0.04963479416,0.04966301461
1886-06,5.25,0.23,7.51650281,3.4325,585.0976406,2.966569566,0.01886190476,0.01888888889
1886-07,5.33,0.2283,7.611651901,3.445,588.6817558,3.022524718,0.01104909318,0.01107410882
1886-08,5.37,0.2267,7.706792893,3.4575,587.8385333,3.055920876,0.02956238361,0.02958876474
1886-09,5.51,0.225,7.706792893,3.47,605.2164415,3.146261181,0.02878554144,0.02881125227
1886-10,5.65,0.2233,7.706792893,3.4825,622.6379245,3.236828012,0.02804867257,0.02807227139
1886-11,5.79,0.2217,7.706792893,3.495,640.1020918,3.327616741,-0.02274035694,-0.02271588946
1886-12,5.64,0.22,7.801941983,3.5075,617.9170556,3.251945549,-0.007350768322,-0.007387706856
1887-01,5.58,0.2225,7.992232066,3.52,598.7708152,3.228041251,-0.003808243728,-0.00384557945
1887-02,5.54,0.225,8.087381157,3.5325,589.4727611,3.215748083,0.0268877858,0.02685018051
1887-03,5.67,0.2275,8.087381157,3.545,605.3223784,3.302212429,0.02630805409,0.02627131099
1887-04,5.8,0.23,8.087381157,3.5575,621.2472323,3.389087212,0.02058189655,0.02054597701
1887-05,5.9,0.2325,8.087381157,3.57,634.0336785,3.458841054,-0.02549435028,-0.02552966102
1887-06,5.73,0.235,7.992232066,3.5825,625.2252583,3.370660149,-0.02097876672,-0.02101512507
1887-07,5.59,0.2375,7.897091074,3.595,619.4832453,3.299947856,-0.02146690519,-0.02150417412
1887-08,5.45,0.24,7.992232066,3.6075,598.9687218,3.229108188,-0.009136085627,-0.009174311927
1887-09,5.38,0.2425,7.897091074,3.62,600.6467005,3.199606779,-0.02966232962,-0.02970105328
1887-10,5.2,0.245,7.992232066,3.6325,575.8920037,3.104698988,0.02319711538,0.02315705128
1887-11,5.3,0.2475,8.087381157,3.645,582.3184219,3.176719049,-0.001729559748,-0.001768867925
1887-12,5.27,0.25,8.277679339,3.6575,567.9473193,3.171224723,0.01151644529,0.01154332701
1888-01,5.31,0.2483,8.372844628,3.67,567.958454,3.207745959,-0.001778091651,-0.001752981795
1888-02,5.28,0.2467,8.277679339,3.651666667,573.4665611,3.202042293,-0.03401199495,-0.03398516414
1888-03,5.08,0.245,8.277679339,3.633333333,553.9618193,3.093134447,0.007928149606,0.007956036745
1888-04,5.1,0.2433,8.18251405,3.615,564.847546,3.117657279,0.0176748366,0.01770098039
1888-05,5.17,0.2417,8.087381157,3.596666667,581.5929458,3.172761362,-0.02707930368,-0.027051902
1888-06,5.01,0.24,7.992232066,3.578333333,572.5802955,3.086845194,0.02991184298,0.02994011976
1888-07,5.14,0.2383,8.087381157,3.56,582.7692451,3.179178423,0.02523832685,0.02526426719
1888-08,5.25,0.2367,8.087381157,3.541666667,597.4773658,3.259415567,0.02849206349,0.02851904762
1888-09,5.38,0.235,8.087381157,3.523333333,614.5007289,3.352283042,-0.001962515489,-0.001936183395
1888-10,5.35,0.2333,8.18251405,3.505,606.1643731,3.345704135,-0.0169517134,-0.01692679128
1888-11,5.24,0.2317,8.277679339,3.486666667,589.0381439,3.288988717,-0.01542620865,-0.01539917303
1888-12,5.14,0.23,8.277679339,3.468333333,579.9515186,3.238252091,0.02317120623,0.02318417639
1889-01,5.24,0.2292,7.992232066,3.45,614.5829571,3.313286298,0.01508110687,0.01509541985
1889-02,5.3,0.2283,7.897091074,3.4475,631.3674621,3.363254323,-0.01717767296,-0.01716509434
1889-03,5.19,0.2275,7.801941983,3.445,628.0896552,3.30548144,0.001713230572,0.001726075787
1889-04,5.18,0.2267,7.801941983,3.4425,629.1657176,3.311144492,0.03065958816,0.03067406692
1889-05,5.32,0.2258,7.611651901,3.44,664.6669678,3.412662818,0.02044172932,0.02045426065
1889-06,5.41,0.225,7.611651901,3.4375,678.25391,3.482423548,-0.01687923598,-0.01686691312
1889-07,5.3,0.2242,7.611651901,3.435,666.8055022,3.423642899,0.01671855346,0.0167327044
1889-08,5.37,0.2233,7.611651901,3.4325,677.9535257,3.480881256,0.02766139044,0.02767380509
1889-09,5.5,0.2225,7.706792893,3.43,688.1057618,3.577167271,-0.01482272727,-0.01481060606
1889-10,5.4,0.2217,7.706792893,3.4275,677.9061578,3.524143896,-0.005851851852,-0.005837962963
1889-11,5.35,0.2208,7.706792893,3.425,673.9391514,3.503521128,-0.002180685358,-0.002168224299
1889-12,5.32,0.22,7.801941983,3.4225,664.2683567,3.495881051,0.01472431078,0.01472431078
1890-01,5.38,0.22,7.611651901,3.42,690.900374,3.54735549,-0.007744733581,-0.007744733581
1890-02,5.32,0.22,7.611651901,3.436666667,685.5495347,3.519882167,-0.004072681704,-0.004072681704
1890-03,5.28,0.22,7.611651901,3.453333333,682.7575096,3.505546807,0.02430555556,0.02430555556
1890-04,5.39,0.22,7.611651901,3.47,699.3523102,3.59075107,0.04607297464,0.04607297464
1890-05,5.62,0.22,7.706792893,3.486666667,722.5422158,3.756187653,-0.003855278766,-0.003855278766
1890-06,5.58,0.22,7.706792893,3.503333333,719.7566141,3.741706503,-0.003882915173,-0.003882915173
1890-07,5.54,0.22,7.706792893,3.52,716.9618603,3.727177774,-0.02015643803,-0.02015643803
1890-08,5.41,0.22,7.992232066,3.536666667,677.4206002,3.652051146,-0.01324707332,-0.01324707332
1890-09,5.32,0.22,8.087381157,3.553333333,660.5823968,3.603672157,-0.04166666667,-0.04166666667
1890-10,5.08,0.22,8.087381157,3.57,633.0581303,3.45351915,-0.06922572178,-0.06922572178
1890-11,4.71,0.22,7.897091074,3.586666667,603.4325447,3.214446794,-0.0194621373,-0.0194621373
1890-12,4.6,0.22,7.897091074,3.603333333,591.6884576,3.151886789,0.05615942029,0.05615942029
1891-01,4.84,0.22,7.801941983,3.62,632.5385585,3.328894924,0.016184573,0.016184573
1891-02,4.9,0.22,7.897091074,3.618333333,635.0313587,3.382771667,-0.01462585034,-0.01462585034
1891-03,4.81,0.22,7.992232066,3.616666667,618.2945202,3.333295755,0.03707553708,0.03707553708
1891-04,4.97,0.22,8.087381157,3.615,633.674107,3.456879485,-0.0003353454058,-0.0003353454058
1891-05,4.95,0.22,7.992232066,3.613333333,641.0030921,3.455720237,-0.0164983165,-0.0164983165
1891-06,4.85,0.22,7.801941983,3.611666667,645.8038079,3.39870667,-0.01271477663,-0.01271477663
1891-07,4.77,0.22,7.706792893,3.61,645.4643592,3.355492874,0.03738644305,0.03738644305
1891-08,4.93,0.22,7.706792893,3.608333333,669.5959757,3.480942818,0.08485463151,0.08485463151
1891-09,5.33,0.22,7.611651901,3.606666667,735.4940298,3.776316938,0.003439649781,0.003439649781
1891-10,5.33,0.22,7.611651901,3.605,738.0238716,3.789306145,-0.01156973108,-0.01156973108
1891-11,5.25,0.22,7.51650281,3.603333333,738.7194612,3.745464892,0.03396825397,0.03396825397
1891-12,5.41,0.22,7.51650281,3.601666667,763.8124715,3.872691795,0.02189926063,0.02187307455
1892-01,5.51,0.2217,7.326212727,3.6,800.8130273,3.957500882,0.005192075015,0.005167876588
1892-02,5.52,0.2233,7.326212727,3.6125,804.9709086,3.978048523,0.01426630435,0.0142406401
1892-03,5.58,0.225,7.135922645,3.625,838.2268624,4.034800574,0.00159348865,0.001568100358
1892-04,5.57,0.2267,7.040773554,3.6375,850.9084252,4.041229983,0.00341561939,0.003391681628
1892-05,5.57,0.2283,7.040773554,3.65,853.8148045,4.055033287,-0.001944943148,-0.00197037702
1892-06,5.54,0.23,7.040773554,3.6625,852.1541832,4.047146478,0.003485258724,0.003459687124
1892-07,5.54,0.2317,7.231071736,3.675,832.6200871,4.06125183,0.01794975933,0.01792569194
1892-08,5.62,0.2333,7.326212727,3.6875,836.5586097,4.134150323,-0.02142645314,-0.02145166074
1892-09,5.48,0.235,7.326212727,3.7,818.6341258,4.045570145,0.02367244526,0.02364659367
1892-10,5.59,0.2367,7.326212727,3.7125,838.0131974,4.141338683,-2.534287418e-05,-4.919499106e-05
1892-11,5.57,0.2383,7.51650281,3.725,816.7770991,4.141233729,-0.007181328546,-0.007206762418
1892-12,5.51,0.24,7.611651901,3.7375,800.7747932,4.111494169,0.02179068361,0.02177858439
1893-01,5.61,0.2408,7.897091074,3.75,788.6496315,4.201086438,-0.01423499703,-0.01424836601
1893-02,5.51,0.2417,7.992232066,3.745833333,768.1686183,4.141283985,-0.03263006655,-0.03264216576
1893-03,5.31,0.2425,7.801941983,3.741666667,761.2275812,4.006153613,0.00381826742,0.003805712492
1893-04,5.31,0.2433,7.706792893,3.7375,773.5682536,4.021450179,-0.08467984934,-0.08469397363
1893-05,4.84,0.2442,7.611651901,3.733333333,716.9129598,3.680914383,-0.0433023416,-0.0433161157
1893-06,4.61,0.245,7.421361818,3.729166667,703.4552182,3.521522171,-0.08883224873,-0.08884671005
1893-07,4.18,0.2458,7.231071736,3.725,657.8331145,3.208697438,-0.01900518341,-0.019023126
1893-08,4.08,0.2467,6.945632562,3.720833333,671.8515286,3.147715555,0.07613357843,0.07611723856
1893-09,4.37,0.2475,7.231071736,3.716666667,694.4622243,3.387362404,0.03448321892,0.03446796339
1893-10,4.5,0.2483,7.326212727,3.7125,709.0799774,3.504169563,0.02017037037,0.0201537037
1893-11,4.57,0.2492,7.135922645,3.708333333,742.6724596,3.574849961,-0.03045222465,-0.03046681255
1893-12,4.41,0.25,7.040773554,3.704166667,729.7872815,3.465987827,-0.01574640967,-0.0156840514
1894-01,4.32,0.2467,6.850483471,3.7,738.2482939,3.411410963,0.01858217593,0.01864776235
1894-02,4.38,0.2433,6.755342479,3.68,762.5571112,3.474802401,0.03424657534,0.03430936073
1894-03,4.51,0.24,6.565052397,3.66,811.5319858,3.593802483,0.01767738359,0.0177383592
1894-04,4.57,0.2367,6.565052397,3.64,825.877748,3.657331508,-0.03294493071,-0.03288293217
1894-05,4.4,0.2333,6.565052397,3.62,798.6692629,3.536840975,-0.00928030303,-0.00921780303
1894-06,4.34,0.23,6.565052397,3.6,791.2573701,3.504018019,-0.0163844086,-0.01632104455
1894-07,4.25,0.2267,6.565052397,3.58,778.293086,3.446606756,0.0420254902,0.04209215686
1894-08,4.41,0.2233,6.755342479,3.56,788.15628,3.591452095,0.02003023432,0.02009259259
1894-09,4.48,0.22,6.850483471,3.54,792.7778979,3.663389722,-0.02721912202,-0.0271577381
1894-10,4.34,0.2167,6.660193388,3.52,793.2333079,3.56367547,0.00409562212,0.004160906298
1894-11,4.34,0.2133,6.660193388,3.5,796.4820918,3.578270938,-0.005184331797,-0.005120967742
1894-12,4.3,0.21,6.565052397,3.48,803.8356725,3.559719994,-0.007591085271,-0.007558139535
1895-01,4.25,0.2083,6.565052397,3.46,797.7336873,3.532697856,-0.01006470588,-0.01003333333
1895-02,4.19,0.2067,6.565052397,3.471666667,789.7047324,3.497142291,0.00407716786,0.00411097852
1895-03,4.19,0.205,6.565052397,3.483333333,792.9244911,3.511400727,0.04700278441,0.04703659507
1895-04,4.37,0.2033,6.850483471,3.495,795.6034224,3.676446339,0.058766209,0.05879672006
1895-05,4.61,0.2017,6.945632562,3.506666667,830.8184513,3.892497153,0.02313810557,0.02316883586
1895-06,4.7,0.2,7.040773554,3.518333333,838.555517,3.982562163,0.007771276596,0.00780141844
1895-07,4.72,0.1983,6.945632562,3.53,856.647928,4.013511755,0.01830331921,0.0183315678
1895-08,4.79,0.1967,6.850483471,3.541666667,884.4435313,4.086972342,0.009655532359,0.009685107864
1895-09,4.82,0.195,6.850483471,3.553333333,892.9833044,4.126434235,-0.01118084371,-0.01115145228
1895-10,4.75,0.1933,6.850483471,3.565,882.9989976,4.080297219,-0.03032105263,-0.03029298246
1895-11,4.59,0.1917,6.850483471,3.576666667,856.2255386,3.956578312,-0.05537400145,-0.05534313725
1895-12,4.32,0.19,6.755342479,3.588333333,820.2040754,3.737486739,-0.007924382716,-0.007908950617
1896-01,4.27,0.1892,6.660193388,3.6,825.329238,3.707869464,0.04582943013,0.04584699454
1896-02,4.45,0.1883,6.565052397,3.583333333,875.6624618,3.877799008,-0.01221910112,-0.01220411985
1896-03,4.38,0.1875,6.565052397,3.566666667,864.9626537,3.83041579,0.01268455099,0.01269977169
1896-04,4.42,0.1867,6.469903306,3.55,888.8161712,3.879002895,-0.001021870287,-0.001004901961
1896-05,4.4,0.1858,6.374754215,3.533333333,901.1607616,3.875039057,-0.0146780303,-0.01466287879
1896-06,4.32,0.185,6.279613223,3.516666667,901.3863751,3.818161116,-0.06126157407,-0.06124614198
1896-07,4.04,0.1842,6.279613223,3.5,846.166027,3.584254556,-0.05314975248,-0.05313118812
1896-08,3.81,0.1833,6.279613223,3.483333333,801.1925121,3.393752314,0.05648512686,0.05650262467
1896-09,4.01,0.1825,6.279613223,3.466666667,846.4479728,3.585448844,0.026219867,0.0262364921
1896-10,4.1,0.1817,6.469903306,3.45,843.0935998,3.679458835,0.07196747967,0.07198577236
1896-11,4.38,0.1808,6.660193388,3.433333333,877.9471092,3.944260214,-0.03310502283,-0.03308980213
1896-12,4.22,0.18,6.660193388,3.416666667,848.8826501,3.81368539,0.00355450237,0.00355450237
1897-01,4.22,0.18,6.469903306,3.4,876.9557311,3.827241144,-0.005924170616,-0.005924170616
1897-02,4.18,0.18,6.469903306,3.395833333,871.7604958,3.804567914,0.005980861244,0.005980861244
1897-03,4.19,0.18,6.469903306,3.391666667,876.9743743,3.827322507,-0.02744630072,-0.02744630072
1897-04,4.06,0.18,6.374754215,3.3875,865.6350615,3.722276662,0.008620689655,0.008620689655
1897-05,4.08,0.18,6.279613223,3.383333333,886.3255333,3.754365254,0.05024509804,0.05024509804
1897-06,4.27,0.18,6.279613223,3.379166667,930.8590467,3.943003705,0.04800936768,0.04800936768
1897-07,4.46,0.18,6.279613223,3.375,975.5490009,4.132304819,0.06838565022,0.06838565022
1897-08,4.75,0.18,6.565052397,3.370833333,996.9464549,4.414895171,0.05157894737,0.05157894737
1897-09,4.98,0.18,6.755342479,3.366666667,1018.836608,4.642610817,-0.02911646586,-0.02911646586
1897-10,4.82,0.18,6.660193388,3.3625,1003.303227,4.507434398,-0.03215767635,-0.03215767635
1897-11,4.65,0.18,6.660193388,3.358333333,971.0393261,4.362485781,0.0247311828,0.0247311828
1897-12,4.75,0.18,6.660193388,3.354166667,995.0542772,4.470375214,0.03055614035,0.03052631579
1898-01,4.88,0.1817,6.660193388,3.35,1025.459295,4.606972627,0.001080942623,0.001053620219
1898-02,4.87,0.1833,6.755342479,3.329166667,1012.108537,4.6119525,-0.04200889802,-0.04203798768
1898-03,4.65,0.185,6.755342479,3.308333333,969.5909728,4.418209458,-0.01385842294,-0.01388888889
1898-04,4.57,0.1867,6.755342479,3.2875,956.153971,4.356980042,0.06907913931,0.06904996353
1898-05,4.87,0.1883,7.231071736,3.266666667,954.9538632,4.657956474,0.04226557153,0.04223648186
1898-06,5.06,0.19,6.755342479,3.245833333,1065.408312,4.854827666,0.007109683794,0.00708168643
1898-07,5.08,0.1917,6.660193388,3.225,1088.311916,4.889343956,0.04057250656,0.04054625984
1898-08,5.27,0.1933,6.660193388,3.204166667,1132.467459,5.087716895,0.001185958254,0.001159076534
1898-09,5.26,0.195,6.660193388,3.183333333,1133.810518,5.093750715,-0.01779626109,-0.01782319392
1898-10,5.15,0.1967,6.660193388,3.1625,1113.63293,5.003100998,0.0362184466,0.03619255663
1898-11,5.32,0.1983,6.660193388,3.141666667,1153.966985,5.184305544,0.06516290727,0.0651362782
1898-12,5.65,0.2,6.755342479,3.120833333,1211.850053,5.522129965,0.07906784661,0.0790560472
1899-01,6.08,0.2008,6.755342479,3.1,1307.668427,5.95875289,0.04059347588,0.04058114035
1899-02,6.31,0.2017,6.945632562,3.104166667,1323.470617,6.200639382,0.01693740095,0.01692683571
1899-03,6.4,0.2025,6.945632562,3.108333333,1345.88677,6.305662098,0.01514713542,0.01513671875
1899-04,6.48,0.2033,7.040773554,3.1125,1347.810841,6.401174815,-0.03904063786,-0.03905221193
1899-05,6.21,0.2042,7.040773554,3.116666667,1295.191446,6.151268867,-0.01979334407,-0.01980407944
1899-06,6.07,0.205,7.135922645,3.120833333,1252.627257,6.029514686,0.03742174629,0.03741076332
1899-07,6.28,0.2058,7.231071736,3.125,1282.403423,6.255149655,0.0282205414,0.02820859873
1899-08,6.44,0.2067,7.326212727,3.129166667,1301.469784,6.431673365,-0.00818452381,-0.008194875776
1899-09,6.37,0.2075,7.611651901,3.133333333,1242.411826,6.379033181,-0.001984563056,-0.001995028781
1899-10,6.34,0.2083,7.706792893,3.1375,1224.638943,6.366373588,0.02167718191,0.02166535226
1899-11,6.46,0.2092,7.801941983,3.141666667,1235.926749,6.504378626,-0.06540247678,-0.0654127967
1899-12,6.02,0.21,7.897091074,3.145833333,1141.176782,6.078976154,0.01629983389,0.01619601329
1900-01,6.1,0.2175,7.897091074,3.15,1159.777774,6.178062455,0.02110655738,0.02100409836
1900-02,6.21,0.225,7.992232066,3.145833333,1170.159082,6.308460085,0.01117149758,0.01107085346
1900-03,6.26,0.2325,7.992232066,3.141666667,1183.231512,6.378935032,0.01597444089,0.01587460064
1900-04,6.34,0.24,7.992232066,3.1375,1202.132973,6.480834952,-0.04406545741,-0.04416403785
1900-05,6.04,0.2475,7.801941983,3.133333333,1177.188563,6.195253996,-0.02628311258,-0.0263865894
1900-06,5.86,0.255,7.706792893,3.129166667,1160.400118,6.032423437,0.003732935154,0.003626279863
1900-07,5.86,0.2625,7.801941983,3.125,1150.527254,6.054942083,0.01749146758,0.01738481229
1900-08,5.94,0.27,7.706792893,3.120833333,1185.104686,6.160851906,-0.01967592593,-0.01978114478
1900-09,5.8,0.2775,7.801941983,3.116666667,1147.618009,6.03963144,0.04030172414,0.04019396552
1900-10,6.01,0.285,7.706792893,3.1125,1208.608659,6.283039001,0.08225873544,0.0821547421
1900-11,6.48,0.2925,7.706792893,3.108333333,1308.027279,6.799873843,0.06404320988,0.06394675926
1900-12,6.87,0.3,7.611651901,3.104166667,1409.194162,7.235359591,0.03277171276,0.0327510917
1901-01,7.07,0.3017,7.706792893,3.1,1437.409134,7.472474717,0.02903465347,0.02901579444
1901-02,7.25,0.3033,7.611651901,3.106666667,1497.632202,7.689435431,0.03936781609,0.03934827586
1901-03,7.51,0.305,7.611651901,3.113333333,1556.590711,7.992151711,0.08729138926,0.08727252552
1901-04,8.14,0.3067,7.51650281,3.12,1713.892104,8.689797737,-0.04721232596,-0.04722870598
1901-05,7.73,0.3083,7.51650281,3.126666667,1632.975271,8.279532174,0.1029538594,0.1029355326
1901-06,8.5,0.31,7.51650281,3.133333333,1801.096377,9.131941966,-0.06400294118,-0.06401960784
1901-07,7.93,0.3117,7.611651901,3.14,1664.747388,8.547470821,0.01716372425,0.01714691047
1901-08,8.04,0.3133,7.706792893,3.146666667,1672.41647,8.694177253,-0.001710199005,-0.001727819237
1901-09,8,0.315,7.801941983,3.153333333,1649.195123,8.67930848,-0.007951041667,-0.00796875
1901-10,7.91,0.3167,7.801941983,3.16,1636.082304,8.610298937,0.02484513274,0.02482827644
1901-11,8.08,0.3183,7.897091074,3.166666667,1656.528683,8.824222957,-0.01278877888,-0.01280631188
1901-12,7.95,0.32,7.992232066,3.173333333,1615.876273,8.711371921,0.02474633124,0.02473794549
1902-01,8.12,0.3208,7.897091074,3.18,1675.812461,8.926946416,0.01192220854,0.01191297209
1902-02,8.19,0.3217,7.897091074,3.19,1695.791846,9.033375332,0.004502442002,0.004494301994
1902-03,8.2,0.3225,7.897091074,3.2,1703.427051,9.074047581,0.03743191057,0.03742378049
1902-04,8.48,0.3233,7.992232066,3.21,1746.152632,9.413706518,0.0008274371069,0.0008185927673
1902-05,8.46,0.3242,8.087381157,3.22,1727.036752,9.421495769,-0.002708825847,-0.002716706068
1902-06,8.41,0.325,8.18251405,3.23,1702.333742,9.395974577,0.02582045184,0.02581252477
1902-07,8.6,0.3258,8.18251405,3.24,1746.288768,9.638582886,0.02990988372,0.02990116279
1902-08,8.83,0.3267,8.087381157,3.25,1819.676282,9.92687178,0.005355794639,0.005348244621
1902-09,8.85,0.3275,8.18251405,3.26,1808.152566,9.980038066,-0.02854708098,-0.02855461394
1902-10,8.57,0.3283,8.753424793,3.27,1641.971386,9.695137112,-0.03530532867,-0.03531408012
1902-11,8.24,0.3292,8.467928926,3.28,1637.405575,9.352847109,-0.01972087379,-0.0197289644
1902-12,8.05,0.33,8.563094215,3.29,1587.27619,9.168400792,0.05436542443,0.05434782609
1903-01,8.46,0.3317,8.658259504,3.3,1655.17448,9.666844792,-0.002627068558,-0.002642828999
1903-02,8.41,0.3333,8.658259504,3.308333333,1650.826223,9.641449328,-0.03591954023,-0.03593638526
1903-03,8.08,0.335,8.372844628,3.316666667,1645.781611,9.295132901,-0.03736901815,-0.03738655116
1903-04,7.75,0.3367,8.372844628,3.325,1584.280368,8.947782911,-0.0157172043,-0.0157344086
1903-05,7.6,0.3383,8.18251405,3.333333333,1595.652097,8.807148779,-0.05153508772,-0.05155372807
1903-06,7.18,0.34,8.18251405,3.341666667,1513.420026,8.353271594,-0.04199512535,-0.04201485608
1903-07,6.85,0.3417,8.18251405,3.35,1449.863762,8.002474907,-0.02794038929,-0.02795985401
1903-08,6.63,0.3433,8.18251405,3.358333333,1409.354004,7.778882642,-0.01979638009,-0.01981774761
1903-09,6.47,0.345,8.277679339,3.366666667,1365.571854,7.624888925,-0.02799201443,-0.02801391036
1903-10,6.26,0.3467,8.18251405,3.375,1342.784219,7.411452924,0.007831469649,0.007810170394
1903-11,6.28,0.3483,8.087381157,3.383333333,1369.219236,7.469495493,0.05082271762,0.05080015924
1903-12,6.57,0.35,8.087381157,3.391666667,1438.806678,7.849115553,0.02114028412,0.02118214105
1904-01,6.68,0.3467,8.277679339,3.4,1435.447018,8.015048086,-0.02266342315,-0.02262100798
1904-02,6.5,0.3433,8.467928926,3.406666667,1371.395483,7.83339966,0.001282051282,0.001324358974
1904-03,6.48,0.34,8.372844628,3.413333333,1388.747588,7.84344248,0.02902134774,0.02906378601
1904-04,6.64,0.3367,8.277679339,3.42,1445.480163,8.071069751,-0.01690135542,-0.01685868474
1904-05,6.5,0.3333,8.087381157,3.426666667,1454.487255,7.934657733,0.005769230769,0.005811538462
1904-06,6.51,0.33,8.087381157,3.433333333,1462.878528,7.980434604,0.04565668203,0.04569892473
1904-07,6.78,0.3267,8.087381157,3.44,1529.668707,8.344794769,0.03789700098,0.03793879056
1904-08,7.01,0.3233,8.18251405,3.446666667,1569.180099,8.661037465,0.04802662863,0.0480658583
1904-09,7.32,0.32,8.277679339,3.453333333,1625.635857,9.076997895,0.06234858834,0.06238615665
1904-10,7.75,0.3167,8.277679339,3.46,1726.991958,9.6429359,0.05756236559,0.05759892473
1904-11,8.17,0.3133,8.467928926,3.466666667,1785.367798,10.1980061,0.01295389637,0.0129875561
1904-12,8.25,0.31,8.467928926,3.473333333,1808.495267,10.33011002,0.02496666667,0.02494949495
1905-01,8.43,0.3117,8.467928926,3.48,1853.647366,10.58801843,0.0469879399,0.04697212337
1905-02,8.8,0.3133,8.467928926,3.475833333,1940.746437,11.0855276,0.03139204545,0.03137594697
1905-03,9.05,0.315,8.372844628,3.471666667,2024.401951,11.43352499,-0.009238489871,-0.009254143646
1905-04,8.94,0.3167,8.372844628,3.4675,2005.699534,11.32789648,-0.04625,-0.04626491424
1905-05,8.5,0.3183,8.277679339,3.463333333,1934.928217,10.80398127,0.01490196078,0.01488529412
1905-06,8.6,0.32,8.277679339,3.459166667,1963.762442,10.96498178,0.0345125969,0.03449612403
1905-07,8.87,0.3217,8.277679339,3.455,2031.536983,11.34341177,0.04024145058,0.04022641864
1905-08,9.2,0.3233,8.372844628,3.450833333,2089.269453,11.79988712,0.006204710145,0.006189311594
1905-09,9.23,0.325,8.277679339,3.446666667,2126.401324,11.873102,0.01703412784,0.01701877934
1905-10,9.36,0.3267,8.277679339,3.4425,2162.622716,12.07534993,-0.002418981481,-0.002433226496
1905-11,9.31,0.3283,8.372844628,3.438333333,2132.870581,12.04613989,0.02765843179,0.02764321518
1905-12,9.54,0.33,8.467928926,3.434166667,2167.25055,12.37931722,0.03752445842,0.03747379455
1906-01,9.87,0.3358,8.467928926,3.43,2248.575453,12.8438444,-0.004207193516,-0.004257007768
1906-02,9.8,0.3417,8.467928926,3.45,2239.115261,12.78980786,-0.02153486395,-0.02158418367
1906-03,9.56,0.3475,8.467928926,3.47,2190.896219,12.51438109,-0.01051865411,-0.01056921199
1906-04,9.43,0.3533,8.467928926,3.49,2167.850939,12.38274664,-0.02333686815,-0.02338900672
1906-05,9.18,0.3592,8.563094215,3.51,2093.730081,12.09377212,0.01638525781,0.01633260712
1906-06,9.3,0.365,8.563094215,3.53,2128.036388,12.29193169,-0.02248387097,-0.02253584229
1906-07,9.06,0.3708,8.277679339,3.55,2151.914963,12.01556148,0.07741629875,0.07736203091
1906-08,9.73,0.3767,8.467928926,3.57,2266.418158,12.94576178,0.03410842754,0.034058753
1906-09,10.03,0.3825,8.563094215,3.59,2317.675342,13.38732136,-0.02668411432,-0.02673230309
1906-10,9.73,0.3883,8.753424793,3.61,2206.780459,13.03009255,0.0239311408,0.0238806098
1906-11,9.93,0.3942,8.848509091,3.63,2235.31012,13.34191753,-0.005706612957,-0.005755287009
1906-12,9.84,0.4,8.94367438,3.65,2198.904953,13.26578037,-0.02503980352,-0.02506775068
1907-01,9.56,0.4033,8.848509091,3.67,2166.901753,12.93360783,-0.02783559972,-0.0278652371
1907-02,9.26,0.4067,9.038839669,3.686666667,2062.226451,12.5735931,-0.09458243341,-0.09461213103
1907-03,8.35,0.41,8.94367438,3.703333333,1887.043767,11.38435207,0.008915169661,0.008882235529
1907-04,8.39,0.4133,8.94367438,3.72,1903.867082,11.4858455,-0.0304261025,-0.03045987286
1907-05,8.1,0.4167,9.134004959,3.736666667,1807.474905,11.13637599,-0.02777777778,-0.0278117284
1907-06,7.84,0.42,9.229089256,3.753333333,1739.162717,10.82703221,0.04276466837,0.04272959184
1907-07,8.14,0.4233,9.229089256,3.77,1813.537433,11.29004665,-0.07057022932,-0.07060503686
1907-08,7.53,0.4267,9.229089256,3.786666667,1685.555681,10.49330547,-0.00586542718,-0.005901947764
1907-09,7.45,0.43,9.229089256,3.803333333,1675.669177,10.43175775,-0.1038780761,-0.1039149888
1907-10,6.64,0.4333,9.324254545,3.82,1486.278204,9.348126826,-0.05325426707,-0.05329693775
1907-11,6.25,0.4367,8.94367438,3.836666667,1467.005044,8.850299183,0.05706666667,0.05702266667
1907-12,6.57,0.44,8.753424793,3.853333333,1584.425997,9.355356257,0.04815702689,0.04819888382
1908-01,6.85,0.4367,8.658259504,3.87,1678.980748,9.8058824,-0.03122506083,-0.0311836983
1908-02,6.6,0.4333,8.563094215,3.860833333,1644.63106,9.499693125,0.04633838384,0.04638005051
1908-03,6.87,0.43,8.563094215,3.851666667,1720.840605,9.939893552,0.05903323629,0.05907326541
1908-04,7.24,0.4267,8.658259504,3.8425,1802.396599,10.52667764,0.05873964088,0.05877877532
1908-05,7.63,0.4233,8.658259504,3.833333333,1908.268728,11.1450109,0.005897771953,0.005933813893
1908-06,7.64,0.42,8.658259504,3.824166667,1919.523262,11.21074163,0.04119437173,0.04123036649
1908-07,7.92,0.4167,8.753424793,3.815,1976.868516,11.67256109,0.04727798822,0.04731376263
1908-08,8.26,0.4133,8.753424793,3.805833333,2070.330883,12.2244163,-0.006759483454,-0.006726190476
1908-09,8.17,0.41,8.753424793,3.796666667,2056.336515,12.14178556,0.01638820889,0.01642186863
1908-10,8.27,0.4067,8.848509091,3.7875,2067.577079,12.34076768,0.07177851673,0.07181277711
1908-11,8.83,0.4033,8.94367438,3.778333333,2192.40548,13.22656967,0.02642506606,0.02645620989
1908-12,9.03,0.4,9.038839669,3.769166667,2226.647269,13.57608265,0.007044112219,0.007013658176
1909-01,9.06,0.4033,8.94367438,3.76,2266.191587,13.6717141,-0.02495676968,-0.02498804268
1909-02,8.8,0.4067,9.038839669,3.7725,2186.370659,13.33051228,0.01751893939,0.01748768939
1909-03,8.92,0.41,9.038839669,3.785,2224.673554,13.56404872,0.04870422272,0.04867339312
1909-04,9.32,0.4133,9.229089256,3.7975,2284.931293,14.22467517,0.03698766094,0.03695726037
1909-05,9.63,0.4167,9.324254545,3.81,2345.262501,14.75081263,0.02128764278,0.02125908619
1909-06,9.8,0.42,9.419419835,3.8225,2370.988804,15.06482266,0.01788520408,0.01785714286
1909-07,9.94,0.4233,9.419419835,3.835,2413.394423,15.33426009,0.02772216633,0.02769366197
1909-08,10.18,0.4267,9.514585124,3.8475,2455.490888,15.759359,0.004502292076,0.004475278324
1909-09,10.19,0.43,9.609669421,3.86,2442.140618,15.83031223,0.007468923781,0.007441936539
1909-10,10.23,0.4333,9.8,3.8725,2412.596526,15.94854763,-0.001330237862,-0.001357934181
1909-11,10.18,0.4367,9.895165289,3.885,2386.215273,15.92733227,0.01538965291,0.01536263916
1909-12,10.3,0.44,9.990330579,3.8975,2399.858018,16.17244838,-0.01777912621,-0.01779935275
1910-01,10.08,0.4425,9.895165289,3.91,2379.860572,15.88491638,-0.0320353836,-0.03205605159
1910-02,9.72,0.445,9.895165289,3.915833333,2303.620826,15.37603699,0.02852794925,0.02850651578
1910-03,9.96,0.4475,10.08541488,3.921666667,2324.643598,15.81468379,-0.0203313253,-0.0203522423
1910-04,9.72,0.45,10.18058017,3.9275,2256.09218,15.49315031,-0.01258144719,-0.01260288066
1910-05,9.56,0.4525,9.990330579,3.933333333,2270.130336,15.29822406,-0.04415097629,-0.04417276848
1910-06,9.1,0.455,9.895165289,3.939166667,2190.770576,14.62279253,-0.04635989011,-0.04638278388
1910-07,8.64,0.4575,9.895165289,3.945,2089.206693,13.94488148,0.02874228395,0.0287181713
1910-08,8.85,0.46,9.8,3.950833333,2170.126132,14.34568922,0.0111346516,0.01111111111
1910-09,8.91,0.4625,9.704834711,3.956666667,2215.806863,14.50542347,0.0503647587,0.05034137673
1910-10,9.32,0.465,9.419419835,3.9625,2397.927421,15.23598563,0.00310711731,0.003084763948
1910-11,9.31,0.4675,9.229089256,3.968333333,2454.983932,15.28332562,-0.02372001432,-0.02374239169
1910-12,9.05,0.47,9.229089256,3.974166667,2396.751678,14.92080492,0.02863720074,0.02863720074
1911-01,9.27,0.47,9.229089256,3.98,2465.387937,15.348095,0.02148507731,0.02148507731
1911-02,9.43,0.47,8.94367438,3.9825,2598.724017,15.67785001,-0.007511488158,-0.007511488158
1911-03,9.32,0.47,9.038839669,3.985,2552.048625,15.56008603,-8.941344778e-05,-8.941344778e-05
1911-04,9.28,0.47,8.753424793,3.9875,2635.025301,15.55869475,0.02577227011,0.02577227011
1911-05,9.48,0.47,8.753424793,3.99,2702.935884,15.95967763,0.02417369902,0.02417369902
1911-06,9.67,0.47,8.753424793,3.9925,2768.275843,16.34548207,-8.617718028e-05,-8.617718028e-05
1911-07,9.63,0.47,8.848509091,3.995,2738.292509,16.34407347,-0.0437002423,-0.0437002423
1911-08,9.17,0.47,9.134004959,3.9975,2536.779634,15.6298335,-0.05025445293,-0.05025445293
1911-09,8.67,0.47,9.229089256,4,2384.472979,14.84436476,0.01028450596,0.01028450596
1911-10,8.72,0.47,9.229089256,4.0025,2408.996106,14.99703172,0.04462920489,0.04462920489
1911-11,9.07,0.47,9.134004959,4.005,2542.70434,15.66633732,0.008728408673,0.008728408673
1911-12,9.11,0.47,9.038839669,4.0075,2591.902595,15.80307952,0.0054043176,0.005396999634
1912-01,9.12,0.4708,9.134004959,4.01,2578.759627,15.88848438,-0.004461805556,-0.00447002924
1912-02,9.04,0.4717,9.229089256,4.046666667,2540.804125,15.81759305,0.03311670354,0.03310932891
1912-03,9.3,0.4725,9.419419835,4.083333333,2571.907003,16.34141959,0.03542383513,0.03541666667
1912-04,9.59,0.4733,9.704834711,4.12,2584.69576,16.92029534,0.003077858881,0.003070038234
1912-05,9.58,0.4742,9.704834711,4.156666667,2592.651088,16.97237362,0.004131871955,0.004124913013
1912-06,9.58,0.475,9.609669421,4.193333333,2629.144899,17.0425013,0.005182672234,0.005175713292
1912-07,9.59,0.4758,9.609669421,4.23,2642.770895,17.130827,0.02708289885,0.02707507821
1912-08,9.81,0.4767,9.704834711,4.266666667,2687.728017,17.59477945,0.009153075093,0.009146279307
1912-09,9.86,0.4775,9.8,4.303333333,2685.990261,17.75582579,0.00201402975,0.002007268425
1912-10,9.84,0.4783,9.8,4.34,2691.399925,17.79158655,-0.007120596206,-0.007128218157
1912-11,9.73,0.4792,9.8,4.376666667,2672.235553,17.66489985,-0.0318602261,-0.03186707777
1912-12,9.38,0.48,9.704834711,4.413333333,2612.466517,17.10209214,-0.004264392324,-0.004264392324
1913-01,9.3,0.48,9.8,4.45,2576.065125,17.02916211,-0.0311827957,-0.0311827957
1913-02,8.97,0.48,9.8,4.425833333,2495.736213,16.49814523,-0.01449275362,-0.01449275362
1913-03,8.8,0.48,9.8,4.401666667,2459.566123,16.25904168,0.003409090909,0.003409090909
1913-04,8.79,0.48,9.8,4.3775,2467.951007,16.31447023,-0.02275312856,-0.02275312856
1913-05,8.55,0.48,9.7,4.353333333,2436.661292,15.94326499,-0.04561403509,-0.04561403509
1913-06,8.12,0.48,9.8,4.329166667,2301.78559,15.21602834,0.0184729064,0.0184729064
1913-07,8.23,0.48,9.9,4.305,2320.626398,15.49711261,0.03159173755,0.03159173755
1913-08,8.45,0.48,9.9,4.280833333,2393.939018,15.98669332,0.01420118343,0.01420118343
1913-09,8.53,0.48,10,4.256666667,2403.656428,16.21372329,-0.02696365768,-0.02696365768
1913-10,8.26,0.48,10,4.2325,2338.845058,15.776542,-0.0205811138,-0.0205811138
1913-11,8.05,0.48,10.1,4.208333333,2268.028735,15.4518432,0.003726708075,0.003726708075
1913-12,8.04,0.48,10,4.184166667,2299.245826,15.5094277,0.04596807629,0.0460199005
1914-01,8.37,0.475,10,4.16,2404.937733,16.22236626,0.01782158503,0.01787136599
1914-02,8.48,0.47,9.9,4.166666667,2472.522763,16.51147454,-0.01429834906,-0.01424921384
1914-03,8.32,0.465,9.9,4.173333333,2437.16977,16.27538771,-0.01943108974,-0.01938100962
1914-04,8.12,0.46,9.8,4.18,2414.198751,15.95913919,0.0108271757,0.01087848933
1914-05,8.17,0.455,9.9,4.186666667,2415.68783,16.1319316,-0.000305997552,-0.00025499796
1914-06,8.13,0.45,9.9,4.193333333,2414.948635,16.12699527,-0.05078925789,-0.05073800738
1914-07,7.68,0.445,10,4.2,2269.372234,15.30791715,0.004774305556,0.004828559028
1914-08,7.68,0.44,10.2,4.206666667,2235.496971,15.38100182,0.004720052083,0.004774305556
1914-09,7.68,0.435,10.2,4.213333333,2246.048633,15.45360095,0.004665798611,0.004720052083
1914-10,7.68,0.43,10.1,4.22,2278.870108,15.52570434,0.004611545139,0.004665798611
1914-11,7.68,0.425,10.2,4.226666667,2266.934326,15.59730183,-0.03841145833,-0.03835720486
1914-12,7.35,0.42,10.1,4.233333333,2201.440826,14.99818672,0.02245804989,0.02244897959
1915-01,7.48,0.4208,10.1,4.24,2250.880893,15.33501674,-0.008670900178,-0.008680926916
1915-02,7.38,0.4217,10,4.224166667,2253.677367,15.20204834,0.03051603433,0.0305070009
1915-03,7.57,0.4225,9.9,4.208333333,2345.909761,15.66595457,0.07995706737,0.07994826068
1915-04,8.14,0.4233,10,4.1925,2508.147007,16.91855836,-0.0189987715,-0.01900798526
1915-05,7.95,0.4242,10.1,4.176666667,2436.133956,16.59712653,0.01577568134,0.0157672956
1915-06,8.04,0.425,10.1,4.160833333,2474.565629,16.85895751,0.0006820066335,0.0006737147595
1915-07,8.01,0.4258,10.1,4.145,2476.253299,16.87045543,0.04688618394,0.04687682064
1915-08,8.35,0.4267,10.1,4.129166667,2592.355367,17.66144671,0.04139221557,0.04138423154
1915-09,8.66,0.4275,10.1,4.113333333,2699.658699,18.39249312,0.0595486913,0.05954099307
1915-10,9.14,0.4283,10.2,4.0975,2832.376509,19.48774201,0.03892414296,0.03891593727
1915-11,9.46,0.4292,10.3,4.081666667,2914.055169,20.24628567,0.005902043693,0.005894996476
1915-12,9.48,0.43,10.3,4.065833333,2931.25405,20.36578013,-0.01194796062,-0.01204289733
1916-01,9.33,0.4408,10.4,4.05,2868.383162,20.12245059,-0.009899071097,-0.009996427295
1916-02,9.2,0.4517,10.4,4.065,2839.988833,19.92325702,0.000928442029,0.000830615942
1916-03,9.17,0.4625,10.5,4.08,2815.552973,19.94175461,-0.006603962196,-0.006702108324
1916-04,9.07,0.4733,10.6,4.095,2770.572761,19.81006002,0.02649944873,0.02639930173
1916-05,9.27,0.4842,10.7,4.11,2817.412053,20.33501569,0.01415857605,0.01406148867
1916-06,9.36,0.495,10.8,4.125,2830.84609,20.62293056,-0.009385683761,-0.009481837607
1916-07,9.23,0.5058,10.8,4.14,2804.276664,20.42937025,0.01224900686,0.01215059588
1916-08,9.3,0.5167,10.9,4.155,2812.583825,20.67960975,0.04558691756,0.04549014337
1916-09,9.68,0.5275,11.1,4.17,2887.813449,21.62232941,0.03562586088,0.03553288567
1916-10,9.98,0.5383,11.3,4.185,2937.761647,22.39264351,0.02763193053,0.02754091516
1916-11,10.21,0.5492,11.5,4.2,2966.434409,23.01139548,-0.03558602677,-0.03567417564
1916-12,9.8,0.56,11.6,4.215,2836.208116,22.19251135,-0.01861564626,-0.01870748299
1917-01,9.57,0.5708,11.7,4.23,2759.620437,21.77938341,-0.05136102403,-0.0514559387
1917-02,9.03,0.5817,12,4.258333333,2552.436418,20.66077197,0.03647563677,0.03637596899
1917-03,9.31,0.5925,12,4.286666667,2645.538162,21.41438678,-0.009637486574,-0.009734156821
1917-04,9.17,0.6033,12.6,4.315,2495.277927,21.20800592,-0.02822428208,-0.02832333697
1917-05,8.86,0.6142,12.8,4.343333333,2386.96221,20.60942518,0.02619450715,0.02609292701
1917-06,9.04,0.625,13,4.371666667,2411.803085,21.14927891,-0.02179387906,-0.02189343658
1917-07,8.79,0.6358,12.8,4.4,2396.103674,20.68835409,-0.02344804702,-0.02355138415
1917-08,8.53,0.6467,13,4.428333333,2303.920957,20.20325259,-0.04164224306,-0.04174775303
1917-09,8.12,0.6575,13.3,4.456666667,2158.176449,19.36194383,-0.04732861248,-0.04743944992
1917-10,7.68,0.6683,13.5,4.485,2025.573205,18.4455699,-0.07596354167,-0.07608181424
1917-11,7.04,0.6792,13.5,4.513333333,1871.70349,17.04437908,-0.02592329545,-0.02605113636
1917-12,6.8,0.69,13.7,4.541666667,1796.566961,16.6025326,0.06862745098,0.06875
1918-01,7.21,0.68,14,4.57,1878.720898,17.7419221,0.03825705039,0.03837263061
1918-02,7.43,0.67,14.1,4.564166667,1936.761209,18.4206757,-0.01278600269,-0.01267384477
1918-03,7.28,0.66,14,4.558333333,1925.654902,18.18514889,-0.002174908425,-0.00206043956
1918-04,7.21,0.65,14.2,4.5525,1894.403867,18.14559786,0.03929727231,0.03941285252
1918-05,7.44,0.64,14.5,4.546666667,1928.113969,18.85867036,0.008400537634,0.008512544803
1918-06,7.45,0.63,14.7,4.540833333,1917.85795,19.01709333,0.01498881432,0.01510067114
1918-07,7.51,0.62,15.1,4.535,1895.038688,19.30213701,0.01608965823,0.01620062139
1918-08,7.58,0.61,15.4,4.529166667,1888.018904,19.6127018,0.001319261214,0.001429199648
1918-09,7.54,0.6,15.7,4.523333333,1854.385305,19.63857608,0.04896109637,0.04907161804
1918-10,7.86,0.59,16,4.5175,1908.705954,20.60010229,0.03159457167,0.03170059372
1918-11,8.06,0.58,16.3,4.511666667,1932.77124,21.2509537,-0.01395781638,-0.01385442514
1918-12,7.9,0.57,16.5,4.505833333,1882.693441,20.95433679,-0.0003512658228,-0.0003164556962
1919-01,7.85,0.5667,16.5,4.5,1882.032116,20.94697625,0.0098014862,0.009837579618
1919-02,7.88,0.5633,16.2,4.539166667,1935.67288,21.15228775,0.03637901861,0.03641391709
1919-03,8.12,0.56,16.4,4.578333333,1981.626238,21.92178722,0.03896449097,0.03899835796
1919-04,8.39,0.5567,16.7,4.6175,2021.854159,22.7759585,0.07462554629,0.07465931665
1919-05,8.97,0.5533,16.9,4.656666667,2147.023276,24.47562684,0.03186547752,0.03189613527
1919-06,9.21,0.55,16.9,4.695833333,2215.439198,25.25555438,0.0375199059,0.03754976475
1919-07,9.51,0.5467,17.4,4.735,2232.511628,26.2031404,-0.06253680336,-0.06250701016
1919-08,8.87,0.5433,17.7,4.774166667,2057.424649,24.56447976,0.02085682074,0.02088782413
1919-09,9.01,0.54,17.8,4.813333333,2088.536346,25.07681671,0.05601831299,0.05604883463
1919-10,9.47,0.5367,18.1,4.8525,2168.976839,26.48157768,-0.02487416403,-0.02484424498
1919-11,9.19,0.5333,18.5,4.891666667,2069.295075,25.82287058,-0.02457381211,-0.02454388828
1919-12,8.92,0.53,18.9,4.930833333,1975.726203,25.18830421,-0.005154147982,-0.005138266069
1920-01,8.83,0.5283,19.3,4.97,1924.806374,25.05847996,-0.077701963,-0.07768686297
1920-02,8.1,0.5267,19.5,4.98,1757.037498,23.11138688,0.07577160494,0.07578909465
1920-03,8.67,0.525,19.7,4.99,1870.981496,24.86257375,-0.00304402153,-0.003027681661
1920-04,8.6,0.5233,20.3,5,1810.154576,24.78689154,-0.05773546512,-0.05771996124
1920-05,8.06,0.5217,20.6,5.01,1680.804977,23.35580883,-0.01199338296,-0.01197580645
1920-06,7.92,0.52,20.9,5.02,1636.809409,23.07569367,0.004190867003,0.004208754209
1920-07,7.91,0.5183,20.8,5.03,1651.571315,23.17240083,-0.0337473662,-0.0337305099
1920-08,7.6,0.5167,20.3,5.04,1635.141417,22.39039334,0.04117324561,0.04119188596
1920-09,7.87,0.515,20,5.05,1728.002479,23.3122785,0.006705844981,0.006723845828
1920-10,7.88,0.5133,19.9,5.06,1748.331855,23.46860703,-0.0453500423,-0.04533312183
1920-11,7.48,0.5117,19.8,5.07,1677.474451,22.40430471,-0.08389037433,-0.08387143494
1920-12,6.81,0.51,19.4,5.08,1568.436069,20.5247992,0.05024229075,0.05029368576
1921-01,7.11,0.5058,19,5.09,1681.916582,21.55601213,-0.001152133146,-0.001104078762
1921-02,7.06,0.5017,18.4,5.024166667,1734.760707,21.53117673,-0.01962346553,-0.01957389046
1921-03,6.88,0.4975,18.3,4.958333333,1710.012235,21.10866043,0.01033551357,0.01038638566
1921-04,6.91,0.4933,18.1,4.8925,1746.776544,21.32682927,0.03629040039,0.03633984563
1921-05,7.12,0.4892,17.7,4.826666667,1851.07551,22.10078844,-0.07437968165,-0.07433052434
1921-06,6.55,0.485,17.6,4.760833333,1723.128291,20.45693884,0.003063613232,0.003117048346
1921-07,6.53,0.4808,17.7,4.695,1718.642277,20.51961098,-0.006167687596,-0.006115364982
1921-08,6.45,0.4767,17.7,4.629166667,1708.042228,20.39305243,0.03091085271,0.03096511628
1921-09,6.61,0.4725,17.5,4.563333333,1780.963147,21.02341907,0.01951966717,0.01957261725
1921-10,6.7,0.4683,17.5,4.4975,1815.726955,21.43378922,0.05950497512,0.05955597015
1921-11,7.06,0.4642,17.4,4.431666667,1934.827902,22.70920631,0.04084041549,0.04088999056
1921-12,7.31,0.46,17.3,4.365833333,2025.487812,23.63665973,0.003923848609,0.003875968992
1922-01,7.3,0.4642,16.9,4.3,2081.56417,23.72940641,0.02726369863,0.02721689498
1922-02,7.46,0.4683,16.9,4.305,2138.315309,24.37635779,0.0428116622,0.04276474531
1922-03,7.74,0.4725,16.7,4.31,2256.565053,25.41995019,0.06585594315,0.06581072351
1922-04,8.21,0.4767,16.7,4.315,2405.173273,27.09400498,0.04385708486,0.04381546894
1922-05,8.53,0.4808,16.7,4.32,2510.657161,28.28226906,-0.004640484564,-0.004681516217
1922-06,8.45,0.485,16.7,4.325,2499.006496,28.15102562,0.01192504931,0.01188362919
1922-07,8.51,0.4892,16.8,4.33,2513.754847,28.48672799,0.04243341167,0.04239326283
1922-08,8.83,0.4933,16.6,4.335,2651.993391,29.69551705,0.03074273311,0.03070309551
1922-09,9.06,0.4975,16.6,4.34,2733.522916,30.6084384,0.02668966152,0.02665103017
1922-10,9.26,0.5017,16.7,4.345,2789.67445,31.42536727,-0.04512419006,-0.04516108711
1922-11,8.8,0.5058,16.8,4.35,2647.936741,30.00732302,0.002556818182,0.002517045455
1922-12,8.78,0.51,16.9,4.355,2638.998708,30.08404629,0.01852410782,0.01850797267
1923-01,8.9,0.5117,16.8,4.36,2703.883113,30.64132641,0.04750280899,0.04748782772
1923-02,9.28,0.5133,16.8,4.335,2832.325156,32.09687548,0.02078843391,0.0207731681
1923-03,9.43,0.515,16.8,4.31,2891.204761,32.76411926,-0.03042859668,-0.03044361965
1923-04,9.1,0.5167,16.9,4.285,2786.6423,31.76715309,-0.04250641026,-0.04252106227
1923-05,8.67,0.5183,16.9,4.26,2668.19214,30.41684544,-0.03306420607,-0.03308054594
1923-06,8.34,0.52,17,4.235,2564.794188,29.4111366,-0.02836031175,-0.02837729816
1923-07,8.06,0.5217,17.2,4.21,2463.078432,28.5770276,0.01037324235,0.01035669975
1923-08,8.1,0.5233,17.1,4.185,2503.181925,28.87346403,0.01157407407,0.01155658436
1923-09,8.15,0.525,17.2,4.16,2517.432112,29.20764764,-0.009338445808,-0.009355828221
1923-10,8.03,0.5267,17.3,4.135,2479.507468,28.93489361,0.03537048568,0.03535388128
1923-11,8.27,0.5283,17.3,4.11,2567.208851,29.95833484,0.03919790407,0.03918077388
1923-12,8.55,0.53,17.3,4.085,2667.838058,31.13263878,0.03793079922,0.03791423002
1924-01,8.83,0.5317,17.3,4.06,2769.031287,32.31352465,0.009563042658,0.00954794262
1924-02,8.87,0.5333,17.2,4.043333333,2811.764626,32.62254027,-0.01413942127,-0.01415539271
1924-03,8.7,0.535,17.1,4.026666667,2788.218474,32.16127643,-0.01784770115,-0.01786398467
1924-04,8.5,0.5367,17,4.01,2754.563744,31.58727158,0.001748039216,0.001732352941
1924-05,8.47,0.5383,17,3.993333333,2759.37883,31.64248737,0.02420306966,0.02418634396
1924-06,8.63,0.54,17,3.976666667,2826.164268,32.40833269,0.05158072615,0.05156431054
1924-07,9.03,0.5417,17.1,3.96,2954.560107,34.07997802,0.03934385382,0.03932908822
1924-08,9.34,0.5433,17,3.943333333,3088.867441,35.4208157,-0.00477337616,-0.004788543897
1924-09,9.25,0.545,17.1,3.926666667,3056.145786,35.25173882,-0.008047747748,-0.008063063063
1924-10,9.13,0.5467,17.2,3.91,3013.925401,34.96804172,0.06086436656,0.06084976269
1924-11,9.64,0.5483,17.2,3.893333333,3197.366062,37.09634943,0.05869640387,0.05868170816
1924-12,10.16,0.55,17.3,3.876666667,3365.473246,39.27377174,0.04588418635,0.04584973753
1925-01,10.58,0.5542,17.3,3.86,3519.895248,41.0758168,0.01290406427,0.01287177064
1925-02,10.67,0.5583,17.2,3.845,3586.044785,41.60586178,-0.02184864105,-0.0218814433
1925-03,10.39,0.5625,17.3,3.83,3487.418889,40.69683024,-0.00604186718,-0.006075553417
1925-04,10.28,0.5667,17.2,3.815,3486.501555,40.4509454,0.03672827497,0.03669503891
1925-05,10.61,0.5708,17.3,3.8,3593.661363,41.93663884,0.02242381401,0.02239082626
1925-06,10.8,0.575,17.5,3.785,3632.253586,42.87701823,0.03224691358,0.03221450617
1925-07,11.1,0.5792,17.7,3.77,3707.016649,44.25966973,0.01789264264,0.01786186186
1925-08,11.25,0.5833,17.7,3.755,3773.344973,45.05159219,0.02746296296,0.02743185185
1925-09,11.51,0.5875,17.7,3.74,3876.972206,46.28884239,0.03729872575,0.03726831741
1925-10,11.89,0.5917,17.7,3.725,4021.578329,48.01535723,0.03529436501,0.03526562938
1925-11,12.26,0.5958,18,3.71,4094.125426,49.71002877,0.02039151713,0.020362969
1925-12,12.46,0.6,17.9,3.695,4200.949463,50.72369168,0.01931179775,0.01926163724
1926-01,12.65,0.6075,17.9,3.68,4282.07735,51.70325735,0.005632411067,0.005583003953
1926-02,12.67,0.615,17.9,3.651666667,4306.19577,51.99447135,-0.06378255722,-0.06383188635
1926-03,11.81,0.6225,17.8,3.623333333,4054.184668,48.67813101,-0.02349703641,-0.02354995766
1926-04,11.48,0.63,17.9,3.595,3936.806453,47.53433919,0.01159625436,0.01154181185
1926-05,11.56,0.6375,17.8,3.566666667,4004.832025,48.08555948,0.05222750865,0.05217344291
1926-06,12.11,0.645,17.7,3.538333333,4237.802302,50.59694845,0.04660404624,0.046552436
1926-07,12.62,0.6525,17.5,3.51,4485.990192,52.95497098,0.043977813,0.04392828843
1926-08,13.12,0.66,17.4,3.481666667,4710.189599,55.28381479,0.0194836128,0.01943597561
1926-09,13.32,0.6675,17.5,3.453333333,4774.521331,56.36094323,-0.01829954955,-0.01834647147
1926-10,13.02,0.675,17.6,3.425,4660.518209,55.32956336,0.01742511521,0.01737711214
1926-11,13.19,0.6825,17.7,3.396666667,4714.93885,56.29368737,0.02710386657,0.02705648218
1926-12,13.49,0.69,17.7,3.368333333,4842.731924,57.81946396,-0.002367803311,-0.002409191994
1927-01,13.4,0.6967,17.5,3.34,4886.479747,57.68255885,0.02377674129,0.02373569652
1927-02,13.66,0.7033,17.4,3.339166667,5031.415257,59.05406212,0.01970473402,0.01966386042
1927-03,13.87,0.71,17.3,3.338333333,5160.21436,60.21770671,0.02881939438,0.02877913963
1927-04,14.21,0.7167,17.3,3.3375,5308.928613,61.95314455,0.0387244898,0.03868578466
1927-05,14.7,0.7233,17.4,3.336666667,5482.821555,64.35224846,0.01706349206,0.0170255102
1927-06,14.89,0.73,17.6,3.335833333,5513.009709,65.45032254,0.02628553839,0.02624804119
1927-07,15.22,0.7367,17.3,3.335,5756.036394,67.17071951,0.0572892028,0.05725306614
1927-08,16.03,0.7433,17.2,3.334166667,6121.17766,71.01887648,0.06066749844,0.06063266791
1927-09,16.94,0.75,17.3,3.333333333,6455.005097,75.32741406,-0.01162583628,-0.01165879575
1927-10,16.68,0.7567,17.4,3.3325,6343.293826,74.45166988,0.02659522382,0.0265622502
1927-11,17.06,0.7633,17.3,3.331666667,6549.636736,76.4317287,0.02720789371,0.02717516608
1927-12,17.46,0.77,17.3,3.330833333,6727.838556,78.51127505,0.007716208477,0.007684230622
1928-01,17.53,0.7767,17.3,3.33,6779.751961,79.11708442,-0.008255847119,-0.008287221905
1928-02,17.32,0.7833,17.1,3.3525,6802.42006,78.46390587,0.05749615089,0.05746391455
1928-03,18.25,0.79,17.1,3.375,7193.53303,82.97527844,0.06665159817,0.06662100457
1928-04,19.4,0.7967,17.1,3.3975,7672.993503,88.50571335,0.03437843643,0.03435008591
1928-05,20,0.8033,17.2,3.42,7890.634958,91.54840139,-0.045625,-0.04565291667
1928-06,19.02,0.81,17.1,3.4425,7574.663479,87.37150558,0.01093892394,0.01090956887
1928-07,19.16,0.8167,17.1,3.465,7657.522147,88.32725583,0.03593989214,0.0359111865
1928-08,19.78,0.8233,17.1,3.4875,7932.732667,91.50172788,0.07376980115,0.07374157398
1928-09,21.17,0.83,17.3,3.51,8419.455613,98.25179215,0.02360533774,0.02357896394
1928-10,21.6,0.8367,17.2,3.5325,8668.305519,100.5710589,0.07084606481,0.07082060185
1928-11,23.06,0.8433,17.2,3.555,9282.420853,107.6961226,0.006974559121,0.006950346921
1928-12,23.15,0.85,17.1,3.5775,9401.82341,108.4472556,0.07696184305,0.07692584593
1929-01,24.86,0.86,17.1,3.6,10125.40507,116.7935563,0.008145615447,0.008112094395
1929-02,24.99,0.87,17.1,3.574166667,10207.88272,117.7449117,0.02054154995,0.02050820328
1929-03,25.43,0.88,17,3.548333333,10478.84827,120.1635747,-0.002982042207,-0.003014811902
1929-04,25.28,0.89,16.9,3.5225,10509.42002,119.8052418,0.01799841772,0.01796545359
1929-05,25.66,0.9,17,3.496666667,10635.64017,121.9615466,0.02205118213,0.02201870616
1929-06,26.15,0.91,17.1,3.470833333,10806.60037,124.6509429,0.09203314213,0.0920012747
1929-07,28.48,0.92,17.3,3.445,11664.7361,136.1229608,0.05960323034,0.05957397004
1929-08,30.1,0.93,17.3,3.419166667,12359.99205,144.236329,0.04246954596,0.04244186047
1929-09,31.3,0.94,17.3,3.393333333,12884.9153,150.3619804,-0.1032215122,-0.1032481363
1929-10,27.99,0.95,17.3,3.3675,11554.91486,134.8413894,-0.2618792426,-0.2619090151
1929-11,20.58,0.96,17.3,3.341666667,8528.922507,99.52922848,0.04377227081,0.04373177843
1929-12,21.4,0.97,17.2,3.315833333,8954.010096,103.8858488,0.01826635514,0.01826323988
1930-01,21.71,0.9708,17.1,3.29,9170.886331,105.7834646,0.06637379088,0.06637033625
1930-02,23.07,0.9717,17,3.294166667,9837.119839,112.8047142,0.04122417281,0.04122128305
1930-03,23.94,0.9725,16.9,3.298333333,10303.25435,117.4549952,0.06688004734,0.0668772626
1930-04,25.46,0.9733,17,3.3025,10927.67568,125.3103909,-0.05651283058,-0.05651577638
1930-05,23.94,0.9742,16.9,3.306666667,10371.12844,118.228746,-0.09769214703,-0.09769493177
1930-06,21.52,0.975,16.8,3.310833333,9413.652718,106.6787259,-0.01759680917,-0.01759990706
1930-07,21.06,0.9758,16.6,3.315,9359.424184,104.8015208,-0.008955761317,-0.00895932257
1930-08,20.79,0.9767,16.5,3.319166667,9331.819193,103.8629434,0.00343714927,0.003433942601
1930-09,20.78,0.9775,16.6,3.323333333,9307.485049,104.2199358,-0.1337090953,-0.1337123035
1930-10,17.92,0.9783,16.5,3.3275,8111.856247,90.28478247,-0.06799107143,-0.0679952567
1930-11,16.62,0.9792,16.4,3.331666667,7606.421977,84.14622337,-0.06187324509,-0.06187725632
1930-12,15.51,0.98,16.1,3.335833333,7268.752959,78.93982347,0.03549699119,0.03556845046
1931-01,15.98,0.9667,15.9,3.34,7621.448194,81.74194969,0.0813167501,0.08138662912
1931-02,17.2,0.9533,15.7,3.368333333,8346.183026,88.38893939,0.02374031008,0.02380474806
1931-03,17.53,0.94,15.6,3.396666667,8599.095307,90.48732021,-0.09085995436,-0.09079672942
1931-04,15.86,0.9267,15.5,3.425,7868.219202,82.26564643,-0.09167034468,-0.09159993695
1931-05,14.33,0.9133,15.3,3.453333333,7240.360847,74.72432627,-0.02686671319,-0.02678936962
1931-06,13.87,0.9,15.1,3.481666667,7139.158482,72.71672922,0.03849254987,0.03857245854
1931-07,14.33,0.8867,15.1,3.51,7413.962896,75.51578155,-0.02492847174,-0.02485054664
1931-08,13.9,0.8733,15.1,3.538333333,7229.144131,73.63328852,-0.143764988,-0.1436852518
1931-09,11.83,0.86,15,3.566666667,6231.111954,63.04739968,-0.1275943928,-0.1275007044
1931-10,10.25,0.8467,14.9,3.595,5472.540612,55.002905,0.02043333333,0.02054227642
1931-11,10.39,0.8333,14.7,3.623333333,5660.340584,56.12679769,-0.1811036253,-0.1809969522
1931-12,8.44,0.82,14.6,3.651666667,4666.980551,45.96203116,-0.008754936809,-0.008491311216
1932-01,8.3,0.7933,14.3,3.68,4723.17293,45.55963648,-0.0007359437751,-0.000468875502
1932-02,8.23,0.7667,14.1,3.649166667,4786.642996,45.52610715,0.0111381126,0.01140846497
1932-03,8.26,0.74,14,3.618333333,4874.528287,46.03318205,-0.2325131154,-0.232243745
1932-04,6.28,0.7133,13.9,3.5875,3768.05118,35.32986348,-0.1134992038,-0.1131462314
1932-05,5.51,0.6867,13.7,3.556666667,3389.145048,31.31995211,-0.1243194192,-0.123915608
1932-06,4.77,0.66,13.6,3.525833333,2989.630626,27.42627385,0.06137840671,0.06184486373
1932-07,5.01,0.6333,13.6,3.495,3173.12939,29.10965484,0.5130854957,0.5135279441
1932-08,7.53,0.6067,13.5,3.464166667,4836.780619,44.04539652,0.1033643205,0.1036598052
1932-09,8.26,0.58,13.4,3.433333333,5376.557513,48.59811901,-0.1324324052,-0.1321630347
1932-10,7.12,0.5533,13.3,3.4025,4699.598703,42.16215322,-0.003666900749,-0.003355571161
1932-11,7.05,0.5267,13.2,3.371666667,4717.838208,42.00754879,-0.02671394799,-0.02639834515
1932-12,6.82,0.5,13.1,3.340833333,4626.858079,40.88536132,0.04563782991,0.04569892473
1933-01,7.09,0.495,12.9,3.31,4913.025869,42.75128048,-0.1127174424,-0.1126586742
1933-02,6.25,0.49,12.7,3.294166667,4427.891642,37.93246549,0.003266666667,0.003333333333
1933-03,6.23,0.485,12.6,3.278333333,4477.612882,38.05637821,0.1123595506,0.1124264312
1933-04,6.89,0.48,12.6,3.2625,4980.715453,42.33237576,0.2931180455,0.2931785196
1933-05,8.87,0.475,12.6,3.246666667,6440.653032,54.740759,0.175779782,0.1758267569
1933-06,10.39,0.47,12.7,3.230833333,7513.161353,64.36307768,0.08457651588,0.08461661854
1933-07,11.23,0.465,13.1,3.215,7899.7862,69.80668255,-0.0464529534,-0.0464158504
1933-08,10.67,0.46,13.2,3.199166667,7475.750998,66.56395598,-0.004881287098,-0.004842236801
1933-09,10.58,0.455,13.2,3.183333333,7439.259711,66.2390382,-0.09380907372,-0.09376969124
1933-10,9.55,0.45,13.2,3.1675,6741.389649,60.02521538,0.02796684119,0.0280104712
1933-11,9.78,0.445,13.2,3.151666667,6929.925022,61.70393104,0.02317655078,0.02321915474
1933-12,9.97,0.44,13.2,3.135833333,7090.536782,63.13401534,0.06085590104,0.06084921431
1934-01,10.54,0.4408,13.2,3.12,7522.037786,66.97609272,0.07749604681,0.07748893106
1934-02,11.32,0.4417,13.3,3.0925,8044.026385,72.16647514,-0.04797924028,-0.04798512956
1934-03,10.74,0.4425,13.3,3.065,7658.08011,68.70398249,0.0201994103,0.02019320298
1934-04,10.92,0.4433,13.3,3.0375,7812.768812,70.09176242,-0.09825854701,-0.09826541514
1934-05,9.81,0.4442,13.3,3.01,7045.097501,63.20464769,0.0170319402,0.01702514441
1934-06,9.94,0.445,13.4,2.9825,7111.618365,64.28114547,-0.04354627767,-0.04355298457
1934-07,9.47,0.4458,13.4,2.955,6801.933857,61.48194086,-0.03513991552,-0.03514783527
1934-08,9.1,0.4467,13.4,2.9275,6562.914476,59.32147065,-0.02007783883,-0.02008516484
1934-09,8.88,0.4475,13.6,2.9,6336.56967,58.13042373,0.0120899024,0.01208239489
1934-10,8.95,0.4483,13.5,2.8725,6460.683203,58.83321487,0.03211545624,0.03210707635
1934-11,9.2,0.4492,13.5,2.845,6668.170991,60.72267041,0.01059782609,0.01059057971
1934-12,9.26,0.45,13.4,2.8175,6789.128952,61.36619871,0.004049676026,0.004049676026
1935-01,9.26,0.45,13.6,2.79,6716.378273,61.61471194,-0.02618790497,-0.02618790497
1935-02,8.98,0.45,13.7,2.778333333,6492.749591,60.00115172,-0.05929844098,-0.05929844098
1935-03,8.41,0.45,13.7,2.766666667,6107.739663,56.44317696,0.0793367717,0.07936979786
1935-04,9.04,0.446667,13.8,2.755,6544.537662,60.92119641,0.08262659476,0.08265732854
1935-05,9.75,0.443333,13.8,2.743333333,7085.290523,65.95490741,0.04170940171,0.04173788889
1935-06,10.12,0.44,13.7,2.731666667,7434.688305,68.70584714,0.05599472991,0.05599472991
1935-07,10.65,0.44,13.7,2.72,7850.991669,72.5530125,0.0710485133,0.0710485133
1935-08,11.37,0.44,13.7,2.708333333,8408.792955,77.70779617,0.02433304016,0.02433304016
1935-09,11.61,0.44,13.7,2.696666667,8613.404451,79.5986631,0.02993109388,0.02985931668
1935-10,11.92,0.45,13.7,2.685,8871.213069,81.98113815,0.09717561521,0.0971057047
1935-11,13.04,0.46,13.8,2.673333333,9662.747651,89.94770569,0.003003578732,0.002939672802
1935-12,13.04,0.47,13.8,2.661666667,9691.770475,90.21787071,0.05828220859,0.05821830266
1936-01,13.76,0.48,13.8,2.65,10256.62826,95.47596746,0.06038032946,0.06031976744
1936-02,14.55,0.49,13.8,2.6525,10875.92686,101.2408378,0.02416953036,0.02411225659
1936-03,14.86,0.5,13.7,2.655,11220.09796,103.6877813,0.00424330978,0.004149842979
1936-04,14.88,0.516667,13.7,2.6575,11267.70831,104.1277607,-0.05010454189,-0.05019787746
1936-05,14.09,0.533333,13.7,2.66,10703.14495,98.91048697,0.04583629051,0.04573771587
1936-06,14.69,0.55,13.8,2.6625,11112.62337,103.4441768,0.06245745405,0.06234399818
1936-07,15.56,0.57,13.9,2.665,11721.74932,109.9050367,0.02308269066,0.02297557841
1936-08,15.87,0.59,14,2.6675,11906.65941,112.4419407,0.0145452636,0.01444024365
1936-09,16.05,0.61,14,2.67,12079.84491,114.0774383,0.0556940135,0.05550363448
1936-10,16.89,0.646667,14,2.6725,12752.61996,120.4308687,0.03119860371,0.03101769785
1936-11,17.36,0.683333,14,2.675,13150.4839,124.1881437,-0.01382488479,-0.01400089766
1936-12,17.06,0.72,14,2.6775,12968.67997,122.4712569,0.03463266901,0.03458382181
1937-01,17.59,0.73,14.1,2.68,13322.65813,126.7127634,0.03306803108,0.03302065568
1937-02,18.11,0.74,14.1,2.67,13763.2122,130.902905,0.00234676974,0.002300754648
1937-03,18.09,0.75,14.2,2.66,13698.3598,131.210104,-0.05610834715,-0.05624654505
1937-04,17.01,0.78,14.3,2.65,12839.34952,123.8481219,-0.04071134627,-0.04085831864
1937-05,16.25,0.81,14.4,2.64,12231.11008,118.8060981,-0.03323076923,-0.03338461538
1937-06,15.64,0.84,14.4,2.63,11824.66088,114.8580801,0.06381429561,0.06393861893
1937-07,16.57,0.816667,14.5,2.62,12492.48989,122.1876676,0.014249311,0.01436666164
1937-08,16.74,0.793333,14.5,2.61,12670.49926,123.9287577,-0.1377439267,-0.1376277728
1937-09,14.37,0.77,14.6,2.6,10850.3847,106.8583239,-0.1409185804,-0.1409765716
1937-10,12.28,0.78,14.6,2.59,9321.36389,91.80000063,-0.08258686211,-0.08265472313
1937-11,11.2,0.79,14.5,2.58,8610.517845,84.21852663,-0.01011904762,-0.01019345238
1937-12,11.02,0.8,14.4,2.57,8582.577797,83.36631535,0.03231498034,0.03236539625
1938-01,11.31,0.793333,14.2,2.56,8984.711286,86.06029619,-0.01807642941,-0.01802731359
1938-02,11.04,0.786667,14.1,2.543333333,8884.869289,84.50463332,-0.06023550725,-0.06018518267
1938-03,10.31,0.78,14.1,2.526666667,8349.68468,79.41445387,-0.03454035726,-0.03443258972
1938-04,9.89,0.766667,14.2,2.51,8004.513986,76.67145026,0.0154476997,0.01556005224
1938-05,9.98,0.753333,14.1,2.493333333,8185.811877,77.8558478,0.0292251169,0.0293364479
1938-06,10.21,0.74,14.1,2.476666667,8425.043186,80.13119406,0.2046468577,0.2048645119
1938-07,12.24,0.713333,14.1,2.46,10149.2018,96.52979112,0.01039397467,0.01057552424
1938-08,12.31,0.686667,14.1,2.443333333,10254.69235,97.53311932,-0.04102355808,-0.04084303412
1938-09,11.75,0.66,14.1,2.426666667,9834.008379,93.53196374,0.1158156028,0.1161702128
1938-10,13.06,0.61,14,2.41,11051.31813,104.3644245,0.004338948443,0.00465798877
1938-11,13.07,0.56,14,2.393333333,11099.26923,104.8172564,-0.02582249426,-0.02550369804
1938-12,12.69,0.51,14,2.376666667,10812.65841,102.1106134,-0.01160143814,-0.01162332545
1939-01,12.5,0.513333,14,2.36,10687.21603,100.9259834,-0.004555553333,-0.00457778
1939-02,12.4,0.516667,13.9,2.3475,10715.06603,100.4662097,0.002688172043,0.002665772849
1939-03,12.39,0.52,13.9,2.335,10743.86997,100.7362802,-0.1223881289,-0.1224105461
1939-04,10.83,0.523333,13.8,2.3225,9497.273537,88.40735531,0.04098697291,0.04096131887
1939-05,11.23,0.526667,13.8,2.31,9886.53803,92.03090519,0.02174235678,0.02171762392
1939-06,11.43,0.53,13.8,2.2975,10101.49467,94.03187397,0.02843394576,0.0283610382
1939-07,11.71,0.54,13.8,2.285,10388.72002,96.70557117,-0.01060347282,-0.01067463706
1939-08,11.54,0.55,13.8,2.2725,10278.56351,95.68015628,0.1106296938,0.1105574812
1939-09,12.77,0.56,14.1,2.26,11172.79108,106.2652227,0.01396502219,0.01383450796
1939-10,12.9,0.58,14,2.2475,11409.73949,107.7492189,-0.01395348837,-0.01408268734
1939-11,12.67,0.6,14,2.235,11250.53383,106.2457414,-0.01960010524,-0.01973164957
1939-12,12.37,0.62,14,2.2225,11030.02218,104.1633137,-0.001459626785,-0.001482080302
1940-01,12.3,0.623333,13.9,2.21,11093.15932,104.0112741,-0.002258353659,-0.002280941734
1940-02,12.22,0.626667,14,2.188333333,10989.04913,103.7763799,-0.00143207856,-0.001454807692
1940-03,12.15,0.63,14,2.166666667,10973.31195,103.6277639,0.01424325789,0.01419753086
1940-04,12.27,0.636667,14,2.145,11129.60766,105.1037609,-0.1333650299,-0.1334103029
1940-05,10.58,0.643333,14,2.123333333,9645.307203,91.0865947,-0.08089161941,-0.08094413201
1940-06,9.67,0.65,14.1,2.101666667,8802.209757,83.71845255,0.03875100827,0.03869355395
1940-07,9.99,0.656667,14,2.08,9208.613576,86.96262699,0.02655432933,0.02649872372
1940-08,10.2,0.663333,14,2.058333333,9453.142133,89.27186123,0.04763071895,0.04757625
1940-09,10.63,0.67,14,2.036666667,9903.40209,93.52394416,0.01465976795,0.01465976795
1940-10,10.73,0.67,14,2.015,10048.58367,94.89498348,0.02850264057,0.02850264057
1940-11,10.98,0.67,14,1.993333333,10334.99483,97.59974109,-0.03589860352,-0.03589860352
1940-12,10.53,0.67,14.1,1.971666667,9893.316407,94.09604668,0.007228023109,0.007201646091
1941-01,10.55,0.673333,14.1,1.95,9964.825527,94.77617508,-0.0572143207,-0.05724065561
1941-02,9.89,0.676667,14.1,1.9925,9394.694803,89.3536206,0.01179642737,0.01176834344
1941-03,9.95,0.68,14.2,2.035,9438.578366,90.4076741,-0.02543272194,-0.02546063652
1941-04,9.64,0.683333,14.3,2.0775,9134.204245,88.10836086,-0.01584831432,-0.0158771352
1941-05,9.43,0.686667,14.4,2.12,8927.015821,86.71199186,0.04109225875,0.04106280488
1941-06,9.76,0.69,14.7,2.1625,9104.176717,90.27518347,0.05714935963,0.05712090164
1941-07,10.26,0.693333,14.7,2.205,9624.474586,95.4343524,0.0007851445744,0.0007580653021
1941-08,10.21,0.696667,14.9,2.2475,9502.742181,95.50928216,0.00865164871,0.008624444989
1941-09,10.24,0.7,15.1,2.29,9458.003501,96.33559492,-0.03431532389,-0.03434244792
1941-10,9.83,0.703333,15.3,2.3325,9014.057556,93.02980778,-0.04080478976,-0.04083305358
1941-11,9.37,0.706667,15.4,2.375,8590.096412,89.23374603,-0.05878690857,-0.05881655105
1941-12,8.76,0.71,15.5,2.4175,8032.949192,83.98796996,0.02609715563,0.02616057839
1942-01,8.93,0.703333,15.7,2.46,8137.585217,86.17981708,-0.02485379806,-0.02479159201
1942-02,8.65,0.696667,15.8,2.460833333,7885.111677,84.03792131,-0.04768786127,-0.04762363198
1942-03,8.18,0.69,16,2.461666667,7415.22397,80.03033258,-0.03463732681,-0.03453545232
1942-04,7.84,0.68,16.1,2.4625,7113.918444,77.25829579,0.01860119048,0.01870748299
1942-05,7.93,0.67,16.3,2.463333333,7157.334805,78.69539207,0.05737704918,0.05748213535
1942-06,8.33,0.66,16.3,2.464166667,7568.001556,83.21070145,0.04368414366,0.04381752701
1942-07,8.64,0.646667,16.4,2.465,7850.441008,86.84568969,0.0003214988426,0.0004501060957
1942-08,8.59,0.633333,16.5,2.465833333,7805.371189,86.87361048,0.01649204501,0.01662139115
1942-09,8.68,0.62,16.5,2.466666667,7934.097722,88.30633397,0.0795890937,0.07968509985
1942-10,9.32,0.61,16.7,2.4675,8462.983748,95.33455506,0.02145922747,0.02154864092
1942-11,9.47,0.6,16.8,2.468333333,8593.136931,97.38036096,0.01047166491,0.01055966209
1942-12,9.52,0.59,16.9,2.469166667,8631.741965,98.40009547,0.06503851541,0.06503851541
1943-01,10.09,0.59,16.9,2.47,9193.137648,104.7998916,0.06433762801,0.06433762801
1943-02,10.69,0.59,16.9,2.470833333,9784.602318,111.542468,0.04014655441,0.04014655441
1943-03,11.07,0.59,17.2,2.471666667,9999.907241,116.0205138,0.03786510087,0.03786510087
1943-04,11.44,0.59,17.4,2.4725,10259.26101,120.4136423,0.04363344988,0.04363344988
1943-05,11.89,0.59,17.5,2.473333333,10645.72563,125.6677049,0.02179702832,0.02179702832
1943-06,12.1,0.59,17.5,2.474166667,10877.77081,128.4068874,0.02474747245,0.02472451791
1943-07,12.35,0.593333,17.4,2.475,11211.03118,131.5846333,-0.04536661943,-0.04538911606
1943-08,11.74,0.596667,17.3,2.475833333,10764.28832,125.6150833,0.02555366269,0.02553000426
1943-09,11.99,0.6,17.4,2.476666667,10975.91074,128.8250088,-0.004981005004,-0.005004170142
1943-10,11.88,0.603333,17.4,2.4775,10921.23967,128.1833308,-0.04204077581,-0.04206416246
1943-11,11.33,0.606667,17.4,2.478333333,10462.10228,122.7944041,0.01772580171,0.01770128714
1943-12,11.48,0.61,17.4,2.479166667,10647.55144,124.9710334,0.03668215012,0.03665795587
1944-01,11.85,0.613333,17.4,2.48,11038.12652,129.5552396,-0.002414437412,-0.002437883263
1944-02,11.77,0.616667,17.4,2.470833333,11011.47565,129.2424366,0.03242707448,0.03240347635
1944-03,12.1,0.62,17.4,2.461666667,11368.54559,133.4333907,-0.0130624449,-0.01308539945
1944-04,11.89,0.623333,17.5,2.4525,11155.93005,131.6904244,0.02205401598,0.022030649
1944-05,12.1,0.626667,17.5,2.443333333,11401.96311,134.5947271,0.05144628099,0.05142332645
1944-06,12.67,0.63,17.6,2.434166667,11920.43494,141.5191252,0.0302113457,0.03018942384
1944-07,13,0.633333,17.7,2.425,12211.18558,145.7946085,-0.0105341859,-0.01055555769
1944-08,12.81,0.636667,17.7,2.415833333,12082.55068,144.2587809,-0.01223002862,-0.0122517109
1944-09,12.6,0.64,17.7,2.406666667,11934.78074,142.4944919,0.02883597884,0.02883597884
1944-10,12.91,0.64,17.7,2.3975,12278.93183,146.6034601,-0.002840175574,-0.002840175574
1944-11,12.82,0.64,17.7,2.388333333,12244.0575,146.1870805,0.02600104004,0.02600104004
1944-12,13.1,0.64,17.8,2.379166667,12491.84036,149.9880966,0.03386344148,0.03384223919
1945-01,13.49,0.643333,17.8,2.37,12914.85707,155.0672098,0.03735277366,0.03733217816
1945-02,13.94,0.646667,17.8,2.355,13397.2628,160.8594002,0.003168340507,0.00314841583
1945-03,13.93,0.65,17.8,2.34,13439.70989,161.3690575,0.02901411821,0.02901411821
1945-04,14.28,0.65,17.8,2.325,13829.65122,166.0510384,0.04160830999,0.04160830999
1945-05,14.82,0.65,17.9,2.31,14324.60433,172.9601415,0.02187359424,0.02187359424
1945-06,15.09,0.65,18.1,2.295,14476.18978,176.7434015,-0.01693542633,-0.01695383256
1945-07,14.78,0.653333,18.1,2.28,14231.02933,173.7501766,0.007085402571,0.007066604646
1945-08,14.83,0.656667,18.1,2.265,14331.86191,174.9812666,0.07181389076,0.07179516183
1945-09,15.84,0.66,18.1,2.25,15361.08867,187.5473521,0.04513888889,0.04513888889
1945-10,16.5,0.66,18.1,2.235,16054.47115,196.0130312,0.03606060606,0.03606060606
1945-11,17.04,0.66,18.1,2.22,16633.40511,203.0813799,0.02024647887,0.02024647887
1945-12,17.33,0.66,18.2,2.205,16876.93028,207.1930628,0.0430210954,0.04298903635
1946-01,18.02,0.666667,18.2,2.19,17602.99431,216.1067353,0.005888517388,0.005857690529
1946-02,18.07,0.673333,18.1,2.195,17804.47664,217.3792836,-0.0267478325,-0.02677857868
1946-03,17.53,0.68,18.3,2.2,17138.86575,211.5648589,0.06769347785,0.06769347785
1946-04,18.66,0.68,18.4,2.205,18199.60379,225.88642,0.005180421579,0.005180421579
1946-05,18.7,0.68,18.5,2.21,18194.99955,227.0566069,-0.003386809269,-0.003386809269
1946-06,18.58,0.68,18.7,2.215,17939.4367,226.2876095,-0.02546047273,-0.0254754216
1946-07,18.05,0.683333,19.8,2.22,16511.42959,220.5262199,-0.01622037396,-0.01623576639
1946-08,17.7,0.686667,20.2,2.225,15921.95243,216.9492022,-0.1442090395,-0.1442247316
1946-09,15.09,0.69,20.4,2.23,13492.27607,185.6631661,-0.01868418931,-0.01872100729
1946-10,14.75,0.696667,20.8,2.235,12985.56491,182.1942004,-9.416384181e-05,-0.0001318248588
1946-11,14.69,0.703333,21.3,2.24,12679.54537,182.1770443,0.03398003177,0.03394221125
1946-12,15.13,0.71,21.5,2.245,12988.43955,188.367426,0.009216418815,0.009198061247
1947-01,15.21,0.713333,21.5,2.25,13108.14645,190.1034991,0.04271678172,0.04269851523
1947-02,15.8,0.716667,21.5,2.265833333,13668.08428,198.2241088,-0.03670886076,-0.03672643987
1947-03,15.16,0.72,21.9,2.281666667,12925.8633,190.9475276,-0.03290823989,-0.03298153034
1947-04,14.6,0.733333,21.9,2.2975,12500.49589,184.6637805,-0.01354642123,-0.01362252854
1947-05,14.34,0.746667,21.9,2.313333333,12331.15891,182.1622472,0.03928405393,0.03920657252
1947-06,14.84,0.76,22,2.329166667,12757.32419,189.3183187,0.06699236298,0.06693620845
1947-07,15.77,0.77,22.2,2.345,13489.33715,202.0012002,-0.01553582752,-0.01558867047
1947-08,15.46,0.78,22.5,2.360833333,13102.70555,198.8629444,-0.02161492022,-0.02166882277
1947-09,15.06,0.79,23,2.376666667,12540.80701,194.5645378,0.03036004316,0.03026781762
1947-10,15.45,0.806667,23,2.3925,12921.54645,200.4715255,-0.007209638619,-0.007299530744
1947-11,15.27,0.823333,23.1,2.408333333,12772.85263,199.0261983,-0.01113294041,-0.01122389762
1947-12,15.03,0.84,23.4,2.424166667,12468.72177,196.8104515,-0.008630888224,-0.008649367931
1948-01,14.83,0.843333,23.7,2.44,12204.63594,195.1118025,-0.04446691953,-0.04448565408
1948-02,14.1,0.846667,23.5,2.429166667,11761.18387,186.4357816,0.01920803783,0.01918833924
1948-03,14.3,0.85,23.4,2.418333333,12038.32003,190.0168472,0.08187645688,0.08187645688
1948-04,15.4,0.85,23.8,2.4075,12805.08468,205.5747534,0.0533008658,0.0533008658
1948-05,16.15,0.85,23.9,2.396666667,13431.17328,216.5320657,0.04587203302,0.04587203302
1948-06,16.82,0.85,24.1,2.385833333,13930.7135,226.4648318,-0.01953692529,-0.0195699564
1948-07,16.42,0.856667,24.4,2.375,13490.61719,222.0404053,-0.02485113175,-0.02488496244
1948-08,15.94,0.863333,24.5,2.364166667,13101.66474,216.5224499,-0.006744040151,-0.006778894814
1948-09,15.76,0.87,24.5,2.353333333,13013.30659,215.0622138,0.03199027073,0.03188451777
1948-10,16.19,0.89,24.4,2.3425,13484.64516,221.9421123,-0.050905909,-0.0510088532
1948-11,15.29,0.91,24.2,2.331666667,12903.96726,210.6439473,-0.001471550033,-0.001580553739
1948-12,15.19,0.93,24.1,2.320833333,12938.44307,210.3339742,0.01638505047,0.01629361422
1949-01,15.36,0.946667,24,2.31,13205.23361,213.780307,-0.03318504232,-0.03327546115
1949-02,14.77,0.963333,23.8,2.310833333,12874.30324,206.6859984,0.01500789889,0.01491386256
1949-03,14.91,0.98,23.8,2.311666667,13067.51948,209.787921,0.004210446009,0.004135926671
1949-04,14.89,0.993333,23.9,2.3125,13067.63354,210.6712217,-0.001753581822,-0.00182822364
1949-05,14.78,1.00667,23.8,2.313333333,13099.52812,210.3017925,-0.04905277402,-0.04912793189
1949-06,13.97,1.02,23.9,2.314166667,12404.83875,199.9859062,0.06267400382,0.06263421618
1949-07,14.76,1.02667,23.7,2.315,13293.5427,212.5198236,0.04174192638,0.04170432475
1949-08,15.29,1.03333,23.8,2.315833333,13790.25405,221.3908105,0.01874863745,0.01871228472
1949-09,15.49,1.04,23.9,2.316666667,13990.02093,225.5415865,0.03159742845,0.03141811922
1949-10,15.89,1.07333,23.7,2.3175,14553.85923,232.6681207,0.01964899308,0.01947414516
1949-11,16.11,1.10667,23.8,2.318333333,14777.47569,237.2398149,0.03258845438,0.03241604593
1949-12,16.54,1.14,23.6,2.319166667,15388.36477,244.9710938,0.02635026199,0.02629987908
1950-01,16.88,1.15,23.5,2.32,15861.0601,251.4261463,0.0252764613,0.02522709321
1950-02,17.21,1.16,23.5,2.340833333,16261.97157,257.7813096,0.01380011621,0.01375169475
1950-03,17.35,1.17,23.6,2.361666667,16416.53109,261.3387216,0.03390970221,0.03386167147
1950-04,17.84,1.18,23.6,2.3825,16973.21077,270.2006398,0.03919095665,0.03914424514
1950-05,18.44,1.19,23.7,2.403333333,17563.98348,280.7900614,0.02169197397,0.02164678236
1950-06,18.74,1.2,23.8,2.424166667,17869.58187,286.8809521,-0.06704317858,-0.06723585912
1950-07,17.38,1.24333,24.1,2.445,16464.01865,267.6475412,0.06658357307,0.06637576717
1950-08,18.43,1.28667,24.3,2.465833333,17415.72302,285.4684708,0.04128232954,0.04108640803
1950-09,19.08,1.33,24.4,2.486666667,18060.36216,297.2532743,0.0474173218,0.04721348707
1950-10,19.87,1.37667,24.6,2.5075,18762.94156,311.3482285,0.003956257339,0.003760568697
1950-11,19.83,1.42333,24.7,2.528333333,18760.90873,312.5800022,0.002143217347,0.001947091948
1950-12,19.75,1.47,25,2.549166667,18575.50403,313.2499291,0.08019691983,0.08012658228
1951-01,21.21,1.48667,25.4,2.57,19749.2148,338.3716085,0.04315311174,0.04308765519
1951-02,22,1.50333,25.7,2.579166667,20360.97096,352.9733964,-0.01106060606,-0.01112375
1951-03,21.63,1.52,25.8,2.588333333,20057.72067,349.0692967,0.01931472492,0.01926336878
1951-04,21.92,1.53333,25.8,2.5975,20445.13003,355.8114741,0.006336184611,0.006285469891
1951-05,21.93,1.54667,25.9,2.606666667,20495.23525,358.0659613,-0.0113999088,-0.0114505624
1951-06,21.55,1.56,25.9,2.615833333,20261.59144,353.984042,0.02361434648,0.02366589327
1951-07,21.93,1.54667,25.9,2.625,20740.05568,362.3431438,0.04960225718,0.04965294878
1951-08,22.89,1.53333,25.9,2.634166667,21768.80926,380.3161816,0.03130915975,0.03135768895
1951-09,23.48,1.52,26.1,2.643333333,22278.33888,392.2235617,0.0001537833617,0.0002839295855
1951-10,23.36,1.48333,26.2,2.6525,22196.72001,392.2838792,-0.02266456193,-0.02253378282
1951-11,22.71,1.44667,26.4,2.661666667,21529.29531,383.3929369,0.03599735799,0.03613191692
1951-12,23.41,1.41,26.5,2.670833333,22220.12592,397.1940697,0.03835017087,0.03833831696
1952-01,24.19,1.41333,26.5,2.68,23072.27154,412.4265301,-0.01330897754,-0.01332048367
1952-02,23.75,1.41667,26.3,2.6925,22938.32262,406.9375547,0.00750877193,0.007497087719
1952-03,23.81,1.42,26.3,2.705,23110.56125,409.993156,0.002064958701,0.002029959401
1952-04,23.74,1.43,26.4,2.7175,23070.56283,410.8397749,0.004633529907,0.004598427408
1952-05,23.73,1.44,26.4,2.73,23177.46098,412.7434133,0.03248349487,0.03244837758
1952-06,24.38,1.45,26.5,2.7425,23840.04272,426.1507619,0.03366830736,0.03366830736
1952-07,25.08,1.45,26.7,2.755,24458.10712,440.4985367,0.008805156831,0.008805156831
1952-08,25.18,1.45,26.7,2.7675,24673.46459,444.3771954,-0.01108684141,-0.01108684141
1952-09,24.78,1.45,26.7,2.78,24399.9138,439.4504559,-0.01615324859,-0.01610842077
1952-10,24.26,1.43667,26.7,2.7925,24005.77592,432.3519034,0.03662864111,0.03667446414
1952-11,25.03,1.42333,26.7,2.805,24885.07487,448.1883661,0.04504594487,0.04509032494
1952-12,26.04,1.41,26.7,2.8175,26006.04659,468.3774346,0.009888632873,0.009888632873
1953-01,26.18,1.41,26.6,2.83,26361.94471,473.0090471,-0.007734912147,-0.007734912147
1953-02,25.86,1.41,26.5,2.800833333,26256.74696,469.3503636,0.009570765661,0.009570765661
1953-03,25.99,1.41,26.6,2.771666667,26408.38983,473.842406,-0.04471806464,-0.04472874182
1953-04,24.71,1.41333,26.6,2.83,25227.45774,452.6530907,0.01003868205,0.01002741805
1953-05,24.84,1.41667,26.7,3.05,25385.27481,457.1971311,-0.03106548578,-0.03107665727
1953-06,23.95,1.42,26.8,3.11,24504.8903,442.9940801,0.01913709116,0.01913709116
1953-07,24.29,1.42,26.8,2.93,24973.84262,451.4716982,0.008988609853,0.008988609853
1953-08,24.39,1.42,26.9,2.95,25104.64868,455.5298012,-0.04106874402,-0.04106874402
1953-09,23.27,1.42,26.9,2.87,24073.63229,436.8217644,0.03520269302,0.03516688154
1953-10,23.97,1.43,27,2.66,24828.78865,452.1990669,0.02711722987,0.02708246419
1953-11,24.5,1.44,26.9,2.68,25596.87988,464.4614529,0.01840136054,0.01836734694
1953-12,24.83,1.45,26.9,2.59,26067.89729,473.0081756,0.0302613438,0.03023895825
1954-01,25.46,1.45667,26.9,2.48,26856.7469,487.3220386,0.02678492406,0.02676312516
1954-02,26.02,1.46333,26.9,2.47,27576.10282,500.3749224,0.02584550346,0.02582414169
1954-03,26.57,1.47,26.9,2.37,28288.82108,513.3073642,0.04448416133,0.04450508092
1954-04,27.63,1.46333,26.8,2.29,29657.47641,536.1414118,0.04420518157,0.04422526843
1954-05,28.73,1.45667,26.9,2.37,30853.36604,559.8416402,0.01221139343,0.01223074023
1954-06,28.96,1.45,26.9,2.38,31230.12863,566.6780868,0.04459216736,0.04457297422
1954-07,30.13,1.45667,26.9,2.3,32622.74775,591.9474908,0.02396097467,0.02394255449
1954-08,30.73,1.46333,26.9,2.36,33404.42058,606.1311297,0.02741620566,0.02739811802
1954-09,31.45,1.47,26.8,2.38,34448.30366,622.7489454,0.02716833598,0.02710651828
1954-10,32.18,1.49333,26.8,2.43,35384.20674,639.667998,0.04308232339,0.04302188212
1954-11,33.44,1.51667,26.8,2.48,36908.64058,667.2263815,0.04959130781,0.04953316886
1954-12,34.97,1.54,26.7,2.51,38884.07818,700.3150104,0.0217011486,0.02168525403
1955-01,35.6,1.54667,26.7,2.61,39727.90734,715.5126505,0.03706303839,0.0370474485
1955-02,36.79,1.55333,26.7,2.65,41200.34429,742.0317233,-0.004349007883,-0.004364116155
1955-03,36.5,1.56,26.7,2.68,41021.16367,738.8046215,0.03808979452,0.03808219178
1955-04,37.76,1.56333,26.7,2.75,42583.65137,766.9455377,-0.000779771363,-0.0007871424788
1955-05,37.6,1.56667,26.7,2.76,42550.44586,766.3474956,0.06145833333,0.06145095301
1955-06,39.78,1.57,26.7,2.78,45165.52534,813.4459354,0.0764761815,0.07644126026
1955-07,42.69,1.58667,26.8,2.9,48438.19579,875.6551744,-0.002960627001,-0.002993148278
1955-08,42.43,1.60333,26.8,2.97,48294.78836,873.062686,0.0481970304,0.0481642902
1955-09,44.34,1.62,26.9,2.97,50434.26618,915.1417149,-0.04723599835,-0.04724853406
1955-10,42.11,1.62667,26.9,2.88,48051.95327,871.9140823,0.07067468139,0.07066150162
1955-11,44.95,1.63333,26.9,2.89,51448.00976,933.5363323,0.01238413052,0.01237176492
1955-12,45.37,1.64,26.8,2.96,52279.49619,945.0973681,-0.02382264345,-0.02387774594
1956-01,44.15,1.67,26.8,2.9,51034.0604,922.5826504,0.009550773877,0.009494148735
1956-02,44.43,1.7,26.8,2.84,51521.47517,931.3940287,0.07211718809,0.0720609198
1956-03,47.49,1.73,26.8,2.96,55237.05908,998.5635471,0.01486862146,0.01482768302
1956-04,48.05,1.75333,26.9,3.18,55849.96262,1013.41081,-0.02834431148,-0.02838479015
1956-05,46.54,1.77667,27,3.07,54065.94524,984.6863788,-0.002578427159,-0.002620201261
1956-06,46.27,1.8,27.2,3,53530.02146,982.1474367,0.05751266119,0.05748865356
1956-07,48.78,1.81333,27.4,3.11,56195.47344,1038.633349,-0.002824466995,-0.002847256389
1956-08,48.49,1.82667,27.3,3.33,56242.014,1035.699764,-0.03086547054,-0.03088837905
1956-09,46.84,1.84,27.4,3.38,54307.15049,1003.732403,-0.009595306718,-0.009536009109
1956-10,46.24,1.80667,27.5,3.34,53590.47106,994.101283,-0.007184742647,-0.007124657584
1956-11,45.76,1.77333,27.5,3.49,53205.43732,986.9589211,0.01802884615,0.01808954327
1956-12,46.44,1.74,27.6,3.59,53968.42116,1004.752652,-0.01863215978,-0.01862618432
1957-01,45.43,1.73667,27.6,3.46,52962.87291,986.0319397,-0.03996380879,-0.03995768215
1957-02,43.47,1.73333,27.7,3.34,50662.71423,946.6263478,0.01619891113,0.01620529484
1957-03,44.03,1.73,27.8,3.41,51298.20296,961.9606639,0.02644030585,0.02644030585
1957-04,45.05,1.73,27.9,3.48,52465.81718,987.3951981,0.04160192379,0.04160192379
1957-05,46.78,1.73,28,3.6,54453.3229,1028.472738,0.01954182699,0.01954182699
1957-06,47.55,1.73,28.1,3.8,55319.86936,1048.570974,0.02323869611,0.0232211707
1957-07,48.51,1.74,28.3,3.93,56205.39261,1072.938396,-0.05203394489,-0.05205112348
1957-08,45.84,1.75,28.3,3.93,53280.80431,1017.109179,-0.03737638162,-0.03739456079
1957-09,43.98,1.76,28.3,3.92,51289.36063,979.0933182,-0.05894724875,-0.05896619676
1957-10,41.24,1.77,28.3,3.97,48265.99393,921.3784608,-0.01798415778,-0.01800436469
1957-11,40.35,1.78,28.4,3.72,47231.07642,904.8082452,0.003201156547,0.003180503924
1957-12,40.33,1.79,28.4,3.21,47382.27049,907.704678,0.02327326639,0.02328704852
1958-01,41.12,1.78333,28.6,3.09,48145.95467,928.8299308,0.007005248865,0.007018745947
1958-02,41.26,1.77667,28.6,3.05,48483.22907,935.3366156,0.02417595734,0.02418942883
1958-03,42.11,1.77,28.8,2.98,49310.52867,957.9492737,0.008938237157,0.008964616481
1958-04,42.34,1.75667,28.9,2.88,49579.12812,966.5116515,0.03555213746,0.03557839317
1958-05,43.7,1.74333,28.9,2.92,51341.7721,1000.873207,0.02732646834,0.02735188787
1958-06,44.75,1.73,28.9,2.97,52744.76141,1028.223537,0.03070763501,0.03070763501
1958-07,45.98,1.73,29,3.2,54176.96475,1059.79785,0.04054298971,0.04054298971
1958-08,47.7,1.73,28.9,3.54,56568.52475,1102.765223,0.02943745632,0.02943745632
1958-09,48.96,1.73,28.9,3.76,58233.75823,1135.227826,0.04360135825,0.04359000545
1958-10,50.95,1.73667,28.9,3.8,60772.82918,1184.725301,0.03327335623,0.0332624632
1958-11,52.5,1.74333,29,3.74,62578.41088,1224.145088,0.02163492063,0.02162433333
1958-12,53.49,1.75,28.9,3.86,64153.50883,1250.62937,0.04255728485,0.0425468935
1959-01,55.62,1.75667,29,4.02,66653.0745,1303.85276,-0.0126403422,-0.01265032063
1959-02,54.77,1.76333,28.9,3.96,66038.27502,1287.371615,0.02807193719,0.02806178869
1959-03,56.16,1.77,28.9,3.99,67892.09733,1323.51063,0.01937421356,0.01936431624
1959-04,57.1,1.77667,29,4.12,68968.80693,1349.152608,0.01766393754,0.01765421775
1959-05,57.96,1.78333,29,4.31,70187.06763,1372.983955,-0.006053025075,-0.006062615022
1959-06,57.46,1.79,29.1,4.34,69522.49082,1364.673249,0.04228545945,0.04227578605
1959-07,59.74,1.79667,29.2,4.4,72214.12279,1422.379084,-0.003175803482,-0.00318509374
1959-08,59.4,1.80333,29.2,4.43,71984.78493,1417.861888,-0.03702300786,-0.03703236532
1959-09,57.05,1.81,29.3,4.68,69083.10569,1365.368376,0.001777198364,0.001767455448
1959-10,57,1.81667,29.4,4.53,68970.48593,1367.794907,0.006700774854,0.006691038012
1959-11,57.23,1.82333,29.4,4.53,69432.64163,1376.960192,0.03464092259,0.03463121032
1959-12,59.06,1.83,29.4,4.69,71837.85239,1424.659364,-0.01480603059,-0.01485777176
1960-01,58.03,1.86667,29.3,4.72,71015.76918,1403.565814,-0.03603979264,-0.03609243782
1960-02,55.78,1.90333,29.4,4.49,68223.53077,1352.981593,-0.01072666428,-0.01078144795
1960-03,55.02,1.94,29.4,4.25,67491.71986,1338.468613,0.01584776748,0.01584272386
1960-04,55.73,1.94333,29.5,4.28,68328.90172,1359.680353,-0.006240400144,-0.006245394461
1960-05,55.22,1.94667,29.5,4.35,67902.50203,1351.195403,0.0398859109,0.03988088555
1960-06,57.26,1.95,29.6,4.15,70372.30499,1405.089063,-0.02196122948,-0.02196122948
1960-07,55.84,1.95,29.6,3.9,68826.84265,1374.23158,0.01490866762,0.01490866762
1960-08,56.51,1.95,29.6,3.8,69852.95917,1394.719541,-0.02720757388,-0.02720757388
1960-09,54.81,1.95,29.6,3.8,67952.42962,1356.772606,-0.01673964605,-0.01673964605
1960-10,53.73,1.95,29.8,3.89,66366.50765,1334.060713,0.0354085241,0.0354085241
1960-11,55.47,1.95,29.8,3.93,68716.44774,1381.297834,0.02690643591,0.02690643591
1960-12,56.8,1.95,29.8,3.84,70565.36244,1418.463636,0.05426448063,0.0542693662
1961-01,59.72,1.94667,29.8,3.84,74394.55518,1495.435828,0.04373650647,0.04374116711
1961-02,62.17,1.94333,29.8,3.78,77648.31312,1560.840967,0.03396600718,0.03397047075
1961-03,64.12,1.94,29.8,3.74,80285.71629,1613.856503,0.0291900603,0.0291900603
1961-04,65.83,1.94,29.8,3.78,82629.26119,1660.965071,0.01263355107,0.01263355107
1961-05,66.5,1.94,29.8,3.71,83673.16218,1681.948958,-0.01080200501,-0.01080200501
1961-06,65.62,1.94,29.8,3.88,82769.32426,1663.780537,-0.0002709158793,-0.0002793863659
1961-07,65.44,1.94667,30,3.92,82195.25473,1663.329793,0.03839818918,0.03838970813
1961-08,67.79,1.95333,29.9,4.04,85636.85987,1727.198645,-0.005408860697,-0.005417060038
1961-09,67.26,1.96,30,3.98,84889.74982,1717.856468,0.01345524829,0.01343046883
1961-10,68,1.98,30,3.92,86031.96248,1740.970653,0.04774509804,0.04772058824
1961-11,71.08,2,30,3.94,90139.56696,1824.093468,0.01165353592,0.01163008816
1961-12,71.74,2.02,30,4.06,91190.01164,1845.350606,-0.0348635466,-0.03487129449
1962-01,69.07,2.02667,30,4.08,88010.80442,1781.015139,0.01910299937,0.01909496405
1962-02,70.22,2.03333,30.1,4.04,89394.09445,1815.037871,0.003417829678,0.00340991408
1962-03,70.29,2.04,30.1,3.93,89699.62824,1821.241361,-0.0294415161,-0.02944942382
1962-04,68.05,2.04667,30.2,3.84,86770.46123,1767.621254,-0.07184260348,-0.07185075925
1962-05,62.99,2.05333,30.2,3.87,80536.64539,1640.630741,-0.1141186432,-0.1141274673
1962-06,55.63,2.06,30.2,3.91,71345.91269,1453.404187,0.027183579,0.02717358739
1962-07,56.97,2.06667,30.3,4.01,73043.48411,1492.912915,0.0302400825,0.03023034053
1962-08,58.52,2.07333,30.3,3.98,75252.32509,1538.058724,-0.005923900661,-0.005933398838
1962-09,58,2.08,30.4,3.98,74560.46366,1528.947417,-0.02853926724,-0.02856321839
1962-10,56.17,2.09667,30.4,3.93,72432.56266,1485.312378,0.07203330663,0.07200858999
1962-11,60.04,2.11333,30.4,3.92,77650.11965,1592.30434,0.04626082612,0.04623768876
1962-12,62.64,2.13,30.4,3.86,81242.27834,1665.965654,0.04147598712,0.04146711367
1963-01,65.06,2.13667,30.4,3.83,84611.88203,1735.063224,0.0159638923,0.01595536172
1963-02,65.92,2.14333,30.4,3.92,85962.617,1762.761587,-0.00107453479,-0.001082966727
1963-03,65.67,2.15,30.5,3.93,85588.70538,1760.867438,0.04980289072,0.04978173697
1963-04,68.76,2.16667,30.5,3.97,89851.27032,1848.563727,0.02271588375,0.02269569275
1963-05,70.14,2.18333,30.5,3.93,91892.32134,1890.555486,0.002186103983,0.002166298356
1963-06,70.11,2.2,30.6,3.99,91792.24931,1894.688436,-0.01221493605,-0.01221889412
1963-07,69.07,2.20333,30.7,4.02,90375.66754,1871.544938,0.03031546499,0.03031143526
1963-08,70.98,2.20667,30.7,4,93115.44792,1928.281693,0.02894007702,0.02893616747
1963-09,72.85,2.21,30.7,4.08,95810.21616,1984.086314,0.005025543354,0.004998856097
1963-10,73.03,2.23333,30.8,4.11,95979.07911,1994.057426,-0.003039082112,-0.003065715003
1963-11,72.62,2.25667,30.8,4.12,95687.39081,1987.997322,0.0239603415,0.02393356972
1963-12,74.17,2.28,30.9,4.13,97663.00569,2035.630416,0.03332060357,0.03330187407
1964-01,76.45,2.29667,30.9,4.17,100917.196,2103.458851,0.01481723349,0.01479907347
1964-02,77.39,2.31333,30.9,4.15,102412.5096,2134.626291,0.02072834561,0.0207103954
1964-03,78.8,2.33,30.9,4.22,104535.3515,2178.873563,0.01694867809,0.01693104907
1964-04,79.94,2.34667,30.9,4.23,106307.0876,2215.80259,0.01222096781,0.01220360062
1964-05,80.72,2.36333,30.9,4.2,107606.2631,2242.881842,-0.003489428477,-0.003506638173
1964-06,80.24,2.38,31,4.17,106884.873,2235.055466,0.03963110668,0.03961033566
1964-07,83.22,2.4,31.1,4.19,110763.537,2323.633188,-0.01223664183,-0.01225666907
1964-08,82,2.42,31,4.19,109761.0929,2295.19972,0.01967479675,0.01965447154
1964-09,83.41,2.44,31.1,4.2,111560.7467,2340.357308,0.01972185589,0.01970187428
1964-10,84.85,2.46,31.1,4.19,113760.9316,2386.513498,0.009389118051,0.009369475545
1964-11,85.44,2.48,31.2,4.15,114461.0046,2408.920755,-0.01488373908,-0.01490324594
1964-12,83.96,2.5,31.2,4.18,112757.3969,2373.067007,0.02822442234,0.02820787677
1965-01,86.12,2.51667,31.2,4.19,115939.9093,2440.045452,0.009766730531,0.009750609614
1965-02,86.75,2.53333,31.2,4.21,117072.2632,2463.876719,0.003371757925,0.003355744476
1965-03,86.83,2.55,31.3,4.21,117091.7086,2472.184315,0.01559560828,0.01557641368
1965-04,87.97,2.57,31.4,4.2,118539.1058,2510.739533,0.0173449282,0.01732598234
1965-05,89.28,2.59,31.4,4.21,120595.1581,2554.28813,-0.04505488351,-0.04507355137
1965-06,85.04,2.61,31.6,4.21,114432.8854,2439.204976,0.001045263013,0.001028927563
1965-07,84.91,2.62667,31.6,4.2,114552.4978,2441.754586,0.02120218467,0.02118583402
1965-08,86.49,2.64333,31.6,4.25,116981.2611,2493.525118,0.03597718426,0.03596112267
1965-09,89.38,2.66,31.6,4.29,121189.9174,2583.235131,0.02498694712,0.02496830014
1965-10,91.39,2.68,31.7,4.35,123826.2284,2647.78229,0.01077798446,0.0107597476
1965-11,92.15,2.7,31.7,4.45,125160.8255,2676.320047,-0.002098028577,-0.00211611503
1965-12,91.73,2.72,31.8,4.62,124505.4728,2670.705051,0.01982266797,0.01980449871
1966-01,93.32,2.74,31.8,4.61,126973.5034,2723.64555,-0.004286326618,-0.004304186312
1966-02,92.69,2.76,32,4.83,125639.0707,2711.971116,-0.03860538713,-0.03862336822
1966-03,88.88,2.78,32.1,4.87,120412.4369,2607.274421,0.03322520065,0.03320957096
1966-04,91.6,2.79667,32.3,4.75,123642.8041,2693.901637,-0.0500606532,-0.05007580968
1966-05,86.78,2.81333,32.3,4.78,117453.1646,2559.043161,-0.005579242529,-0.005595250442
1966-06,86.06,2.83,32.4,4.81,116437.3776,2544.765639,0.0002033465024,0.0001839801689
1966-07,85.84,2.85,32.5,5.02,116102.713,2545.283108,-0.05767513203,-0.057694548
1966-08,80.65,2.87,32.7,5.22,108737.321,2398.483569,-0.032227733,-0.03224839843
1966-09,77.81,2.89,32.7,5.18,105232.9637,2321.185881,-0.005651233775,-0.005644090305
1966-10,77.13,2.88333,32.9,5.01,104002.1687,2308.068317,0.05315340983,0.05316060547
1966-11,80.99,2.87667,32.9,5.16,109530.2386,2430.750018,0.007151088612,0.007157951599
1966-12,81.33,2.87,32.9,4.84,110313.499,2448.132526,0.04131316857,0.04130292225
1967-01,84.45,2.88,32.9,4.58,114870.8992,2549.272638,0.03731004539,0.03730017762
1967-02,87.36,2.89,32.9,4.63,119156.7377,2644.386116,0.02634691697,0.0263373779
1967-03,89.42,2.9,33,4.54,121925.5559,2714.057537,0.01992469992,0.01992469992
1967-04,90.96,2.9,33.1,4.59,123979.1915,2768.134319,0.02057681032,0.02057681032
1967-05,92.59,2.9,33.2,4.85,126149.1725,2825.093694,-0.009918277712,-0.009918277712
1967-06,91.43,2.9,33.3,5.02,124522.921,2797.07363,0.01993024718,0.01992416785
1967-07,93.01,2.90667,33.4,5.16,126624.44,2852.819999,0.01852249758,0.01851653048
1967-08,94.49,2.91333,33.5,5.28,128584.8563,2905.661351,0.01654496067,0.01653907821
1967-09,95.81,2.92,33.6,5.3,130323.263,2953.735404,0.0009741502279,0.0009741502279
1967-10,95.66,2.92,33.7,5.48,130063.1248,2956.612786,-0.02881733919,-0.02881733919
1967-11,92.66,2.92,33.8,5.75,125941.3384,2871.411072,0.03111734657,0.03111734657
1967-12,95.3,2.92,33.9,5.7,129477.23,2960.761766,-0.0001661420077,-0.0001748863239
1968-01,95.04,2.93,34.1,5.53,128696.4473,2960.269859,-0.04256102694,-0.04256979517
1968-02,90.75,2.94,34.2,5.56,122858.7049,2834.277734,-0.01558310376,-0.0155922865
1968-03,89.09,2.95,34.3,5.74,120591.578,2790.110889,0.07662974707,0.07661727841
1968-04,95.67,2.96333,34.4,5.64,129455.0601,3003.916381,0.02558854221,0.02557692241
1968-05,97.87,2.97667,34.5,5.87,132382.7927,3080.782222,0.02941827594,0.02940692585
1968-06,100.5,2.99,34.7,5.72,135491.8064,3171.413524,0.0005002736318,0.0004892205638
1968-07,100.3,3.00333,34.9,5.5,134782.7436,3173.000098,-0.01932812396,-0.01933920738
1968-08,98.11,3.01667,35,5.42,131799.9956,3111.671959,0.03508816634,0.03507684402
1968-09,101.3,3.03,35.1,5.46,136035.9417,3220.854823,0.02718273281,0.02717176703
1968-10,103.8,3.04333,35.3,5.58,138942.0776,3308.406459,0.01786823218,0.01785752248
1968-11,105.4,3.05667,35.4,5.7,141025.222,3367.521833,0.01286369386,0.01285315465
1968-12,106.5,3.07,35.5,6.03,142436.963,3410.840603,-0.03984350548,-0.0398513302
1969-01,102,3.08,35.6,6.04,136377.6128,3274.940757,-0.00237745098,-0.002385620915
1969-02,101.5,3.09,35.8,6.19,135293.307,3267.154746,-0.01912972085,-0.01913793103
1969-03,99.3,3.1,36.1,6.3,131602.3706,3204.654988,0.02275092313,0.02274253105
1969-04,101.3,3.11,36.3,6.17,133854.8678,3277.563847,0.03514313919,0.0351349128
1969-05,104.6,3.12,36.4,6.32,138178.2916,3392.747729,-0.04970522626,-0.04971319312
1969-06,99.14,3.13,36.6,6.57,130592.5668,3224.110436,-0.04204771871,-0.04205332526
1969-07,94.71,3.13667,36.8,6.72,124421.5481,3088.543947,-0.002830280153,-0.002836140147
1969-08,94.18,3.14333,37,6.69,123398.7548,3079.802503,0.006291144617,0.006285242797
1969-09,94.51,3.15,37.1,7.16,123840.3706,3099.177985,0.01346711988,0.01346418368
1969-10,95.52,3.15333,37.3,7.1,124835.1778,3140.914987,0.009977552694,0.009974638819
1969-11,96.21,3.15667,37.5,7.14,125408.2968,3172.253632,-0.0502719745,-0.05027485882
1969-12,91.11,3.16,37.7,7.65,118471.9238,3012.778178,-0.005887269967,-0.005890315736
1970-01,90.31,3.16333,37.8,7.79,117462.875,2995.04114,-0.03195782121,-0.03196090319
1970-02,87.16,3.16667,38,7.24,113110.5489,2899.32615,0.02012582224,0.02012263844
1970-03,88.65,3.17,38.2,7.07,114782.8714,2957.677473,-0.02747383907,-0.02747696936
1970-04,85.95,3.17333,38.5,7.39,110759.5062,2876.418718,-0.1119869401,-0.1119901784
1970-05,76.06,3.17667,38.6,7.91,98101.07999,2554.297387,-0.0026952406,-0.002698889035
1970-06,75.59,3.18,38.8,7.84,97332.36122,2547.412941,0.005229230057,0.005225558936
1970-07,75.72,3.18333,39,7.46,97339.5841,2560.73395,0.0325614875,0.03255781167
1970-08,77.92,3.18667,39,7.53,100509.1057,2644.115256,0.06321654689,0.06321298554
1970-09,82.58,3.19,39.2,7.39,106317.7252,2811.267092,0.02487822919,0.02489505126
1970-10,84.37,3.17333,39.4,7.33,108409.6117,2881.206439,0.002051153649,0.002067608945
1970-11,84.28,3.15667,39.6,6.84,108083.3301,2887.116236,0.07156699889,0.07158348165
1970-12,90.05,3.14,39.8,6.39,115236.527,3093.738481,0.0410975384,0.04110679252
1971-01,93.49,3.13,39.8,6.24,119972.4646,3220.883517,0.04150176489,0.0415106785
1971-02,97.11,3.12,39.9,6.11,124638.3719,3354.555867,0.02830982048,0.02831840181
1971-03,99.6,3.11,40,5.7,127846.4447,3449.522742,0.03673583501,0.03673862115
1971-04,103,3.10667,40.1,5.83,132212.4595,3576.24384,-0.01108144822,-0.01107874595
1971-05,101.6,3.10333,40.3,6.39,130098.4837,3536.613879,-0.01596128609,-0.01595855479
1971-06,99.72,3.1,40.6,6.52,127075.9696,3480.164973,-0.004632412421,-0.00462962963
1971-07,99,3.09667,40.7,6.73,126176.5217,3464.043414,-0.01517396465,-0.0151711532
1971-08,97.24,3.09333,40.8,6.58,123957.3601,3411.480142,0.02486116824,0.02486402201
1971-09,99.4,3.09,40.8,6.14,127039.0849,3496.293523,-0.01864241281,-0.01863682093
1971-10,97.29,3.08333,40.9,5.93,124365.9513,3431.114176,-0.04372094597,-0.04371524137
1971-11,92.78,3.07667,40.9,5.81,118928.5543,3281.102619,0.07163002084,0.07163601171
1971-12,99.17,3.07,41.1,5.93,126827.227,3516.128068,0.04422540419,0.04422540419
1972-01,103.3,3.07,41.1,5.95,132436.2124,3671.630253,0.02086963537,0.02086963537
1972-02,105.2,3.07,41.3,6.08,134545.3858,3748.255837,0.02619613435,0.02619613435
1972-03,107.7,3.07,41.4,6.07,137736.4525,3846.445651,0.01258898174,0.01258898174
1972-04,108.8,3.07,41.5,6.19,139134.3409,3894.868485,-0.007758884804,-0.007758884804
1972-05,107.7,3.07,41.6,6.13,137722.951,3864.648649,0.005160940885,0.005160940885
1972-06,108,3.07,41.7,6.11,138101.7557,3884.593872,-0.005036010802,-0.005038580247
1972-07,107.2,3.07333,41.9,6.11,136750.3965,3865.031015,0.03783945118,0.03783685479
1972-08,111,3.07667,42,6.21,141587.0399,4011.281668,-0.0121021021,-0.0121046021
1972-09,109.4,3.08,42.1,6.55,139541.2979,3962.736727,0.004192055149,0.004174283973
1972-10,109.6,3.10333,42.3,6.48,139463.7272,3979.348738,0.052559816,0.05254206965
1972-11,115.1,3.12667,42.4,6.28,146447.703,4188.502576,0.02313205908,0.02311516797
1972-12,117.5,3.15,42.5,6.36,149482.7862,4285.391265,0.009898347518,0.009893617021
1973-01,118.4,3.15667,42.6,6.46,150608.0469,4327.809557,-0.03324653012,-0.03325121762
1973-02,114.2,3.16333,42.9,6.64,144582.6641,4183.924906,-0.01344862814,-0.01345349533
1973-03,112.4,3.17,43.3,6.71,141320.5515,4127.656856,-0.01632067764,-0.01633303677
1973-04,110.3,3.18667,43.6,6.67,138057.5853,4060.290699,-0.02568500302,-0.02569758991
1973-05,107.2,3.20333,43.9,6.85,133592.3623,3956.00212,-0.01988495025,-0.01989790889
1973-06,104.8,3.22,44.2,6.9,130047.1797,3877.337215,0.01211567271,0.0121024173
1973-07,105.8,3.23667,44.3,7.13,131325.6719,3924.313763,-0.01634110744,-0.01635422968
1973-08,103.8,3.25333,45.1,7.4,126888.2297,3860.186131,0.01996628131,0.0199528982
1973-09,105.6,3.27,45.2,7.09,129135.3845,3937.259693,0.04238215751,0.0423532197
1973-10,109.8,3.30667,45.6,6.79,133427.6451,4104.129253,-0.06850081208,-0.0685286354
1973-11,102,3.34333,45.9,6.73,123475.4049,3822.993066,-0.06802287582,-0.06805283497
1973-12,94.78,3.38,46.2,6.74,114329.0043,3562.942084,0.01702187522,0.01700429064
1974-01,96.11,3.4,46.6,6.99,115277.0289,3623.590039,-0.02471126834,-0.02472860958
1974-02,93.45,3.42,47.2,6.96,110999.2129,3534.046534,0.04576422329,0.04574638844
1974-03,97.44,3.44,47.8,7.21,114621.947,3695.779428,-0.04814928845,-0.04816639299
1974-04,92.46,3.46,48,7.51,108648.386,3517.830279,-0.02703871945,-0.02705674526
1974-05,89.67,3.48,48.6,7.58,104405.6028,3422.712653,0.004590907401,0.004572320732
1974-06,89.79,3.5,49,7.54,104028.7158,3438.426009,-0.1134406207,-0.1134684635
1974-07,79.31,3.53,49.4,7.81,91480.85125,3048.368829,-0.03761610558,-0.03764762745
1974-08,76.03,3.56,50,8.04,86983.22152,2933.701065,-0.1001030295,-0.1001359113
1974-09,68.12,3.59,50.6,8.04,77347.76435,2640.028701,0.02377340233,0.02376932864
1974-10,69.44,3.59333,51.1,7.9,78411.76407,2702.791165,0.03743840006,0.0374343918
1974-11,71.74,3.59667,51.5,7.68,80715.55079,2803.979342,-0.06091441316,-0.06091828129
1974-12,67.07,3.6,51.9,7.43,75214.61917,2633.176586,0.08635670444,0.08632771731
1975-01,72.56,3.62333,52.1,7.5,81396.24014,2860.569038,0.1081021109,0.1080753055
1975-02,80.1,3.64667,52.5,7.39,89508.14288,3169.802589,0.04976071577,0.04973644403
1975-03,83.78,3.67,52.7,7.73,93605.53961,3327.534235,0.01488355415,0.01487029522
1975-04,84.72,3.68333,52.9,8.23,94639.55931,3377.059771,0.06713946923,0.06712634758
1975-05,90.1,3.69667,53.2,8.06,100424.0963,3603.793772,0.02895856456,0.02894623566
1975-06,92.4,3.71,53.6,7.86,102561.0979,3708.154466,0.00431998557,0.00431998557
1975-07,92.49,3.71,54.2,8.06,101863.8929,3724.17364,-0.06996251847,-0.06996251847
1975-08,85.71,3.71,54.3,8.4,94562.76833,3463.621073,-0.00852681523,-0.00852681523
1975-09,84.67,3.71,54.6,8.43,93241.30375,3434.087416,0.04970276761,0.04971260974
1975-10,88.57,3.7,54.9,8.14,97340.81496,3604.771065,0.02040758722,0.02041699597
1975-11,90.07,3.69,55.3,8.05,98608.8446,3678.335745,-0.01180563266,-0.01179638059
1975-12,88.7,3.68,55.5,8,97093.55272,3634.910664,0.0954559658,0.09545283728
1976-01,96.86,3.68333,55.6,7.74,106170.4135,3981.884572,0.04178425046,0.0417813769
1976-02,100.6,3.68667,55.8,7.79,110210.225,4148.264635,0.008026838966,0.008024080517
1976-03,101.1,3.69,55.9,7.73,110896.1262,4181.562087,0.01097373063,0.01095450049
1976-04,101.9,3.71333,56.1,7.56,111713.3803,4227.449423,-0.003813649002,-0.003832736343
1976-05,101.2,3.73667,56.5,7.9,110499.4697,4211.327414,0.009025032938,0.009005821805
1976-06,101.8,3.76,56.8,7.86,110907.8398,4249.334783,0.02667812705,0.02665356909
1976-07,104.2,3.79,57.1,7.83,113268.4047,4362.699076,-0.005582213692,-0.005606206014
1976-08,103.3,3.82,57.4,7.77,112047.4257,4338.345558,0.02440303324,0.02437883188
1976-09,105.5,3.85,57.6,7.59,114383.1751,4444.214349,-0.03102948657,-0.0310821485
1976-10,101.9,3.91667,57.9,7.41,110259.6549,4306.312659,-0.003611931632,-0.003666445862
1976-11,101.2,3.98333,58,7.29,109671.9883,4290.758552,0.03791996047,0.03786506094
1976-12,104.7,4.05,58.2,6.87,113439.5749,4453.463947,-0.005335347023,-0.005372492837
1977-01,103.8,4.09667,58.5,7.21,112255.6977,4429.703171,-0.023648579,-0.02368603886
1977-02,101,4.14333,59.1,7.39,108488.3094,4324.946986,-0.00050330033,-0.0005418069307
1977-03,100.6,4.19,59.5,7.46,107704.7411,4322.770239,-0.01188976972,-0.01193671306
1977-04,99.05,4.24667,60,7.37,105537.2886,4271.373496,0.0006926888777,0.0006450193505
1977-05,98.76,4.30333,60.3,7.46,105084.9682,4274.332229,0.009045497502,0.00899767956
1977-06,99.29,4.36,60.7,7.28,105336.7627,4312.99569,0.01286355625,0.01282438648
1977-07,100.2,4.40667,61,7.33,106167.0545,4368.476153,-0.02074739687,-0.02078620259
1977-08,97.75,4.45333,61.2,7.4,103624.6116,4277.841645,-0.01171355499,-0.01175334186
1977-09,96.23,4.5,61.4,7.34,102077.2134,4227.732911,-0.02192951782,-0.02197859295
1977-10,93.74,4.55667,61.6,7.52,99514.55765,4135.020767,0.009861789702,0.009811419885
1977-11,94.28,4.61333,61.9,7.58,100008.893,4175.799472,-0.0007513081601,-0.0008013983171
1977-12,93.82,4.67,62.1,7.69,99611.90765,4172.66216,-0.0338650874,-0.03390357422
1978-01,90.25,4.71333,62.5,7.96,95622.61503,4031.354591,-0.00967989843,-0.009719916898
1978-02,88.98,4.75667,62.9,8.03,94094.79116,3992.331488,0.002697235334,0.002656655054
1978-03,88.82,4.8,63.4,8.04,93604.51293,4003.099746,0.04833433724,0.04829993245
1978-04,92.71,4.83667,63.9,8.15,97360.99384,4196.586919,0.05507616043,0.05504320821
1978-05,97.41,4.87333,64.5,8.35,101767.6983,4427.718813,0.006766930158,0.00673555932
1978-06,97.66,4.91,65.2,8.46,101356.3617,4457.680877,-0.0005916188818,-0.0006229094136
1978-07,97.19,4.94667,65.7,8.64,100525.4963,4455.043629,0.07331286655,0.07328143328
1978-08,103.9,4.98333,66,8.41,107404.8754,4781.655648,0.004026307347,0.003996896054
1978-09,103.9,5.02,66.5,8.42,107026.5135,4800.908064,-0.02772163138,-0.0277350016
1978-10,100.6,5.03667,67.1,8.64,103129.0761,4667.81906,-0.05436271537,-0.0543765159
1978-11,94.71,5.05333,67.4,8.81,97088.62215,4414.063741,0.01924295217,0.01922828459
1978-12,96.11,5.07,67.7,9.01,98518.38473,4499.003358,0.04189065481,0.04185308501
1979-01,99.71,5.11333,68.3,9.1,101743.668,4687.469555,-0.01053332163,-0.01056954334
1979-02,98.23,5.15667,69.1,9.1,99506.44711,4638.094931,0.02344836947,0.02341161051
1979-03,100.1,5.2,69.8,9.12,100818.3959,4746.850694,0.02434787712,0.02430902431
1979-04,102.1,5.24667,70.6,9.18,102102.8763,4862.426432,-0.01889215638,-0.01893023996
1979-05,99.73,5.29333,71.5,9.25,98913.00215,4770.564711,0.02421538153,0.02417638457
1979-06,101.7,5.34,72.3,8.91,100187.2421,4886.085756,0.01425489184,0.01420845624
1979-07,102.7,5.39667,73.1,8.95,100503.3303,4955.73638,0.05018932976,0.05014335443
1979-08,107.4,5.45333,73.8,9.03,104546.3969,5204.461467,0.01544847921,0.01540450807
1979-09,108.6,5.51,74.6,9.33,105023.0188,5284.862482,-0.03348935697,-0.03352516882
1979-10,104.5,5.55667,75.2,10.3,100695.9782,5107.875836,-0.003187137161,-0.003224346093
1979-11,103.7,5.60333,75.9,10.65,99449.32123,5091.596335,0.04407746705,0.04403996303
1979-12,107.8,5.65,76.7,10.39,102749.7936,5316.021004,0.03316326531,0.03312461348
1980-01,110.9,5.7,77.8,10.8,104656.3734,5492.317619,0.04399609258,0.04395852119
1980-02,115.3,5.75,78.9,12.41,107737.5632,5733.958134,-0.087742122,-0.08777825961
1980-03,104.7,5.8,80.1,12.75,96812.0147,5230.84848,-0.01158335721,-0.01162050302
1980-04,103,5.84667,81,11.47,94627.37759,5170.257693,0.0503991343,0.0503613835
1980-05,107.7,5.89333,81.8,10.18,98424.42244,5430.834205,0.06866295265,0.06862684154
1980-06,114.6,5.94,82.7,9.78,104037.863,5803.731317,0.04972609802,0.04969458988
1980-07,119.8,5.98333,82.7,10.25,109211.26,6092.328229,0.03507698247,0.035046835
1980-08,123.5,6.02667,83.3,11.1,112227.8329,6306.02872,0.02838731444,0.02835807692
1980-09,126.5,6.07,84,11.51,114451.899,6485.03994,0.03326745718,0.03324769433
1980-10,130.2,6.1,84.8,11.75,117143.7678,6700.780728,0.04616615463,0.04614695341
1980-11,135.7,6.13,85.5,12.68,121548.4966,7010.130008,-0.01242937853,-0.01244780152
1980-12,133.5,6.16,86.3,12.84,118924.976,6922.998448,0.0001248439451,9.987515605e-05
1981-01,133,6.2,87,12.57,117982.836,6923.862743,-0.03067669173,-0.03070175439
1981-02,128.4,6.24,87.9,13.19,113192.5555,6711.46154,0.04145898235,0.04143302181
1981-03,133.2,6.28,88.5,13.12,117086.1805,6989.711905,0.01296087963,0.01293793794
1981-04,134.4,6.31667,89.1,13.68,117805.0422,7080.30472,-0.016149969,-0.01617269965
1981-05,131.7,6.35333,89.8,14.1,114999.0228,6965.958018,0.008599088838,0.008575885852
1981-06,132.3,6.39,90.6,13.47,114963.7338,7025.85891,-0.02013521668,-0.02016250945
1981-07,129.1,6.43333,91.6,14.28,111419.1225,6884.391719,0.008053621224,0.008025645494
1981-08,129.6,6.47667,92.3,14.94,111464.6459,6939.836002,-0.08299897119,-0.08302683256
1981-09,118.3,6.52,93.2,15.32,101226.1576,6363.836753,0.01729830234,0.01727247112
1981-10,119.8,6.55667,93.4,15.15,102756.6904,6473.920326,0.03046280607,0.03043730523
1981-11,122.9,6.59333,93.7,13.39,105547.9285,6671.134105,0.01181855167,0.01179368728
1981-12,123.8,6.63,94,13.72,106454.5159,6749.977248,-0.04802100162,-0.04804119548
1982-01,117.3,6.66,94.3,14.59,101020.059,6425.83658,-0.01911764706,-0.01913895993
1982-02,114.5,6.69,94.6,14.43,98774.55808,6302.989704,-0.02742358079,-0.02744541485
1982-03,110.8,6.72,94.5,13.86,96167.46294,6130.139157,0.05471570397,0.05469314079
1982-04,116.3,6.75,94.9,13.87,101001.8125,6465.554036,0.005717970765,0.005696474635
1982-05,116.4,6.78,95.8,13.62,100625.0435,6502.523885,-0.0526847079,-0.05270618557
1982-06,109.7,6.81,97,14.3,94144.3809,6159.940313,0.002448594652,0.002438468551
1982-07,109.4,6.82333,97.5,13.95,93890.92847,6175.02351,0.007949931444,0.007939769957
1982-08,109.7,6.83667,97.7,13.06,94443.62441,6224.114524,0.1209738681,0.120963742
1982-09,122.4,6.85,97.9,12.34,105652.5554,6977.069734,0.08881853894,0.08881399782
1982-10,132.7,6.85667,98.2,10.91,114685.0258,7596.762873,0.04500334715,0.04499916478
1982-11,138.1,6.86333,98,10.55,120090.82,7938.64263,0.01355901521,0.01355499035
1982-12,139.4,6.87,97.6,10.54,122217.9822,8046.282806,0.03926550096,0.03925753228
1983-01,144.3,6.88333,97.8,10.46,126757.1841,8362.224132,0.02130784823,0.02130014438
1983-02,146.8,6.89667,97.9,10.72,129325.8719,8540.405134,0.0386637148,0.03865614782
1983-03,151.9,6.91,97.9,10.51,134326.0906,8870.608923,0.04197937239,0.04197388633
1983-04,157.7,6.92,98.6,10.4,138971.3491,9242.991518,0.04424540266,0.04424011837
1983-05,164.1,6.93,99.2,10.38,144242.4493,9651.9514,0.01754011781,0.01753503961
1983-06,166.4,6.94,99.5,10.85,146329.9488,9821.247764,0.007091346154,0.007081330128
1983-07,167,6.96,99.9,11.38,146777.5645,9890.893632,-0.02406187625,-0.02407185629
1983-08,162.4,6.98,100.2,11.85,142816.9412,9652.900173,0.03314860427,0.03313834154
1983-09,167.2,7,100.7,11.65,146818.4963,9972.880341,0.006494218501,0.006479266348
1983-10,167.7,7.03,101,11.54,147333.041,10037.64641,-0.01139932419,-0.01141423176
1983-11,165.2,7.06,101.2,11.69,145365.6911,9923.22402,-0.00126614205,-0.001281275222
1983-12,164.4,7.09,101.3,11.83,145038.319,9910.659808,0.01577453366,0.01575932685
1984-01,166.4,7.12,101.9,11.67,146458.7555,10066.99585,-0.05110677083,-0.05112179487
1984-02,157.3,7.15,102.4,11.84,138295.1388,9552.504196,0.004439499894,0.004423606696
1984-03,157.4,7.18,102.6,12.32,138638.3221,9594.912537,0.00509494388,0.005072003388
1984-04,157.6,7.22333,103.1,12.63,138668.9022,9643.798078,-0.002502818316,-0.002525734983
1984-05,156.6,7.26667,103.4,13.41,137920.5185,9619.661403,-0.01845998297,-0.01848304066
1984-06,153.1,7.31,103.7,13.56,134982.875,9442.082618,-0.009071777705,-0.009084476377
1984-07,151.1,7.33333,104.1,13.36,133244.3794,9356.426143,0.09207846349,0.09206559122
1984-08,164.4,7.35667,104.5,12.72,144956.3283,10217.95149,0.01408150852,0.01406968268
1984-09,166.1,7.38,105,12.52,146297.5438,10361.83566,-0.004098936384,-0.004124021674
1984-10,164.8,7.43,105.3,12.16,145282.7858,10319.36315,0.01288430421,0.01285902104
1984-11,166.3,7.48,105.3,11.57,147154.6534,10452.32097,-0.007050511124,-0.007075566246
1984-12,164.5,7.53,105.3,11.5,146117.1379,10378.62676,0.04699763425,0.04697568389
1985-01,171.6,7.57333,105.5,11.38,152694.2801,10866.39767,0.05789465326,0.05787360625
1985-02,180.9,7.61667,106,11.51,160772.5075,11495.50399,-0.004763220932,-0.004783181316
1985-03,179.4,7.66,106.4,11.86,159405.1835,11440.74836,0.01025950855,0.01024712003
1985-04,180.6,7.68667,106.9,11.43,160287.3722,11558.12482,0.02736864618,0.02735634459
1985-05,184.9,7.71333,107.3,10.85,164060.3372,11874.45505,0.0251216874,0.02510966739
1985-06,188.9,7.74,107.6,10.16,167712.9013,12172.7614,0.02248691106,0.02247220752
1985-07,192.5,7.77333,107.8,10.31,171166.0938,12446.4892,-0.018438671,-0.0184531039
1985-08,188.3,7.80667,108,10.33,167698.8889,12216.99248,-0.01883519207,-0.01884994247
1985-09,184.1,7.84,108.3,10.37,164084.4579,11986.88308,0.0149646931,0.01495564005
1985-10,186.2,7.86,108.7,10.24,165927.0891,12166.26311,0.0642141067,0.06420515575
1985-11,197.5,7.88,109,9.78,176095.9435,12947.50882,0.0529535865,0.05294514768
1985-12,207.3,7.9,109.3,9.26,184911.9234,13633.12585,0.007533365493,0.007517285737
1986-01,208.2,7.94,109.6,9.19,185794.9737,13735.82917,0.05698847262,0.05697246238
1986-02,219.4,7.98,109.3,8.7,196922.166,14518.6131,0.06184290489,0.06182771194
1986-03,232.3,8.02,108.8,7.78,210061.3442,15416.48631,0.02742383054,0.02741426317
1986-04,238,8.04667,108.6,7.3,216219.4932,15839.26541,0.004927636555,0.004918301821
1986-05,238.5,8.07333,108.9,7.71,216686.3631,15917.31556,0.03134171908,0.03133240042
1986-06,245.3,8.1,109.5,7.8,222253.151,16416.19159,-0.01802441568,-0.01803913575
1986-07,240.2,8.14333,109.5,7.3,218247.1678,16120.29933,0.0228235741,0.02280853802
1986-08,245,8.18667,109.7,7.17,222821.3685,16488.22218,-0.02454761905,-0.02456235714
1986-09,238.3,8.23,110.2,7.45,216365.4655,16083.47558,-0.0008928976081,-0.0008987270947
1986-10,237.4,8.24667,110.3,7.43,215976.2876,16069.11468,0.03533534471,0.03532949663
1986-11,245.1,8.26333,110.4,7.25,223405.3408,16636.92239,0.01709506324,0.01708939548
1986-12,248.6,8.28,110.5,7.11,227018.8362,16921.33163,0.06674041298,0.06673370877
1987-01,264.5,8.3,111.2,7.08,240645.7146,18050.66829,0.06462507876,0.06461877757
1987-02,280.9,8.32,111.6,7.25,255279.1924,19217.19415,0.04377002492,0.04376409161
1987-03,292.5,8.34,112.1,7.25,265264.3088,20058.33122,-0.008547008547,-0.008564102564
1987-04,289.3,8.4,112.7,8.02,261596.9305,19886.89249,0.00174559281,0.001728309713
1987-05,289.1,8.46,113.1,8.61,261126.7692,19921.6069,0.04500172951,0.04498443445
1987-06,301.4,8.52,113.5,8.4,271916.2411,20818.11367,0.03123387248,0.03122096881
1987-07,310.1,8.56667,113.8,8.45,279670.0224,21468.34398,0.06455265237,0.0645401134
1987-08,329.4,8.61333,114.4,8.76,296161.9774,22854.18252,-0.03029245092,-0.03030425774
1987-09,318.7,8.66,115,9.42,285692.12,22161.87332,-0.1185257818,-0.1185388558
1987-10,280.2,8.71,115.3,9.52,251174.999,19535.11996,-0.1230192719,-0.1230341423
1987-11,245,8.76,115.4,8.86,220084.7534,17131.92372,-0.01332993197,-0.01334693878
1987-12,241,8.81,115.4,8.99,217151.0386,16903.55635,0.04248155947,0.04246542185
1988-01,250.5,8.85667,115.7,8.67,225788.9803,17621.64578,0.03330117432,0.03328565203
1988-02,258.1,8.90333,116,8.21,232704.6356,18208.46728,0.03233565801,0.03232058956
1988-03,265.7,8.95,116.5,8.37,239198.2661,18797.25005,-0.008830971647,-0.008860243382
1988-04,262.6,9.04333,117.1,8.72,235871.1261,18631.25207,-0.02185304963,-0.02188267009
1988-05,256.1,9.13667,117.5,9.09,229931.2044,18224.10239,0.06001236496,0.05998199597
1988-06,270.7,9.23,118,8.92,242697.1659,19317.77387,-0.003045600911,-0.0030692033
1988-07,269.1,9.30667,118.5,9.06,240937.0873,19258.93965,-0.01716111421,-0.01718485383
1988-08,263.7,9.38333,119,9.26,235807.3706,18928.43478,0.01929591708,0.01927168816
1988-09,268,9.46,119.8,8.98,238752.4317,19293.67629,0.03804415423,0.03801616915
1988-10,277.4,9.55,120.2,8.8,247010.8221,20027.68789,-0.0201754386,-0.02020247537
1988-11,271,9.64,120.3,8.96,241826.084,19623.6205,0.02329335793,0.0232595326
1988-12,276.5,9.75,120.5,9.11,247048.3051,20080.72052,0.03514566908,0.03512658228
1989-01,285.4,9.81333,121.1,9.09,254463.9427,20786.47087,0.03302285389,0.03299851962
1989-02,294,9.89667,121.6,9.17,261786.2005,21472.89946,-0.00158446712,-0.001616590136
1989-03,292.7,10.01,122.3,9.36,259875.4155,21438.87636,0.0356698269,0.03564798998
1989-04,302.3,10.0867,123.1,9.18,267396.0112,22203.59737,0.0411824071,0.04115302128
1989-05,313.9,10.1933,123.8,8.86,276833.8254,23117.99496,0.03397313369,0.03392622385
1989-06,323.7,10.37,124.1,8.28,285546.7829,23903.38569,0.02801547214,0.02800175059
1989-07,331.9,10.4233,124.4,8.02,292838.6012,24573.05033,0.0469385106,0.04690752737
1989-08,346.6,10.5467,124.6,8.11,306091.8999,25726.47271,0.0045994422,0.004555371225
1989-09,347.3,10.73,125,8.19,306515.7527,25844.80013,0.002878563202,0.002862558787
1989-10,347.4,10.7967,125.6,8.01,305929.6155,25919.19602,-0.01810513817,-0.01813550662
1989-11,340.2,10.9233,125.9,7.87,299674.9334,25449.9254,0.0274005487,0.02736706349
1989-12,348.6,11.06,126.1,7.84,307397.8704,26147.26732,-0.02209313444,-0.02211225856
1990-01,339.97,11.14,127.4,8.21,297539.0747,25569.59223,-0.02524977694,-0.02527183771
1990-02,330.45,11.23,128,8.47,288666.7813,24923.96573,0.02709436627,0.02707166995
1990-03,338.46,11.32,128.7,8.59,294875.4248,25599.26478,0.001988590478,0.001959857393
1990-04,338.18,11.4367,128.9,8.79,295003.3756,25650.17124,0.03853798273,0.0385092505
1990-05,350.25,11.5533,129.2,8.76,305660.82,26638.67709,0.03172495836,0.03169957173
1990-06,360.39,11.66,129.9,8.48,313658.5086,27483.78801,0.001712658509,0.001697235402
1990-07,360.03,11.7267,130.4,8.47,312990.9604,27530.85836,-0.07859916766,-0.07861226842
1990-08,330.75,11.7833,131.6,8.75,285760.4341,25366.95581,-0.04339884102,-0.04341060721
1990-09,315.41,11.83,132.7,8.89,271092.7893,24266.05932,-0.02313214018,-0.02315768893
1990-10,307.12,11.9267,133.5,8.72,263234.8856,23704.73344,0.02986164474,0.02983814687
1990-11,315.29,12.0133,133.8,8.39,270487.6748,24412.59577,0.04588632687,0.04586605453
1990-12,328.75,12.09,133.8,8.08,282899.3606,25532.80012,-0.00684747782,-0.006851711027
1991-01,325.49,12.1067,134.6,8.09,279292.3044,25357.96483,0.1160694389,0.1160677491
1991-02,362.26,12.1133,134.8,7.85,311247.1283,28301.24958,0.03044544434,0.03044620346
1991-03,372.28,12.11,135,8.11,320248.04,29162.8937,0.02259276172,0.0225882848
1991-04,379.68,12.13,135.2,8.04,326998.8848,29821.76401,-0.001786592218,-0.001788787049
1991-05,377.99,12.14,135.6,8.07,325451.796,29768.48468,0.003472314082,0.003470109439
1991-06,378.29,12.15,136,8.28,325621.332,29871.85021,0.007814397244,0.007804858706
1991-07,380.23,12.1933,136.2,8.27,327683.9782,30105.28071,0.02679884544,0.02678933365
1991-08,389.4,12.2367,136.6,7.9,335480.2727,30912.06748,-0.003021742852,-0.003031009245
1991-09,387.2,12.28,137.2,7.65,333003.856,30818.65916,0.001810713671,0.001816460055
1991-10,386.88,12.2533,137.4,7.53,333121.2311,30874.46292,0.0001522220499,0.0001579516474
1991-11,385.92,12.2267,137.8,7.42,332204.8221,30879.1627,0.009345632946,0.00935139839
1991-12,388.51,12.2,137.9,7.09,335066.3324,31167.74802,0.07358883941,0.07358025962
1992-01,416.08,12.24,138.1,7.03,359202.514,33461.34642,-0.006000448632,-0.006008459912
1992-02,412.56,12.28,138.6,7.34,355759.089,33260.56333,-0.01011570034,-0.01012377998
1992-03,407.36,12.32,139.3,7.54,350390.6867,32924.10944,0.002643034826,0.002643034826
1992-04,407.41,12.32,139.5,7.48,350813.1015,33011.12901,0.02068350474,0.02068350474
1992-05,414.81,12.32,139.7,7.39,357556.5201,33693.91485,-0.0132912257,-0.0132912257
1992-06,408.27,12.32,140.2,7.26,351545.9383,33246.08142,0.01912608894,0.0191213331
1992-07,415.05,12.3433,140.5,6.84,357504.6487,33881.94893,0.00942189696,0.009417198731
1992-08,417.93,12.3667,140.9,6.59,359848.5408,34201.18117,0.003788513228,0.00378187336
1992-09,418.48,12.4,141.3,6.42,360189.293,34330.75279,-0.01182320541,-0.01182055694
1992-10,412.5,12.3867,141.8,6.59,354675.6562,33924.85325,0.02756834343,0.0275690303
1992-11,422.84,12.3833,142,6.87,363940.1617,34860.10526,0.03271331946,0.03271199902
1992-12,435.64,12.39,141.9,6.77,376110.7192,36000.49502,0.00143338919,0.001428932146
1993-01,435.23,12.4133,142.6,6.6,374800.92,36052.09774,0.01724886841,0.01724247333
1993-02,441.7,12.4467,143.1,6.26,379933.6461,36673.95563,0.02150781073,0.02150152819
1993-03,450.16,12.48,143.6,5.98,386753.8459,37462.73212,-0.01341498949,-0.01341745157
1993-04,443.08,12.4933,144,5.97,380505.6428,36960.16997,0.007249763022,0.007247242785
1993-05,445.25,12.5067,144.2,6.04,382732.6454,37228.12244,0.008654314056,0.008651824818
1993-06,448.06,12.52,144.4,5.96,385510.2457,37550.3063,0.0006100373462,0.0006100373462
1993-07,447.29,12.52,144.4,5.81,385745.4213,37573.21339,0.01762465813,0.01762465813
1993-08,454.13,12.52,144.8,5.68,391459.6766,38235.42843,0.01354971778,0.01354971778
1993-09,459.24,12.52,145.1,5.36,395943.5198,38753.5077,0.01242269837,0.01241906919
1993-10,463.9,12.54,145.7,5.33,399211.4358,39234.93083,7.904002299e-05,7.544729468e-05
1993-11,462.89,12.56,145.8,5.72,398969.1603,39238.03196,0.008875398763,0.008871798195
1993-12,465.95,12.58,145.8,5.77,402510.1707,39586.28514,0.01736654505,0.01735880102
1994-01,472.99,12.6233,146.2,5.75,408379.9976,40273.76215,-0.0007493639753,-0.0007570103667
1994-02,471.58,12.6667,146.7,5.97,406683.1272,40243.58244,-0.01423052999,-0.01423818157
1994-03,463.81,12.71,147.2,6.48,399534.0722,39670.89493,-0.03345599491,-0.03346377468
1994-04,447.23,12.7533,147.4,6.97,385643.2905,38343.66568,0.01059050526,0.01058241844
1994-05,450.9,12.7967,147.5,7.18,389463.2258,38749.74447,0.01108893324,0.01108093073
1994-06,454.83,12.84,148,7.1,392451.613,39179.4378,-0.005183255282,-0.005188751841
1994-07,451.4,12.87,148.4,7.3,389365.098,38976.36077,0.03082631812,0.0308207798
1994-08,464.24,12.9,149,7.24,399751.5443,40177.85847,0.00817824114,0.008174651043
1994-09,466.96,12.92,149.4,7.46,401941.7705,40506.44268,-0.004423415996,-0.004440066244
1994-10,463.81,13.0133,149.5,7.74,399896.1467,40327.26583,-0.003683854021,-0.003698838605
1994-11,461.01,13.0967,149.7,7.96,397890.6925,40178.70607,-0.0102438125,-0.01025706239
1994-12,455.19,13.17,149.7,7.81,393814.7748,39767.12294,0.02451357309,0.02451174235
1995-01,465.25,13.18,150.3,7.78,401857.9291,40741.95722,0.03819093677,0.03819093677
1995-02,481.92,13.18,150.9,7.47,415546.392,42297.93073,0.02557997178,0.02558170097
1995-03,493.15,13.17,151.4,7.2,424768.6063,43379.9106,0.03216791713,0.03215553077
1995-04,507.91,13.2433,151.9,7.06,436989.3659,44775.35197,0.03348800312,0.03347760102
1995-05,523.81,13.3067,152.2,6.63,450733.0768,46274.7891,0.03179269837,0.03178421883
1995-06,539.35,13.36,152.5,6.17,464148.2193,47745.98951,0.03548716047,0.03547479991
1995-07,557.37,13.44,152.5,6.28,480619.5217,49440.3591,0.005141707184,0.005131241366
1995-08,559.11,13.51,152.9,6.49,481826.9182,49694.56695,0.03718707708,0.03717664383
1995-09,578.77,13.58,153.2,6.2,498766.0407,51542.56265,0.009135753408,0.009125674563
1995-10,582.92,13.65,153.7,6.04,501685.2902,52013.44279,0.02359386079,0.0235838537
1995-11,595.53,13.72,153.6,5.93,513856.3073,53240.64072,0.03390117486,0.03389137967
1995-12,614.57,13.79,153.5,5.71,531622.7484,55045.56099,0.001639805067,0.001625797983
1996-01,614.42,13.8933,154.4,5.65,529390.5873,55135.82498,0.05905795981,0.05904393574
1996-02,649.54,13.9967,154.9,5.81,558845.5822,58392.03431,-0.001993718632,-0.0020069716
1996-03,647.07,14.1,155.7,6.27,554865.7294,58275.61703,0.001977722658,0.001970420511
1996-04,647.17,14.1567,156.3,6.51,553828.8846,58390.87003,0.0235555444,0.02354825625
1996-05,661.23,14.2133,156.6,6.74,565788.6588,59766.29877,0.01279307755,0.01278593177
1996-06,668.5,14.27,156.7,6.91,572661.1529,60530.89366,-0.03474943904,-0.03476564448
1996-07,644.07,14.4,157,6.87,551705.267,58427.47906,0.03077434647,0.03075752636
1996-08,662.68,14.53,157.3,6.64,567599.0518,60225.54655,0.02025361663,0.02023726887
1996-09,674.88,14.66,157.8,6.83,577260.0837,61445.33168,0.04120485617,0.04119497787
1996-10,701.46,14.74,158.3,6.53,599147.5627,63977.17773,0.05053032247,0.05052081848
1996-11,735.67,14.82,158.6,6.2,628232.0971,67209.96515,0.0119913367,0.01198227466
1996-12,743.25,14.9,158.6,6.3,635765.4397,68015.90247,0.03258137684,0.03257540083
1997-01,766.22,14.9533,159.1,6.58,654416.4495,70231.95422,0.04361744451,0.04361163678
1997-02,798.39,15.0067,159.6,6.42,680820.8224,73295.29259,-0.006231290472,-0.006236853752
1997-03,792.16,15.06,160,6.69,674886.984,72838.56833,-0.03404896107,-0.03405246415
1997-04,763.93,15.0933,160.2,6.89,651093.916,70358.49075,0.09218195166,0.09217830822
1997-05,833.09,15.1267,160.1,6.71,711557.1919,76844.27375,0.0533715845,0.05336825353
1997-06,876.29,15.16,160.3,6.49,748598.9625,80945.5744,0.05736463766,0.05735924561
1997-07,925.29,15.2167,160.5,6.22,790555.7254,85588.98794,0.003482989117,0.003477891616
1997-08,927.24,15.2733,160.8,6.3,791829.1679,85887.09346,0.01192517579,0.01192008002
1997-09,937.02,15.33,161.2,6.21,799283.6023,86911.31214,0.01645880024,0.01645375766
1997-10,951.16,15.3867,161.6,6.03,810427.8642,88341.76807,-0.01151547409,-0.01152043295
1997-11,938.92,15.4433,161.5,5.88,801591.4374,87324.47073,0.02635119783,0.02634616545
1997-12,962.37,15.5,161.3,5.81,823734.4365,89625.57513,0.002375212583,0.002370882994
1998-01,963.36,15.55,161.6,5.54,824158.1387,89838.45492,0.06402590932,0.06402158418
1998-02,1023.74,15.6,161.9,5.57,875300.6736,95590.44369,0.05313198013,0.05312872409
1998-03,1076.83,15.64,162.2,5.65,920102.1862,100669.3532,0.03406526564,0.034056753
1998-04,1112.2,15.75,162.5,5.64,949689.1965,104098.6815,-0.002211083139,-0.002218575796
1998-05,1108.42,15.85,162.8,5.65,945843.1827,103868.5107,0.001172088799,0.00116457059
1998-06,1108.39,15.95,163,5.5,945789.8908,103990.2538,0.04468167793,0.04467666315
1998-07,1156.58,16.0167,163.2,5.46,986838.5253,108636.7128,-0.06970527331,-0.06971007194
1998-08,1074.62,16.0833,163.4,5.34,916926.9912,101064.1611,-0.0489801046,-0.0489845015
1998-09,1020.64,16.14,163.6,4.81,870949.7772,96114.02788,0.01291074718,0.01290856717
1998-10,1032.47,16.1667,164,4.53,880042.696,97354.93179,0.1097451823,0.1097438424
1998-11,1144.43,16.1833,164,4.83,976623.142,108039.1665,0.04104226558,0.04104104955
1998-12,1190.05,16.2,163.9,4.65,1017326.289,112473.3387,0.05048270614,0.05047687072
1999-01,1248.77,16.28333333,164.3,4.72,1066081.887,118151.2972,-0.0006615398439,-0.0006671008719
1999-02,1246.58,16.36666667,164.5,5,1064081.341,118073.1354,0.02924066914,0.02923509834
1999-03,1281.66,16.45,165,5.23,1091877.016,121525.6729,0.04250022107,0.04250022107
1999-04,1334.76,16.45,166.2,5.18,1130063.388,126690.5409,-0.0009883175003,-0.0009883175003
1999-05,1332.07,16.45,166.2,5.54,1128946.526,126565.3304,-0.006117671494,-0.006117671494
1999-06,1322.55,16.45,166.2,5.9,1122040.002,125791.0453,0.04522786368,0.04522387307
1999-07,1380.99,16.51333333,166.7,5.79,1169269.816,131480.3055,-0.03774003513,-0.03774385686
1999-08,1327.49,16.57666667,167.1,5.94,1122448.195,126518.2342,-0.005976190656,-0.005980166413
1999-09,1318.17,16.64,167.9,5.92,1110424.017,125762.1371,-0.01272365814,-0.01272471178
1999-10,1300.01,16.65666667,168.2,6.11,1094340.019,124161.9826,0.07106056449,0.07105949612
1999-11,1391,16.67333333,168.3,6.03,1171408.001,132985.0032,0.02808830578,0.02808730729
1999-12,1428.68,16.69,168.3,6.28,1204310.867,136720.3266,-0.00118796527,-0.001189326278
2000-01,1425.59,16.71333333,168.8,6.66,1199317.154,136557.9076,-0.02477940907,-0.02478077303
2000-02,1388.87,16.73666667,169.8,6.52,1162710.687,133174.0834,0.03941093599,0.03940953597
2000-03,1442.21,16.76,171.2,6.26,1198651.331,138422.5987,0.01424549823,0.01424665386
2000-04,1461.36,16.74,171.3,5.99,1215017.01,140394.4975,-0.02838908049,-0.02838794
2000-05,1418.48,16.72,171.5,6.44,1179147.09,136408.8269,0.03163362661,0.03163480157
2000-06,1461.96,16.7,172.4,6.1,1210097.423,140723.9327,0.008496774498,0.008503424626
2000-07,1473,16.58333333,172.8,6.05,1217554.396,141919.6323,0.009390510674,0.00939711096
2000-08,1485.46,16.46666667,172.8,5.83,1228987.854,143252.3301,-0.01080305091,-0.01079650598
2000-09,1468.05,16.35,173.7,5.8,1209412.014,141704.7679,-0.05214381133,-0.05214229761
2000-10,1390.14,16.32333333,174,5.74,1144372.199,134315.7412,-0.007727239303,-0.007725640743
2000-11,1378.04,16.29666667,174.1,5.72,1134877.133,133277.8513,-0.0332023502,-0.0332007376
2000-12,1330.93,16.27,174,5.24,1097827.118,128852.7134,0.004543815227,0.004550076513
2001-01,1335.63,16.17,175.1,5.16,1095887.418,129438.1964,-0.02136881721,-0.02136257796
2001-02,1305.75,16.07,175.8,5.1,1068199.243,126672.2552,-0.09080541196,-0.09079902993
2001-03,1185.85,15.97,176.2,4.89,968996.201,115169.7289,0.004480377413,0.004486936234
2001-04,1189.84,15.87666667,176.9,5.14,969486.1357,115685.7327,0.068786793,0.06879332982
2001-05,1270.37,15.78333333,177.7,5.39,1031509.154,123643.3833,-0.02389264545,-0.023886523
2001-06,1238.71,15.69,178,5.28,1005166.71,120689.2158,-0.02660115048,-0.02660227172
2001-07,1204.45,15.70666667,177.5,5.24,981184.255,117478.7438,-0.02045723959,-0.02045839272
2001-08,1178.5,15.72333333,177.5,4.97,961111.9336,115075.453,-0.112472069,-0.1124732475
2001-09,1044.64,15.74,178.3,4.73,849186.367,102132.6787,0.031840315,0.031840315
2001-10,1076.59,15.74,177.7,4.57,879183.2813,105384.6153,0.05053146199,0.05053146199
2001-11,1129.68,15.74,177.4,4.65,925171.6083,110709.854,0.01466049383,0.01466049383
2001-12,1144.93,15.74,176.7,5.09,942453.8956,112332.9152,-0.002977134944,-0.002976892328
2002-01,1140.21,15.73666667,177.1,5.04,937525.7837,111998.4849,-0.03352793686,-0.03352769324
2002-02,1100.67,15.73333333,177.8,4.91,902525.1852,108243.4068,0.04945245472,0.04945270709
2002-03,1153.79,15.73,178.8,5.28,941859.9709,113596.3089,-0.03513685814,-0.03514432147
2002-04,1111.93,15.83333333,179.8,5.21,903711.655,109604.8916,-0.02819596957,-0.02820371386
2002-05,1079.25,15.93666667,179.8,5.16,878230.6286,106514.4754,-0.05920160605,-0.05920958485
2002-06,1014.02,16.04,179.9,4.93,825778.6887,100208.6474,-0.1075915662,-0.1075849917
2002-07,903.59,15.96,180.1,4.65,736113.5077,89427.04204,0.01138053026,0.01138790823
2002-08,912.55,15.88,180.7,4.26,742018.8469,90444.76919,-0.04758460724,-0.0475773017
2002-09,867.81,15.8,181,3.87,705538.8287,86140.99038,-0.01366178465,-0.01367042709
2002-10,854.63,15.89,181.3,3.94,694748.3925,84964.15072,0.06626454333,0.0662557676
2002-11,909.93,15.98,181.3,4.05,740785.5774,90594.26136,-0.01034237066,-0.01035061305
2002-12,899.18,16.07,180.9,4.03,734745.1578,89657.30193,-0.002220541679,-0.00222517553
2003-01,895.84,16.12,181.7,4.05,729885.8275,89458.21416,-0.0641437087,-0.06414835983
2003-02,837.03,16.17,183.1,3.9,677845.4389,83720.03253,0.01308395956,0.01307898164
2003-03,846.63,16.22,184.2,3.81,682613.4412,84815.42205,0.05285694787,0.05285858836
2003-04,890.03,16.20333333,183.8,3.96,720258.3833,89298.50639,0.05312055649,0.05312211698
2003-05,935.96,16.18666667,183.5,3.57,759758.9949,94042.09274,0.05704036497,0.05704184889
2003-06,988,16.17,183.7,3.33,802221.5693,99406.28803,0.005970816464,0.005959008097
2003-07,992.54,16.31,183.9,3.98,806133.8237,99999.82474,-0.001651486758,-0.001663241112
2003-08,989.53,16.45,184.6,4.45,801750.7072,99834.67635,0.03162359908,0.03161180897
2003-09,1019.44,16.59,185.2,4.27,824425.3444,102991.8081,0.0203000885,0.02027829004
2003-10,1038.73,16.85666667,185,4.29,842070.6154,105082.5509,0.01212725583,0.01210586218
2003-11,1049.9,17.12333333,184.5,4.3,854592.3302,106356.9139,0.03065926914,0.0306381031
2003-12,1080.64,17.39,184.3,4.27,881749.3323,109617.7392,0.04936580792,0.04934961381
2004-01,1132.52,17.6,185.2,4.15,920781.111,115029.1074,0.01088207419,0.01086662193
2004-02,1143.36,17.81,186.2,4.08,925802.1875,116280.8627,-0.01563666154,-0.0156519673
2004-03,1123.98,18.02,187.4,3.83,905490.135,114462.6182,0.009695704352,0.009681370368
2004-04,1133.36,18.21333333,188,4.35,911351.6183,115572.4139,-0.02562831855,-0.0256425339
2004-05,1102.78,18.40666667,189.1,4.72,882829.7157,112610.4873,0.02859137815,0.02857676861
2004-06,1132.76,18.6,189.7,4.73,905198.9063,115830.1763,-0.02237406374,-0.02238779618
2004-07,1105.85,18.78666667,189.4,4.5,886347.6377,113238.5846,-0.01386163484,-0.01387570145
2004-08,1088.94,18.97333333,189.5,4.28,873600.1643,111668.9127,0.02784052993,0.02782624489
2004-09,1117.66,19.16,189.9,4.13,896030.299,114777.8344,0.001032912017,0.001025953033
2004-10,1117.21,19.25333333,190.9,4.1,892257.2557,114896.3898,0.04774592263,0.04773896084
2004-11,1168.94,19.34666667,191,4.19,934369.4467,120382.2239,0.02728112649,0.02727447279
2004-12,1199.21,19.44,190.3,4.23,963390.8496,123666.3866,-0.01347391662,-0.01349221571
2005-01,1181.41,19.70333333,190.7,4.22,948416.6825,122000.116,0.0168306421,0.01681206731
2005-02,1199.63,19.96666667,191.8,4.17,958848.2941,124053.4563,-0.002537587979,-0.002555880656
2005-03,1194.9,20.23,193.3,4.5,948993.3904,123738.6597,-0.02407291173,-0.02408918459
2005-04,1164.43,20.46333333,194.6,4.34,919961.3426,120759.9099,0.01337540447,0.01335870579
2005-05,1178.28,20.69666667,194.4,4.14,933225.3193,122375.1225,0.02182347716,0.02180697476
2005-06,1202.25,20.93,194.5,4,953101.2623,125045.7732,0.01809038608,0.01807790948
2005-07,1222.24,21.11,195.4,4.18,965873.8927,127307.8995,0.003112454728,0.003100182179
2005-08,1224.27,21.29,196.4,4.26,963946.9333,127704.1396,0.002809157021,0.002796904822
2005-09,1225.92,21.47,198.8,4.2,954984.9346,128062.8806,-0.0262252023,-0.02624219634
2005-10,1191.96,21.72,199.2,4.46,928072.9115,124704.4056,0.03963290155,0.03961542334
2005-11,1237.37,21.97,197.6,4.54,972667.726,129646.8031,0.02145814645,0.02144130966
2005-12,1262.07,22.22,196.8,4.47,997578.1505,132428.7832,0.01468002743,0.014667702
2006-01,1278.73,22.40666667,198.3,4.42,1004565.873,134372.8413,-0.0001542328891,-0.0001663977366
2006-02,1276.65,22.59333333,198.7,4.57,1002388.971,134352.1166,0.01487356232,0.01486137765
2006-03,1293.74,22.78,199.8,4.72,1011697.326,136350.4112,0.007997485327,0.007983314525
2006-04,1302.17,23,201.5,4.99,1011184.687,137440.8716,-0.007852277352,-0.007866356415
2006-05,1290.01,23.22,202.5,5.11,998290.2902,136361.6478,-0.02704371801,-0.02705792978
2006-06,1253.17,23.44,202.9,5.11,969377.9883,132673.9218,0.007215036002,0.007200406436
2006-07,1260.24,23.66,203.5,5.09,973493.3471,133631.1689,0.02293213991,0.02291759242
2006-08,1287.15,23.88,203.9,4.88,993864.0915,136695.6176,0.02532597858,0.02531173523
2006-09,1317.74,24.1,202.9,4.72,1024057.022,140157.5679,0.03617557333,0.03615913104
2006-10,1363.38,24.36,201.8,4.73,1066886.881,145227.8483,0.02003232163,0.02001642976
2006-11,1388.64,24.62,201.5,4.6,1089879.339,148137.0992,0.02149825249,0.02148264969
2006-12,1416.42,24.88,201.8,4.56,1111654.771,151321.788,0.006940228024,0.006928265157
2007-01,1424.16,25.08333333,202.416,4.76,1115963.4,152371.9957,0.01597237826,0.01596048041
2007-02,1444.8,25.28666667,203.499,4.72,1127754.091,154805.7389,-0.02472718254,-0.02473891042
2007-03,1406.95,25.49,205.352,4.56,1089943.218,150977.8291,0.04181602442,0.041802599
2007-04,1463.64,25.71666667,206.686,4.69,1128191.395,157291.1217,0.03393043675,0.03391753133
2007-05,1511.14,25.94333333,207.949,4.75,1159386.736,162628.0781,0.003461514706,0.003449014945
2007-06,1514.19,26.17,208.352,5.1,1161149.691,163191.0176,0.005761055966,0.005746196536
2007-07,1520.71,26.44,208.299,5,1168136.287,164131.1702,-0.04199628244,-0.04201107816
2007-08,1454.62,26.71,207.917,4.67,1121134.957,157238.2712,0.03076290257,0.03074743461
2007-09,1497.12,26.98,208.49,4.52,1152448.282,162075.3768,0.02993024385,0.02991632824
2007-10,1539.66,27.23,208.936,4.53,1184407.665,166926.3324,-0.04804956939,-0.04806310051
2007-11,1463.39,27.48,210.177,4.15,1120840.026,158905.594,0.01239644478,0.01238220843
2007-12,1479.22,27.73,210.036,4.1,1135496.22,160875.4584,-0.06634126995,-0.06635197379
2008-01,1378.76,27.92,211.08,3.74,1054922.386,150202.7762,-0.01562817314,-0.01563965689
2008-02,1354.87,28.11,211.693,3.74,1035428.875,147855.3812,-0.02625467142,-0.02626635766
2008-03,1316.94,28.3,213.528,3.51,999579.4621,143973.4868,0.04244667352,0.04243802552
2008-04,1370.47,28.43666667,214.823,3.68,1035726.831,150084.6824,0.02563435253,0.02562604232
2008-05,1403.22,28.57333333,216.632,3.88,1053406.403,153932.006,-0.04245770442,-0.04246582068
2008-06,1341.25,28.71,218.815,4.1,998618.1136,147396.4064,-0.0607818163,-0.06078471575
2008-07,1257.33,28.75666667,219.964,4.01,933020.9873,138437.3851,0.02110844232,0.02110534934
2008-08,1281.47,28.80333333,219.086,3.89,956533.6707,141359.5827,-0.04847232735,-0.04847536206
2008-09,1216.95,28.85,218.783,3.69,911428.7803,134507.5547,-0.2019463504,-0.2019358506
2008-10,968.8,28.69666667,216.573,3.81,734791.4377,107344.2449,-0.08606666896,-0.08605347968
2008-11,883.04,28.54333333,212.425,3.53,684663.6781,98105.48333,-0.00352664281,-0.003512172596
2008-12,877.56,28.39,210.228,2.42,689378.9981,97759.50033,-0.01099133456,-0.01095556619
2009-01,865.58,28.01333333,211.143,2.52,678847.1766,96684.99296,-0.06706132818,-0.06702506476
2009-02,805.23,27.63666667,212.193,2.87,630188.8961,90201.16891,-0.05691334567,-0.0568743644
2009-03,757.13,27.26,212.709,2.82,592881.0002,85067.51861,0.1231562318,0.1232175012
2009-04,848.15,26.70333333,213.24,2.93,664239.8029,95544.11365,0.06654352283,0.06659821703
2009-05,902.41,26.14666667,213.856,3.29,706400.0365,101901.9556,0.02863720482,0.02868861038
2009-06,926.12,25.59,215.693,3.72,720440.8498,104820.1427,0.01272573269,0.01277642206
2009-07,935.82,25.02666667,215.351,3.56,730767.6831,106154.0558,0.08115728571,0.08120744968
2009-08,1009.73,24.46333333,215.834,3.59,788306.7509,114769.2309,0.03645694063,0.03650343271
2009-09,1044.55,23.9,215.969,3.4,816535.2763,118953.3659,0.02399145831,0.02403108197
2009-10,1067.66,23.40333333,216.177,3.39,835320.65,121807.2306,0.02090449103,0.02094325701
2009-11,1088.07,22.90666667,216.33,3.4,852179.4702,124353.5488,0.02222053728,0.02225857609
2009-12,1110.38,22.41,215.949,3.59,872652.2694,127116.7515,0.01355692045,0.01356967885
2010-01,1123.58,22.24,216.687,3.73,881470.3452,128840.0632,-0.02899734183,-0.02898473332
2010-02,1089.16,22.07,216.741,3.69,855696.8024,125104.0438,0.05941734915,0.05943035612
2010-03,1152.05,21.9,217.631,3.73,902832.7508,132537.3945,0.04088267774,0.04087930211
2010-04,1197.32,21.94666667,218.009,3.85,938113.5758,137955.878,-0.05882071812,-0.05882396612
2010-05,1125.06,21.99333333,218.178,3.42,882249.1444,129841.2142,-0.03543218436,-0.03543564096
2010-06,1083.36,22.04,217.965,3.2,851820.7346,125240.6564,-0.001582781552,-0.001590730074
2010-07,1079.8,22.14333333,218.011,3.01,850293.0401,125042.4278,0.008644090469,0.008636115742
2010-08,1087.28,22.24666667,218.312,2.7,856460.5655,126123.3058,0.03371946509,0.03371154522
2010-09,1122.08,22.35,218.439,2.65,884825.2228,130376.1163,0.0457837726,0.04577436546
2010-10,1171.58,22.47666667,218.711,2.54,924185.0653,136345.2267,0.02491815421,0.02490914454
2010-11,1198.89,22.60333333,218.803,2.76,946815.7766,139742.6981,0.03714616576,0.03713736132
2010-12,1241.53,22.73,219.179,3.29,980301.7619,144933.6035,0.03463759322,0.03462193154
2011-01,1282.62,22.96333333,220.223,3.39,1009448.819,149953.7547,0.03152379938,0.03150863943
2011-02,1321.12,23.19666667,221.309,3.58,1036160.794,154680.8668,-0.01110989161,-0.01112460976
2011-03,1304.49,23.43,223.467,3.41,1014754.218,152962.3791,0.02222920665,0.02220982913
2011-04,1331.51,23.73333333,224.906,3.46,1030674.444,156362.6115,0.006611332664,0.00659234837
2011-05,1338.31,24.03666667,225.964,3.17,1032630.886,157396.3767,-0.03660711395,-0.03662600178
2011-06,1287.29,24.34,225.722,3,995895.8211,151634.5496,0.03103548281,0.03101735688
2011-07,1325.19,24.62,225.922,3,1025894.939,156340.6011,-0.103988862,-0.1040064695
2011-08,1185.31,24.9,226.545,2.3,916685.4501,140082.9199,-0.007872764649,-0.007892450076
2011-09,1173.88,25.18,226.889,1.98,908089.7015,138980.08,0.03021863866,0.03018905964
2011-10,1207.22,25.59666667,226.421,2.15,937464.6281,143179.8688,0.01769998656,0.01767122443
2011-11,1226.42,26.01333333,226.23,2.01,954863.2251,145714.1506,0.01557582231,0.01554751046
2011-12,1243.32,26.43,225.672,1.98,972133.7889,147983.7683,0.04784613419,0.0478255799
2012-01,1300.58,26.73666667,226.665,1.97,1014184.029,155064.2196,0.04164573583,0.04162608648
2012-02,1352.49,27.04333333,227.663,1.97,1051789.468,161521.9831,0.0288572682,0.02883837301
2012-03,1389.24,27.35,229.392,2.17,1073984.798,166183.0663,-0.0003627083073,-0.0003821034043
2012-04,1386.43,27.67333333,230.085,2.05,1070361.661,166122.7903,-0.03089008781,-0.03090952222
2012-05,1341.27,27.99666667,229.815,1.8,1038516.773,160991.2427,-0.01150402231,-0.01152411106
2012-06,1323.48,28.32,229.478,1.62,1028077.222,159139.1959,0.02923752363,0.02921086832
2012-07,1359.78,28.74333333,229.104,1.53,1059863.004,163792.0319,0.03390295162,0.03387700788
2012-08,1403.45,29.16666667,230.379,1.68,1089730.963,169345.0652,0.03023679742,0.03021166095
2012-09,1443.42,29.59,231.407,1.72,1117693.551,174465.5176,-0.002139401945,-0.002171347679
2012-10,1437.82,30.14333333,231.317,1.75,1115736.293,174092.2658,-0.02834286937,-0.02837493953
2012-11,1394.51,30.69666667,230.221,1.65,1089274.201,169157.9914,0.02178841792,0.02175535174
2012-12,1422.29,31.25,229.601,1.72,1116013.258,172843.6764,0.04270441018,0.04268761411
2013-01,1480.4,31.53666667,230.28,1.91,1160240.761,180224.8637,0.02334635534,0.02333021856
2013-02,1512.31,31.82333333,232.166,1.98,1177682.897,184432.4574,0.02724033653,0.02722454024
2013-03,1550.83,32.11,232.773,1.96,1206608.686,189456.4596,0.01455869151,0.01453791411
2013-04,1570.7,32.49666667,232.531,1.76,1225449.356,192214.6977,0.04576321244,0.04574269788
2013-05,1639.84,32.88333333,232.945,1.93,1279252.264,201011.0598,-0.01115810079,-0.0111777504
2013-06,1618.77,33.27,233.504,2.3,1261949.927,198768.1581,0.03256416223,0.03254477165
2013-07,1668.68,33.64666667,233.596,2.58,1302531.075,205240.8767,0.002544093402,0.002525282792
2013-08,1670.09,34.02333333,233.877,2.74,1304275.881,205763.0286,0.01194346812,0.01192467339
2013-09,1687.17,34.4,234.149,2.81,1318320.246,208220.5528,0.02118521284,0.02117549901
2013-10,1720.03,34.59666667,233.546,2.62,1349725.066,212631.7495,0.0386094687,0.03859994044
2013-11,1783.54,34.79333333,233.069,2.72,1404706.239,220841.3484,0.01522580561,0.01521661664
2013-12,1807.78,34.99,233.049,2.9,1426216.409,224203.8358,0.009697130059,0.00967807661
2014-01,1822.36,35.40333333,233.916,2.86,1434709.142,226377.9696,-0.001281457987,-0.001300358997
2014-02,1817.04,35.81666667,234.781,2.71,1427591.519,226087.8757,0.02724164942,0.02722269307
2014-03,1863.52,36.23,236.293,2.72,1457097.693,232246.8824,0.002034381767,0.002017239776
2014-04,1864.26,36.61333333,237.072,2.71,1455264.337,232719.3612,0.01533748273,0.01532034754
2014-05,1889.77,36.99666667,237.9,2.56,1472441.764,236288.6904,0.03198008223,0.03196317835
2014-06,1947.09,37.38,238.343,2.6,1516706.273,243845.2222,0.0149740553,0.0149582197
2014-07,1973.1,37.75,238.25,2.54,1540018.423,247496.574,-0.004253881371,-0.004269508219
2014-08,1961.53,38.12,237.852,2.42,1536033.333,246443.7529,0.01779605716,0.01778033814
2014-09,1993.23,38.49,238.031,2.53,1562193.012,250829.48,-0.0264525976,-0.02646583686
2014-10,1937.27,38.80666667,237.433,2.3,1524699.417,244194.3887,0.05707014395,0.05705652227
2014-11,2044.57,39.12333333,236.151,2.33,1620463.794,258130.5977,0.006351783831,0.006338877015
2014-12,2054.27,39.44,234.812,2.21,1640055.912,259770.1874,-0.0110819307,-0.0111004558
2015-01,2028.18,39.89666667,233.707,1.88,1629549.41,256891.4322,0.02829274412,0.02827398072
2015-02,2082.2,40.35333333,234.722,1.98,1668407.864,264159.5958,0.0005719111196,0.0005536345105
2015-03,2079.99,40.81,236.119,2.04,1659485.251,264310.6716,0.00879651665,0.008784096718
2015-04,2094.86,41.12,236.599,1.94,1670686.647,266635.6848,0.009801370975,0.009789039204
2015-05,2111.94,41.43,237.805,2.2,1678505.932,269249.0801,-0.004342768576,-0.004355000616
2015-06,2099.29,41.74,238.638,2.36,1665382.949,268079.7936,-0.0007861123417,-0.0007963009716
2015-07,2094.14,41.99666667,238.654,2.32,1663962.207,267869.0528,-0.0242337613,-0.02424397499
2015-08,2039.87,42.25333333,238.316,2.17,1625940.926,261377.5781,-0.04506046954,-0.04507095496
2015-09,1944.41,42.51,237.945,2.17,1555096.171,249599.7817,0.04318376497,0.04317119332
2015-10,2024.81,42.80333333,237.838,2.07,1622980.906,260378.44,0.02933677179,0.02932469933
2015-11,2080.62,43.09666667,237.336,2.26,1674127.475,268017.1029,-0.01101794978,-0.01102969841
2015-12,2054.08,43.39,236.525,2.24,1661359.046,265064.1039,-0.06418959123,-0.06419621761
2016-01,1918.6,43.55333333,236.916,2.09,1552151.224,248049.7474,-0.005491996479,-0.005499090772
2016-02,1904.42,43.71666667,237.111,1.78,1542357.336,246687.4591,0.06363442238,0.06362727526
2016-03,2021.95,43.88,238.132,1.89,1633470.63,262385.273,0.02832057063,0.02831260252
2016-04,2075.54,44.07333333,239.261,1.81,1671805.308,269816.1737,-0.003035889991,-0.003043652361
2016-05,2065.55,44.26666667,240.229,1.81,1660013.822,268997.0415,0.01067270219,0.01066490227
2016-06,2083.89,44.46,241.018,1.64,1672238.411,271867.9668,0.03298198721,0.03297438924
2016-07,2148.9,44.65,240.628,1.5,1730191.844,280834.7126,0.01199993795,0.01199256984
2016-08,2170.95,44.84,240.849,1.56,1749347.385,284204.7117,-0.004379419148,-0.004386712422
2016-09,2157.69,45.03,241.428,1.63,1737509.295,282960.0602,-0.005051183854,-0.005059809333
2016-10,2143.02,45.25333333,241.729,1.76,1726580.204,281530.7769,0.01202029016,0.01201160564
2016-11,2164.99,45.47666667,241.353,2.14,1750056.344,284914.8585,0.03946823465,0.03945963825
2016-12,2246.63,45.7,241.432,2.49,1818532.733,296159.945,0.01438475504,0.01437634739
2017-01,2275.12,45.92666667,242.839,2.43,1834003.806,300420.1333,0.02577275533,0.02576445296
2017-02,2329.91,46.15333333,243.603,2.42,1875371,308162.7879,0.01750067599,0.01749256886
2017-03,2366.82,46.38,243.801,2.48,1906641.546,313555.845,-0.001530182552,-0.001540041068
2017-04,2359.31,46.66,244.524,2.3,1898095.172,313076.0473,0.01693362325,0.01692373335
2017-05,2395.35,46.94,244.733,2.3,1928588.394,318377.5591,0.0177740205,0.0177642794
2017-06,2433.99,47.22,244.955,2.19,1961088.239,324036.4084,0.009889682739,0.009878840916
2017-07,2454.1,47.53666667,244.786,2.32,1981850.103,327241.0256,0.002488805582,0.002478052601
2017-08,2456.22,47.85333333,245.519,2.21,1980850.979,328055.4649,0.01654337424,0.01653263054
2017-09,2492.84,48.17,246.819,2.2,2003015.161,333482.6093,0.02735646001,0.02734799131
2017-10,2557,48.42333333,246.663,2.36,2059112.01,342605.5129,0.0159039456,0.01589568939
2017-11,2593.61,48.67666667,246.669,2.35,2091809.133,348054.2924,0.02884300261,0.02883486295
2017-12,2664.34,48.93,246.524,2.4,2153409.033,358093.2232,0.04863013813,0.04861898256
2018-01,2789.8,49.28666667,247.867,2.58,2245894.55,375507.3461,-0.02885621032,-0.02886686421
2018-02,2705.16,49.64333333,248.991,2.86,2171240.641,364671.6272,0.0006567695318,0.0006457822992
2018-03,2702.77,50,249.554,2.84,2167765.056,364911.1324,-0.01662954426,-0.016639719
2018-04,2653.63,50.33,250.546,2.87,2123275.895,358842.8266,0.01962657442,0.01961621125
2018-05,2701.49,50.66,251.588,2.976,2155981.978,365885.682,0.02113987713,0.02112969756
2018-06,2754.35,50.99,251.989,2.91,2198055.744,373620.4604,0.01582103461,0.01580741978
2018-07,2793.64,51.44,252.006,2.89,2232680.636,379531.5226,0.02452147258,0.02450804924
2018-08,2857.82,51.89,252.146,2.89,2286159.195,388838.1944,0.01681059922,0.01679747733
2018-09,2901.5,52.34,252.439,3,2321892.803,395374.7975,-0.0384763628,-0.03848986157
2018-10,2785.46,52.81,252.885,3.15,2228617.373,380162.2133,-0.02074702204,-0.02076108315
2018-11,2723.23,53.28,252.038,3.12,2189714.316,372274.9795,-0.05561073921,-0.05562512164
2018-12,2567.31,53.75,251.233,2.83,2074568.78,351572.4927,0.01736923948,0.01735636392
2019-01,2607.39,54.14666667,251.712,2.71,2106586.052,357679.0395,0.05830170315,0.05828902551
2019-02,2754.86,54.54333333,252.776,2.68,2220019.466,378532.3367,0.0194922186,0.0194802196
2019-03,2803.98,54.94,254.202,2.57,2250596.151,385910.7718,0.03724346261,0.03723219614
2019-04,2903.8,55.31909158,255.548,2.53,2322120.513,400283.4252,-0.01530700625,-0.01531788543
2019-05,2854.71,55.69818316,256.092,2.4,2281718.572,394156.2843,0.01405855804,0.01404749178
2019-06,2890.17,56.07727474,256.143,2.06,2313335.551,399697.5533,0.03828442097,0.0382734381
2019-07,2996.113636,56.45818316,256.571,1.63,2397893.523,414999.7427,-0.03133354571,-0.03134414023
2019-08,2897.498182,56.83909158,256.558,1.63,2322876.713,401996.3293,0.03086322955,0.03085227446
2019-09,2982.156,57.22,256.759,1.7,2392693.637,414403.2343,0.0001075284682,9.802751209e-05
2019-10,2977.68,57.56,257.346,1.71,2387492.657,414447.7944,0.04434643749,0.04433692226
2019-11,3104.9045,57.9,257.208,1.81,2494707.22,432827.0776,0.02470232406,0.02469319871
2019-12,3176.749524,58.24,256.974,1.86,2558660.077,443518.9123,0.03347569736,0.03346397501
2020-01,3278.202857,58.68686786,257.971,1.76,2634093.331,458366.0172,0.001232127745,0.001220768171
2020-02,3277.314211,59.13373572,258.678,1.5,2630130.687,458930.7827,-0.1891657266,-0.1891770892
2020-03,2652.393636,59.58060359,258.115,0.87,2137251.728,372116.8078,0.04318718439,0.04318614344
2020-04,2761.975238,59.61373572,256.389,0.66,2244562.874,388187.4849,0.05887465318,0.05887365353
2020-05,2919.615,59.64686786,256.394,0.67,2376664.386,411041.8885,0.06508366426,0.06508271858
2020-06,3104.660909,59.68,257.797,0.73,2517570.151,437794.0008,0.03475692282,0.03476434893
2020-07,3207.619091,59.40333333,259.101,0.62,2591962.366,453010.3731,0.05892786081,0.05893504856
2020-08,3391.71,59.12666667,259.918,0.65,2736073.747,479705.3053,-0.006276823982,-0.006270026362
2020-09,3365.516667,58.85,260.28,0.68,2715118.421,476694.2795,0.01725529956,0.01726001366
2020-10,3418.701364,58.65961538,260.388,0.79,2760823.033,484919.7821,0.0395365251,0.03954116586
2020-11,3548.9925,58.46923076,260.229,0.87,2871729.938,504091.8252,0.04259633417,0.04260080457
2020-12,3695.31,58.27884614,260.474,0.93,2991238.919,525564.2891,0.02794814566,0.0279529976
2021-01,3793.748421,58.06369311,261.582,1.08,3061814.206,540252.8364,0.02491055953,0.02491528557
2021-02,3883.432105,57.84854009,263.014,1.26,3121000.161,553710.8368,0.008208959755,0.008213576655
2021-03,3910.508261,57.63338706,264.877,1.61,3124488.719,558256.2268,0.06021650666,0.06021486113
2021-04,4141.17619,57.71060542,267.054,1.64,3285630.218,591872.4666,0.00760386906,0.007602315186
2021-05,4167.8495,57.78782378,269.195,1.62,3284283.276,596372.9873,0.01810577189,0.01810422796
2021-06,4238.489545,57.86504213,271.696,1.52,3312968.09,607170.7806,0.03069112067,0.0306820147
2021-07,4363.712857,58.32818901,273.003,1.32,3398299.195,625805.5323,0.02186046324,0.02185161857
2021-08,4454.206364,58.79133588,273.567,1.28,3465428.322,639485.9311,-0.0008363233395,-0.0008449883113
2021-09,4445.543333,59.25448275,274.31,1.37,3453151.445,638951.1141,0.00452890039,0.004521760689
2021-10,4460.707143,59.63536093,276.589,1.58,3440208.761,641844.8601,0.04745455604,0.04744744061
2021-11,4667.386667,60.0162391,277.948,1.56,3585843.558,672303.3229,0.002660836695,0.002654036348
2021-12,4674.772727,60.39711728,278.802,1.47,3584371.859,674092.2123,-0.02051018291,-0.02051952892
2022-01,4573.8155,60.92140296,281.148,1.76,3481559.894,660266.4577,-0.02901614629,-0.02902569859
2022-02,4435.980526,61.44568864,283.716,1.93,3349940.158,641108.0696,-0.008915986931,-0.008925836044
2022-03,4391.265217,61.96997432,287.504,2.13,3276328.629,635391.9584,0.00119598613,0.001183018305
2022-04,4391.296,62.65331622,289.109,2.75,3262036.651,636151.8784,-0.07871433517,-0.0787273029
2022-05,4040.36,63.33665811,292.296,2.9,2972500.178,586077.6062,-0.03367975461,-0.03369384869
2022-06,3898.946667,64.02,296.311,3.14,2833466.393,566338.6563,0.004656103025,0.004646853338
2022-07,3911.7295,64.45276845,296.276,2.9,2846995.589,568975.5874,0.06448315804,0.06447393858
2022-08,4158.563043,64.8855369,296.171,2.9,3031653.271,605664.9301,-0.07276536919,-0.07277404143
2022-09,3850.520476,65.31830534,296.808,3.52,2805020.906,561593.4979,-0.03090019672,-0.03091175139
2022-10,3726.050952,65.85220356,298.012,3.98,2707362.806,544240.1483,0.05286288264,0.05285094197
2022-11,3917.488571,66.38610178,297.711,3.89,2853363.781,573010.2514,0.0001197317134,0.0001083745601
2022-12,3912.380952,66.92,296.797,3.62,2862493.536,573078.8589,0.01377372201,0.01376456305
2023-01,3960.6565,67.35,299.17,3.53,2878902.851,580972.2878,0.03147876373,0.03146971641
2023-02,4079.684737,67.78,300.84,3.75,2953042.941,599260.5772,-0.02584548722,-0.02585427058
2023-03,3968.55913,68.21,301.836,3.66,2867227.492,583772.3956,0.03996571257,0.03996221284
2023-04,4121.467368,68.37666667,303.363,3.46,2966809.08,607103.2753,0.007380322376,0.007376952487
2023-05,4146.173182,68.54333333,304.127,3.57,2981197.136,611583.8932,0.04942521686,0.04942186705
2023-06,4345.372857,68.71,305.109,3.75,3118474.165,641811.5598,0.03876427536,0.03876041981
2023-07,4508.0755,68.91104536,305.691,3.9,3233192.194,666690.9198,-0.009972650958,-0.009976367351
2023-08,4457.358696,69.11209073,307.026,4.17,3187030.44,660042.244,-0.009532012988,-0.009535771667
2023-09,4409.095,69.31313609,307.789,4.38,3148826.377,653750.7127,-0.03036688499,-0.0303731256
2023-10,4269.400909,69.64332137,307.671,4.8,3054377.314,633898.34,0.04602368201,0.04601723721
2023-11,4460.063333,69.97350666,307.051,4.5,3201402.277,663072.6756,0.05175863893,0.05175246963
2023-12,4685.0515,70.30369194,306.746,4.02,3370450.438,697392.4148,0.02912145789,0.02911836808
2024-01,4815.613913,70.47740321,308.417,4.06,3449810.016,717701.4987,0.04199572131,0.04199271527
2024-02,5011.9615,70.65111447,310.326,4.21,3572574.214,747841.8908,0.03282408869,0.03282120042
2024-03,5170.5725,70.82482573,312.332,4.21,3666142.141,772389.1194,-0.01008509839,-0.01009128175
2024-04,5112.492727,71.20848369,313.548,4.54,3615094.116,764599.4991,0.02517338331,0.0251671297
2024-05,5235.225455,71.59214165,314.069,4.48,3699950.326,783847.0554,0.03551194818,0.03550584119
2024-06,5415.140526,71.9757996,314.175,4.31,3830050.108,811682.9914,0.02380391846,0.02379661281
2024-07,5538.004545,72.45053307,314.54,4.25,3916670.027,831004.2271,-0.009698961786,-0.009706105356
2024-08,5478.214545,72.92526653,314.796,3.87,3875528.152,822944.3489,0.02722832777,0.02722110623
2024-09,5621.2605,73.4,315.301,3.72,3974676.074,845351.7473,0.0315259392,0.03151886163
2024-10,5792.319565,73.8774182,315.664,4.1,4095266.668,872002.2551,0.02482471306,0.02481784451
2024-11,5929.916,74.35483639,315.493,4.36,4199205.262,893649.4609,0.01470992045,0.01470321128
2024-12,6010.908571,74.83225459,315.605,4.39,4259463.128,906794.9734,-0.004179164664,-0.004185232551
2025-01,5979.5155,75.26993672,317.671,4.63,4214076.125,903005.3279,0.01095130002,0.01094520028
2025-02,6038.69,75.70761886,319.082,4.45,4241386.759,912894.4101,-0.05768821134,-0.05769425131
2025-03,5683.983333,76.145301,319.799,4.28,3987747.99,860231.1645,-0.05420647728,-0.05421236468
2025-04,5369.495714,76.54686733,320.795,4.28,3759876.249,813601.0634,0.08340376878,0.08339753656
2025-05,5810.919524,76.94843367,321.465,4.42,4064974.151,881458.4584,0.03880243197,0.03879667318
2025-06,6029.9515,77.35,322.561,4.38,4208357.097,915661.1902,0.0452779602,0.04527275471
2025-07,6296.498182,77.72666667,323.048,4.39,4392271.506,957120.4612,0.01889303382,0.01888804869
2025-08,6408.949524,78.10333333,323.976,4.26,4462435.877,975203.3704,0.02833671427,0.02833181661
2025-09,6584.018095,78.48,324.8,4.12,4577244.89,1002837.43,0.0240343405,0.02402995277
2025-10,6735.691739,78.82666667,325.212,4.06,4681317.828,1026939.966,0.001750648423,0.001746359496
2025-11,6740.885789,79.17333333,324.122,4.09,4705283.68,1028737.777,0.01761880196,0.01761451633
2025-12,6853.025455,79.52,324.054,4.14,4789189.901,1046862.904,0.01207447619,0.01207104988
2026-01,6929.122,79.80176667,325.252,4.21,4829163.854,1059503.225,-0.004133576582,-0.004136965259
2026-02,6893.806316,80.08353333,326.785,4.13,4786641.409,1055123.687,-0.03375350364,-0.03375690967
2026-03,6654.419091,80.3653,330.213,4.25,4577061.758,1019509.566,0.04648381716,0.04647823232
2026-04,6957.007619,80.81126667,333.02,4.32,4749448.026,1066900.262,0.06645318539,0.06644784345
2026-05,7412.5515,81.25723333,335.123,4.48,5033279.141,1137799.183,0.005974994864,0.005969981221
2026-06,7450.032857,81.7032,333.952,4.47,5081107.564,1144597.528,0.004202160496,0.005116062506
2026-07,7481.339091,,333.918,4.6,5102978.733,1149407.31,0.03074105312,
2026-08,7711.323333,,333.901,4.68,5260117.47,1184741.301,-0.0103553346,
2026-09,7631.47,,333.8925,4.75,5205779.715,1172472.909,,
