date,V0,basis,y10
1871-01-01,289376.27,flat_shiller_gs10,0.05
1871-02-01,289280.45,flat_shiller_gs10,0.05
1871-03-01,289184.65,flat_shiller_gs10,0.05
1871-04-01,289088.90,flat_shiller_gs10,0.05
1871-05-01,288993.18,flat_shiller_gs10,0.05
1871-06-01,288897.49,flat_shiller_gs10,0.05
1871-07-01,288801.84,flat_shiller_gs10,0.05
1871-08-01,288706.23,flat_shiller_gs10,0.05
1871-09-01,288610.65,flat_shiller_gs10,0.05
1871-10-01,288515.11,flat_shiller_gs10,0.05
1871-11-01,288419.60,flat_shiller_gs10,0.05
1871-12-01,288324.13,flat_shiller_gs10,0.05
1872-01-01,288228.70,flat_shiller_gs10,0.05
1872-02-01,287704.44,flat_shiller_gs10,0.05
1872-03-01,287181.26,flat_shiller_gs10,0.05
1872-04-01,286659.15,flat_shiller_gs10,0.05
1872-05-01,286138.11,flat_shiller_gs10,0.05
1872-06-01,285618.13,flat_shiller_gs10,0.05
1872-07-01,285099.22,flat_shiller_gs10,0.05
1872-08-01,284581.38,flat_shiller_gs10,0.05
1872-09-01,284064.59,flat_shiller_gs10,0.06
1872-10-01,283548.87,flat_shiller_gs10,0.06
1872-11-01,283034.19,flat_shiller_gs10,0.06
1872-12-01,282520.57,flat_shiller_gs10,0.06
1873-01-01,282008.01,flat_shiller_gs10,0.06
1873-02-01,282264.16,flat_shiller_gs10,0.06
1873-03-01,282520.57,flat_shiller_gs10,0.06
1873-04-01,282777.25,flat_shiller_gs10,0.06
1873-05-01,283034.19,flat_shiller_gs10,0.06
1873-06-01,283291.40,flat_shiller_gs10,0.06
1873-07-01,283548.87,flat_shiller_gs10,0.06
1873-08-01,283806.60,flat_shiller_gs10,0.06
1873-09-01,284064.59,flat_shiller_gs10,0.06
1873-10-01,284322.85,flat_shiller_gs10,0.05
1873-11-01,284581.38,flat_shiller_gs10,0.05
1873-12-01,284840.17,flat_shiller_gs10,0.05
1874-01-01,285099.22,flat_shiller_gs10,0.05
1874-02-01,286043.49,flat_shiller_gs10,0.05
1874-03-01,286991.27,flat_shiller_gs10,0.05
1874-04-01,287942.61,flat_shiller_gs10,0.05
1874-05-01,288897.49,flat_shiller_gs10,0.05
1874-06-01,289855.95,flat_shiller_gs10,0.05
1874-07-01,290817.99,flat_shiller_gs10,0.05
1874-08-01,291783.64,flat_shiller_gs10,0.05
1874-09-01,292752.90,flat_shiller_gs10,0.05
1874-10-01,293725.79,flat_shiller_gs10,0.05
1874-11-01,294702.32,flat_shiller_gs10,0.05
1874-12-01,295682.52,flat_shiller_gs10,0.05
1875-01-01,296666.39,flat_shiller_gs10,0.05
1875-02-01,297851.91,flat_shiller_gs10,0.05
1875-03-01,299042.77,flat_shiller_gs10,0.05
1875-04-01,300239.00,flat_shiller_gs10,0.05
1875-05-01,301440.62,flat_shiller_gs10,0.05
1875-06-01,302647.66,flat_shiller_gs10,0.05
1875-07-01,303860.15,flat_shiller_gs10,0.05
1875-08-01,305078.12,flat_shiller_gs10,0.05
1875-09-01,306301.59,flat_shiller_gs10,0.05
1875-10-01,307530.59,flat_shiller_gs10,0.05
1875-11-01,308765.15,flat_shiller_gs10,0.05
1875-12-01,310005.29,flat_shiller_gs10,0.05
1876-01-01,311251.05,flat_shiller_gs10,0.05
1876-02-01,311615.45,flat_shiller_gs10,0.05
1876-03-01,311980.34,flat_shiller_gs10,0.05
1876-04-01,312345.71,flat_shiller_gs10,0.05
1876-05-01,312711.56,flat_shiller_gs10,0.05
1876-06-01,313077.89,flat_shiller_gs10,0.05
1876-07-01,313444.71,flat_shiller_gs10,0.05
1876-08-01,313812.01,flat_shiller_gs10,0.05
1876-09-01,314179.80,flat_shiller_gs10,0.04
1876-10-01,314548.07,flat_shiller_gs10,0.04
1876-11-01,314916.83,flat_shiller_gs10,0.04
1876-12-01,315286.07,flat_shiller_gs10,0.04
1877-01-01,315655.80,flat_shiller_gs10,0.04
1877-02-01,315946.65,flat_shiller_gs10,0.04
1877-03-01,316237.80,flat_shiller_gs10,0.04
1877-04-01,316529.25,flat_shiller_gs10,0.04
1877-05-01,316821.00,flat_shiller_gs10,0.04
1877-06-01,317113.06,flat_shiller_gs10,0.04
1877-07-01,317405.42,flat_shiller_gs10,0.04
1877-08-01,317698.08,flat_shiller_gs10,0.04
1877-09-01,317991.04,flat_shiller_gs10,0.04
1877-10-01,318284.32,flat_shiller_gs10,0.04
1877-11-01,318577.89,flat_shiller_gs10,0.04
1877-12-01,318871.77,flat_shiller_gs10,0.04
1878-01-01,319165.96,flat_shiller_gs10,0.04
1878-02-01,319487.23,flat_shiller_gs10,0.04
1878-03-01,319808.88,flat_shiller_gs10,0.04
1878-04-01,320130.88,flat_shiller_gs10,0.04
1878-05-01,320453.26,flat_shiller_gs10,0.04
1878-06-01,320775.99,flat_shiller_gs10,0.04
1878-07-01,321099.10,flat_shiller_gs10,0.04
1878-08-01,321422.57,flat_shiller_gs10,0.04
1878-09-01,321746.40,flat_shiller_gs10,0.04
1878-10-01,322070.61,flat_shiller_gs10,0.04
1878-11-01,322395.18,flat_shiller_gs10,0.04
1878-12-01,322720.12,flat_shiller_gs10,0.04
1879-01-01,323045.43,flat_shiller_gs10,0.04
1879-02-01,323588.43,flat_shiller_gs10,0.04
1879-03-01,324132.47,flat_shiller_gs10,0.04
1879-04-01,324677.53,flat_shiller_gs10,0.04
1879-05-01,325223.62,flat_shiller_gs10,0.04
1879-06-01,325770.75,flat_shiller_gs10,0.04
1879-07-01,326318.91,flat_shiller_gs10,0.04
1879-08-01,326868.11,flat_shiller_gs10,0.04
1879-09-01,327418.35,flat_shiller_gs10,0.04
1879-10-01,327969.64,flat_shiller_gs10,0.04
1879-11-01,328521.97,flat_shiller_gs10,0.04
1879-12-01,329075.35,flat_shiller_gs10,0.04
1880-01-01,329629.78,flat_shiller_gs10,0.04
1880-02-01,330519.05,flat_shiller_gs10,0.04
1880-03-01,331411.02,flat_shiller_gs10,0.04
1880-04-01,332305.71,flat_shiller_gs10,0.04
1880-05-01,333203.11,flat_shiller_gs10,0.04
1880-06-01,334103.24,flat_shiller_gs10,0.04
1880-07-01,335006.11,flat_shiller_gs10,0.04
1880-08-01,335911.73,flat_shiller_gs10,0.04
1880-09-01,336820.10,flat_shiller_gs10,0.04
1880-10-01,337731.24,flat_shiller_gs10,0.04
1880-11-01,338645.15,flat_shiller_gs10,0.04
1880-12-01,339561.84,flat_shiller_gs10,0.04
1881-01-01,340481.33,flat_shiller_gs10,0.04
1881-02-01,340711.64,flat_shiller_gs10,0.04
1881-03-01,340942.13,flat_shiller_gs10,0.04
1881-04-01,341172.79,flat_shiller_gs10,0.04
1881-05-01,341403.62,flat_shiller_gs10,0.04
1881-06-01,341634.64,flat_shiller_gs10,0.04
1881-07-01,341865.82,flat_shiller_gs10,0.04
1881-08-01,342097.19,flat_shiller_gs10,0.04
1881-09-01,342328.73,flat_shiller_gs10,0.04
1881-10-01,342560.44,flat_shiller_gs10,0.04
1881-11-01,342792.34,flat_shiller_gs10,0.04
1881-12-01,343024.41,flat_shiller_gs10,0.04
1882-01-01,343256.65,flat_shiller_gs10,0.04
1882-02-01,343227.61,flat_shiller_gs10,0.04
1882-03-01,343198.57,flat_shiller_gs10,0.04
1882-04-01,343169.54,flat_shiller_gs10,0.04
1882-05-01,343140.51,flat_shiller_gs10,0.04
1882-06-01,343111.48,flat_shiller_gs10,0.04
1882-07-01,343082.45,flat_shiller_gs10,0.04
1882-08-01,343053.43,flat_shiller_gs10,0.04
1882-09-01,343024.41,flat_shiller_gs10,0.04
1882-10-01,342995.39,flat_shiller_gs10,0.04
1882-11-01,342966.37,flat_shiller_gs10,0.04
1882-12-01,342937.36,flat_shiller_gs10,0.04
1883-01-01,342908.35,flat_shiller_gs10,0.04
1883-02-01,342937.36,flat_shiller_gs10,0.04
1883-03-01,342966.37,flat_shiller_gs10,0.04
1883-04-01,342995.39,flat_shiller_gs10,0.04
1883-05-01,343024.41,flat_shiller_gs10,0.04
1883-06-01,343053.43,flat_shiller_gs10,0.04
1883-07-01,343082.45,flat_shiller_gs10,0.04
1883-08-01,343111.48,flat_shiller_gs10,0.04
1883-09-01,343140.51,flat_shiller_gs10,0.04
1883-10-01,343169.54,flat_shiller_gs10,0.04
1883-11-01,343198.57,flat_shiller_gs10,0.04
1883-12-01,343227.61,flat_shiller_gs10,0.04
1884-01-01,343256.65,flat_shiller_gs10,0.04
1884-02-01,343547.21,flat_shiller_gs10,0.04
1884-03-01,343838.04,flat_shiller_gs10,0.04
1884-04-01,344129.15,flat_shiller_gs10,0.04
1884-05-01,344420.54,flat_shiller_gs10,0.04
1884-06-01,344712.20,flat_shiller_gs10,0.04
1884-07-01,345004.15,flat_shiller_gs10,0.04
1884-08-01,345296.37,flat_shiller_gs10,0.04
1884-09-01,345588.87,flat_shiller_gs10,0.04
1884-10-01,345881.65,flat_shiller_gs10,0.04
1884-11-01,346174.70,flat_shiller_gs10,0.04
1884-12-01,346468.04,flat_shiller_gs10,0.04
1885-01-01,346761.66,flat_shiller_gs10,0.04
1885-02-01,347202.61,flat_shiller_gs10,0.04
1885-03-01,347644.19,flat_shiller_gs10,0.03
1885-04-01,348086.40,flat_shiller_gs10,0.03
1885-05-01,348529.25,flat_shiller_gs10,0.03
1885-06-01,348972.73,flat_shiller_gs10,0.03
1885-07-01,349416.84,flat_shiller_gs10,0.03
1885-08-01,349861.59,flat_shiller_gs10,0.03
1885-09-01,350306.98,flat_shiller_gs10,0.03
1885-10-01,350753.00,flat_shiller_gs10,0.03
1885-11-01,351199.67,flat_shiller_gs10,0.03
1885-12-01,351646.97,flat_shiller_gs10,0.03
1886-01-01,352094.91,flat_shiller_gs10,0.03
1886-02-01,351646.97,flat_shiller_gs10,0.03
1886-03-01,351199.67,flat_shiller_gs10,0.03
1886-04-01,350753.00,flat_shiller_gs10,0.03
1886-05-01,350306.98,flat_shiller_gs10,0.03
1886-06-01,349861.59,flat_shiller_gs10,0.03
1886-07-01,349416.84,flat_shiller_gs10,0.03
1886-08-01,348972.73,flat_shiller_gs10,0.03
1886-09-01,348529.25,flat_shiller_gs10,0.03
1886-10-01,348086.40,flat_shiller_gs10,0.03
1886-11-01,347644.19,flat_shiller_gs10,0.03
1886-12-01,347202.61,flat_shiller_gs10,0.04
1887-01-01,346761.66,flat_shiller_gs10,0.04
1887-02-01,346321.34,flat_shiller_gs10,0.04
1887-03-01,345881.65,flat_shiller_gs10,0.04
1887-04-01,345442.58,flat_shiller_gs10,0.04
1887-05-01,345004.15,flat_shiller_gs10,0.04
1887-06-01,344566.34,flat_shiller_gs10,0.04
1887-07-01,344129.15,flat_shiller_gs10,0.04
1887-08-01,343692.59,flat_shiller_gs10,0.04
1887-09-01,343256.65,flat_shiller_gs10,0.04
1887-10-01,342821.34,flat_shiller_gs10,0.04
1887-11-01,342386.64,flat_shiller_gs10,0.04
1887-12-01,341952.56,flat_shiller_gs10,0.04
1888-01-01,341519.11,flat_shiller_gs10,0.04
1888-02-01,342155.06,flat_shiller_gs10,0.04
1888-03-01,342792.34,flat_shiller_gs10,0.04
1888-04-01,343430.95,flat_shiller_gs10,0.04
1888-05-01,344070.91,flat_shiller_gs10,0.04
1888-06-01,344712.20,flat_shiller_gs10,0.04
1888-07-01,345354.85,flat_shiller_gs10,0.04
1888-08-01,345998.84,flat_shiller_gs10,0.04
1888-09-01,346644.18,flat_shiller_gs10,0.04
1888-10-01,347290.87,flat_shiller_gs10,0.04
1888-11-01,347938.93,flat_shiller_gs10,0.03
1888-12-01,348588.34,flat_shiller_gs10,0.03
1889-01-01,349239.12,flat_shiller_gs10,0.03
1889-02-01,349327.97,flat_shiller_gs10,0.03
1889-03-01,349416.84,flat_shiller_gs10,0.03
1889-04-01,349505.74,flat_shiller_gs10,0.03
1889-05-01,349594.66,flat_shiller_gs10,0.03
1889-06-01,349683.61,flat_shiller_gs10,0.03
1889-07-01,349772.59,flat_shiller_gs10,0.03
1889-08-01,349861.59,flat_shiller_gs10,0.03
1889-09-01,349950.62,flat_shiller_gs10,0.03
1889-10-01,350039.67,flat_shiller_gs10,0.03
1889-11-01,350128.75,flat_shiller_gs10,0.03
1889-12-01,350217.85,flat_shiller_gs10,0.03
1890-01-01,350306.98,flat_shiller_gs10,0.03
1890-02-01,349713.27,flat_shiller_gs10,0.03
1890-03-01,349120.69,flat_shiller_gs10,0.03
1890-04-01,348529.25,flat_shiller_gs10,0.03
1890-05-01,347938.93,flat_shiller_gs10,0.03
1890-06-01,347349.73,flat_shiller_gs10,0.04
1890-07-01,346761.66,flat_shiller_gs10,0.04
1890-08-01,346174.70,flat_shiller_gs10,0.04
1890-09-01,345588.87,flat_shiller_gs10,0.04
1890-10-01,345004.15,flat_shiller_gs10,0.04
1890-11-01,344420.54,flat_shiller_gs10,0.04
1890-12-01,343838.04,flat_shiller_gs10,0.04
1891-01-01,343256.65,flat_shiller_gs10,0.04
1891-02-01,343314.74,flat_shiller_gs10,0.04
1891-03-01,343372.84,flat_shiller_gs10,0.04
1891-04-01,343430.95,flat_shiller_gs10,0.04
1891-05-01,343489.08,flat_shiller_gs10,0.04
1891-06-01,343547.21,flat_shiller_gs10,0.04
1891-07-01,343605.35,flat_shiller_gs10,0.04
1891-08-01,343663.51,flat_shiller_gs10,0.04
1891-09-01,343721.68,flat_shiller_gs10,0.04
1891-10-01,343779.85,flat_shiller_gs10,0.04
1891-11-01,343838.04,flat_shiller_gs10,0.04
1891-12-01,343896.24,flat_shiller_gs10,0.04
1892-01-01,343954.45,flat_shiller_gs10,0.04
1892-02-01,343518.14,flat_shiller_gs10,0.04
1892-03-01,343082.45,flat_shiller_gs10,0.04
1892-04-01,342647.38,flat_shiller_gs10,0.04
1892-05-01,342212.94,flat_shiller_gs10,0.04
1892-06-01,341779.11,flat_shiller_gs10,0.04
1892-07-01,341345.90,flat_shiller_gs10,0.04
1892-08-01,340913.31,flat_shiller_gs10,0.04
1892-09-01,340481.33,flat_shiller_gs10,0.04
1892-10-01,340049.97,flat_shiller_gs10,0.04
1892-11-01,339619.23,flat_shiller_gs10,0.04
1892-12-01,339189.10,flat_shiller_gs10,0.04
1893-01-01,338759.58,flat_shiller_gs10,0.04
1893-02-01,338902.69,flat_shiller_gs10,0.04
1893-03-01,339045.86,flat_shiller_gs10,0.04
1893-04-01,339189.10,flat_shiller_gs10,0.04
1893-05-01,339332.41,flat_shiller_gs10,0.04
1893-06-01,339475.79,flat_shiller_gs10,0.04
1893-07-01,339619.23,flat_shiller_gs10,0.04
1893-08-01,339762.74,flat_shiller_gs10,0.04
1893-09-01,339906.33,flat_shiller_gs10,0.04
1893-10-01,340049.97,flat_shiller_gs10,0.04
1893-11-01,340193.69,flat_shiller_gs10,0.04
1893-12-01,340337.48,flat_shiller_gs10,0.04
1894-01-01,340481.33,flat_shiller_gs10,0.04
1894-02-01,341172.79,flat_shiller_gs10,0.04
1894-03-01,341865.82,flat_shiller_gs10,0.04
1894-04-01,342560.44,flat_shiller_gs10,0.04
1894-05-01,343256.65,flat_shiller_gs10,0.04
1894-06-01,343954.45,flat_shiller_gs10,0.04
1894-07-01,344653.85,flat_shiller_gs10,0.04
1894-08-01,345354.85,flat_shiller_gs10,0.04
1894-09-01,346057.45,flat_shiller_gs10,0.04
1894-10-01,346761.66,flat_shiller_gs10,0.04
1894-11-01,347467.48,flat_shiller_gs10,0.04
1894-12-01,348174.92,flat_shiller_gs10,0.03
1895-01-01,348883.98,flat_shiller_gs10,0.03
1895-02-01,348470.16,flat_shiller_gs10,0.03
1895-03-01,348056.90,flat_shiller_gs10,0.03
1895-04-01,347644.19,flat_shiller_gs10,0.03
1895-05-01,347232.03,flat_shiller_gs10,0.04
1895-06-01,346820.42,flat_shiller_gs10,0.04
1895-07-01,346409.35,flat_shiller_gs10,0.04
1895-08-01,345998.84,flat_shiller_gs10,0.04
1895-09-01,345588.87,flat_shiller_gs10,0.04
1895-10-01,345179.45,flat_shiller_gs10,0.04
1895-11-01,344770.57,flat_shiller_gs10,0.04
1895-12-01,344362.24,flat_shiller_gs10,0.04
1896-01-01,343954.45,flat_shiller_gs10,0.04
1896-02-01,344537.17,flat_shiller_gs10,0.04
1896-03-01,345121.00,flat_shiller_gs10,0.04
1896-04-01,345705.95,flat_shiller_gs10,0.04
1896-05-01,346292.01,flat_shiller_gs10,0.04
1896-06-01,346879.18,flat_shiller_gs10,0.04
1896-07-01,347467.48,flat_shiller_gs10,0.04
1896-08-01,348056.90,flat_shiller_gs10,0.03
1896-09-01,348647.45,flat_shiller_gs10,0.03
1896-10-01,349239.12,flat_shiller_gs10,0.03
1896-11-01,349831.92,flat_shiller_gs10,0.03
1896-12-01,350425.86,flat_shiller_gs10,0.03
1897-01-01,351020.92,flat_shiller_gs10,0.03
1897-02-01,351169.87,flat_shiller_gs10,0.03
1897-03-01,351318.88,flat_shiller_gs10,0.03
1897-04-01,351467.97,flat_shiller_gs10,0.03
1897-05-01,351617.13,flat_shiller_gs10,0.03
1897-06-01,351766.36,flat_shiller_gs10,0.03
1897-07-01,351915.66,flat_shiller_gs10,0.03
1897-08-01,352065.03,flat_shiller_gs10,0.03
1897-09-01,352214.47,flat_shiller_gs10,0.03
1897-10-01,352363.99,flat_shiller_gs10,0.03
1897-11-01,352513.58,flat_shiller_gs10,0.03
1897-12-01,352663.23,flat_shiller_gs10,0.03
1898-01-01,352812.96,flat_shiller_gs10,0.03
1898-02-01,353562.68,flat_shiller_gs10,0.03
1898-03-01,354314.19,flat_shiller_gs10,0.03
1898-04-01,355067.49,flat_shiller_gs10,0.03
1898-05-01,355822.60,flat_shiller_gs10,0.03
1898-06-01,356579.52,flat_shiller_gs10,0.03
1898-07-01,357338.24,flat_shiller_gs10,0.03
1898-08-01,358098.78,flat_shiller_gs10,0.03
1898-09-01,358861.15,flat_shiller_gs10,0.03
1898-10-01,359625.34,flat_shiller_gs10,0.03
1898-11-01,360391.35,flat_shiller_gs10,0.03
1898-12-01,361159.21,flat_shiller_gs10,0.03
1899-01-01,361928.90,flat_shiller_gs10,0.03
1899-02-01,361774.82,flat_shiller_gs10,0.03
1899-03-01,361620.80,flat_shiller_gs10,0.03
1899-04-01,361466.86,flat_shiller_gs10,0.03
1899-05-01,361313.00,flat_shiller_gs10,0.03
1899-06-01,361159.21,flat_shiller_gs10,0.03
1899-07-01,361005.49,flat_shiller_gs10,0.03
1899-08-01,360851.85,flat_shiller_gs10,0.03
1899-09-01,360698.28,flat_shiller_gs10,0.03
1899-10-01,360544.78,flat_shiller_gs10,0.03
1899-11-01,360391.35,flat_shiller_gs10,0.03
1899-12-01,360238.00,flat_shiller_gs10,0.03
1900-01-01,360084.73,flat_shiller_gs10,0.03
1900-02-01,360238.00,flat_shiller_gs10,0.03
1900-03-01,360391.35,flat_shiller_gs10,0.03
1900-04-01,360544.78,flat_shiller_gs10,0.03
1900-05-01,360698.28,flat_shiller_gs10,0.03
1900-06-01,360851.85,flat_shiller_gs10,0.03
1900-07-01,361005.49,flat_shiller_gs10,0.03
1900-08-01,361159.21,flat_shiller_gs10,0.03
1900-09-01,361313.00,flat_shiller_gs10,0.03
1900-10-01,361466.86,flat_shiller_gs10,0.03
1900-11-01,361620.80,flat_shiller_gs10,0.03
1900-12-01,361774.82,flat_shiller_gs10,0.03
1901-01-01,361928.90,flat_shiller_gs10,0.03
1901-02-01,361682.40,flat_shiller_gs10,0.03
1901-03-01,361436.09,flat_shiller_gs10,0.03
1901-04-01,361189.96,flat_shiller_gs10,0.03
1901-05-01,360944.02,flat_shiller_gs10,0.03
1901-06-01,360698.28,flat_shiller_gs10,0.03
1901-07-01,360452.72,flat_shiller_gs10,0.03
1901-08-01,360207.34,flat_shiller_gs10,0.03
1901-09-01,359962.16,flat_shiller_gs10,0.03
1901-10-01,359717.16,flat_shiller_gs10,0.03
1901-11-01,359472.35,flat_shiller_gs10,0.03
1901-12-01,359227.73,flat_shiller_gs10,0.03
1902-01-01,358983.29,flat_shiller_gs10,0.03
1902-02-01,358616.99,flat_shiller_gs10,0.03
1902-03-01,358251.11,flat_shiller_gs10,0.03
1902-04-01,357885.65,flat_shiller_gs10,0.03
1902-05-01,357520.61,flat_shiller_gs10,0.03
1902-06-01,357155.98,flat_shiller_gs10,0.03
1902-07-01,356791.78,flat_shiller_gs10,0.03
1902-08-01,356427.99,flat_shiller_gs10,0.03
1902-09-01,356064.62,flat_shiller_gs10,0.03
1902-10-01,355701.66,flat_shiller_gs10,0.03
1902-11-01,355339.13,flat_shiller_gs10,0.03
1902-12-01,354977.00,flat_shiller_gs10,0.03
1903-01-01,354615.29,flat_shiller_gs10,0.03
1903-02-01,354314.19,flat_shiller_gs10,0.03
1903-03-01,354013.37,flat_shiller_gs10,0.03
1903-04-01,353712.84,flat_shiller_gs10,0.03
1903-05-01,353412.59,flat_shiller_gs10,0.03
1903-06-01,353112.63,flat_shiller_gs10,0.03
1903-07-01,352812.96,flat_shiller_gs10,0.03
1903-08-01,352513.58,flat_shiller_gs10,0.03
1903-09-01,352214.47,flat_shiller_gs10,0.03
1903-10-01,351915.66,flat_shiller_gs10,0.03
1903-11-01,351617.13,flat_shiller_gs10,0.03
1903-12-01,351318.88,flat_shiller_gs10,0.03
1904-01-01,351020.92,flat_shiller_gs10,0.03
1904-02-01,350782.76,flat_shiller_gs10,0.03
1904-03-01,350544.78,flat_shiller_gs10,0.03
1904-04-01,350306.98,flat_shiller_gs10,0.03
1904-05-01,350069.36,flat_shiller_gs10,0.03
1904-06-01,349831.92,flat_shiller_gs10,0.03
1904-07-01,349594.66,flat_shiller_gs10,0.03
1904-08-01,349357.59,flat_shiller_gs10,0.03
1904-09-01,349120.69,flat_shiller_gs10,0.03
1904-10-01,348883.98,flat_shiller_gs10,0.03
1904-11-01,348647.45,flat_shiller_gs10,0.03
1904-12-01,348411.09,flat_shiller_gs10,0.03
1905-01-01,348174.92,flat_shiller_gs10,0.03
1905-02-01,348322.51,flat_shiller_gs10,0.03
1905-03-01,348470.16,flat_shiller_gs10,0.03
1905-04-01,348617.89,flat_shiller_gs10,0.03
1905-05-01,348765.69,flat_shiller_gs10,0.03
1905-06-01,348913.56,flat_shiller_gs10,0.03
1905-07-01,349061.50,flat_shiller_gs10,0.03
1905-08-01,349209.51,flat_shiller_gs10,0.03
1905-09-01,349357.59,flat_shiller_gs10,0.03
1905-10-01,349505.74,flat_shiller_gs10,0.03
1905-11-01,349653.96,flat_shiller_gs10,0.03
1905-12-01,349802.25,flat_shiller_gs10,0.03
1906-01-01,349950.62,flat_shiller_gs10,0.03
1906-02-01,349239.12,flat_shiller_gs10,0.03
1906-03-01,348529.25,flat_shiller_gs10,0.03
1906-04-01,347821.00,flat_shiller_gs10,0.03
1906-05-01,347114.37,flat_shiller_gs10,0.04
1906-06-01,346409.35,flat_shiller_gs10,0.04
1906-07-01,345705.95,flat_shiller_gs10,0.04
1906-08-01,345004.15,flat_shiller_gs10,0.04
1906-09-01,344303.95,flat_shiller_gs10,0.04
1906-10-01,343605.35,flat_shiller_gs10,0.04
1906-11-01,342908.35,flat_shiller_gs10,0.04
1906-12-01,342212.94,flat_shiller_gs10,0.04
1907-01-01,341519.11,flat_shiller_gs10,0.04
1907-02-01,340942.13,flat_shiller_gs10,0.04
1907-03-01,340366.24,flat_shiller_gs10,0.04
1907-04-01,339791.45,flat_shiller_gs10,0.04
1907-05-01,339217.76,flat_shiller_gs10,0.04
1907-06-01,338645.15,flat_shiller_gs10,0.04
1907-07-01,338073.63,flat_shiller_gs10,0.04
1907-08-01,337503.19,flat_shiller_gs10,0.04
1907-09-01,336933.84,flat_shiller_gs10,0.04
1907-10-01,336365.57,flat_shiller_gs10,0.04
1907-11-01,335798.38,flat_shiller_gs10,0.04
1907-12-01,335232.26,flat_shiller_gs10,0.04
1908-01-01,334667.21,flat_shiller_gs10,0.04
1908-02-01,334977.86,flat_shiller_gs10,0.04
1908-03-01,335288.82,flat_shiller_gs10,0.04
1908-04-01,335600.11,flat_shiller_gs10,0.04
1908-05-01,335911.73,flat_shiller_gs10,0.04
1908-06-01,336223.67,flat_shiller_gs10,0.04
1908-07-01,336535.94,flat_shiller_gs10,0.04
1908-08-01,336848.53,flat_shiller_gs10,0.04
1908-09-01,337161.45,flat_shiller_gs10,0.04
1908-10-01,337474.70,flat_shiller_gs10,0.04
1908-11-01,337788.28,flat_shiller_gs10,0.04
1908-12-01,338102.18,flat_shiller_gs10,0.04
1909-01-01,338416.41,flat_shiller_gs10,0.04
1909-02-01,337987.99,flat_shiller_gs10,0.04
1909-03-01,337560.19,flat_shiller_gs10,0.04
1909-04-01,337132.99,flat_shiller_gs10,0.04
1909-05-01,336706.40,flat_shiller_gs10,0.04
1909-06-01,336280.42,flat_shiller_gs10,0.04
1909-07-01,335855.05,flat_shiller_gs10,0.04
1909-08-01,335430.28,flat_shiller_gs10,0.04
1909-09-01,335006.11,flat_shiller_gs10,0.04
1909-10-01,334582.55,flat_shiller_gs10,0.04
1909-11-01,334159.59,flat_shiller_gs10,0.04
1909-12-01,333737.23,flat_shiller_gs10,0.04
1910-01-01,333315.48,flat_shiller_gs10,0.04
1910-02-01,333118.86,flat_shiller_gs10,0.04
1910-03-01,332922.38,flat_shiller_gs10,0.04
1910-04-01,332726.03,flat_shiller_gs10,0.04
1910-05-01,332529.80,flat_shiller_gs10,0.04
1910-06-01,332333.71,flat_shiller_gs10,0.04
1910-07-01,332137.75,flat_shiller_gs10,0.04
1910-08-01,331941.91,flat_shiller_gs10,0.04
1910-09-01,331746.21,flat_shiller_gs10,0.04
1910-10-01,331550.64,flat_shiller_gs10,0.04
1910-11-01,331355.20,flat_shiller_gs10,0.04
1910-12-01,331159.88,flat_shiller_gs10,0.04
1911-01-01,330964.70,flat_shiller_gs10,0.04
1911-02-01,330881.09,flat_shiller_gs10,0.04
1911-03-01,330797.50,flat_shiller_gs10,0.04
1911-04-01,330713.94,flat_shiller_gs10,0.04
1911-05-01,330630.40,flat_shiller_gs10,0.04
1911-06-01,330546.88,flat_shiller_gs10,0.04
1911-07-01,330463.39,flat_shiller_gs10,0.04
1911-08-01,330379.92,flat_shiller_gs10,0.04
1911-09-01,330296.48,flat_shiller_gs10,0.04
1911-10-01,330213.06,flat_shiller_gs10,0.04
1911-11-01,330129.66,flat_shiller_gs10,0.04
1911-12-01,330046.29,flat_shiller_gs10,0.04
1912-01-01,329962.94,flat_shiller_gs10,0.04
1912-02-01,328743.20,flat_shiller_gs10,0.04
1912-03-01,327528.53,flat_shiller_gs10,0.04
1912-04-01,326318.91,flat_shiller_gs10,0.04
1912-05-01,325114.32,flat_shiller_gs10,0.04
1912-06-01,323914.73,flat_shiller_gs10,0.04
1912-07-01,322720.12,flat_shiller_gs10,0.04
1912-08-01,321530.47,flat_shiller_gs10,0.04
1912-09-01,320345.76,flat_shiller_gs10,0.04
1912-10-01,319165.96,flat_shiller_gs10,0.04
1912-11-01,317991.04,flat_shiller_gs10,0.04
1912-12-01,316821.00,flat_shiller_gs10,0.04
1913-01-01,315655.80,flat_shiller_gs10,0.04
1913-02-01,316423.23,flat_shiller_gs10,0.04
1913-03-01,317192.76,flat_shiller_gs10,0.04
1913-04-01,317964.40,flat_shiller_gs10,0.04
1913-05-01,318738.15,flat_shiller_gs10,0.04
1913-06-01,319514.02,flat_shiller_gs10,0.04
1913-07-01,320292.02,flat_shiller_gs10,0.04
1913-08-01,321072.16,flat_shiller_gs10,0.04
1913-09-01,321854.43,flat_shiller_gs10,0.04
1913-10-01,322638.85,flat_shiller_gs10,0.04
1913-11-01,323425.43,flat_shiller_gs10,0.04
1913-12-01,324214.16,flat_shiller_gs10,0.04
1914-01-01,325005.06,flat_shiller_gs10,0.04
1914-02-01,324786.66,flat_shiller_gs10,0.04
1914-03-01,324568.43,flat_shiller_gs10,0.04
1914-04-01,324350.37,flat_shiller_gs10,0.04
1914-05-01,324132.47,flat_shiller_gs10,0.04
1914-06-01,323914.73,flat_shiller_gs10,0.04
1914-07-01,323697.16,flat_shiller_gs10,0.04
1914-08-01,323479.75,flat_shiller_gs10,0.04
1914-09-01,323262.51,flat_shiller_gs10,0.04
1914-10-01,323045.43,flat_shiller_gs10,0.04
1914-11-01,322828.52,flat_shiller_gs10,0.04
1914-12-01,322611.77,flat_shiller_gs10,0.04
1915-01-01,322395.18,flat_shiller_gs10,0.04
1915-02-01,322909.84,flat_shiller_gs10,0.04
1915-03-01,323425.43,flat_shiller_gs10,0.04
1915-04-01,323941.94,flat_shiller_gs10,0.04
1915-05-01,324459.38,flat_shiller_gs10,0.04
1915-06-01,324977.75,flat_shiller_gs10,0.04
1915-07-01,325497.05,flat_shiller_gs10,0.04
1915-08-01,326017.29,flat_shiller_gs10,0.04
1915-09-01,326538.47,flat_shiller_gs10,0.04
1915-10-01,327060.58,flat_shiller_gs10,0.04
1915-11-01,327583.63,flat_shiller_gs10,0.04
1915-12-01,328107.63,flat_shiller_gs10,0.04
1916-01-01,328632.56,flat_shiller_gs10,0.04
1916-02-01,328135.23,flat_shiller_gs10,0.04
1916-03-01,327638.74,flat_shiller_gs10,0.04
1916-04-01,327143.10,flat_shiller_gs10,0.04
1916-05-01,326648.31,flat_shiller_gs10,0.04
1916-06-01,326154.35,flat_shiller_gs10,0.04
1916-07-01,325661.24,flat_shiller_gs10,0.04
1916-08-01,325168.96,flat_shiller_gs10,0.04
1916-09-01,324677.53,flat_shiller_gs10,0.04
1916-10-01,324186.92,flat_shiller_gs10,0.04
1916-11-01,323697.16,flat_shiller_gs10,0.04
1916-12-01,323208.22,flat_shiller_gs10,0.04
1917-01-01,322720.12,flat_shiller_gs10,0.04
1917-02-01,321800.41,flat_shiller_gs10,0.04
1917-03-01,320883.65,flat_shiller_gs10,0.04
1917-04-01,319969.83,flat_shiller_gs10,0.04
1917-05-01,319058.94,flat_shiller_gs10,0.04
1917-06-01,318150.97,flat_shiller_gs10,0.04
1917-07-01,317245.91,flat_shiller_gs10,0.04
1917-08-01,316343.74,flat_shiller_gs10,0.04
1917-09-01,315444.47,flat_shiller_gs10,0.04
1917-10-01,314548.07,flat_shiller_gs10,0.04
1917-11-01,313654.54,flat_shiller_gs10,0.05
1917-12-01,312763.86,flat_shiller_gs10,0.05
1918-01-01,311876.04,flat_shiller_gs10,0.05
1918-02-01,312058.59,flat_shiller_gs10,0.05
1918-03-01,312241.27,flat_shiller_gs10,0.05
1918-04-01,312424.07,flat_shiller_gs10,0.05
1918-05-01,312606.98,flat_shiller_gs10,0.05
1918-06-01,312790.02,flat_shiller_gs10,0.05
1918-07-01,312973.18,flat_shiller_gs10,0.05
1918-08-01,313156.46,flat_shiller_gs10,0.05
1918-09-01,313339.86,flat_shiller_gs10,0.05
1918-10-01,313523.38,flat_shiller_gs10,0.05
1918-11-01,313707.02,flat_shiller_gs10,0.05
1918-12-01,313890.78,flat_shiller_gs10,0.05
1919-01-01,314074.67,flat_shiller_gs10,0.04
1919-02-01,312842.34,flat_shiller_gs10,0.05
1919-03-01,311615.45,flat_shiller_gs10,0.05
1919-04-01,310393.99,flat_shiller_gs10,0.05
1919-05-01,309177.91,flat_shiller_gs10,0.05
1919-06-01,307967.19,flat_shiller_gs10,0.05
1919-07-01,306761.82,flat_shiller_gs10,0.05
1919-08-01,305561.75,flat_shiller_gs10,0.05
1919-09-01,304366.97,flat_shiller_gs10,0.05
1919-10-01,303177.46,flat_shiller_gs10,0.05
1919-11-01,301993.17,flat_shiller_gs10,0.05
1919-12-01,300814.10,flat_shiller_gs10,0.05
1920-01-01,299640.21,flat_shiller_gs10,0.05
1920-02-01,299341.32,flat_shiller_gs10,0.05
1920-03-01,299042.77,flat_shiller_gs10,0.05
1920-04-01,298744.55,flat_shiller_gs10,0.05
1920-05-01,298446.67,flat_shiller_gs10,0.05
1920-06-01,298149.12,flat_shiller_gs10,0.05
1920-07-01,297851.91,flat_shiller_gs10,0.05
1920-08-01,297555.03,flat_shiller_gs10,0.05
1920-09-01,297258.48,flat_shiller_gs10,0.05
1920-10-01,296962.27,flat_shiller_gs10,0.05
1920-11-01,296666.39,flat_shiller_gs10,0.05
1920-12-01,296370.84,flat_shiller_gs10,0.05
1921-01-01,296075.63,flat_shiller_gs10,0.05
1921-02-01,298025.24,flat_shiller_gs10,0.05
1921-03-01,299989.34,flat_shiller_gs10,0.05
1921-04-01,301968.03,flat_shiller_gs10,0.05
1921-05-01,303961.44,flat_shiller_gs10,0.05
1921-06-01,305969.69,flat_shiller_gs10,0.05
1921-07-01,307992.90,flat_shiller_gs10,0.05
1921-08-01,310031.19,flat_shiller_gs10,0.05
1921-09-01,312084.68,flat_shiller_gs10,0.05
1921-10-01,314153.51,flat_shiller_gs10,0.04
1921-11-01,316237.80,flat_shiller_gs10,0.04
1921-12-01,318337.67,flat_shiller_gs10,0.04
1922-01-01,320453.26,flat_shiller_gs10,0.04
1922-02-01,320292.02,flat_shiller_gs10,0.04
1922-03-01,320130.88,flat_shiller_gs10,0.04
1922-04-01,319969.83,flat_shiller_gs10,0.04
1922-05-01,319808.88,flat_shiller_gs10,0.04
1922-06-01,319648.01,flat_shiller_gs10,0.04
1922-07-01,319487.23,flat_shiller_gs10,0.04
1922-08-01,319326.55,flat_shiller_gs10,0.04
1922-09-01,319165.96,flat_shiller_gs10,0.04
1922-10-01,319005.45,flat_shiller_gs10,0.04
1922-11-01,318845.04,flat_shiller_gs10,0.04
1922-12-01,318684.72,flat_shiller_gs10,0.04
1923-01-01,318524.49,flat_shiller_gs10,0.04
1923-02-01,319326.55,flat_shiller_gs10,0.04
1923-03-01,320130.88,flat_shiller_gs10,0.04
1923-04-01,320937.50,flat_shiller_gs10,0.04
1923-05-01,321746.40,flat_shiller_gs10,0.04
1923-06-01,322557.61,flat_shiller_gs10,0.04
1923-07-01,323371.11,flat_shiller_gs10,0.04
1923-08-01,324186.92,flat_shiller_gs10,0.04
1923-09-01,325005.06,flat_shiller_gs10,0.04
1923-10-01,325825.52,flat_shiller_gs10,0.04
1923-11-01,326648.31,flat_shiller_gs10,0.04
1923-12-01,327473.44,flat_shiller_gs10,0.04
1924-01-01,328300.91,flat_shiller_gs10,0.04
1924-02-01,328853.87,flat_shiller_gs10,0.04
1924-03-01,329407.88,flat_shiller_gs10,0.04
1924-04-01,329962.94,flat_shiller_gs10,0.04
1924-05-01,330519.05,flat_shiller_gs10,0.04
1924-06-01,331076.22,flat_shiller_gs10,0.04
1924-07-01,331634.44,flat_shiller_gs10,0.04
1924-08-01,332193.72,flat_shiller_gs10,0.04
1924-09-01,332754.07,flat_shiller_gs10,0.04
1924-10-01,333315.48,flat_shiller_gs10,0.04
1924-11-01,333877.95,flat_shiller_gs10,0.04
1924-12-01,334441.50,flat_shiller_gs10,0.04
1925-01-01,335006.11,flat_shiller_gs10,0.04
1925-02-01,335515.18,flat_shiller_gs10,0.04
1925-03-01,336025.12,flat_shiller_gs10,0.04
1925-04-01,336535.94,flat_shiller_gs10,0.04
1925-05-01,337047.62,flat_shiller_gs10,0.04
1925-06-01,337560.19,flat_shiller_gs10,0.04
1925-07-01,338073.63,flat_shiller_gs10,0.04
1925-08-01,338587.95,flat_shiller_gs10,0.04
1925-09-01,339103.15,flat_shiller_gs10,0.04
1925-10-01,339619.23,flat_shiller_gs10,0.04
1925-11-01,340136.20,flat_shiller_gs10,0.04
1925-12-01,340654.05,flat_shiller_gs10,0.04
1926-01-01,341172.79,flat_shiller_gs10,0.04
1926-02-01,342155.06,flat_shiller_gs10,0.04
1926-03-01,343140.51,flat_shiller_gs10,0.04
1926-04-01,344129.15,flat_shiller_gs10,0.04
1926-05-01,345121.00,flat_shiller_gs10,0.04
1926-06-01,346116.07,flat_shiller_gs10,0.04
1926-07-01,347114.37,flat_shiller_gs10,0.04
1926-08-01,348115.91,flat_shiller_gs10,0.03
1926-09-01,349120.69,flat_shiller_gs10,0.03
1926-10-01,350128.75,flat_shiller_gs10,0.03
1926-11-01,351140.07,flat_shiller_gs10,0.03
1926-12-01,352154.69,flat_shiller_gs10,0.03
1927-01-01,353172.60,flat_shiller_gs10,0.03
1927-02-01,353202.59,flat_shiller_gs10,0.03
1927-03-01,353232.58,flat_shiller_gs10,0.03
1927-04-01,353262.58,flat_shiller_gs10,0.03
1927-05-01,353292.57,flat_shiller_gs10,0.03
1927-06-01,353322.57,flat_shiller_gs10,0.03
1927-07-01,353352.58,flat_shiller_gs10,0.03
1927-08-01,353382.58,flat_shiller_gs10,0.03
1927-09-01,353412.59,flat_shiller_gs10,0.03
1927-10-01,353442.60,flat_shiller_gs10,0.03
1927-11-01,353472.62,flat_shiller_gs10,0.03
1927-12-01,353502.64,flat_shiller_gs10,0.03
1928-01-01,353532.66,flat_shiller_gs10,0.03
1928-02-01,352723.12,flat_shiller_gs10,0.03
1928-03-01,351915.66,flat_shiller_gs10,0.03
1928-04-01,351110.28,flat_shiller_gs10,0.03
1928-05-01,350306.98,flat_shiller_gs10,0.03
1928-06-01,349505.74,flat_shiller_gs10,0.03
1928-07-01,348706.56,flat_shiller_gs10,0.03
1928-08-01,347909.44,flat_shiller_gs10,0.03
1928-09-01,347114.37,flat_shiller_gs10,0.04
1928-10-01,346321.34,flat_shiller_gs10,0.04
1928-11-01,345530.35,flat_shiller_gs10,0.04
1928-12-01,344741.39,flat_shiller_gs10,0.04
1929-01-01,343954.45,flat_shiller_gs10,0.04
1929-02-01,344858.14,flat_shiller_gs10,0.04
1929-03-01,345764.50,flat_shiller_gs10,0.04
1929-04-01,346673.54,flat_shiller_gs10,0.04
1929-05-01,347585.28,flat_shiller_gs10,0.03
1929-06-01,348499.70,flat_shiller_gs10,0.03
1929-07-01,349416.84,flat_shiller_gs10,0.03
1929-08-01,350336.69,flat_shiller_gs10,0.03
1929-09-01,351259.27,flat_shiller_gs10,0.03
1929-10-01,352184.58,flat_shiller_gs10,0.03
1929-11-01,353112.63,flat_shiller_gs10,0.03
1929-12-01,354043.44,flat_shiller_gs10,0.03
1930-01-01,354977.00,flat_shiller_gs10,0.03
1930-02-01,354826.24,flat_shiller_gs10,0.03
1930-03-01,354675.55,flat_shiller_gs10,0.03
1930-04-01,354524.93,flat_shiller_gs10,0.03
1930-05-01,354374.39,flat_shiller_gs10,0.03
1930-06-01,354223.91,flat_shiller_gs10,0.03
1930-07-01,354073.51,flat_shiller_gs10,0.03
1930-08-01,353923.18,flat_shiller_gs10,0.03
1930-09-01,353772.92,flat_shiller_gs10,0.03
1930-10-01,353622.73,flat_shiller_gs10,0.03
1930-11-01,353472.62,flat_shiller_gs10,0.03
1930-12-01,353322.57,flat_shiller_gs10,0.03
1931-01-01,353172.60,flat_shiller_gs10,0.03
1931-02-01,352154.69,flat_shiller_gs10,0.03
1931-03-01,351140.07,flat_shiller_gs10,0.03
1931-04-01,350128.75,flat_shiller_gs10,0.03
1931-05-01,349120.69,flat_shiller_gs10,0.03
1931-06-01,348115.91,flat_shiller_gs10,0.03
1931-07-01,347114.37,flat_shiller_gs10,0.04
1931-08-01,346116.07,flat_shiller_gs10,0.04
1931-09-01,345121.00,flat_shiller_gs10,0.04
1931-10-01,344129.15,flat_shiller_gs10,0.04
1931-11-01,343140.51,flat_shiller_gs10,0.04
1931-12-01,342155.06,flat_shiller_gs10,0.04
1932-01-01,341172.79,flat_shiller_gs10,0.04
1932-02-01,342241.88,flat_shiller_gs10,0.04
1932-03-01,343314.74,flat_shiller_gs10,0.04
1932-04-01,344391.39,flat_shiller_gs10,0.04
1932-05-01,345471.84,flat_shiller_gs10,0.04
1932-06-01,346556.10,flat_shiller_gs10,0.04
1932-07-01,347644.19,flat_shiller_gs10,0.03
1932-08-01,348736.13,flat_shiller_gs10,0.03
1932-09-01,349831.92,flat_shiller_gs10,0.03
1932-10-01,350931.59,flat_shiller_gs10,0.03
1932-11-01,352035.15,flat_shiller_gs10,0.03
1932-12-01,353142.62,flat_shiller_gs10,0.03
1933-01-01,354254.00,flat_shiller_gs10,0.03
1933-02-01,354826.24,flat_shiller_gs10,0.03
1933-03-01,355399.52,flat_shiller_gs10,0.03
1933-04-01,355973.84,flat_shiller_gs10,0.03
1933-05-01,356549.21,flat_shiller_gs10,0.03
1933-06-01,357125.62,flat_shiller_gs10,0.03
1933-07-01,357703.08,flat_shiller_gs10,0.03
1933-08-01,358281.59,flat_shiller_gs10,0.03
1933-09-01,358861.15,flat_shiller_gs10,0.03
1933-10-01,359441.76,flat_shiller_gs10,0.03
1933-11-01,360023.44,flat_shiller_gs10,0.03
1933-12-01,360606.17,flat_shiller_gs10,0.03
1934-01-01,361189.96,flat_shiller_gs10,0.03
1934-02-01,362206.44,flat_shiller_gs10,0.03
1934-03-01,363226.14,flat_shiller_gs10,0.03
1934-04-01,364249.07,flat_shiller_gs10,0.03
1934-05-01,365275.24,flat_shiller_gs10,0.03
1934-06-01,366304.66,flat_shiller_gs10,0.03
1934-07-01,367337.35,flat_shiller_gs10,0.03
1934-08-01,368373.30,flat_shiller_gs10,0.03
1934-09-01,369412.55,flat_shiller_gs10,0.03
1934-10-01,370455.08,flat_shiller_gs10,0.03
1934-11-01,371500.93,flat_shiller_gs10,0.03
1934-12-01,372550.10,flat_shiller_gs10,0.03
1935-01-01,373602.60,flat_shiller_gs10,0.03
1935-02-01,374050.13,flat_shiller_gs10,0.03
1935-03-01,374498.25,flat_shiller_gs10,0.03
1935-04-01,374946.98,flat_shiller_gs10,0.03
1935-05-01,375396.32,flat_shiller_gs10,0.03
1935-06-01,375846.26,flat_shiller_gs10,0.03
1935-07-01,376296.80,flat_shiller_gs10,0.03
1935-08-01,376747.96,flat_shiller_gs10,0.03
1935-09-01,377199.72,flat_shiller_gs10,0.03
1935-10-01,377652.09,flat_shiller_gs10,0.03
1935-11-01,378105.07,flat_shiller_gs10,0.03
1935-12-01,378558.66,flat_shiller_gs10,0.03
1936-01-01,379012.86,flat_shiller_gs10,0.03
1936-02-01,378915.48,flat_shiller_gs10,0.03
1936-03-01,378818.13,flat_shiller_gs10,0.03
1936-04-01,378720.81,flat_shiller_gs10,0.03
1936-05-01,378623.51,flat_shiller_gs10,0.03
1936-06-01,378526.24,flat_shiller_gs10,0.03
1936-07-01,378429.00,flat_shiller_gs10,0.03
1936-08-01,378331.79,flat_shiller_gs10,0.03
1936-09-01,378234.61,flat_shiller_gs10,0.03
1936-10-01,378137.45,flat_shiller_gs10,0.03
1936-11-01,378040.32,flat_shiller_gs10,0.03
1936-12-01,377943.22,flat_shiller_gs10,0.03
1937-01-01,377846.15,flat_shiller_gs10,0.03
1937-02-01,378234.61,flat_shiller_gs10,0.03
1937-03-01,378623.51,flat_shiller_gs10,0.03
1937-04-01,379012.86,flat_shiller_gs10,0.03
1937-05-01,379402.67,flat_shiller_gs10,0.03
1937-06-01,379792.92,flat_shiller_gs10,0.03
1937-07-01,380183.63,flat_shiller_gs10,0.03
1937-08-01,380574.79,flat_shiller_gs10,0.03
1937-09-01,380966.40,flat_shiller_gs10,0.03
1937-10-01,381358.46,flat_shiller_gs10,0.03
1937-11-01,381750.97,flat_shiller_gs10,0.03
1937-12-01,382143.94,flat_shiller_gs10,0.03
1938-01-01,382537.37,flat_shiller_gs10,0.03
1938-02-01,383194.09,flat_shiller_gs10,0.03
1938-03-01,383852.08,flat_shiller_gs10,0.03
1938-04-01,384511.33,flat_shiller_gs10,0.03
1938-05-01,385171.86,flat_shiller_gs10,0.02
1938-06-01,385833.67,flat_shiller_gs10,0.02
1938-07-01,386496.75,flat_shiller_gs10,0.02
1938-08-01,387161.11,flat_shiller_gs10,0.02
1938-09-01,387826.76,flat_shiller_gs10,0.02
1938-10-01,388493.69,flat_shiller_gs10,0.02
1938-11-01,389161.91,flat_shiller_gs10,0.02
1938-12-01,389831.42,flat_shiller_gs10,0.02
1939-01-01,390502.23,flat_shiller_gs10,0.02
1939-02-01,391006.18,flat_shiller_gs10,0.02
1939-03-01,391510.87,flat_shiller_gs10,0.02
1939-04-01,392016.29,flat_shiller_gs10,0.02
1939-05-01,392522.44,flat_shiller_gs10,0.02
1939-06-01,393029.33,flat_shiller_gs10,0.02
1939-07-01,393536.95,flat_shiller_gs10,0.02
1939-08-01,394045.31,flat_shiller_gs10,0.02
1939-09-01,394554.40,flat_shiller_gs10,0.02
1939-10-01,395064.24,flat_shiller_gs10,0.02
1939-11-01,395574.81,flat_shiller_gs10,0.02
1939-12-01,396086.13,flat_shiller_gs10,0.02
1940-01-01,396598.19,flat_shiller_gs10,0.02
1940-02-01,397487.52,flat_shiller_gs10,0.02
1940-03-01,398379.09,flat_shiller_gs10,0.02
1940-04-01,399272.90,flat_shiller_gs10,0.02
1940-05-01,400168.98,flat_shiller_gs10,0.02
1940-06-01,401067.30,flat_shiller_gs10,0.02
1940-07-01,401967.90,flat_shiller_gs10,0.02
1940-08-01,402870.77,flat_shiller_gs10,0.02
1940-09-01,403775.91,flat_shiller_gs10,0.02
1940-10-01,404683.34,flat_shiller_gs10,0.02
1940-11-01,405593.06,flat_shiller_gs10,0.02
1940-12-01,406505.08,flat_shiller_gs10,0.02
1941-01-01,407419.39,flat_shiller_gs10,0.02
1941-02-01,405628.09,flat_shiller_gs10,0.02
1941-03-01,403845.63,flat_shiller_gs10,0.02
1941-04-01,402071.96,flat_shiller_gs10,0.02
1941-05-01,400307.03,flat_shiller_gs10,0.02
1941-06-01,398550.80,flat_shiller_gs10,0.02
1941-07-01,396803.22,flat_shiller_gs10,0.02
1941-08-01,395064.24,flat_shiller_gs10,0.02
1941-09-01,393333.81,flat_shiller_gs10,0.02
1941-10-01,391611.90,flat_shiller_gs10,0.02
1941-11-01,389898.44,flat_shiller_gs10,0.02
1941-12-01,388193.41,flat_shiller_gs10,0.02
1942-01-01,386496.75,flat_shiller_gs10,0.02
1942-02-01,386463.56,flat_shiller_gs10,0.02
1942-03-01,386430.38,flat_shiller_gs10,0.02
1942-04-01,386397.20,flat_shiller_gs10,0.02
1942-05-01,386364.03,flat_shiller_gs10,0.02
1942-06-01,386330.86,flat_shiller_gs10,0.02
1942-07-01,386297.69,flat_shiller_gs10,0.02
1942-08-01,386264.52,flat_shiller_gs10,0.02
1942-09-01,386231.36,flat_shiller_gs10,0.02
1942-10-01,386198.20,flat_shiller_gs10,0.02
1942-11-01,386165.05,flat_shiller_gs10,0.02
1942-12-01,386131.89,flat_shiller_gs10,0.02
1943-01-01,386098.75,flat_shiller_gs10,0.02
1943-02-01,386065.60,flat_shiller_gs10,0.02
1943-03-01,386032.46,flat_shiller_gs10,0.02
1943-04-01,385999.32,flat_shiller_gs10,0.02
1943-05-01,385966.18,flat_shiller_gs10,0.02
1943-06-01,385933.05,flat_shiller_gs10,0.02
1943-07-01,385899.92,flat_shiller_gs10,0.02
1943-08-01,385866.79,flat_shiller_gs10,0.02
1943-09-01,385833.67,flat_shiller_gs10,0.02
1943-10-01,385800.55,flat_shiller_gs10,0.02
1943-11-01,385767.43,flat_shiller_gs10,0.02
1943-12-01,385734.31,flat_shiller_gs10,0.02
1944-01-01,385701.20,flat_shiller_gs10,0.02
1944-02-01,386065.60,flat_shiller_gs10,0.02
1944-03-01,386430.38,flat_shiller_gs10,0.02
1944-04-01,386795.55,flat_shiller_gs10,0.02
1944-05-01,387161.11,flat_shiller_gs10,0.02
1944-06-01,387527.06,flat_shiller_gs10,0.02
1944-07-01,387893.39,flat_shiller_gs10,0.02
1944-08-01,388260.12,flat_shiller_gs10,0.02
1944-09-01,388627.23,flat_shiller_gs10,0.02
1944-10-01,388994.73,flat_shiller_gs10,0.02
1944-11-01,389362.63,flat_shiller_gs10,0.02
1944-12-01,389730.91,flat_shiller_gs10,0.02
1945-01-01,390099.59,flat_shiller_gs10,0.02
1945-02-01,390703.72,flat_shiller_gs10,0.02
1945-03-01,391308.91,flat_shiller_gs10,0.02
1945-04-01,391915.15,flat_shiller_gs10,0.02
1945-05-01,392522.44,flat_shiller_gs10,0.02
1945-06-01,393130.79,flat_shiller_gs10,0.02
1945-07-01,393740.20,flat_shiller_gs10,0.02
1945-08-01,394350.68,flat_shiller_gs10,0.02
1945-09-01,394962.21,flat_shiller_gs10,0.02
1945-10-01,395574.81,flat_shiller_gs10,0.02
1945-11-01,396188.48,flat_shiller_gs10,0.02
1945-12-01,396803.22,flat_shiller_gs10,0.02
1946-01-01,397419.03,flat_shiller_gs10,0.02
1946-02-01,397213.64,flat_shiller_gs10,0.02
1946-03-01,397008.37,flat_shiller_gs10,0.02
1946-04-01,396803.22,flat_shiller_gs10,0.02
1946-05-01,396598.19,flat_shiller_gs10,0.02
1946-06-01,396393.27,flat_shiller_gs10,0.02
1946-07-01,396188.48,flat_shiller_gs10,0.02
1946-08-01,395983.81,flat_shiller_gs10,0.02
1946-09-01,395779.25,flat_shiller_gs10,0.02
1946-10-01,395574.81,flat_shiller_gs10,0.02
1946-11-01,395370.49,flat_shiller_gs10,0.02
1946-12-01,395166.29,flat_shiller_gs10,0.02
1947-01-01,394962.21,flat_shiller_gs10,0.02
1947-02-01,394316.73,flat_shiller_gs10,0.02
1947-03-01,393672.44,flat_shiller_gs10,0.02
1947-04-01,393029.33,flat_shiller_gs10,0.02
1947-05-01,392387.40,flat_shiller_gs10,0.02
1947-06-01,391746.64,flat_shiller_gs10,0.02
1947-07-01,391107.06,flat_shiller_gs10,0.02
1947-08-01,390468.66,flat_shiller_gs10,0.02
1947-09-01,389831.42,flat_shiller_gs10,0.02
1947-10-01,389195.35,flat_shiller_gs10,0.02
1947-11-01,388560.45,flat_shiller_gs10,0.02
1947-12-01,387926.71,flat_shiller_gs10,0.02
1948-01-01,387294.14,flat_shiller_gs10,0.02
1948-02-01,387726.83,flat_shiller_gs10,0.02
1948-03-01,388160.06,flat_shiller_gs10,0.02
1948-04-01,388593.84,flat_shiller_gs10,0.02
1948-05-01,389028.16,flat_shiller_gs10,0.02
1948-06-01,389463.03,flat_shiller_gs10,0.02
1948-07-01,389898.44,flat_shiller_gs10,0.02
1948-08-01,390334.41,flat_shiller_gs10,0.02
1948-09-01,390770.91,flat_shiller_gs10,0.02
1948-10-01,391207.97,flat_shiller_gs10,0.02
1948-11-01,391645.58,flat_shiller_gs10,0.02
1948-12-01,392083.73,flat_shiller_gs10,0.02
1949-01-01,392522.44,flat_shiller_gs10,0.02
1949-02-01,392488.68,flat_shiller_gs10,0.02
1949-03-01,392454.91,flat_shiller_gs10,0.02
1949-04-01,392421.15,flat_shiller_gs10,0.02
1949-05-01,392387.40,flat_shiller_gs10,0.02
1949-06-01,392353.64,flat_shiller_gs10,0.02
1949-07-01,392319.89,flat_shiller_gs10,0.02
1949-08-01,392286.15,flat_shiller_gs10,0.02
1949-09-01,392252.40,flat_shiller_gs10,0.02
1949-10-01,392218.66,flat_shiller_gs10,0.02
1949-11-01,392184.93,flat_shiller_gs10,0.02
1949-12-01,392151.19,flat_shiller_gs10,0.02
1950-01-01,392117.46,flat_shiller_gs10,0.02
1950-02-01,391275.26,flat_shiller_gs10,0.02
1950-03-01,390435.09,flat_shiller_gs10,0.02
1950-04-01,389596.95,flat_shiller_gs10,0.02
1950-05-01,388760.82,flat_shiller_gs10,0.02
1950-06-01,387926.71,flat_shiller_gs10,0.02
1950-07-01,387094.62,flat_shiller_gs10,0.02
1950-08-01,386264.52,flat_shiller_gs10,0.02
1950-09-01,385436.43,flat_shiller_gs10,0.02
1950-10-01,384610.33,flat_shiller_gs10,0.03
1950-11-01,383786.22,flat_shiller_gs10,0.03
1950-12-01,382964.09,flat_shiller_gs10,0.03
1951-01-01,382143.94,flat_shiller_gs10,0.03
1951-02-01,381783.70,flat_shiller_gs10,0.03
1951-03-01,381423.85,flat_shiller_gs10,0.03
1951-04-01,381064.37,flat_shiller_gs10,0.03
1951-05-01,380705.27,flat_shiller_gs10,0.03
1951-06-01,380346.56,flat_shiller_gs10,0.03
1951-07-01,379988.22,flat_shiller_gs10,0.03
1951-08-01,379630.26,flat_shiller_gs10,0.03
1951-09-01,379272.68,flat_shiller_gs10,0.03
1951-10-01,378915.48,flat_shiller_gs10,0.03
1951-11-01,378558.66,flat_shiller_gs10,0.03
1951-12-01,378202.22,flat_shiller_gs10,0.03
1952-01-01,377846.15,flat_shiller_gs10,0.03
1952-02-01,377361.21,flat_shiller_gs10,0.03
1952-03-01,376876.97,flat_shiller_gs10,0.03
1952-04-01,376393.43,flat_shiller_gs10,0.03
1952-05-01,375910.59,flat_shiller_gs10,0.03
1952-06-01,375428.44,flat_shiller_gs10,0.03
1952-07-01,374946.98,flat_shiller_gs10,0.03
1952-08-01,374466.22,flat_shiller_gs10,0.03
1952-09-01,373986.16,flat_shiller_gs10,0.03
1952-10-01,373506.78,flat_shiller_gs10,0.03
1952-11-01,373028.10,flat_shiller_gs10,0.03
1952-12-01,372550.10,flat_shiller_gs10,0.03
1953-01-01,372072.79,flat_shiller_gs10,0.03
1953-02-01,373187.58,flat_shiller_gs10,0.03
1953-03-01,374306.12,flat_shiller_gs10,0.03
1953-04-01,372072.79,flat_shiller_gs10,0.03
1953-05-01,363783.70,flat_shiller_gs10,0.03
1953-06-01,361559.22,flat_shiller_gs10,0.03
1953-07-01,368278.99,flat_shiller_gs10,0.03
1953-08-01,367525.46,flat_shiller_gs10,0.03
1953-09-01,370550.02,flat_shiller_gs10,0.03
1953-10-01,378623.51,flat_shiller_gs10,0.03
1953-11-01,377846.15,flat_shiller_gs10,0.03
1953-12-01,381358.46,flat_shiller_gs10,0.03
1954-01-01,385701.20,flat_shiller_gs10,0.02
1954-02-01,386098.75,flat_shiller_gs10,0.02
1954-03-01,390099.59,flat_shiller_gs10,0.02
1954-04-01,393333.81,flat_shiller_gs10,0.02
1954-05-01,390099.59,flat_shiller_gs10,0.02
1954-06-01,389697.42,flat_shiller_gs10,0.02
1954-07-01,392927.89,flat_shiller_gs10,0.02
1954-08-01,390502.23,flat_shiller_gs10,0.02
1954-09-01,389697.42,flat_shiller_gs10,0.02
1954-10-01,387693.52,flat_shiller_gs10,0.02
1954-11-01,385701.20,flat_shiller_gs10,0.02
1954-12-01,384511.33,flat_shiller_gs10,0.03
1955-01-01,380574.79,flat_shiller_gs10,0.03
1955-02-01,379012.86,flat_shiller_gs10,0.03
1955-03-01,377846.15,flat_shiller_gs10,0.03
1955-04-01,375139.48,flat_shiller_gs10,0.03
1955-05-01,374754.60,flat_shiller_gs10,0.03
1955-06-01,373986.16,flat_shiller_gs10,0.03
1955-07-01,369412.55,flat_shiller_gs10,0.03
1955-08-01,366773.66,flat_shiller_gs10,0.03
1955-09-01,366773.66,flat_shiller_gs10,0.03
1955-10-01,370170.43,flat_shiller_gs10,0.03
1955-11-01,369791.27,flat_shiller_gs10,0.03
1955-12-01,367149.34,flat_shiller_gs10,0.03
1956-01-01,369412.55,flat_shiller_gs10,0.03
1956-02-01,371691.44,flat_shiller_gs10,0.03
1956-03-01,367149.34,flat_shiller_gs10,0.03
1956-04-01,358983.29,flat_shiller_gs10,0.03
1956-05-01,363040.50,flat_shiller_gs10,0.03
1956-06-01,365649.20,flat_shiller_gs10,0.03
1956-07-01,361559.22,flat_shiller_gs10,0.03
1956-08-01,353532.66,flat_shiller_gs10,0.03
1956-09-01,351736.51,flat_shiller_gs10,0.03
1956-10-01,353172.60,flat_shiller_gs10,0.03
1956-11-01,347821.00,flat_shiller_gs10,0.03
1956-12-01,344303.95,flat_shiller_gs10,0.04
1957-01-01,348883.98,flat_shiller_gs10,0.03
1957-02-01,353172.60,flat_shiller_gs10,0.03
1957-03-01,350663.75,flat_shiller_gs10,0.03
1957-04-01,348174.92,flat_shiller_gs10,0.03
1957-05-01,343954.45,flat_shiller_gs10,0.04
1957-06-01,337047.62,flat_shiller_gs10,0.04
1957-07-01,332641.91,flat_shiller_gs10,0.04
1957-08-01,332641.91,flat_shiller_gs10,0.04
1957-09-01,332978.50,flat_shiller_gs10,0.04
1957-10-01,331299.38,flat_shiller_gs10,0.04
1957-11-01,339791.45,flat_shiller_gs10,0.04
1957-12-01,357885.65,flat_shiller_gs10,0.03
1958-01-01,362299.01,flat_shiller_gs10,0.03
1958-02-01,363783.70,flat_shiller_gs10,0.03
1958-03-01,366398.41,flat_shiller_gs10,0.03
1958-04-01,370170.43,flat_shiller_gs10,0.03
1958-05-01,368656.41,flat_shiller_gs10,0.03
1958-06-01,366773.66,flat_shiller_gs10,0.03
1958-07-01,358251.11,flat_shiller_gs10,0.03
1958-08-01,346057.45,flat_shiller_gs10,0.04
1958-09-01,338416.41,flat_shiller_gs10,0.04
1958-10-01,337047.62,flat_shiller_gs10,0.04
1958-11-01,339103.15,flat_shiller_gs10,0.04
1958-12-01,335006.11,flat_shiller_gs10,0.04
1959-01-01,329629.78,flat_shiller_gs10,0.04
1959-02-01,331634.44,flat_shiller_gs10,0.04
1959-03-01,330630.40,flat_shiller_gs10,0.04
1959-04-01,326318.91,flat_shiller_gs10,0.04
1959-05-01,320130.88,flat_shiller_gs10,0.04
1959-06-01,319165.96,flat_shiller_gs10,0.04
1959-07-01,317245.91,flat_shiller_gs10,0.04
1959-08-01,316290.77,flat_shiller_gs10,0.04
1959-09-01,308455.99,flat_shiller_gs10,0.05
1959-10-01,313130.27,flat_shiller_gs10,0.05
1959-11-01,313130.27,flat_shiller_gs10,0.05
1959-12-01,308147.17,flat_shiller_gs10,0.05
1960-01-01,307222.82,flat_shiller_gs10,0.05
1960-02-01,314390.18,flat_shiller_gs10,0.04
1960-03-01,322070.61,flat_shiller_gs10,0.04
1960-04-01,321099.10,flat_shiller_gs10,0.04
1960-05-01,318845.04,flat_shiller_gs10,0.04
1960-06-01,325332.96,flat_shiller_gs10,0.04
1960-07-01,333652.84,flat_shiller_gs10,0.04
1960-08-01,337047.62,flat_shiller_gs10,0.04
1960-09-01,337047.62,flat_shiller_gs10,0.04
1960-10-01,333990.58,flat_shiller_gs10,0.04
1960-11-01,332641.91,flat_shiller_gs10,0.04
1960-12-01,335685.07,flat_shiller_gs10,0.04
1961-01-01,335685.07,flat_shiller_gs10,0.04
1961-02-01,337731.24,flat_shiller_gs10,0.04
1961-03-01,339103.15,flat_shiller_gs10,0.04
1961-04-01,337731.24,flat_shiller_gs10,0.04
1961-05-01,340136.20,flat_shiller_gs10,0.04
1961-06-01,334328.70,flat_shiller_gs10,0.04
1961-07-01,332978.50,flat_shiller_gs10,0.04
1961-08-01,328964.59,flat_shiller_gs10,0.04
1961-09-01,330964.70,flat_shiller_gs10,0.04
1961-10-01,332978.50,flat_shiller_gs10,0.04
1961-11-01,332305.71,flat_shiller_gs10,0.04
1961-12-01,328300.91,flat_shiller_gs10,0.04
1962-01-02,328226.23,fred_cmt,0.04
1962-01-03,328976.76,fred_cmt,0.04
1962-01-04,330030.42,fred_cmt,0.04
1962-01-05,329168.41,fred_cmt,0.04
1962-01-08,328807.17,fred_cmt,0.04
1962-01-09,328298.66,fred_cmt,0.04
1962-01-10,327728.26,fred_cmt,0.04
1962-01-11,327584.03,fred_cmt,0.04
1962-01-12,327460.62,fred_cmt,0.04
1962-01-15,326911.39,fred_cmt,0.04
1962-01-16,326077.03,fred_cmt,0.04
1962-01-17,326419.27,fred_cmt,0.04
1962-01-18,326660.15,fred_cmt,0.04
1962-01-19,326681.63,fred_cmt,0.04
1962-01-22,327269.06,fred_cmt,0.04
1962-01-23,326697.32,fred_cmt,0.04
1962-01-24,326952.84,fred_cmt,0.04
1962-01-25,326550.80,fred_cmt,0.04
1962-01-26,326489.34,fred_cmt,0.04
1962-01-29,326146.98,fred_cmt,0.04
1962-01-30,326383.39,fred_cmt,0.04
1962-01-31,326601.38,fred_cmt,0.04
1962-02-01,326811.01,fred_cmt,0.04
1962-02-02,327103.97,fred_cmt,0.04
1962-02-05,327444.40,fred_cmt,0.04
1962-02-06,327605.32,fred_cmt,0.04
1962-02-07,327398.16,fred_cmt,0.04
1962-02-08,327520.71,fred_cmt,0.04
1962-02-09,328109.90,fred_cmt,0.04
1962-02-13,328653.82,fred_cmt,0.04
1962-02-14,328760.95,fred_cmt,0.04
1962-02-15,328928.31,fred_cmt,0.04
1962-02-16,328819.25,fred_cmt,0.04
1962-02-19,329175.57,fred_cmt,0.04
1962-02-20,327853.29,fred_cmt,0.04
1962-02-21,328509.11,fred_cmt,0.04
1962-02-23,328870.48,fred_cmt,0.04
1962-02-26,329494.06,fred_cmt,0.04
1962-02-27,329172.87,fred_cmt,0.04
1962-02-28,329618.33,fred_cmt,0.04
1962-03-01,330267.15,fred_cmt,0.04
1962-03-02,330275.20,fred_cmt,0.04
1962-03-05,329701.79,fred_cmt,0.04
1962-03-06,329454.12,fred_cmt,0.04
1962-03-07,329758.89,fred_cmt,0.04
1962-03-08,330359.91,fred_cmt,0.04
1962-03-09,330967.41,fred_cmt,0.04
1962-03-12,331474.34,fred_cmt,0.04
1962-03-13,332189.60,fred_cmt,0.04
1962-03-14,331883.65,fred_cmt,0.04
1962-03-15,330968.64,fred_cmt,0.04
1962-03-16,331032.24,fred_cmt,0.04
1962-03-19,331820.83,fred_cmt,0.04
1962-03-20,332555.29,fred_cmt,0.04
1962-03-21,333996.05,fred_cmt,0.04
1962-03-22,335046.65,fred_cmt,0.04
1962-03-23,333825.03,fred_cmt,0.04
1962-03-26,333126.32,fred_cmt,0.04
1962-03-27,332978.36,fred_cmt,0.04
1962-03-28,333012.61,fred_cmt,0.04
1962-03-29,333098.34,fred_cmt,0.04
1962-03-30,334234.27,fred_cmt,0.04
1962-04-02,334393.32,fred_cmt,0.04
1962-04-03,335352.10,fred_cmt,0.04
1962-04-04,336934.69,fred_cmt,0.04
1962-04-05,335127.37,fred_cmt,0.04
1962-04-06,336030.13,fred_cmt,0.04
1962-04-09,335489.58,fred_cmt,0.04
1962-04-10,335525.02,fred_cmt,0.04
1962-04-11,334327.34,fred_cmt,0.04
1962-04-12,334639.69,fred_cmt,0.04
1962-04-13,334975.95,fred_cmt,0.04
1962-04-16,335454.22,fred_cmt,0.04
1962-04-17,335689.55,fred_cmt,0.04
1962-04-18,336081.13,fred_cmt,0.04
1962-04-19,335775.62,fred_cmt,0.04
1962-04-23,334584.74,fred_cmt,0.04
1962-04-24,334231.49,fred_cmt,0.04
1962-04-25,333965.79,fred_cmt,0.04
1962-04-26,333712.40,fred_cmt,0.04
1962-04-27,334760.40,fred_cmt,0.04
1962-04-30,334776.61,fred_cmt,0.04
1962-05-01,335032.04,fred_cmt,0.04
1962-05-02,334749.49,fred_cmt,0.04
1962-05-03,334808.27,fred_cmt,0.04
1962-05-04,334565.59,fred_cmt,0.04
1962-05-07,334797.35,fred_cmt,0.04
1962-05-08,335079.07,fred_cmt,0.04
1962-05-09,335934.44,fred_cmt,0.04
1962-05-10,335731.45,fred_cmt,0.04
1962-05-11,335977.75,fred_cmt,0.04
1962-05-14,335122.38,fred_cmt,0.04
1962-05-15,334459.82,fred_cmt,0.04
1962-05-16,334616.50,fred_cmt,0.04
1962-05-17,334379.58,fred_cmt,0.04
1962-05-18,332568.68,fred_cmt,0.04
1962-05-21,332126.99,fred_cmt,0.04
1962-05-22,332522.51,fred_cmt,0.04
1962-05-23,333048.73,fred_cmt,0.04
1962-05-24,333369.20,fred_cmt,0.04
1962-05-25,333974.86,fred_cmt,0.04
1962-05-28,334310.02,fred_cmt,0.04
1962-05-29,333643.68,fred_cmt,0.04
1962-05-31,333399.05,fred_cmt,0.04
1962-06-01,333770.84,fred_cmt,0.04
1962-06-04,334028.50,fred_cmt,0.04
1962-06-05,333690.36,fred_cmt,0.04
1962-06-06,333817.32,fred_cmt,0.04
1962-06-07,334357.63,fred_cmt,0.04
1962-06-08,334675.53,fred_cmt,0.04
1962-06-11,334450.86,fred_cmt,0.04
1962-06-12,334816.21,fred_cmt,0.04
1962-06-13,334511.51,fred_cmt,0.04
1962-06-14,333574.50,fred_cmt,0.04
1962-06-15,333816.88,fred_cmt,0.04
1962-06-18,333248.03,fred_cmt,0.04
1962-06-19,332564.75,fred_cmt,0.04
1962-06-20,332823.83,fred_cmt,0.04
1962-06-21,333431.70,fred_cmt,0.04
1962-06-22,333431.70,fred_cmt,0.04
1962-06-25,331791.84,fred_cmt,0.04
1962-06-26,331170.71,fred_cmt,0.04
1962-06-27,331573.24,fred_cmt,0.04
1962-06-28,330812.15,fred_cmt,0.04
1962-06-29,330286.15,fred_cmt,0.04
1962-07-02,330266.55,fred_cmt,0.04
1962-07-03,330311.29,fred_cmt,0.04
1962-07-05,330252.39,fred_cmt,0.04
1962-07-06,329526.72,fred_cmt,0.04
1962-07-09,328602.38,fred_cmt,0.04
1962-07-10,329441.86,fred_cmt,0.04
1962-07-11,330229.27,fred_cmt,0.04
1962-07-12,330047.17,fred_cmt,0.04
1962-07-13,330055.46,fred_cmt,0.04
1962-07-16,329697.62,fred_cmt,0.04
1962-07-17,329200.98,fred_cmt,0.04
1962-07-18,329406.57,fred_cmt,0.04
1962-07-19,329389.68,fred_cmt,0.04
1962-07-20,329724.65,fred_cmt,0.04
1962-07-23,329969.46,fred_cmt,0.04
1962-07-24,329708.05,fred_cmt,0.04
1962-07-25,329446.90,fred_cmt,0.04
1962-07-26,329793.13,fred_cmt,0.04
1962-07-27,329544.18,fred_cmt,0.04
1962-07-30,329187.00,fred_cmt,0.04
1962-07-31,328926.22,fred_cmt,0.04
1962-08-01,329192.25,fred_cmt,0.04
1962-08-02,330218.08,fred_cmt,0.04
1962-08-03,329882.20,fred_cmt,0.04
1962-08-06,329885.11,fred_cmt,0.04
1962-08-07,329576.25,fred_cmt,0.04
1962-08-08,329837.78,fred_cmt,0.04
1962-08-09,330438.57,fred_cmt,0.04
1962-08-10,330430.29,fred_cmt,0.04
1962-08-13,330477.91,fred_cmt,0.04
1962-08-14,330880.55,fred_cmt,0.04
1962-08-15,330891.79,fred_cmt,0.04
1962-08-16,331592.39,fred_cmt,0.04
1962-08-17,331573.05,fred_cmt,0.04
1962-08-20,332189.99,fred_cmt,0.04
1962-08-21,332275.58,fred_cmt,0.04
1962-08-22,332025.88,fred_cmt,0.04
1962-08-23,332014.81,fred_cmt,0.04
1962-08-24,332020.20,fred_cmt,0.04
1962-08-27,331908.84,fred_cmt,0.04
1962-08-28,331673.26,fred_cmt,0.04
1962-08-29,331665.01,fred_cmt,0.04
1962-08-30,331873.78,fred_cmt,0.04
1962-08-31,331654.99,fred_cmt,0.04
1962-09-04,331634.96,fred_cmt,0.04
1962-09-05,331297.06,fred_cmt,0.04
1962-09-06,330672.43,fred_cmt,0.04
1962-09-07,330056.66,fred_cmt,0.04
1962-09-10,330344.13,fred_cmt,0.04
1962-09-11,330332.95,fred_cmt,0.04
1962-09-12,330404.26,fred_cmt,0.04
1962-09-13,330638.96,fred_cmt,0.04
1962-09-14,330647.26,fred_cmt,0.04
1962-09-17,330661.28,fred_cmt,0.04
1962-09-18,330907.34,fred_cmt,0.04
1962-09-19,330664.15,fred_cmt,0.04
1962-09-20,330901.62,fred_cmt,0.04
1962-09-21,330904.48,fred_cmt,0.04
1962-09-24,331267.66,fred_cmt,0.04
1962-09-25,331523.00,fred_cmt,0.04
1962-09-26,331789.42,fred_cmt,0.04
1962-09-27,331866.74,fred_cmt,0.04
1962-09-28,332200.08,fred_cmt,0.04
1962-10-01,332559.47,fred_cmt,0.04
1962-10-02,332922.28,fred_cmt,0.04
1962-10-03,333519.78,fred_cmt,0.04
1962-10-04,333516.95,fred_cmt,0.04
1962-10-05,332908.40,fred_cmt,0.04
1962-10-08,332625.90,fred_cmt,0.04
1962-10-09,332151.02,fred_cmt,0.04
1962-10-10,332746.88,fred_cmt,0.04
1962-10-11,332481.99,fred_cmt,0.04
1962-10-15,332479.14,fred_cmt,0.04
1962-10-16,332484.53,fred_cmt,0.04
1962-10-17,332383.97,fred_cmt,0.04
1962-10-18,332976.33,fred_cmt,0.04
1962-10-19,334265.80,fred_cmt,0.04
1962-10-22,333272.65,fred_cmt,0.04
1962-10-23,332400.77,fred_cmt,0.04
1962-10-24,332400.77,fred_cmt,0.04
1962-10-25,332323.34,fred_cmt,0.04
1962-10-26,332699.24,fred_cmt,0.04
1962-10-29,332964.16,fred_cmt,0.04
1962-10-30,332987.37,fred_cmt,0.04
1962-10-31,332972.36,fred_cmt,0.04
1962-11-01,333011.97,fred_cmt,0.04
1962-11-02,333302.04,fred_cmt,0.04
1962-11-05,333402.94,fred_cmt,0.04
1962-11-07,333431.61,fred_cmt,0.04
1962-11-08,333769.29,fred_cmt,0.04
1962-11-09,334144.65,fred_cmt,0.04
1962-11-13,333811.85,fred_cmt,0.04
1962-11-14,333471.30,fred_cmt,0.04
1962-11-15,333487.64,fred_cmt,0.04
1962-11-16,332819.69,fred_cmt,0.04
1962-11-19,332787.42,fred_cmt,0.04
1962-11-20,332885.26,fred_cmt,0.04
1962-11-21,333178.96,fred_cmt,0.04
1962-11-23,333181.79,fred_cmt,0.04
1962-11-26,332919.49,fred_cmt,0.04
1962-11-27,333164.17,fred_cmt,0.04
1962-11-28,333198.44,fred_cmt,0.04
1962-11-29,333187.44,fred_cmt,0.04
1962-11-30,333184.61,fred_cmt,0.04
1962-12-03,332844.80,fred_cmt,0.04
1962-12-04,332505.39,fred_cmt,0.04
1962-12-05,332744.13,fred_cmt,0.04
1962-12-06,333069.95,fred_cmt,0.04
1962-12-07,333335.24,fred_cmt,0.04
1962-12-10,333675.63,fred_cmt,0.04
1962-12-11,334019.22,fred_cmt,0.04
1962-12-12,334331.51,fred_cmt,0.04
1962-12-13,334342.45,fred_cmt,0.04
1962-12-14,334574.34,fred_cmt,0.04
1962-12-17,335164.86,fred_cmt,0.04
1962-12-18,335753.57,fred_cmt,0.04
1962-12-19,335509.99,fred_cmt,0.04
1962-12-20,335774.67,fred_cmt,0.04
1962-12-21,336342.51,fred_cmt,0.04
1962-12-24,336930.72,fred_cmt,0.04
1962-12-26,336941.52,fred_cmt,0.04
1962-12-27,336324.02,fred_cmt,0.04
1962-12-28,335454.49,fred_cmt,0.04
1962-12-31,335133.30,fred_cmt,0.04
1963-01-02,336026.57,fred_cmt,0.04
1963-01-03,336248.78,fred_cmt,0.04
1963-01-04,335298.61,fred_cmt,0.04
1963-01-07,335609.73,fred_cmt,0.04
1963-01-08,336031.82,fred_cmt,0.04
1963-01-09,335769.01,fred_cmt,0.04
1963-01-10,336087.73,fred_cmt,0.04
1963-01-11,336433.81,fred_cmt,0.04
1963-01-14,336189.81,fred_cmt,0.04
1963-01-15,336473.95,fred_cmt,0.04
1963-01-16,336473.95,fred_cmt,0.04
1963-01-17,335758.16,fred_cmt,0.04
1963-01-18,335183.27,fred_cmt,0.04
1963-01-21,334796.93,fred_cmt,0.04
1963-01-22,334424.00,fred_cmt,0.04
1963-01-23,334424.00,fred_cmt,0.04
1963-01-24,334418.68,fred_cmt,0.04
1963-01-25,334759.91,fred_cmt,0.04
1963-01-28,334413.08,fred_cmt,0.04
1963-01-29,334400.48,fred_cmt,0.04
1963-01-30,334453.86,fred_cmt,0.04
1963-01-31,334053.93,fred_cmt,0.04
1963-02-01,333771.99,fred_cmt,0.04
1963-02-04,333449.48,fred_cmt,0.04
1963-02-05,333199.37,fred_cmt,0.04
1963-02-06,332986.12,fred_cmt,0.04
1963-02-07,332969.43,fred_cmt,0.04
1963-02-08,333046.96,fred_cmt,0.04
1963-02-11,332816.23,fred_cmt,0.04
1963-02-13,332749.78,fred_cmt,0.04
1963-02-14,332983.29,fred_cmt,0.04
1963-02-15,333084.03,fred_cmt,0.04
1963-02-18,333056.61,fred_cmt,0.04
1963-02-19,332535.39,fred_cmt,0.04
1963-02-20,332291.11,fred_cmt,0.04
1963-02-21,331934.79,fred_cmt,0.04
1963-02-25,331871.40,fred_cmt,0.04
1963-02-26,331882.49,fred_cmt,0.04
1963-02-27,331882.49,fred_cmt,0.04
1963-02-28,332195.24,fred_cmt,0.04
1963-03-01,332445.65,fred_cmt,0.04
1963-03-04,332681.45,fred_cmt,0.04
1963-03-05,332750.71,fred_cmt,0.04
1963-03-06,333003.41,fred_cmt,0.04
1963-03-07,332750.71,fred_cmt,0.04
1963-03-08,332687.12,fred_cmt,0.04
1963-03-11,332666.86,fred_cmt,0.04
1963-03-12,332655.82,fred_cmt,0.04
1963-03-13,332578.37,fred_cmt,0.04
1963-03-14,332575.54,fred_cmt,0.04
1963-03-15,332578.37,fred_cmt,0.04
1963-03-18,332592.26,fred_cmt,0.04
1963-03-19,332520.50,fred_cmt,0.04
1963-03-20,332603.59,fred_cmt,0.04
1963-03-21,332534.38,fred_cmt,0.04
1963-03-22,332293.07,fred_cmt,0.04
1963-03-25,331957.32,fred_cmt,0.04
1963-03-26,331435.69,fred_cmt,0.04
1963-03-27,331415.76,fred_cmt,0.04
1963-03-28,331438.54,fred_cmt,0.04
1963-03-29,331665.28,fred_cmt,0.04
1963-04-01,331707.46,fred_cmt,0.04
1963-04-02,331378.43,fred_cmt,0.04
1963-04-03,331336.28,fred_cmt,0.04
1963-04-04,331682.44,fred_cmt,0.04
1963-04-05,331682.44,fred_cmt,0.04
1963-04-08,331007.02,fred_cmt,0.04
1963-04-09,330735.82,fred_cmt,0.04
1963-04-10,330031.79,fred_cmt,0.04
1963-04-11,330101.65,fred_cmt,0.04
1963-04-15,329726.52,fred_cmt,0.04
1963-04-16,329991.27,fred_cmt,0.04
1963-04-17,329908.57,fred_cmt,0.04
1963-04-18,330252.94,fred_cmt,0.04
1963-04-19,330832.23,fred_cmt,0.04
1963-04-22,330817.88,fred_cmt,0.04
1963-04-23,330817.88,fred_cmt,0.04
1963-04-24,331057.94,fred_cmt,0.04
1963-04-25,331331.65,fred_cmt,0.04
1963-04-26,331385.38,fred_cmt,0.04
1963-04-29,331351.54,fred_cmt,0.04
1963-04-30,331382.53,fred_cmt,0.04
1963-05-01,331723.03,fred_cmt,0.04
1963-05-02,331711.96,fred_cmt,0.04
1963-05-03,331983.80,fred_cmt,0.04
1963-05-06,332364.39,fred_cmt,0.04
1963-05-07,332700.36,fred_cmt,0.04
1963-05-08,332407.69,fred_cmt,0.04
1963-05-09,332066.44,fred_cmt,0.04
1963-05-10,332074.66,fred_cmt,0.04
1963-05-13,332338.56,fred_cmt,0.04
1963-05-14,332648.85,fred_cmt,0.04
1963-05-15,332746.49,fred_cmt,0.04
1963-05-16,333019.21,fred_cmt,0.04
1963-05-17,332441.73,fred_cmt,0.04
1963-05-20,332074.95,fred_cmt,0.04
1963-05-21,332416.18,fred_cmt,0.04
1963-05-22,332344.22,fred_cmt,0.04
1963-05-23,332072.11,fred_cmt,0.04
1963-05-24,331425.55,fred_cmt,0.04
1963-05-27,331436.63,fred_cmt,0.04
1963-05-28,331165.27,fred_cmt,0.04
1963-05-29,331131.54,fred_cmt,0.04
1963-05-31,331131.54,fred_cmt,0.04
1963-06-03,330554.96,fred_cmt,0.04
1963-06-04,330642.98,fred_cmt,0.04
1963-06-05,330637.28,fred_cmt,0.04
1963-06-06,330375.51,fred_cmt,0.04
1963-06-07,330410.57,fred_cmt,0.04
1963-06-10,330419.03,fred_cmt,0.04
1963-06-11,330777.53,fred_cmt,0.04
1963-06-12,330399.43,fred_cmt,0.04
1963-06-13,330391.15,fred_cmt,0.04
1963-06-14,330371.58,fred_cmt,0.04
1963-06-17,330118.12,fred_cmt,0.04
1963-06-18,330120.98,fred_cmt,0.04
1963-06-19,330112.69,fred_cmt,0.04
1963-06-20,330129.33,fred_cmt,0.04
1963-06-21,330129.33,fred_cmt,0.04
1963-06-24,330063.63,fred_cmt,0.04
1963-06-25,330066.49,fred_cmt,0.04
1963-06-26,330055.33,fred_cmt,0.04
1963-06-27,330055.33,fred_cmt,0.04
1963-06-28,330063.63,fred_cmt,0.04
1963-07-01,329764.52,fred_cmt,0.04
1963-07-02,329070.29,fred_cmt,0.04
1963-07-03,329095.55,fred_cmt,0.04
1963-07-05,328726.05,fred_cmt,0.04
1963-07-08,328391.26,fred_cmt,0.04
1963-07-09,328676.46,fred_cmt,0.04
1963-07-10,328936.38,fred_cmt,0.04
1963-07-11,328671.00,fred_cmt,0.04
1963-07-12,328930.93,fred_cmt,0.04
1963-07-15,329256.77,fred_cmt,0.04
1963-07-16,329229.26,fred_cmt,0.04
1963-07-17,329011.20,fred_cmt,0.04
1963-07-18,329333.55,fred_cmt,0.04
1963-07-19,329426.52,fred_cmt,0.04
1963-07-22,329407.28,fred_cmt,0.04
1963-07-23,329418.41,fred_cmt,0.04
1963-07-24,329755.19,fred_cmt,0.04
1963-07-25,329757.71,fred_cmt,0.04
1963-07-26,330328.36,fred_cmt,0.04
1963-07-29,330356.35,fred_cmt,0.04
1963-07-30,330100.91,fred_cmt,0.04
1963-07-31,330100.91,fred_cmt,0.04
1963-08-01,330348.10,fred_cmt,0.04
1963-08-02,330444.39,fred_cmt,0.04
1963-08-05,330416.63,fred_cmt,0.04
1963-08-06,330109.24,fred_cmt,0.04
1963-08-07,329848.56,fred_cmt,0.04
1963-08-08,330095.49,fred_cmt,0.04
1963-08-09,330095.49,fred_cmt,0.04
1963-08-12,329807.02,fred_cmt,0.04
1963-08-13,329576.88,fred_cmt,0.04
1963-08-14,329503.12,fred_cmt,0.04
1963-08-15,329840.32,fred_cmt,0.04
1963-08-16,330073.50,fred_cmt,0.04
1963-08-19,330416.73,fred_cmt,0.04
1963-08-20,330342.80,fred_cmt,0.04
1963-08-21,330087.44,fred_cmt,0.04
1963-08-22,330087.44,fred_cmt,0.04
1963-08-23,330098.54,fred_cmt,0.04
1963-08-26,330098.54,fred_cmt,0.04
1963-08-27,330079.14,fred_cmt,0.04
1963-08-28,330079.14,fred_cmt,0.04
1963-08-29,329733.56,fred_cmt,0.04
1963-08-30,329453.95,fred_cmt,0.04
1963-09-03,329117.38,fred_cmt,0.04
1963-09-04,328789.08,fred_cmt,0.04
1963-09-05,327438.60,fred_cmt,0.04
1963-09-06,327201.74,fred_cmt,0.04
1963-09-09,327133.95,fred_cmt,0.04
1963-09-10,327207.24,fred_cmt,0.04
1963-09-11,327228.81,fred_cmt,0.04
1963-09-12,327207.24,fred_cmt,0.04
1963-09-13,327218.50,fred_cmt,0.04
1963-09-16,327235.26,fred_cmt,0.04
1963-09-17,327238.14,fred_cmt,0.04
1963-09-18,327493.69,fred_cmt,0.04
1963-09-19,327520.81,fred_cmt,0.04
1963-09-20,327852.99,fred_cmt,0.04
1963-09-23,327852.99,fred_cmt,0.04
1963-09-24,327585.82,fred_cmt,0.04
1963-09-25,327594.18,fred_cmt,0.04
1963-09-26,327597.06,fred_cmt,0.04
1963-09-27,327932.16,fred_cmt,0.04
1963-09-30,327937.90,fred_cmt,0.04
1963-10-01,327959.64,fred_cmt,0.04
1963-10-02,327967.99,fred_cmt,0.04
1963-10-03,327965.12,fred_cmt,0.04
1963-10-04,327632.82,fred_cmt,0.04
1963-10-07,327540.67,fred_cmt,0.04
1963-10-08,327276.71,fred_cmt,0.04
1963-10-09,326939.48,fred_cmt,0.04
1963-10-10,326936.60,fred_cmt,0.04
1963-10-11,326958.10,fred_cmt,0.04
1963-10-14,326960.99,fred_cmt,0.04
1963-10-15,326618.53,fred_cmt,0.04
1963-10-16,326638.21,fred_cmt,0.04
1963-10-17,326321.61,fred_cmt,0.04
1963-10-18,326323.10,fred_cmt,0.04
1963-10-21,326331.50,fred_cmt,0.04
1963-10-22,326580.59,fred_cmt,0.04
1963-10-23,326336.04,fred_cmt,0.04
1963-10-24,326593.36,fred_cmt,0.04
1963-10-25,326332.90,fred_cmt,0.04
1963-10-28,326341.31,fred_cmt,0.04
1963-10-29,325992.57,fred_cmt,0.04
1963-10-30,325748.41,fred_cmt,0.04
1963-10-31,325415.83,fred_cmt,0.04
1963-11-01,325351.36,fred_cmt,0.04
1963-11-04,325338.95,fred_cmt,0.04
1963-11-06,324692.41,fred_cmt,0.04
1963-11-07,324683.95,fred_cmt,0.04
1963-11-08,324976.51,fred_cmt,0.04
1963-11-12,325035.65,fred_cmt,0.04
1963-11-13,325243.95,fred_cmt,0.04
1963-11-14,326149.82,fred_cmt,0.04
1963-11-15,326422.54,fred_cmt,0.04
1963-11-18,326422.54,fred_cmt,0.04
1963-11-19,326655.72,fred_cmt,0.04
1963-11-20,326891.93,fred_cmt,0.04
1963-11-21,326655.72,fred_cmt,0.04
1963-11-22,326891.93,fred_cmt,0.04
1963-11-26,327179.65,fred_cmt,0.04
1963-11-27,327158.13,fred_cmt,0.04
1963-11-29,327161.00,fred_cmt,0.04
1963-12-02,326738.30,fred_cmt,0.04
1963-12-03,326483.78,fred_cmt,0.04
1963-12-04,326513.51,fred_cmt,0.04
1963-12-05,326277.61,fred_cmt,0.04
1963-12-06,326274.73,fred_cmt,0.04
1963-12-09,326516.38,fred_cmt,0.04
1963-12-10,326489.53,fred_cmt,0.04
1963-12-11,325926.40,fred_cmt,0.04
1963-12-12,325829.37,fred_cmt,0.04
1963-12-13,325578.62,fred_cmt,0.04
1963-12-16,325002.03,fred_cmt,0.04
1963-12-17,324932.16,fred_cmt,0.04
1963-12-18,324953.13,fred_cmt,0.04
1963-12-19,325185.15,fred_cmt,0.04
1963-12-20,324853.63,fred_cmt,0.04
1963-12-23,324864.96,fred_cmt,0.04
1963-12-24,324864.96,fred_cmt,0.04
1963-12-26,324970.00,fred_cmt,0.04
1963-12-27,325075.08,fred_cmt,0.04
1963-12-30,325382.88,fred_cmt,0.04
1963-12-31,325353.40,fred_cmt,0.04
1964-01-02,325335.25,fred_cmt,0.04
1964-01-03,325100.33,fred_cmt,0.04
1964-01-06,324838.84,fred_cmt,0.04
1964-01-07,325137.91,fred_cmt,0.04
1964-01-08,324262.07,fred_cmt,0.04
1964-01-09,324250.70,fred_cmt,0.04
1964-01-10,324137.47,fred_cmt,0.04
1964-01-13,324193.06,fred_cmt,0.04
1964-01-14,324260.12,fred_cmt,0.04
1964-01-15,324233.76,fred_cmt,0.04
1964-01-16,324567.27,fred_cmt,0.04
1964-01-17,324672.20,fred_cmt,0.04
1964-01-20,324913.64,fred_cmt,0.04
1964-01-21,325018.73,fred_cmt,0.04
1964-01-22,325021.63,fred_cmt,0.04
1964-01-23,324948.85,fred_cmt,0.04
1964-01-24,324452.90,fred_cmt,0.04
1964-01-27,324452.90,fred_cmt,0.04
1964-01-28,324687.55,fred_cmt,0.04
1964-01-29,324687.55,fred_cmt,0.04
1964-01-30,324940.41,fred_cmt,0.04
1964-01-31,325220.11,fred_cmt,0.04
1964-02-03,325311.14,fred_cmt,0.04
1964-02-04,325276.09,fred_cmt,0.04
1964-02-05,325294.28,fred_cmt,0.04
1964-02-06,325632.10,fred_cmt,0.04
1964-02-07,325632.10,fred_cmt,0.04
1964-02-10,325529.61,fred_cmt,0.04
1964-02-11,325543.81,fred_cmt,0.04
1964-02-13,325852.21,fred_cmt,0.04
1964-02-14,325852.21,fred_cmt,0.04
1964-02-17,325863.51,fred_cmt,0.04
1964-02-18,325609.78,fred_cmt,0.04
1964-02-19,325536.88,fred_cmt,0.04
1964-02-20,325518.66,fred_cmt,0.04
1964-02-24,325195.38,fred_cmt,0.04
1964-02-25,325180.15,fred_cmt,0.04
1964-02-26,325209.59,fred_cmt,0.04
1964-02-27,324634.03,fred_cmt,0.04
1964-02-28,324337.34,fred_cmt,0.04
1964-03-02,324580.15,fred_cmt,0.04
1964-03-03,324345.80,fred_cmt,0.04
1964-03-04,324090.87,fred_cmt,0.04
1964-03-05,324111.59,fred_cmt,0.04
1964-03-06,324079.50,fred_cmt,0.04
1964-03-09,323874.61,fred_cmt,0.04
1964-03-10,323770.04,fred_cmt,0.04
1964-03-11,323526.98,fred_cmt,0.04
1964-03-12,323445.80,fred_cmt,0.04
1964-03-13,323241.20,fred_cmt,0.04
1964-03-16,323477.79,fred_cmt,0.04
1964-03-17,323215.08,fred_cmt,0.04
1964-03-18,322790.19,fred_cmt,0.04
1964-03-19,322513.37,fred_cmt,0.04
1964-03-20,322185.03,fred_cmt,0.04
1964-03-23,322150.39,fred_cmt,0.04
1964-03-24,321839.80,fred_cmt,0.04
1964-03-25,321842.84,fred_cmt,0.04
1964-03-26,322101.19,fred_cmt,0.04
1964-03-30,322138.73,fred_cmt,0.04
1964-03-31,322702.91,fred_cmt,0.04
1964-04-01,322685.45,fred_cmt,0.04
1964-04-02,322440.71,fred_cmt,0.04
1964-04-03,322008.86,fred_cmt,0.04
1964-04-06,322029.06,fred_cmt,0.04
1964-04-07,322104.33,fred_cmt,0.04
1964-04-08,322924.63,fred_cmt,0.04
1964-04-09,322971.11,fred_cmt,0.04
1964-04-10,322962.08,fred_cmt,0.04
1964-04-13,322639.17,fred_cmt,0.04
1964-04-14,322481.34,fred_cmt,0.04
1964-04-15,322731.81,fred_cmt,0.04
1964-04-16,322807.23,fred_cmt,0.04
1964-04-17,322591.11,fred_cmt,0.04
1964-04-20,322591.11,fred_cmt,0.04
1964-04-21,322804.31,fred_cmt,0.04
1964-04-22,322789.95,fred_cmt,0.04
1964-04-23,322795.79,fred_cmt,0.04
1964-04-24,322691.65,fred_cmt,0.04
1964-04-27,322685.81,fred_cmt,0.04
1964-04-28,322665.83,fred_cmt,0.04
1964-04-29,322916.63,fred_cmt,0.04
1964-04-30,322942.70,fred_cmt,0.04
1964-05-01,322966.10,fred_cmt,0.04
1964-05-04,323082.42,fred_cmt,0.04
1964-05-05,323099.44,fred_cmt,0.04
1964-05-06,323116.70,fred_cmt,0.04
1964-05-07,323119.98,fred_cmt,0.04
1964-05-08,323733.50,fred_cmt,0.04
1964-05-11,324003.40,fred_cmt,0.04
1964-05-12,324088.34,fred_cmt,0.04
1964-05-13,324100.68,fred_cmt,0.04
1964-05-14,324205.56,fred_cmt,0.04
1964-05-15,324179.15,fred_cmt,0.04
1964-05-18,324271.66,fred_cmt,0.04
1964-05-19,324344.33,fred_cmt,0.04
1964-05-20,323989.11,fred_cmt,0.04
1964-05-21,323986.21,fred_cmt,0.04
1964-05-22,324082.48,fred_cmt,0.04
1964-05-25,324337.74,fred_cmt,0.04
1964-05-26,324326.37,fred_cmt,0.04
1964-05-27,324086.32,fred_cmt,0.04
1964-05-28,324329.27,fred_cmt,0.04
1964-06-01,324329.27,fred_cmt,0.04
1964-06-02,324329.27,fred_cmt,0.04
1964-06-03,324320.81,fred_cmt,0.04
1964-06-04,324317.90,fred_cmt,0.04
1964-06-05,324584.80,fred_cmt,0.04
1964-06-08,324660.42,fred_cmt,0.04
1964-06-09,324907.80,fred_cmt,0.04
1964-06-10,324898.15,fred_cmt,0.04
1964-06-11,324596.15,fred_cmt,0.04
1964-06-12,324596.15,fred_cmt,0.04
1964-06-15,324596.15,fred_cmt,0.04
1964-06-16,324587.69,fred_cmt,0.04
1964-06-17,324663.32,fred_cmt,0.04
1964-06-18,324919.14,fred_cmt,0.04
1964-06-19,325218.56,fred_cmt,0.04
1964-06-22,325460.69,fred_cmt,0.04
1964-06-23,325410.04,fred_cmt,0.04
1964-06-24,325388.95,fred_cmt,0.04
1964-06-25,325410.04,fred_cmt,0.04
1964-06-26,325428.25,fred_cmt,0.04
1964-06-29,325484.30,fred_cmt,0.04
1964-06-30,325470.09,fred_cmt,0.04
1964-07-01,325470.09,fred_cmt,0.04
1964-07-02,325478.52,fred_cmt,0.04
1964-07-06,325254.54,fred_cmt,0.04
1964-07-07,325502.54,fred_cmt,0.04
1964-07-08,325479.90,fred_cmt,0.04
1964-07-09,324626.16,fred_cmt,0.04
1964-07-10,324382.46,fred_cmt,0.04
1964-07-13,324285.92,fred_cmt,0.04
1964-07-14,324350.16,fred_cmt,0.04
1964-07-15,324350.16,fred_cmt,0.04
1964-07-16,324329.28,fred_cmt,0.04
1964-07-17,324009.56,fred_cmt,0.04
1964-07-20,323701.93,fred_cmt,0.04
1964-07-21,323933.39,fred_cmt,0.04
1964-07-22,323716.81,fred_cmt,0.04
1964-07-23,324036.20,fred_cmt,0.04
1964-07-24,324036.20,fred_cmt,0.04
1964-07-27,324036.20,fred_cmt,0.04
1964-07-28,324015.40,fred_cmt,0.04
1964-07-29,323997.53,fred_cmt,0.04
1964-07-30,324220.70,fred_cmt,0.04
1964-07-31,324238.62,fred_cmt,0.04
1964-08-03,324238.62,fred_cmt,0.04
1964-08-04,324241.54,fred_cmt,0.04
1964-08-05,324241.54,fred_cmt,0.04
1964-08-06,324479.22,fred_cmt,0.04
1964-08-07,324215.12,fred_cmt,0.04
1964-08-10,324200.12,fred_cmt,0.04
1964-08-11,323880.72,fred_cmt,0.04
1964-08-12,323901.46,fred_cmt,0.04
1964-08-13,324063.30,fred_cmt,0.04
1964-08-14,324148.27,fred_cmt,0.04
1964-08-17,324151.19,fred_cmt,0.04
1964-08-18,324148.27,fred_cmt,0.04
1964-08-19,324156.76,fred_cmt,0.04
1964-08-20,324165.51,fred_cmt,0.04
1964-08-21,324162.59,fred_cmt,0.04
1964-08-24,324060.64,fred_cmt,0.04
1964-08-25,323826.19,fred_cmt,0.04
1964-08-26,323982.84,fred_cmt,0.04
1964-08-27,323840.28,fred_cmt,0.04
1964-08-28,323582.63,fred_cmt,0.04
1964-08-31,323524.44,fred_cmt,0.04
1964-09-01,323518.14,fred_cmt,0.04
1964-09-02,323202.55,fred_cmt,0.04
1964-09-03,323182.58,fred_cmt,0.04
1964-09-04,323199.63,fred_cmt,0.04
1964-09-08,323193.42,fred_cmt,0.04
1964-09-09,323201.94,fred_cmt,0.04
1964-09-10,323138.63,fred_cmt,0.04
1964-09-11,323138.63,fred_cmt,0.04
1964-09-14,323147.15,fred_cmt,0.04
1964-09-15,323143.63,fred_cmt,0.04
1964-09-16,323378.05,fred_cmt,0.04
1964-09-17,323713.70,fred_cmt,0.04
1964-09-18,323795.54,fred_cmt,0.04
1964-09-21,324123.21,fred_cmt,0.04
1964-09-22,324120.31,fred_cmt,0.04
1964-09-23,324134.60,fred_cmt,0.04
1964-09-24,324137.51,fred_cmt,0.04
1964-09-25,324140.42,fred_cmt,0.04
1964-09-28,324668.25,fred_cmt,0.04
1964-09-29,324404.22,fred_cmt,0.04
1964-09-30,324412.69,fred_cmt,0.04
1964-10-01,324412.69,fred_cmt,0.04
1964-10-02,324365.44,fred_cmt,0.04
1964-10-05,323832.66,fred_cmt,0.04
1964-10-06,324066.89,fred_cmt,0.04
1964-10-07,324061.32,fred_cmt,0.04
1964-10-08,324066.89,fred_cmt,0.04
1964-10-09,324037.65,fred_cmt,0.04
1964-10-13,324037.65,fred_cmt,0.04
1964-10-14,324040.56,fred_cmt,0.04
1964-10-15,323739.41,fred_cmt,0.04
1964-10-16,323412.31,fred_cmt,0.04
1964-10-19,323400.89,fred_cmt,0.04
1964-10-20,323730.92,fred_cmt,0.04
1964-10-21,324061.32,fred_cmt,0.04
1964-10-22,324049.93,fred_cmt,0.04
1964-10-23,324049.93,fred_cmt,0.04
1964-10-26,324052.84,fred_cmt,0.04
1964-10-27,324316.51,fred_cmt,0.04
1964-10-28,324728.75,fred_cmt,0.04
1964-10-29,324995.88,fred_cmt,0.04
1964-10-30,325039.24,fred_cmt,0.04
1964-11-02,325379.43,fred_cmt,0.04
1964-11-04,325382.31,fred_cmt,0.04
1964-11-05,325379.43,fred_cmt,0.04
1964-11-06,325379.43,fred_cmt,0.04
1964-11-09,325397.61,fred_cmt,0.04
1964-11-10,325748.10,fred_cmt,0.04
1964-11-12,326346.21,fred_cmt,0.04
1964-11-13,326100.42,fred_cmt,0.04
1964-11-16,326011.70,fred_cmt,0.04
1964-11-17,325703.27,fred_cmt,0.04
1964-11-18,325703.27,fred_cmt,0.04
1964-11-19,326017.46,fred_cmt,0.04
1964-11-20,326025.85,fred_cmt,0.04
1964-11-23,324530.99,fred_cmt,0.04
1964-11-24,324353.85,fred_cmt,0.04
1964-11-25,324119.00,fred_cmt,0.04
1964-11-27,324095.62,fred_cmt,0.04
1964-11-30,323837.61,fred_cmt,0.04
1964-12-01,323834.93,fred_cmt,0.04
1964-12-02,324060.91,fred_cmt,0.04
1964-12-03,324493.74,fred_cmt,0.04
1964-12-04,324525.89,fred_cmt,0.04
1964-12-07,324856.77,fred_cmt,0.04
1964-12-08,325120.78,fred_cmt,0.04
1964-12-09,325196.42,fred_cmt,0.04
1964-12-10,325417.10,fred_cmt,0.04
1964-12-11,325454.95,fred_cmt,0.04
1964-12-14,325123.47,fred_cmt,0.04
1964-12-15,324871.73,fred_cmt,0.04
1964-12-16,324561.64,fred_cmt,0.04
1964-12-17,324550.30,fred_cmt,0.04
1964-12-18,324231.01,fred_cmt,0.04
1964-12-21,324468.17,fred_cmt,0.04
1964-12-22,324392.66,fred_cmt,0.04
1964-12-23,324167.12,fred_cmt,0.04
1964-12-24,324164.22,fred_cmt,0.04
1964-12-28,324184.03,fred_cmt,0.04
1964-12-29,324097.22,fred_cmt,0.04
1964-12-30,323770.58,fred_cmt,0.04
1964-12-31,323440.93,fred_cmt,0.04
1965-01-04,323749.86,fred_cmt,0.04
1965-01-05,323767.60,fred_cmt,0.04
1965-01-06,323808.85,fred_cmt,0.04
1965-01-07,323796.91,fred_cmt,0.04
1965-01-08,323707.19,fred_cmt,0.04
1965-01-11,323785.52,fred_cmt,0.04
1965-01-12,324060.12,fred_cmt,0.04
1965-01-13,324077.94,fred_cmt,0.04
1965-01-14,324077.94,fred_cmt,0.04
1965-01-15,324048.74,fred_cmt,0.04
1965-01-18,324051.65,fred_cmt,0.04
1965-01-19,324387.72,fred_cmt,0.04
1965-01-20,324391.60,fred_cmt,0.04
1965-01-21,324655.42,fred_cmt,0.04
1965-01-22,324728.12,fred_cmt,0.04
1965-01-25,324502.00,fred_cmt,0.04
1965-01-26,324171.28,fred_cmt,0.04
1965-01-27,324194.02,fred_cmt,0.04
1965-01-28,324156.33,fred_cmt,0.04
1965-01-29,324063.02,fred_cmt,0.04
1965-02-01,323799.82,fred_cmt,0.04
1965-02-02,323799.82,fred_cmt,0.04
1965-02-03,323709.59,fred_cmt,0.04
1965-02-04,323432.01,fred_cmt,0.04
1965-02-05,323117.03,fred_cmt,0.04
1965-02-08,323443.41,fred_cmt,0.04
1965-02-09,323443.41,fred_cmt,0.04
1965-02-10,323382.41,fred_cmt,0.04
1965-02-11,323382.41,fred_cmt,0.04
1965-02-15,323157.42,fred_cmt,0.04
1965-02-16,323382.41,fred_cmt,0.04
1965-02-17,323411.44,fred_cmt,0.04
1965-02-18,323390.90,fred_cmt,0.04
1965-02-19,323145.68,fred_cmt,0.04
1965-02-23,323399.62,fred_cmt,0.04
1965-02-24,323180.47,fred_cmt,0.04
1965-02-25,323430.89,fred_cmt,0.04
1965-02-26,323171.41,fred_cmt,0.04
1965-03-01,323179.90,fred_cmt,0.04
1965-03-02,322681.60,fred_cmt,0.04
1965-03-03,322932.07,fred_cmt,0.04
1965-03-04,323162.35,fred_cmt,0.04
1965-03-05,322946.17,fred_cmt,0.04
1965-03-08,322943.26,fred_cmt,0.04
1965-03-09,322914.37,fred_cmt,0.04
1965-03-10,322943.26,fred_cmt,0.04
1965-03-11,323193.98,fred_cmt,0.04
1965-03-12,323188.17,fred_cmt,0.04
1965-03-15,323505.97,fred_cmt,0.04
1965-03-16,323607.43,fred_cmt,0.04
1965-03-17,323890.85,fred_cmt,0.04
1965-03-18,323786.36,fred_cmt,0.04
1965-03-19,323797.73,fred_cmt,0.04
1965-03-22,324095.60,fred_cmt,0.04
1965-03-23,324087.14,fred_cmt,0.04
1965-03-24,324341.90,fred_cmt,0.04
1965-03-25,324087.14,fred_cmt,0.04
1965-03-26,323757.27,fred_cmt,0.04
1965-03-29,323728.20,fred_cmt,0.04
1965-03-30,323748.80,fred_cmt,0.04
1965-03-31,323745.90,fred_cmt,0.04
1965-04-01,323745.90,fred_cmt,0.04
1965-04-02,323736.67,fred_cmt,0.04
1965-04-05,323736.67,fred_cmt,0.04
1965-04-06,323757.27,fred_cmt,0.04
1965-04-07,323748.80,fred_cmt,0.04
1965-04-08,324075.79,fred_cmt,0.04
1965-04-09,323716.82,fred_cmt,0.04
1965-04-12,323716.82,fred_cmt,0.04
1965-04-13,323745.90,fred_cmt,0.04
1965-04-14,323979.70,fred_cmt,0.04
1965-04-15,323719.72,fred_cmt,0.04
1965-04-19,323398.75,fred_cmt,0.04
1965-04-20,323398.75,fred_cmt,0.04
1965-04-21,323398.75,fred_cmt,0.04
1965-04-22,323398.75,fred_cmt,0.04
1965-04-23,323398.75,fred_cmt,0.04
1965-04-26,323398.75,fred_cmt,0.04
1965-04-27,323398.75,fred_cmt,0.04
1965-04-28,323387.36,fred_cmt,0.04
1965-04-29,323390.27,fred_cmt,0.04
1965-04-30,323390.27,fred_cmt,0.04
1965-05-03,323387.36,fred_cmt,0.04
1965-05-04,323662.06,fred_cmt,0.04
1965-05-05,323728.94,fred_cmt,0.04
1965-05-06,323737.42,fred_cmt,0.04
1965-05-07,323737.42,fred_cmt,0.04
1965-05-10,323641.47,fred_cmt,0.04
1965-05-11,323638.57,fred_cmt,0.04
1965-05-12,323618.00,fred_cmt,0.04
1965-05-13,323384.45,fred_cmt,0.04
1965-05-14,323413.47,fred_cmt,0.04
1965-05-17,323413.47,fred_cmt,0.04
1965-05-18,323182.93,fred_cmt,0.04
1965-05-19,323185.84,fred_cmt,0.04
1965-05-20,323110.58,fred_cmt,0.04
1965-05-21,323110.58,fred_cmt,0.04
1965-05-24,323110.58,fred_cmt,0.04
1965-05-25,323090.66,fred_cmt,0.04
1965-05-26,323194.91,fred_cmt,0.04
1965-05-27,323114.05,fred_cmt,0.04
1965-05-28,322860.28,fred_cmt,0.04
1965-06-01,322868.80,fred_cmt,0.04
1965-06-02,322839.87,fred_cmt,0.04
1965-06-03,322854.45,fred_cmt,0.04
1965-06-04,322848.85,fred_cmt,0.04
1965-06-07,322848.85,fred_cmt,0.04
1965-06-08,322828.44,fred_cmt,0.04
1965-06-09,322828.44,fred_cmt,0.04
1965-06-10,322831.36,fred_cmt,0.04
1965-06-11,322814.09,fred_cmt,0.04
1965-06-14,323387.99,fred_cmt,0.04
1965-06-15,323382.18,fred_cmt,0.04
1965-06-16,323382.18,fred_cmt,0.04
1965-06-17,323376.36,fred_cmt,0.04
1965-06-18,323367.86,fred_cmt,0.04
1965-06-21,323659.65,fred_cmt,0.04
1965-06-22,323642.67,fred_cmt,0.04
1965-06-23,323689.47,fred_cmt,0.04
1965-06-24,323900.64,fred_cmt,0.04
1965-06-25,323917.61,fred_cmt,0.04
1965-06-28,323891.37,fred_cmt,0.04
1965-06-29,323680.25,fred_cmt,0.04
1965-06-30,323683.16,fred_cmt,0.04
1965-07-01,323590.10,fred_cmt,0.04
1965-07-02,323338.84,fred_cmt,0.04
1965-07-06,323347.34,fred_cmt,0.04
1965-07-07,323399.80,fred_cmt,0.04
1965-07-08,323697.46,fred_cmt,0.04
1965-07-09,323356.45,fred_cmt,0.04
1965-07-12,323367.86,fred_cmt,0.04
1965-07-13,323376.36,fred_cmt,0.04
1965-07-14,323379.27,fred_cmt,0.04
1965-07-15,323609.99,fred_cmt,0.04
1965-07-16,323609.99,fred_cmt,0.04
1965-07-19,323714.43,fred_cmt,0.04
1965-07-20,323714.43,fred_cmt,0.04
1965-07-21,323714.43,fred_cmt,0.04
1965-07-22,323609.99,fred_cmt,0.04
1965-07-23,323609.99,fred_cmt,0.04
1965-07-26,323609.99,fred_cmt,0.04
1965-07-27,323612.89,fred_cmt,0.04
1965-07-28,323615.80,fred_cmt,0.04
1965-07-29,323335.56,fred_cmt,0.04
1965-07-30,323009.40,fred_cmt,0.04
1965-08-02,323026.42,fred_cmt,0.04
1965-08-03,323026.42,fred_cmt,0.04
1965-08-04,322718.09,fred_cmt,0.04
1965-08-05,322692.14,fred_cmt,0.04
1965-08-06,322470.65,fred_cmt,0.04
1965-08-09,322395.54,fred_cmt,0.04
1965-08-10,322395.54,fred_cmt,0.04
1965-08-11,322070.44,fred_cmt,0.04
1965-08-12,322070.44,fred_cmt,0.04
1965-08-13,322070.44,fred_cmt,0.04
1965-08-16,321849.40,fred_cmt,0.04
1965-08-17,321504.84,fred_cmt,0.04
1965-08-18,321740.00,fred_cmt,0.04
1965-08-19,321760.12,fred_cmt,0.04
1965-08-20,321771.70,fred_cmt,0.04
1965-08-23,321676.59,fred_cmt,0.04
1965-08-24,321360.86,fred_cmt,0.04
1965-08-25,321616.03,fred_cmt,0.04
1965-08-26,321375.29,fred_cmt,0.04
1965-08-27,321395.34,fred_cmt,0.04
1965-08-30,321412.67,fred_cmt,0.04
1965-08-31,321398.26,fred_cmt,0.04
1965-09-01,321146.31,fred_cmt,0.04
1965-09-02,321085.90,fred_cmt,0.04
1965-09-03,321406.82,fred_cmt,0.04
1965-09-07,321378.23,fred_cmt,0.04
1965-09-08,321392.64,fred_cmt,0.04
1965-09-09,321297.77,fred_cmt,0.04
1965-09-10,320982.57,fred_cmt,0.04
1965-09-13,321002.51,fred_cmt,0.04
1965-09-14,320993.94,fred_cmt,0.04
1965-09-15,320971.28,fred_cmt,0.04
1965-09-16,321234.57,fred_cmt,0.04
1965-09-17,321226.01,fred_cmt,0.04
1965-09-20,321234.57,fred_cmt,0.04
1965-09-21,320985.72,fred_cmt,0.04
1965-09-22,320734.19,fred_cmt,0.04
1965-09-23,320443.01,fred_cmt,0.04
1965-09-24,320209.68,fred_cmt,0.04
1965-09-27,320195.21,fred_cmt,0.04
1965-09-28,319611.74,fred_cmt,0.04
1965-09-29,318726.27,fred_cmt,0.04
1965-09-30,318961.12,fred_cmt,0.04
1965-10-01,318714.67,fred_cmt,0.04
1965-10-04,318932.03,fred_cmt,0.04
1965-10-05,319555.17,fred_cmt,0.04
1965-10-06,319819.66,fred_cmt,0.04
1965-10-07,320104.88,fred_cmt,0.04
1965-10-08,319882.66,fred_cmt,0.04
1965-10-11,320176.54,fred_cmt,0.04
1965-10-13,320430.01,fred_cmt,0.04
1965-10-14,320173.39,fred_cmt,0.04
1965-10-15,319391.02,fred_cmt,0.04
1965-10-18,319365.86,fred_cmt,0.04
1965-10-19,319061.18,fred_cmt,0.04
1965-10-20,318820.37,fred_cmt,0.04
1965-10-21,318519.12,fred_cmt,0.04
1965-10-22,318842.68,fred_cmt,0.04
1965-10-25,318245.21,fred_cmt,0.04
1965-10-26,318239.50,fred_cmt,0.04
1965-10-27,317947.44,fred_cmt,0.04
1965-10-28,317597.11,fred_cmt,0.04
1965-10-29,317274.96,fred_cmt,0.04
1965-11-01,316618.87,fred_cmt,0.04
1965-11-03,316620.50,fred_cmt,0.04
1965-11-04,316607.65,fred_cmt,0.04
1965-11-05,316460.04,fred_cmt,0.04
1965-11-08,315893.01,fred_cmt,0.04
1965-11-09,315375.87,fred_cmt,0.04
1965-11-10,315618.93,fred_cmt,0.04
1965-11-12,316173.85,fred_cmt,0.04
1965-11-15,315942.89,fred_cmt,0.04
1965-11-16,316189.56,fred_cmt,0.04
1965-11-17,316032.34,fred_cmt,0.04
1965-11-18,315994.72,fred_cmt,0.04
1965-11-19,315745.40,fred_cmt,0.04
1965-11-22,316003.68,fred_cmt,0.04
1965-11-23,316003.68,fred_cmt,0.04
1965-11-24,316099.15,fred_cmt,0.04
1965-11-26,316099.15,fred_cmt,0.04
1965-11-29,315781.75,fred_cmt,0.04
1965-11-30,315233.22,fred_cmt,0.04
1965-12-01,314027.87,fred_cmt,0.05
1965-12-02,314049.08,fred_cmt,0.05
1965-12-03,314019.05,fred_cmt,0.05
1965-12-06,311288.49,fred_cmt,0.05
1965-12-07,311760.55,fred_cmt,0.05
1965-12-08,311521.77,fred_cmt,0.05
1965-12-09,311451.97,fred_cmt,0.05
1965-12-10,311524.80,fred_cmt,0.05
1965-12-13,310218.13,fred_cmt,0.05
1965-12-14,309683.96,fred_cmt,0.05
1965-12-15,309687.00,fred_cmt,0.05
1965-12-16,309951.07,fred_cmt,0.05
1965-12-17,310215.49,fred_cmt,0.05
1965-12-20,311472.69,fred_cmt,0.05
1965-12-21,310607.02,fred_cmt,0.05
1965-12-22,310303.69,fred_cmt,0.05
1965-12-23,310308.45,fred_cmt,0.05
1965-12-27,311062.20,fred_cmt,0.05
1965-12-28,311323.77,fred_cmt,0.05
1965-12-29,310999.18,fred_cmt,0.05
1965-12-30,310709.64,fred_cmt,0.05
1965-12-31,310135.34,fred_cmt,0.05
1966-01-03,310565.85,fred_cmt,0.05
1966-01-04,310100.38,fred_cmt,0.05
1966-01-05,310634.43,fred_cmt,0.05
1966-01-06,311383.82,fred_cmt,0.05
1966-01-07,311389.24,fred_cmt,0.05
1966-01-10,311075.82,fred_cmt,0.05
1966-01-11,311395.27,fred_cmt,0.05
1966-01-12,312459.92,fred_cmt,0.05
1966-01-13,311927.22,fred_cmt,0.05
1966-01-14,311657.06,fred_cmt,0.05
1966-01-17,311160.48,fred_cmt,0.05
1966-01-18,311171.70,fred_cmt,0.05
1966-01-19,311153.76,fred_cmt,0.05
1966-01-20,311278.53,fred_cmt,0.05
1966-01-21,311472.96,fred_cmt,0.05
1966-01-24,311119.15,fred_cmt,0.05
1966-01-25,310855.65,fred_cmt,0.05
1966-01-26,310772.06,fred_cmt,0.05
1966-01-27,310236.77,fred_cmt,0.05
1966-01-28,309587.40,fred_cmt,0.05
1966-01-31,308445.23,fred_cmt,0.05
1966-02-01,308436.54,fred_cmt,0.05
1966-02-02,308057.37,fred_cmt,0.05
1966-02-03,308054.31,fred_cmt,0.05
1966-02-04,307769.99,fred_cmt,0.05
1966-02-07,307052.91,fred_cmt,0.05
1966-02-08,307378.28,fred_cmt,0.05
1966-02-09,306882.92,fred_cmt,0.05
1966-02-10,305863.42,fred_cmt,0.05
1966-02-11,303573.84,fred_cmt,0.05
1966-02-14,303395.43,fred_cmt,0.05
1966-02-15,303177.00,fred_cmt,0.05
1966-02-16,302964.93,fred_cmt,0.05
1966-02-17,303282.47,fred_cmt,0.05
1966-02-18,302761.99,fred_cmt,0.05
1966-02-21,302233.49,fred_cmt,0.05
1966-02-23,302236.62,fred_cmt,0.05
1966-02-24,301953.92,fred_cmt,0.05
1966-02-25,300958.88,fred_cmt,0.05
1966-02-28,299639.15,fred_cmt,0.05
1966-03-01,299870.34,fred_cmt,0.05
1966-03-02,300129.12,fred_cmt,0.05
1966-03-03,300131.54,fred_cmt,0.05
1966-03-04,300672.22,fred_cmt,0.05
1966-03-07,301180.71,fred_cmt,0.05
1966-03-08,302012.12,fred_cmt,0.05
1966-03-09,302064.69,fred_cmt,0.05
1966-03-10,301534.05,fred_cmt,0.05
1966-03-11,301261.68,fred_cmt,0.05
1966-03-14,301816.06,fred_cmt,0.05
1966-03-15,302803.78,fred_cmt,0.05
1966-03-16,303090.41,fred_cmt,0.05
1966-03-17,304156.10,fred_cmt,0.05
1966-03-18,304638.96,fred_cmt,0.05
1966-03-21,305515.10,fred_cmt,0.05
1966-03-22,306236.16,fred_cmt,0.05
1966-03-23,307600.67,fred_cmt,0.05
1966-03-24,306660.04,fred_cmt,0.05
1966-03-25,305038.35,fred_cmt,0.05
1966-03-28,305367.59,fred_cmt,0.05
1966-03-29,305613.48,fred_cmt,0.05
1966-03-30,308413.42,fred_cmt,0.05
1966-03-31,308138.52,fred_cmt,0.05
1966-04-01,308488.65,fred_cmt,0.05
1966-04-04,308695.71,fred_cmt,0.05
1966-04-05,309490.31,fred_cmt,0.05
1966-04-06,308185.76,fred_cmt,0.05
1966-04-07,307537.55,fred_cmt,0.05
1966-04-11,307543.69,fred_cmt,0.05
1966-04-12,307531.58,fred_cmt,0.05
1966-04-13,307230.67,fred_cmt,0.05
1966-04-14,306662.62,fred_cmt,0.05
1966-04-15,306343.45,fred_cmt,0.05
1966-04-18,306662.62,fred_cmt,0.05
1966-04-19,306616.18,fred_cmt,0.05
1966-04-20,305578.83,fred_cmt,0.05
1966-04-21,306353.74,fred_cmt,0.05
1966-04-22,306419.40,fred_cmt,0.05
1966-04-25,306113.67,fred_cmt,0.05
1966-04-26,305804.28,fred_cmt,0.05
1966-04-27,306050.00,fred_cmt,0.05
1966-04-28,306003.57,fred_cmt,0.05
1966-04-29,305772.94,fred_cmt,0.05
1966-05-02,305467.99,fred_cmt,0.05
1966-05-03,305247.93,fred_cmt,0.05
1966-05-04,305260.13,fred_cmt,0.05
1966-05-05,305219.85,fred_cmt,0.05
1966-05-06,305825.54,fred_cmt,0.05
1966-05-09,306979.87,fred_cmt,0.05
1966-05-10,307048.72,fred_cmt,0.05
1966-05-11,306395.85,fred_cmt,0.05
1966-05-12,306493.04,fred_cmt,0.05
1966-05-13,306479.80,fred_cmt,0.05
1966-05-16,306479.80,fred_cmt,0.05
1966-05-17,306943.94,fred_cmt,0.05
1966-05-18,306934.89,fred_cmt,0.05
1966-05-19,306911.13,fred_cmt,0.05
1966-05-20,306896.63,fred_cmt,0.05
1966-05-23,306261.99,fred_cmt,0.05
1966-05-24,305626.47,fred_cmt,0.05
1966-05-25,305818.28,fred_cmt,0.05
1966-05-26,305150.74,fred_cmt,0.05
1966-05-27,304918.61,fred_cmt,0.05
1966-05-31,305119.74,fred_cmt,0.05
1966-06-01,305423.03,fred_cmt,0.05
1966-06-02,305966.87,fred_cmt,0.05
1966-06-03,305714.93,fred_cmt,0.05
1966-06-06,305489.25,fred_cmt,0.05
1966-06-07,304925.59,fred_cmt,0.05
1966-06-08,304400.18,fred_cmt,0.05
1966-06-09,304322.83,fred_cmt,0.05
1966-06-10,304347.69,fred_cmt,0.05
1966-06-13,304342.08,fred_cmt,0.05
1966-06-14,304323.65,fred_cmt,0.05
1966-06-15,305458.76,fred_cmt,0.05
1966-06-16,304954.24,fred_cmt,0.05
1966-06-17,305317.17,fred_cmt,0.05
1966-06-20,306364.61,fred_cmt,0.05
1966-06-21,306707.56,fred_cmt,0.05
1966-06-22,306380.43,fred_cmt,0.05
1966-06-23,306085.83,fred_cmt,0.05
1966-06-24,305200.89,fred_cmt,0.05
1966-06-27,304348.27,fred_cmt,0.05
1966-06-28,302714.19,fred_cmt,0.05
1966-06-29,302520.77,fred_cmt,0.05
1966-06-30,300667.15,fred_cmt,0.05
1966-07-01,300115.62,fred_cmt,0.05
1966-07-05,300837.46,fred_cmt,0.05
1966-07-06,301139.96,fred_cmt,0.05
1966-07-07,301177.70,fred_cmt,0.05
1966-07-08,300638.35,fred_cmt,0.05
1966-07-11,299010.97,fred_cmt,0.05
1966-07-12,298437.31,fred_cmt,0.05
1966-07-13,297996.60,fred_cmt,0.05
1966-07-14,297264.54,fred_cmt,0.05
1966-07-15,297508.61,fred_cmt,0.05
1966-07-18,298800.34,fred_cmt,0.05
1966-07-19,299097.27,fred_cmt,0.05
1966-07-20,299368.50,fred_cmt,0.05
1966-07-21,298838.52,fred_cmt,0.05
1966-07-22,299345.51,fred_cmt,0.05
1966-07-25,300135.49,fred_cmt,0.05
1966-07-26,300120.77,fred_cmt,0.05
1966-07-27,300096.79,fred_cmt,0.05
1966-07-28,298923.36,fred_cmt,0.05
1966-07-29,298407.41,fred_cmt,0.05
1966-08-01,298404.25,fred_cmt,0.05
1966-08-02,298709.66,fred_cmt,0.05
1966-08-03,298151.83,fred_cmt,0.05
1966-08-04,297940.62,fred_cmt,0.05
1966-08-05,297854.75,fred_cmt,0.05
1966-08-08,297732.49,fred_cmt,0.05
1966-08-09,297228.70,fred_cmt,0.05
1966-08-10,297322.15,fred_cmt,0.05
1966-08-11,297023.53,fred_cmt,0.05
1966-08-12,297002.03,fred_cmt,0.05
1966-08-15,295976.85,fred_cmt,0.05
1966-08-16,295003.00,fred_cmt,0.05
1966-08-17,293503.96,fred_cmt,0.05
1966-08-18,292220.22,fred_cmt,0.05
1966-08-19,291842.77,fred_cmt,0.05
1966-08-22,292374.75,fred_cmt,0.05
1966-08-23,291287.66,fred_cmt,0.05
1966-08-24,290588.76,fred_cmt,0.05
1966-08-25,289744.05,fred_cmt,0.05
1966-08-26,287448.50,fred_cmt,0.05
1966-08-29,286653.79,fred_cmt,0.06
1966-08-30,287387.05,fred_cmt,0.05
1966-08-31,290500.08,fred_cmt,0.05
1966-09-01,291986.85,fred_cmt,0.05
1966-09-02,293774.74,fred_cmt,0.05
1966-09-06,294851.63,fred_cmt,0.05
1966-09-07,294696.45,fred_cmt,0.05
1966-09-08,295191.97,fred_cmt,0.05
1966-09-09,295512.08,fred_cmt,0.05
1966-09-12,295353.98,fred_cmt,0.05
1966-09-13,295826.83,fred_cmt,0.05
1966-09-14,294432.05,fred_cmt,0.05
1966-09-15,293451.36,fred_cmt,0.05
1966-09-16,293671.40,fred_cmt,0.05
1966-09-19,291512.08,fred_cmt,0.05
1966-09-20,292745.51,fred_cmt,0.05
1966-09-21,294353.89,fred_cmt,0.05
1966-09-22,295918.55,fred_cmt,0.05
1966-09-23,295337.90,fred_cmt,0.05
1966-09-26,295419.51,fred_cmt,0.05
1966-09-27,296452.70,fred_cmt,0.05
1966-09-28,297449.05,fred_cmt,0.05
1966-09-29,299932.48,fred_cmt,0.05
1966-09-30,298975.43,fred_cmt,0.05
1966-10-03,297499.45,fred_cmt,0.05
1966-10-04,298127.28,fred_cmt,0.05
1966-10-05,298368.87,fred_cmt,0.05
1966-10-06,298882.74,fred_cmt,0.05
1966-10-07,299163.51,fred_cmt,0.05
1966-10-10,298408.41,fred_cmt,0.05
1966-10-11,298428.81,fred_cmt,0.05
1966-10-13,298038.08,fred_cmt,0.05
1966-10-14,298337.51,fred_cmt,0.05
1966-10-17,298850.93,fred_cmt,0.05
1966-10-18,300140.09,fred_cmt,0.05
1966-10-19,299910.30,fred_cmt,0.05
1966-10-20,299430.81,fred_cmt,0.05
1966-10-21,301871.17,fred_cmt,0.05
1966-10-24,301935.75,fred_cmt,0.05
1966-10-25,301976.07,fred_cmt,0.05
1966-10-26,301302.69,fred_cmt,0.05
1966-10-27,300512.45,fred_cmt,0.05
1966-10-28,301081.09,fred_cmt,0.05
1966-10-31,301065.67,fred_cmt,0.05
1966-11-01,300523.25,fred_cmt,0.05
1966-11-02,299031.85,fred_cmt,0.05
1966-11-03,298525.14,fred_cmt,0.05
1966-11-04,297270.02,fred_cmt,0.05
1966-11-07,297357.03,fred_cmt,0.05
1966-11-09,297078.60,fred_cmt,0.05
1966-11-10,295687.62,fred_cmt,0.05
1966-11-14,295166.87,fred_cmt,0.05
1966-11-15,294711.68,fred_cmt,0.05
1966-11-16,294486.69,fred_cmt,0.05
1966-11-17,294297.28,fred_cmt,0.05
1966-11-18,294427.54,fred_cmt,0.05
1966-11-21,295684.60,fred_cmt,0.05
1966-11-22,294966.85,fred_cmt,0.05
1966-11-23,294510.67,fred_cmt,0.05
1966-11-25,294229.74,fred_cmt,0.05
1966-11-28,295184.61,fred_cmt,0.05
1966-11-29,296231.79,fred_cmt,0.05
1966-11-30,297007.94,fred_cmt,0.05
1966-12-01,297770.57,fred_cmt,0.05
1966-12-02,299151.59,fred_cmt,0.05
1966-12-05,298436.70,fred_cmt,0.05
1966-12-06,298128.77,fred_cmt,0.05
1966-12-07,298056.22,fred_cmt,0.05
1966-12-08,297207.47,fred_cmt,0.05
1966-12-09,298532.84,fred_cmt,0.05
1966-12-12,301719.80,fred_cmt,0.05
1966-12-13,303592.21,fred_cmt,0.05
1966-12-14,304380.99,fred_cmt,0.05
1966-12-15,306312.20,fred_cmt,0.05
1966-12-16,305741.88,fred_cmt,0.05
1966-12-19,307302.91,fred_cmt,0.05
1966-12-20,308157.38,fred_cmt,0.05
1966-12-21,308830.72,fred_cmt,0.05
1966-12-22,308397.02,fred_cmt,0.05
1966-12-23,308614.63,fred_cmt,0.05
1966-12-27,307618.29,fred_cmt,0.05
1966-12-28,309666.33,fred_cmt,0.05
1966-12-29,309265.12,fred_cmt,0.05
1966-12-30,310089.97,fred_cmt,0.05
1967-01-03,308765.71,fred_cmt,0.05
1967-01-04,309982.01,fred_cmt,0.05
1967-01-05,310701.41,fred_cmt,0.05
1967-01-06,310340.51,fred_cmt,0.05
1967-01-09,308472.16,fred_cmt,0.05
1967-01-10,309002.47,fred_cmt,0.05
1967-01-11,313301.34,fred_cmt,0.05
1967-01-12,312924.09,fred_cmt,0.05
1967-01-13,314023.07,fred_cmt,0.05
1967-01-16,314639.68,fred_cmt,0.04
1967-01-17,314104.42,fred_cmt,0.05
1967-01-18,313464.01,fred_cmt,0.05
1967-01-19,312036.59,fred_cmt,0.05
1967-01-20,311415.66,fred_cmt,0.05
1967-01-23,311313.16,fred_cmt,0.05
1967-01-24,309977.85,fred_cmt,0.05
1967-01-25,310610.74,fred_cmt,0.05
1967-01-26,314156.29,fred_cmt,0.04
1967-01-27,314783.71,fred_cmt,0.04
1967-01-30,314548.16,fred_cmt,0.04
1967-01-31,313462.26,fred_cmt,0.05
1967-02-01,313312.88,fred_cmt,0.05
1967-02-02,313571.52,fred_cmt,0.05
1967-02-03,313319.00,fred_cmt,0.05
1967-02-06,312961.84,fred_cmt,0.05
1967-02-07,312636.90,fred_cmt,0.05
1967-02-08,312581.63,fred_cmt,0.05
1967-02-09,312824.70,fred_cmt,0.05
1967-02-10,311105.91,fred_cmt,0.05
1967-02-14,309686.52,fred_cmt,0.05
1967-02-15,308321.27,fred_cmt,0.05
1967-02-16,308835.46,fred_cmt,0.05
1967-02-17,308551.07,fred_cmt,0.05
1967-02-20,307879.72,fred_cmt,0.05
1967-02-21,307488.11,fred_cmt,0.05
1967-02-23,306584.37,fred_cmt,0.05
1967-02-24,307003.00,fred_cmt,0.05
1967-02-27,307306.98,fred_cmt,0.05
1967-02-28,307288.70,fred_cmt,0.05
1967-03-01,309090.96,fred_cmt,0.05
1967-03-02,310057.59,fred_cmt,0.05
1967-03-03,310394.81,fred_cmt,0.05
1967-03-06,310688.69,fred_cmt,0.05
1967-03-07,310982.79,fred_cmt,0.05
1967-03-08,310677.16,fred_cmt,0.05
1967-03-09,311877.71,fred_cmt,0.05
1967-03-10,311579.76,fred_cmt,0.05
1967-03-13,312084.40,fred_cmt,0.05
1967-03-14,312925.10,fred_cmt,0.05
1967-03-15,314028.91,fred_cmt,0.04
1967-03-16,315136.95,fred_cmt,0.04
1967-03-17,314485.04,fred_cmt,0.04
1967-03-20,315036.79,fred_cmt,0.04
1967-03-21,313293.47,fred_cmt,0.05
1967-03-22,312975.69,fred_cmt,0.05
1967-03-23,313603.20,fred_cmt,0.04
1967-03-27,312933.55,fred_cmt,0.05
1967-03-28,312926.10,fred_cmt,0.05
1967-03-29,312917.20,fred_cmt,0.05
1967-03-30,313452.20,fred_cmt,0.04
1967-03-31,313561.97,fred_cmt,0.04
1967-04-03,313561.97,fred_cmt,0.04
1967-04-04,313865.48,fred_cmt,0.04
1967-04-05,313479.09,fred_cmt,0.04
1967-04-06,313834.44,fred_cmt,0.04
1967-04-07,314227.98,fred_cmt,0.04
1967-04-10,313699.39,fred_cmt,0.04
1967-04-11,313337.96,fred_cmt,0.05
1967-04-12,313301.51,fred_cmt,0.05
1967-04-13,312369.77,fred_cmt,0.05
1967-04-14,311841.56,fred_cmt,0.05
1967-04-17,310264.43,fred_cmt,0.05
1967-04-18,309579.35,fred_cmt,0.05
1967-04-19,309622.38,fred_cmt,0.05
1967-04-20,309607.16,fred_cmt,0.05
1967-04-21,308754.27,fred_cmt,0.05
1967-04-24,308102.31,fred_cmt,0.05
1967-04-25,307086.52,fred_cmt,0.05
1967-04-26,306460.22,fred_cmt,0.05
1967-04-27,306390.88,fred_cmt,0.05
1967-04-28,304927.70,fred_cmt,0.05
1967-05-01,305091.23,fred_cmt,0.05
1967-05-02,305639.11,fred_cmt,0.05
1967-05-03,305708.00,fred_cmt,0.05
1967-05-04,305391.58,fred_cmt,0.05
1967-05-05,304989.67,fred_cmt,0.05
1967-05-08,303419.83,fred_cmt,0.05
1967-05-09,302189.17,fred_cmt,0.05
1967-05-10,302201.86,fred_cmt,0.05
1967-05-11,302971.02,fred_cmt,0.05
1967-05-12,303543.67,fred_cmt,0.05
1967-05-15,302465.48,fred_cmt,0.05
1967-05-16,302108.69,fred_cmt,0.05
1967-05-17,301827.27,fred_cmt,0.05
1967-05-18,301836.48,fred_cmt,0.05
1967-05-19,301564.45,fred_cmt,0.05
1967-05-22,300141.19,fred_cmt,0.05
1967-05-23,300027.93,fred_cmt,0.05
1967-05-24,300266.96,fred_cmt,0.05
1967-05-25,300590.03,fred_cmt,0.05
1967-05-26,302297.11,fred_cmt,0.05
1967-05-29,303020.41,fred_cmt,0.05
1967-05-31,303999.61,fred_cmt,0.05
1967-06-01,304130.66,fred_cmt,0.05
1967-06-02,303837.86,fred_cmt,0.05
1967-06-05,302865.27,fred_cmt,0.05
1967-06-06,303115.98,fred_cmt,0.05
1967-06-07,303215.32,fred_cmt,0.05
1967-06-08,302520.56,fred_cmt,0.05
1967-06-09,301757.61,fred_cmt,0.05
1967-06-12,300374.37,fred_cmt,0.05
1967-06-13,300068.86,fred_cmt,0.05
1967-06-14,298147.06,fred_cmt,0.05
1967-06-15,298134.43,fred_cmt,0.05
1967-06-16,296645.58,fred_cmt,0.05
1967-06-19,296632.88,fred_cmt,0.05
1967-06-20,294708.44,fred_cmt,0.05
1967-06-21,294727.38,fred_cmt,0.05
1967-06-22,294923.90,fred_cmt,0.05
1967-06-23,294671.93,fred_cmt,0.05
1967-06-26,294124.76,fred_cmt,0.05
1967-06-27,292880.21,fred_cmt,0.05
1967-06-28,293765.91,fred_cmt,0.05
1967-06-29,293363.40,fred_cmt,0.05
1967-06-30,292744.99,fred_cmt,0.05
1967-07-03,292827.01,fred_cmt,0.05
1967-07-05,294326.05,fred_cmt,0.05
1967-07-06,295844.62,fred_cmt,0.05
1967-07-07,294817.56,fred_cmt,0.05
1967-07-10,294611.66,fred_cmt,0.05
1967-07-11,296556.04,fred_cmt,0.05
1967-07-12,297587.54,fred_cmt,0.05
1967-07-13,297176.50,fred_cmt,0.05
1967-07-14,297115.80,fred_cmt,0.05
1967-07-17,296827.95,fred_cmt,0.05
1967-07-18,294994.24,fred_cmt,0.05
1967-07-19,294337.81,fred_cmt,0.05
1967-07-20,293742.44,fred_cmt,0.05
1967-07-21,293784.09,fred_cmt,0.05
1967-07-24,292983.44,fred_cmt,0.05
1967-07-25,292878.18,fred_cmt,0.05
1967-07-26,292723.69,fred_cmt,0.05
1967-07-27,293582.62,fred_cmt,0.05
1967-07-28,294135.33,fred_cmt,0.05
1967-07-31,294638.81,fred_cmt,0.05
1967-08-01,294073.77,fred_cmt,0.05
1967-08-02,293315.75,fred_cmt,0.05
1967-08-03,293681.91,fred_cmt,0.05
1967-08-04,292131.03,fred_cmt,0.05
1967-08-07,290988.47,fred_cmt,0.05
1967-08-08,291587.16,fred_cmt,0.05
1967-08-09,291814.45,fred_cmt,0.05
1967-08-10,291524.35,fred_cmt,0.05
1967-08-11,291208.93,fred_cmt,0.05
1967-08-14,291186.21,fred_cmt,0.05
1967-08-15,291139.70,fred_cmt,0.05
1967-08-16,291429.27,fred_cmt,0.05
1967-08-17,291419.61,fred_cmt,0.05
1967-08-18,291419.40,fred_cmt,0.05
1967-08-21,290890.74,fred_cmt,0.05
1967-08-22,290890.88,fred_cmt,0.05
1967-08-23,290628.36,fred_cmt,0.05
1967-08-24,290626.70,fred_cmt,0.05
1967-08-25,290403.97,fred_cmt,0.05
1967-08-28,291164.21,fred_cmt,0.05
1967-08-29,291633.67,fred_cmt,0.05
1967-08-30,291416.47,fred_cmt,0.05
1967-08-31,291620.79,fred_cmt,0.05
1967-09-01,292134.41,fred_cmt,0.05
1967-09-05,292946.18,fred_cmt,0.05
1967-09-06,293600.67,fred_cmt,0.05
1967-09-07,293567.65,fred_cmt,0.05
1967-09-08,291980.62,fred_cmt,0.05
1967-09-11,291411.64,fred_cmt,0.05
1967-09-12,291188.48,fred_cmt,0.05
1967-09-13,291720.01,fred_cmt,0.05
1967-09-14,291408.39,fred_cmt,0.05
1967-09-15,291106.73,fred_cmt,0.05
1967-09-18,290808.79,fred_cmt,0.05
1967-09-19,289436.80,fred_cmt,0.05
1967-09-20,289783.66,fred_cmt,0.05
1967-09-21,289122.03,fred_cmt,0.05
1967-09-22,289109.69,fred_cmt,0.05
1967-09-25,288553.66,fred_cmt,0.05
1967-09-26,288780.87,fred_cmt,0.05
1967-09-27,288712.44,fred_cmt,0.05
1967-09-28,289013.58,fred_cmt,0.05
1967-09-29,290397.05,fred_cmt,0.05
1967-10-02,289365.50,fred_cmt,0.05
1967-10-03,289333.75,fred_cmt,0.05
1967-10-04,288748.53,fred_cmt,0.05
1967-10-05,288729.15,fred_cmt,0.05
1967-10-06,288703.92,fred_cmt,0.05
1967-10-09,288206.35,fred_cmt,0.05
1967-10-10,287282.97,fred_cmt,0.05
1967-10-11,287206.18,fred_cmt,0.05
1967-10-13,286337.99,fred_cmt,0.05
1967-10-16,285670.85,fred_cmt,0.05
1967-10-17,284930.83,fred_cmt,0.05
1967-10-18,283996.19,fred_cmt,0.06
1967-10-19,283653.71,fred_cmt,0.06
1967-10-20,283962.41,fred_cmt,0.06
1967-10-23,283018.82,fred_cmt,0.06
1967-10-24,282980.30,fred_cmt,0.06
1967-10-25,282842.74,fred_cmt,0.06
1967-10-26,282622.69,fred_cmt,0.06
1967-10-27,282959.95,fred_cmt,0.06
1967-10-30,282168.64,fred_cmt,0.06
1967-10-31,280910.05,fred_cmt,0.06
1967-11-01,279469.75,fred_cmt,0.06
1967-11-02,279147.29,fred_cmt,0.06
1967-11-03,277993.43,fred_cmt,0.06
1967-11-06,277478.94,fred_cmt,0.06
1967-11-08,278235.53,fred_cmt,0.06
1967-11-09,277009.56,fred_cmt,0.06
1967-11-10,275618.29,fred_cmt,0.06
1967-11-13,274355.71,fred_cmt,0.06
1967-11-14,275950.23,fred_cmt,0.06
1967-11-15,276703.23,fred_cmt,0.06
1967-11-16,278406.90,fred_cmt,0.06
1967-11-17,277541.33,fred_cmt,0.06
1967-11-20,274698.50,fred_cmt,0.06
1967-11-21,278835.33,fred_cmt,0.06
1967-11-22,279158.40,fred_cmt,0.06
1967-11-24,276907.87,fred_cmt,0.06
1967-11-27,277473.29,fred_cmt,0.06
1967-11-28,280499.24,fred_cmt,0.06
1967-11-29,279973.88,fred_cmt,0.06
1967-11-30,278035.99,fred_cmt,0.06
1967-12-01,276999.39,fred_cmt,0.06
1967-12-04,277564.00,fred_cmt,0.06
1967-12-05,278112.76,fred_cmt,0.06
1967-12-06,279590.79,fred_cmt,0.06
1967-12-07,279008.24,fred_cmt,0.06
1967-12-08,278712.66,fred_cmt,0.06
1967-12-11,278129.32,fred_cmt,0.06
1967-12-12,277871.42,fred_cmt,0.06
1967-12-13,278971.94,fred_cmt,0.06
1967-12-14,279266.97,fred_cmt,0.06
1967-12-15,279007.95,fred_cmt,0.06
1967-12-18,279899.44,fred_cmt,0.06
1967-12-19,280444.01,fred_cmt,0.06
1967-12-20,281464.23,fred_cmt,0.06
1967-12-21,280877.20,fred_cmt,0.06
1967-12-22,279640.23,fred_cmt,0.06
1967-12-26,280903.78,fred_cmt,0.06
1967-12-27,281021.06,fred_cmt,0.06
1967-12-28,279463.38,fred_cmt,0.06
1967-12-29,279570.17,fred_cmt,0.06
1968-01-02,281422.92,fred_cmt,0.06
1968-01-03,281624.74,fred_cmt,0.06
1968-01-04,284920.41,fred_cmt,0.06
1968-01-05,285834.40,fred_cmt,0.05
1968-01-08,285318.46,fred_cmt,0.06
1968-01-09,284758.92,fred_cmt,0.06
1968-01-10,286439.56,fred_cmt,0.05
1968-01-11,286420.53,fred_cmt,0.05
1968-01-12,287198.32,fred_cmt,0.05
1968-01-15,285398.99,fred_cmt,0.05
1968-01-16,284439.28,fred_cmt,0.06
1968-01-17,285526.48,fred_cmt,0.05
1968-01-18,283506.21,fred_cmt,0.06
1968-01-19,282395.03,fred_cmt,0.06
1968-01-22,281900.23,fred_cmt,0.06
1968-01-23,283292.96,fred_cmt,0.06
1968-01-24,283385.90,fred_cmt,0.06
1968-01-25,284408.19,fred_cmt,0.06
1968-01-26,284171.60,fred_cmt,0.06
1968-01-29,284230.56,fred_cmt,0.06
1968-01-30,284377.77,fred_cmt,0.06
1968-01-31,284175.18,fred_cmt,0.06
1968-02-01,283242.86,fred_cmt,0.06
1968-02-02,283306.97,fred_cmt,0.06
1968-02-05,282711.82,fred_cmt,0.06
1968-02-06,282455.50,fred_cmt,0.06
1968-02-07,283021.44,fred_cmt,0.06
1968-02-08,282680.00,fred_cmt,0.06
1968-02-09,282983.87,fred_cmt,0.06
1968-02-13,284001.59,fred_cmt,0.06
1968-02-14,284307.26,fred_cmt,0.06
1968-02-15,285118.02,fred_cmt,0.06
1968-02-16,285363.85,fred_cmt,0.06
1968-02-19,284613.37,fred_cmt,0.06
1968-02-20,284357.93,fred_cmt,0.06
1968-02-21,284415.73,fred_cmt,0.06
1968-02-23,283893.18,fred_cmt,0.06
1968-02-26,283266.76,fred_cmt,0.06
1968-02-27,283213.75,fred_cmt,0.06
1968-02-28,283447.57,fred_cmt,0.06
1968-02-29,283670.51,fred_cmt,0.06
1968-03-01,283670.51,fred_cmt,0.06
1968-03-04,283359.14,fred_cmt,0.06
1968-03-05,282715.20,fred_cmt,0.06
1968-03-06,282085.92,fred_cmt,0.06
1968-03-07,280456.78,fred_cmt,0.06
1968-03-08,278200.11,fred_cmt,0.06
1968-03-11,278226.44,fred_cmt,0.06
1968-03-12,277123.29,fred_cmt,0.06
1968-03-13,275283.06,fred_cmt,0.06
1968-03-14,272975.32,fred_cmt,0.06
1968-03-15,275770.86,fred_cmt,0.06
1968-03-18,277939.48,fred_cmt,0.06
1968-03-19,277711.92,fred_cmt,0.06
1968-03-20,278714.70,fred_cmt,0.06
1968-03-21,277952.78,fred_cmt,0.06
1968-03-22,278459.06,fred_cmt,0.06
1968-03-25,278518.82,fred_cmt,0.06
1968-03-26,277383.82,fred_cmt,0.06
1968-03-27,277390.24,fred_cmt,0.06
1968-03-28,277370.61,fred_cmt,0.06
1968-03-29,277932.22,fred_cmt,0.06
1968-04-01,281157.71,fred_cmt,0.06
1968-04-02,281767.57,fred_cmt,0.06
1968-04-03,285130.27,fred_cmt,0.05
1968-04-04,284461.85,fred_cmt,0.06
1968-04-05,284453.75,fred_cmt,0.06
1968-04-08,284081.66,fred_cmt,0.06
1968-04-10,284569.82,fred_cmt,0.06
1968-04-11,284265.82,fred_cmt,0.06
1968-04-15,282691.12,fred_cmt,0.06
1968-04-16,282225.73,fred_cmt,0.06
1968-04-17,282208.36,fred_cmt,0.06
1968-04-18,281662.45,fred_cmt,0.06
1968-04-19,278439.27,fred_cmt,0.06
1968-04-22,277922.21,fred_cmt,0.06
1968-04-23,279279.55,fred_cmt,0.06
1968-04-24,279614.46,fred_cmt,0.06
1968-04-25,279620.95,fred_cmt,0.06
1968-04-26,279859.61,fred_cmt,0.06
1968-04-29,279255.76,fred_cmt,0.06
1968-04-30,279081.08,fred_cmt,0.06
1968-05-01,279531.80,fred_cmt,0.06
1968-05-02,278798.20,fred_cmt,0.06
1968-05-03,277778.21,fred_cmt,0.06
1968-05-06,278284.46,fred_cmt,0.06
1968-05-07,278156.39,fred_cmt,0.06
1968-05-08,277893.59,fred_cmt,0.06
1968-05-09,278172.99,fred_cmt,0.06
1968-05-10,278239.22,fred_cmt,0.06
1968-05-13,278182.97,fred_cmt,0.06
1968-05-14,277434.13,fred_cmt,0.06
1968-05-15,276766.36,fred_cmt,0.06
1968-05-16,275469.28,fred_cmt,0.06
1968-05-17,274905.00,fred_cmt,0.06
1968-05-20,273805.09,fred_cmt,0.06
1968-05-21,272475.61,fred_cmt,0.06
1968-05-22,272408.90,fred_cmt,0.06
1968-05-23,273305.30,fred_cmt,0.06
1968-05-24,273909.76,fred_cmt,0.06
1968-05-27,275013.41,fred_cmt,0.06
1968-05-28,274573.62,fred_cmt,0.06
1968-05-29,274291.98,fred_cmt,0.06
1968-05-31,276615.25,fred_cmt,0.06
1968-06-03,278363.69,fred_cmt,0.06
1968-06-04,278777.29,fred_cmt,0.06
1968-06-05,277939.26,fred_cmt,0.06
1968-06-06,277485.65,fred_cmt,0.06
1968-06-07,277791.74,fred_cmt,0.06
1968-06-10,278203.00,fred_cmt,0.06
1968-06-11,278370.80,fred_cmt,0.06
1968-06-12,278842.61,fred_cmt,0.06
1968-06-13,279153.65,fred_cmt,0.06
1968-06-14,280232.11,fred_cmt,0.06
1968-06-17,280501.68,fred_cmt,0.06
1968-06-18,280411.33,fred_cmt,0.06
1968-06-19,281384.78,fred_cmt,0.06
1968-06-20,282601.40,fred_cmt,0.06
1968-06-21,283190.96,fred_cmt,0.06
1968-06-24,282986.89,fred_cmt,0.06
1968-06-25,282200.22,fred_cmt,0.06
1968-06-26,282146.38,fred_cmt,0.06
1968-06-27,281923.13,fred_cmt,0.06
1968-06-28,282134.67,fred_cmt,0.06
1968-07-01,282617.51,fred_cmt,0.06
1968-07-02,283499.25,fred_cmt,0.06
1968-07-03,283699.62,fred_cmt,0.06
1968-07-05,283905.79,fred_cmt,0.06
1968-07-08,284595.81,fred_cmt,0.06
1968-07-09,285113.89,fred_cmt,0.06
1968-07-10,284903.30,fred_cmt,0.06
1968-07-11,284962.91,fred_cmt,0.06
1968-07-12,284767.10,fred_cmt,0.06
1968-07-15,284008.40,fred_cmt,0.06
1968-07-16,283735.91,fred_cmt,0.06
1968-07-17,284131.61,fred_cmt,0.06
1968-07-18,283713.04,fred_cmt,0.06
1968-07-19,284407.07,fred_cmt,0.06
1968-07-22,286490.54,fred_cmt,0.05
1968-07-23,288534.30,fred_cmt,0.05
1968-07-24,288455.10,fred_cmt,0.05
1968-07-25,288970.21,fred_cmt,0.05
1968-07-26,288709.23,fred_cmt,0.05
1968-07-29,288135.83,fred_cmt,0.05
1968-07-30,288093.52,fred_cmt,0.05
1968-07-31,288621.01,fred_cmt,0.05
1968-08-01,288947.95,fred_cmt,0.05
1968-08-02,289974.69,fred_cmt,0.05
1968-08-05,289167.33,fred_cmt,0.05
1968-08-06,288924.05,fred_cmt,0.05
1968-08-07,289354.68,fred_cmt,0.05
1968-08-08,289064.77,fred_cmt,0.05
1968-08-09,288520.80,fred_cmt,0.05
1968-08-12,287721.98,fred_cmt,0.05
1968-08-13,287387.65,fred_cmt,0.05
1968-08-14,287386.71,fred_cmt,0.05
1968-08-15,286826.82,fred_cmt,0.05
1968-08-16,287511.06,fred_cmt,0.05
1968-08-19,287325.96,fred_cmt,0.05
1968-08-20,287236.07,fred_cmt,0.05
1968-08-21,286456.95,fred_cmt,0.05
1968-08-22,285478.34,fred_cmt,0.06
1968-08-23,286239.98,fred_cmt,0.05
1968-08-26,286581.99,fred_cmt,0.05
1968-08-27,286646.77,fred_cmt,0.05
1968-08-28,286934.23,fred_cmt,0.05
1968-08-29,287420.11,fred_cmt,0.05
1968-08-30,287695.36,fred_cmt,0.05
1968-09-03,287914.71,fred_cmt,0.05
1968-09-04,287358.41,fred_cmt,0.05
1968-09-05,286579.43,fred_cmt,0.05
1968-09-06,286018.37,fred_cmt,0.05
1968-09-09,285767.95,fred_cmt,0.05
1968-09-10,285222.02,fred_cmt,0.06
1968-09-11,285464.77,fred_cmt,0.06
1968-09-12,285658.35,fred_cmt,0.05
1968-09-13,285941.81,fred_cmt,0.05
1968-09-16,286491.02,fred_cmt,0.05
1968-09-17,286577.41,fred_cmt,0.05
1968-09-18,287496.32,fred_cmt,0.05
1968-09-19,287310.00,fred_cmt,0.05
1968-09-20,286793.54,fred_cmt,0.05
1968-09-23,286806.61,fred_cmt,0.05
1968-09-24,287024.99,fred_cmt,0.05
1968-09-25,287038.06,fred_cmt,0.05
1968-09-26,286766.59,fred_cmt,0.05
1968-09-27,286469.29,fred_cmt,0.05
1968-09-30,285633.35,fred_cmt,0.05
1968-10-01,285578.55,fred_cmt,0.05
1968-10-02,285581.86,fred_cmt,0.05
1968-10-03,285285.78,fred_cmt,0.06
1968-10-04,284728.94,fred_cmt,0.06
1968-10-07,283902.13,fred_cmt,0.06
1968-10-08,283276.23,fred_cmt,0.06
1968-10-09,282461.34,fred_cmt,0.06
1968-10-10,282031.60,fred_cmt,0.06
1968-10-11,282043.32,fred_cmt,0.06
1968-10-14,281776.38,fred_cmt,0.06
1968-10-15,280943.85,fred_cmt,0.06
1968-10-16,281766.44,fred_cmt,0.06
1968-10-17,282952.82,fred_cmt,0.06
1968-10-18,283218.90,fred_cmt,0.06
1968-10-21,282980.47,fred_cmt,0.06
1968-10-22,282936.17,fred_cmt,0.06
1968-10-23,282953.92,fred_cmt,0.06
1968-10-24,282243.89,fred_cmt,0.06
1968-10-25,282450.51,fred_cmt,0.06
1968-10-28,282272.37,fred_cmt,0.06
1968-10-29,281915.06,fred_cmt,0.06
1968-10-30,281728.30,fred_cmt,0.06
1968-10-31,282219.35,fred_cmt,0.06
1968-11-01,282277.73,fred_cmt,0.06
1968-11-04,281697.78,fred_cmt,0.06
1968-11-06,281980.09,fred_cmt,0.06
1968-11-07,281609.91,fred_cmt,0.06
1968-11-08,281045.84,fred_cmt,0.06
1968-11-12,280233.60,fred_cmt,0.06
1968-11-13,280651.79,fred_cmt,0.06
1968-11-14,280618.52,fred_cmt,0.06
1968-11-15,280110.08,fred_cmt,0.06
1968-11-18,279363.81,fred_cmt,0.06
1968-11-19,278536.18,fred_cmt,0.06
1968-11-20,278449.43,fred_cmt,0.06
1968-11-21,278655.05,fred_cmt,0.06
1968-11-22,278376.05,fred_cmt,0.06
1968-11-25,278087.30,fred_cmt,0.06
1968-11-26,277808.90,fred_cmt,0.06
1968-11-27,277765.96,fred_cmt,0.06
1968-11-29,277236.95,fred_cmt,0.06
1968-12-02,274265.93,fred_cmt,0.06
1968-12-03,272655.34,fred_cmt,0.06
1968-12-04,273015.68,fred_cmt,0.06
1968-12-05,273531.22,fred_cmt,0.06
1968-12-06,273999.15,fred_cmt,0.06
1968-12-09,273640.61,fred_cmt,0.06
1968-12-10,273308.71,fred_cmt,0.06
1968-12-11,273389.57,fred_cmt,0.06
1968-12-12,272953.57,fred_cmt,0.06
1968-12-13,273184.44,fred_cmt,0.06
1968-12-16,272527.23,fred_cmt,0.06
1968-12-17,272211.34,fred_cmt,0.06
1968-12-18,271546.90,fred_cmt,0.06
1968-12-19,269683.36,fred_cmt,0.06
1968-12-20,267861.44,fred_cmt,0.06
1968-12-23,265803.07,fred_cmt,0.06
1968-12-24,264664.23,fred_cmt,0.06
1968-12-26,267000.60,fred_cmt,0.06
1968-12-27,266412.33,fred_cmt,0.06
1968-12-30,266264.85,fred_cmt,0.06
1968-12-31,267494.81,fred_cmt,0.06
1969-01-02,270219.86,fred_cmt,0.06
1969-01-03,270674.16,fred_cmt,0.06
1969-01-06,269775.14,fred_cmt,0.06
1969-01-07,267175.79,fred_cmt,0.06
1969-01-08,268423.42,fred_cmt,0.06
1969-01-09,269710.58,fred_cmt,0.06
1969-01-10,270094.75,fred_cmt,0.06
1969-01-13,269779.73,fred_cmt,0.06
1969-01-14,269790.03,fred_cmt,0.06
1969-01-15,270245.29,fred_cmt,0.06
1969-01-16,271249.57,fred_cmt,0.06
1969-01-17,271263.56,fred_cmt,0.06
1969-01-20,271792.05,fred_cmt,0.06
1969-01-21,271344.01,fred_cmt,0.06
1969-01-22,269999.16,fred_cmt,0.06
1969-01-23,270181.03,fred_cmt,0.06
1969-01-24,270474.97,fred_cmt,0.06
1969-01-27,269963.01,fred_cmt,0.06
1969-01-28,269365.69,fred_cmt,0.06
1969-01-29,268397.76,fred_cmt,0.06
1969-01-30,267221.11,fred_cmt,0.06
1969-01-31,265812.09,fred_cmt,0.06
1969-02-03,264957.50,fred_cmt,0.06
1969-02-04,265581.20,fred_cmt,0.06
1969-02-05,265830.44,fred_cmt,0.06
1969-02-06,265651.02,fred_cmt,0.06
1969-02-07,267294.45,fred_cmt,0.06
1969-02-10,267284.13,fred_cmt,0.06
1969-02-11,268343.50,fred_cmt,0.06
1969-02-13,268635.84,fred_cmt,0.06
1969-02-14,268116.67,fred_cmt,0.06
1969-02-17,267336.70,fred_cmt,0.06
1969-02-18,266759.83,fred_cmt,0.06
1969-02-19,265823.19,fred_cmt,0.06
1969-02-20,265061.45,fred_cmt,0.06
1969-02-21,264784.83,fred_cmt,0.06
1969-02-24,265267.71,fred_cmt,0.06
1969-02-25,264831.18,fred_cmt,0.06
1969-02-26,264827.57,fred_cmt,0.06
1969-02-27,264079.61,fred_cmt,0.06
1969-02-28,264302.00,fred_cmt,0.06
1969-03-03,264617.23,fred_cmt,0.06
1969-03-04,264858.68,fred_cmt,0.06
1969-03-05,264791.43,fred_cmt,0.06
1969-03-06,264270.82,fred_cmt,0.06
1969-03-07,264015.99,fred_cmt,0.06
1969-03-10,263850.71,fred_cmt,0.06
1969-03-11,263105.51,fred_cmt,0.06
1969-03-12,262755.27,fred_cmt,0.06
1969-03-13,262367.44,fred_cmt,0.06
1969-03-14,262429.98,fred_cmt,0.06
1969-03-17,261488.28,fred_cmt,0.06
1969-03-18,261449.66,fred_cmt,0.06
1969-03-19,262500.27,fred_cmt,0.06
1969-03-20,262697.67,fred_cmt,0.06
1969-03-21,263287.10,fred_cmt,0.06
1969-03-24,263623.47,fred_cmt,0.06
1969-03-25,263054.24,fred_cmt,0.06
1969-03-26,262551.87,fred_cmt,0.06
1969-03-27,262336.97,fred_cmt,0.06
1969-03-28,263057.14,fred_cmt,0.06
1969-04-01,264403.81,fred_cmt,0.06
1969-04-02,264385.31,fred_cmt,0.06
1969-04-03,264115.74,fred_cmt,0.06
1969-04-07,263732.87,fred_cmt,0.06
1969-04-08,264576.59,fred_cmt,0.06
1969-04-09,266098.74,fred_cmt,0.06
1969-04-10,266305.35,fred_cmt,0.06
1969-04-11,267254.27,fred_cmt,0.06
1969-04-14,269795.48,fred_cmt,0.06
1969-04-15,268447.84,fred_cmt,0.06
1969-04-16,268715.49,fred_cmt,0.06
1969-04-17,267922.94,fred_cmt,0.06
1969-04-18,267129.44,fred_cmt,0.06
1969-04-21,267758.14,fred_cmt,0.06
1969-04-22,268351.53,fred_cmt,0.06
1969-04-23,268436.58,fred_cmt,0.06
1969-04-24,267899.83,fred_cmt,0.06
1969-04-25,267647.73,fred_cmt,0.06
1969-04-28,266701.77,fred_cmt,0.06
1969-04-29,266212.24,fred_cmt,0.06
1969-04-30,266530.09,fred_cmt,0.06
1969-05-01,265503.05,fred_cmt,0.06
1969-05-02,266089.79,fred_cmt,0.06
1969-05-05,267099.43,fred_cmt,0.06
1969-05-06,266453.17,fred_cmt,0.06
1969-05-07,266395.83,fred_cmt,0.06
1969-05-08,266855.87,fred_cmt,0.06
1969-05-09,266046.11,fred_cmt,0.06
1969-05-12,265079.82,fred_cmt,0.06
1969-05-13,265473.74,fred_cmt,0.06
1969-05-14,265747.18,fred_cmt,0.06
1969-05-15,265168.20,fred_cmt,0.06
1969-05-16,263827.49,fred_cmt,0.06
1969-05-19,262521.79,fred_cmt,0.06
1969-05-20,262447.53,fred_cmt,0.06
1969-05-21,262284.98,fred_cmt,0.06
1969-05-22,261913.52,fred_cmt,0.06
1969-05-23,261032.42,fred_cmt,0.06
1969-05-26,259585.55,fred_cmt,0.06
1969-05-27,257342.36,fred_cmt,0.07
1969-05-28,256670.31,fred_cmt,0.07
1969-05-29,256855.16,fred_cmt,0.07
1969-06-02,257004.38,fred_cmt,0.07
1969-06-03,257319.05,fred_cmt,0.07
1969-06-04,257350.96,fred_cmt,0.07
1969-06-05,257864.55,fred_cmt,0.07
1969-06-06,258504.13,fred_cmt,0.07
1969-06-09,256949.23,fred_cmt,0.07
1969-06-10,257835.60,fred_cmt,0.07
1969-06-11,258041.63,fred_cmt,0.07
1969-06-12,258694.63,fred_cmt,0.07
1969-06-13,259386.97,fred_cmt,0.07
1969-06-16,259798.25,fred_cmt,0.06
1969-06-17,258774.19,fred_cmt,0.07
1969-06-18,258677.49,fred_cmt,0.07
1969-06-19,257883.70,fred_cmt,0.07
1969-06-20,257442.69,fred_cmt,0.07
1969-06-23,257357.39,fred_cmt,0.07
1969-06-24,256849.59,fred_cmt,0.07
1969-06-25,256979.12,fred_cmt,0.07
1969-06-26,257372.29,fred_cmt,0.07
1969-06-27,256481.96,fred_cmt,0.07
1969-06-30,255056.11,fred_cmt,0.07
1969-07-01,254786.61,fred_cmt,0.07
1969-07-02,254332.53,fred_cmt,0.07
1969-07-03,254948.17,fred_cmt,0.07
1969-07-07,254535.65,fred_cmt,0.07
1969-07-08,253892.05,fred_cmt,0.07
1969-07-09,253245.18,fred_cmt,0.07
1969-07-10,254199.79,fred_cmt,0.07
1969-07-11,257618.28,fred_cmt,0.07
1969-07-14,256534.07,fred_cmt,0.07
1969-07-15,255672.00,fred_cmt,0.07
1969-07-16,256689.93,fred_cmt,0.07
1969-07-17,256327.40,fred_cmt,0.07
1969-07-18,256161.39,fred_cmt,0.07
1969-07-22,257334.08,fred_cmt,0.07
1969-07-23,256874.37,fred_cmt,0.07
1969-07-24,256343.35,fred_cmt,0.07
1969-07-25,256085.74,fred_cmt,0.07
1969-07-28,255550.72,fred_cmt,0.07
1969-07-29,255906.18,fred_cmt,0.07
1969-07-30,255937.26,fred_cmt,0.07
1969-07-31,257304.03,fred_cmt,0.07
1969-08-01,257194.29,fred_cmt,0.07
1969-08-04,257975.19,fred_cmt,0.07
1969-08-05,258656.86,fred_cmt,0.07
1969-08-06,258259.97,fred_cmt,0.07
1969-08-07,258131.05,fred_cmt,0.07
1969-08-08,257911.83,fred_cmt,0.07
1969-08-11,256913.48,fred_cmt,0.07
1969-08-12,256622.87,fred_cmt,0.07
1969-08-13,256564.69,fred_cmt,0.07
1969-08-14,256829.51,fred_cmt,0.07
1969-08-15,256758.78,fred_cmt,0.07
1969-08-18,257332.14,fred_cmt,0.07
1969-08-19,257490.98,fred_cmt,0.07
1969-08-20,257150.43,fred_cmt,0.07
1969-08-21,256733.30,fred_cmt,0.07
1969-08-22,256072.10,fred_cmt,0.07
1969-08-25,255767.62,fred_cmt,0.07
1969-08-26,254892.08,fred_cmt,0.07
1969-08-27,254202.01,fred_cmt,0.07
1969-08-28,253155.93,fred_cmt,0.07
1969-08-29,253101.77,fred_cmt,0.07
1969-09-02,252096.58,fred_cmt,0.07
1969-09-03,250520.71,fred_cmt,0.07
1969-09-04,250148.37,fred_cmt,0.07
1969-09-05,249523.59,fred_cmt,0.07
1969-09-08,248561.74,fred_cmt,0.07
1969-09-09,248431.32,fred_cmt,0.07
1969-09-10,248901.68,fred_cmt,0.07
1969-09-11,248408.91,fred_cmt,0.07
1969-09-12,247740.72,fred_cmt,0.07
1969-09-15,247466.50,fred_cmt,0.07
1969-09-16,246381.78,fred_cmt,0.07
1969-09-17,246064.93,fred_cmt,0.07
1969-09-18,243396.00,fred_cmt,0.07
1969-09-19,243201.64,fred_cmt,0.07
1969-09-22,243577.84,fred_cmt,0.07
1969-09-23,243506.75,fred_cmt,0.07
1969-09-24,243155.31,fred_cmt,0.07
1969-09-25,242574.47,fred_cmt,0.07
1969-09-26,240257.95,fred_cmt,0.07
1969-09-29,239160.59,fred_cmt,0.07
1969-09-30,238043.37,fred_cmt,0.08
1969-10-01,237874.54,fred_cmt,0.08
1969-10-02,239427.14,fred_cmt,0.07
1969-10-03,240957.46,fred_cmt,0.07
1969-10-06,241839.09,fred_cmt,0.07
1969-10-07,242834.73,fred_cmt,0.07
1969-10-08,243335.70,fred_cmt,0.07
1969-10-09,243144.76,fred_cmt,0.07
1969-10-10,244832.23,fred_cmt,0.07
1969-10-14,247634.06,fred_cmt,0.07
1969-10-15,247011.47,fred_cmt,0.07
1969-10-16,248750.82,fred_cmt,0.07
1969-10-17,249848.30,fred_cmt,0.07
1969-10-20,253470.04,fred_cmt,0.07
1969-10-21,254793.38,fred_cmt,0.07
1969-10-22,254003.25,fred_cmt,0.07
1969-10-23,251546.60,fred_cmt,0.07
1969-10-24,251297.76,fred_cmt,0.07
1969-10-27,250437.14,fred_cmt,0.07
1969-10-28,248501.66,fred_cmt,0.07
1969-10-29,248516.61,fred_cmt,0.07
1969-10-30,249394.72,fred_cmt,0.07
1969-10-31,249812.51,fred_cmt,0.07
1969-11-03,250892.18,fred_cmt,0.07
1969-11-05,249124.80,fred_cmt,0.07
1969-11-06,248183.87,fred_cmt,0.07
1969-11-07,248588.03,fred_cmt,0.07
1969-11-10,248617.92,fred_cmt,0.07
1969-11-12,247123.55,fred_cmt,0.07
1969-11-13,245785.02,fred_cmt,0.07
1969-11-14,246637.78,fred_cmt,0.07
1969-11-17,245530.40,fred_cmt,0.07
1969-11-18,243541.56,fred_cmt,0.07
1969-11-19,242879.81,fred_cmt,0.07
1969-11-20,241667.60,fred_cmt,0.07
1969-11-21,242412.16,fred_cmt,0.07
1969-11-24,242864.69,fred_cmt,0.07
1969-11-25,242743.30,fred_cmt,0.07
1969-11-26,242306.92,fred_cmt,0.07
1969-11-28,242633.20,fred_cmt,0.07
1969-12-01,242561.14,fred_cmt,0.07
1969-12-02,241248.74,fred_cmt,0.07
1969-12-03,240691.65,fred_cmt,0.07
1969-12-04,241939.08,fred_cmt,0.07
1969-12-05,242007.07,fred_cmt,0.07
1969-12-08,240996.05,fred_cmt,0.07
1969-12-09,238924.52,fred_cmt,0.07
1969-12-10,237250.46,fred_cmt,0.08
1969-12-11,236612.92,fred_cmt,0.08
1969-12-12,237084.60,fred_cmt,0.08
1969-12-15,236561.04,fred_cmt,0.08
1969-12-16,234767.57,fred_cmt,0.08
1969-12-17,234042.71,fred_cmt,0.08
1969-12-18,233125.25,fred_cmt,0.08
1969-12-19,233571.03,fred_cmt,0.08
1969-12-22,234196.33,fred_cmt,0.08
1969-12-23,233124.00,fred_cmt,0.08
1969-12-24,231702.67,fred_cmt,0.08
1969-12-26,232034.52,fred_cmt,0.08
1969-12-29,228607.16,fred_cmt,0.08
1969-12-30,230455.24,fred_cmt,0.08
1969-12-31,232463.59,fred_cmt,0.08
1970-01-02,233107.95,fred_cmt,0.08
1970-01-05,232614.63,fred_cmt,0.08
1970-01-06,230816.48,fred_cmt,0.08
1970-01-07,230057.77,fred_cmt,0.08
1970-01-08,230790.93,fred_cmt,0.08
1970-01-09,232761.60,fred_cmt,0.08
1970-01-12,233431.10,fred_cmt,0.08
1970-01-13,233315.04,fred_cmt,0.08
1970-01-14,231997.75,fred_cmt,0.08
1970-01-15,232259.67,fred_cmt,0.08
1970-01-16,234175.45,fred_cmt,0.08
1970-01-19,235179.55,fred_cmt,0.08
1970-01-20,234429.69,fred_cmt,0.08
1970-01-21,234865.41,fred_cmt,0.08
1970-01-22,235155.52,fred_cmt,0.08
1970-01-23,234661.67,fred_cmt,0.08
1970-01-26,234376.90,fred_cmt,0.08
1970-01-27,234696.71,fred_cmt,0.08
1970-01-28,234598.07,fred_cmt,0.08
1970-01-29,233237.45,fred_cmt,0.08
1970-01-30,233348.28,fred_cmt,0.08
1970-02-02,235090.28,fred_cmt,0.08
1970-02-03,236298.08,fred_cmt,0.08
1970-02-04,237968.79,fred_cmt,0.07
1970-02-05,238956.15,fred_cmt,0.07
1970-02-06,240822.91,fred_cmt,0.07
1970-02-09,242677.74,fred_cmt,0.07
1970-02-10,241749.50,fred_cmt,0.07
1970-02-11,241499.21,fred_cmt,0.07
1970-02-13,245428.48,fred_cmt,0.07
1970-02-16,244962.11,fred_cmt,0.07
1970-02-17,245168.22,fred_cmt,0.07
1970-02-18,245719.51,fred_cmt,0.07
1970-02-19,246354.53,fred_cmt,0.07
1970-02-20,245640.41,fred_cmt,0.07
1970-02-24,245369.91,fred_cmt,0.07
1970-02-25,247257.08,fred_cmt,0.07
1970-02-26,249193.44,fred_cmt,0.07
1970-02-27,249899.09,fred_cmt,0.07
1970-03-02,248783.39,fred_cmt,0.07
1970-03-03,247977.48,fred_cmt,0.07
1970-03-04,248367.30,fred_cmt,0.07
1970-03-05,247863.81,fred_cmt,0.07
1970-03-06,248374.52,fred_cmt,0.07
1970-03-09,247649.64,fred_cmt,0.07
1970-03-10,246369.74,fred_cmt,0.07
1970-03-11,244683.03,fred_cmt,0.07
1970-03-12,243476.83,fred_cmt,0.07
1970-03-13,241928.32,fred_cmt,0.07
1970-03-16,241467.03,fred_cmt,0.07
1970-03-17,239114.99,fred_cmt,0.07
1970-03-18,240735.11,fred_cmt,0.07
1970-03-19,245550.51,fred_cmt,0.07
1970-03-20,245813.42,fred_cmt,0.07
1970-03-23,246008.45,fred_cmt,0.07
1970-03-24,246710.90,fred_cmt,0.07
1970-03-25,248148.87,fred_cmt,0.07
1970-03-26,247908.44,fred_cmt,0.07
1970-03-30,246283.98,fred_cmt,0.07
1970-03-31,245640.72,fred_cmt,0.07
1970-04-01,246670.66,fred_cmt,0.07
1970-04-02,245902.13,fred_cmt,0.07
1970-04-03,244734.58,fred_cmt,0.07
1970-04-06,243929.50,fred_cmt,0.07
1970-04-07,243636.55,fred_cmt,0.07
1970-04-08,243792.76,fred_cmt,0.07
1970-04-09,243543.25,fred_cmt,0.07
1970-04-10,243817.69,fred_cmt,0.07
1970-04-13,243242.56,fred_cmt,0.07
1970-04-14,242799.14,fred_cmt,0.07
1970-04-15,241729.96,fred_cmt,0.07
1970-04-16,240171.75,fred_cmt,0.07
1970-04-17,238758.17,fred_cmt,0.07
1970-04-20,237869.78,fred_cmt,0.07
1970-04-21,236832.13,fred_cmt,0.07
1970-04-22,234317.43,fred_cmt,0.08
1970-04-23,233709.49,fred_cmt,0.08
1970-04-24,232272.37,fred_cmt,0.08
1970-04-27,231663.64,fred_cmt,0.08
1970-04-28,230932.35,fred_cmt,0.08
1970-04-29,231249.41,fred_cmt,0.08
1970-04-30,230643.35,fred_cmt,0.08
1970-05-01,230066.09,fred_cmt,0.08
1970-05-04,228015.85,fred_cmt,0.08
1970-05-05,228310.59,fred_cmt,0.08
1970-05-06,229643.33,fred_cmt,0.08
1970-05-07,230405.27,fred_cmt,0.08
1970-05-08,231389.32,fred_cmt,0.08
1970-05-11,230660.52,fred_cmt,0.08
1970-05-12,230166.10,fred_cmt,0.08
1970-05-13,230014.99,fred_cmt,0.08
1970-05-14,229791.42,fred_cmt,0.08
1970-05-15,230455.72,fred_cmt,0.08
1970-05-18,231023.26,fred_cmt,0.08
1970-05-19,231018.37,fred_cmt,0.08
1970-05-20,229920.68,fred_cmt,0.08
1970-05-21,228647.21,fred_cmt,0.08
1970-05-22,226631.27,fred_cmt,0.08
1970-05-25,222915.24,fred_cmt,0.08
1970-05-26,220618.46,fred_cmt,0.08
1970-05-27,224909.21,fred_cmt,0.08
1970-05-28,225909.65,fred_cmt,0.08
1970-05-29,226619.84,fred_cmt,0.08
1970-06-01,228828.11,fred_cmt,0.08
1970-06-02,230272.14,fred_cmt,0.08
1970-06-03,230569.74,fred_cmt,0.08
1970-06-04,229751.86,fred_cmt,0.08
1970-06-05,227987.13,fred_cmt,0.08
1970-06-08,227568.03,fred_cmt,0.08
1970-06-09,227908.55,fred_cmt,0.08
1970-06-10,228080.03,fred_cmt,0.08
1970-06-11,227013.11,fred_cmt,0.08
1970-06-12,225704.70,fred_cmt,0.08
1970-06-15,225656.09,fred_cmt,0.08
1970-06-16,228284.68,fred_cmt,0.08
1970-06-17,227577.76,fred_cmt,0.08
1970-06-18,227676.31,fred_cmt,0.08
1970-06-19,227637.99,fred_cmt,0.08
1970-06-22,228467.60,fred_cmt,0.08
1970-06-23,230131.04,fred_cmt,0.08
1970-06-24,231223.08,fred_cmt,0.08
1970-06-25,230754.29,fred_cmt,0.08
1970-06-26,230267.86,fred_cmt,0.08
1970-06-29,230783.16,fred_cmt,0.08
1970-06-30,232744.89,fred_cmt,0.08
1970-07-01,233611.46,fred_cmt,0.08
1970-07-02,235532.36,fred_cmt,0.08
1970-07-06,237073.69,fred_cmt,0.07
1970-07-07,237804.92,fred_cmt,0.07
1970-07-08,236964.32,fred_cmt,0.07
1970-07-09,236765.26,fred_cmt,0.07
1970-07-10,235498.50,fred_cmt,0.08
1970-07-13,235339.34,fred_cmt,0.08
1970-07-14,235768.57,fred_cmt,0.08
1970-07-15,236538.29,fred_cmt,0.07
1970-07-16,237129.30,fred_cmt,0.07
1970-07-17,237374.73,fred_cmt,0.07
1970-07-20,237193.62,fred_cmt,0.07
1970-07-21,237290.48,fred_cmt,0.07
1970-07-22,237678.42,fred_cmt,0.07
1970-07-23,240374.64,fred_cmt,0.07
1970-07-24,239873.91,fred_cmt,0.07
1970-07-27,239455.49,fred_cmt,0.07
1970-07-28,238111.24,fred_cmt,0.07
1970-07-29,238503.04,fred_cmt,0.07
1970-07-30,238744.95,fred_cmt,0.07
1970-07-31,238683.76,fred_cmt,0.07
1970-08-03,238463.36,fred_cmt,0.07
1970-08-04,238261.76,fred_cmt,0.07
1970-08-05,237700.39,fred_cmt,0.07
1970-08-06,237443.68,fred_cmt,0.07
1970-08-07,237006.16,fred_cmt,0.07
1970-08-10,235964.43,fred_cmt,0.07
1970-08-11,235101.49,fred_cmt,0.08
1970-08-12,234562.52,fred_cmt,0.08
1970-08-13,234141.81,fred_cmt,0.08
1970-08-14,232078.02,fred_cmt,0.08
1970-08-17,231064.35,fred_cmt,0.08
1970-08-18,231711.41,fred_cmt,0.08
1970-08-19,232279.22,fred_cmt,0.08
1970-08-20,232449.33,fred_cmt,0.08
1970-08-21,233424.16,fred_cmt,0.08
1970-08-24,236244.59,fred_cmt,0.07
1970-08-25,236703.74,fred_cmt,0.07
1970-08-26,236914.02,fred_cmt,0.07
1970-08-27,236348.74,fred_cmt,0.07
1970-08-28,236187.84,fred_cmt,0.07
1970-08-31,236279.96,fred_cmt,0.07
1970-09-01,236731.04,fred_cmt,0.07
1970-09-02,236600.95,fred_cmt,0.07
1970-09-03,236587.74,fred_cmt,0.07
1970-09-04,236714.48,fred_cmt,0.07
1970-09-08,236206.74,fred_cmt,0.07
1970-09-09,235297.39,fred_cmt,0.08
1970-09-10,235653.71,fred_cmt,0.08
1970-09-11,236132.88,fred_cmt,0.07
1970-09-14,236524.64,fred_cmt,0.07
1970-09-15,236992.78,fred_cmt,0.07
1970-09-16,238300.95,fred_cmt,0.07
1970-09-17,240099.79,fred_cmt,0.07
1970-09-18,240379.22,fred_cmt,0.07
1970-09-21,240742.23,fred_cmt,0.07
1970-09-22,240935.25,fred_cmt,0.07
1970-09-23,241604.77,fred_cmt,0.07
1970-09-24,241177.57,fred_cmt,0.07
1970-09-25,240840.84,fred_cmt,0.07
1970-09-28,240180.93,fred_cmt,0.07
1970-09-29,240421.51,fred_cmt,0.07
1970-09-30,240504.77,fred_cmt,0.07
1970-10-01,240454.72,fred_cmt,0.07
1970-10-02,241162.17,fred_cmt,0.07
1970-10-05,241151.11,fred_cmt,0.07
1970-10-06,241483.07,fred_cmt,0.07
1970-10-07,241690.65,fred_cmt,0.07
1970-10-08,241311.87,fred_cmt,0.07
1970-10-09,241113.00,fred_cmt,0.07
1970-10-13,241094.31,fred_cmt,0.07
1970-10-14,239837.94,fred_cmt,0.07
1970-10-15,239904.75,fred_cmt,0.07
1970-10-16,239582.52,fred_cmt,0.07
1970-10-19,238798.73,fred_cmt,0.07
1970-10-20,238362.46,fred_cmt,0.07
1970-10-21,237188.41,fred_cmt,0.07
1970-10-22,236369.44,fred_cmt,0.07
1970-10-23,236728.27,fred_cmt,0.07
1970-10-26,236688.23,fred_cmt,0.07
1970-10-27,237033.92,fred_cmt,0.07
1970-10-28,237916.17,fred_cmt,0.07
1970-10-29,239794.20,fred_cmt,0.07
1970-10-30,239324.78,fred_cmt,0.07
1970-11-02,241462.10,fred_cmt,0.07
1970-11-04,241652.10,fred_cmt,0.07
1970-11-05,242040.07,fred_cmt,0.07
1970-11-06,243139.62,fred_cmt,0.07
1970-11-09,244978.61,fred_cmt,0.07
1970-11-10,245021.16,fred_cmt,0.07
1970-11-12,246024.19,fred_cmt,0.07
1970-11-13,246169.93,fred_cmt,0.07
1970-11-16,246816.73,fred_cmt,0.07
1970-11-17,247311.13,fred_cmt,0.07
1970-11-18,248661.30,fred_cmt,0.07
1970-11-19,251936.91,fred_cmt,0.07
1970-11-20,257673.97,fred_cmt,0.06
1970-11-23,261705.25,fred_cmt,0.06
1970-11-24,258466.69,fred_cmt,0.06
1970-11-25,257458.55,fred_cmt,0.06
1970-11-27,257413.70,fred_cmt,0.06
1970-11-30,257162.97,fred_cmt,0.06
1970-12-01,257579.13,fred_cmt,0.06
1970-12-02,259526.86,fred_cmt,0.06
1970-12-03,262026.06,fred_cmt,0.06
1970-12-04,264459.48,fred_cmt,0.06
1970-12-07,262876.64,fred_cmt,0.06
1970-12-08,262523.33,fred_cmt,0.06
1970-12-09,261390.52,fred_cmt,0.06
1970-12-10,261420.30,fred_cmt,0.06
1970-12-11,262271.26,fred_cmt,0.06
1970-12-14,263546.27,fred_cmt,0.06
1970-12-15,262852.10,fred_cmt,0.06
1970-12-16,263015.40,fred_cmt,0.06
1970-12-17,262703.78,fred_cmt,0.06
1970-12-18,261866.88,fred_cmt,0.06
1970-12-21,258999.06,fred_cmt,0.06
1970-12-22,257365.34,fred_cmt,0.07
1970-12-23,256228.17,fred_cmt,0.07
1970-12-24,257084.15,fred_cmt,0.07
1970-12-28,256696.54,fred_cmt,0.07
1970-12-29,256043.41,fred_cmt,0.07
1970-12-30,257078.28,fred_cmt,0.07
1970-12-31,257226.13,fred_cmt,0.07
1971-01-04,258231.81,fred_cmt,0.06
1971-01-05,258007.94,fred_cmt,0.06
1971-01-06,258138.25,fred_cmt,0.06
1971-01-07,258716.83,fred_cmt,0.06
1971-01-08,258988.47,fred_cmt,0.06
1971-01-11,260081.60,fred_cmt,0.06
1971-01-12,261033.63,fred_cmt,0.06
1971-01-13,262328.52,fred_cmt,0.06
1971-01-14,263980.48,fred_cmt,0.06
1971-01-15,263923.03,fred_cmt,0.06
1971-01-18,265441.13,fred_cmt,0.06
1971-01-19,265115.88,fred_cmt,0.06
1971-01-20,265395.29,fred_cmt,0.06
1971-01-21,266784.54,fred_cmt,0.06
1971-01-22,267584.31,fred_cmt,0.06
1971-01-25,267908.34,fred_cmt,0.06
1971-01-26,267350.49,fred_cmt,0.06
1971-01-27,266839.49,fred_cmt,0.06
1971-01-28,266997.52,fred_cmt,0.06
1971-01-29,266699.04,fred_cmt,0.06
1971-02-01,266540.52,fred_cmt,0.06
1971-02-02,266084.31,fred_cmt,0.06
1971-02-03,266088.17,fred_cmt,0.06
1971-02-04,266154.97,fred_cmt,0.06
1971-02-05,266197.67,fred_cmt,0.06
1971-02-08,266463.02,fred_cmt,0.06
1971-02-09,266846.93,fred_cmt,0.06
1971-02-10,266685.20,fred_cmt,0.06
1971-02-11,266547.03,fred_cmt,0.06
1971-02-16,265887.53,fred_cmt,0.06
1971-02-17,265940.14,fred_cmt,0.06
1971-02-18,266029.73,fred_cmt,0.06
1971-02-19,265859.71,fred_cmt,0.06
1971-02-22,265047.42,fred_cmt,0.06
1971-02-23,264280.45,fred_cmt,0.06
1971-02-24,264578.23,fred_cmt,0.06
1971-02-25,265649.43,fred_cmt,0.06
1971-02-26,264901.61,fred_cmt,0.06
1971-03-01,265302.02,fred_cmt,0.06
1971-03-02,266054.64,fred_cmt,0.06
1971-03-03,266986.86,fred_cmt,0.06
1971-03-04,266954.31,fred_cmt,0.06
1971-03-05,267402.54,fred_cmt,0.06
1971-03-08,268350.11,fred_cmt,0.06
1971-03-09,270730.79,fred_cmt,0.06
1971-03-10,273409.05,fred_cmt,0.06
1971-03-11,276208.72,fred_cmt,0.06
1971-03-12,275418.20,fred_cmt,0.06
1971-03-15,275937.85,fred_cmt,0.06
1971-03-16,276529.61,fred_cmt,0.06
1971-03-17,278336.44,fred_cmt,0.06
1971-03-18,280057.88,fred_cmt,0.06
1971-03-19,281105.77,fred_cmt,0.06
1971-03-22,283559.22,fred_cmt,0.05
1971-03-23,284610.84,fred_cmt,0.05
1971-03-24,283794.03,fred_cmt,0.05
1971-03-25,283128.48,fred_cmt,0.05
1971-03-26,281712.15,fred_cmt,0.05
1971-03-29,280079.24,fred_cmt,0.06
1971-03-30,281125.73,fred_cmt,0.06
1971-03-31,280336.75,fred_cmt,0.06
1971-04-01,278940.62,fred_cmt,0.06
1971-04-02,278165.58,fred_cmt,0.06
1971-04-05,277316.96,fred_cmt,0.06
1971-04-06,278166.03,fred_cmt,0.06
1971-04-07,278605.48,fred_cmt,0.06
1971-04-08,277548.72,fred_cmt,0.06
1971-04-12,274771.90,fred_cmt,0.06
1971-04-13,274997.34,fred_cmt,0.06
1971-04-14,273886.04,fred_cmt,0.06
1971-04-15,273166.97,fred_cmt,0.06
1971-04-16,272778.78,fred_cmt,0.06
1971-04-19,271303.21,fred_cmt,0.06
1971-04-20,269050.89,fred_cmt,0.06
1971-04-21,267367.75,fred_cmt,0.06
1971-04-22,267953.67,fred_cmt,0.06
1971-04-23,268284.86,fred_cmt,0.06
1971-04-26,268524.78,fred_cmt,0.06
1971-04-27,268606.22,fred_cmt,0.06
1971-04-28,269114.06,fred_cmt,0.06
1971-04-29,267336.37,fred_cmt,0.06
1971-04-30,267117.14,fred_cmt,0.06
1971-05-03,265424.59,fred_cmt,0.06
1971-05-04,262800.96,fred_cmt,0.06
1971-05-05,262505.79,fred_cmt,0.06
1971-05-06,262037.86,fred_cmt,0.06
1971-05-07,262752.26,fred_cmt,0.06
1971-05-10,263501.95,fred_cmt,0.06
1971-05-11,262571.99,fred_cmt,0.06
1971-05-12,260351.93,fred_cmt,0.06
1971-05-13,257739.16,fred_cmt,0.06
1971-05-14,257225.53,fred_cmt,0.06
1971-05-17,255503.35,fred_cmt,0.07
1971-05-18,253661.37,fred_cmt,0.07
1971-05-19,254655.97,fred_cmt,0.07
1971-05-20,257524.99,fred_cmt,0.06
1971-05-21,256689.79,fred_cmt,0.07
1971-05-24,257535.64,fred_cmt,0.06
1971-05-25,258711.74,fred_cmt,0.06
1971-05-26,260331.32,fred_cmt,0.06
1971-05-27,260913.29,fred_cmt,0.06
1971-05-28,260184.29,fred_cmt,0.06
1971-06-01,260660.78,fred_cmt,0.06
1971-06-02,263403.16,fred_cmt,0.06
1971-06-03,264530.93,fred_cmt,0.06
1971-06-04,262752.22,fred_cmt,0.06
1971-06-07,260905.90,fred_cmt,0.06
1971-06-08,259957.32,fred_cmt,0.06
1971-06-09,258480.84,fred_cmt,0.06
1971-06-10,257679.98,fred_cmt,0.06
1971-06-11,257327.73,fred_cmt,0.07
1971-06-14,254231.25,fred_cmt,0.07
1971-06-15,251976.36,fred_cmt,0.07
1971-06-16,253226.38,fred_cmt,0.07
1971-06-17,253422.34,fred_cmt,0.07
1971-06-18,255385.39,fred_cmt,0.07
1971-06-21,256742.45,fred_cmt,0.07
1971-06-22,254690.53,fred_cmt,0.07
1971-06-23,254966.91,fred_cmt,0.07
1971-06-24,254835.13,fred_cmt,0.07
1971-06-25,254727.89,fred_cmt,0.07
1971-06-28,254420.65,fred_cmt,0.07
1971-06-29,253883.60,fred_cmt,0.07
1971-06-30,253333.17,fred_cmt,0.07
1971-07-01,253562.91,fred_cmt,0.07
1971-07-02,253683.70,fred_cmt,0.07
1971-07-06,253996.38,fred_cmt,0.07
1971-07-07,254388.12,fred_cmt,0.07
1971-07-08,254191.20,fred_cmt,0.07
1971-07-09,254025.48,fred_cmt,0.07
1971-07-12,255869.50,fred_cmt,0.07
1971-07-13,255770.71,fred_cmt,0.07
1971-07-14,256080.72,fred_cmt,0.07
1971-07-15,256338.89,fred_cmt,0.07
1971-07-16,254708.37,fred_cmt,0.07
1971-07-19,253543.81,fred_cmt,0.07
1971-07-20,253707.96,fred_cmt,0.07
1971-07-21,253795.27,fred_cmt,0.07
1971-07-22,251917.19,fred_cmt,0.07
1971-07-23,250862.04,fred_cmt,0.07
1971-07-26,250377.64,fred_cmt,0.07
1971-07-27,249465.01,fred_cmt,0.07
1971-07-28,248662.68,fred_cmt,0.07
1971-07-29,250155.26,fred_cmt,0.07
1971-07-30,250772.23,fred_cmt,0.07
1971-08-02,250566.73,fred_cmt,0.07
1971-08-03,249404.63,fred_cmt,0.07
1971-08-04,249652.89,fred_cmt,0.07
1971-08-05,250300.40,fred_cmt,0.07
1971-08-06,250304.05,fred_cmt,0.07
1971-08-09,249888.76,fred_cmt,0.07
1971-08-10,249691.56,fred_cmt,0.07
1971-08-11,250401.66,fred_cmt,0.07
1971-08-12,251781.05,fred_cmt,0.07
1971-08-13,254383.70,fred_cmt,0.07
1971-08-16,260624.13,fred_cmt,0.06
1971-08-17,263014.92,fred_cmt,0.06
1971-08-18,262075.52,fred_cmt,0.06
1971-08-19,262145.20,fred_cmt,0.06
1971-08-20,261552.61,fred_cmt,0.06
1971-08-23,258951.74,fred_cmt,0.06
1971-08-24,261052.19,fred_cmt,0.06
1971-08-25,260569.82,fred_cmt,0.06
1971-08-26,261257.58,fred_cmt,0.06
1971-08-27,262301.38,fred_cmt,0.06
1971-08-30,262619.61,fred_cmt,0.06
1971-08-31,263651.09,fred_cmt,0.06
1971-09-01,264910.23,fred_cmt,0.06
1971-09-02,266214.22,fred_cmt,0.06
1971-09-03,267521.98,fred_cmt,0.06
1971-09-07,268792.59,fred_cmt,0.06
1971-09-08,268400.71,fred_cmt,0.06
1971-09-09,267150.26,fred_cmt,0.06
1971-09-10,267252.22,fred_cmt,0.06
1971-09-13,265282.20,fred_cmt,0.06
1971-09-14,265537.13,fred_cmt,0.06
1971-09-15,265783.86,fred_cmt,0.06
1971-09-16,266438.85,fred_cmt,0.06
1971-09-17,266833.51,fred_cmt,0.06
1971-09-20,266227.99,fred_cmt,0.06
1971-09-21,265775.55,fred_cmt,0.06
1971-09-22,265277.61,fred_cmt,0.06
1971-09-23,265068.70,fred_cmt,0.06
1971-09-24,265998.43,fred_cmt,0.06
1971-09-27,266729.15,fred_cmt,0.06
1971-09-28,267060.72,fred_cmt,0.06
1971-09-29,267993.30,fred_cmt,0.06
1971-09-30,269864.59,fred_cmt,0.06
1971-10-01,269992.00,fred_cmt,0.06
1971-10-04,270532.81,fred_cmt,0.06
1971-10-05,269592.83,fred_cmt,0.06
1971-10-06,270251.60,fred_cmt,0.06
1971-10-07,270498.91,fred_cmt,0.06
1971-10-08,271241.09,fred_cmt,0.06
1971-10-12,272737.77,fred_cmt,0.06
1971-10-13,273295.37,fred_cmt,0.06
1971-10-14,272748.32,fred_cmt,0.06
1971-10-15,272389.87,fred_cmt,0.06
1971-10-18,271088.22,fred_cmt,0.06
1971-10-19,270781.26,fred_cmt,0.06
1971-10-20,271718.56,fred_cmt,0.06
1971-10-21,272642.67,fred_cmt,0.06
1971-10-22,272193.51,fred_cmt,0.06
1971-10-26,272431.39,fred_cmt,0.06
1971-10-27,271689.84,fred_cmt,0.06
1971-10-28,272149.46,fred_cmt,0.06
1971-10-29,272918.75,fred_cmt,0.06
1971-11-01,274539.07,fred_cmt,0.06
1971-11-03,276509.15,fred_cmt,0.06
1971-11-04,276380.74,fred_cmt,0.06
1971-11-05,276374.44,fred_cmt,0.06
1971-11-08,275144.48,fred_cmt,0.06
1971-11-09,274967.74,fred_cmt,0.06
1971-11-10,273758.95,fred_cmt,0.06
1971-11-11,274366.50,fred_cmt,0.06
1971-11-12,274907.55,fred_cmt,0.06
1971-11-15,274924.31,fred_cmt,0.06
1971-11-16,275115.50,fred_cmt,0.06
1971-11-17,275288.80,fred_cmt,0.06
1971-11-18,274902.88,fred_cmt,0.06
1971-11-19,274334.11,fred_cmt,0.06
1971-11-22,273432.57,fred_cmt,0.06
1971-11-23,271704.39,fred_cmt,0.06
1971-11-24,270211.84,fred_cmt,0.06
1971-11-26,270588.65,fred_cmt,0.06
1971-11-29,270293.30,fred_cmt,0.06
1971-11-30,270738.37,fred_cmt,0.06
1971-12-01,270881.57,fred_cmt,0.06
1971-12-02,271289.67,fred_cmt,0.06
1971-12-03,271736.79,fred_cmt,0.06
1971-12-06,271783.34,fred_cmt,0.06
1971-12-07,270705.44,fred_cmt,0.06
1971-12-08,270688.77,fred_cmt,0.06
1971-12-09,270156.75,fred_cmt,0.06
1971-12-10,270407.78,fred_cmt,0.06
1971-12-13,271122.25,fred_cmt,0.06
1971-12-14,270179.95,fred_cmt,0.06
1971-12-15,269573.73,fred_cmt,0.06
1971-12-16,269828.16,fred_cmt,0.06
1971-12-17,270294.55,fred_cmt,0.06
1971-12-20,269427.05,fred_cmt,0.06
1971-12-21,268565.78,fred_cmt,0.06
1971-12-22,268378.06,fred_cmt,0.06
1971-12-23,269378.95,fred_cmt,0.06
1971-12-27,270815.41,fred_cmt,0.06
1971-12-28,272126.84,fred_cmt,0.06
1971-12-29,271223.30,fred_cmt,0.06
1971-12-30,271139.65,fred_cmt,0.06
1971-12-31,271477.62,fred_cmt,0.06
1972-01-03,270259.91,fred_cmt,0.06
1972-01-04,270413.35,fred_cmt,0.06
1972-01-05,270799.60,fred_cmt,0.06
1972-01-06,271123.25,fred_cmt,0.06
1972-01-07,271622.57,fred_cmt,0.06
1972-01-10,272232.52,fred_cmt,0.06
1972-01-11,271729.85,fred_cmt,0.06
1972-01-12,271735.41,fred_cmt,0.06
1972-01-13,272187.77,fred_cmt,0.06
1972-01-14,272422.93,fred_cmt,0.06
1972-01-17,271439.67,fred_cmt,0.06
1972-01-18,270727.92,fred_cmt,0.06
1972-01-19,269731.72,fred_cmt,0.06
1972-01-20,269263.73,fred_cmt,0.06
1972-01-21,268972.59,fred_cmt,0.06
1972-01-24,268367.17,fred_cmt,0.06
1972-01-25,268516.40,fred_cmt,0.06
1972-01-26,268759.27,fred_cmt,0.06
1972-01-27,267522.87,fred_cmt,0.06
1972-01-28,266788.12,fred_cmt,0.06
1972-01-31,266658.99,fred_cmt,0.06
1972-02-01,266709.25,fred_cmt,0.06
1972-02-02,266907.36,fred_cmt,0.06
1972-02-03,266899.96,fred_cmt,0.06
1972-02-04,266870.52,fred_cmt,0.06
1972-02-07,266644.09,fred_cmt,0.06
1972-02-08,266170.37,fred_cmt,0.06
1972-02-09,266023.25,fred_cmt,0.06
1972-02-10,266255.36,fred_cmt,0.06
1972-02-11,266123.12,fred_cmt,0.06
1972-02-14,266701.93,fred_cmt,0.06
1972-02-15,266795.55,fred_cmt,0.06
1972-02-16,267282.74,fred_cmt,0.06
1972-02-17,267759.42,fred_cmt,0.06
1972-02-18,267769.76,fred_cmt,0.06
1972-02-22,267831.68,fred_cmt,0.06
1972-02-23,267690.45,fred_cmt,0.06
1972-02-24,267643.01,fred_cmt,0.06
1972-02-25,267877.76,fred_cmt,0.06
1972-02-28,268284.94,fred_cmt,0.06
1972-02-29,268269.97,fred_cmt,0.06
1972-03-01,268321.19,fred_cmt,0.06
1972-03-02,268466.13,fred_cmt,0.06
1972-03-03,268741.32,fred_cmt,0.06
1972-03-06,268914.25,fred_cmt,0.06
1972-03-07,268634.65,fred_cmt,0.06
1972-03-08,268626.92,fred_cmt,0.06
1972-03-09,268636.81,fred_cmt,0.06
1972-03-10,268496.81,fred_cmt,0.06
1972-03-13,267646.53,fred_cmt,0.06
1972-03-14,267889.07,fred_cmt,0.06
1972-03-15,266890.00,fred_cmt,0.06
1972-03-16,267575.60,fred_cmt,0.06
1972-03-17,267511.19,fred_cmt,0.06
1972-03-20,267264.79,fred_cmt,0.06
1972-03-21,267437.30,fred_cmt,0.06
1972-03-22,267358.55,fred_cmt,0.06
1972-03-23,266986.80,fred_cmt,0.06
1972-03-24,266530.43,fred_cmt,0.06
1972-03-27,267065.43,fred_cmt,0.06
1972-03-28,266783.77,fred_cmt,0.06
1972-03-29,266674.40,fred_cmt,0.06
1972-03-30,266624.10,fred_cmt,0.06
1972-04-03,266385.08,fred_cmt,0.06
1972-04-04,265356.23,fred_cmt,0.06
1972-04-05,265351.08,fred_cmt,0.06
1972-04-06,265252.08,fred_cmt,0.06
1972-04-07,265241.56,fred_cmt,0.06
1972-04-10,265359.85,fred_cmt,0.06
1972-04-11,265053.80,fred_cmt,0.06
1972-04-12,264307.46,fred_cmt,0.06
1972-04-13,263328.13,fred_cmt,0.06
1972-04-14,263235.78,fred_cmt,0.06
1972-04-17,263514.85,fred_cmt,0.06
1972-04-18,263492.76,fred_cmt,0.06
1972-04-19,264106.44,fred_cmt,0.06
1972-04-20,264323.97,fred_cmt,0.06
1972-04-21,264521.22,fred_cmt,0.06
1972-04-24,264290.70,fred_cmt,0.06
1972-04-25,264224.51,fred_cmt,0.06
1972-04-26,264653.94,fred_cmt,0.06
1972-04-27,266584.72,fred_cmt,0.06
1972-04-28,265912.88,fred_cmt,0.06
1972-05-01,265879.40,fred_cmt,0.06
1972-05-02,265459.75,fred_cmt,0.06
1972-05-03,265232.58,fred_cmt,0.06
1972-05-04,265161.49,fred_cmt,0.06
1972-05-05,265136.06,fred_cmt,0.06
1972-05-08,265222.37,fred_cmt,0.06
1972-05-09,264537.97,fred_cmt,0.06
1972-05-10,264838.91,fred_cmt,0.06
1972-05-11,264926.98,fred_cmt,0.06
1972-05-12,265566.85,fred_cmt,0.06
1972-05-15,265670.36,fred_cmt,0.06
1972-05-16,265760.84,fred_cmt,0.06
1972-05-17,266015.12,fred_cmt,0.06
1972-05-18,266543.82,fred_cmt,0.06
1972-05-19,267252.98,fred_cmt,0.06
1972-05-22,267953.63,fred_cmt,0.06
1972-05-23,268479.20,fred_cmt,0.06
1972-05-24,268281.55,fred_cmt,0.06
1972-05-25,268657.22,fred_cmt,0.06
1972-05-26,268660.81,fred_cmt,0.06
1972-05-30,268632.88,fred_cmt,0.06
1972-05-31,268718.58,fred_cmt,0.06
1972-06-01,268234.95,fred_cmt,0.06
1972-06-02,267839.19,fred_cmt,0.06
1972-06-05,267627.60,fred_cmt,0.06
1972-06-06,266935.75,fred_cmt,0.06
1972-06-07,267071.51,fred_cmt,0.06
1972-06-08,267075.33,fred_cmt,0.06
1972-06-09,267308.16,fred_cmt,0.06
1972-06-12,267551.29,fred_cmt,0.06
1972-06-13,267543.93,fred_cmt,0.06
1972-06-14,267618.93,fred_cmt,0.06
1972-06-15,267722.56,fred_cmt,0.06
1972-06-16,267733.43,fred_cmt,0.06
1972-06-19,268159.93,fred_cmt,0.06
1972-06-20,268235.12,fred_cmt,0.06
1972-06-21,268033.60,fred_cmt,0.06
1972-06-22,267643.38,fred_cmt,0.06
1972-06-23,267792.49,fred_cmt,0.06
1972-06-26,267363.09,fred_cmt,0.06
1972-06-27,267331.49,fred_cmt,0.06
1972-06-28,267245.06,fred_cmt,0.06
1972-06-29,266745.96,fred_cmt,0.06
1972-06-30,266481.99,fred_cmt,0.06
1972-07-03,266652.85,fred_cmt,0.06
1972-07-05,267001.24,fred_cmt,0.06
1972-07-06,267079.81,fred_cmt,0.06
1972-07-07,267037.85,fred_cmt,0.06
1972-07-10,267001.32,fred_cmt,0.06
1972-07-11,267120.13,fred_cmt,0.06
1972-07-12,267287.54,fred_cmt,0.06
1972-07-13,267570.13,fred_cmt,0.06
1972-07-14,267881.33,fred_cmt,0.06
1972-07-17,267634.48,fred_cmt,0.06
1972-07-18,267541.64,fred_cmt,0.06
1972-07-19,267956.91,fred_cmt,0.06
1972-07-20,267910.65,fred_cmt,0.06
1972-07-21,267717.86,fred_cmt,0.06
1972-07-24,267710.93,fred_cmt,0.06
1972-07-25,267933.08,fred_cmt,0.06
1972-07-26,268242.46,fred_cmt,0.06
1972-07-27,267083.91,fred_cmt,0.06
1972-07-28,267362.71,fred_cmt,0.06
1972-07-31,267369.42,fred_cmt,0.06
1972-08-01,267037.98,fred_cmt,0.06
1972-08-02,267095.57,fred_cmt,0.06
1972-08-03,266863.68,fred_cmt,0.06
1972-08-04,266646.53,fred_cmt,0.06
1972-08-07,266621.61,fred_cmt,0.06
1972-08-08,266953.89,fred_cmt,0.06
1972-08-09,267254.05,fred_cmt,0.06
1972-08-10,267218.71,fred_cmt,0.06
1972-08-11,267215.13,fred_cmt,0.06
1972-08-14,266736.89,fred_cmt,0.06
1972-08-15,266630.25,fred_cmt,0.06
1972-08-16,266494.69,fred_cmt,0.06
1972-08-17,266060.39,fred_cmt,0.06
1972-08-18,265826.29,fred_cmt,0.06
1972-08-21,265847.85,fred_cmt,0.06
1972-08-22,266187.09,fred_cmt,0.06
1972-08-23,265790.13,fred_cmt,0.06
1972-08-24,265550.22,fred_cmt,0.06
1972-08-25,264911.39,fred_cmt,0.06
1972-08-28,264021.64,fred_cmt,0.06
1972-08-29,263232.97,fred_cmt,0.06
1972-08-30,261535.84,fred_cmt,0.06
1972-08-31,261600.17,fred_cmt,0.06
1972-09-01,261452.74,fred_cmt,0.06
1972-09-05,260894.72,fred_cmt,0.06
1972-09-06,260204.20,fred_cmt,0.06
1972-09-07,259512.33,fred_cmt,0.07
1972-09-08,258495.21,fred_cmt,0.07
1972-09-11,258975.65,fred_cmt,0.07
1972-09-12,259020.31,fred_cmt,0.07
1972-09-13,258998.41,fred_cmt,0.07
1972-09-14,258367.61,fred_cmt,0.07
1972-09-15,258617.25,fred_cmt,0.07
1972-09-18,258887.11,fred_cmt,0.07
1972-09-19,258913.81,fred_cmt,0.07
1972-09-20,258565.43,fred_cmt,0.07
1972-09-21,257865.23,fred_cmt,0.07
1972-09-22,257233.09,fred_cmt,0.07
1972-09-25,257155.03,fred_cmt,0.07
1972-09-26,257550.35,fred_cmt,0.07
1972-09-27,257729.56,fred_cmt,0.07
1972-09-28,258441.25,fred_cmt,0.07
1972-09-29,259055.01,fred_cmt,0.07
1972-10-02,259007.39,fred_cmt,0.07
1972-10-03,258910.84,fred_cmt,0.07
1972-10-04,259181.01,fred_cmt,0.07
1972-10-05,259261.30,fred_cmt,0.07
1972-10-06,259547.44,fred_cmt,0.07
1972-10-10,260486.90,fred_cmt,0.06
1972-10-11,260761.33,fred_cmt,0.06
1972-10-12,260094.73,fred_cmt,0.07
1972-10-13,260042.15,fred_cmt,0.07
1972-10-16,260342.57,fred_cmt,0.06
1972-10-17,260405.92,fred_cmt,0.06
1972-10-18,260360.51,fred_cmt,0.06
1972-10-19,260657.17,fred_cmt,0.06
1972-10-20,260840.55,fred_cmt,0.06
1972-10-24,261394.30,fred_cmt,0.06
1972-10-25,261681.94,fred_cmt,0.06
1972-10-26,262114.78,fred_cmt,0.06
1972-10-27,262421.30,fred_cmt,0.06
1972-10-30,262127.51,fred_cmt,0.06
1972-10-31,262382.89,fred_cmt,0.06
1972-11-01,263012.13,fred_cmt,0.06
1972-11-02,264242.38,fred_cmt,0.06
1972-11-03,265205.54,fred_cmt,0.06
1972-11-06,265926.16,fred_cmt,0.06
1972-11-08,265430.00,fred_cmt,0.06
1972-11-09,265501.95,fred_cmt,0.06
1972-11-10,265530.45,fred_cmt,0.06
1972-11-13,266218.99,fred_cmt,0.06
1972-11-14,266556.58,fred_cmt,0.06
1972-11-15,267393.11,fred_cmt,0.06
1972-11-16,267104.15,fred_cmt,0.06
1972-11-17,267139.79,fred_cmt,0.06
1972-11-20,267327.73,fred_cmt,0.06
1972-11-21,266558.69,fred_cmt,0.06
1972-11-22,266320.52,fred_cmt,0.06
1972-11-24,266274.10,fred_cmt,0.06
1972-11-27,265480.95,fred_cmt,0.06
1972-11-28,265664.33,fred_cmt,0.06
1972-11-29,266138.44,fred_cmt,0.06
1972-11-30,265815.88,fred_cmt,0.06
1972-12-01,265489.30,fred_cmt,0.06
1972-12-04,265355.26,fred_cmt,0.06
1972-12-05,264998.30,fred_cmt,0.06
1972-12-06,265010.92,fred_cmt,0.06
1972-12-07,264935.65,fred_cmt,0.06
1972-12-08,264689.32,fred_cmt,0.06
1972-12-11,264195.49,fred_cmt,0.06
1972-12-12,263953.82,fred_cmt,0.06
1972-12-13,263882.05,fred_cmt,0.06
1972-12-14,263799.87,fred_cmt,0.06
1972-12-15,263795.58,fred_cmt,0.06
1972-12-18,262927.39,fred_cmt,0.06
1972-12-19,262283.89,fred_cmt,0.06
1972-12-20,262189.20,fred_cmt,0.06
1972-12-21,262279.74,fred_cmt,0.06
1972-12-22,262288.96,fred_cmt,0.06
1972-12-26,262517.14,fred_cmt,0.06
1972-12-27,262364.83,fred_cmt,0.06
1972-12-28,262105.45,fred_cmt,0.06
1972-12-29,262099.56,fred_cmt,0.06
1973-01-02,261599.50,fred_cmt,0.06
1973-01-03,261844.73,fred_cmt,0.06
1973-01-04,257556.64,fred_cmt,0.06
1973-01-05,256944.99,fred_cmt,0.06
1973-01-08,256533.02,fred_cmt,0.06
1973-01-09,256735.24,fred_cmt,0.06
1973-01-10,256485.71,fred_cmt,0.06
1973-01-11,256518.09,fred_cmt,0.06
1973-01-12,256330.91,fred_cmt,0.06
1973-01-15,256407.34,fred_cmt,0.06
1973-01-16,256392.63,fred_cmt,0.06
1973-01-17,256271.77,fred_cmt,0.06
1973-01-18,255986.61,fred_cmt,0.06
1973-01-19,255388.80,fred_cmt,0.06
1973-01-22,255126.57,fred_cmt,0.07
1973-01-23,255797.74,fred_cmt,0.06
1973-01-24,255491.64,fred_cmt,0.06
1973-01-25,255000.43,fred_cmt,0.07
1973-01-26,254740.23,fred_cmt,0.07
1973-01-29,254329.60,fred_cmt,0.07
1973-01-30,254995.04,fred_cmt,0.07
1973-01-31,254687.57,fred_cmt,0.07
1973-02-01,253482.54,fred_cmt,0.07
1973-02-02,252470.08,fred_cmt,0.07
1973-02-05,252426.96,fred_cmt,0.07
1973-02-06,252329.17,fred_cmt,0.07
1973-02-07,252313.70,fred_cmt,0.07
1973-02-08,251977.06,fred_cmt,0.07
1973-02-09,252697.27,fred_cmt,0.07
1973-02-13,253162.87,fred_cmt,0.07
1973-02-14,252982.51,fred_cmt,0.07
1973-02-15,253086.86,fred_cmt,0.07
1973-02-16,252788.68,fred_cmt,0.07
1973-02-20,252075.83,fred_cmt,0.07
1973-02-21,252035.89,fred_cmt,0.07
1973-02-22,252275.63,fred_cmt,0.07
1973-02-23,253145.99,fred_cmt,0.07
1973-02-26,252259.85,fred_cmt,0.07
1973-02-27,252446.30,fred_cmt,0.07
1973-02-28,252425.90,fred_cmt,0.07
1973-03-01,252317.44,fred_cmt,0.07
1973-03-02,251872.03,fred_cmt,0.07
1973-03-05,251692.59,fred_cmt,0.07
1973-03-06,251719.60,fred_cmt,0.07
1973-03-07,252109.17,fred_cmt,0.07
1973-03-08,251909.39,fred_cmt,0.07
1973-03-09,251680.69,fred_cmt,0.07
1973-03-12,251620.91,fred_cmt,0.07
1973-03-13,251260.73,fred_cmt,0.07
1973-03-14,251052.32,fred_cmt,0.07
1973-03-15,250736.74,fred_cmt,0.07
1973-03-16,249953.97,fred_cmt,0.07
1973-03-19,250440.57,fred_cmt,0.07
1973-03-20,250172.94,fred_cmt,0.07
1973-03-21,250223.93,fred_cmt,0.07
1973-03-22,250285.78,fred_cmt,0.07
1973-03-23,250367.77,fred_cmt,0.07
1973-03-26,251049.98,fred_cmt,0.07
1973-03-27,251322.20,fred_cmt,0.07
1973-03-28,252302.21,fred_cmt,0.07
1973-03-29,252270.12,fred_cmt,0.07
1973-03-30,251128.77,fred_cmt,0.07
1973-04-02,250861.45,fred_cmt,0.07
1973-04-03,251244.92,fred_cmt,0.07
1973-04-04,251836.57,fred_cmt,0.07
1973-04-05,252160.40,fred_cmt,0.07
1973-04-06,253183.70,fred_cmt,0.07
1973-04-09,253609.13,fred_cmt,0.07
1973-04-10,253070.56,fred_cmt,0.07
1973-04-11,252870.21,fred_cmt,0.07
1973-04-12,252655.92,fred_cmt,0.07
1973-04-13,253344.22,fred_cmt,0.07
1973-04-16,253537.45,fred_cmt,0.07
1973-04-17,253121.40,fred_cmt,0.07
1973-04-18,252935.30,fred_cmt,0.07
1973-04-19,252588.38,fred_cmt,0.07
1973-04-23,251257.84,fred_cmt,0.07
1973-04-24,252514.83,fred_cmt,0.07
1973-04-25,252416.43,fred_cmt,0.07
1973-04-26,251753.72,fred_cmt,0.07
1973-04-27,251506.90,fred_cmt,0.07
1973-04-30,251289.77,fred_cmt,0.07
1973-05-01,250853.11,fred_cmt,0.07
1973-05-02,250010.48,fred_cmt,0.07
1973-05-03,249725.07,fred_cmt,0.07
1973-05-04,249307.80,fred_cmt,0.07
1973-05-07,248914.38,fred_cmt,0.07
1973-05-08,249099.15,fred_cmt,0.07
1973-05-09,249062.90,fred_cmt,0.07
1973-05-10,248930.59,fred_cmt,0.07
1973-05-11,248707.18,fred_cmt,0.07
1973-05-14,248539.61,fred_cmt,0.07
1973-05-15,248043.57,fred_cmt,0.07
1973-05-16,248415.66,fred_cmt,0.07
1973-05-17,248224.61,fred_cmt,0.07
1973-05-18,247903.91,fred_cmt,0.07
1973-05-21,247201.61,fred_cmt,0.07
1973-05-22,247047.34,fred_cmt,0.07
1973-05-23,246569.55,fred_cmt,0.07
1973-05-24,246817.26,fred_cmt,0.07
1973-05-25,246810.78,fred_cmt,0.07
1973-05-29,246404.46,fred_cmt,0.07
1973-05-30,246431.93,fred_cmt,0.07
1973-05-31,246403.41,fred_cmt,0.07
1973-06-01,245755.30,fred_cmt,0.07
1973-06-04,245268.82,fred_cmt,0.07
1973-06-05,246089.65,fred_cmt,0.07
1973-06-06,247254.32,fred_cmt,0.07
1973-06-07,247372.90,fred_cmt,0.07
1973-06-08,247814.78,fred_cmt,0.07
1973-06-11,247685.27,fred_cmt,0.07
1973-06-12,247948.30,fred_cmt,0.07
1973-06-13,248197.32,fred_cmt,0.07
1973-06-14,248073.27,fred_cmt,0.07
1973-06-15,247923.12,fred_cmt,0.07
1973-06-18,247586.29,fred_cmt,0.07
1973-06-19,247592.49,fred_cmt,0.07
1973-06-20,247101.29,fred_cmt,0.07
1973-06-21,247110.00,fred_cmt,0.07
1973-06-22,246701.80,fred_cmt,0.07
1973-06-25,246281.63,fred_cmt,0.07
1973-06-26,246201.92,fred_cmt,0.07
1973-06-27,246449.42,fred_cmt,0.07
1973-06-28,246490.97,fred_cmt,0.07
1973-06-29,246081.56,fred_cmt,0.07
1973-07-02,244734.85,fred_cmt,0.07
1973-07-03,244714.59,fred_cmt,0.07
1973-07-05,244896.01,fred_cmt,0.07
1973-07-06,244383.24,fred_cmt,0.07
1973-07-09,243862.28,fred_cmt,0.07
1973-07-10,244016.31,fred_cmt,0.07
1973-07-11,243985.38,fred_cmt,0.07
1973-07-12,244113.62,fred_cmt,0.07
1973-07-13,243890.54,fred_cmt,0.07
1973-07-16,243691.34,fred_cmt,0.07
1973-07-17,243675.98,fred_cmt,0.07
1973-07-18,243260.20,fred_cmt,0.07
1973-07-19,242381.25,fred_cmt,0.07
1973-07-20,241200.40,fred_cmt,0.07
1973-07-23,241209.88,fred_cmt,0.07
1973-07-24,240795.00,fred_cmt,0.07
1973-07-25,240753.73,fred_cmt,0.07
1973-07-26,238426.18,fred_cmt,0.07
1973-07-27,236857.03,fred_cmt,0.07
1973-07-30,236328.08,fred_cmt,0.07
1973-07-31,234947.62,fred_cmt,0.07
1973-08-01,232196.87,fred_cmt,0.08
1973-08-02,232840.15,fred_cmt,0.08
1973-08-03,232541.87,fred_cmt,0.08
1973-08-06,232336.57,fred_cmt,0.08
1973-08-07,231619.97,fred_cmt,0.08
1973-08-08,232794.48,fred_cmt,0.08
1973-08-09,232423.83,fred_cmt,0.08
1973-08-10,232825.45,fred_cmt,0.08
1973-08-13,233845.27,fred_cmt,0.07
1973-08-14,233974.49,fred_cmt,0.07
1973-08-15,234385.67,fred_cmt,0.07
1973-08-16,236416.29,fred_cmt,0.07
1973-08-17,238063.82,fred_cmt,0.07
1973-08-20,236197.15,fred_cmt,0.07
1973-08-21,236444.05,fred_cmt,0.07
1973-08-22,235865.41,fred_cmt,0.07
1973-08-23,237663.19,fred_cmt,0.07
1973-08-24,239536.29,fred_cmt,0.07
1973-08-27,238774.29,fred_cmt,0.07
1973-08-28,238191.55,fred_cmt,0.07
1973-08-29,239334.13,fred_cmt,0.07
1973-08-30,239618.78,fred_cmt,0.07
1973-08-31,239659.10,fred_cmt,0.07
1973-09-04,240597.72,fred_cmt,0.07
1973-09-05,242715.59,fred_cmt,0.07
1973-09-06,242857.67,fred_cmt,0.07
1973-09-07,242612.85,fred_cmt,0.07
1973-09-10,241708.35,fred_cmt,0.07
1973-09-11,240758.55,fred_cmt,0.07
1973-09-12,240476.02,fred_cmt,0.07
1973-09-13,240174.11,fred_cmt,0.07
1973-09-14,240184.68,fred_cmt,0.07
1973-09-17,241095.19,fred_cmt,0.07
1973-09-18,242355.80,fred_cmt,0.07
1973-09-19,242133.35,fred_cmt,0.07
1973-09-20,242495.78,fred_cmt,0.07
1973-09-21,244240.15,fred_cmt,0.07
1973-09-24,244788.28,fred_cmt,0.07
1973-09-25,245823.45,fred_cmt,0.07
1973-09-26,245627.81,fred_cmt,0.07
1973-09-27,246331.06,fred_cmt,0.07
1973-09-28,247174.42,fred_cmt,0.07
1973-10-01,246816.39,fred_cmt,0.07
1973-10-02,246980.03,fred_cmt,0.07
1973-10-03,246637.39,fred_cmt,0.07
1973-10-04,247086.46,fred_cmt,0.07
1973-10-05,247645.78,fred_cmt,0.07
1973-10-09,249437.43,fred_cmt,0.07
1973-10-10,249482.10,fred_cmt,0.07
1973-10-11,249018.92,fred_cmt,0.07
1973-10-12,249586.83,fred_cmt,0.07
1973-10-15,248903.63,fred_cmt,0.07
1973-10-16,247881.69,fred_cmt,0.07
1973-10-17,247371.97,fred_cmt,0.07
1973-10-18,247462.04,fred_cmt,0.07
1973-10-19,247780.37,fred_cmt,0.07
1973-10-23,247583.64,fred_cmt,0.07
1973-10-24,248484.70,fred_cmt,0.07
1973-10-25,248461.58,fred_cmt,0.07
1973-10-26,248817.46,fred_cmt,0.07
1973-10-29,248705.68,fred_cmt,0.07
1973-10-30,248770.18,fred_cmt,0.07
1973-10-31,248649.21,fred_cmt,0.07
1973-11-01,248876.64,fred_cmt,0.07
1973-11-02,248633.97,fred_cmt,0.07
1973-11-05,248157.49,fred_cmt,0.07
1973-11-07,247899.78,fred_cmt,0.07
1973-11-08,247780.92,fred_cmt,0.07
1973-11-09,247960.56,fred_cmt,0.07
1973-11-12,247890.58,fred_cmt,0.07
1973-11-13,247675.16,fred_cmt,0.07
1973-11-14,247068.81,fred_cmt,0.07
1973-11-15,247686.96,fred_cmt,0.07
1973-11-16,248513.59,fred_cmt,0.07
1973-11-19,248867.72,fred_cmt,0.07
1973-11-20,248748.43,fred_cmt,0.07
1973-11-21,249115.20,fred_cmt,0.07
1973-11-23,249293.56,fred_cmt,0.07
1973-11-26,249556.89,fred_cmt,0.07
1973-11-27,249296.66,fred_cmt,0.07
1973-11-28,249343.90,fred_cmt,0.07
1973-11-29,249379.21,fred_cmt,0.07
1973-11-30,249669.55,fred_cmt,0.07
1973-12-03,249519.88,fred_cmt,0.07
1973-12-04,249514.26,fred_cmt,0.07
1973-12-05,248679.34,fred_cmt,0.07
1973-12-06,248181.25,fred_cmt,0.07
1973-12-07,248384.23,fred_cmt,0.07
1973-12-10,249192.56,fred_cmt,0.07
1973-12-11,249464.52,fred_cmt,0.07
1973-12-12,249562.27,fred_cmt,0.07
1973-12-13,249762.32,fred_cmt,0.07
1973-12-14,249747.87,fred_cmt,0.07
1973-12-17,249931.33,fred_cmt,0.07
1973-12-18,249816.84,fred_cmt,0.07
1973-12-19,249073.65,fred_cmt,0.07
1973-12-20,248665.35,fred_cmt,0.07
1973-12-21,247514.05,fred_cmt,0.07
1973-12-26,246491.48,fred_cmt,0.07
1973-12-27,245638.54,fred_cmt,0.07
1973-12-28,245188.18,fred_cmt,0.07
1973-12-31,245364.59,fred_cmt,0.07
1974-01-02,244637.40,fred_cmt,0.07
1974-01-03,244337.54,fred_cmt,0.07
1974-01-04,244625.45,fred_cmt,0.07
1974-01-07,244034.91,fred_cmt,0.07
1974-01-08,243867.54,fred_cmt,0.07
1974-01-09,243916.52,fred_cmt,0.07
1974-01-10,243045.47,fred_cmt,0.07
1974-01-11,242902.66,fred_cmt,0.07
1974-01-14,242787.40,fred_cmt,0.07
1974-01-15,242959.09,fred_cmt,0.07
1974-01-16,242942.69,fred_cmt,0.07
1974-01-17,243516.85,fred_cmt,0.07
1974-01-18,243361.15,fred_cmt,0.07
1974-01-21,243003.24,fred_cmt,0.07
1974-01-22,242902.65,fred_cmt,0.07
1974-01-23,242672.16,fred_cmt,0.07
1974-01-24,242470.02,fred_cmt,0.07
1974-01-25,242421.37,fred_cmt,0.07
1974-01-28,242526.42,fred_cmt,0.07
1974-01-29,242257.66,fred_cmt,0.07
1974-01-30,242373.15,fred_cmt,0.07
1974-01-31,242424.95,fred_cmt,0.07
1974-02-01,242458.18,fred_cmt,0.07
1974-02-04,242780.49,fred_cmt,0.07
1974-02-05,243426.19,fred_cmt,0.07
1974-02-06,243834.23,fred_cmt,0.07
1974-02-07,243809.78,fred_cmt,0.07
1974-02-08,243826.07,fred_cmt,0.07
1974-02-11,243749.71,fred_cmt,0.07
1974-02-13,243785.99,fred_cmt,0.07
1974-02-14,243754.95,fred_cmt,0.07
1974-02-15,243685.84,fred_cmt,0.07
1974-02-19,243656.97,fred_cmt,0.07
1974-02-20,242978.28,fred_cmt,0.07
1974-02-21,242484.14,fred_cmt,0.07
1974-02-22,242775.19,fred_cmt,0.07
1974-02-25,242960.85,fred_cmt,0.07
1974-02-26,242503.26,fred_cmt,0.07
1974-02-27,241947.61,fred_cmt,0.07
1974-02-28,241605.24,fred_cmt,0.07
1974-03-01,240085.10,fred_cmt,0.07
1974-03-04,239812.01,fred_cmt,0.07
1974-03-05,239758.14,fred_cmt,0.07
1974-03-06,240150.02,fred_cmt,0.07
1974-03-07,240782.56,fred_cmt,0.07
1974-03-08,240596.62,fred_cmt,0.07
1974-03-11,239971.09,fred_cmt,0.07
1974-03-12,239794.99,fred_cmt,0.07
1974-03-13,238930.39,fred_cmt,0.07
1974-03-14,238963.56,fred_cmt,0.07
1974-03-15,237795.68,fred_cmt,0.07
1974-03-18,236426.05,fred_cmt,0.07
1974-03-19,236426.94,fred_cmt,0.07
1974-03-20,235922.78,fred_cmt,0.07
1974-03-21,235448.80,fred_cmt,0.07
1974-03-22,234474.19,fred_cmt,0.07
1974-03-25,233533.53,fred_cmt,0.07
1974-03-26,233795.36,fred_cmt,0.07
1974-03-27,234377.72,fred_cmt,0.07
1974-03-28,233983.27,fred_cmt,0.07
1974-03-29,233349.70,fred_cmt,0.07
1974-04-01,233110.53,fred_cmt,0.07
1974-04-02,232829.00,fred_cmt,0.07
1974-04-03,232766.75,fred_cmt,0.07
1974-04-04,231072.23,fred_cmt,0.08
1974-04-05,230533.55,fred_cmt,0.08
1974-04-08,231310.64,fred_cmt,0.07
1974-04-09,231514.26,fred_cmt,0.07
1974-04-10,232265.99,fred_cmt,0.07
1974-04-11,232391.10,fred_cmt,0.07
1974-04-15,232995.57,fred_cmt,0.07
1974-04-16,232909.11,fred_cmt,0.07
1974-04-17,232707.65,fred_cmt,0.07
1974-04-18,231831.04,fred_cmt,0.07
1974-04-19,231516.82,fred_cmt,0.08
1974-04-22,231253.47,fred_cmt,0.08
1974-04-23,230445.28,fred_cmt,0.08
1974-04-24,229603.33,fred_cmt,0.08
1974-04-25,228552.87,fred_cmt,0.08
1974-04-26,228024.97,fred_cmt,0.08
1974-04-29,227657.83,fred_cmt,0.08
1974-04-30,227808.62,fred_cmt,0.08
1974-05-01,228609.68,fred_cmt,0.08
1974-05-02,229644.73,fred_cmt,0.08
1974-05-03,227979.68,fred_cmt,0.08
1974-05-06,228023.12,fred_cmt,0.08
1974-05-07,228240.99,fred_cmt,0.08
1974-05-08,228519.91,fred_cmt,0.08
1974-05-09,227724.58,fred_cmt,0.08
1974-05-10,229103.94,fred_cmt,0.08
1974-05-13,230447.50,fred_cmt,0.08
1974-05-14,229824.06,fred_cmt,0.08
1974-05-15,230000.95,fred_cmt,0.08
1974-05-16,230072.07,fred_cmt,0.08
1974-05-17,229419.70,fred_cmt,0.08
1974-05-20,229011.92,fred_cmt,0.08
1974-05-21,229011.53,fred_cmt,0.08
1974-05-22,229136.91,fred_cmt,0.08
1974-05-23,229947.20,fred_cmt,0.08
1974-05-24,230500.93,fred_cmt,0.07
1974-05-28,230228.05,fred_cmt,0.07
1974-05-29,229774.32,fred_cmt,0.08
1974-05-30,230009.39,fred_cmt,0.08
1974-05-31,229990.79,fred_cmt,0.08
1974-06-03,229897.40,fred_cmt,0.08
1974-06-04,229984.42,fred_cmt,0.08
1974-06-05,230121.15,fred_cmt,0.08
1974-06-06,230545.24,fred_cmt,0.07
1974-06-07,231441.47,fred_cmt,0.07
1974-06-10,231449.21,fred_cmt,0.07
1974-06-11,231303.75,fred_cmt,0.07
1974-06-12,230910.70,fred_cmt,0.07
1974-06-13,230983.01,fred_cmt,0.07
1974-06-14,230822.59,fred_cmt,0.07
1974-06-17,230754.59,fred_cmt,0.07
1974-06-18,230372.79,fred_cmt,0.08
1974-06-19,230315.39,fred_cmt,0.08
1974-06-20,229860.41,fred_cmt,0.08
1974-06-21,229797.05,fred_cmt,0.08
1974-06-24,229161.09,fred_cmt,0.08
1974-06-25,228490.62,fred_cmt,0.08
1974-06-26,228264.59,fred_cmt,0.08
1974-06-27,228042.54,fred_cmt,0.08
1974-06-28,227922.63,fred_cmt,0.08
1974-07-01,227867.11,fred_cmt,0.08
1974-07-02,227758.94,fred_cmt,0.08
1974-07-03,226850.06,fred_cmt,0.08
1974-07-05,226699.51,fred_cmt,0.08
1974-07-08,225599.13,fred_cmt,0.08
1974-07-09,224744.15,fred_cmt,0.08
1974-07-10,224426.55,fred_cmt,0.08
1974-07-11,223962.80,fred_cmt,0.08
1974-07-12,223657.33,fred_cmt,0.08
1974-07-15,223428.62,fred_cmt,0.08
1974-07-16,223019.79,fred_cmt,0.08
1974-07-17,222519.91,fred_cmt,0.08
1974-07-18,222805.87,fred_cmt,0.08
1974-07-19,223381.61,fred_cmt,0.08
1974-07-22,225179.35,fred_cmt,0.08
1974-07-23,224870.52,fred_cmt,0.08
1974-07-24,225329.60,fred_cmt,0.08
1974-07-25,225745.08,fred_cmt,0.08
1974-07-26,225215.02,fred_cmt,0.08
1974-07-29,223975.91,fred_cmt,0.08
1974-07-30,223243.47,fred_cmt,0.08
1974-07-31,223144.01,fred_cmt,0.08
1974-08-01,221913.25,fred_cmt,0.08
1974-08-02,221105.91,fred_cmt,0.08
1974-08-05,220335.36,fred_cmt,0.08
1974-08-06,220747.18,fred_cmt,0.08
1974-08-07,220825.45,fred_cmt,0.08
1974-08-08,220477.02,fred_cmt,0.08
1974-08-09,219664.79,fred_cmt,0.08
1974-08-12,218999.95,fred_cmt,0.08
1974-08-13,218828.75,fred_cmt,0.08
1974-08-14,218923.30,fred_cmt,0.08
1974-08-15,219594.33,fred_cmt,0.08
1974-08-16,219810.66,fred_cmt,0.08
1974-08-19,220327.80,fred_cmt,0.08
1974-08-20,220065.12,fred_cmt,0.08
1974-08-21,219067.27,fred_cmt,0.08
1974-08-22,218608.31,fred_cmt,0.08
1974-08-23,217454.47,fred_cmt,0.08
1974-08-26,217166.05,fred_cmt,0.08
1974-08-27,217284.09,fred_cmt,0.08
1974-08-28,217456.74,fred_cmt,0.08
1974-08-29,217436.46,fred_cmt,0.08
1974-08-30,218175.05,fred_cmt,0.08
1974-09-03,218186.24,fred_cmt,0.08
1974-09-04,217828.49,fred_cmt,0.08
1974-09-05,218173.81,fred_cmt,0.08
1974-09-06,218277.13,fred_cmt,0.08
1974-09-09,219472.26,fred_cmt,0.08
1974-09-10,218994.58,fred_cmt,0.08
1974-09-11,219042.37,fred_cmt,0.08
1974-09-12,217862.65,fred_cmt,0.08
1974-09-13,217707.64,fred_cmt,0.08
1974-09-16,217926.76,fred_cmt,0.08
1974-09-17,218062.39,fred_cmt,0.08
1974-09-18,218266.98,fred_cmt,0.08
1974-09-19,218891.77,fred_cmt,0.08
1974-09-20,219366.28,fred_cmt,0.08
1974-09-23,221645.70,fred_cmt,0.08
1974-09-24,221069.75,fred_cmt,0.08
1974-09-25,220995.59,fred_cmt,0.08
1974-09-26,220663.40,fred_cmt,0.08
1974-09-27,221202.19,fred_cmt,0.08
1974-09-30,221033.03,fred_cmt,0.08
1974-10-01,220481.92,fred_cmt,0.08
1974-10-02,220328.47,fred_cmt,0.08
1974-10-03,219152.74,fred_cmt,0.08
1974-10-04,219424.26,fred_cmt,0.08
1974-10-07,219696.48,fred_cmt,0.08
1974-10-08,220933.03,fred_cmt,0.08
1974-10-09,221009.88,fred_cmt,0.08
1974-10-10,221613.72,fred_cmt,0.08
1974-10-11,222865.28,fred_cmt,0.08
1974-10-15,223269.87,fred_cmt,0.08
1974-10-16,223061.47,fred_cmt,0.08
1974-10-17,222786.44,fred_cmt,0.08
1974-10-18,223143.45,fred_cmt,0.08
1974-10-21,224200.58,fred_cmt,0.08
1974-10-22,224260.22,fred_cmt,0.08
1974-10-23,223567.97,fred_cmt,0.08
1974-10-24,223204.50,fred_cmt,0.08
1974-10-25,223622.00,fred_cmt,0.08
1974-10-28,223326.54,fred_cmt,0.08
1974-10-29,224106.64,fred_cmt,0.08
1974-10-30,225158.28,fred_cmt,0.08
1974-10-31,225620.02,fred_cmt,0.08
1974-11-01,225387.76,fred_cmt,0.08
1974-11-04,225392.66,fred_cmt,0.08
1974-11-06,226107.53,fred_cmt,0.08
1974-11-07,226677.82,fred_cmt,0.08
1974-11-08,227024.17,fred_cmt,0.08
1974-11-12,226268.71,fred_cmt,0.08
1974-11-13,226738.76,fred_cmt,0.08
1974-11-14,227322.41,fred_cmt,0.08
1974-11-15,229209.69,fred_cmt,0.08
1974-11-18,228858.88,fred_cmt,0.08
1974-11-19,228968.85,fred_cmt,0.08
1974-11-20,229538.80,fred_cmt,0.08
1974-11-21,229329.36,fred_cmt,0.08
1974-11-22,229355.18,fred_cmt,0.08
1974-11-25,229260.56,fred_cmt,0.08
1974-11-26,228770.61,fred_cmt,0.08
1974-11-27,228657.91,fred_cmt,0.08
1974-11-29,228638.98,fred_cmt,0.08
1974-12-02,226960.41,fred_cmt,0.08
1974-12-03,226120.82,fred_cmt,0.08
1974-12-04,227438.57,fred_cmt,0.08
1974-12-05,228109.79,fred_cmt,0.08
1974-12-06,229049.05,fred_cmt,0.08
1974-12-09,232883.66,fred_cmt,0.07
1974-12-10,232686.18,fred_cmt,0.07
1974-12-11,233302.77,fred_cmt,0.07
1974-12-12,233155.42,fred_cmt,0.07
1974-12-13,233227.83,fred_cmt,0.07
1974-12-16,234035.24,fred_cmt,0.07
1974-12-17,235249.33,fred_cmt,0.07
1974-12-18,235876.56,fred_cmt,0.07
1974-12-19,235808.57,fred_cmt,0.07
1974-12-20,235465.49,fred_cmt,0.07
1974-12-23,232546.72,fred_cmt,0.07
1974-12-24,232417.11,fred_cmt,0.07
1974-12-26,233467.35,fred_cmt,0.07
1974-12-27,233335.98,fred_cmt,0.07
1974-12-30,233238.63,fred_cmt,0.07
1974-12-31,232993.05,fred_cmt,0.07
1975-01-02,232571.97,fred_cmt,0.07
1975-01-03,232436.44,fred_cmt,0.07
1975-01-06,233248.51,fred_cmt,0.07
1975-01-07,233307.72,fred_cmt,0.07
1975-01-08,233278.89,fred_cmt,0.07
1975-01-09,234333.54,fred_cmt,0.07
1975-01-10,234144.07,fred_cmt,0.07
1975-01-13,232171.66,fred_cmt,0.07
1975-01-14,231503.64,fred_cmt,0.07
1975-01-15,230494.88,fred_cmt,0.08
1975-01-16,230480.73,fred_cmt,0.08
1975-01-17,230722.44,fred_cmt,0.08
1975-01-20,229497.41,fred_cmt,0.08
1975-01-21,230272.98,fred_cmt,0.08
1975-01-22,230894.67,fred_cmt,0.08
1975-01-23,229342.54,fred_cmt,0.08
1975-01-24,228034.57,fred_cmt,0.08
1975-01-27,228583.48,fred_cmt,0.08
1975-01-28,228578.57,fred_cmt,0.08
1975-01-29,228874.55,fred_cmt,0.08
1975-01-30,230125.67,fred_cmt,0.08
1975-01-31,230423.42,fred_cmt,0.08
1975-02-03,231081.35,fred_cmt,0.07
1975-02-04,231444.16,fred_cmt,0.07
1975-02-05,233545.04,fred_cmt,0.07
1975-02-06,232471.26,fred_cmt,0.07
1975-02-07,233446.98,fred_cmt,0.07
1975-02-10,232069.65,fred_cmt,0.07
1975-02-11,232643.96,fred_cmt,0.07
1975-02-13,231695.76,fred_cmt,0.07
1975-02-14,233918.97,fred_cmt,0.07
1975-02-18,235375.08,fred_cmt,0.07
1975-02-19,235501.76,fred_cmt,0.07
1975-02-20,234863.37,fred_cmt,0.07
1975-02-21,236595.64,fred_cmt,0.07
1975-02-24,233718.26,fred_cmt,0.07
1975-02-25,232336.48,fred_cmt,0.07
1975-02-26,230728.33,fred_cmt,0.07
1975-02-27,231433.24,fred_cmt,0.07
1975-02-28,231585.95,fred_cmt,0.07
1975-03-03,230782.18,fred_cmt,0.07
1975-03-04,230075.33,fred_cmt,0.08
1975-03-05,231037.11,fred_cmt,0.07
1975-03-06,230953.99,fred_cmt,0.07
1975-03-07,230330.44,fred_cmt,0.08
1975-03-10,229498.02,fred_cmt,0.08
1975-03-11,228703.01,fred_cmt,0.08
1975-03-12,228632.42,fred_cmt,0.08
1975-03-13,229045.63,fred_cmt,0.08
1975-03-14,228577.71,fred_cmt,0.08
1975-03-17,226019.72,fred_cmt,0.08
1975-03-18,225932.94,fred_cmt,0.08
1975-03-19,223847.27,fred_cmt,0.08
1975-03-20,220167.84,fred_cmt,0.08
1975-03-21,222540.58,fred_cmt,0.08
1975-03-24,218541.93,fred_cmt,0.08
1975-03-25,219025.24,fred_cmt,0.08
1975-03-26,219967.97,fred_cmt,0.08
1975-03-27,218542.10,fred_cmt,0.08
1975-03-31,219786.80,fred_cmt,0.08
1975-04-01,218632.82,fred_cmt,0.08
1975-04-02,216340.63,fred_cmt,0.08
1975-04-03,217806.22,fred_cmt,0.08
1975-04-04,217383.18,fred_cmt,0.08
1975-04-07,215482.36,fred_cmt,0.08
1975-04-08,216453.84,fred_cmt,0.08
1975-04-09,217382.36,fred_cmt,0.08
1975-04-10,217010.53,fred_cmt,0.08
1975-04-11,216481.46,fred_cmt,0.08
1975-04-14,217664.39,fred_cmt,0.08
1975-04-15,217680.21,fred_cmt,0.08
1975-04-16,217884.15,fred_cmt,0.08
1975-04-17,216704.51,fred_cmt,0.08
1975-04-18,215618.70,fred_cmt,0.08
1975-04-21,214751.21,fred_cmt,0.08
1975-04-22,214747.72,fred_cmt,0.08
1975-04-23,215580.74,fred_cmt,0.08
1975-04-24,215981.86,fred_cmt,0.08
1975-04-25,215888.09,fred_cmt,0.08
1975-04-28,213900.82,fred_cmt,0.08
1975-04-29,213968.35,fred_cmt,0.08
1975-04-30,214511.69,fred_cmt,0.08
1975-05-01,214632.24,fred_cmt,0.08
1975-05-02,218522.98,fred_cmt,0.08
1975-05-05,219074.51,fred_cmt,0.08
1975-05-06,218548.25,fred_cmt,0.08
1975-05-07,219293.04,fred_cmt,0.08
1975-05-08,219027.34,fred_cmt,0.08
1975-05-09,219065.14,fred_cmt,0.08
1975-05-12,219064.76,fred_cmt,0.08
1975-05-13,219219.63,fred_cmt,0.08
1975-05-14,220083.03,fred_cmt,0.08
1975-05-15,220086.95,fred_cmt,0.08
1975-05-16,220260.28,fred_cmt,0.08
1975-05-19,220450.61,fred_cmt,0.08
1975-05-20,220799.82,fred_cmt,0.08
1975-05-21,220799.52,fred_cmt,0.08
1975-05-22,219863.61,fred_cmt,0.08
1975-05-23,220252.06,fred_cmt,0.08
1975-05-27,220745.17,fred_cmt,0.08
1975-05-28,219465.33,fred_cmt,0.08
1975-05-29,216968.29,fred_cmt,0.08
1975-05-30,219476.01,fred_cmt,0.08
1975-06-02,219724.22,fred_cmt,0.08
1975-06-03,220259.45,fred_cmt,0.08
1975-06-04,220561.90,fred_cmt,0.08
1975-06-05,220909.69,fred_cmt,0.08
1975-06-06,222945.49,fred_cmt,0.08
1975-06-09,225123.05,fred_cmt,0.08
1975-06-10,225323.87,fred_cmt,0.08
1975-06-11,227866.12,fred_cmt,0.08
1975-06-12,226633.70,fred_cmt,0.08
1975-06-13,226508.16,fred_cmt,0.08
1975-06-16,227249.98,fred_cmt,0.08
1975-06-17,226162.74,fred_cmt,0.08
1975-06-18,223980.21,fred_cmt,0.08
1975-06-19,225002.65,fred_cmt,0.08
1975-06-20,222482.39,fred_cmt,0.08
1975-06-23,223139.44,fred_cmt,0.08
1975-06-24,223181.18,fred_cmt,0.08
1975-06-25,221003.71,fred_cmt,0.08
1975-06-26,221705.27,fred_cmt,0.08
1975-06-27,222122.79,fred_cmt,0.08
1975-06-30,222001.42,fred_cmt,0.08
1975-07-01,221700.13,fred_cmt,0.08
1975-07-02,220140.83,fred_cmt,0.08
1975-07-03,220251.66,fred_cmt,0.08
1975-07-07,219988.37,fred_cmt,0.08
1975-07-08,220701.28,fred_cmt,0.08
1975-07-09,220593.80,fred_cmt,0.08
1975-07-10,220674.51,fred_cmt,0.08
1975-07-11,221410.46,fred_cmt,0.08
1975-07-14,221410.23,fred_cmt,0.08
1975-07-15,221742.69,fred_cmt,0.08
1975-07-16,220840.13,fred_cmt,0.08
1975-07-17,220628.03,fred_cmt,0.08
1975-07-18,220240.46,fred_cmt,0.08
1975-07-21,219943.11,fred_cmt,0.08
1975-07-22,219561.75,fred_cmt,0.08
1975-07-23,219704.04,fred_cmt,0.08
1975-07-24,219792.02,fred_cmt,0.08
1975-07-25,219280.59,fred_cmt,0.08
1975-07-28,219253.36,fred_cmt,0.08
1975-07-29,219078.16,fred_cmt,0.08
1975-07-30,218366.14,fred_cmt,0.08
1975-07-31,217317.73,fred_cmt,0.08
1975-08-01,216044.73,fred_cmt,0.08
1975-08-04,213799.06,fred_cmt,0.08
1975-08-05,213761.44,fred_cmt,0.08
1975-08-06,213088.66,fred_cmt,0.08
1975-08-07,211758.53,fred_cmt,0.08
1975-08-08,213297.06,fred_cmt,0.08
1975-08-11,213729.29,fred_cmt,0.08
1975-08-12,213320.74,fred_cmt,0.08
1975-08-13,213491.77,fred_cmt,0.08
1975-08-14,212378.47,fred_cmt,0.08
1975-08-15,211851.84,fred_cmt,0.08
1975-08-18,212191.33,fred_cmt,0.08
1975-08-19,212887.58,fred_cmt,0.08
1975-08-20,213031.80,fred_cmt,0.08
1975-08-21,212018.38,fred_cmt,0.08
1975-08-22,212251.85,fred_cmt,0.08
1975-08-25,212156.32,fred_cmt,0.08
1975-08-26,213180.84,fred_cmt,0.08
1975-08-27,213788.65,fred_cmt,0.08
1975-08-28,215444.42,fred_cmt,0.08
1975-08-29,216568.72,fred_cmt,0.08
1975-09-02,215812.69,fred_cmt,0.08
1975-09-03,215264.24,fred_cmt,0.08
1975-09-04,215214.93,fred_cmt,0.08
1975-09-05,213977.70,fred_cmt,0.08
1975-09-08,213662.21,fred_cmt,0.08
1975-09-09,212932.81,fred_cmt,0.08
1975-09-10,211874.90,fred_cmt,0.08
1975-09-11,210322.02,fred_cmt,0.09
1975-09-12,209916.84,fred_cmt,0.09
1975-09-15,209818.56,fred_cmt,0.09
1975-09-16,209547.57,fred_cmt,0.09
1975-09-17,210882.50,fred_cmt,0.09
1975-09-18,211450.06,fred_cmt,0.09
1975-09-19,212958.54,fred_cmt,0.08
1975-09-22,213659.05,fred_cmt,0.08
1975-09-23,214127.32,fred_cmt,0.08
1975-09-24,214976.05,fred_cmt,0.08
1975-09-25,213598.67,fred_cmt,0.08
1975-09-26,212399.94,fred_cmt,0.08
1975-09-29,212074.15,fred_cmt,0.08
1975-09-30,211644.51,fred_cmt,0.08
1975-10-01,211735.96,fred_cmt,0.08
1975-10-02,212230.18,fred_cmt,0.08
1975-10-03,214146.97,fred_cmt,0.08
1975-10-06,214826.64,fred_cmt,0.08
1975-10-07,214438.93,fred_cmt,0.08
1975-10-08,215112.57,fred_cmt,0.08
1975-10-09,216433.08,fred_cmt,0.08
1975-10-10,217857.04,fred_cmt,0.08
1975-10-14,217172.30,fred_cmt,0.08
1975-10-15,217148.66,fred_cmt,0.08
1975-10-16,219350.55,fred_cmt,0.08
1975-10-17,219300.09,fred_cmt,0.08
1975-10-20,219142.62,fred_cmt,0.08
1975-10-21,219649.03,fred_cmt,0.08
1975-10-22,219700.65,fred_cmt,0.08
1975-10-23,220816.15,fred_cmt,0.08
1975-10-24,220440.20,fred_cmt,0.08
1975-10-27,220280.42,fred_cmt,0.08
1975-10-28,220470.33,fred_cmt,0.08
1975-10-29,220463.01,fred_cmt,0.08
1975-10-30,221562.06,fred_cmt,0.08
1975-10-31,222059.02,fred_cmt,0.08
1975-11-03,220831.91,fred_cmt,0.08
1975-11-05,221822.43,fred_cmt,0.08
1975-11-06,221289.86,fred_cmt,0.08
1975-11-07,221694.63,fred_cmt,0.08
1975-11-10,221892.28,fred_cmt,0.08
1975-11-12,220956.51,fred_cmt,0.08
1975-11-13,220601.87,fred_cmt,0.08
1975-11-14,218950.17,fred_cmt,0.08
1975-11-17,218578.04,fred_cmt,0.08
1975-11-18,217391.59,fred_cmt,0.08
1975-11-19,217263.22,fred_cmt,0.08
1975-11-20,217603.06,fred_cmt,0.08
1975-11-21,216118.32,fred_cmt,0.08
1975-11-24,216817.48,fred_cmt,0.08
1975-11-25,216995.34,fred_cmt,0.08
1975-11-26,217192.04,fred_cmt,0.08
1975-11-28,217362.57,fred_cmt,0.08
1975-12-01,217596.54,fred_cmt,0.08
1975-12-02,217984.79,fred_cmt,0.08
1975-12-03,217981.50,fred_cmt,0.08
1975-12-04,217400.45,fred_cmt,0.08
1975-12-05,217645.77,fred_cmt,0.08
1975-12-08,216506.09,fred_cmt,0.08
1975-12-09,215701.85,fred_cmt,0.08
1975-12-10,215650.53,fred_cmt,0.08
1975-12-11,216990.59,fred_cmt,0.08
1975-12-12,217859.90,fred_cmt,0.08
1975-12-15,219077.04,fred_cmt,0.08
1975-12-16,220483.16,fred_cmt,0.08
1975-12-17,221226.88,fred_cmt,0.08
1975-12-18,221285.77,fred_cmt,0.08
1975-12-19,222697.47,fred_cmt,0.08
1975-12-22,222955.63,fred_cmt,0.08
1975-12-23,222983.41,fred_cmt,0.08
1975-12-24,223953.70,fred_cmt,0.08
1975-12-26,225336.45,fred_cmt,0.08
1975-12-29,225357.03,fred_cmt,0.08
1975-12-30,225653.56,fred_cmt,0.08
1975-12-31,224966.89,fred_cmt,0.08
1976-01-02,224779.88,fred_cmt,0.08
1976-01-05,225514.70,fred_cmt,0.08
1976-01-06,227338.24,fred_cmt,0.08
1976-01-07,226422.00,fred_cmt,0.08
1976-01-08,225329.45,fred_cmt,0.08
1976-01-09,227333.33,fred_cmt,0.08
1976-01-12,227506.94,fred_cmt,0.08
1976-01-13,227377.18,fred_cmt,0.08
1976-01-14,225800.20,fred_cmt,0.08
1976-01-15,225526.86,fred_cmt,0.08
1976-01-16,224294.52,fred_cmt,0.08
1976-01-19,224827.11,fred_cmt,0.08
1976-01-20,225287.84,fred_cmt,0.08
1976-01-21,224277.95,fred_cmt,0.08
1976-01-22,223905.01,fred_cmt,0.08
1976-01-23,224285.52,fred_cmt,0.08
1976-01-26,224033.94,fred_cmt,0.08
1976-01-27,223914.71,fred_cmt,0.08
1976-01-28,223202.06,fred_cmt,0.08
1976-01-29,223397.55,fred_cmt,0.08
1976-01-30,223872.05,fred_cmt,0.08
1976-02-02,223869.22,fred_cmt,0.08
1976-02-03,223415.98,fred_cmt,0.08
1976-02-04,222865.27,fred_cmt,0.08
1976-02-05,223237.19,fred_cmt,0.08
1976-02-06,222274.99,fred_cmt,0.08
1976-02-09,222476.87,fred_cmt,0.08
1976-02-10,222073.13,fred_cmt,0.08
1976-02-11,222742.15,fred_cmt,0.08
1976-02-13,223488.01,fred_cmt,0.08
1976-02-17,224484.13,fred_cmt,0.08
1976-02-18,224225.11,fred_cmt,0.08
1976-02-19,223987.17,fred_cmt,0.08
1976-02-20,224554.46,fred_cmt,0.08
1976-02-23,225868.57,fred_cmt,0.08
1976-02-24,226615.38,fred_cmt,0.08
1976-02-25,226801.43,fred_cmt,0.08
1976-02-26,226838.31,fred_cmt,0.08
1976-02-27,224964.07,fred_cmt,0.08
1976-03-01,223136.11,fred_cmt,0.08
1976-03-02,224055.96,fred_cmt,0.08
1976-03-03,224030.44,fred_cmt,0.08
1976-03-04,223541.57,fred_cmt,0.08
1976-03-05,224571.56,fred_cmt,0.08
1976-03-08,225365.64,fred_cmt,0.08
1976-03-09,224869.96,fred_cmt,0.08
1976-03-10,225348.63,fred_cmt,0.08
1976-03-11,225173.48,fred_cmt,0.08
1976-03-12,226488.73,fred_cmt,0.08
1976-03-15,225924.57,fred_cmt,0.08
1976-03-16,225473.06,fred_cmt,0.08
1976-03-17,225341.36,fred_cmt,0.08
1976-03-18,225946.88,fred_cmt,0.08
1976-03-19,225822.13,fred_cmt,0.08
1976-03-22,226895.13,fred_cmt,0.08
1976-03-23,227232.82,fred_cmt,0.08
1976-03-24,227717.44,fred_cmt,0.08
1976-03-25,227964.94,fred_cmt,0.08
1976-03-26,227933.22,fred_cmt,0.08
1976-03-29,227885.34,fred_cmt,0.08
1976-03-30,227818.34,fred_cmt,0.08
1976-03-31,227472.18,fred_cmt,0.08
1976-04-01,227074.61,fred_cmt,0.08
1976-04-02,227308.69,fred_cmt,0.08
1976-04-05,228227.36,fred_cmt,0.08
1976-04-06,228991.38,fred_cmt,0.08
1976-04-07,229612.07,fred_cmt,0.08
1976-04-08,229708.33,fred_cmt,0.08
1976-04-09,230217.96,fred_cmt,0.08
1976-04-12,230175.24,fred_cmt,0.08
1976-04-13,230460.31,fred_cmt,0.07
1976-04-14,231318.53,fred_cmt,0.07
1976-04-15,231080.91,fred_cmt,0.07
1976-04-19,230280.87,fred_cmt,0.08
1976-04-20,230549.65,fred_cmt,0.07
1976-04-21,231020.22,fred_cmt,0.07
1976-04-22,230038.18,fred_cmt,0.08
1976-04-23,228813.92,fred_cmt,0.08
1976-04-26,228209.95,fred_cmt,0.08
1976-04-27,227978.82,fred_cmt,0.08
1976-04-28,228263.19,fred_cmt,0.08
1976-04-29,228039.04,fred_cmt,0.08
1976-04-30,226836.19,fred_cmt,0.08
1976-05-03,226253.07,fred_cmt,0.08
1976-05-04,226999.04,fred_cmt,0.08
1976-05-05,226543.35,fred_cmt,0.08
1976-05-06,224816.02,fred_cmt,0.08
1976-05-07,222611.68,fred_cmt,0.08
1976-05-10,221661.90,fred_cmt,0.08
1976-05-11,221953.77,fred_cmt,0.08
1976-05-12,221401.57,fred_cmt,0.08
1976-05-13,221831.85,fred_cmt,0.08
1976-05-14,221830.53,fred_cmt,0.08
1976-05-17,221418.16,fred_cmt,0.08
1976-05-18,221697.50,fred_cmt,0.08
1976-05-19,221669.38,fred_cmt,0.08
1976-05-20,221544.28,fred_cmt,0.08
1976-05-21,220564.43,fred_cmt,0.08
1976-05-24,220956.61,fred_cmt,0.08
1976-05-25,221840.22,fred_cmt,0.08
1976-05-26,221703.68,fred_cmt,0.08
1976-05-27,220959.57,fred_cmt,0.08
1976-05-28,221352.01,fred_cmt,0.08
1976-06-01,222254.39,fred_cmt,0.08
1976-06-02,222253.78,fred_cmt,0.08
1976-06-03,222698.85,fred_cmt,0.08
1976-06-04,223250.51,fred_cmt,0.08
1976-06-07,223325.60,fred_cmt,0.08
1976-06-08,222906.24,fred_cmt,0.08
1976-06-09,222951.73,fred_cmt,0.08
1976-06-10,223884.83,fred_cmt,0.08
1976-06-11,223872.25,fred_cmt,0.08
1976-06-14,224154.56,fred_cmt,0.08
1976-06-15,224017.48,fred_cmt,0.08
1976-06-16,223499.76,fred_cmt,0.08
1976-06-17,223964.08,fred_cmt,0.08
1976-06-18,224659.10,fred_cmt,0.08
1976-06-21,225070.23,fred_cmt,0.08
1976-06-22,224868.59,fred_cmt,0.08
1976-06-23,224864.53,fred_cmt,0.08
1976-06-24,224806.24,fred_cmt,0.08
1976-06-25,224474.18,fred_cmt,0.08
1976-06-28,223804.33,fred_cmt,0.08
1976-06-29,223592.70,fred_cmt,0.08
1976-06-30,223805.98,fred_cmt,0.08
1976-07-01,223511.34,fred_cmt,0.08
1976-07-02,224225.76,fred_cmt,0.08
1976-07-06,224495.09,fred_cmt,0.08
1976-07-07,224205.70,fred_cmt,0.08
1976-07-08,224463.21,fred_cmt,0.08
1976-07-09,225202.61,fred_cmt,0.08
1976-07-12,225526.24,fred_cmt,0.08
1976-07-13,225304.77,fred_cmt,0.08
1976-07-14,224934.81,fred_cmt,0.08
1976-07-15,225273.23,fred_cmt,0.08
1976-07-16,224110.22,fred_cmt,0.08
1976-07-19,223474.40,fred_cmt,0.08
1976-07-20,223208.39,fred_cmt,0.08
1976-07-21,223609.68,fred_cmt,0.08
1976-07-22,223540.15,fred_cmt,0.08
1976-07-23,223989.09,fred_cmt,0.08
1976-07-26,223205.23,fred_cmt,0.08
1976-07-27,223604.61,fred_cmt,0.08
1976-07-28,223660.07,fred_cmt,0.08
1976-07-29,223418.87,fred_cmt,0.08
1976-07-30,223317.86,fred_cmt,0.08
1976-08-02,223686.63,fred_cmt,0.08
1976-08-03,224281.59,fred_cmt,0.08
1976-08-04,224330.48,fred_cmt,0.08
1976-08-05,224181.51,fred_cmt,0.08
1976-08-06,224085.81,fred_cmt,0.08
1976-08-09,224086.58,fred_cmt,0.08
1976-08-10,223974.82,fred_cmt,0.08
1976-08-11,224500.80,fred_cmt,0.08
1976-08-12,224634.18,fred_cmt,0.08
1976-08-13,225255.21,fred_cmt,0.08
1976-08-16,226031.60,fred_cmt,0.08
1976-08-17,225848.20,fred_cmt,0.08
1976-08-18,225655.94,fred_cmt,0.08
1976-08-19,225698.00,fred_cmt,0.08
1976-08-20,225761.63,fred_cmt,0.08
1976-08-23,226299.93,fred_cmt,0.08
1976-08-24,226500.07,fred_cmt,0.08
1976-08-25,227018.10,fred_cmt,0.08
1976-08-26,227335.59,fred_cmt,0.08
1976-08-27,226574.14,fred_cmt,0.08
1976-08-30,226772.58,fred_cmt,0.08
1976-08-31,227834.63,fred_cmt,0.08
1976-09-01,228208.24,fred_cmt,0.08
1976-09-02,227630.19,fred_cmt,0.08
1976-09-03,228007.93,fred_cmt,0.08
1976-09-07,228157.91,fred_cmt,0.08
1976-09-08,228134.27,fred_cmt,0.08
1976-09-09,227743.70,fred_cmt,0.08
1976-09-10,228152.29,fred_cmt,0.08
1976-09-13,228013.19,fred_cmt,0.08
1976-09-14,228025.94,fred_cmt,0.08
1976-09-15,228498.95,fred_cmt,0.08
1976-09-16,228982.44,fred_cmt,0.08
1976-09-17,231084.48,fred_cmt,0.07
1976-09-20,230529.68,fred_cmt,0.08
1976-09-21,230769.37,fred_cmt,0.08
1976-09-22,230470.71,fred_cmt,0.08
1976-09-23,230217.19,fred_cmt,0.08
1976-09-24,229138.23,fred_cmt,0.08
1976-09-27,228977.95,fred_cmt,0.08
1976-09-28,229520.53,fred_cmt,0.08
1976-09-29,229610.83,fred_cmt,0.08
1976-09-30,229893.26,fred_cmt,0.08
1976-10-01,230958.62,fred_cmt,0.07
1976-10-04,231564.78,fred_cmt,0.07
1976-10-05,231358.24,fred_cmt,0.07
1976-10-06,231975.23,fred_cmt,0.07
1976-10-07,232178.42,fred_cmt,0.07
1976-10-08,233160.56,fred_cmt,0.07
1976-10-12,233571.35,fred_cmt,0.07
1976-10-13,233519.44,fred_cmt,0.07
1976-10-14,233689.08,fred_cmt,0.07
1976-10-15,234251.80,fred_cmt,0.07
1976-10-18,234185.14,fred_cmt,0.07
1976-10-19,233423.30,fred_cmt,0.07
1976-10-20,232804.42,fred_cmt,0.07
1976-10-21,232675.51,fred_cmt,0.07
1976-10-22,230829.38,fred_cmt,0.07
1976-10-25,229817.13,fred_cmt,0.08
1976-10-26,230783.05,fred_cmt,0.07
1976-10-27,231526.23,fred_cmt,0.07
1976-10-28,232296.01,fred_cmt,0.07
1976-10-29,232048.46,fred_cmt,0.07
1976-11-01,232942.09,fred_cmt,0.07
1976-11-03,231747.38,fred_cmt,0.07
1976-11-04,232999.30,fred_cmt,0.07
1976-11-05,232828.39,fred_cmt,0.07
1976-11-08,231717.30,fred_cmt,0.07
1976-11-09,231654.78,fred_cmt,0.07
1976-11-10,231870.12,fred_cmt,0.07
1976-11-12,232380.50,fred_cmt,0.07
1976-11-15,232658.98,fred_cmt,0.07
1976-11-16,234317.57,fred_cmt,0.07
1976-11-17,234524.97,fred_cmt,0.07
1976-11-18,234346.73,fred_cmt,0.07
1976-11-19,236304.10,fred_cmt,0.07
1976-11-22,238041.36,fred_cmt,0.07
1976-11-23,238192.14,fred_cmt,0.07
1976-11-24,238614.88,fred_cmt,0.07
1976-11-26,242130.66,fred_cmt,0.07
1976-11-29,241620.14,fred_cmt,0.07
1976-11-30,241763.89,fred_cmt,0.07
1976-12-01,242733.72,fred_cmt,0.07
1976-12-02,243813.63,fred_cmt,0.07
1976-12-03,245414.58,fred_cmt,0.07
1976-12-06,245163.16,fred_cmt,0.07
1976-12-07,245030.36,fred_cmt,0.07
1976-12-08,244447.27,fred_cmt,0.07
1976-12-09,244057.06,fred_cmt,0.07
1976-12-10,246137.43,fred_cmt,0.07
1976-12-13,244312.93,fred_cmt,0.07
1976-12-14,244558.33,fred_cmt,0.07
1976-12-15,244698.17,fred_cmt,0.07
1976-12-16,244676.92,fred_cmt,0.07
1976-12-17,244787.89,fred_cmt,0.07
1976-12-20,245643.57,fred_cmt,0.07
1976-12-21,245312.20,fred_cmt,0.07
1976-12-22,245198.66,fred_cmt,0.07
1976-12-23,245690.39,fred_cmt,0.07
1976-12-27,245648.97,fred_cmt,0.07
1976-12-28,245405.53,fred_cmt,0.07
1976-12-29,245680.33,fred_cmt,0.07
1976-12-30,246906.72,fred_cmt,0.07
1976-12-31,246713.84,fred_cmt,0.07
1977-01-03,245794.45,fred_cmt,0.07
1977-01-04,244556.76,fred_cmt,0.07
1977-01-05,244894.48,fred_cmt,0.07
1977-01-06,243731.02,fred_cmt,0.07
1977-01-07,240631.33,fred_cmt,0.07
1977-01-10,237194.89,fred_cmt,0.07
1977-01-11,235676.14,fred_cmt,0.07
1977-01-12,236196.68,fred_cmt,0.07
1977-01-13,238056.41,fred_cmt,0.07
1977-01-14,236122.57,fred_cmt,0.07
1977-01-17,235960.25,fred_cmt,0.07
1977-01-18,234719.36,fred_cmt,0.07
1977-01-19,235968.81,fred_cmt,0.07
1977-01-20,236316.15,fred_cmt,0.07
1977-01-21,236094.65,fred_cmt,0.07
1977-01-24,234889.09,fred_cmt,0.07
1977-01-25,235304.48,fred_cmt,0.07
1977-01-26,235072.15,fred_cmt,0.07
1977-01-27,232732.49,fred_cmt,0.07
1977-01-28,233437.08,fred_cmt,0.07
1977-01-31,233415.04,fred_cmt,0.07
1977-02-01,233185.73,fred_cmt,0.07
1977-02-02,231842.79,fred_cmt,0.07
1977-02-03,232147.06,fred_cmt,0.07
1977-02-04,235837.30,fred_cmt,0.07
1977-02-07,234478.65,fred_cmt,0.07
1977-02-08,234144.50,fred_cmt,0.07
1977-02-09,234296.57,fred_cmt,0.07
1977-02-10,234232.61,fred_cmt,0.07
1977-02-11,233728.35,fred_cmt,0.07
1977-02-14,233288.21,fred_cmt,0.07
1977-02-15,233730.80,fred_cmt,0.07
1977-02-16,234441.14,fred_cmt,0.07
1977-02-17,235832.84,fred_cmt,0.07
1977-02-18,232816.94,fred_cmt,0.07
1977-02-22,232733.87,fred_cmt,0.07
1977-02-23,231297.36,fred_cmt,0.07
1977-02-24,230878.60,fred_cmt,0.07
1977-02-25,231238.79,fred_cmt,0.07
1977-02-28,231768.27,fred_cmt,0.07
1977-03-01,230883.14,fred_cmt,0.07
1977-03-02,231731.39,fred_cmt,0.07
1977-03-03,232154.22,fred_cmt,0.07
1977-03-04,231080.75,fred_cmt,0.07
1977-03-07,230795.59,fred_cmt,0.07
1977-03-08,230363.69,fred_cmt,0.08
1977-03-09,230793.39,fred_cmt,0.07
1977-03-10,230964.38,fred_cmt,0.07
1977-03-11,231881.77,fred_cmt,0.07
1977-03-14,231751.95,fred_cmt,0.07
1977-03-15,232129.13,fred_cmt,0.07
1977-03-16,232084.44,fred_cmt,0.07
1977-03-17,231600.90,fred_cmt,0.07
1977-03-18,232211.00,fred_cmt,0.07
1977-03-21,232393.93,fred_cmt,0.07
1977-03-22,232337.14,fred_cmt,0.07
1977-03-23,231967.88,fred_cmt,0.07
1977-03-24,231623.29,fred_cmt,0.07
1977-03-25,231254.88,fred_cmt,0.07
1977-03-28,231404.84,fred_cmt,0.07
1977-03-29,231325.10,fred_cmt,0.07
1977-03-30,231832.27,fred_cmt,0.07
1977-03-31,232200.48,fred_cmt,0.07
1977-04-01,232029.84,fred_cmt,0.07
1977-04-04,231830.38,fred_cmt,0.07
1977-04-05,231387.98,fred_cmt,0.07
1977-04-06,231691.74,fred_cmt,0.07
1977-04-07,232047.31,fred_cmt,0.07
1977-04-11,232861.67,fred_cmt,0.07
1977-04-12,232823.46,fred_cmt,0.07
1977-04-13,233504.13,fred_cmt,0.07
1977-04-14,236420.54,fred_cmt,0.07
1977-04-15,235926.65,fred_cmt,0.07
1977-04-18,235945.14,fred_cmt,0.07
1977-04-19,234968.96,fred_cmt,0.07
1977-04-20,234585.98,fred_cmt,0.07
1977-04-21,234332.78,fred_cmt,0.07
1977-04-22,233717.52,fred_cmt,0.07
1977-04-25,232916.11,fred_cmt,0.07
1977-04-26,233210.89,fred_cmt,0.07
1977-04-27,233345.41,fred_cmt,0.07
1977-04-28,232834.00,fred_cmt,0.07
1977-04-29,231666.47,fred_cmt,0.07
1977-05-02,231632.80,fred_cmt,0.07
1977-05-03,231817.82,fred_cmt,0.07
1977-05-04,231635.66,fred_cmt,0.07
1977-05-05,231255.50,fred_cmt,0.07
1977-05-06,230422.00,fred_cmt,0.07
1977-05-09,230545.13,fred_cmt,0.07
1977-05-10,230165.57,fred_cmt,0.08
1977-05-11,230163.80,fred_cmt,0.08
1977-05-12,230646.41,fred_cmt,0.07
1977-05-13,231264.91,fred_cmt,0.07
1977-05-16,231666.64,fred_cmt,0.07
1977-05-17,231864.33,fred_cmt,0.07
1977-05-18,232241.77,fred_cmt,0.07
1977-05-19,231106.14,fred_cmt,0.07
1977-05-20,231224.36,fred_cmt,0.07
1977-05-23,231860.89,fred_cmt,0.07
1977-05-24,232827.04,fred_cmt,0.07
1977-05-25,233193.10,fred_cmt,0.07
1977-05-26,232591.81,fred_cmt,0.07
1977-05-27,233343.29,fred_cmt,0.07
1977-05-31,233413.93,fred_cmt,0.07
1977-06-01,233350.53,fred_cmt,0.07
1977-06-02,233197.67,fred_cmt,0.07
1977-06-03,233832.75,fred_cmt,0.07
1977-06-06,233655.38,fred_cmt,0.07
1977-06-07,233751.09,fred_cmt,0.07
1977-06-08,233642.04,fred_cmt,0.07
1977-06-09,233877.48,fred_cmt,0.07
1977-06-10,234913.55,fred_cmt,0.07
1977-06-13,235692.79,fred_cmt,0.07
1977-06-14,236706.65,fred_cmt,0.07
1977-06-15,236439.84,fred_cmt,0.07
1977-06-16,236135.82,fred_cmt,0.07
1977-06-17,236086.16,fred_cmt,0.07
1977-06-20,235506.75,fred_cmt,0.07
1977-06-21,235780.34,fred_cmt,0.07
1977-06-22,236051.70,fred_cmt,0.07
1977-06-23,235836.15,fred_cmt,0.07
1977-06-24,237099.55,fred_cmt,0.07
1977-06-27,237059.92,fred_cmt,0.07
1977-06-28,237927.39,fred_cmt,0.07
1977-06-29,237645.95,fred_cmt,0.07
1977-06-30,237170.19,fred_cmt,0.07
1977-07-01,234747.70,fred_cmt,0.07
1977-07-05,234582.43,fred_cmt,0.07
1977-07-06,234284.25,fred_cmt,0.07
1977-07-07,235634.89,fred_cmt,0.07
1977-07-08,235100.22,fred_cmt,0.07
1977-07-11,234678.36,fred_cmt,0.07
1977-07-12,235031.65,fred_cmt,0.07
1977-07-13,235836.85,fred_cmt,0.07
1977-07-15,235249.02,fred_cmt,0.07
1977-07-18,234655.63,fred_cmt,0.07
1977-07-19,234789.75,fred_cmt,0.07
1977-07-20,235003.47,fred_cmt,0.07
1977-07-21,235040.84,fred_cmt,0.07
1977-07-22,235260.71,fred_cmt,0.07
1977-07-25,235928.79,fred_cmt,0.07
1977-07-26,236019.84,fred_cmt,0.07
1977-07-27,234349.95,fred_cmt,0.07
1977-07-28,233306.47,fred_cmt,0.07
1977-07-29,232895.05,fred_cmt,0.07
1977-08-01,232833.70,fred_cmt,0.07
1977-08-02,232684.68,fred_cmt,0.07
1977-08-03,233214.45,fred_cmt,0.07
1977-08-04,232910.51,fred_cmt,0.07
1977-08-05,233086.76,fred_cmt,0.07
1977-08-08,233369.86,fred_cmt,0.07
1977-08-09,232537.26,fred_cmt,0.07
1977-08-10,232243.68,fred_cmt,0.07
1977-08-11,232096.90,fred_cmt,0.07
1977-08-12,231962.63,fred_cmt,0.07
1977-08-15,231902.66,fred_cmt,0.07
1977-08-16,231977.47,fred_cmt,0.07
1977-08-17,232940.98,fred_cmt,0.07
1977-08-18,233404.32,fred_cmt,0.07
1977-08-19,233764.89,fred_cmt,0.07
1977-08-22,234013.21,fred_cmt,0.07
1977-08-23,234712.60,fred_cmt,0.07
1977-08-24,234988.56,fred_cmt,0.07
1977-08-25,235731.05,fred_cmt,0.07
1977-08-26,236767.63,fred_cmt,0.07
1977-08-29,237281.09,fred_cmt,0.07
1977-08-30,236875.27,fred_cmt,0.07
1977-08-31,236629.40,fred_cmt,0.07
1977-09-01,236190.69,fred_cmt,0.07
1977-09-02,237312.67,fred_cmt,0.07
1977-09-06,237444.50,fred_cmt,0.07
1977-09-07,237050.80,fred_cmt,0.07
1977-09-08,236628.73,fred_cmt,0.07
1977-09-09,234895.91,fred_cmt,0.07
1977-09-12,234578.97,fred_cmt,0.07
1977-09-13,234741.82,fred_cmt,0.07
1977-09-14,235418.63,fred_cmt,0.07
1977-09-15,235577.49,fred_cmt,0.07
1977-09-16,235763.36,fred_cmt,0.07
1977-09-19,235836.30,fred_cmt,0.07
1977-09-20,234973.94,fred_cmt,0.07
1977-09-21,234971.38,fred_cmt,0.07
1977-09-22,234349.84,fred_cmt,0.07
1977-09-23,234285.13,fred_cmt,0.07
1977-09-26,233772.33,fred_cmt,0.07
1977-09-27,234570.06,fred_cmt,0.07
1977-09-28,234596.78,fred_cmt,0.07
1977-09-29,234362.25,fred_cmt,0.07
1977-09-30,234038.75,fred_cmt,0.07
1977-10-03,233909.09,fred_cmt,0.07
1977-10-04,234061.73,fred_cmt,0.07
1977-10-05,234132.64,fred_cmt,0.07
1977-10-06,233368.49,fred_cmt,0.07
1977-10-07,232521.03,fred_cmt,0.07
1977-10-11,231296.54,fred_cmt,0.08
1977-10-12,231208.90,fred_cmt,0.08
1977-10-13,231152.13,fred_cmt,0.08
1977-10-14,231410.06,fred_cmt,0.08
1977-10-17,231200.48,fred_cmt,0.08
1977-10-18,231111.21,fred_cmt,0.08
1977-10-19,231319.78,fred_cmt,0.08
1977-10-20,231429.65,fred_cmt,0.08
1977-10-21,231189.52,fred_cmt,0.08
1977-10-24,230869.95,fred_cmt,0.08
1977-10-25,230499.65,fred_cmt,0.08
1977-10-26,230714.46,fred_cmt,0.08
1977-10-27,230833.41,fred_cmt,0.08
1977-10-28,230846.07,fred_cmt,0.08
1977-10-31,229796.10,fred_cmt,0.08
1977-11-01,229325.13,fred_cmt,0.08
1977-11-02,228251.92,fred_cmt,0.08
1977-11-03,228336.28,fred_cmt,0.08
1977-11-04,228994.15,fred_cmt,0.08
1977-11-07,229404.91,fred_cmt,0.08
1977-11-09,229876.73,fred_cmt,0.08
1977-11-10,230233.97,fred_cmt,0.08
1977-11-14,231111.17,fred_cmt,0.08
1977-11-15,230915.12,fred_cmt,0.08
1977-11-16,231054.88,fred_cmt,0.08
1977-11-17,231182.91,fred_cmt,0.08
1977-11-18,231182.59,fred_cmt,0.08
1977-11-21,230918.02,fred_cmt,0.08
1977-11-22,231293.32,fred_cmt,0.08
1977-11-23,231688.00,fred_cmt,0.08
1977-11-25,231658.09,fred_cmt,0.08
1977-11-28,231526.20,fred_cmt,0.08
1977-11-29,231119.08,fred_cmt,0.08
1977-11-30,231002.47,fred_cmt,0.08
1977-12-01,230486.77,fred_cmt,0.08
1977-12-02,230163.07,fred_cmt,0.08
1977-12-05,229856.83,fred_cmt,0.08
1977-12-06,229291.09,fred_cmt,0.08
1977-12-07,229124.51,fred_cmt,0.08
1977-12-08,229015.31,fred_cmt,0.08
1977-12-09,229212.15,fred_cmt,0.08
1977-12-12,228989.46,fred_cmt,0.08
1977-12-13,228773.24,fred_cmt,0.08
1977-12-14,228523.72,fred_cmt,0.08
1977-12-15,228237.63,fred_cmt,0.08
1977-12-16,228239.77,fred_cmt,0.08
1977-12-19,227722.53,fred_cmt,0.08
1977-12-20,226700.50,fred_cmt,0.08
1977-12-21,227044.66,fred_cmt,0.08
1977-12-22,226587.31,fred_cmt,0.08
1977-12-23,226490.94,fred_cmt,0.08
1977-12-27,226012.42,fred_cmt,0.08
1977-12-28,225714.95,fred_cmt,0.08
1977-12-29,224745.12,fred_cmt,0.08
1977-12-30,225751.18,fred_cmt,0.08
1978-01-03,224745.05,fred_cmt,0.08
1978-01-04,224922.85,fred_cmt,0.08
1978-01-05,224795.28,fred_cmt,0.08
1978-01-06,224336.13,fred_cmt,0.08
1978-01-09,221176.01,fred_cmt,0.08
1978-01-10,220916.33,fred_cmt,0.08
1978-01-11,220776.87,fred_cmt,0.08
1978-01-12,220835.37,fred_cmt,0.08
1978-01-13,221716.40,fred_cmt,0.08
1978-01-16,221561.64,fred_cmt,0.08
1978-01-17,221601.87,fred_cmt,0.08
1978-01-18,221635.35,fred_cmt,0.08
1978-01-19,221861.41,fred_cmt,0.08
1978-01-20,221859.40,fred_cmt,0.08
1978-01-23,221865.00,fred_cmt,0.08
1978-01-24,221439.10,fred_cmt,0.08
1978-01-25,221151.69,fred_cmt,0.08
1978-01-26,221484.06,fred_cmt,0.08
1978-01-27,221635.38,fred_cmt,0.08
1978-01-30,221888.56,fred_cmt,0.08
1978-01-31,222252.35,fred_cmt,0.08
1978-02-01,221802.82,fred_cmt,0.08
1978-02-02,221774.29,fred_cmt,0.08
1978-02-03,221647.84,fred_cmt,0.08
1978-02-06,221138.91,fred_cmt,0.08
1978-02-07,221215.91,fred_cmt,0.08
1978-02-08,221036.54,fred_cmt,0.08
1978-02-09,220860.65,fred_cmt,0.08
1978-02-10,220646.92,fred_cmt,0.08
1978-02-14,220097.84,fred_cmt,0.08
1978-02-15,219501.87,fred_cmt,0.08
1978-02-16,219079.64,fred_cmt,0.08
1978-02-17,219361.93,fred_cmt,0.08
1978-02-21,219159.73,fred_cmt,0.08
1978-02-22,219143.11,fred_cmt,0.08
1978-02-23,219604.70,fred_cmt,0.08
1978-02-24,220353.11,fred_cmt,0.08
1978-02-27,220779.59,fred_cmt,0.08
1978-02-28,220383.11,fred_cmt,0.08
1978-03-01,220177.84,fred_cmt,0.08
1978-03-02,220331.50,fred_cmt,0.08
1978-03-03,220329.49,fred_cmt,0.08
1978-03-06,220110.57,fred_cmt,0.08
1978-03-07,220544.52,fred_cmt,0.08
1978-03-08,220491.42,fred_cmt,0.08
1978-03-09,220696.53,fred_cmt,0.08
1978-03-10,221145.78,fred_cmt,0.08
1978-03-13,221373.97,fred_cmt,0.08
1978-03-14,221365.60,fred_cmt,0.08
1978-03-15,221211.27,fred_cmt,0.08
1978-03-16,221219.64,fred_cmt,0.08
1978-03-17,221244.95,fred_cmt,0.08
1978-03-20,221805.85,fred_cmt,0.08
1978-03-21,221832.00,fred_cmt,0.08
1978-03-22,221617.25,fred_cmt,0.08
1978-03-23,220936.51,fred_cmt,0.08
1978-03-27,218873.49,fred_cmt,0.08
1978-03-28,218888.45,fred_cmt,0.08
1978-03-29,219021.63,fred_cmt,0.08
1978-03-30,218895.47,fred_cmt,0.08
1978-03-31,218178.33,fred_cmt,0.08
1978-04-03,218523.46,fred_cmt,0.08
1978-04-04,218738.32,fred_cmt,0.08
1978-04-05,218377.40,fred_cmt,0.08
1978-04-06,217959.36,fred_cmt,0.08
1978-04-07,218292.54,fred_cmt,0.08
1978-04-10,218068.32,fred_cmt,0.08
1978-04-11,217817.38,fred_cmt,0.08
1978-04-12,217847.05,fred_cmt,0.08
1978-04-13,217944.96,fred_cmt,0.08
1978-04-14,218543.13,fred_cmt,0.08
1978-04-17,219386.91,fred_cmt,0.08
1978-04-18,219395.05,fred_cmt,0.08
1978-04-19,218616.55,fred_cmt,0.08
1978-04-20,218312.04,fred_cmt,0.08
1978-04-21,217961.03,fred_cmt,0.08
1978-04-24,217551.94,fred_cmt,0.08
1978-04-25,217579.00,fred_cmt,0.08
1978-04-26,216859.53,fred_cmt,0.08
1978-04-27,216514.62,fred_cmt,0.08
1978-04-28,216574.03,fred_cmt,0.08
1978-05-01,216570.03,fred_cmt,0.08
1978-05-02,216369.10,fred_cmt,0.08
1978-05-03,215812.22,fred_cmt,0.08
1978-05-04,216020.33,fred_cmt,0.08
1978-05-05,214603.07,fred_cmt,0.08
1978-05-08,214407.94,fred_cmt,0.08
1978-05-09,214634.08,fred_cmt,0.08
1978-05-10,214694.47,fred_cmt,0.08
1978-05-11,214722.57,fred_cmt,0.08
1978-05-12,214266.90,fred_cmt,0.08
1978-05-15,214472.59,fred_cmt,0.08
1978-05-16,214680.20,fred_cmt,0.08
1978-05-17,214898.21,fred_cmt,0.08
1978-05-18,214070.46,fred_cmt,0.08
1978-05-19,213982.46,fred_cmt,0.08
1978-05-22,214014.07,fred_cmt,0.08
1978-05-23,214207.72,fred_cmt,0.08
1978-05-24,213800.12,fred_cmt,0.08
1978-05-25,213567.70,fred_cmt,0.08
1978-05-26,213077.41,fred_cmt,0.08
1978-05-31,213145.02,fred_cmt,0.08
1978-06-01,213299.52,fred_cmt,0.08
1978-06-02,213731.41,fred_cmt,0.08
1978-06-05,213940.82,fred_cmt,0.08
1978-06-06,214100.07,fred_cmt,0.08
1978-06-07,214160.30,fred_cmt,0.08
1978-06-08,213941.05,fred_cmt,0.08
1978-06-09,213382.69,fred_cmt,0.08
1978-06-12,213552.10,fred_cmt,0.08
1978-06-13,213430.75,fred_cmt,0.08
1978-06-14,213498.39,fred_cmt,0.08
1978-06-15,213458.25,fred_cmt,0.08
1978-06-16,213134.90,fred_cmt,0.08
1978-06-19,212860.80,fred_cmt,0.08
1978-06-20,212381.90,fred_cmt,0.08
1978-06-21,211814.23,fred_cmt,0.09
1978-06-22,211839.38,fred_cmt,0.09
1978-06-23,211002.54,fred_cmt,0.09
1978-06-26,210156.51,fred_cmt,0.09
1978-06-27,210416.57,fred_cmt,0.09
1978-06-28,210681.87,fred_cmt,0.09
1978-06-29,210634.82,fred_cmt,0.09
1978-06-30,209640.48,fred_cmt,0.09
1978-07-03,210159.18,fred_cmt,0.09
1978-07-05,209554.27,fred_cmt,0.09
1978-07-06,209550.25,fred_cmt,0.09
1978-07-07,208769.33,fred_cmt,0.09
1978-07-10,208412.42,fred_cmt,0.09
1978-07-11,208457.71,fred_cmt,0.09
1978-07-12,208599.47,fred_cmt,0.09
1978-07-13,208376.62,fred_cmt,0.09
1978-07-14,208511.57,fred_cmt,0.09
1978-07-17,209048.79,fred_cmt,0.09
1978-07-18,209393.04,fred_cmt,0.09
1978-07-19,209535.29,fred_cmt,0.09
1978-07-20,208772.26,fred_cmt,0.09
1978-07-21,208687.26,fred_cmt,0.09
1978-07-24,208596.56,fred_cmt,0.09
1978-07-25,208585.08,fred_cmt,0.09
1978-07-26,208819.33,fred_cmt,0.09
1978-07-27,210405.89,fred_cmt,0.09
1978-07-28,211129.27,fred_cmt,0.09
1978-07-31,210964.89,fred_cmt,0.09
1978-08-01,211342.93,fred_cmt,0.09
1978-08-02,213332.31,fred_cmt,0.08
1978-08-03,214221.04,fred_cmt,0.08
1978-08-04,214293.62,fred_cmt,0.08
1978-08-07,214718.05,fred_cmt,0.08
1978-08-08,214824.10,fred_cmt,0.08
1978-08-09,215237.49,fred_cmt,0.08
1978-08-10,213093.96,fred_cmt,0.08
1978-08-11,213287.18,fred_cmt,0.08
1978-08-14,212834.19,fred_cmt,0.08
1978-08-15,212598.28,fred_cmt,0.08
1978-08-16,211045.94,fred_cmt,0.09
1978-08-17,212478.42,fred_cmt,0.08
1978-08-18,212839.44,fred_cmt,0.08
1978-08-21,213940.33,fred_cmt,0.08
1978-08-22,213913.78,fred_cmt,0.08
1978-08-23,215698.01,fred_cmt,0.08
1978-08-24,215024.98,fred_cmt,0.08
1978-08-25,215228.36,fred_cmt,0.08
1978-08-28,215085.14,fred_cmt,0.08
1978-08-29,214735.41,fred_cmt,0.08
1978-08-30,213825.34,fred_cmt,0.08
1978-08-31,214294.20,fred_cmt,0.08
1978-09-01,214435.98,fred_cmt,0.08
1978-09-05,215357.24,fred_cmt,0.08
1978-09-06,215282.47,fred_cmt,0.08
1978-09-07,215343.64,fred_cmt,0.08
1978-09-08,215352.92,fred_cmt,0.08
1978-09-11,216031.58,fred_cmt,0.08
1978-09-12,216453.89,fred_cmt,0.08
1978-09-13,216271.56,fred_cmt,0.08
1978-09-14,215841.49,fred_cmt,0.08
1978-09-15,215287.51,fred_cmt,0.08
1978-09-18,214857.66,fred_cmt,0.08
1978-09-19,214589.19,fred_cmt,0.08
1978-09-20,212949.25,fred_cmt,0.08
1978-09-21,212037.92,fred_cmt,0.09
1978-09-22,210983.00,fred_cmt,0.09
1978-09-25,210864.19,fred_cmt,0.09
1978-09-26,211402.43,fred_cmt,0.09
1978-09-27,211171.76,fred_cmt,0.09
1978-09-28,211177.15,fred_cmt,0.09
1978-09-29,210742.60,fred_cmt,0.09
1978-10-02,210292.70,fred_cmt,0.09
1978-10-03,210551.01,fred_cmt,0.09
1978-10-04,210205.89,fred_cmt,0.09
1978-10-05,210067.45,fred_cmt,0.09
1978-10-06,210476.46,fred_cmt,0.09
1978-10-10,210510.66,fred_cmt,0.09
1978-10-11,210852.56,fred_cmt,0.09
1978-10-12,211738.37,fred_cmt,0.09
1978-10-13,211579.19,fred_cmt,0.09
1978-10-16,210160.89,fred_cmt,0.09
1978-10-17,210013.76,fred_cmt,0.09
1978-10-18,209648.93,fred_cmt,0.09
1978-10-19,209369.54,fred_cmt,0.09
1978-10-20,208947.86,fred_cmt,0.09
1978-10-23,208855.64,fred_cmt,0.09
1978-10-24,209296.78,fred_cmt,0.09
1978-10-25,209090.79,fred_cmt,0.09
1978-10-26,207991.77,fred_cmt,0.09
1978-10-27,207077.90,fred_cmt,0.09
1978-10-30,205245.80,fred_cmt,0.09
1978-10-31,204360.90,fred_cmt,0.09
1978-11-01,209735.12,fred_cmt,0.09
1978-11-02,208672.77,fred_cmt,0.09
1978-11-03,206350.85,fred_cmt,0.09
1978-11-06,206317.87,fred_cmt,0.09
1978-11-08,206266.61,fred_cmt,0.09
1978-11-09,206073.50,fred_cmt,0.09
1978-11-10,206315.08,fred_cmt,0.09
1978-11-13,206793.34,fred_cmt,0.09
1978-11-14,207044.77,fred_cmt,0.09
1978-11-15,208109.21,fred_cmt,0.09
1978-11-16,208679.79,fred_cmt,0.09
1978-11-17,208570.42,fred_cmt,0.09
1978-11-20,208581.19,fred_cmt,0.09
1978-11-21,207813.14,fred_cmt,0.09
1978-11-22,207802.72,fred_cmt,0.09
1978-11-24,206430.27,fred_cmt,0.09
1978-11-27,206440.07,fred_cmt,0.09
1978-11-28,206457.63,fred_cmt,0.09
1978-11-29,206240.80,fred_cmt,0.09
1978-11-30,206215.76,fred_cmt,0.09
1978-12-01,207267.84,fred_cmt,0.09
1978-12-04,206991.03,fred_cmt,0.09
1978-12-05,206461.62,fred_cmt,0.09
1978-12-06,206544.75,fred_cmt,0.09
1978-12-07,205831.14,fred_cmt,0.09
1978-12-08,205630.83,fred_cmt,0.09
1978-12-11,205640.45,fred_cmt,0.09
1978-12-12,205158.05,fred_cmt,0.09
1978-12-13,203999.63,fred_cmt,0.09
1978-12-14,204315.24,fred_cmt,0.09
1978-12-15,203768.99,fred_cmt,0.09
1978-12-18,201587.98,fred_cmt,0.09
1978-12-19,201434.92,fred_cmt,0.09
1978-12-20,200939.80,fred_cmt,0.09
1978-12-21,201031.28,fred_cmt,0.09
1978-12-22,201914.14,fred_cmt,0.09
1978-12-26,201742.44,fred_cmt,0.09
1978-12-27,201937.43,fred_cmt,0.09
1978-12-28,201172.41,fred_cmt,0.09
1978-12-29,201375.20,fred_cmt,0.09
1979-01-02,200948.88,fred_cmt,0.09
1979-01-03,201170.89,fred_cmt,0.09
1979-01-04,201981.44,fred_cmt,0.09
1979-01-05,202115.17,fred_cmt,0.09
1979-01-08,201600.99,fred_cmt,0.09
1979-01-09,201134.12,fred_cmt,0.09
1979-01-10,201059.21,fred_cmt,0.09
1979-01-11,201195.00,fred_cmt,0.09
1979-01-12,201419.29,fred_cmt,0.09
1979-01-15,201239.31,fred_cmt,0.09
1979-01-16,201064.51,fred_cmt,0.09
1979-01-17,200709.43,fred_cmt,0.09
1979-01-18,200652.63,fred_cmt,0.09
1979-01-19,201136.18,fred_cmt,0.09
1979-01-22,201661.90,fred_cmt,0.09
1979-01-23,201975.12,fred_cmt,0.09
1979-01-24,202362.21,fred_cmt,0.09
1979-01-25,204145.13,fred_cmt,0.09
1979-01-26,204861.22,fred_cmt,0.09
1979-01-29,204264.38,fred_cmt,0.09
1979-01-30,204391.04,fred_cmt,0.09
1979-01-31,204411.26,fred_cmt,0.09
1979-02-01,204592.10,fred_cmt,0.09
1979-02-02,205295.65,fred_cmt,0.09
1979-02-05,204146.65,fred_cmt,0.09
1979-02-06,203284.28,fred_cmt,0.09
1979-02-07,201637.49,fred_cmt,0.09
1979-02-08,201617.09,fred_cmt,0.09
1979-02-09,201251.62,fred_cmt,0.09
1979-02-13,201332.61,fred_cmt,0.09
1979-02-14,201139.47,fred_cmt,0.09
1979-02-15,201141.19,fred_cmt,0.09
1979-02-16,201288.76,fred_cmt,0.09
1979-02-20,201082.60,fred_cmt,0.09
1979-02-21,200611.18,fred_cmt,0.09
1979-02-22,199737.85,fred_cmt,0.09
1979-02-23,199577.12,fred_cmt,0.09
1979-02-26,199798.26,fred_cmt,0.09
1979-02-27,199911.91,fred_cmt,0.09
1979-02-28,200219.18,fred_cmt,0.09
1979-03-01,200104.31,fred_cmt,0.09
1979-03-02,200371.07,fred_cmt,0.09
1979-03-05,201272.59,fred_cmt,0.09
1979-03-06,200875.72,fred_cmt,0.09
1979-03-07,201542.35,fred_cmt,0.09
1979-03-08,201474.73,fred_cmt,0.09
1979-03-09,201242.75,fred_cmt,0.09
1979-03-12,201323.62,fred_cmt,0.09
1979-03-13,201333.04,fred_cmt,0.09
1979-03-14,201107.91,fred_cmt,0.09
1979-03-15,200834.50,fred_cmt,0.09
1979-03-16,201063.93,fred_cmt,0.09
1979-03-19,201125.81,fred_cmt,0.09
1979-03-20,200913.91,fred_cmt,0.09
1979-03-21,200965.00,fred_cmt,0.09
1979-03-22,201107.46,fred_cmt,0.09
1979-03-23,201036.64,fred_cmt,0.09
1979-03-26,201091.93,fred_cmt,0.09
1979-03-27,201266.63,fred_cmt,0.09
1979-03-28,201911.29,fred_cmt,0.09
1979-03-29,202078.85,fred_cmt,0.09
1979-03-30,201205.51,fred_cmt,0.09
1979-04-02,201185.02,fred_cmt,0.09
1979-04-03,201475.20,fred_cmt,0.09
1979-04-04,201631.96,fred_cmt,0.09
1979-04-05,202044.84,fred_cmt,0.09
1979-04-06,201415.63,fred_cmt,0.09
1979-04-09,200797.06,fred_cmt,0.09
1979-04-10,200303.85,fred_cmt,0.09
1979-04-11,199745.00,fred_cmt,0.09
1979-04-12,199692.21,fred_cmt,0.09
1979-04-16,199801.65,fred_cmt,0.09
1979-04-17,200260.27,fred_cmt,0.09
1979-04-18,200467.85,fred_cmt,0.09
1979-04-19,200472.77,fred_cmt,0.09
1979-04-20,199774.58,fred_cmt,0.09
1979-04-23,199231.04,fred_cmt,0.09
1979-04-24,198777.73,fred_cmt,0.09
1979-04-25,198900.23,fred_cmt,0.09
1979-04-26,198211.93,fred_cmt,0.09
1979-04-27,197514.29,fred_cmt,0.09
1979-04-30,196921.41,fred_cmt,0.09
1979-05-01,196838.35,fred_cmt,0.09
1979-05-02,197029.64,fred_cmt,0.09
1979-05-03,196390.60,fred_cmt,0.09
1979-05-04,196042.28,fred_cmt,0.09
1979-05-07,196054.76,fred_cmt,0.09
1979-05-08,196248.07,fred_cmt,0.09
1979-05-09,196574.14,fred_cmt,0.09
1979-05-10,196487.28,fred_cmt,0.09
1979-05-11,196918.27,fred_cmt,0.09
1979-05-14,197661.80,fred_cmt,0.09
1979-05-15,197322.98,fred_cmt,0.09
1979-05-16,197510.79,fred_cmt,0.09
1979-05-17,198528.19,fred_cmt,0.09
1979-05-18,198769.64,fred_cmt,0.09
1979-05-21,198638.66,fred_cmt,0.09
1979-05-22,200071.19,fred_cmt,0.09
1979-05-23,201645.53,fred_cmt,0.09
1979-05-24,201838.80,fred_cmt,0.09
1979-05-25,202649.30,fred_cmt,0.09
1979-05-29,202696.17,fred_cmt,0.09
1979-05-31,201771.12,fred_cmt,0.09
1979-06-01,201934.87,fred_cmt,0.09
1979-06-04,201780.27,fred_cmt,0.09
1979-06-05,202357.42,fred_cmt,0.09
1979-06-06,203215.73,fred_cmt,0.09
1979-06-07,204974.01,fred_cmt,0.09
1979-06-08,204703.20,fred_cmt,0.09
1979-06-11,204001.64,fred_cmt,0.09
1979-06-12,206546.98,fred_cmt,0.09
1979-06-13,205878.49,fred_cmt,0.09
1979-06-14,205230.01,fred_cmt,0.09
1979-06-15,203733.41,fred_cmt,0.09
1979-06-18,203961.04,fred_cmt,0.09
1979-06-19,203948.54,fred_cmt,0.09
1979-06-20,204071.34,fred_cmt,0.09
1979-06-21,204274.39,fred_cmt,0.09
1979-06-22,203551.36,fred_cmt,0.09
1979-06-25,204280.59,fred_cmt,0.09
1979-06-26,206172.16,fred_cmt,0.09
1979-06-27,206549.13,fred_cmt,0.09
1979-06-28,206565.04,fred_cmt,0.09
1979-06-29,206350.23,fred_cmt,0.09
1979-07-02,207272.26,fred_cmt,0.09
1979-07-03,207071.02,fred_cmt,0.09
1979-07-05,206665.78,fred_cmt,0.09
1979-07-06,206368.99,fred_cmt,0.09
1979-07-09,205677.90,fred_cmt,0.09
1979-07-10,204420.47,fred_cmt,0.09
1979-07-11,203543.01,fred_cmt,0.09
1979-07-12,203786.55,fred_cmt,0.09
1979-07-13,203877.00,fred_cmt,0.09
1979-07-16,202937.12,fred_cmt,0.09
1979-07-17,202526.96,fred_cmt,0.09
1979-07-18,202265.87,fred_cmt,0.09
1979-07-19,202147.96,fred_cmt,0.09
1979-07-20,203205.59,fred_cmt,0.09
1979-07-23,202413.74,fred_cmt,0.09
1979-07-24,201908.21,fred_cmt,0.09
1979-07-25,203046.69,fred_cmt,0.09
1979-07-26,203298.39,fred_cmt,0.09
1979-07-27,202546.62,fred_cmt,0.09
1979-07-30,202234.15,fred_cmt,0.09
1979-07-31,202641.13,fred_cmt,0.09
1979-08-01,202936.31,fred_cmt,0.09
1979-08-02,204392.05,fred_cmt,0.09
1979-08-03,204127.31,fred_cmt,0.09
1979-08-06,204456.05,fred_cmt,0.09
1979-08-07,204503.99,fred_cmt,0.09
1979-08-08,204173.59,fred_cmt,0.09
1979-08-09,203415.84,fred_cmt,0.09
1979-08-10,202945.22,fred_cmt,0.09
1979-08-13,202928.49,fred_cmt,0.09
1979-08-14,203385.04,fred_cmt,0.09
1979-08-15,203108.12,fred_cmt,0.09
1979-08-16,203154.02,fred_cmt,0.09
1979-08-17,203056.01,fred_cmt,0.09
1979-08-20,202929.09,fred_cmt,0.09
1979-08-21,202622.73,fred_cmt,0.09
1979-08-22,202553.19,fred_cmt,0.09
1979-08-23,202372.56,fred_cmt,0.09
1979-08-24,200955.06,fred_cmt,0.09
1979-08-27,201261.62,fred_cmt,0.09
1979-08-28,200788.84,fred_cmt,0.09
1979-08-29,201024.07,fred_cmt,0.09
1979-08-30,199816.75,fred_cmt,0.09
1979-08-31,199308.40,fred_cmt,0.09
1979-09-04,198041.27,fred_cmt,0.09
1979-09-05,197940.72,fred_cmt,0.09
1979-09-06,197410.19,fred_cmt,0.09
1979-09-07,197625.82,fred_cmt,0.09
1979-09-10,197203.85,fred_cmt,0.09
1979-09-11,199109.22,fred_cmt,0.09
1979-09-12,198188.41,fred_cmt,0.09
1979-09-13,197712.64,fred_cmt,0.09
1979-09-14,198464.64,fred_cmt,0.09
1979-09-17,197154.32,fred_cmt,0.09
1979-09-18,197326.42,fred_cmt,0.09
1979-09-19,198026.91,fred_cmt,0.09
1979-09-20,198436.58,fred_cmt,0.09
1979-09-21,199022.74,fred_cmt,0.09
1979-09-24,197545.73,fred_cmt,0.09
1979-09-25,197785.25,fred_cmt,0.09
1979-09-26,197133.59,fred_cmt,0.09
1979-09-27,195652.58,fred_cmt,0.09
1979-09-28,195653.87,fred_cmt,0.09
1979-10-01,194508.56,fred_cmt,0.10
1979-10-02,194990.54,fred_cmt,0.09
1979-10-03,194488.47,fred_cmt,0.10
1979-10-04,193445.31,fred_cmt,0.10
1979-10-05,193066.98,fred_cmt,0.10
1979-10-09,187834.65,fred_cmt,0.10
1979-10-10,185390.09,fred_cmt,0.10
1979-10-11,183914.25,fred_cmt,0.10
1979-10-12,183850.94,fred_cmt,0.10
1979-10-15,181574.36,fred_cmt,0.10
1979-10-16,182292.73,fred_cmt,0.10
1979-10-17,183530.88,fred_cmt,0.10
1979-10-18,180594.65,fred_cmt,0.10
1979-10-19,176883.11,fred_cmt,0.11
1979-10-22,172846.18,fred_cmt,0.11
1979-10-23,172385.20,fred_cmt,0.11
1979-10-24,174926.55,fred_cmt,0.11
1979-10-25,172631.91,fred_cmt,0.11
1979-10-26,176281.39,fred_cmt,0.11
1979-10-29,174928.06,fred_cmt,0.11
1979-10-30,175278.59,fred_cmt,0.11
1979-10-31,175604.39,fred_cmt,0.11
1979-11-01,174222.95,fred_cmt,0.11
1979-11-02,173578.64,fred_cmt,0.11
1979-11-05,173453.26,fred_cmt,0.11
1979-11-07,171035.04,fred_cmt,0.11
1979-11-08,171750.71,fred_cmt,0.11
1979-11-09,175319.80,fred_cmt,0.11
1979-11-13,175891.55,fred_cmt,0.11
1979-11-14,174309.43,fred_cmt,0.11
1979-11-15,176118.94,fred_cmt,0.11
1979-11-16,174073.23,fred_cmt,0.11
1979-11-19,173804.45,fred_cmt,0.11
1979-11-20,174205.27,fred_cmt,0.11
1979-11-21,174864.59,fred_cmt,0.11
1979-11-23,178036.59,fred_cmt,0.11
1979-11-26,180081.55,fred_cmt,0.10
1979-11-27,182046.50,fred_cmt,0.10
1979-11-28,179994.19,fred_cmt,0.10
1979-11-29,180446.08,fred_cmt,0.10
1979-11-30,179953.24,fred_cmt,0.10
1979-12-03,179010.26,fred_cmt,0.10
1979-12-04,180857.43,fred_cmt,0.10
1979-12-05,181530.34,fred_cmt,0.10
1979-12-06,183590.16,fred_cmt,0.10
1979-12-07,181049.66,fred_cmt,0.10
1979-12-10,181513.07,fred_cmt,0.10
1979-12-11,178558.08,fred_cmt,0.10
1979-12-12,177121.82,fred_cmt,0.11
1979-12-13,177774.10,fred_cmt,0.11
1979-12-14,178834.13,fred_cmt,0.10
1979-12-17,178918.49,fred_cmt,0.10
1979-12-18,180052.94,fred_cmt,0.10
1979-12-19,180368.42,fred_cmt,0.10
1979-12-20,179511.76,fred_cmt,0.10
1979-12-21,179361.58,fred_cmt,0.10
1979-12-24,178474.11,fred_cmt,0.10
1979-12-26,178019.49,fred_cmt,0.10
1979-12-27,178363.76,fred_cmt,0.10
1979-12-28,179088.36,fred_cmt,0.10
1979-12-31,180307.15,fred_cmt,0.10
1980-01-02,177948.35,fred_cmt,0.10
1980-01-03,176030.75,fred_cmt,0.11
1980-01-04,175110.59,fred_cmt,0.11
1980-01-07,175342.73,fred_cmt,0.11
1980-01-08,176397.82,fred_cmt,0.11
1980-01-09,176161.30,fred_cmt,0.11
1980-01-10,177264.21,fred_cmt,0.11
1980-01-11,174841.98,fred_cmt,0.11
1980-01-14,174355.66,fred_cmt,0.11
1980-01-15,174797.32,fred_cmt,0.11
1980-01-16,174807.33,fred_cmt,0.11
1980-01-17,173696.08,fred_cmt,0.11
1980-01-18,171887.06,fred_cmt,0.11
1980-01-21,169312.69,fred_cmt,0.11
1980-01-22,171093.92,fred_cmt,0.11
1980-01-23,171583.23,fred_cmt,0.11
1980-01-24,168500.10,fred_cmt,0.11
1980-01-25,167134.21,fred_cmt,0.11
1980-01-28,166308.93,fred_cmt,0.11
1980-01-29,165183.19,fred_cmt,0.11
1980-01-30,165633.54,fred_cmt,0.11
1980-01-31,166243.41,fred_cmt,0.11
1980-02-01,164008.30,fred_cmt,0.11
1980-02-04,162391.60,fred_cmt,0.11
1980-02-05,157762.06,fred_cmt,0.12
1980-02-06,154625.53,fred_cmt,0.12
1980-02-07,157088.45,fred_cmt,0.12
1980-02-08,156328.80,fred_cmt,0.12
1980-02-11,153372.64,fred_cmt,0.12
1980-02-13,155431.57,fred_cmt,0.12
1980-02-14,154247.71,fred_cmt,0.12
1980-02-15,151279.49,fred_cmt,0.12
1980-02-19,143212.69,fred_cmt,0.13
1980-02-20,143861.83,fred_cmt,0.13
1980-02-21,139549.77,fred_cmt,0.13
1980-02-22,142064.26,fred_cmt,0.13
1980-02-25,139831.12,fred_cmt,0.13
1980-02-26,136189.34,fred_cmt,0.14
1980-02-27,138249.33,fred_cmt,0.13
1980-02-28,145822.40,fred_cmt,0.13
1980-02-29,148622.79,fred_cmt,0.13
1980-03-03,147103.83,fred_cmt,0.13
1980-03-04,145631.52,fred_cmt,0.13
1980-03-05,143867.55,fred_cmt,0.13
1980-03-06,142191.96,fred_cmt,0.13
1980-03-07,145592.16,fred_cmt,0.13
1980-03-10,148886.40,fred_cmt,0.13
1980-03-11,151177.02,fred_cmt,0.12
1980-03-12,148408.87,fred_cmt,0.13
1980-03-13,149675.89,fred_cmt,0.12
1980-03-14,150182.76,fred_cmt,0.13
1980-03-17,149113.88,fred_cmt,0.13
1980-03-18,151283.54,fred_cmt,0.12
1980-03-19,152656.05,fred_cmt,0.12
1980-03-20,149127.74,fred_cmt,0.13
1980-03-21,147637.61,fred_cmt,0.13
1980-03-24,142218.24,fred_cmt,0.13
1980-03-25,142628.57,fred_cmt,0.13
1980-03-26,144192.83,fred_cmt,0.13
1980-03-27,144505.23,fred_cmt,0.13
1980-03-28,147935.82,fred_cmt,0.13
1980-03-31,148301.52,fred_cmt,0.13
1980-04-01,147627.72,fred_cmt,0.13
1980-04-02,148448.56,fred_cmt,0.13
1980-04-03,149602.71,fred_cmt,0.13
1980-04-07,154847.44,fred_cmt,0.12
1980-04-08,154248.90,fred_cmt,0.12
1980-04-09,155986.58,fred_cmt,0.12
1980-04-10,156121.54,fred_cmt,0.12
1980-04-11,160063.19,fred_cmt,0.12
1980-04-14,161869.76,fred_cmt,0.12
1980-04-15,162053.98,fred_cmt,0.12
1980-04-16,171264.98,fred_cmt,0.11
1980-04-17,168374.59,fred_cmt,0.11
1980-04-18,168518.86,fred_cmt,0.11
1980-04-21,170272.67,fred_cmt,0.11
1980-04-22,171010.13,fred_cmt,0.11
1980-04-23,169897.33,fred_cmt,0.11
1980-04-24,168485.11,fred_cmt,0.11
1980-04-25,168411.10,fred_cmt,0.11
1980-04-28,172924.70,fred_cmt,0.11
1980-04-29,172097.25,fred_cmt,0.11
1980-04-30,170984.83,fred_cmt,0.11
1980-05-01,174192.74,fred_cmt,0.11
1980-05-02,179042.83,fred_cmt,0.10
1980-05-05,179535.47,fred_cmt,0.10
1980-05-06,184807.01,fred_cmt,0.10
1980-05-07,182993.46,fred_cmt,0.10
1980-05-08,179674.66,fred_cmt,0.10
1980-05-09,177328.40,fred_cmt,0.10
1980-05-12,176869.57,fred_cmt,0.10
1980-05-13,179006.85,fred_cmt,0.10
1980-05-14,179067.14,fred_cmt,0.10
1980-05-15,176383.73,fred_cmt,0.10
1980-05-16,175423.52,fred_cmt,0.10
1980-05-19,172479.04,fred_cmt,0.11
1980-05-20,176959.70,fred_cmt,0.10
1980-05-21,179433.35,fred_cmt,0.10
1980-05-22,179303.24,fred_cmt,0.10
1980-05-23,183125.79,fred_cmt,0.10
1980-05-27,181759.57,fred_cmt,0.10
1980-05-28,179695.62,fred_cmt,0.10
1980-05-29,177219.21,fred_cmt,0.10
1980-05-30,177210.16,fred_cmt,0.10
1980-06-02,176098.53,fred_cmt,0.10
1980-06-03,178878.38,fred_cmt,0.10
1980-06-04,180446.54,fred_cmt,0.10
1980-06-05,181613.31,fred_cmt,0.10
1980-06-06,185277.65,fred_cmt,0.10
1980-06-09,187088.62,fred_cmt,0.10
1980-06-10,185168.84,fred_cmt,0.10
1980-06-11,187295.75,fred_cmt,0.10
1980-06-12,190328.97,fred_cmt,0.10
1980-06-13,191169.39,fred_cmt,0.10
1980-06-16,191755.35,fred_cmt,0.09
1980-06-17,191416.20,fred_cmt,0.09
1980-06-18,190258.49,fred_cmt,0.10
1980-06-19,190490.80,fred_cmt,0.10
1980-06-20,191531.69,fred_cmt,0.09
1980-06-23,188990.16,fred_cmt,0.10
1980-06-24,188146.09,fred_cmt,0.10
1980-06-25,186252.45,fred_cmt,0.10
1980-06-26,184701.27,fred_cmt,0.10
1980-06-27,182064.33,fred_cmt,0.10
1980-06-30,181216.97,fred_cmt,0.10
1980-07-01,180099.23,fred_cmt,0.10
1980-07-02,179179.32,fred_cmt,0.10
1980-07-03,181900.03,fred_cmt,0.10
1980-07-07,178613.13,fred_cmt,0.10
1980-07-08,180736.20,fred_cmt,0.10
1980-07-09,179742.18,fred_cmt,0.10
1980-07-10,178506.42,fred_cmt,0.10
1980-07-11,177228.21,fred_cmt,0.10
1980-07-14,176483.13,fred_cmt,0.10
1980-07-15,179123.83,fred_cmt,0.10
1980-07-16,180880.96,fred_cmt,0.10
1980-07-17,178548.84,fred_cmt,0.10
1980-07-18,178672.88,fred_cmt,0.10
1980-07-21,180016.18,fred_cmt,0.10
1980-07-22,179118.97,fred_cmt,0.10
1980-07-23,179999.40,fred_cmt,0.10
1980-07-24,178073.04,fred_cmt,0.10
1980-07-25,176440.11,fred_cmt,0.10
1980-07-28,174644.23,fred_cmt,0.10
1980-07-29,174908.80,fred_cmt,0.10
1980-07-30,173328.99,fred_cmt,0.11
1980-07-31,169950.56,fred_cmt,0.11
1980-08-01,170058.93,fred_cmt,0.11
1980-08-04,171196.91,fred_cmt,0.11
1980-08-05,171079.46,fred_cmt,0.11
1980-08-06,169349.83,fred_cmt,0.11
1980-08-07,170695.39,fred_cmt,0.11
1980-08-08,168135.50,fred_cmt,0.11
1980-08-11,165578.52,fred_cmt,0.11
1980-08-12,166416.79,fred_cmt,0.11
1980-08-13,167946.78,fred_cmt,0.11
1980-08-14,168074.00,fred_cmt,0.11
1980-08-15,168853.81,fred_cmt,0.11
1980-08-18,165567.35,fred_cmt,0.11
1980-08-19,163811.31,fred_cmt,0.11
1980-08-20,164350.60,fred_cmt,0.11
1980-08-21,163566.57,fred_cmt,0.11
1980-08-22,165950.00,fred_cmt,0.11
1980-08-25,162207.76,fred_cmt,0.11
1980-08-26,161844.74,fred_cmt,0.11
1980-08-27,158469.75,fred_cmt,0.12
1980-08-28,155536.62,fred_cmt,0.12
1980-08-29,159834.62,fred_cmt,0.12
1980-09-02,162915.02,fred_cmt,0.11
1980-09-03,166148.69,fred_cmt,0.11
1980-09-04,165014.66,fred_cmt,0.11
1980-09-05,164275.37,fred_cmt,0.11
1980-09-08,163112.58,fred_cmt,0.11
1980-09-09,164657.27,fred_cmt,0.11
1980-09-10,165394.06,fred_cmt,0.11
1980-09-11,163054.22,fred_cmt,0.11
1980-09-12,162561.82,fred_cmt,0.11
1980-09-15,159182.86,fred_cmt,0.12
1980-09-16,160424.50,fred_cmt,0.12
1980-09-17,159840.66,fred_cmt,0.12
1980-09-18,160491.74,fred_cmt,0.12
1980-09-19,163034.56,fred_cmt,0.11
1980-09-22,157861.77,fred_cmt,0.12
1980-09-23,157316.11,fred_cmt,0.12
1980-09-24,157458.09,fred_cmt,0.12
1980-09-25,155257.59,fred_cmt,0.12
1980-09-26,154107.75,fred_cmt,0.12
1980-09-29,152611.62,fred_cmt,0.12
1980-09-30,155563.51,fred_cmt,0.12
1980-10-01,156394.60,fred_cmt,0.12
1980-10-02,155860.84,fred_cmt,0.12
1980-10-03,161656.10,fred_cmt,0.11
1980-10-06,162341.39,fred_cmt,0.11
1980-10-07,161230.91,fred_cmt,0.11
1980-10-08,160224.50,fred_cmt,0.12
1980-10-09,162214.69,fred_cmt,0.11
1980-10-10,161687.86,fred_cmt,0.11
1980-10-14,162965.39,fred_cmt,0.11
1980-10-15,163952.22,fred_cmt,0.11
1980-10-16,161361.43,fred_cmt,0.11
1980-10-17,159113.92,fred_cmt,0.12
1980-10-20,158895.05,fred_cmt,0.12
1980-10-21,157974.72,fred_cmt,0.12
1980-10-22,155528.46,fred_cmt,0.12
1980-10-23,156228.18,fred_cmt,0.12
1980-10-24,157355.42,fred_cmt,0.12
1980-10-27,152166.52,fred_cmt,0.12
1980-10-28,149874.17,fred_cmt,0.12
1980-10-29,147967.80,fred_cmt,0.12
1980-10-30,147845.50,fred_cmt,0.12
1980-10-31,148322.81,fred_cmt,0.12
1980-11-03,148569.41,fred_cmt,0.12
1980-11-05,146789.67,fred_cmt,0.13
1980-11-06,141480.44,fred_cmt,0.13
1980-11-07,145472.93,fred_cmt,0.13
1980-11-10,143771.14,fred_cmt,0.13
1980-11-12,148246.23,fred_cmt,0.12
1980-11-13,148164.68,fred_cmt,0.12
1980-11-14,144510.99,fred_cmt,0.13
1980-11-17,142763.05,fred_cmt,0.13
1980-11-18,147132.90,fred_cmt,0.13
1980-11-19,148503.90,fred_cmt,0.13
1980-11-20,147677.10,fred_cmt,0.13
1980-11-21,145276.07,fred_cmt,0.13
1980-11-24,146126.65,fred_cmt,0.13
1980-11-25,146561.38,fred_cmt,0.13
1980-11-26,147745.42,fred_cmt,0.13
1980-11-28,147006.44,fred_cmt,0.13
1980-12-01,144432.30,fred_cmt,0.13
1980-12-02,144107.17,fred_cmt,0.13
1980-12-03,144571.22,fred_cmt,0.13
1980-12-04,144722.74,fred_cmt,0.13
1980-12-05,145936.23,fred_cmt,0.13
1980-12-08,145265.83,fred_cmt,0.13
1980-12-09,142164.75,fred_cmt,0.13
1980-12-10,141300.23,fred_cmt,0.13
1980-12-11,136086.80,fred_cmt,0.14
1980-12-12,140174.92,fred_cmt,0.13
1980-12-15,139953.20,fred_cmt,0.13
1980-12-16,137222.69,fred_cmt,0.14
1980-12-17,140337.41,fred_cmt,0.13
1980-12-18,141416.89,fred_cmt,0.13
1980-12-19,147920.47,fred_cmt,0.13
1980-12-22,153932.20,fred_cmt,0.12
1980-12-23,150651.58,fred_cmt,0.12
1980-12-24,150190.91,fred_cmt,0.12
1980-12-26,152033.28,fred_cmt,0.12
1980-12-29,152555.96,fred_cmt,0.12
1980-12-30,150123.67,fred_cmt,0.12
1980-12-31,149625.16,fred_cmt,0.12
1981-01-02,149688.06,fred_cmt,0.12
1981-01-05,153009.54,fred_cmt,0.12
1981-01-06,153374.55,fred_cmt,0.12
1981-01-07,150376.89,fred_cmt,0.12
1981-01-08,150934.07,fred_cmt,0.12
1981-01-09,148182.64,fred_cmt,0.13
1981-01-12,148967.49,fred_cmt,0.12
1981-01-13,148178.97,fred_cmt,0.13
1981-01-14,147670.25,fred_cmt,0.13
1981-01-15,146500.82,fred_cmt,0.13
1981-01-16,147686.92,fred_cmt,0.13
1981-01-19,146848.75,fred_cmt,0.13
1981-01-20,148559.00,fred_cmt,0.12
1981-01-21,145288.72,fred_cmt,0.13
1981-01-22,143861.49,fred_cmt,0.13
1981-01-23,144365.98,fred_cmt,0.13
1981-01-26,145807.68,fred_cmt,0.13
1981-01-27,145391.50,fred_cmt,0.13
1981-01-28,145056.61,fred_cmt,0.13
1981-01-29,144291.56,fred_cmt,0.13
1981-01-30,145696.22,fred_cmt,0.13
1981-02-02,143915.08,fred_cmt,0.13
1981-02-03,142190.77,fred_cmt,0.13
1981-02-04,143562.03,fred_cmt,0.13
1981-02-05,142255.10,fred_cmt,0.13
1981-02-06,140696.87,fred_cmt,0.13
1981-02-09,139302.05,fred_cmt,0.13
1981-02-10,138382.58,fred_cmt,0.13
1981-02-11,137044.98,fred_cmt,0.13
1981-02-13,133897.44,fred_cmt,0.14
1981-02-17,137367.87,fred_cmt,0.13
1981-02-18,137858.01,fred_cmt,0.13
1981-02-19,140275.90,fred_cmt,0.13
1981-02-20,142721.09,fred_cmt,0.13
1981-02-23,139324.24,fred_cmt,0.13
1981-02-24,139226.34,fred_cmt,0.13
1981-02-25,138228.56,fred_cmt,0.13
1981-02-26,135997.09,fred_cmt,0.13
1981-02-27,136620.03,fred_cmt,0.13
1981-03-02,134417.87,fred_cmt,0.14
1981-03-03,136582.19,fred_cmt,0.13
1981-03-04,136354.10,fred_cmt,0.13
1981-03-05,136591.95,fred_cmt,0.13
1981-03-06,139297.81,fred_cmt,0.13
1981-03-09,140714.54,fred_cmt,0.13
1981-03-10,140511.56,fred_cmt,0.13
1981-03-11,140112.81,fred_cmt,0.13
1981-03-12,141183.63,fred_cmt,0.13
1981-03-13,143345.66,fred_cmt,0.13
1981-03-16,143610.23,fred_cmt,0.13
1981-03-17,145414.73,fred_cmt,0.13
1981-03-18,146305.61,fred_cmt,0.13
1981-03-19,145186.05,fred_cmt,0.13
1981-03-20,143701.84,fred_cmt,0.13
1981-03-23,139420.03,fred_cmt,0.13
1981-03-24,137317.56,fred_cmt,0.13
1981-03-25,138425.94,fred_cmt,0.13
1981-03-26,136583.02,fred_cmt,0.13
1981-03-27,136561.68,fred_cmt,0.13
1981-03-30,137964.70,fred_cmt,0.13
1981-03-31,139047.69,fred_cmt,0.13
1981-04-01,138999.32,fred_cmt,0.13
1981-04-02,137706.23,fred_cmt,0.13
1981-04-03,135969.50,fred_cmt,0.13
1981-04-06,132227.00,fred_cmt,0.14
1981-04-07,135895.77,fred_cmt,0.13
1981-04-08,133735.60,fred_cmt,0.14
1981-04-09,135670.55,fred_cmt,0.13
1981-04-10,133731.83,fred_cmt,0.14
1981-04-13,132846.23,fred_cmt,0.14
1981-04-14,134035.21,fred_cmt,0.14
1981-04-15,132238.27,fred_cmt,0.14
1981-04-16,131740.07,fred_cmt,0.14
1981-04-20,133421.25,fred_cmt,0.14
1981-04-21,133102.93,fred_cmt,0.14
1981-04-22,132466.59,fred_cmt,0.14
1981-04-23,132295.83,fred_cmt,0.14
1981-04-24,131447.91,fred_cmt,0.14
1981-04-27,131094.73,fred_cmt,0.14
1981-04-28,130928.39,fred_cmt,0.14
1981-04-29,129389.90,fred_cmt,0.14
1981-04-30,128728.06,fred_cmt,0.14
1981-05-01,129155.41,fred_cmt,0.14
1981-05-04,125158.27,fred_cmt,0.14
1981-05-05,123559.46,fred_cmt,0.15
1981-05-06,124953.29,fred_cmt,0.15
1981-05-07,127431.90,fred_cmt,0.14
1981-05-08,128427.99,fred_cmt,0.14
1981-05-11,127259.38,fred_cmt,0.14
1981-05-12,126354.84,fred_cmt,0.14
1981-05-13,125937.33,fred_cmt,0.14
1981-05-14,128952.07,fred_cmt,0.14
1981-05-15,130585.90,fred_cmt,0.14
1981-05-18,133421.71,fred_cmt,0.14
1981-05-19,132085.47,fred_cmt,0.14
1981-05-20,131770.06,fred_cmt,0.14
1981-05-21,131469.90,fred_cmt,0.14
1981-05-22,133213.23,fred_cmt,0.14
1981-05-26,134786.29,fred_cmt,0.14
1981-05-27,134264.79,fred_cmt,0.14
1981-05-28,135658.29,fred_cmt,0.14
1981-05-29,136186.57,fred_cmt,0.14
1981-06-01,137100.39,fred_cmt,0.13
1981-06-02,135642.11,fred_cmt,0.14
1981-06-03,135959.74,fred_cmt,0.14
1981-06-04,136534.32,fred_cmt,0.14
1981-06-05,136043.88,fred_cmt,0.14
1981-06-08,138047.97,fred_cmt,0.13
1981-06-09,137989.89,fred_cmt,0.13
1981-06-10,138747.99,fred_cmt,0.13
1981-06-11,138672.87,fred_cmt,0.13
1981-06-12,138407.50,fred_cmt,0.13
1981-06-15,141203.34,fred_cmt,0.13
1981-06-16,141462.50,fred_cmt,0.13
1981-06-17,139912.45,fred_cmt,0.13
1981-06-18,136121.69,fred_cmt,0.14
1981-06-19,137425.19,fred_cmt,0.13
1981-06-22,137433.61,fred_cmt,0.13
1981-06-23,136146.48,fred_cmt,0.14
1981-06-24,134567.84,fred_cmt,0.14
1981-06-25,133906.72,fred_cmt,0.14
1981-06-26,133862.49,fred_cmt,0.14
1981-06-29,133827.34,fred_cmt,0.14
1981-06-30,131663.57,fred_cmt,0.14
1981-07-01,129781.67,fred_cmt,0.14
1981-07-02,130982.95,fred_cmt,0.14
1981-07-06,132745.50,fred_cmt,0.14
1981-07-07,130091.68,fred_cmt,0.14
1981-07-08,129465.51,fred_cmt,0.14
1981-07-09,129449.21,fred_cmt,0.14
1981-07-10,131588.35,fred_cmt,0.14
1981-07-13,130662.88,fred_cmt,0.14
1981-07-14,128982.13,fred_cmt,0.14
1981-07-15,130148.06,fred_cmt,0.14
1981-07-16,129566.39,fred_cmt,0.14
1981-07-17,129812.31,fred_cmt,0.14
1981-07-20,125110.98,fred_cmt,0.15
1981-07-21,124874.03,fred_cmt,0.15
1981-07-22,124677.78,fred_cmt,0.15
1981-07-23,125131.84,fred_cmt,0.15
1981-07-24,126959.17,fred_cmt,0.14
1981-07-27,126164.97,fred_cmt,0.14
1981-07-28,125376.34,fred_cmt,0.15
1981-07-29,124314.68,fred_cmt,0.15
1981-07-30,123578.31,fred_cmt,0.15
1981-07-31,123829.11,fred_cmt,0.15
1981-08-03,120967.39,fred_cmt,0.15
1981-08-04,121103.42,fred_cmt,0.15
1981-08-05,121186.33,fred_cmt,0.15
1981-08-06,121823.25,fred_cmt,0.15
1981-08-07,122235.68,fred_cmt,0.15
1981-08-10,124243.02,fred_cmt,0.15
1981-08-11,126970.82,fred_cmt,0.14
1981-08-12,125125.89,fred_cmt,0.15
1981-08-13,124933.00,fred_cmt,0.15
1981-08-14,123727.38,fred_cmt,0.15
1981-08-17,124349.33,fred_cmt,0.15
1981-08-18,123416.51,fred_cmt,0.15
1981-08-19,123782.03,fred_cmt,0.15
1981-08-20,122227.10,fred_cmt,0.15
1981-08-21,121262.56,fred_cmt,0.15
1981-08-24,117387.28,fred_cmt,0.15
1981-08-25,116750.80,fred_cmt,0.15
1981-08-26,117200.91,fred_cmt,0.15
1981-08-27,116866.98,fred_cmt,0.15
1981-08-28,117967.08,fred_cmt,0.15
1981-08-31,115931.40,fred_cmt,0.15
1981-09-01,116417.71,fred_cmt,0.15
1981-09-02,116216.49,fred_cmt,0.15
1981-09-03,115380.24,fred_cmt,0.15
1981-09-04,114994.68,fred_cmt,0.16
1981-09-08,114028.33,fred_cmt,0.16
1981-09-09,114946.90,fred_cmt,0.16
1981-09-10,117189.12,fred_cmt,0.15
1981-09-11,119507.66,fred_cmt,0.15
1981-09-14,118003.54,fred_cmt,0.15
1981-09-15,118958.57,fred_cmt,0.15
1981-09-16,118657.71,fred_cmt,0.15
1981-09-17,120224.58,fred_cmt,0.15
1981-09-18,120992.78,fred_cmt,0.15
1981-09-21,121974.53,fred_cmt,0.15
1981-09-22,119552.68,fred_cmt,0.15
1981-09-23,117161.94,fred_cmt,0.15
1981-09-24,116264.40,fred_cmt,0.15
1981-09-25,112016.77,fred_cmt,0.16
1981-09-28,112530.59,fred_cmt,0.16
1981-09-29,111152.36,fred_cmt,0.16
1981-09-30,110213.99,fred_cmt,0.16
1981-10-01,111248.75,fred_cmt,0.16
1981-10-02,114655.49,fred_cmt,0.15
1981-10-05,116480.59,fred_cmt,0.15
1981-10-06,116825.06,fred_cmt,0.15
1981-10-07,117605.37,fred_cmt,0.15
1981-10-08,118208.65,fred_cmt,0.15
1981-10-09,120431.92,fred_cmt,0.15
1981-10-13,119056.89,fred_cmt,0.15
1981-10-14,118643.21,fred_cmt,0.15
1981-10-15,118827.72,fred_cmt,0.15
1981-10-16,118105.76,fred_cmt,0.15
1981-10-19,118331.88,fred_cmt,0.15
1981-10-20,116828.86,fred_cmt,0.15
1981-10-21,113996.97,fred_cmt,0.15
1981-10-22,113632.58,fred_cmt,0.15
1981-10-23,114334.61,fred_cmt,0.15
1981-10-26,111006.26,fred_cmt,0.16
1981-10-27,111845.22,fred_cmt,0.16
1981-10-28,112638.24,fred_cmt,0.15
1981-10-29,116194.10,fred_cmt,0.15
1981-10-30,120395.81,fred_cmt,0.15
1981-11-02,120521.57,fred_cmt,0.15
1981-11-04,125086.48,fred_cmt,0.14
1981-11-05,124979.44,fred_cmt,0.14
1981-11-06,127299.33,fred_cmt,0.14
1981-11-09,133099.19,fred_cmt,0.13
1981-11-10,133278.72,fred_cmt,0.13
1981-11-12,135554.10,fred_cmt,0.13
1981-11-13,135786.83,fred_cmt,0.13
1981-11-16,137209.21,fred_cmt,0.13
1981-11-17,135669.96,fred_cmt,0.13
1981-11-18,137744.24,fred_cmt,0.13
1981-11-19,137618.70,fred_cmt,0.13
1981-11-20,136356.03,fred_cmt,0.13
1981-11-23,133071.15,fred_cmt,0.13
1981-11-24,136506.41,fred_cmt,0.13
1981-11-25,138884.89,fred_cmt,0.13
1981-11-27,139797.45,fred_cmt,0.13
1981-11-30,137264.22,fred_cmt,0.13
1981-12-01,134520.52,fred_cmt,0.13
1981-12-02,133002.65,fred_cmt,0.13
1981-12-03,133532.47,fred_cmt,0.13
1981-12-04,136759.32,fred_cmt,0.13
1981-12-07,132586.16,fred_cmt,0.14
1981-12-08,132697.92,fred_cmt,0.14
1981-12-09,131115.83,fred_cmt,0.14
1981-12-10,129530.11,fred_cmt,0.14
1981-12-11,129086.29,fred_cmt,0.14
1981-12-14,132011.44,fred_cmt,0.14
1981-12-15,132562.01,fred_cmt,0.14
1981-12-16,132735.57,fred_cmt,0.14
1981-12-17,130811.33,fred_cmt,0.14
1981-12-18,133302.34,fred_cmt,0.14
1981-12-21,129700.77,fred_cmt,0.14
1981-12-22,127428.62,fred_cmt,0.14
1981-12-23,126440.37,fred_cmt,0.14
1981-12-24,127797.96,fred_cmt,0.14
1981-12-28,127762.25,fred_cmt,0.14
1981-12-29,126361.61,fred_cmt,0.14
1981-12-30,125218.28,fred_cmt,0.14
1981-12-31,127531.13,fred_cmt,0.14
1982-01-04,125052.48,fred_cmt,0.14
1982-01-05,122209.00,fred_cmt,0.14
1982-01-06,120280.60,fred_cmt,0.15
1982-01-07,119883.42,fred_cmt,0.15
1982-01-08,121641.32,fred_cmt,0.14
1982-01-11,118473.84,fred_cmt,0.15
1982-01-12,120591.10,fred_cmt,0.15
1982-01-13,118407.58,fred_cmt,0.15
1982-01-14,120094.69,fred_cmt,0.15
1982-01-15,118947.60,fred_cmt,0.15
1982-01-18,120100.52,fred_cmt,0.15
1982-01-19,119125.56,fred_cmt,0.15
1982-01-20,119669.93,fred_cmt,0.15
1982-01-21,121616.44,fred_cmt,0.15
1982-01-22,121244.21,fred_cmt,0.15
1982-01-25,121845.19,fred_cmt,0.15
1982-01-26,122444.41,fred_cmt,0.15
1982-01-27,122559.79,fred_cmt,0.15
1982-01-28,124657.09,fred_cmt,0.14
1982-01-29,126070.39,fred_cmt,0.14
1982-02-01,121999.29,fred_cmt,0.15
1982-02-02,122879.71,fred_cmt,0.14
1982-02-03,120579.39,fred_cmt,0.15
1982-02-04,119564.09,fred_cmt,0.15
1982-02-05,120826.21,fred_cmt,0.15
1982-02-08,118195.70,fred_cmt,0.15
1982-02-09,117472.62,fred_cmt,0.15
1982-02-10,118882.36,fred_cmt,0.15
1982-02-11,120142.14,fred_cmt,0.15
1982-02-16,122650.28,fred_cmt,0.15
1982-02-17,123269.92,fred_cmt,0.14
1982-02-18,125578.21,fred_cmt,0.14
1982-02-19,125962.84,fred_cmt,0.14
1982-02-22,129940.27,fred_cmt,0.14
1982-02-23,128896.62,fred_cmt,0.14
1982-02-24,129818.37,fred_cmt,0.14
1982-02-25,129120.81,fred_cmt,0.14
1982-02-26,127880.88,fred_cmt,0.14
1982-03-01,129886.88,fred_cmt,0.14
1982-03-02,131418.13,fred_cmt,0.14
1982-03-03,132078.65,fred_cmt,0.14
1982-03-04,132859.31,fred_cmt,0.14
1982-03-05,132826.17,fred_cmt,0.14
1982-03-08,131471.67,fred_cmt,0.14
1982-03-09,131587.51,fred_cmt,0.14
1982-03-10,131158.03,fred_cmt,0.14
1982-03-11,129087.51,fred_cmt,0.14
1982-03-12,128907.41,fred_cmt,0.14
1982-03-15,129451.80,fred_cmt,0.14
1982-03-16,129900.57,fred_cmt,0.14
1982-03-17,130160.22,fred_cmt,0.14
1982-03-18,130421.65,fred_cmt,0.14
1982-03-19,130122.07,fred_cmt,0.14
1982-03-22,131955.14,fred_cmt,0.14
1982-03-23,132349.22,fred_cmt,0.14
1982-03-24,129957.13,fred_cmt,0.14
1982-03-25,130109.27,fred_cmt,0.14
1982-03-26,128698.51,fred_cmt,0.14
1982-03-29,127193.94,fred_cmt,0.14
1982-03-30,126753.95,fred_cmt,0.14
1982-03-31,127282.16,fred_cmt,0.14
1982-04-01,128060.77,fred_cmt,0.14
1982-04-02,128042.50,fred_cmt,0.14
1982-04-05,127066.72,fred_cmt,0.14
1982-04-06,126944.93,fred_cmt,0.14
1982-04-07,127089.76,fred_cmt,0.14
1982-04-08,129564.58,fred_cmt,0.14
1982-04-12,131378.86,fred_cmt,0.14
1982-04-13,131553.49,fred_cmt,0.14
1982-04-14,130167.54,fred_cmt,0.14
1982-04-15,131106.64,fred_cmt,0.14
1982-04-16,133314.46,fred_cmt,0.14
1982-04-19,133884.52,fred_cmt,0.14
1982-04-20,132870.58,fred_cmt,0.14
1982-04-21,132884.70,fred_cmt,0.14
1982-04-22,132778.56,fred_cmt,0.14
1982-04-23,133213.93,fred_cmt,0.14
1982-04-26,133139.74,fred_cmt,0.14
1982-04-27,132969.19,fred_cmt,0.14
1982-04-28,131974.75,fred_cmt,0.14
1982-04-29,130567.91,fred_cmt,0.14
1982-04-30,130538.35,fred_cmt,0.14
1982-05-03,129756.20,fred_cmt,0.14
1982-05-04,130877.77,fred_cmt,0.14
1982-05-05,131406.91,fred_cmt,0.14
1982-05-06,134309.53,fred_cmt,0.14
1982-05-07,134932.02,fred_cmt,0.13
1982-05-10,134483.36,fred_cmt,0.13
1982-05-11,134925.46,fred_cmt,0.13
1982-05-12,133388.93,fred_cmt,0.14
1982-05-13,133230.15,fred_cmt,0.14
1982-05-14,134816.28,fred_cmt,0.13
1982-05-17,133249.50,fred_cmt,0.14
1982-05-18,133101.62,fred_cmt,0.14
1982-05-19,132523.67,fred_cmt,0.14
1982-05-20,133522.93,fred_cmt,0.14
1982-05-21,133776.73,fred_cmt,0.14
1982-05-24,133170.52,fred_cmt,0.14
1982-05-25,132763.17,fred_cmt,0.14
1982-05-26,131801.60,fred_cmt,0.14
1982-05-27,131195.56,fred_cmt,0.14
1982-05-28,131064.56,fred_cmt,0.14
1982-06-01,128470.09,fred_cmt,0.14
1982-06-02,129239.03,fred_cmt,0.14
1982-06-03,128716.03,fred_cmt,0.14
1982-06-04,127724.92,fred_cmt,0.14
1982-06-07,128408.07,fred_cmt,0.14
1982-06-08,127937.82,fred_cmt,0.14
1982-06-09,128031.51,fred_cmt,0.14
1982-06-10,127666.42,fred_cmt,0.14
1982-06-11,128844.41,fred_cmt,0.14
1982-06-14,125619.15,fred_cmt,0.14
1982-06-15,125748.67,fred_cmt,0.14
1982-06-16,125327.10,fred_cmt,0.14
1982-06-17,123179.38,fred_cmt,0.14
1982-06-18,121826.26,fred_cmt,0.15
1982-06-21,121864.58,fred_cmt,0.15
1982-06-22,121450.40,fred_cmt,0.15
1982-06-23,120691.61,fred_cmt,0.15
1982-06-24,121021.74,fred_cmt,0.15
1982-06-25,120629.55,fred_cmt,0.15
1982-06-28,120988.21,fred_cmt,0.15
1982-06-29,122242.75,fred_cmt,0.15
1982-06-30,124153.22,fred_cmt,0.14
1982-07-01,124488.42,fred_cmt,0.14
1982-07-02,123344.44,fred_cmt,0.14
1982-07-06,123552.10,fred_cmt,0.14
1982-07-07,123355.88,fred_cmt,0.14
1982-07-08,126607.35,fred_cmt,0.14
1982-07-09,128337.99,fred_cmt,0.14
1982-07-12,130172.58,fred_cmt,0.14
1982-07-13,128541.62,fred_cmt,0.14
1982-07-14,127512.70,fred_cmt,0.14
1982-07-15,129086.44,fred_cmt,0.14
1982-07-16,131835.41,fred_cmt,0.14
1982-07-19,131817.90,fred_cmt,0.14
1982-07-20,133256.46,fred_cmt,0.14
1982-07-21,132468.92,fred_cmt,0.14
1982-07-22,133437.99,fred_cmt,0.14
1982-07-23,132826.01,fred_cmt,0.14
1982-07-26,129029.66,fred_cmt,0.14
1982-07-27,129521.79,fred_cmt,0.14
1982-07-28,128111.38,fred_cmt,0.14
1982-07-29,129514.94,fred_cmt,0.14
1982-07-30,131028.24,fred_cmt,0.14
1982-08-02,134053.74,fred_cmt,0.13
1982-08-03,132782.90,fred_cmt,0.14
1982-08-04,131037.43,fred_cmt,0.14
1982-08-05,130866.38,fred_cmt,0.14
1982-08-06,129354.07,fred_cmt,0.14
1982-08-09,130893.53,fred_cmt,0.14
1982-08-10,131374.36,fred_cmt,0.14
1982-08-11,131182.46,fred_cmt,0.14
1982-08-12,132580.57,fred_cmt,0.14
1982-08-13,136670.85,fred_cmt,0.13
1982-08-16,137786.25,fred_cmt,0.13
1982-08-17,143424.45,fred_cmt,0.13
1982-08-18,144348.82,fred_cmt,0.13
1982-08-19,145136.62,fred_cmt,0.12
1982-08-20,148192.96,fred_cmt,0.12
1982-08-23,145210.46,fred_cmt,0.12
1982-08-24,146902.88,fred_cmt,0.12
1982-08-25,145924.14,fred_cmt,0.12
1982-08-26,144324.35,fred_cmt,0.13
1982-08-27,141840.87,fred_cmt,0.13
1982-08-30,141350.75,fred_cmt,0.13
1982-08-31,141528.67,fred_cmt,0.13
1982-09-01,142312.44,fred_cmt,0.13
1982-09-02,144445.90,fred_cmt,0.13
1982-09-03,146047.86,fred_cmt,0.12
1982-09-07,145311.26,fred_cmt,0.13
1982-09-08,145654.01,fred_cmt,0.13
1982-09-09,145309.97,fred_cmt,0.13
1982-09-10,142435.13,fred_cmt,0.13
1982-09-13,143864.89,fred_cmt,0.13
1982-09-14,144662.60,fred_cmt,0.13
1982-09-15,144749.63,fred_cmt,0.13
1982-09-16,144610.59,fred_cmt,0.13
1982-09-17,145669.63,fred_cmt,0.13
1982-09-20,146551.98,fred_cmt,0.12
1982-09-21,150459.20,fred_cmt,0.12
1982-09-22,152357.82,fred_cmt,0.12
1982-09-23,154244.74,fred_cmt,0.12
1982-09-24,152238.92,fred_cmt,0.12
1982-09-27,153516.42,fred_cmt,0.12
1982-09-28,155199.34,fred_cmt,0.12
1982-09-29,155689.22,fred_cmt,0.12
1982-09-30,156440.31,fred_cmt,0.12
1982-10-01,159629.05,fred_cmt,0.12
1982-10-04,156853.58,fred_cmt,0.12
1982-10-05,157214.57,fred_cmt,0.12
1982-10-06,159914.23,fred_cmt,0.12
1982-10-07,168113.38,fred_cmt,0.11
1982-10-08,168979.68,fred_cmt,0.11
1982-10-12,173784.05,fred_cmt,0.11
1982-10-13,176308.80,fred_cmt,0.10
1982-10-14,172895.02,fred_cmt,0.11
1982-10-15,170558.10,fred_cmt,0.11
1982-10-18,172904.28,fred_cmt,0.11
1982-10-19,173161.45,fred_cmt,0.11
1982-10-20,170945.66,fred_cmt,0.11
1982-10-21,170978.72,fred_cmt,0.11
1982-10-22,169037.02,fred_cmt,0.11
1982-10-25,164744.72,fred_cmt,0.11
1982-10-26,168025.47,fred_cmt,0.11
1982-10-27,167689.34,fred_cmt,0.11
1982-10-28,169708.31,fred_cmt,0.11
1982-10-29,170910.76,fred_cmt,0.11
1982-11-01,173457.67,fred_cmt,0.11
1982-11-03,174804.15,fred_cmt,0.10
1982-11-04,175470.32,fred_cmt,0.10
1982-11-05,174219.19,fred_cmt,0.10
1982-11-08,173048.02,fred_cmt,0.11
1982-11-09,174380.27,fred_cmt,0.11
1982-11-10,174870.85,fred_cmt,0.10
1982-11-12,173320.07,fred_cmt,0.11
1982-11-15,172106.93,fred_cmt,0.11
1982-11-16,171808.69,fred_cmt,0.11
1982-11-17,173110.71,fred_cmt,0.11
1982-11-18,175404.79,fred_cmt,0.10
1982-11-19,175946.38,fred_cmt,0.10
1982-11-22,175541.73,fred_cmt,0.10
1982-11-23,173754.20,fred_cmt,0.11
1982-11-24,172809.47,fred_cmt,0.11
1982-11-26,174199.89,fred_cmt,0.11
1982-11-29,169835.70,fred_cmt,0.11
1982-11-30,169507.97,fred_cmt,0.11
1982-12-01,170463.66,fred_cmt,0.11
1982-12-02,171359.89,fred_cmt,0.11
1982-12-03,174851.17,fred_cmt,0.10
1982-12-06,175139.77,fred_cmt,0.10
1982-12-07,174657.54,fred_cmt,0.10
1982-12-08,172374.38,fred_cmt,0.11
1982-12-09,173028.77,fred_cmt,0.11
1982-12-10,171808.88,fred_cmt,0.11
1982-12-13,172495.57,fred_cmt,0.11
1982-12-14,174671.72,fred_cmt,0.10
1982-12-15,173960.30,fred_cmt,0.10
1982-12-16,172469.19,fred_cmt,0.11
1982-12-17,171812.12,fred_cmt,0.11
1982-12-20,170550.16,fred_cmt,0.11
1982-12-21,172587.75,fred_cmt,0.11
1982-12-22,172492.07,fred_cmt,0.11
1982-12-23,173450.78,fred_cmt,0.10
1982-12-27,174128.76,fred_cmt,0.10
1982-12-28,174108.57,fred_cmt,0.10
1982-12-29,173587.65,fred_cmt,0.10
1982-12-30,174089.44,fred_cmt,0.10
1982-12-31,175315.07,fred_cmt,0.10
1983-01-03,176033.84,fred_cmt,0.10
1983-01-04,175141.41,fred_cmt,0.10
1983-01-05,175254.19,fred_cmt,0.10
1983-01-06,174441.66,fred_cmt,0.10
1983-01-07,174773.00,fred_cmt,0.10
1983-01-10,174219.98,fred_cmt,0.10
1983-01-11,174834.56,fred_cmt,0.10
1983-01-12,175273.91,fred_cmt,0.10
1983-01-13,175821.72,fred_cmt,0.10
1983-01-14,175627.30,fred_cmt,0.10
1983-01-17,175749.26,fred_cmt,0.10
1983-01-18,175227.82,fred_cmt,0.10
1983-01-19,173370.95,fred_cmt,0.10
1983-01-20,173306.36,fred_cmt,0.10
1983-01-21,170663.77,fred_cmt,0.11
1983-01-24,169158.50,fred_cmt,0.11
1983-01-25,170330.18,fred_cmt,0.11
1983-01-26,169004.64,fred_cmt,0.11
1983-01-27,169405.06,fred_cmt,0.11
1983-01-28,168785.13,fred_cmt,0.11
1983-01-31,167261.45,fred_cmt,0.11
1983-02-01,167651.84,fred_cmt,0.11
1983-02-02,166591.29,fred_cmt,0.11
1983-02-03,165647.52,fred_cmt,0.11
1983-02-04,164646.57,fred_cmt,0.11
1983-02-07,165124.53,fred_cmt,0.11
1983-02-08,164647.67,fred_cmt,0.11
1983-02-09,164414.40,fred_cmt,0.11
1983-02-10,167197.02,fred_cmt,0.11
1983-02-11,167576.63,fred_cmt,0.11
1983-02-14,167845.67,fred_cmt,0.11
1983-02-15,166995.75,fred_cmt,0.11
1983-02-16,167517.51,fred_cmt,0.11
1983-02-17,169118.74,fred_cmt,0.11
1983-02-18,170976.09,fred_cmt,0.11
1983-02-22,173425.19,fred_cmt,0.10
1983-02-23,173878.38,fred_cmt,0.10
1983-02-24,174152.85,fred_cmt,0.10
1983-02-25,176725.99,fred_cmt,0.10
1983-02-28,176614.72,fred_cmt,0.10
1983-03-01,177406.63,fred_cmt,0.10
1983-03-02,176681.22,fred_cmt,0.10
1983-03-03,177203.06,fred_cmt,0.10
1983-03-04,176483.96,fred_cmt,0.10
1983-03-07,174043.18,fred_cmt,0.10
1983-03-08,172655.03,fred_cmt,0.11
1983-03-09,173239.08,fred_cmt,0.10
1983-03-10,172215.81,fred_cmt,0.11
1983-03-11,171316.73,fred_cmt,0.11
1983-03-14,173068.28,fred_cmt,0.10
1983-03-15,173465.21,fred_cmt,0.10
1983-03-16,172477.73,fred_cmt,0.11
1983-03-17,171959.40,fred_cmt,0.11
1983-03-18,171789.04,fred_cmt,0.11
1983-03-21,171536.15,fred_cmt,0.11
1983-03-22,171362.10,fred_cmt,0.11
1983-03-23,171910.96,fred_cmt,0.11
1983-03-24,172046.21,fred_cmt,0.11
1983-03-25,171208.60,fred_cmt,0.11
1983-03-28,170880.20,fred_cmt,0.11
1983-03-29,171802.13,fred_cmt,0.11
1983-03-30,172051.12,fred_cmt,0.11
1983-03-31,171477.22,fred_cmt,0.11
1983-04-04,171861.90,fred_cmt,0.11
1983-04-05,173383.40,fred_cmt,0.10
1983-04-06,173521.77,fred_cmt,0.10
1983-04-07,173176.82,fred_cmt,0.11
1983-04-08,173193.40,fred_cmt,0.11
1983-04-11,174681.66,fred_cmt,0.10
1983-04-12,174578.33,fred_cmt,0.10
1983-04-13,175014.53,fred_cmt,0.10
1983-04-14,176685.10,fred_cmt,0.10
1983-04-15,176173.12,fred_cmt,0.10
1983-04-18,176805.84,fred_cmt,0.10
1983-04-19,175150.64,fred_cmt,0.10
1983-04-20,175017.18,fred_cmt,0.10
1983-04-21,174345.68,fred_cmt,0.10
1983-04-22,174579.35,fred_cmt,0.10
1983-04-25,174804.89,fred_cmt,0.10
1983-04-26,175406.63,fred_cmt,0.10
1983-04-27,176557.21,fred_cmt,0.10
1983-04-28,176349.87,fred_cmt,0.10
1983-04-29,176862.88,fred_cmt,0.10
1983-05-02,177011.11,fred_cmt,0.10
1983-05-03,176922.53,fred_cmt,0.10
1983-05-04,179199.33,fred_cmt,0.10
1983-05-05,178450.58,fred_cmt,0.10
1983-05-06,178901.00,fred_cmt,0.10
1983-05-09,177074.72,fred_cmt,0.10
1983-05-10,178517.64,fred_cmt,0.10
1983-05-11,178099.84,fred_cmt,0.10
1983-05-12,177240.64,fred_cmt,0.10
1983-05-13,177421.92,fred_cmt,0.10
1983-05-16,174612.44,fred_cmt,0.10
1983-05-17,174121.26,fred_cmt,0.10
1983-05-18,173677.68,fred_cmt,0.10
1983-05-19,172715.67,fred_cmt,0.10
1983-05-20,171811.20,fred_cmt,0.11
1983-05-23,171664.42,fred_cmt,0.11
1983-05-24,171953.63,fred_cmt,0.11
1983-05-25,171564.95,fred_cmt,0.11
1983-05-26,170851.41,fred_cmt,0.11
1983-05-27,170964.31,fred_cmt,0.11
1983-05-31,167951.64,fred_cmt,0.11
1983-06-01,168564.82,fred_cmt,0.11
1983-06-02,168206.94,fred_cmt,0.11
1983-06-03,168258.36,fred_cmt,0.11
1983-06-06,168461.02,fred_cmt,0.11
1983-06-07,167483.04,fred_cmt,0.11
1983-06-08,166350.47,fred_cmt,0.11
1983-06-09,167133.40,fred_cmt,0.11
1983-06-10,167015.49,fred_cmt,0.11
1983-06-13,169140.75,fred_cmt,0.11
1983-06-14,168880.09,fred_cmt,0.11
1983-06-15,169673.37,fred_cmt,0.11
1983-06-16,171130.53,fred_cmt,0.11
1983-06-17,170513.59,fred_cmt,0.11
1983-06-20,168836.00,fred_cmt,0.11
1983-06-21,168997.77,fred_cmt,0.11
1983-06-22,168365.34,fred_cmt,0.11
1983-06-23,167289.20,fred_cmt,0.11
1983-06-24,165226.29,fred_cmt,0.11
1983-06-27,163744.15,fred_cmt,0.11
1983-06-28,164813.66,fred_cmt,0.11
1983-06-29,165547.19,fred_cmt,0.11
1983-06-30,166085.08,fred_cmt,0.11
1983-07-01,166559.34,fred_cmt,0.11
1983-07-05,162296.32,fred_cmt,0.11
1983-07-06,162964.43,fred_cmt,0.11
1983-07-07,161122.41,fred_cmt,0.11
1983-07-08,160599.75,fred_cmt,0.11
1983-07-11,161417.28,fred_cmt,0.11
1983-07-12,159298.81,fred_cmt,0.11
1983-07-13,159579.38,fred_cmt,0.11
1983-07-14,160024.07,fred_cmt,0.11
1983-07-15,158371.53,fred_cmt,0.12
1983-07-18,159939.54,fred_cmt,0.11
1983-07-19,160562.71,fred_cmt,0.11
1983-07-20,161669.33,fred_cmt,0.11
1983-07-21,160999.45,fred_cmt,0.11
1983-07-22,159171.08,fred_cmt,0.11
1983-07-25,159568.60,fred_cmt,0.11
1983-07-26,158275.33,fred_cmt,0.11
1983-07-27,157988.40,fred_cmt,0.12
1983-07-28,155738.97,fred_cmt,0.12
1983-07-29,154103.77,fred_cmt,0.12
1983-08-01,153484.70,fred_cmt,0.12
1983-08-02,153667.60,fred_cmt,0.12
1983-08-03,152440.18,fred_cmt,0.12
1983-08-04,149470.39,fred_cmt,0.12
1983-08-05,149973.00,fred_cmt,0.12
1983-08-08,148570.34,fred_cmt,0.12
1983-08-09,149479.71,fred_cmt,0.12
1983-08-10,148951.74,fred_cmt,0.12
1983-08-11,150817.16,fred_cmt,0.12
1983-08-12,152286.22,fred_cmt,0.12
1983-08-15,155082.44,fred_cmt,0.12
1983-08-16,155632.92,fred_cmt,0.12
1983-08-17,156443.69,fred_cmt,0.12
1983-08-18,155541.23,fred_cmt,0.12
1983-08-19,155205.01,fred_cmt,0.12
1983-08-22,157971.38,fred_cmt,0.12
1983-08-23,157454.05,fred_cmt,0.12
1983-08-24,157791.25,fred_cmt,0.12
1983-08-25,156778.69,fred_cmt,0.12
1983-08-26,156241.80,fred_cmt,0.12
1983-08-29,153247.27,fred_cmt,0.12
1983-08-30,152550.29,fred_cmt,0.12
1983-08-31,151308.90,fred_cmt,0.12
1983-09-01,151523.98,fred_cmt,0.12
1983-09-02,150985.56,fred_cmt,0.12
1983-09-06,153209.42,fred_cmt,0.12
1983-09-07,155271.22,fred_cmt,0.12
1983-09-08,154308.37,fred_cmt,0.12
1983-09-09,154895.89,fred_cmt,0.12
1983-09-12,157305.89,fred_cmt,0.12
1983-09-13,156241.83,fred_cmt,0.12
1983-09-14,154311.99,fred_cmt,0.12
1983-09-15,153506.00,fred_cmt,0.12
1983-09-16,155448.62,fred_cmt,0.12
1983-09-19,155742.97,fred_cmt,0.12
1983-09-20,156930.50,fred_cmt,0.12
1983-09-21,155944.11,fred_cmt,0.12
1983-09-22,156349.52,fred_cmt,0.12
1983-09-23,158076.39,fred_cmt,0.11
1983-09-26,159125.04,fred_cmt,0.11
1983-09-27,158585.73,fred_cmt,0.11
1983-09-28,157993.43,fred_cmt,0.11
1983-09-29,157974.11,fred_cmt,0.12
1983-09-30,158699.47,fred_cmt,0.11
1983-10-03,158257.68,fred_cmt,0.11
1983-10-04,158338.54,fred_cmt,0.11
1983-10-05,160044.07,fred_cmt,0.11
1983-10-06,160493.23,fred_cmt,0.11
1983-10-07,160195.56,fred_cmt,0.11
1983-10-11,156627.18,fred_cmt,0.12
1983-10-12,156249.06,fred_cmt,0.12
1983-10-13,155365.79,fred_cmt,0.12
1983-10-14,156396.29,fred_cmt,0.12
1983-10-17,158008.27,fred_cmt,0.11
1983-10-18,157517.27,fred_cmt,0.11
1983-10-19,157710.76,fred_cmt,0.11
1983-10-20,157974.47,fred_cmt,0.11
1983-10-21,158622.42,fred_cmt,0.11
1983-10-24,155273.74,fred_cmt,0.12
1983-10-25,154694.77,fred_cmt,0.12
1983-10-26,154482.17,fred_cmt,0.12
1983-10-27,155227.40,fred_cmt,0.12
1983-10-28,154994.18,fred_cmt,0.12
1983-10-31,154087.21,fred_cmt,0.12
1983-11-01,154812.23,fred_cmt,0.12
1983-11-02,154472.90,fred_cmt,0.12
1983-11-03,153649.74,fred_cmt,0.12
1983-11-04,152463.82,fred_cmt,0.12
1983-11-07,152539.60,fred_cmt,0.12
1983-11-09,152645.17,fred_cmt,0.12
1983-11-10,154433.72,fred_cmt,0.12
1983-11-14,154892.30,fred_cmt,0.12
1983-11-15,154690.11,fred_cmt,0.12
1983-11-16,154587.02,fred_cmt,0.12
1983-11-17,154279.73,fred_cmt,0.12
1983-11-18,154223.92,fred_cmt,0.12
1983-11-21,155263.74,fred_cmt,0.12
1983-11-22,156524.62,fred_cmt,0.12
1983-11-23,156379.23,fred_cmt,0.12
1983-11-25,156944.07,fred_cmt,0.12
1983-11-28,155858.91,fred_cmt,0.12
1983-11-29,156510.22,fred_cmt,0.12
1983-11-30,155838.46,fred_cmt,0.12
1983-12-01,155840.17,fred_cmt,0.12
1983-12-02,154067.24,fred_cmt,0.12
1983-12-05,153669.25,fred_cmt,0.12
1983-12-06,153735.74,fred_cmt,0.12
1983-12-07,153396.24,fred_cmt,0.12
1983-12-08,151905.25,fred_cmt,0.12
1983-12-09,151727.73,fred_cmt,0.12
1983-12-12,152045.21,fred_cmt,0.12
1983-12-13,151108.60,fred_cmt,0.12
1983-12-14,150834.22,fred_cmt,0.12
1983-12-15,151286.90,fred_cmt,0.12
1983-12-16,152284.47,fred_cmt,0.12
1983-12-19,152350.32,fred_cmt,0.12
1983-12-20,152465.56,fred_cmt,0.12
1983-12-21,152780.07,fred_cmt,0.12
1983-12-22,153785.62,fred_cmt,0.12
1983-12-23,153518.24,fred_cmt,0.12
1983-12-27,154207.50,fred_cmt,0.12
1983-12-28,153309.38,fred_cmt,0.12
1983-12-29,153602.10,fred_cmt,0.12
1983-12-30,153239.59,fred_cmt,0.12
1984-01-03,152475.39,fred_cmt,0.12
1984-01-04,153775.70,fred_cmt,0.12
1984-01-05,153753.79,fred_cmt,0.12
1984-01-06,154321.53,fred_cmt,0.12
1984-01-09,154068.01,fred_cmt,0.12
1984-01-10,154853.78,fred_cmt,0.12
1984-01-11,154144.86,fred_cmt,0.12
1984-01-12,154186.13,fred_cmt,0.12
1984-01-13,156491.64,fred_cmt,0.12
1984-01-16,157253.01,fred_cmt,0.12
1984-01-17,156855.27,fred_cmt,0.12
1984-01-18,156285.61,fred_cmt,0.12
1984-01-19,156416.01,fred_cmt,0.12
1984-01-20,155957.28,fred_cmt,0.12
1984-01-23,156093.66,fred_cmt,0.12
1984-01-24,156101.72,fred_cmt,0.12
1984-01-25,155966.77,fred_cmt,0.12
1984-01-26,156072.74,fred_cmt,0.12
1984-01-27,156009.41,fred_cmt,0.12
1984-01-30,155457.76,fred_cmt,0.12
1984-01-31,155298.57,fred_cmt,0.12
1984-02-01,155703.63,fred_cmt,0.12
1984-02-02,156366.51,fred_cmt,0.12
1984-02-03,156222.32,fred_cmt,0.12
1984-02-06,154888.28,fred_cmt,0.12
1984-02-07,154715.57,fred_cmt,0.12
1984-02-08,154546.95,fred_cmt,0.12
1984-02-09,154365.51,fred_cmt,0.12
1984-02-10,152800.61,fred_cmt,0.12
1984-02-14,152561.07,fred_cmt,0.12
1984-02-15,153092.28,fred_cmt,0.12
1984-02-16,152968.78,fred_cmt,0.12
1984-02-17,151828.01,fred_cmt,0.12
1984-02-21,151920.32,fred_cmt,0.12
1984-02-22,151601.06,fred_cmt,0.12
1984-02-23,149948.57,fred_cmt,0.12
1984-02-24,150756.82,fred_cmt,0.12
1984-02-27,149896.54,fred_cmt,0.12
1984-02-28,149298.91,fred_cmt,0.12
1984-02-29,149886.19,fred_cmt,0.12
1984-03-01,149613.47,fred_cmt,0.12
1984-03-02,150680.98,fred_cmt,0.12
1984-03-05,149557.92,fred_cmt,0.12
1984-03-06,149132.37,fred_cmt,0.12
1984-03-07,147335.00,fred_cmt,0.12
1984-03-08,147124.89,fred_cmt,0.12
1984-03-09,146698.78,fred_cmt,0.12
1984-03-12,147267.64,fred_cmt,0.12
1984-03-13,146752.90,fred_cmt,0.12
1984-03-14,146227.24,fred_cmt,0.12
1984-03-15,146296.41,fred_cmt,0.12
1984-03-16,145899.10,fred_cmt,0.12
1984-03-19,144346.31,fred_cmt,0.12
1984-03-20,144624.02,fred_cmt,0.12
1984-03-21,144714.92,fred_cmt,0.12
1984-03-22,144318.87,fred_cmt,0.12
1984-03-23,144472.10,fred_cmt,0.12
1984-03-26,144930.11,fred_cmt,0.12
1984-03-27,144813.98,fred_cmt,0.12
1984-03-28,145284.69,fred_cmt,0.12
1984-03-29,145715.90,fred_cmt,0.12
1984-03-30,144323.68,fred_cmt,0.13
1984-04-02,143989.52,fred_cmt,0.13
1984-04-03,143098.06,fred_cmt,0.13
1984-04-04,142835.16,fred_cmt,0.13
1984-04-05,142951.91,fred_cmt,0.13
1984-04-06,144660.40,fred_cmt,0.13
1984-04-09,145114.06,fred_cmt,0.12
1984-04-10,144284.54,fred_cmt,0.13
1984-04-11,144488.34,fred_cmt,0.12
1984-04-12,145853.27,fred_cmt,0.12
1984-04-13,143532.30,fred_cmt,0.13
1984-04-16,142960.92,fred_cmt,0.13
1984-04-17,143384.66,fred_cmt,0.13
1984-04-18,141609.86,fred_cmt,0.13
1984-04-19,140775.58,fred_cmt,0.13
1984-04-23,140462.85,fred_cmt,0.13
1984-04-24,141115.75,fred_cmt,0.13
1984-04-25,141916.25,fred_cmt,0.13
1984-04-26,142196.37,fred_cmt,0.13
1984-04-27,140690.56,fred_cmt,0.13
1984-04-30,140237.21,fred_cmt,0.13
1984-05-01,140200.66,fred_cmt,0.13
1984-05-02,139710.98,fred_cmt,0.13
1984-05-03,139380.48,fred_cmt,0.13
1984-05-04,137259.01,fred_cmt,0.13
1984-05-07,136342.78,fred_cmt,0.13
1984-05-08,136939.22,fred_cmt,0.13
1984-05-09,135452.82,fred_cmt,0.13
1984-05-10,134735.50,fred_cmt,0.13
1984-05-11,132211.73,fred_cmt,0.13
1984-05-14,130506.15,fred_cmt,0.14
1984-05-15,131984.05,fred_cmt,0.13
1984-05-16,132912.43,fred_cmt,0.13
1984-05-17,131385.34,fred_cmt,0.14
1984-05-18,132588.26,fred_cmt,0.13
1984-05-21,132736.96,fred_cmt,0.13
1984-05-22,131807.04,fred_cmt,0.14
1984-05-23,131642.02,fred_cmt,0.14
1984-05-24,129365.71,fred_cmt,0.14
1984-05-25,128909.36,fred_cmt,0.14
1984-05-29,127669.51,fred_cmt,0.14
1984-05-30,126633.20,fred_cmt,0.14
1984-05-31,127619.46,fred_cmt,0.14
1984-06-01,130731.82,fred_cmt,0.14
1984-06-04,133385.16,fred_cmt,0.13
1984-06-05,133905.16,fred_cmt,0.13
1984-06-06,131785.87,fred_cmt,0.14
1984-06-07,131812.82,fred_cmt,0.14
1984-06-08,132758.16,fred_cmt,0.13
1984-06-11,131637.32,fred_cmt,0.14
1984-06-12,132015.05,fred_cmt,0.14
1984-06-13,133158.03,fred_cmt,0.13
1984-06-14,133811.00,fred_cmt,0.13
1984-06-15,136123.61,fred_cmt,0.13
1984-06-18,135501.26,fred_cmt,0.13
1984-06-19,134170.24,fred_cmt,0.13
1984-06-20,131064.41,fred_cmt,0.14
1984-06-21,130373.32,fred_cmt,0.14
1984-06-22,130153.52,fred_cmt,0.14
1984-06-25,129990.44,fred_cmt,0.14
1984-06-26,129542.80,fred_cmt,0.14
1984-06-27,129829.79,fred_cmt,0.14
1984-06-28,129359.43,fred_cmt,0.14
1984-06-29,128756.66,fred_cmt,0.14
1984-07-02,128298.98,fred_cmt,0.14
1984-07-03,129214.84,fred_cmt,0.14
1984-07-05,129254.13,fred_cmt,0.14
1984-07-06,129485.16,fred_cmt,0.14
1984-07-09,133011.36,fred_cmt,0.13
1984-07-10,132591.01,fred_cmt,0.14
1984-07-11,132247.80,fred_cmt,0.14
1984-07-12,133936.57,fred_cmt,0.13
1984-07-13,135190.77,fred_cmt,0.13
1984-07-16,135063.33,fred_cmt,0.13
1984-07-17,134451.13,fred_cmt,0.13
1984-07-18,135070.48,fred_cmt,0.13
1984-07-19,135941.77,fred_cmt,0.13
1984-07-20,134413.21,fred_cmt,0.13
1984-07-23,134545.19,fred_cmt,0.13
1984-07-24,135044.99,fred_cmt,0.13
1984-07-25,138146.48,fred_cmt,0.13
1984-07-26,140052.20,fred_cmt,0.13
1984-07-27,139588.85,fred_cmt,0.13
1984-07-30,138347.06,fred_cmt,0.13
1984-07-31,140144.24,fred_cmt,0.13
1984-08-01,141400.74,fred_cmt,0.13
1984-08-02,142458.83,fred_cmt,0.13
1984-08-03,143906.01,fred_cmt,0.13
1984-08-06,142408.96,fred_cmt,0.13
1984-08-07,142867.94,fred_cmt,0.13
1984-08-08,143216.10,fred_cmt,0.13
1984-08-09,143940.00,fred_cmt,0.13
1984-08-10,143163.38,fred_cmt,0.13
1984-08-13,142267.59,fred_cmt,0.13
1984-08-14,143032.63,fred_cmt,0.13
1984-08-15,142044.71,fred_cmt,0.13
1984-08-16,142811.05,fred_cmt,0.13
1984-08-17,143008.46,fred_cmt,0.13
1984-08-20,143387.40,fred_cmt,0.13
1984-08-21,144354.68,fred_cmt,0.13
1984-08-22,143930.74,fred_cmt,0.13
1984-08-23,143426.48,fred_cmt,0.13
1984-08-24,143842.58,fred_cmt,0.13
1984-08-27,141710.03,fred_cmt,0.13
1984-08-28,141881.39,fred_cmt,0.13
1984-08-29,141496.12,fred_cmt,0.13
1984-08-30,141522.39,fred_cmt,0.13
1984-08-31,142206.85,fred_cmt,0.13
1984-09-04,141158.35,fred_cmt,0.13
1984-09-05,140685.51,fred_cmt,0.13
1984-09-06,142195.63,fred_cmt,0.13
1984-09-07,143349.86,fred_cmt,0.13
1984-09-10,144217.91,fred_cmt,0.13
1984-09-11,145429.18,fred_cmt,0.13
1984-09-12,145368.06,fred_cmt,0.13
1984-09-13,146818.77,fred_cmt,0.12
1984-09-14,147049.90,fred_cmt,0.12
1984-09-17,147472.72,fred_cmt,0.12
1984-09-18,148110.46,fred_cmt,0.12
1984-09-19,149435.70,fred_cmt,0.12
1984-09-20,149044.89,fred_cmt,0.12
1984-09-21,146680.31,fred_cmt,0.12
1984-09-24,145782.86,fred_cmt,0.13
1984-09-25,145167.31,fred_cmt,0.13
1984-09-26,146400.86,fred_cmt,0.12
1984-09-27,148455.13,fred_cmt,0.12
1984-09-28,146362.25,fred_cmt,0.12
1984-10-01,145363.34,fred_cmt,0.13
1984-10-02,145327.97,fred_cmt,0.13
1984-10-03,145313.09,fred_cmt,0.13
1984-10-04,145559.92,fred_cmt,0.13
1984-10-05,147321.22,fred_cmt,0.12
1984-10-09,147708.82,fred_cmt,0.12
1984-10-10,147864.83,fred_cmt,0.12
1984-10-11,148347.95,fred_cmt,0.12
1984-10-12,148843.74,fred_cmt,0.12
1984-10-15,148086.87,fred_cmt,0.12
1984-10-16,148333.69,fred_cmt,0.12
1984-10-17,148914.39,fred_cmt,0.12
1984-10-18,151539.50,fred_cmt,0.12
1984-10-19,153738.16,fred_cmt,0.12
1984-10-22,154472.72,fred_cmt,0.12
1984-10-23,155613.78,fred_cmt,0.12
1984-10-24,155877.02,fred_cmt,0.12
1984-10-25,154717.49,fred_cmt,0.12
1984-10-26,152614.32,fred_cmt,0.12
1984-10-29,153193.63,fred_cmt,0.12
1984-10-30,155999.62,fred_cmt,0.12
1984-10-31,155264.17,fred_cmt,0.12
1984-11-01,156990.85,fred_cmt,0.12
1984-11-02,156886.72,fred_cmt,0.12
1984-11-05,157493.34,fred_cmt,0.12
1984-11-07,155392.47,fred_cmt,0.12
1984-11-08,153943.83,fred_cmt,0.12
1984-11-09,155405.50,fred_cmt,0.12
1984-11-13,154348.24,fred_cmt,0.12
1984-11-14,153860.85,fred_cmt,0.12
1984-11-15,154906.53,fred_cmt,0.12
1984-11-16,155434.89,fred_cmt,0.12
1984-11-19,156634.64,fred_cmt,0.12
1984-11-20,157608.91,fred_cmt,0.12
1984-11-21,159605.38,fred_cmt,0.11
1984-11-23,161799.98,fred_cmt,0.11
1984-11-26,161237.99,fred_cmt,0.11
1984-11-27,161321.81,fred_cmt,0.11
1984-11-28,159460.31,fred_cmt,0.11
1984-11-29,158895.45,fred_cmt,0.11
1984-11-30,156540.26,fred_cmt,0.12
1984-12-03,156901.58,fred_cmt,0.12
1984-12-04,157415.24,fred_cmt,0.12
1984-12-05,157347.10,fred_cmt,0.12
1984-12-06,156010.57,fred_cmt,0.12
1984-12-07,154583.47,fred_cmt,0.12
1984-12-10,155160.97,fred_cmt,0.12
1984-12-11,156434.38,fred_cmt,0.12
1984-12-12,156796.01,fred_cmt,0.12
1984-12-13,154422.31,fred_cmt,0.12
1984-12-14,156309.19,fred_cmt,0.12
1984-12-17,157138.99,fred_cmt,0.11
1984-12-18,159946.89,fred_cmt,0.11
1984-12-19,159292.92,fred_cmt,0.11
1984-12-20,158956.31,fred_cmt,0.11
1984-12-21,159363.22,fred_cmt,0.11
1984-12-24,159747.12,fred_cmt,0.11
1984-12-26,157604.39,fred_cmt,0.11
1984-12-27,157582.98,fred_cmt,0.11
1984-12-28,157563.67,fred_cmt,0.11
1984-12-31,156109.12,fred_cmt,0.12
1985-01-02,153774.74,fred_cmt,0.12
1985-01-03,154962.42,fred_cmt,0.12
1985-01-04,154118.51,fred_cmt,0.12
1985-01-07,156824.08,fred_cmt,0.12
1985-01-08,157661.26,fred_cmt,0.11
1985-01-09,157306.54,fred_cmt,0.11
1985-01-10,157227.81,fred_cmt,0.11
1985-01-11,155547.73,fred_cmt,0.12
1985-01-14,155288.71,fred_cmt,0.12
1985-01-15,156901.14,fred_cmt,0.11
1985-01-16,156576.27,fred_cmt,0.12
1985-01-17,156978.68,fred_cmt,0.11
1985-01-18,158318.10,fred_cmt,0.11
1985-01-22,160349.15,fred_cmt,0.11
1985-01-23,161262.70,fred_cmt,0.11
1985-01-24,163847.56,fred_cmt,0.11
1985-01-25,163157.09,fred_cmt,0.11
1985-01-28,163299.84,fred_cmt,0.11
1985-01-29,163327.83,fred_cmt,0.11
1985-01-30,163802.90,fred_cmt,0.11
1985-01-31,162539.20,fred_cmt,0.11
1985-02-01,160670.25,fred_cmt,0.11
1985-02-04,159849.55,fred_cmt,0.11
1985-02-05,160468.57,fred_cmt,0.11
1985-02-06,158897.51,fred_cmt,0.11
1985-02-07,158532.11,fred_cmt,0.11
1985-02-08,159093.72,fred_cmt,0.11
1985-02-11,158294.68,fred_cmt,0.11
1985-02-13,158723.89,fred_cmt,0.11
1985-02-14,160214.15,fred_cmt,0.11
1985-02-15,158482.33,fred_cmt,0.11
1985-02-19,158738.85,fred_cmt,0.11
1985-02-20,156404.34,fred_cmt,0.12
1985-02-21,154863.84,fred_cmt,0.12
1985-02-22,152918.40,fred_cmt,0.12
1985-02-25,153091.06,fred_cmt,0.12
1985-02-26,153543.21,fred_cmt,0.12
1985-02-27,151204.15,fred_cmt,0.12
1985-02-28,151124.92,fred_cmt,0.12
1985-03-01,152089.90,fred_cmt,0.12
1985-03-04,151082.26,fred_cmt,0.12
1985-03-05,152140.54,fred_cmt,0.12
1985-03-06,151103.07,fred_cmt,0.12
1985-03-07,150947.59,fred_cmt,0.12
1985-03-08,154037.98,fred_cmt,0.12
1985-03-11,153781.08,fred_cmt,0.12
1985-03-12,153143.63,fred_cmt,0.12
1985-03-13,151644.81,fred_cmt,0.12
1985-03-14,151453.65,fred_cmt,0.12
1985-03-15,151183.66,fred_cmt,0.12
1985-03-18,149908.90,fred_cmt,0.12
1985-03-19,150277.43,fred_cmt,0.12
1985-03-20,151649.99,fred_cmt,0.12
1985-03-21,152687.34,fred_cmt,0.12
1985-03-22,151880.39,fred_cmt,0.12
1985-03-25,152275.87,fred_cmt,0.12
1985-03-26,153505.97,fred_cmt,0.12
1985-03-27,152482.29,fred_cmt,0.12
1985-03-28,153266.00,fred_cmt,0.12
1985-03-29,154835.72,fred_cmt,0.12
1985-04-01,155174.25,fred_cmt,0.12
1985-04-02,154172.55,fred_cmt,0.12
1985-04-03,153798.93,fred_cmt,0.12
1985-04-04,153456.13,fred_cmt,0.12
1985-04-08,153136.67,fred_cmt,0.12
1985-04-09,154627.98,fred_cmt,0.12
1985-04-10,155956.29,fred_cmt,0.12
1985-04-11,158241.90,fred_cmt,0.11
1985-04-12,158055.00,fred_cmt,0.11
1985-04-15,158952.71,fred_cmt,0.11
1985-04-16,160363.33,fred_cmt,0.11
1985-04-17,159823.98,fred_cmt,0.11
1985-04-18,162113.27,fred_cmt,0.11
1985-04-19,161573.89,fred_cmt,0.11
1985-04-22,161929.50,fred_cmt,0.11
1985-04-23,160237.93,fred_cmt,0.11
1985-04-24,160022.40,fred_cmt,0.11
1985-04-25,158284.33,fred_cmt,0.11
1985-04-26,158664.72,fred_cmt,0.11
1985-04-29,156820.84,fred_cmt,0.11
1985-04-30,157695.92,fred_cmt,0.11
1985-05-01,159953.76,fred_cmt,0.11
1985-05-02,159803.04,fred_cmt,0.11
1985-05-03,160754.94,fred_cmt,0.11
1985-05-06,161014.35,fred_cmt,0.11
1985-05-07,161084.28,fred_cmt,0.11
1985-05-08,159549.67,fred_cmt,0.11
1985-05-09,160566.32,fred_cmt,0.11
1985-05-10,163160.00,fred_cmt,0.11
1985-05-13,163201.79,fred_cmt,0.11
1985-05-14,165642.56,fred_cmt,0.11
1985-05-15,165257.55,fred_cmt,0.11
1985-05-16,166404.52,fred_cmt,0.11
1985-05-17,166053.85,fred_cmt,0.11
1985-05-20,170491.56,fred_cmt,0.11
1985-05-21,169927.51,fred_cmt,0.11
1985-05-22,169512.83,fred_cmt,0.11
1985-05-23,169297.26,fred_cmt,0.11
1985-05-24,170294.51,fred_cmt,0.11
1985-05-28,172724.19,fred_cmt,0.10
1985-05-29,172259.74,fred_cmt,0.10
1985-05-30,173340.34,fred_cmt,0.10
1985-05-31,174959.61,fred_cmt,0.10
1985-06-03,178856.92,fred_cmt,0.10
1985-06-04,178736.26,fred_cmt,0.10
1985-06-05,182033.59,fred_cmt,0.10
1985-06-06,181129.45,fred_cmt,0.10
1985-06-07,176198.68,fred_cmt,0.10
1985-06-10,176955.31,fred_cmt,0.10
1985-06-11,178433.16,fred_cmt,0.10
1985-06-12,177015.71,fred_cmt,0.10
1985-06-13,175966.08,fred_cmt,0.10
1985-06-14,179587.21,fred_cmt,0.10
1985-06-17,179990.46,fred_cmt,0.10
1985-06-18,180953.16,fred_cmt,0.10
1985-06-19,178488.86,fred_cmt,0.10
1985-06-20,176778.59,fred_cmt,0.10
1985-06-21,173697.68,fred_cmt,0.10
1985-06-24,171950.04,fred_cmt,0.10
1985-06-25,171222.34,fred_cmt,0.10
1985-06-26,170750.32,fred_cmt,0.11
1985-06-27,173444.51,fred_cmt,0.10
1985-06-28,175538.45,fred_cmt,0.10
1985-07-01,176421.99,fred_cmt,0.10
1985-07-02,176381.49,fred_cmt,0.10
1985-07-03,175856.14,fred_cmt,0.10
1985-07-05,180609.01,fred_cmt,0.10
1985-07-08,178723.88,fred_cmt,0.10
1985-07-09,178660.67,fred_cmt,0.10
1985-07-10,178398.00,fred_cmt,0.10
1985-07-11,175996.59,fred_cmt,0.10
1985-07-12,175818.99,fred_cmt,0.10
1985-07-15,175969.77,fred_cmt,0.10
1985-07-16,177184.32,fred_cmt,0.10
1985-07-17,177629.70,fred_cmt,0.10
1985-07-18,174606.84,fred_cmt,0.10
1985-07-19,173981.06,fred_cmt,0.10
1985-07-22,172170.43,fred_cmt,0.10
1985-07-23,172110.91,fred_cmt,0.10
1985-07-24,171412.92,fred_cmt,0.11
1985-07-25,171047.75,fred_cmt,0.11
1985-07-26,169724.38,fred_cmt,0.11
1985-07-29,168672.88,fred_cmt,0.11
1985-07-30,168867.74,fred_cmt,0.11
1985-07-31,170529.50,fred_cmt,0.11
1985-08-01,171729.25,fred_cmt,0.11
1985-08-02,169328.63,fred_cmt,0.11
1985-08-05,169625.11,fred_cmt,0.11
1985-08-06,169414.28,fred_cmt,0.11
1985-08-07,170914.23,fred_cmt,0.11
1985-08-08,172722.56,fred_cmt,0.10
1985-08-09,173590.35,fred_cmt,0.10
1985-08-12,173381.99,fred_cmt,0.10
1985-08-13,171932.00,fred_cmt,0.10
1985-08-14,173343.33,fred_cmt,0.10
1985-08-15,173591.37,fred_cmt,0.10
1985-08-16,175227.32,fred_cmt,0.10
1985-08-19,175877.49,fred_cmt,0.10
1985-08-20,176353.52,fred_cmt,0.10
1985-08-21,177628.62,fred_cmt,0.10
1985-08-22,177965.19,fred_cmt,0.10
1985-08-23,177448.06,fred_cmt,0.10
1985-08-26,176773.27,fred_cmt,0.10
1985-08-27,177822.91,fred_cmt,0.10
1985-08-28,177161.06,fred_cmt,0.10
1985-08-29,177818.81,fred_cmt,0.10
1985-08-30,175218.92,fred_cmt,0.10
1985-09-03,175830.39,fred_cmt,0.10
1985-09-04,177131.76,fred_cmt,0.10
1985-09-05,175268.51,fred_cmt,0.10
1985-09-06,171495.88,fred_cmt,0.10
1985-09-09,171626.42,fred_cmt,0.10
1985-09-10,171801.67,fred_cmt,0.10
1985-09-11,171298.69,fred_cmt,0.11
1985-09-12,171200.77,fred_cmt,0.11
1985-09-13,173146.71,fred_cmt,0.10
1985-09-16,173662.31,fred_cmt,0.10
1985-09-17,172877.52,fred_cmt,0.10
1985-09-18,172503.74,fred_cmt,0.10
1985-09-19,172593.81,fred_cmt,0.10
1985-09-20,173775.50,fred_cmt,0.10
1985-09-23,172818.41,fred_cmt,0.10
1985-09-24,173760.56,fred_cmt,0.10
1985-09-25,174562.77,fred_cmt,0.10
1985-09-26,175695.00,fred_cmt,0.10
1985-09-30,174395.66,fred_cmt,0.10
1985-10-01,174691.86,fred_cmt,0.10
1985-10-02,174456.04,fred_cmt,0.10
1985-10-03,174193.54,fred_cmt,0.10
1985-10-04,173533.81,fred_cmt,0.10
1985-10-07,172501.45,fred_cmt,0.10
1985-10-08,173486.55,fred_cmt,0.10
1985-10-09,173327.39,fred_cmt,0.10
1985-10-10,173742.88,fred_cmt,0.10
1985-10-11,173931.66,fred_cmt,0.10
1985-10-15,174721.22,fred_cmt,0.10
1985-10-16,175495.49,fred_cmt,0.10
1985-10-17,176196.00,fred_cmt,0.10
1985-10-18,176895.72,fred_cmt,0.10
1985-10-21,176779.07,fred_cmt,0.10
1985-10-22,177805.40,fred_cmt,0.10
1985-10-23,177621.97,fred_cmt,0.10
1985-10-24,177525.67,fred_cmt,0.10
1985-10-25,176369.82,fred_cmt,0.10
1985-10-28,175005.19,fred_cmt,0.10
1985-10-29,177904.59,fred_cmt,0.10
1985-10-30,180376.99,fred_cmt,0.10
1985-10-31,179817.90,fred_cmt,0.10
1985-11-01,180423.52,fred_cmt,0.10
1985-11-04,180444.43,fred_cmt,0.10
1985-11-05,181361.22,fred_cmt,0.10
1985-11-06,181278.80,fred_cmt,0.10
1985-11-07,181602.12,fred_cmt,0.10
1985-11-08,182675.25,fred_cmt,0.10
1985-11-12,184633.79,fred_cmt,0.10
1985-11-13,183907.04,fred_cmt,0.10
1985-11-14,182830.94,fred_cmt,0.10
1985-11-15,181541.67,fred_cmt,0.10
1985-11-18,184953.89,fred_cmt,0.10
1985-11-19,184875.79,fred_cmt,0.10
1985-11-20,185106.96,fred_cmt,0.10
1985-11-21,187305.15,fred_cmt,0.10
1985-11-22,185781.28,fred_cmt,0.10
1985-11-25,185377.19,fred_cmt,0.10
1985-11-26,185496.37,fred_cmt,0.10
1985-11-27,186151.68,fred_cmt,0.10
1985-11-29,187055.40,fred_cmt,0.10
1985-12-02,185217.65,fred_cmt,0.10
1985-12-03,185472.62,fred_cmt,0.10
1985-12-04,186406.68,fred_cmt,0.10
1985-12-05,186566.13,fred_cmt,0.10
1985-12-06,186089.08,fred_cmt,0.10
1985-12-09,188996.63,fred_cmt,0.09
1985-12-10,191409.64,fred_cmt,0.09
1985-12-11,194101.98,fred_cmt,0.09
1985-12-12,192798.87,fred_cmt,0.09
1985-12-13,193813.27,fred_cmt,0.09
1985-12-16,195086.75,fred_cmt,0.09
1985-12-17,197272.97,fred_cmt,0.09
1985-12-18,196069.80,fred_cmt,0.09
1985-12-19,196264.79,fred_cmt,0.09
1985-12-20,197361.37,fred_cmt,0.09
1985-12-23,196627.47,fred_cmt,0.09
1985-12-24,196930.55,fred_cmt,0.09
1985-12-26,197499.86,fred_cmt,0.09
1985-12-27,198409.36,fred_cmt,0.09
1985-12-30,198013.85,fred_cmt,0.09
1985-12-31,198175.25,fred_cmt,0.09
1986-01-02,197461.01,fred_cmt,0.09
1986-01-03,197198.24,fred_cmt,0.09
1986-01-06,196909.76,fred_cmt,0.09
1986-01-07,199605.91,fred_cmt,0.09
1986-01-08,196310.90,fred_cmt,0.09
1986-01-09,194022.67,fred_cmt,0.09
1986-01-10,191669.93,fred_cmt,0.09
1986-01-13,189705.24,fred_cmt,0.09
1986-01-14,191102.35,fred_cmt,0.09
1986-01-15,193352.34,fred_cmt,0.09
1986-01-16,193393.30,fred_cmt,0.09
1986-01-17,194376.25,fred_cmt,0.09
1986-01-21,194742.42,fred_cmt,0.09
1986-01-22,193539.06,fred_cmt,0.09
1986-01-23,194452.01,fred_cmt,0.09
1986-01-24,194297.68,fred_cmt,0.09
1986-01-27,196327.43,fred_cmt,0.09
1986-01-28,197980.34,fred_cmt,0.09
1986-01-29,197267.84,fred_cmt,0.09
1986-01-30,196972.92,fred_cmt,0.09
1986-01-31,197224.64,fred_cmt,0.09
1986-02-03,198429.08,fred_cmt,0.09
1986-02-04,199682.73,fred_cmt,0.09
1986-02-05,199199.50,fred_cmt,0.09
1986-02-06,198020.81,fred_cmt,0.09
1986-02-07,196595.53,fred_cmt,0.09
1986-02-10,198664.47,fred_cmt,0.09
1986-02-11,200086.71,fred_cmt,0.09
1986-02-12,200518.44,fred_cmt,0.09
1986-02-13,201827.87,fred_cmt,0.09
1986-02-14,205547.42,fred_cmt,0.09
1986-02-18,206286.16,fred_cmt,0.09
1986-02-19,205215.32,fred_cmt,0.09
1986-02-20,205933.91,fred_cmt,0.09
1986-02-21,209824.39,fred_cmt,0.08
1986-02-24,212094.09,fred_cmt,0.08
1986-02-25,211883.22,fred_cmt,0.08
1986-02-26,212987.27,fred_cmt,0.08
1986-02-27,217668.72,fred_cmt,0.08
1986-02-28,218197.64,fred_cmt,0.08
1986-03-03,220937.40,fred_cmt,0.08
1986-03-04,221965.38,fred_cmt,0.08
1986-03-05,217706.11,fred_cmt,0.08
1986-03-06,218970.08,fred_cmt,0.08
1986-03-07,220629.24,fred_cmt,0.08
1986-03-10,225041.99,fred_cmt,0.08
1986-03-11,226343.45,fred_cmt,0.08
1986-03-12,226917.36,fred_cmt,0.08
1986-03-13,225332.81,fred_cmt,0.08
1986-03-14,225943.47,fred_cmt,0.08
1986-03-17,224667.73,fred_cmt,0.08
1986-03-18,223274.73,fred_cmt,0.08
1986-03-19,223868.82,fred_cmt,0.08
1986-03-20,224785.42,fred_cmt,0.08
1986-03-21,224288.62,fred_cmt,0.08
1986-03-24,226500.87,fred_cmt,0.08
1986-03-25,226504.91,fred_cmt,0.08
1986-03-26,228402.03,fred_cmt,0.08
1986-03-27,232369.22,fred_cmt,0.07
1986-03-31,235610.26,fred_cmt,0.07
1986-04-01,235516.69,fred_cmt,0.07
1986-04-02,236316.51,fred_cmt,0.07
1986-04-03,234452.51,fred_cmt,0.07
1986-04-04,232956.63,fred_cmt,0.07
1986-04-07,233154.62,fred_cmt,0.07
1986-04-08,236465.43,fred_cmt,0.07
1986-04-09,237452.32,fred_cmt,0.07
1986-04-10,238284.76,fred_cmt,0.07
1986-04-11,236867.96,fred_cmt,0.07
1986-04-14,239088.22,fred_cmt,0.07
1986-04-15,238248.31,fred_cmt,0.07
1986-04-16,243802.87,fred_cmt,0.07
1986-04-17,242677.78,fred_cmt,0.07
1986-04-18,241380.95,fred_cmt,0.07
1986-04-21,242531.15,fred_cmt,0.07
1986-04-22,237375.71,fred_cmt,0.07
1986-04-23,234612.78,fred_cmt,0.07
1986-04-24,231701.56,fred_cmt,0.08
1986-04-25,230152.57,fred_cmt,0.08
1986-04-28,232543.84,fred_cmt,0.07
1986-04-29,234860.15,fred_cmt,0.07
1986-04-30,234974.41,fred_cmt,0.07
1986-05-01,233454.17,fred_cmt,0.07
1986-05-02,231654.24,fred_cmt,0.08
1986-05-05,233275.58,fred_cmt,0.07
1986-05-06,232952.87,fred_cmt,0.07
1986-05-07,232953.48,fred_cmt,0.07
1986-05-08,233789.32,fred_cmt,0.07
1986-05-09,231982.91,fred_cmt,0.07
1986-05-12,227988.34,fred_cmt,0.08
1986-05-13,228745.35,fred_cmt,0.08
1986-05-14,228117.36,fred_cmt,0.08
1986-05-15,225040.95,fred_cmt,0.08
1986-05-16,221294.86,fred_cmt,0.08
1986-05-19,221511.22,fred_cmt,0.08
1986-05-20,223876.17,fred_cmt,0.08
1986-05-21,223561.93,fred_cmt,0.08
1986-05-22,224205.51,fred_cmt,0.08
1986-05-23,225423.51,fred_cmt,0.08
1986-05-27,228083.47,fred_cmt,0.08
1986-05-28,228356.02,fred_cmt,0.08
1986-05-29,222854.04,fred_cmt,0.08
1986-05-30,221352.30,fred_cmt,0.08
1986-06-02,215790.12,fred_cmt,0.08
1986-06-03,218562.07,fred_cmt,0.08
1986-06-04,214710.31,fred_cmt,0.08
1986-06-05,216219.75,fred_cmt,0.08
1986-06-06,223800.04,fred_cmt,0.08
1986-06-09,219892.00,fred_cmt,0.08
1986-06-10,221136.80,fred_cmt,0.08
1986-06-11,222411.67,fred_cmt,0.08
1986-06-12,223088.40,fred_cmt,0.08
1986-06-13,228446.85,fred_cmt,0.08
1986-06-16,230625.75,fred_cmt,0.08
1986-06-17,230727.25,fred_cmt,0.08
1986-06-18,231679.09,fred_cmt,0.08
1986-06-19,228935.84,fred_cmt,0.08
1986-06-20,230896.95,fred_cmt,0.08
1986-06-23,232123.34,fred_cmt,0.08
1986-06-24,233874.46,fred_cmt,0.07
1986-06-25,235219.83,fred_cmt,0.07
1986-06-26,235065.00,fred_cmt,0.07
1986-06-27,236050.06,fred_cmt,0.07
1986-06-30,236807.44,fred_cmt,0.07
1986-07-01,236408.95,fred_cmt,0.07
1986-07-02,236429.15,fred_cmt,0.07
1986-07-03,237806.92,fred_cmt,0.07
1986-07-07,237756.42,fred_cmt,0.07
1986-07-08,234935.69,fred_cmt,0.07
1986-07-09,237809.38,fred_cmt,0.07
1986-07-10,237805.22,fred_cmt,0.07
1986-07-11,237607.53,fred_cmt,0.07
1986-07-14,238966.92,fred_cmt,0.07
1986-07-15,240919.56,fred_cmt,0.07
1986-07-16,239907.89,fred_cmt,0.07
1986-07-17,240199.59,fred_cmt,0.07
1986-07-18,240639.80,fred_cmt,0.07
1986-07-21,241158.82,fred_cmt,0.07
1986-07-22,239646.86,fred_cmt,0.07
1986-07-23,237497.99,fred_cmt,0.07
1986-07-24,236129.11,fred_cmt,0.07
1986-07-25,236480.94,fred_cmt,0.07
1986-07-28,231893.55,fred_cmt,0.08
1986-07-29,234568.60,fred_cmt,0.07
1986-07-30,234469.57,fred_cmt,0.07
1986-07-31,236014.25,fred_cmt,0.07
1986-08-01,235942.70,fred_cmt,0.07
1986-08-04,236196.80,fred_cmt,0.07
1986-08-05,234597.97,fred_cmt,0.07
1986-08-06,232857.11,fred_cmt,0.07
1986-08-07,233328.42,fred_cmt,0.07
1986-08-08,236916.49,fred_cmt,0.07
1986-08-11,238101.56,fred_cmt,0.07
1986-08-12,238517.65,fred_cmt,0.07
1986-08-13,240272.68,fred_cmt,0.07
1986-08-14,240036.77,fred_cmt,0.07
1986-08-15,240392.17,fred_cmt,0.07
1986-08-18,240504.18,fred_cmt,0.07
1986-08-19,243251.63,fred_cmt,0.07
1986-08-20,243739.27,fred_cmt,0.07
1986-08-21,244174.84,fred_cmt,0.07
1986-08-22,241825.41,fred_cmt,0.07
1986-08-25,242054.58,fred_cmt,0.07
1986-08-26,244262.63,fred_cmt,0.07
1986-08-27,242018.88,fred_cmt,0.07
1986-08-28,242470.79,fred_cmt,0.07
1986-08-29,244364.09,fred_cmt,0.07
1986-09-02,242635.98,fred_cmt,0.07
1986-09-03,238349.48,fred_cmt,0.07
1986-09-04,239476.20,fred_cmt,0.07
1986-09-05,235683.11,fred_cmt,0.07
1986-09-08,234286.82,fred_cmt,0.07
1986-09-09,235091.48,fred_cmt,0.07
1986-09-10,235007.42,fred_cmt,0.07
1986-09-11,229942.70,fred_cmt,0.08
1986-09-12,228712.42,fred_cmt,0.08
1986-09-15,231022.07,fred_cmt,0.08
1986-09-16,230955.11,fred_cmt,0.08
1986-09-17,232529.41,fred_cmt,0.07
1986-09-18,229089.87,fred_cmt,0.08
1986-09-19,227738.24,fred_cmt,0.08
1986-09-22,228866.55,fred_cmt,0.08
1986-09-23,229772.07,fred_cmt,0.08
1986-09-24,232149.29,fred_cmt,0.07
1986-09-25,232256.59,fred_cmt,0.07
1986-09-26,232334.13,fred_cmt,0.07
1986-09-29,230789.95,fred_cmt,0.08
1986-09-30,232855.39,fred_cmt,0.07
1986-10-01,233765.83,fred_cmt,0.07
1986-10-02,232769.40,fred_cmt,0.07
1986-10-03,235679.93,fred_cmt,0.07
1986-10-06,236255.80,fred_cmt,0.07
1986-10-07,236262.38,fred_cmt,0.07
1986-10-08,235408.88,fred_cmt,0.07
1986-10-09,234951.76,fred_cmt,0.07
1986-10-10,234116.11,fred_cmt,0.07
1986-10-14,231168.18,fred_cmt,0.07
1986-10-15,230782.31,fred_cmt,0.08
1986-10-16,230288.28,fred_cmt,0.08
1986-10-17,229490.21,fred_cmt,0.08
1986-10-20,227452.98,fred_cmt,0.08
1986-10-21,229486.35,fred_cmt,0.08
1986-10-22,231326.22,fred_cmt,0.07
1986-10-23,232679.20,fred_cmt,0.07
1986-10-24,231832.38,fred_cmt,0.07
1986-10-27,232896.82,fred_cmt,0.07
1986-10-28,232370.87,fred_cmt,0.07
1986-10-29,233242.38,fred_cmt,0.07
1986-10-30,235664.47,fred_cmt,0.07
1986-10-31,235005.62,fred_cmt,0.07
1986-11-03,236165.26,fred_cmt,0.07
1986-11-04,235621.82,fred_cmt,0.07
1986-11-05,237095.12,fred_cmt,0.07
1986-11-06,235609.18,fred_cmt,0.07
1986-11-07,233720.29,fred_cmt,0.07
1986-11-10,234184.95,fred_cmt,0.07
1986-11-12,234942.70,fred_cmt,0.07
1986-11-13,235350.20,fred_cmt,0.07
1986-11-14,236379.48,fred_cmt,0.07
1986-11-17,237994.33,fred_cmt,0.07
1986-11-18,236789.81,fred_cmt,0.07
1986-11-19,238662.58,fred_cmt,0.07
1986-11-20,238660.00,fred_cmt,0.07
1986-11-21,239120.86,fred_cmt,0.07
1986-11-24,240502.13,fred_cmt,0.07
1986-11-25,239499.79,fred_cmt,0.07
1986-11-26,239594.17,fred_cmt,0.07
1986-11-28,239641.21,fred_cmt,0.07
1986-12-01,239008.97,fred_cmt,0.07
1986-12-02,241392.35,fred_cmt,0.07
1986-12-03,241904.10,fred_cmt,0.07
1986-12-04,242956.97,fred_cmt,0.07
1986-12-05,240362.98,fred_cmt,0.07
1986-12-08,241000.18,fred_cmt,0.07
1986-12-09,241598.87,fred_cmt,0.07
1986-12-10,242050.20,fred_cmt,0.07
1986-12-11,240405.82,fred_cmt,0.07
1986-12-12,240158.29,fred_cmt,0.07
1986-12-15,239740.63,fred_cmt,0.07
1986-12-16,240435.07,fred_cmt,0.07
1986-12-17,240441.54,fred_cmt,0.07
1986-12-18,240668.17,fred_cmt,0.07
1986-12-19,240882.00,fred_cmt,0.07
1986-12-22,240939.99,fred_cmt,0.07
1986-12-23,241497.16,fred_cmt,0.07
1986-12-24,241618.65,fred_cmt,0.07
1986-12-26,241481.07,fred_cmt,0.07
1986-12-29,239344.86,fred_cmt,0.07
1986-12-30,238022.03,fred_cmt,0.07
1986-12-31,237879.39,fred_cmt,0.07
1987-01-02,239223.06,fred_cmt,0.07
1987-01-05,241561.80,fred_cmt,0.07
1987-01-06,241620.52,fred_cmt,0.07
1987-01-07,242317.85,fred_cmt,0.07
1987-01-08,242547.45,fred_cmt,0.07
1987-01-09,243263.87,fred_cmt,0.07
1987-01-12,242269.41,fred_cmt,0.07
1987-01-13,241091.59,fred_cmt,0.07
1987-01-14,240793.50,fred_cmt,0.07
1987-01-15,241504.53,fred_cmt,0.07
1987-01-16,242732.58,fred_cmt,0.07
1987-01-20,243211.66,fred_cmt,0.07
1987-01-21,243207.22,fred_cmt,0.07
1987-01-22,242708.70,fred_cmt,0.07
1987-01-23,241820.19,fred_cmt,0.07
1987-01-26,239359.22,fred_cmt,0.07
1987-01-27,239548.70,fred_cmt,0.07
1987-01-28,240308.84,fred_cmt,0.07
1987-01-29,240302.83,fred_cmt,0.07
1987-01-30,239269.89,fred_cmt,0.07
1987-02-02,238089.85,fred_cmt,0.07
1987-02-03,237607.39,fred_cmt,0.07
1987-02-04,238080.34,fred_cmt,0.07
1987-02-05,238811.59,fred_cmt,0.07
1987-02-06,239091.18,fred_cmt,0.07
1987-02-09,237698.56,fred_cmt,0.07
1987-02-10,235778.05,fred_cmt,0.07
1987-02-11,234976.96,fred_cmt,0.07
1987-02-12,236337.10,fred_cmt,0.07
1987-02-13,236922.60,fred_cmt,0.07
1987-02-17,235759.30,fred_cmt,0.07
1987-02-18,236418.90,fred_cmt,0.07
1987-02-19,237965.81,fred_cmt,0.07
1987-02-20,237737.13,fred_cmt,0.07
1987-02-23,238041.59,fred_cmt,0.07
1987-02-24,239231.28,fred_cmt,0.07
1987-02-25,238590.26,fred_cmt,0.07
1987-02-26,238602.04,fred_cmt,0.07
1987-02-27,239035.96,fred_cmt,0.07
1987-03-02,239565.10,fred_cmt,0.07
1987-03-03,238626.12,fred_cmt,0.07
1987-03-04,240226.04,fred_cmt,0.07
1987-03-05,239803.37,fred_cmt,0.07
1987-03-06,238176.62,fred_cmt,0.07
1987-03-09,238144.89,fred_cmt,0.07
1987-03-10,238126.94,fred_cmt,0.07
1987-03-11,238126.50,fred_cmt,0.07
1987-03-12,238333.93,fred_cmt,0.07
1987-03-13,239055.54,fred_cmt,0.07
1987-03-16,238338.06,fred_cmt,0.07
1987-03-17,238754.90,fred_cmt,0.07
1987-03-18,238493.19,fred_cmt,0.07
1987-03-19,238546.43,fred_cmt,0.07
1987-03-20,238271.94,fred_cmt,0.07
1987-03-23,237600.91,fred_cmt,0.07
1987-03-24,237122.87,fred_cmt,0.07
1987-03-25,237342.90,fred_cmt,0.07
1987-03-26,237973.96,fred_cmt,0.07
1987-03-27,235880.00,fred_cmt,0.07
1987-03-30,230974.64,fred_cmt,0.08
1987-03-31,231613.08,fred_cmt,0.08
1987-04-01,229785.28,fred_cmt,0.08
1987-04-02,229744.22,fred_cmt,0.08
1987-04-03,229721.54,fred_cmt,0.08
1987-04-06,230862.73,fred_cmt,0.08
1987-04-07,229008.98,fred_cmt,0.08
1987-04-08,229291.42,fred_cmt,0.08
1987-04-09,225464.98,fred_cmt,0.08
1987-04-10,221391.57,fred_cmt,0.08
1987-04-13,219564.37,fred_cmt,0.08
1987-04-14,215292.71,fred_cmt,0.08
1987-04-15,218764.17,fred_cmt,0.08
1987-04-16,220256.20,fred_cmt,0.08
1987-04-20,216611.33,fred_cmt,0.08
1987-04-21,216819.08,fred_cmt,0.08
1987-04-22,215782.62,fred_cmt,0.08
1987-04-23,212923.98,fred_cmt,0.08
1987-04-24,210964.74,fred_cmt,0.08
1987-04-27,213231.86,fred_cmt,0.08
1987-04-28,215106.71,fred_cmt,0.08
1987-04-29,213576.37,fred_cmt,0.08
1987-04-30,216442.22,fred_cmt,0.08
1987-05-01,212745.65,fred_cmt,0.08
1987-05-04,210129.61,fred_cmt,0.09
1987-05-05,211621.32,fred_cmt,0.08
1987-05-06,209631.24,fred_cmt,0.09
1987-05-07,210677.97,fred_cmt,0.09
1987-05-08,212004.22,fred_cmt,0.08
1987-05-11,209050.94,fred_cmt,0.09
1987-05-12,209578.02,fred_cmt,0.09
1987-05-13,209585.18,fred_cmt,0.09
1987-05-14,209214.18,fred_cmt,0.09
1987-05-15,204748.30,fred_cmt,0.09
1987-05-18,206180.83,fred_cmt,0.09
1987-05-19,202799.94,fred_cmt,0.09
1987-05-20,202344.57,fred_cmt,0.09
1987-05-21,203313.40,fred_cmt,0.09
1987-05-22,205075.09,fred_cmt,0.09
1987-05-26,209869.00,fred_cmt,0.09
1987-05-27,208769.81,fred_cmt,0.09
1987-05-28,209496.18,fred_cmt,0.09
1987-05-29,210955.67,fred_cmt,0.08
1987-06-01,211743.73,fred_cmt,0.08
1987-06-02,206062.82,fred_cmt,0.09
1987-06-03,207810.50,fred_cmt,0.09
1987-06-04,208938.04,fred_cmt,0.09
1987-06-05,210645.15,fred_cmt,0.09
1987-06-08,209982.92,fred_cmt,0.09
1987-06-09,209335.46,fred_cmt,0.09
1987-06-10,209179.38,fred_cmt,0.09
1987-06-11,210048.08,fred_cmt,0.09
1987-06-12,214228.33,fred_cmt,0.08
1987-06-15,215065.80,fred_cmt,0.08
1987-06-16,215060.00,fred_cmt,0.08
1987-06-17,216124.56,fred_cmt,0.08
1987-06-18,215322.22,fred_cmt,0.08
1987-06-19,214628.31,fred_cmt,0.08
1987-06-22,216179.63,fred_cmt,0.08
1987-06-23,216213.23,fred_cmt,0.08
1987-06-24,214609.36,fred_cmt,0.08
1987-06-25,216028.63,fred_cmt,0.08
1987-06-26,213494.77,fred_cmt,0.08
1987-06-29,213990.27,fred_cmt,0.08
1987-06-30,213155.30,fred_cmt,0.08
1987-07-01,213483.93,fred_cmt,0.08
1987-07-02,214780.70,fred_cmt,0.08
1987-07-06,215039.73,fred_cmt,0.08
1987-07-07,215314.39,fred_cmt,0.08
1987-07-08,214386.67,fred_cmt,0.08
1987-07-09,213235.63,fred_cmt,0.08
1987-07-10,214280.07,fred_cmt,0.08
1987-07-13,212966.93,fred_cmt,0.08
1987-07-14,213904.03,fred_cmt,0.08
1987-07-15,211770.13,fred_cmt,0.08
1987-07-16,212233.50,fred_cmt,0.08
1987-07-17,213323.08,fred_cmt,0.08
1987-07-20,212200.82,fred_cmt,0.08
1987-07-21,210464.75,fred_cmt,0.08
1987-07-22,209352.20,fred_cmt,0.09
1987-07-23,208935.78,fred_cmt,0.09
1987-07-24,208559.13,fred_cmt,0.09
1987-07-27,208220.32,fred_cmt,0.09
1987-07-28,207829.02,fred_cmt,0.09
1987-07-29,208024.98,fred_cmt,0.09
1987-07-30,208107.85,fred_cmt,0.09
1987-07-31,207054.38,fred_cmt,0.09
1987-08-03,204080.75,fred_cmt,0.09
1987-08-04,204014.66,fred_cmt,0.09
1987-08-05,206025.31,fred_cmt,0.09
1987-08-06,205622.61,fred_cmt,0.09
1987-08-07,206286.25,fred_cmt,0.09
1987-08-10,205513.25,fred_cmt,0.09
1987-08-11,205596.84,fred_cmt,0.09
1987-08-12,205763.78,fred_cmt,0.09
1987-08-13,207647.60,fred_cmt,0.09
1987-08-14,208762.25,fred_cmt,0.09
1987-08-17,209159.04,fred_cmt,0.09
1987-08-18,205609.53,fred_cmt,0.09
1987-08-19,204879.07,fred_cmt,0.09
1987-08-20,205573.34,fred_cmt,0.09
1987-08-21,204960.82,fred_cmt,0.09
1987-08-24,204723.23,fred_cmt,0.09
1987-08-25,205776.93,fred_cmt,0.09
1987-08-26,204639.83,fred_cmt,0.09
1987-08-27,202035.18,fred_cmt,0.09
1987-08-28,200089.29,fred_cmt,0.09
1987-08-31,200428.99,fred_cmt,0.09
1987-09-01,199398.46,fred_cmt,0.09
1987-09-02,194933.45,fred_cmt,0.09
1987-09-03,194771.97,fred_cmt,0.09
1987-09-04,194755.97,fred_cmt,0.09
1987-09-08,191021.30,fred_cmt,0.10
1987-09-09,191237.85,fred_cmt,0.09
1987-09-10,192430.32,fred_cmt,0.09
1987-09-11,194148.49,fred_cmt,0.09
1987-09-14,193907.88,fred_cmt,0.09
1987-09-15,191851.81,fred_cmt,0.09
1987-09-16,190418.47,fred_cmt,0.10
1987-09-17,191220.73,fred_cmt,0.09
1987-09-18,193157.17,fred_cmt,0.09
1987-09-21,191797.42,fred_cmt,0.09
1987-09-22,193477.54,fred_cmt,0.09
1987-09-23,192862.95,fred_cmt,0.09
1987-09-24,190779.61,fred_cmt,0.10
1987-09-25,190509.88,fred_cmt,0.10
1987-09-28,190654.83,fred_cmt,0.10
1987-09-29,188472.96,fred_cmt,0.10
1987-09-30,188687.02,fred_cmt,0.10
1987-10-01,188133.13,fred_cmt,0.10
1987-10-02,189407.78,fred_cmt,0.10
1987-10-05,187723.49,fred_cmt,0.10
1987-10-06,187270.05,fred_cmt,0.10
1987-10-07,187589.48,fred_cmt,0.10
1987-10-08,185190.26,fred_cmt,0.10
1987-10-09,183695.30,fred_cmt,0.10
1987-10-13,184350.05,fred_cmt,0.10
1987-10-14,180421.20,fred_cmt,0.10
1987-10-15,179453.47,fred_cmt,0.10
1987-10-16,178640.77,fred_cmt,0.10
1987-10-19,179427.81,fred_cmt,0.10
1987-10-20,192728.11,fred_cmt,0.09
1987-10-21,194278.14,fred_cmt,0.09
1987-10-22,200670.51,fred_cmt,0.09
1987-10-23,200578.38,fred_cmt,0.09
1987-10-26,204135.52,fred_cmt,0.09
1987-10-27,201860.29,fred_cmt,0.09
1987-10-28,199902.63,fred_cmt,0.09
1987-10-29,202105.47,fred_cmt,0.09
1987-10-30,202513.23,fred_cmt,0.09
1987-11-02,200596.44,fred_cmt,0.09
1987-11-03,202013.11,fred_cmt,0.09
1987-11-04,203307.79,fred_cmt,0.09
1987-11-05,205833.69,fred_cmt,0.09
1987-11-06,205075.02,fred_cmt,0.09
1987-11-09,204749.94,fred_cmt,0.09
1987-11-10,204468.38,fred_cmt,0.09
1987-11-12,204328.56,fred_cmt,0.09
1987-11-13,203620.97,fred_cmt,0.09
1987-11-16,204097.59,fred_cmt,0.09
1987-11-17,203177.29,fred_cmt,0.09
1987-11-18,203402.65,fred_cmt,0.09
1987-11-19,203765.75,fred_cmt,0.09
1987-11-20,204598.47,fred_cmt,0.09
1987-11-23,204434.39,fred_cmt,0.09
1987-11-24,202397.30,fred_cmt,0.09
1987-11-25,200678.58,fred_cmt,0.09
1987-11-27,198166.09,fred_cmt,0.09
1987-11-30,200333.62,fred_cmt,0.09
1987-12-01,199872.62,fred_cmt,0.09
1987-12-02,199895.98,fred_cmt,0.09
1987-12-03,201236.63,fred_cmt,0.09
1987-12-04,201146.31,fred_cmt,0.09
1987-12-07,198736.11,fred_cmt,0.09
1987-12-08,198284.48,fred_cmt,0.09
1987-12-09,199104.49,fred_cmt,0.09
1987-12-10,195605.99,fred_cmt,0.09
1987-12-11,194631.41,fred_cmt,0.09
1987-12-14,195573.81,fred_cmt,0.09
1987-12-15,198403.58,fred_cmt,0.09
1987-12-16,200314.50,fred_cmt,0.09
1987-12-17,199727.07,fred_cmt,0.09
1987-12-18,202641.81,fred_cmt,0.09
1987-12-21,202710.95,fred_cmt,0.09
1987-12-22,201496.19,fred_cmt,0.09
1987-12-23,204051.29,fred_cmt,0.09
1987-12-24,204207.74,fred_cmt,0.09
1987-12-28,201980.16,fred_cmt,0.09
1987-12-29,203548.04,fred_cmt,0.09
1987-12-30,204841.30,fred_cmt,0.09
1987-12-31,203755.69,fred_cmt,0.09
1988-01-04,203720.39,fred_cmt,0.09
1988-01-05,205179.70,fred_cmt,0.09
1988-01-06,203898.75,fred_cmt,0.09
1988-01-07,203768.95,fred_cmt,0.09
1988-01-08,200975.15,fred_cmt,0.09
1988-01-11,201447.39,fred_cmt,0.09
1988-01-12,201608.59,fred_cmt,0.09
1988-01-13,202837.80,fred_cmt,0.09
1988-01-14,203008.18,fred_cmt,0.09
1988-01-15,208411.25,fred_cmt,0.09
1988-01-19,207435.43,fred_cmt,0.09
1988-01-20,208171.48,fred_cmt,0.09
1988-01-21,209870.32,fred_cmt,0.09
1988-01-22,210652.39,fred_cmt,0.08
1988-01-25,211534.50,fred_cmt,0.08
1988-01-26,209668.53,fred_cmt,0.09
1988-01-27,212959.12,fred_cmt,0.08
1988-01-28,213973.29,fred_cmt,0.08
1988-01-29,215414.96,fred_cmt,0.08
1988-02-01,215428.73,fred_cmt,0.08
1988-02-02,217203.94,fred_cmt,0.08
1988-02-03,216385.53,fred_cmt,0.08
1988-02-04,215592.76,fred_cmt,0.08
1988-02-05,218064.57,fred_cmt,0.08
1988-02-08,216628.23,fred_cmt,0.08
1988-02-09,217176.37,fred_cmt,0.08
1988-02-10,218257.05,fred_cmt,0.08
1988-02-11,217181.48,fred_cmt,0.08
1988-02-12,214698.43,fred_cmt,0.08
1988-02-16,214068.73,fred_cmt,0.08
1988-02-17,213835.52,fred_cmt,0.08
1988-02-18,214672.20,fred_cmt,0.08
1988-02-19,215043.37,fred_cmt,0.08
1988-02-22,215509.31,fred_cmt,0.08
1988-02-23,217086.81,fred_cmt,0.08
1988-02-24,216855.75,fred_cmt,0.08
1988-02-25,215799.35,fred_cmt,0.08
1988-02-26,216859.06,fred_cmt,0.08
1988-02-29,217298.73,fred_cmt,0.08
1988-03-01,217378.31,fred_cmt,0.08
1988-03-02,217867.20,fred_cmt,0.08
1988-03-03,218145.69,fred_cmt,0.08
1988-03-04,214737.22,fred_cmt,0.08
1988-03-07,214299.34,fred_cmt,0.08
1988-03-08,213606.48,fred_cmt,0.08
1988-03-09,213730.42,fred_cmt,0.08
1988-03-10,213123.88,fred_cmt,0.08
1988-03-11,214293.66,fred_cmt,0.08
1988-03-14,214285.70,fred_cmt,0.08
1988-03-15,214072.72,fred_cmt,0.08
1988-03-16,212737.23,fred_cmt,0.08
1988-03-17,213985.08,fred_cmt,0.08
1988-03-18,211525.23,fred_cmt,0.08
1988-03-21,210422.17,fred_cmt,0.08
1988-03-22,210647.92,fred_cmt,0.08
1988-03-23,210410.09,fred_cmt,0.08
1988-03-24,209748.81,fred_cmt,0.09
1988-03-25,210550.41,fred_cmt,0.08
1988-03-28,208163.78,fred_cmt,0.09
1988-03-29,208656.41,fred_cmt,0.09
1988-03-30,208393.89,fred_cmt,0.09
1988-03-31,208428.96,fred_cmt,0.09
1988-04-04,206314.14,fred_cmt,0.09
1988-04-05,206600.79,fred_cmt,0.09
1988-04-06,207844.15,fred_cmt,0.09
1988-04-07,208030.32,fred_cmt,0.09
1988-04-08,209698.82,fred_cmt,0.09
1988-04-11,208174.83,fred_cmt,0.09
1988-04-12,208672.75,fred_cmt,0.09
1988-04-13,208912.12,fred_cmt,0.09
1988-04-14,206568.81,fred_cmt,0.09
1988-04-15,205233.38,fred_cmt,0.09
1988-04-18,203769.36,fred_cmt,0.09
1988-04-19,203684.85,fred_cmt,0.09
1988-04-20,203387.98,fred_cmt,0.09
1988-04-21,203629.46,fred_cmt,0.09
1988-04-22,204376.67,fred_cmt,0.09
1988-04-25,204412.33,fred_cmt,0.09
1988-04-26,203996.24,fred_cmt,0.09
1988-04-27,203998.17,fred_cmt,0.09
1988-04-28,202820.65,fred_cmt,0.09
1988-04-29,202668.74,fred_cmt,0.09
1988-05-02,201350.97,fred_cmt,0.09
1988-05-03,202329.67,fred_cmt,0.09
1988-05-04,202156.80,fred_cmt,0.09
1988-05-05,201845.78,fred_cmt,0.09
1988-05-06,200195.39,fred_cmt,0.09
1988-05-09,199897.87,fred_cmt,0.09
1988-05-10,199147.63,fred_cmt,0.09
1988-05-11,199375.68,fred_cmt,0.09
1988-05-12,199633.75,fred_cmt,0.09
1988-05-13,200457.07,fred_cmt,0.09
1988-05-16,200261.30,fred_cmt,0.09
1988-05-17,198224.46,fred_cmt,0.09
1988-05-18,196713.04,fred_cmt,0.09
1988-05-19,196930.38,fred_cmt,0.09
1988-05-20,196157.94,fred_cmt,0.09
1988-05-23,196000.86,fred_cmt,0.09
1988-05-24,196271.88,fred_cmt,0.09
1988-05-25,196707.53,fred_cmt,0.09
1988-05-26,196578.37,fred_cmt,0.09
1988-05-27,196074.62,fred_cmt,0.09
1988-05-31,196837.70,fred_cmt,0.09
1988-06-01,200150.08,fred_cmt,0.09
1988-06-02,199378.50,fred_cmt,0.09
1988-06-03,201314.72,fred_cmt,0.09
1988-06-06,201311.18,fred_cmt,0.09
1988-06-07,200265.60,fred_cmt,0.09
1988-06-08,202194.50,fred_cmt,0.09
1988-06-09,201410.97,fred_cmt,0.09
1988-06-10,202179.83,fred_cmt,0.09
1988-06-13,202422.77,fred_cmt,0.09
1988-06-14,206763.27,fred_cmt,0.09
1988-06-15,206383.17,fred_cmt,0.09
1988-06-16,202827.43,fred_cmt,0.09
1988-06-17,200298.68,fred_cmt,0.09
1988-06-20,200432.66,fred_cmt,0.09
1988-06-21,200238.46,fred_cmt,0.09
1988-06-22,202874.34,fred_cmt,0.09
1988-06-23,203383.35,fred_cmt,0.09
1988-06-24,203978.74,fred_cmt,0.09
1988-06-27,202177.72,fred_cmt,0.09
1988-06-28,203579.77,fred_cmt,0.09
1988-06-29,203284.78,fred_cmt,0.09
1988-06-30,204462.21,fred_cmt,0.09
1988-07-01,205446.19,fred_cmt,0.09
1988-07-05,204459.91,fred_cmt,0.09
1988-07-06,202625.90,fred_cmt,0.09
1988-07-07,201912.17,fred_cmt,0.09
1988-07-08,200195.25,fred_cmt,0.09
1988-07-11,200648.96,fred_cmt,0.09
1988-07-12,199516.17,fred_cmt,0.09
1988-07-13,198593.44,fred_cmt,0.09
1988-07-14,198707.86,fred_cmt,0.09
1988-07-15,199505.07,fred_cmt,0.09
1988-07-18,198096.03,fred_cmt,0.09
1988-07-19,199008.45,fred_cmt,0.09
1988-07-20,198742.88,fred_cmt,0.09
1988-07-21,197899.95,fred_cmt,0.09
1988-07-22,198861.49,fred_cmt,0.09
1988-07-25,199709.55,fred_cmt,0.09
1988-07-26,199337.33,fred_cmt,0.09
1988-07-27,198415.31,fred_cmt,0.09
1988-07-28,197989.76,fred_cmt,0.09
1988-07-29,198745.15,fred_cmt,0.09
1988-08-01,199722.55,fred_cmt,0.09
1988-08-02,201169.68,fred_cmt,0.09
1988-08-03,200437.43,fred_cmt,0.09
1988-08-04,201466.26,fred_cmt,0.09
1988-08-05,199120.03,fred_cmt,0.09
1988-08-08,199233.49,fred_cmt,0.09
1988-08-09,197758.08,fred_cmt,0.09
1988-08-10,195609.63,fred_cmt,0.09
1988-08-11,194656.08,fred_cmt,0.09
1988-08-12,194425.60,fred_cmt,0.09
1988-08-15,194210.07,fred_cmt,0.09
1988-08-16,194742.95,fred_cmt,0.09
1988-08-17,194165.86,fred_cmt,0.09
1988-08-18,194767.60,fred_cmt,0.09
1988-08-19,194767.60,fred_cmt,0.09
1988-08-22,194372.43,fred_cmt,0.09
1988-08-23,195315.47,fred_cmt,0.09
1988-08-24,194895.72,fred_cmt,0.09
1988-08-25,193600.00,fred_cmt,0.09
1988-08-26,194199.88,fred_cmt,0.09
1988-08-29,195698.03,fred_cmt,0.09
1988-08-30,196312.46,fred_cmt,0.09
1988-08-31,196695.38,fred_cmt,0.09
1988-09-01,196637.73,fred_cmt,0.09
1988-09-02,201517.03,fred_cmt,0.09
1988-09-06,201662.21,fred_cmt,0.09
1988-09-07,201691.31,fred_cmt,0.09
1988-09-08,201647.16,fred_cmt,0.09
1988-09-09,202816.23,fred_cmt,0.09
1988-09-12,202019.88,fred_cmt,0.09
1988-09-13,202586.42,fred_cmt,0.09
1988-09-14,203744.97,fred_cmt,0.09
1988-09-15,203155.48,fred_cmt,0.09
1988-09-16,202790.29,fred_cmt,0.09
1988-09-19,201940.81,fred_cmt,0.09
1988-09-20,201971.95,fred_cmt,0.09
1988-09-21,202737.87,fred_cmt,0.09
1988-09-22,202325.78,fred_cmt,0.09
1988-09-23,202022.99,fred_cmt,0.09
1988-09-26,201436.32,fred_cmt,0.09
1988-09-27,200726.03,fred_cmt,0.09
1988-09-28,200301.95,fred_cmt,0.09
1988-09-29,201846.43,fred_cmt,0.09
1988-09-30,203961.38,fred_cmt,0.09
1988-10-03,204522.17,fred_cmt,0.09
1988-10-04,203940.76,fred_cmt,0.09
1988-10-05,203914.17,fred_cmt,0.09
1988-10-06,204000.02,fred_cmt,0.09
1988-10-07,207307.55,fred_cmt,0.09
1988-10-11,206269.24,fred_cmt,0.09
1988-10-12,204557.47,fred_cmt,0.09
1988-10-13,204557.93,fred_cmt,0.09
1988-10-14,205172.27,fred_cmt,0.09
1988-10-17,205600.45,fred_cmt,0.09
1988-10-18,205781.30,fred_cmt,0.09
1988-10-19,205008.91,fred_cmt,0.09
1988-10-20,205715.50,fred_cmt,0.09
1988-10-21,204905.04,fred_cmt,0.09
1988-10-24,204835.96,fred_cmt,0.09
1988-10-25,204817.83,fred_cmt,0.09
1988-10-26,205487.68,fred_cmt,0.09
1988-10-27,206926.55,fred_cmt,0.09
1988-10-28,207618.73,fred_cmt,0.09
1988-10-31,208537.62,fred_cmt,0.09
1988-11-01,207902.21,fred_cmt,0.09
1988-11-02,206899.71,fred_cmt,0.09
1988-11-03,207778.59,fred_cmt,0.09
1988-11-04,204665.73,fred_cmt,0.09
1988-11-07,203525.36,fred_cmt,0.09
1988-11-08,203477.93,fred_cmt,0.09
1988-11-09,203398.02,fred_cmt,0.09
1988-11-10,203625.20,fred_cmt,0.09
1988-11-14,203512.43,fred_cmt,0.09
1988-11-15,203396.26,fred_cmt,0.09
1988-11-16,201842.14,fred_cmt,0.09
1988-11-17,200667.31,fred_cmt,0.09
1988-11-18,200883.07,fred_cmt,0.09
1988-11-21,201128.42,fred_cmt,0.09
1988-11-22,200343.25,fred_cmt,0.09
1988-11-23,200502.48,fred_cmt,0.09
1988-11-25,198843.34,fred_cmt,0.09
1988-11-28,199113.69,fred_cmt,0.09
1988-11-29,199632.38,fred_cmt,0.09
1988-11-30,200832.94,fred_cmt,0.09
1988-12-01,201858.69,fred_cmt,0.09
1988-12-02,198827.98,fred_cmt,0.09
1988-12-05,199809.23,fred_cmt,0.09
1988-12-06,203240.55,fred_cmt,0.09
1988-12-07,202336.63,fred_cmt,0.09
1988-12-08,202073.84,fred_cmt,0.09
1988-12-09,201165.48,fred_cmt,0.09
1988-12-12,201103.76,fred_cmt,0.09
1988-12-13,199907.04,fred_cmt,0.09
1988-12-14,199060.11,fred_cmt,0.09
1988-12-15,199072.28,fred_cmt,0.09
1988-12-16,199432.92,fred_cmt,0.09
1988-12-19,199768.45,fred_cmt,0.09
1988-12-20,201141.80,fred_cmt,0.09
1988-12-21,201290.72,fred_cmt,0.09
1988-12-22,201321.66,fred_cmt,0.09
1988-12-23,201684.32,fred_cmt,0.09
1988-12-27,200278.00,fred_cmt,0.09
1988-12-28,198785.64,fred_cmt,0.09
1988-12-29,199319.63,fred_cmt,0.09
1988-12-30,200003.15,fred_cmt,0.09
1989-01-03,198284.44,fred_cmt,0.09
1989-01-04,198482.70,fred_cmt,0.09
1989-01-05,197673.66,fred_cmt,0.09
1989-01-06,198136.37,fred_cmt,0.09
1989-01-09,198458.83,fred_cmt,0.09
1989-01-10,198273.36,fred_cmt,0.09
1989-01-11,198298.14,fred_cmt,0.09
1989-01-12,200152.61,fred_cmt,0.09
1989-01-13,201744.20,fred_cmt,0.09
1989-01-17,201791.08,fred_cmt,0.09
1989-01-18,203118.71,fred_cmt,0.09
1989-01-19,202829.82,fred_cmt,0.09
1989-01-20,202318.11,fred_cmt,0.09
1989-01-23,202845.93,fred_cmt,0.09
1989-01-24,204256.39,fred_cmt,0.09
1989-01-25,203166.56,fred_cmt,0.09
1989-01-26,203265.13,fred_cmt,0.09
1989-01-27,204010.44,fred_cmt,0.09
1989-01-30,202960.79,fred_cmt,0.09
1989-01-31,202859.34,fred_cmt,0.09
1989-02-01,203173.75,fred_cmt,0.09
1989-02-02,203385.28,fred_cmt,0.09
1989-02-03,202917.84,fred_cmt,0.09
1989-02-06,202943.00,fred_cmt,0.09
1989-02-07,203895.80,fred_cmt,0.09
1989-02-08,204037.69,fred_cmt,0.09
1989-02-09,200382.77,fred_cmt,0.09
1989-02-10,199339.74,fred_cmt,0.09
1989-02-13,199163.06,fred_cmt,0.09
1989-02-14,198565.20,fred_cmt,0.09
1989-02-15,198745.49,fred_cmt,0.09
1989-02-16,198986.74,fred_cmt,0.09
1989-02-17,199150.71,fred_cmt,0.09
1989-02-21,198783.95,fred_cmt,0.09
1989-02-22,197525.84,fred_cmt,0.09
1989-02-23,196254.43,fred_cmt,0.09
1989-02-24,195960.86,fred_cmt,0.09
1989-02-27,196311.83,fred_cmt,0.09
1989-02-28,196964.22,fred_cmt,0.09
1989-03-01,196170.48,fred_cmt,0.09
1989-03-02,197132.82,fred_cmt,0.09
1989-03-03,197160.43,fred_cmt,0.09
1989-03-06,198066.65,fred_cmt,0.09
1989-03-07,198137.96,fred_cmt,0.09
1989-03-08,198757.12,fred_cmt,0.09
1989-03-09,198578.59,fred_cmt,0.09
1989-03-10,196906.22,fred_cmt,0.09
1989-03-13,196717.14,fred_cmt,0.09
1989-03-14,197260.75,fred_cmt,0.09
1989-03-15,197397.85,fred_cmt,0.09
1989-03-16,197558.16,fred_cmt,0.09
1989-03-17,194125.96,fred_cmt,0.09
1989-03-20,193572.99,fred_cmt,0.10
1989-03-21,193641.54,fred_cmt,0.10
1989-03-22,194956.76,fred_cmt,0.09
1989-03-23,195356.99,fred_cmt,0.09
1989-03-27,195250.58,fred_cmt,0.09
1989-03-28,195861.25,fred_cmt,0.09
1989-03-29,196750.23,fred_cmt,0.09
1989-03-30,197133.18,fred_cmt,0.09
1989-03-31,197804.45,fred_cmt,0.09
1989-04-03,199248.40,fred_cmt,0.09
1989-04-04,199934.19,fred_cmt,0.09
1989-04-05,199911.66,fred_cmt,0.09
1989-04-06,199365.47,fred_cmt,0.09
1989-04-07,198004.20,fred_cmt,0.09
1989-04-10,198025.63,fred_cmt,0.09
1989-04-11,198016.40,fred_cmt,0.09
1989-04-12,197705.42,fred_cmt,0.09
1989-04-13,196924.10,fred_cmt,0.09
1989-04-14,199620.38,fred_cmt,0.09
1989-04-17,199302.55,fred_cmt,0.09
1989-04-18,201831.05,fred_cmt,0.09
1989-04-19,201441.46,fred_cmt,0.09
1989-04-20,199351.82,fred_cmt,0.09
1989-04-21,200298.40,fred_cmt,0.09
1989-04-24,200301.59,fred_cmt,0.09
1989-04-25,200846.73,fred_cmt,0.09
1989-04-26,200961.27,fred_cmt,0.09
1989-04-27,202013.16,fred_cmt,0.09
1989-04-28,202536.32,fred_cmt,0.09
1989-05-01,200388.58,fred_cmt,0.09
1989-05-02,201422.70,fred_cmt,0.09
1989-05-03,201778.13,fred_cmt,0.09
1989-05-04,201663.56,fred_cmt,0.09
1989-05-05,202843.36,fred_cmt,0.09
1989-05-08,201894.04,fred_cmt,0.09
1989-05-09,199814.35,fred_cmt,0.09
1989-05-10,199539.82,fred_cmt,0.09
1989-05-11,200550.56,fred_cmt,0.09
1989-05-12,206016.90,fred_cmt,0.09
1989-05-15,205932.73,fred_cmt,0.09
1989-05-16,206002.68,fred_cmt,0.09
1989-05-17,206448.61,fred_cmt,0.09
1989-05-18,206955.53,fred_cmt,0.09
1989-05-19,208357.44,fred_cmt,0.09
1989-05-22,210978.25,fred_cmt,0.09
1989-05-23,210525.58,fred_cmt,0.09
1989-05-24,209950.06,fred_cmt,0.09
1989-05-25,209197.44,fred_cmt,0.09
1989-05-26,209406.58,fred_cmt,0.09
1989-05-30,209728.99,fred_cmt,0.09
1989-05-31,210521.49,fred_cmt,0.09
1989-06-01,210296.47,fred_cmt,0.09
1989-06-02,213613.95,fred_cmt,0.08
1989-06-05,214923.55,fred_cmt,0.08
1989-06-06,215037.17,fred_cmt,0.08
1989-06-07,216843.25,fred_cmt,0.08
1989-06-08,216894.16,fred_cmt,0.08
1989-06-09,219630.62,fred_cmt,0.08
1989-06-12,219498.66,fred_cmt,0.08
1989-06-13,217616.93,fred_cmt,0.08
1989-06-14,218645.56,fred_cmt,0.08
1989-06-15,215965.25,fred_cmt,0.08
1989-06-16,215657.30,fred_cmt,0.08
1989-06-19,215130.07,fred_cmt,0.08
1989-06-20,216398.73,fred_cmt,0.08
1989-06-21,215210.50,fred_cmt,0.08
1989-06-22,214977.03,fred_cmt,0.08
1989-06-23,217627.71,fred_cmt,0.08
1989-06-26,219069.27,fred_cmt,0.08
1989-06-27,220554.20,fred_cmt,0.08
1989-06-28,219291.49,fred_cmt,0.08
1989-06-29,220225.59,fred_cmt,0.08
1989-06-30,220597.68,fred_cmt,0.08
1989-07-03,220626.59,fred_cmt,0.08
1989-07-05,219939.23,fred_cmt,0.08
1989-07-06,220578.01,fred_cmt,0.08
1989-07-07,221871.62,fred_cmt,0.08
1989-07-10,222514.62,fred_cmt,0.08
1989-07-11,222241.92,fred_cmt,0.08
1989-07-12,222437.37,fred_cmt,0.08
1989-07-13,222399.32,fred_cmt,0.08
1989-07-14,221589.60,fred_cmt,0.08
1989-07-17,221332.54,fred_cmt,0.08
1989-07-18,219737.36,fred_cmt,0.08
1989-07-19,220474.21,fred_cmt,0.08
1989-07-20,222085.80,fred_cmt,0.08
1989-07-21,220904.75,fred_cmt,0.08
1989-07-24,221323.96,fred_cmt,0.08
1989-07-25,222043.24,fred_cmt,0.08
1989-07-26,221958.80,fred_cmt,0.08
1989-07-27,223966.47,fred_cmt,0.08
1989-07-28,225037.87,fred_cmt,0.08
1989-07-31,226180.11,fred_cmt,0.08
1989-08-01,227997.12,fred_cmt,0.08
1989-08-02,227614.33,fred_cmt,0.08
1989-08-03,226682.78,fred_cmt,0.08
1989-08-04,222559.28,fred_cmt,0.08
1989-08-07,222087.15,fred_cmt,0.08
1989-08-08,222515.89,fred_cmt,0.08
1989-08-09,221509.19,fred_cmt,0.08
1989-08-10,222139.50,fred_cmt,0.08
1989-08-11,220762.48,fred_cmt,0.08
1989-08-14,217645.83,fred_cmt,0.08
1989-08-15,218390.21,fred_cmt,0.08
1989-08-16,220156.67,fred_cmt,0.08
1989-08-17,218998.84,fred_cmt,0.08
1989-08-18,219668.88,fred_cmt,0.08
1989-08-21,218615.89,fred_cmt,0.08
1989-08-22,216825.58,fred_cmt,0.08
1989-08-23,217621.11,fred_cmt,0.08
1989-08-24,218651.78,fred_cmt,0.08
1989-08-25,218449.51,fred_cmt,0.08
1989-08-28,217216.35,fred_cmt,0.08
1989-08-29,217297.58,fred_cmt,0.08
1989-08-30,217660.14,fred_cmt,0.08
1989-08-31,217408.73,fred_cmt,0.08
1989-09-01,218880.44,fred_cmt,0.08
1989-09-05,218946.64,fred_cmt,0.08
1989-09-06,219385.05,fred_cmt,0.08
1989-09-07,219317.05,fred_cmt,0.08
1989-09-08,219911.73,fred_cmt,0.08
1989-09-11,220040.75,fred_cmt,0.08
1989-09-12,219906.01,fred_cmt,0.08
1989-09-13,218875.99,fred_cmt,0.08
1989-09-14,219841.56,fred_cmt,0.08
1989-09-15,220648.47,fred_cmt,0.08
1989-09-18,220501.00,fred_cmt,0.08
1989-09-19,220738.80,fred_cmt,0.08
1989-09-20,219551.02,fred_cmt,0.08
1989-09-21,218473.83,fred_cmt,0.08
1989-09-22,218057.02,fred_cmt,0.08
1989-09-25,215968.03,fred_cmt,0.08
1989-09-26,216505.02,fred_cmt,0.08
1989-09-27,216485.02,fred_cmt,0.08
1989-09-28,216519.83,fred_cmt,0.08
1989-09-29,216368.39,fred_cmt,0.08
1989-10-02,217050.61,fred_cmt,0.08
1989-10-03,217976.03,fred_cmt,0.08
1989-10-04,218259.78,fred_cmt,0.08
1989-10-05,219743.58,fred_cmt,0.08
1989-10-06,222015.51,fred_cmt,0.08
1989-10-10,221968.61,fred_cmt,0.08
1989-10-11,221167.69,fred_cmt,0.08
1989-10-12,221788.43,fred_cmt,0.08
1989-10-13,225339.69,fred_cmt,0.08
1989-10-16,222992.29,fred_cmt,0.08
1989-10-17,222506.59,fred_cmt,0.08
1989-10-18,222170.66,fred_cmt,0.08
1989-10-19,223429.07,fred_cmt,0.08
1989-10-20,223032.71,fred_cmt,0.08
1989-10-23,224290.36,fred_cmt,0.08
1989-10-24,225376.76,fred_cmt,0.08
1989-10-25,225513.24,fred_cmt,0.08
1989-10-26,225084.42,fred_cmt,0.08
1989-10-27,223814.37,fred_cmt,0.08
1989-10-30,224301.19,fred_cmt,0.08
1989-10-31,224331.17,fred_cmt,0.08
1989-11-01,224596.97,fred_cmt,0.08
1989-11-02,225419.67,fred_cmt,0.08
1989-11-03,223773.27,fred_cmt,0.08
1989-11-06,222846.52,fred_cmt,0.08
1989-11-07,224979.41,fred_cmt,0.08
1989-11-08,225444.78,fred_cmt,0.08
1989-11-09,224760.03,fred_cmt,0.08
1989-11-10,224411.72,fred_cmt,0.08
1989-11-13,224969.17,fred_cmt,0.08
1989-11-14,225204.81,fred_cmt,0.08
1989-11-15,226250.28,fred_cmt,0.08
1989-11-16,226309.68,fred_cmt,0.08
1989-11-17,224904.98,fred_cmt,0.08
1989-11-20,225325.57,fred_cmt,0.08
1989-11-21,225591.80,fred_cmt,0.08
1989-11-22,226426.39,fred_cmt,0.08
1989-11-24,226591.42,fred_cmt,0.08
1989-11-27,225643.73,fred_cmt,0.08
1989-11-28,225497.80,fred_cmt,0.08
1989-11-29,224963.94,fred_cmt,0.08
1989-11-30,225789.09,fred_cmt,0.08
1989-12-01,226409.93,fred_cmt,0.08
1989-12-04,226267.13,fred_cmt,0.08
1989-12-05,226244.48,fred_cmt,0.08
1989-12-06,225627.42,fred_cmt,0.08
1989-12-07,225011.77,fred_cmt,0.08
1989-12-08,226225.19,fred_cmt,0.08
1989-12-11,226018.83,fred_cmt,0.08
1989-12-12,225791.14,fred_cmt,0.08
1989-12-13,226207.29,fred_cmt,0.08
1989-12-14,226828.13,fred_cmt,0.08
1989-12-15,226560.25,fred_cmt,0.08
1989-12-18,227248.19,fred_cmt,0.08
1989-12-19,227008.34,fred_cmt,0.08
1989-12-20,227226.22,fred_cmt,0.08
1989-12-21,227125.70,fred_cmt,0.08
1989-12-22,226127.64,fred_cmt,0.08
1989-12-26,223283.81,fred_cmt,0.08
1989-12-27,223616.41,fred_cmt,0.08
1989-12-28,224183.55,fred_cmt,0.08
1989-12-29,223758.56,fred_cmt,0.08
1990-01-02,223537.55,treasury_par,0.08
1990-01-03,222473.95,treasury_par,0.08
1990-01-04,222666.70,treasury_par,0.08
1990-01-05,222404.93,treasury_par,0.08
1990-01-08,221734.67,treasury_par,0.08
1990-01-09,221693.60,treasury_par,0.08
1990-01-10,221663.50,treasury_par,0.08
1990-01-11,221473.83,treasury_par,0.08
1990-01-12,220131.39,treasury_par,0.08
1990-01-16,218154.79,treasury_par,0.08
1990-01-17,218337.32,treasury_par,0.08
1990-01-18,215762.29,treasury_par,0.08
1990-01-19,217043.54,treasury_par,0.08
1990-01-22,216730.83,treasury_par,0.08
1990-01-23,217012.06,treasury_par,0.08
1990-01-24,214455.58,treasury_par,0.08
1990-01-25,213552.55,treasury_par,0.08
1990-01-26,212076.01,treasury_par,0.08
1990-01-29,211964.10,treasury_par,0.09
1990-01-30,211750.24,treasury_par,0.09
1990-01-31,213491.43,treasury_par,0.08
1990-02-01,213741.10,treasury_par,0.08
1990-02-02,212122.24,treasury_par,0.09
1990-02-05,211518.82,treasury_par,0.09
1990-02-06,210651.03,treasury_par,0.09
1990-02-07,211521.60,treasury_par,0.09
1990-02-08,212249.60,treasury_par,0.08
1990-02-09,215790.06,treasury_par,0.08
1990-02-12,214016.46,treasury_par,0.08
1990-02-13,214889.78,treasury_par,0.08
1990-02-14,214811.73,treasury_par,0.08
1990-02-15,213376.41,treasury_par,0.08
1990-02-16,213608.21,treasury_par,0.08
1990-02-20,209485.54,treasury_par,0.09
1990-02-21,209496.61,treasury_par,0.09
1990-02-22,211107.09,treasury_par,0.09
1990-02-23,211248.70,treasury_par,0.09
1990-02-26,212707.53,treasury_par,0.08
1990-02-27,213720.28,treasury_par,0.08
1990-02-28,211677.10,treasury_par,0.09
1990-03-01,210110.12,treasury_par,0.09
1990-03-02,211195.40,treasury_par,0.09
1990-03-05,208886.24,treasury_par,0.09
1990-03-06,210195.72,treasury_par,0.09
1990-03-07,210398.13,treasury_par,0.09
1990-03-08,210721.72,treasury_par,0.09
1990-03-09,209225.89,treasury_par,0.09
1990-03-12,209588.66,treasury_par,0.09
1990-03-13,207585.44,treasury_par,0.09
1990-03-14,209234.37,treasury_par,0.09
1990-03-15,208980.89,treasury_par,0.09
1990-03-16,210452.60,treasury_par,0.09
1990-03-19,210518.91,treasury_par,0.09
1990-03-20,211625.75,treasury_par,0.09
1990-03-21,211450.14,treasury_par,0.09
1990-03-22,211634.91,treasury_par,0.09
1990-03-23,211854.45,treasury_par,0.09
1990-03-26,212063.61,treasury_par,0.09
1990-03-27,211878.90,treasury_par,0.09
1990-03-28,212073.80,treasury_par,0.09
1990-03-29,210151.57,treasury_par,0.09
1990-03-30,209149.55,treasury_par,0.09
1990-04-02,209151.62,treasury_par,0.09
1990-04-03,209504.55,treasury_par,0.09
1990-04-04,211132.05,treasury_par,0.09
1990-04-05,210784.32,treasury_par,0.09
1990-04-06,210963.86,treasury_par,0.09
1990-04-09,210317.61,treasury_par,0.09
1990-04-10,210084.60,treasury_par,0.09
1990-04-11,209671.54,treasury_par,0.09
1990-04-12,209424.33,treasury_par,0.09
1990-04-16,208597.18,treasury_par,0.09
1990-04-17,206776.54,treasury_par,0.09
1990-04-18,204954.55,treasury_par,0.09
1990-04-19,204784.93,treasury_par,0.09
1990-04-20,203136.36,treasury_par,0.09
1990-04-23,202613.19,treasury_par,0.09
1990-04-24,202258.40,treasury_par,0.09
1990-04-25,202126.98,treasury_par,0.09
1990-04-26,201032.87,treasury_par,0.09
1990-04-27,201117.61,treasury_par,0.09
1990-04-30,201589.28,treasury_par,0.09
1990-05-01,200854.05,treasury_par,0.09
1990-05-02,200642.38,treasury_par,0.09
1990-05-03,201659.24,treasury_par,0.09
1990-05-04,205330.63,treasury_par,0.09
1990-05-07,204790.67,treasury_par,0.09
1990-05-08,205318.23,treasury_par,0.09
1990-05-09,204322.28,treasury_par,0.09
1990-05-10,205558.76,treasury_par,0.09
1990-05-11,209169.79,treasury_par,0.09
1990-05-14,209861.31,treasury_par,0.09
1990-05-15,209056.07,treasury_par,0.09
1990-05-16,208436.96,treasury_par,0.09
1990-05-17,208233.08,treasury_par,0.09
1990-05-18,207095.77,treasury_par,0.09
1990-05-21,207313.09,treasury_par,0.09
1990-05-22,209075.83,treasury_par,0.09
1990-05-23,209821.64,treasury_par,0.09
1990-05-24,209378.12,treasury_par,0.09
1990-05-25,208134.18,treasury_par,0.09
1990-05-29,208765.35,treasury_par,0.09
1990-05-30,209553.69,treasury_par,0.09
1990-05-31,209978.27,treasury_par,0.09
1990-06-01,213186.13,treasury_par,0.08
1990-06-04,213192.00,treasury_par,0.08
1990-06-05,212536.18,treasury_par,0.08
1990-06-06,212791.09,treasury_par,0.08
1990-06-07,212837.02,treasury_par,0.08
1990-06-08,212754.08,treasury_par,0.08
1990-06-11,212409.84,treasury_par,0.08
1990-06-12,212429.72,treasury_par,0.08
1990-06-13,213976.02,treasury_par,0.08
1990-06-14,214421.73,treasury_par,0.08
1990-06-15,212821.62,treasury_par,0.08
1990-06-18,212028.44,treasury_par,0.09
1990-06-19,211833.05,treasury_par,0.09
1990-06-20,210981.39,treasury_par,0.09
1990-06-21,211545.52,treasury_par,0.09
1990-06-22,211766.28,treasury_par,0.09
1990-06-25,210325.80,treasury_par,0.09
1990-06-26,210814.03,treasury_par,0.09
1990-06-27,211569.26,treasury_par,0.09
1990-06-28,212527.99,treasury_par,0.08
1990-06-29,213337.13,treasury_par,0.08
1990-07-02,213342.86,treasury_par,0.08
1990-07-03,213850.03,treasury_par,0.08
1990-07-05,213479.41,treasury_par,0.08
1990-07-06,211613.85,treasury_par,0.09
1990-07-09,210501.10,treasury_par,0.09
1990-07-10,210481.78,treasury_par,0.09
1990-07-11,210540.33,treasury_par,0.09
1990-07-12,211784.66,treasury_par,0.09
1990-07-13,212783.03,treasury_par,0.08
1990-07-16,212961.04,treasury_par,0.08
1990-07-17,212943.69,treasury_par,0.08
1990-07-18,211564.15,treasury_par,0.09
1990-07-19,211344.31,treasury_par,0.09
1990-07-20,211910.81,treasury_par,0.08
1990-07-23,211882.20,treasury_par,0.08
1990-07-24,210929.06,treasury_par,0.09
1990-07-25,211778.27,treasury_par,0.08
1990-07-26,211778.27,treasury_par,0.08
1990-07-27,213227.14,treasury_par,0.08
1990-07-30,214831.30,treasury_par,0.08
1990-07-31,214396.81,treasury_par,0.08
1990-08-01,215843.58,treasury_par,0.08
1990-08-02,213361.88,treasury_par,0.08
1990-08-03,212546.26,treasury_par,0.08
1990-08-06,206702.24,treasury_par,0.09
1990-08-07,205402.89,treasury_par,0.09
1990-08-08,205554.00,treasury_par,0.09
1990-08-09,207850.43,treasury_par,0.09
1990-08-10,207300.38,treasury_par,0.09
1990-08-13,206622.02,treasury_par,0.09
1990-08-14,207709.09,treasury_par,0.09
1990-08-15,208119.77,treasury_par,0.09
1990-08-16,205724.96,treasury_par,0.09
1990-08-17,204974.95,treasury_par,0.09
1990-08-20,204835.45,treasury_par,0.09
1990-08-21,204301.96,treasury_par,0.09
1990-08-22,202884.65,treasury_par,0.09
1990-08-23,201099.02,treasury_par,0.09
1990-08-24,200090.40,treasury_par,0.09
1990-08-27,202996.10,treasury_par,0.09
1990-08-28,202216.76,treasury_par,0.09
1990-08-29,204187.90,treasury_par,0.09
1990-08-30,203674.45,treasury_par,0.09
1990-08-31,203541.42,treasury_par,0.09
1990-09-04,202743.64,treasury_par,0.09
1990-09-05,203548.45,treasury_par,0.09
1990-09-06,203951.43,treasury_par,0.09
1990-09-07,204598.06,treasury_par,0.09
1990-09-10,203809.11,treasury_par,0.09
1990-09-11,204250.65,treasury_par,0.09
1990-09-12,204372.32,treasury_par,0.09
1990-09-13,204295.33,treasury_par,0.09
1990-09-14,203304.41,treasury_par,0.09
1990-09-17,202605.52,treasury_par,0.09
1990-09-18,202633.05,treasury_par,0.09
1990-09-19,203097.61,treasury_par,0.09
1990-09-20,202526.75,treasury_par,0.09
1990-09-21,200883.07,treasury_par,0.09
1990-09-24,199968.65,treasury_par,0.09
1990-09-25,200417.84,treasury_par,0.09
1990-09-26,200759.19,treasury_par,0.09
1990-09-27,202455.29,treasury_par,0.09
1990-09-28,204264.77,treasury_par,0.09
1990-10-01,206521.81,treasury_par,0.09
1990-10-02,206888.90,treasury_par,0.09
1990-10-03,206470.14,treasury_par,0.09
1990-10-04,207223.10,treasury_par,0.09
1990-10-05,207632.63,treasury_par,0.09
1990-10-09,203942.96,treasury_par,0.09
1990-10-10,202768.51,treasury_par,0.09
1990-10-11,202153.02,treasury_par,0.09
1990-10-12,203859.26,treasury_par,0.09
1990-10-15,204603.92,treasury_par,0.09
1990-10-16,204829.58,treasury_par,0.09
1990-10-17,205528.57,treasury_par,0.09
1990-10-18,206496.75,treasury_par,0.09
1990-10-19,208431.23,treasury_par,0.09
1990-10-22,208209.54,treasury_par,0.09
1990-10-23,207722.45,treasury_par,0.09
1990-10-24,207532.74,treasury_par,0.09
1990-10-25,208390.58,treasury_par,0.09
1990-10-26,208155.35,treasury_par,0.09
1990-10-29,206665.77,treasury_par,0.09
1990-10-30,206640.43,treasury_par,0.09
1990-10-31,207694.76,treasury_par,0.09
1990-11-01,209276.13,treasury_par,0.09
1990-11-02,209293.05,treasury_par,0.09
1990-11-05,210741.80,treasury_par,0.09
1990-11-06,210324.51,treasury_par,0.09
1990-11-07,209140.82,treasury_par,0.09
1990-11-08,208937.07,treasury_par,0.09
1990-11-09,210815.33,treasury_par,0.08
1990-11-13,213350.49,treasury_par,0.08
1990-11-14,213577.37,treasury_par,0.08
1990-11-15,213336.97,treasury_par,0.08
1990-11-16,214849.86,treasury_par,0.08
1990-11-19,213834.17,treasury_par,0.08
1990-11-20,214695.52,treasury_par,0.08
1990-11-21,215474.16,treasury_par,0.08
1990-11-23,215255.07,treasury_par,0.08
1990-11-26,215480.85,treasury_par,0.08
1990-11-27,215237.90,treasury_par,0.08
1990-11-28,214786.26,treasury_par,0.08
1990-11-29,214417.10,treasury_par,0.08
1990-11-30,215691.35,treasury_par,0.08
1990-12-03,216575.08,treasury_par,0.08
1990-12-04,216841.02,treasury_par,0.08
1990-12-05,217736.43,treasury_par,0.08
1990-12-06,217267.62,treasury_par,0.08
1990-12-07,220479.38,treasury_par,0.08
1990-12-10,221568.06,treasury_par,0.08
1990-12-11,222472.37,treasury_par,0.08
1990-12-12,223116.13,treasury_par,0.08
1990-12-13,221652.57,treasury_par,0.08
1990-12-14,220157.26,treasury_par,0.08
1990-12-17,220709.94,treasury_par,0.08
1990-12-18,221322.19,treasury_par,0.08
1990-12-19,220951.78,treasury_par,0.08
1990-12-20,219925.56,treasury_par,0.08
1990-12-21,218620.21,treasury_par,0.08
1990-12-24,216700.33,treasury_par,0.08
1990-12-26,217780.11,treasury_par,0.08
1990-12-27,218681.54,treasury_par,0.08
1990-12-28,217860.49,treasury_par,0.08
1990-12-31,219088.76,treasury_par,0.08
1991-01-02,221495.00,treasury_par,0.08
1991-01-03,222370.20,treasury_par,0.08
1991-01-04,220480.15,treasury_par,0.08
1991-01-07,218032.03,treasury_par,0.08
1991-01-08,217207.87,treasury_par,0.08
1991-01-09,215284.99,treasury_par,0.08
1991-01-10,217334.59,treasury_par,0.08
1991-01-11,216477.68,treasury_par,0.08
1991-01-14,215875.34,treasury_par,0.08
1991-01-15,216066.62,treasury_par,0.08
1991-01-16,215780.65,treasury_par,0.08
1991-01-17,220116.07,treasury_par,0.08
1991-01-18,220434.54,treasury_par,0.08
1991-01-22,219489.28,treasury_par,0.08
1991-01-23,220121.67,treasury_par,0.08
1991-01-24,220896.17,treasury_par,0.08
1991-01-25,219625.61,treasury_par,0.08
1991-01-28,219687.00,treasury_par,0.08
1991-01-29,220330.99,treasury_par,0.08
1991-01-30,219863.53,treasury_par,0.08
1991-01-31,220232.30,treasury_par,0.08
1991-02-01,222698.55,treasury_par,0.08
1991-02-04,223399.14,treasury_par,0.08
1991-02-05,224037.71,treasury_par,0.08
1991-02-06,225142.34,treasury_par,0.08
1991-02-07,224579.20,treasury_par,0.08
1991-02-08,225767.94,treasury_par,0.08
1991-02-11,225501.05,treasury_par,0.08
1991-02-12,225513.91,treasury_par,0.08
1991-02-13,225500.10,treasury_par,0.08
1991-02-14,225024.82,treasury_par,0.08
1991-02-15,225545.71,treasury_par,0.08
1991-02-19,225149.29,treasury_par,0.08
1991-02-20,224269.25,treasury_par,0.08
1991-02-21,223430.44,treasury_par,0.08
1991-02-22,222810.74,treasury_par,0.08
1991-02-25,222965.75,treasury_par,0.08
1991-02-26,221709.58,treasury_par,0.08
1991-02-27,221289.77,treasury_par,0.08
1991-02-28,220441.63,treasury_par,0.08
1991-03-01,218386.93,treasury_par,0.08
1991-03-04,218294.77,treasury_par,0.08
1991-03-05,219106.88,treasury_par,0.08
1991-03-06,218446.20,treasury_par,0.08
1991-03-07,219365.54,treasury_par,0.08
1991-03-08,217988.69,treasury_par,0.08
1991-03-11,219530.45,treasury_par,0.08
1991-03-12,218847.35,treasury_par,0.08
1991-03-13,220284.10,treasury_par,0.08
1991-03-14,220218.00,treasury_par,0.08
1991-03-15,218438.54,treasury_par,0.08
1991-03-18,217434.58,treasury_par,0.08
1991-03-19,215473.90,treasury_par,0.08
1991-03-20,216565.66,treasury_par,0.08
1991-03-21,217360.89,treasury_par,0.08
1991-03-22,217939.64,treasury_par,0.08
1991-03-25,217978.98,treasury_par,0.08
1991-03-26,218006.25,treasury_par,0.08
1991-03-27,219028.98,treasury_par,0.08
1991-03-28,219600.54,treasury_par,0.08
1991-04-01,219187.37,treasury_par,0.08
1991-04-02,220014.90,treasury_par,0.08
1991-04-03,219606.84,treasury_par,0.08
1991-04-04,220657.49,treasury_par,0.08
1991-04-05,220849.50,treasury_par,0.08
1991-04-08,221097.55,treasury_par,0.08
1991-04-09,220005.81,treasury_par,0.08
1991-04-10,218587.52,treasury_par,0.08
1991-04-11,218691.19,treasury_par,0.08
1991-04-12,221120.72,treasury_par,0.08
1991-04-15,221854.19,treasury_par,0.08
1991-04-16,221491.72,treasury_par,0.08
1991-04-17,221910.36,treasury_par,0.08
1991-04-18,220385.57,treasury_par,0.08
1991-04-19,218662.04,treasury_par,0.08
1991-04-22,217575.91,treasury_par,0.08
1991-04-23,218187.27,treasury_par,0.08
1991-04-24,219493.21,treasury_par,0.08
1991-04-25,219114.23,treasury_par,0.08
1991-04-26,219394.41,treasury_par,0.08
1991-04-29,219204.56,treasury_par,0.08
1991-04-30,220137.18,treasury_par,0.08
1991-05-01,220401.78,treasury_par,0.08
1991-05-02,221241.70,treasury_par,0.08
1991-05-03,219679.78,treasury_par,0.08
1991-05-06,219483.54,treasury_par,0.08
1991-05-07,219192.54,treasury_par,0.08
1991-05-08,219585.46,treasury_par,0.08
1991-05-09,220024.38,treasury_par,0.08
1991-05-10,217783.57,treasury_par,0.08
1991-05-13,218876.21,treasury_par,0.08
1991-05-14,217254.32,treasury_par,0.08
1991-05-15,217459.12,treasury_par,0.08
1991-05-16,217768.03,treasury_par,0.08
1991-05-17,218679.95,treasury_par,0.08
1991-05-20,218308.42,treasury_par,0.08
1991-05-21,219151.57,treasury_par,0.08
1991-05-22,219012.66,treasury_par,0.08
1991-05-23,218156.60,treasury_par,0.08
1991-05-24,218068.14,treasury_par,0.08
1991-05-28,218760.14,treasury_par,0.08
1991-05-29,218735.60,treasury_par,0.08
1991-05-30,219864.27,treasury_par,0.08
1991-05-31,219107.50,treasury_par,0.08
1991-06-03,217448.27,treasury_par,0.08
1991-06-04,217421.95,treasury_par,0.08
1991-06-05,216334.85,treasury_par,0.08
1991-06-06,215497.42,treasury_par,0.08
1991-06-07,214342.70,treasury_par,0.08
1991-06-10,214303.15,treasury_par,0.08
1991-06-11,214305.17,treasury_par,0.08
1991-06-12,212865.10,treasury_par,0.08
1991-06-13,213263.59,treasury_par,0.08
1991-06-14,214395.39,treasury_par,0.08
1991-06-17,214124.55,treasury_par,0.08
1991-06-18,213688.04,treasury_par,0.08
1991-06-19,213412.82,treasury_par,0.08
1991-06-20,214025.21,treasury_par,0.08
1991-06-21,213621.69,treasury_par,0.08
1991-06-24,213497.79,treasury_par,0.08
1991-06-25,213507.69,treasury_par,0.08
1991-06-26,213460.17,treasury_par,0.08
1991-06-27,213704.17,treasury_par,0.08
1991-06-28,215304.94,treasury_par,0.08
1991-07-01,214930.92,treasury_par,0.08
1991-07-02,214780.91,treasury_par,0.08
1991-07-03,215051.79,treasury_par,0.08
1991-07-05,213406.19,treasury_par,0.08
1991-07-08,213251.42,treasury_par,0.08
1991-07-09,212778.42,treasury_par,0.08
1991-07-10,213055.03,treasury_par,0.08
1991-07-11,214162.55,treasury_par,0.08
1991-07-12,214944.82,treasury_par,0.08
1991-07-15,214960.72,treasury_par,0.08
1991-07-16,214702.13,treasury_par,0.08
1991-07-17,214090.79,treasury_par,0.08
1991-07-18,213915.87,treasury_par,0.08
1991-07-19,214448.73,treasury_par,0.08
1991-07-22,214493.75,treasury_par,0.08
1991-07-23,213926.62,treasury_par,0.08
1991-07-24,215381.85,treasury_par,0.08
1991-07-25,216253.70,treasury_par,0.08
1991-07-26,216210.09,treasury_par,0.08
1991-07-29,216162.81,treasury_par,0.08
1991-07-30,215987.12,treasury_par,0.08
1991-07-31,216224.49,treasury_par,0.08
1991-08-01,216141.43,treasury_par,0.08
1991-08-02,219068.22,treasury_par,0.08
1991-08-05,219478.47,treasury_par,0.08
1991-08-06,220845.51,treasury_par,0.08
1991-08-07,221599.23,treasury_par,0.08
1991-08-08,220427.22,treasury_par,0.08
1991-08-09,220390.52,treasury_par,0.08
1991-08-12,221024.79,treasury_par,0.08
1991-08-13,221953.92,treasury_par,0.08
1991-08-14,223948.88,treasury_par,0.08
1991-08-15,223445.50,treasury_par,0.08
1991-08-16,223421.40,treasury_par,0.08
1991-08-19,223448.30,treasury_par,0.08
1991-08-20,223851.97,treasury_par,0.08
1991-08-21,224192.25,treasury_par,0.08
1991-08-22,224671.79,treasury_par,0.08
1991-08-23,222650.64,treasury_par,0.08
1991-08-26,222006.23,treasury_par,0.08
1991-08-27,222323.82,treasury_par,0.08
1991-08-28,223858.10,treasury_par,0.08
1991-08-29,225602.27,treasury_par,0.08
1991-08-30,223869.40,treasury_par,0.08
1991-09-03,224073.85,treasury_par,0.08
1991-09-04,224025.82,treasury_par,0.08
1991-09-05,223551.07,treasury_par,0.08
1991-09-06,225113.57,treasury_par,0.08
1991-09-09,225763.67,treasury_par,0.08
1991-09-10,225761.26,treasury_par,0.08
1991-09-11,225531.60,treasury_par,0.08
1991-09-12,227003.95,treasury_par,0.08
1991-09-13,227306.34,treasury_par,0.08
1991-09-16,228033.66,treasury_par,0.08
1991-09-17,228280.29,treasury_par,0.08
1991-09-18,228260.12,treasury_par,0.08
1991-09-19,228449.62,treasury_par,0.08
1991-09-20,229334.52,treasury_par,0.08
1991-09-23,229783.72,treasury_par,0.08
1991-09-24,229545.23,treasury_par,0.08
1991-09-25,229014.04,treasury_par,0.08
1991-09-26,229379.78,treasury_par,0.08
1991-09-27,230980.75,treasury_par,0.07
1991-09-30,231386.02,treasury_par,0.07
1991-10-01,231826.19,treasury_par,0.07
1991-10-02,231386.71,treasury_par,0.07
1991-10-03,231360.14,treasury_par,0.07
1991-10-04,233159.57,treasury_par,0.07
1991-10-07,232978.33,treasury_par,0.07
1991-10-08,232233.77,treasury_par,0.07
1991-10-09,230422.70,treasury_par,0.08
1991-10-10,228845.10,treasury_par,0.08
1991-10-11,230957.24,treasury_par,0.07
1991-10-15,231611.41,treasury_par,0.07
1991-10-16,231789.36,treasury_par,0.07
1991-10-17,229464.45,treasury_par,0.08
1991-10-18,229978.74,treasury_par,0.08
1991-10-21,227899.75,treasury_par,0.08
1991-10-22,226759.15,treasury_par,0.08
1991-10-23,226367.68,treasury_par,0.08
1991-10-24,227185.05,treasury_par,0.08
1991-10-25,226542.95,treasury_par,0.08
1991-10-28,227185.01,treasury_par,0.08
1991-10-29,230357.15,treasury_par,0.08
1991-10-30,230906.64,treasury_par,0.07
1991-10-31,231069.90,treasury_par,0.07
1991-11-01,230683.87,treasury_par,0.07
1991-11-04,230205.62,treasury_par,0.07
1991-11-05,228860.56,treasury_par,0.08
1991-11-06,229825.68,treasury_par,0.08
1991-11-07,231799.21,treasury_par,0.07
1991-11-08,232319.14,treasury_par,0.07
1991-11-12,233437.91,treasury_par,0.07
1991-11-13,232405.70,treasury_par,0.07
1991-11-14,233778.74,treasury_par,0.07
1991-11-15,234091.46,treasury_par,0.07
1991-11-18,234123.74,treasury_par,0.07
1991-11-19,233046.64,treasury_par,0.07
1991-11-20,232747.25,treasury_par,0.07
1991-11-21,232455.19,treasury_par,0.07
1991-11-22,231317.30,treasury_par,0.07
1991-11-25,231076.77,treasury_par,0.07
1991-11-26,231682.77,treasury_par,0.07
1991-11-27,231641.70,treasury_par,0.07
1991-11-29,232522.46,treasury_par,0.07
1991-12-02,233910.25,treasury_par,0.07
1991-12-03,234825.55,treasury_par,0.07
1991-12-04,237357.54,treasury_par,0.07
1991-12-05,236409.54,treasury_par,0.07
1991-12-06,235530.48,treasury_par,0.07
1991-12-09,236303.83,treasury_par,0.07
1991-12-10,236485.24,treasury_par,0.07
1991-12-11,236148.50,treasury_par,0.07
1991-12-12,236889.44,treasury_par,0.07
1991-12-13,236165.33,treasury_par,0.07
1991-12-16,236405.81,treasury_par,0.07
1991-12-17,237053.23,treasury_par,0.07
1991-12-18,236884.63,treasury_par,0.07
1991-12-19,238678.01,treasury_par,0.07
1991-12-20,241741.76,treasury_par,0.07
1991-12-23,243981.26,treasury_par,0.07
1991-12-24,243947.36,treasury_par,0.07
1991-12-26,244674.38,treasury_par,0.07
1991-12-27,245259.39,treasury_par,0.07
1991-12-30,246856.31,treasury_par,0.07
1991-12-31,248149.61,treasury_par,0.07
1992-01-02,246329.79,treasury_par,0.07
1992-01-03,244685.27,treasury_par,0.07
1992-01-06,245427.70,treasury_par,0.07
1992-01-07,246868.63,treasury_par,0.07
1992-01-08,246684.99,treasury_par,0.07
1992-01-09,246232.96,treasury_par,0.07
1992-01-10,244799.42,treasury_par,0.07
1992-01-13,243285.98,treasury_par,0.07
1992-01-14,240618.71,treasury_par,0.07
1992-01-15,240202.17,treasury_par,0.07
1992-01-16,238227.60,treasury_par,0.07
1992-01-17,239121.58,treasury_par,0.07
1992-01-21,240596.95,treasury_par,0.07
1992-01-22,239194.77,treasury_par,0.07
1992-01-23,236578.74,treasury_par,0.07
1992-01-24,235662.93,treasury_par,0.07
1992-01-27,235954.27,treasury_par,0.07
1992-01-28,237768.97,treasury_par,0.07
1992-01-29,235620.13,treasury_par,0.07
1992-01-30,234303.83,treasury_par,0.07
1992-01-31,234278.65,treasury_par,0.07
1992-02-03,233107.83,treasury_par,0.07
1992-02-04,234768.58,treasury_par,0.07
1992-02-05,236519.99,treasury_par,0.07
1992-02-06,236721.16,treasury_par,0.07
1992-02-07,236599.10,treasury_par,0.07
1992-02-10,236360.74,treasury_par,0.07
1992-02-11,235906.64,treasury_par,0.07
1992-02-12,234396.73,treasury_par,0.07
1992-02-13,232093.35,treasury_par,0.07
1992-02-14,231966.21,treasury_par,0.07
1992-02-18,230503.85,treasury_par,0.07
1992-02-19,231653.41,treasury_par,0.07
1992-02-20,231994.31,treasury_par,0.07
1992-02-21,231183.65,treasury_par,0.07
1992-02-24,230745.39,treasury_par,0.07
1992-02-25,231428.66,treasury_par,0.07
1992-02-26,233851.00,treasury_par,0.07
1992-02-27,233392.17,treasury_par,0.07
1992-02-28,235160.67,treasury_par,0.07
1992-03-02,232744.24,treasury_par,0.07
1992-03-03,231601.35,treasury_par,0.07
1992-03-04,231774.98,treasury_par,0.07
1992-03-05,230005.59,treasury_par,0.08
1992-03-06,230656.55,treasury_par,0.07
1992-03-09,232082.62,treasury_par,0.07
1992-03-10,231859.90,treasury_par,0.07
1992-03-11,229916.96,treasury_par,0.08
1992-03-12,227565.72,treasury_par,0.08
1992-03-13,225789.73,treasury_par,0.08
1992-03-16,226149.45,treasury_par,0.08
1992-03-17,227670.51,treasury_par,0.08
1992-03-18,227753.18,treasury_par,0.08
1992-03-19,228854.86,treasury_par,0.08
1992-03-20,227292.03,treasury_par,0.08
1992-03-23,227722.25,treasury_par,0.08
1992-03-24,229794.65,treasury_par,0.08
1992-03-25,229757.79,treasury_par,0.08
1992-03-26,228732.50,treasury_par,0.08
1992-03-27,229487.63,treasury_par,0.08
1992-03-30,229430.73,treasury_par,0.08
1992-03-31,229384.20,treasury_par,0.08
1992-04-01,231100.50,treasury_par,0.07
1992-04-02,230818.08,treasury_par,0.07
1992-04-03,231787.71,treasury_par,0.07
1992-04-06,231969.56,treasury_par,0.07
1992-04-07,231864.55,treasury_par,0.07
1992-04-08,231104.53,treasury_par,0.07
1992-04-09,233001.19,treasury_par,0.07
1992-04-10,232596.68,treasury_par,0.07
1992-04-13,233541.45,treasury_par,0.07
1992-04-14,233120.34,treasury_par,0.07
1992-04-15,232806.47,treasury_par,0.07
1992-04-16,231065.74,treasury_par,0.07
1992-04-20,227989.48,treasury_par,0.08
1992-04-21,228135.43,treasury_par,0.08
1992-04-22,228330.15,treasury_par,0.08
1992-04-23,227887.78,treasury_par,0.08
1992-04-24,228617.08,treasury_par,0.08
1992-04-27,227571.89,treasury_par,0.08
1992-04-28,228269.21,treasury_par,0.08
1992-04-29,227526.21,treasury_par,0.08
1992-04-30,227505.51,treasury_par,0.08
1992-05-01,228561.11,treasury_par,0.08
1992-05-04,228068.48,treasury_par,0.08
1992-05-05,228552.80,treasury_par,0.08
1992-05-06,230573.52,treasury_par,0.07
1992-05-07,230024.50,treasury_par,0.07
1992-05-08,231914.80,treasury_par,0.07
1992-05-11,232074.02,treasury_par,0.07
1992-05-12,233026.58,treasury_par,0.07
1992-05-13,233403.75,treasury_par,0.07
1992-05-14,233331.49,treasury_par,0.07
1992-05-15,234750.01,treasury_par,0.07
1992-05-18,234706.03,treasury_par,0.07
1992-05-19,236500.45,treasury_par,0.07
1992-05-20,235419.53,treasury_par,0.07
1992-05-21,232450.23,treasury_par,0.07
1992-05-22,233280.87,treasury_par,0.07
1992-05-26,230858.48,treasury_par,0.07
1992-05-27,231241.47,treasury_par,0.07
1992-05-28,232972.99,treasury_par,0.07
1992-05-29,233675.80,treasury_par,0.07
1992-06-01,232350.51,treasury_par,0.07
1992-06-02,233186.55,treasury_par,0.07
1992-06-03,233339.08,treasury_par,0.07
1992-06-04,233344.62,treasury_par,0.07
1992-06-05,234073.27,treasury_par,0.07
1992-06-08,234026.35,treasury_par,0.07
1992-06-09,233478.23,treasury_par,0.07
1992-06-10,232969.76,treasury_par,0.07
1992-06-11,233455.13,treasury_par,0.07
1992-06-12,234314.71,treasury_par,0.07
1992-06-15,234529.35,treasury_par,0.07
1992-06-16,235417.68,treasury_par,0.07
1992-06-17,235724.49,treasury_par,0.07
1992-06-18,236625.67,treasury_par,0.07
1992-06-19,235477.61,treasury_par,0.07
1992-06-22,235488.31,treasury_par,0.07
1992-06-23,235322.89,treasury_par,0.07
1992-06-24,236249.90,treasury_par,0.07
1992-06-25,237715.43,treasury_par,0.07
1992-06-26,237394.09,treasury_par,0.07
1992-06-29,238052.37,treasury_par,0.07
1992-06-30,237566.85,treasury_par,0.07
1992-07-01,238517.86,treasury_par,0.07
1992-07-02,242414.91,treasury_par,0.07
1992-07-06,243026.82,treasury_par,0.07
1992-07-07,243652.43,treasury_par,0.07
1992-07-08,242874.06,treasury_par,0.07
1992-07-09,242863.38,treasury_par,0.07
1992-07-10,242415.78,treasury_par,0.07
1992-07-13,241457.00,treasury_par,0.07
1992-07-14,241300.40,treasury_par,0.07
1992-07-15,242943.55,treasury_par,0.07
1992-07-16,243666.84,treasury_par,0.07
1992-07-17,242818.79,treasury_par,0.07
1992-07-20,242904.50,treasury_par,0.07
1992-07-21,243165.13,treasury_par,0.07
1992-07-22,244193.93,treasury_par,0.07
1992-07-23,247366.03,treasury_par,0.07
1992-07-24,247105.21,treasury_par,0.07
1992-07-27,248228.36,treasury_par,0.07
1992-07-28,249876.35,treasury_par,0.07
1992-07-29,250595.09,treasury_par,0.07
1992-07-30,248322.39,treasury_par,0.07
1992-07-31,247789.77,treasury_par,0.07
1992-08-03,247722.39,treasury_par,0.07
1992-08-04,249145.21,treasury_par,0.07
1992-08-05,249591.25,treasury_par,0.07
1992-08-06,249255.09,treasury_par,0.07
1992-08-07,251201.03,treasury_par,0.07
1992-08-10,252501.79,treasury_par,0.07
1992-08-11,253127.64,treasury_par,0.07
1992-08-12,253512.62,treasury_par,0.06
1992-08-13,251715.06,treasury_par,0.07
1992-08-14,252248.80,treasury_par,0.07
1992-08-17,251378.34,treasury_par,0.07
1992-08-18,253298.01,treasury_par,0.06
1992-08-19,253540.60,treasury_par,0.06
1992-08-20,253799.91,treasury_par,0.06
1992-08-21,252039.16,treasury_par,0.07
1992-08-24,248410.77,treasury_par,0.07
1992-08-25,247252.82,treasury_par,0.07
1992-08-26,248418.18,treasury_par,0.07
1992-08-27,249362.61,treasury_par,0.07
1992-08-28,249539.77,treasury_par,0.07
1992-08-31,249753.11,treasury_par,0.07
1992-09-01,251223.79,treasury_par,0.07
1992-09-02,251757.41,treasury_par,0.07
1992-09-03,251752.78,treasury_par,0.07
1992-09-04,255130.47,treasury_par,0.06
1992-09-08,257884.18,treasury_par,0.06
1992-09-09,257343.51,treasury_par,0.06
1992-09-10,257333.29,treasury_par,0.06
1992-09-11,255708.90,treasury_par,0.06
1992-09-14,256961.45,treasury_par,0.06
1992-09-15,254939.15,treasury_par,0.06
1992-09-16,254627.59,treasury_par,0.06
1992-09-17,254847.64,treasury_par,0.06
1992-09-18,254616.46,treasury_par,0.06
1992-09-21,254341.03,treasury_par,0.06
1992-09-22,252155.24,treasury_par,0.07
1992-09-23,251031.18,treasury_par,0.07
1992-09-24,252592.00,treasury_par,0.06
1992-09-25,254364.36,treasury_par,0.06
1992-09-28,255379.43,treasury_par,0.06
1992-09-29,255330.65,treasury_par,0.06
1992-09-30,255225.73,treasury_par,0.06
1992-10-01,258680.46,treasury_par,0.06
1992-10-02,257848.96,treasury_par,0.06
1992-10-05,258305.80,treasury_par,0.06
1992-10-06,256622.88,treasury_par,0.06
1992-10-07,252864.37,treasury_par,0.06
1992-10-08,254026.31,treasury_par,0.06
1992-10-09,251478.59,treasury_par,0.07
1992-10-13,251707.76,treasury_par,0.07
1992-10-14,251857.98,treasury_par,0.07
1992-10-15,251402.98,treasury_par,0.07
1992-10-16,249801.66,treasury_par,0.07
1992-10-19,247741.46,treasury_par,0.07
1992-10-20,243714.35,treasury_par,0.07
1992-10-21,245172.19,treasury_par,0.07
1992-10-22,246465.71,treasury_par,0.07
1992-10-23,244456.16,treasury_par,0.07
1992-10-26,244425.92,treasury_par,0.07
1992-10-27,245650.47,treasury_par,0.07
1992-10-28,246028.51,treasury_par,0.07
1992-10-29,247355.55,treasury_par,0.07
1992-10-30,245325.59,treasury_par,0.07
1992-11-02,243415.68,treasury_par,0.07
1992-11-03,243607.82,treasury_par,0.07
1992-11-04,243025.49,treasury_par,0.07
1992-11-05,243423.17,treasury_par,0.07
1992-11-06,241061.56,treasury_par,0.07
1992-11-09,240500.37,treasury_par,0.07
1992-11-10,242685.27,treasury_par,0.07
1992-11-12,245668.30,treasury_par,0.07
1992-11-13,245055.49,treasury_par,0.07
1992-11-16,243385.89,treasury_par,0.07
1992-11-17,244294.51,treasury_par,0.07
1992-11-18,246180.23,treasury_par,0.07
1992-11-19,245412.83,treasury_par,0.07
1992-11-20,244838.21,treasury_par,0.07
1992-11-23,244308.66,treasury_par,0.07
1992-11-24,245282.60,treasury_par,0.07
1992-11-25,244835.95,treasury_par,0.07
1992-11-27,242751.28,treasury_par,0.07
1992-11-30,242337.43,treasury_par,0.07
1992-12-01,242646.85,treasury_par,0.07
1992-12-02,242831.65,treasury_par,0.07
1992-12-03,243236.48,treasury_par,0.07
1992-12-04,244942.40,treasury_par,0.07
1992-12-07,246369.21,treasury_par,0.07
1992-12-08,247518.98,treasury_par,0.07
1992-12-09,246893.55,treasury_par,0.07
1992-12-10,246798.00,treasury_par,0.07
1992-12-11,246101.65,treasury_par,0.07
1992-12-14,245417.76,treasury_par,0.07
1992-12-15,245398.79,treasury_par,0.07
1992-12-16,246693.46,treasury_par,0.07
1992-12-17,246710.02,treasury_par,0.07
1992-12-18,246912.60,treasury_par,0.07
1992-12-21,248148.00,treasury_par,0.07
1992-12-22,249594.80,treasury_par,0.07
1992-12-23,248810.67,treasury_par,0.07
1992-12-24,248556.21,treasury_par,0.07
1992-12-28,247798.73,treasury_par,0.07
1992-12-29,248487.49,treasury_par,0.07
1992-12-30,248580.67,treasury_par,0.07
1992-12-31,248097.03,treasury_par,0.07
1993-01-04,250502.10,treasury_par,0.07
1993-01-05,250314.19,treasury_par,0.07
1993-01-06,249825.21,treasury_par,0.07
1993-01-07,246594.60,treasury_par,0.07
1993-01-08,246680.49,treasury_par,0.07
1993-01-11,247552.91,treasury_par,0.07
1993-01-12,247314.70,treasury_par,0.07
1993-01-13,247773.16,treasury_par,0.07
1993-01-14,249227.62,treasury_par,0.07
1993-01-15,250487.35,treasury_par,0.07
1993-01-19,250945.45,treasury_par,0.07
1993-01-20,250458.39,treasury_par,0.07
1993-01-21,250737.66,treasury_par,0.07
1993-01-22,251444.42,treasury_par,0.07
1993-01-25,253723.12,treasury_par,0.06
1993-01-26,253184.98,treasury_par,0.07
1993-01-27,253636.90,treasury_par,0.06
1993-01-28,254591.61,treasury_par,0.06
1993-01-29,255862.21,treasury_par,0.06
1993-02-01,256150.96,treasury_par,0.06
1993-02-02,254231.34,treasury_par,0.06
1993-02-03,254511.30,treasury_par,0.06
1993-02-04,255945.65,treasury_par,0.06
1993-02-05,257654.04,treasury_par,0.06
1993-02-08,256523.22,treasury_par,0.06
1993-02-09,255561.38,treasury_par,0.06
1993-02-10,255402.80,treasury_par,0.06
1993-02-11,256400.96,treasury_par,0.06
1993-02-12,256937.18,treasury_par,0.06
1993-02-16,257081.76,treasury_par,0.06
1993-02-17,258569.69,treasury_par,0.06
1993-02-18,261558.53,treasury_par,0.06
1993-02-19,262003.54,treasury_par,0.06
1993-02-22,263725.39,treasury_par,0.06
1993-02-23,268260.59,treasury_par,0.06
1993-02-24,265824.87,treasury_par,0.06
1993-02-25,265166.79,treasury_par,0.06
1993-02-26,265160.54,treasury_par,0.06
1993-03-01,267586.10,treasury_par,0.06
1993-03-02,267346.27,treasury_par,0.06
1993-03-03,269220.15,treasury_par,0.06
1993-03-04,270590.36,treasury_par,0.06
1993-03-05,268863.30,treasury_par,0.06
1993-03-08,270199.75,treasury_par,0.06
1993-03-09,268743.27,treasury_par,0.06
1993-03-10,267220.09,treasury_par,0.06
1993-03-11,267386.75,treasury_par,0.06
1993-03-12,263374.50,treasury_par,0.06
1993-03-15,261715.10,treasury_par,0.06
1993-03-16,264432.17,treasury_par,0.06
1993-03-17,265378.09,treasury_par,0.06
1993-03-18,267716.92,treasury_par,0.06
1993-03-19,267253.42,treasury_par,0.06
1993-03-22,267019.91,treasury_par,0.06
1993-03-23,268353.40,treasury_par,0.06
1993-03-24,267301.78,treasury_par,0.06
1993-03-25,266450.03,treasury_par,0.06
1993-03-26,263504.87,treasury_par,0.06
1993-03-29,264272.42,treasury_par,0.06
1993-03-30,265156.66,treasury_par,0.06
1993-03-31,264922.13,treasury_par,0.06
1993-04-01,264046.39,treasury_par,0.06
1993-04-02,261371.93,treasury_par,0.06
1993-04-05,262173.99,treasury_par,0.06
1993-04-06,263631.28,treasury_par,0.06
1993-04-07,263927.33,treasury_par,0.06
1993-04-08,266673.74,treasury_par,0.06
1993-04-12,268102.63,treasury_par,0.06
1993-04-13,267947.73,treasury_par,0.06
1993-04-14,268839.68,treasury_par,0.06
1993-04-15,269464.18,treasury_par,0.06
1993-04-16,269092.26,treasury_par,0.06
1993-04-19,269691.63,treasury_par,0.06
1993-04-20,269578.82,treasury_par,0.06
1993-04-21,269844.50,treasury_par,0.06
1993-04-22,270120.53,treasury_par,0.06
1993-04-23,269000.25,treasury_par,0.06
1993-04-26,267686.68,treasury_par,0.06
1993-04-27,265520.26,treasury_par,0.06
1993-04-28,265187.87,treasury_par,0.06
1993-04-29,266257.93,treasury_par,0.06
1993-04-30,264584.30,treasury_par,0.06
1993-05-03,267055.82,treasury_par,0.06
1993-05-04,268296.34,treasury_par,0.06
1993-05-05,268038.30,treasury_par,0.06
1993-05-06,268862.42,treasury_par,0.06
1993-05-07,267838.06,treasury_par,0.06
1993-05-10,268774.96,treasury_par,0.06
1993-05-11,268849.86,treasury_par,0.06
1993-05-12,267007.02,treasury_par,0.06
1993-05-13,265283.95,treasury_par,0.06
1993-05-14,265025.80,treasury_par,0.06
1993-05-17,264056.96,treasury_par,0.06
1993-05-18,261981.93,treasury_par,0.06
1993-05-19,263087.85,treasury_par,0.06
1993-05-20,263563.58,treasury_par,0.06
1993-05-21,261835.20,treasury_par,0.06
1993-05-24,262032.80,treasury_par,0.06
1993-05-25,261677.09,treasury_par,0.06
1993-05-26,263140.27,treasury_par,0.06
1993-05-27,263432.15,treasury_par,0.06
1993-05-28,262092.28,treasury_par,0.06
1993-06-01,264530.38,treasury_par,0.06
1993-06-02,264859.89,treasury_par,0.06
1993-06-03,265905.31,treasury_par,0.06
1993-06-04,263661.04,treasury_par,0.06
1993-06-07,264453.36,treasury_par,0.06
1993-06-08,264155.32,treasury_par,0.06
1993-06-09,264734.78,treasury_par,0.06
1993-06-10,264709.26,treasury_par,0.06
1993-06-11,267310.33,treasury_par,0.06
1993-06-14,267289.61,treasury_par,0.06
1993-06-15,267437.64,treasury_par,0.06
1993-06-16,267436.63,treasury_par,0.06
1993-06-17,268192.24,treasury_par,0.06
1993-06-18,267212.66,treasury_par,0.06
1993-06-21,268603.35,treasury_par,0.06
1993-06-22,268776.41,treasury_par,0.06
1993-06-23,268811.68,treasury_par,0.06
1993-06-24,269642.96,treasury_par,0.06
1993-06-25,270707.77,treasury_par,0.06
1993-06-28,271800.16,treasury_par,0.06
1993-06-29,272038.04,treasury_par,0.06
1993-06-30,271759.50,treasury_par,0.06
1993-07-01,271680.28,treasury_par,0.06
1993-07-02,272674.41,treasury_par,0.06
1993-07-06,271683.51,treasury_par,0.06
1993-07-07,271684.16,treasury_par,0.06
1993-07-08,272236.23,treasury_par,0.06
1993-07-09,272845.36,treasury_par,0.06
1993-07-12,273170.20,treasury_par,0.06
1993-07-13,272521.21,treasury_par,0.06
1993-07-14,274182.19,treasury_par,0.06
1993-07-15,274248.92,treasury_par,0.06
1993-07-16,274547.94,treasury_par,0.06
1993-07-19,274519.75,treasury_par,0.06
1993-07-20,273542.08,treasury_par,0.06
1993-07-21,271218.39,treasury_par,0.06
1993-07-22,269467.84,treasury_par,0.06
1993-07-23,267993.69,treasury_par,0.06
1993-07-26,268627.37,treasury_par,0.06
1993-07-27,268873.91,treasury_par,0.06
1993-07-28,269492.46,treasury_par,0.06
1993-07-29,272023.03,treasury_par,0.06
1993-07-30,271515.29,treasury_par,0.06
1993-08-02,270993.11,treasury_par,0.06
1993-08-03,271688.54,treasury_par,0.06
1993-08-04,270657.12,treasury_par,0.06
1993-08-05,270919.09,treasury_par,0.06
1993-08-06,270872.90,treasury_par,0.06
1993-08-09,272050.75,treasury_par,0.06
1993-08-10,272131.49,treasury_par,0.06
1993-08-11,273811.59,treasury_par,0.06
1993-08-12,273507.97,treasury_par,0.06
1993-08-13,274839.12,treasury_par,0.06
1993-08-16,276027.58,treasury_par,0.06
1993-08-17,275513.09,treasury_par,0.06
1993-08-18,275929.11,treasury_par,0.06
1993-08-19,277305.41,treasury_par,0.06
1993-08-20,278115.23,treasury_par,0.06
1993-08-23,278374.51,treasury_par,0.06
1993-08-24,279966.31,treasury_par,0.06
1993-08-25,280817.45,treasury_par,0.06
1993-08-26,283383.12,treasury_par,0.05
1993-08-27,281842.09,treasury_par,0.05
1993-08-30,282860.95,treasury_par,0.05
1993-08-31,282732.56,treasury_par,0.05
1993-09-01,282471.39,treasury_par,0.05
1993-09-02,283818.70,treasury_par,0.05
1993-09-03,286557.37,treasury_par,0.05
1993-09-07,288814.69,treasury_par,0.05
1993-09-08,288987.44,treasury_par,0.05
1993-09-09,285621.29,treasury_par,0.05
1993-09-10,287333.08,treasury_par,0.05
1993-09-13,288238.07,treasury_par,0.05
1993-09-14,284924.38,treasury_par,0.05
1993-09-15,284217.51,treasury_par,0.05
1993-09-16,284721.04,treasury_par,0.05
1993-09-17,284448.55,treasury_par,0.05
1993-09-20,283383.73,treasury_par,0.05
1993-09-21,281747.92,treasury_par,0.05
1993-09-22,282444.92,treasury_par,0.05
1993-09-23,283335.72,treasury_par,0.05
1993-09-24,283399.00,treasury_par,0.05
1993-09-27,286849.08,treasury_par,0.05
1993-09-28,287527.30,treasury_par,0.05
1993-09-29,285618.59,treasury_par,0.05
1993-09-30,284061.44,treasury_par,0.05
1993-10-01,282725.12,treasury_par,0.05
1993-10-04,282797.61,treasury_par,0.05
1993-10-05,282454.02,treasury_par,0.05
1993-10-06,282418.05,treasury_par,0.05
1993-10-07,282845.64,treasury_par,0.05
1993-10-08,285118.89,treasury_par,0.05
1993-10-12,284932.72,treasury_par,0.05
1993-10-13,284822.24,treasury_par,0.05
1993-10-14,286136.29,treasury_par,0.05
1993-10-15,287487.20,treasury_par,0.05
1993-10-18,285093.28,treasury_par,0.05
1993-10-19,285121.61,treasury_par,0.05
1993-10-20,285456.19,treasury_par,0.05
1993-10-21,282794.31,treasury_par,0.05
1993-10-22,280673.19,treasury_par,0.05
1993-10-25,279255.43,treasury_par,0.05
1993-10-26,280370.24,treasury_par,0.05
1993-10-27,280086.82,treasury_par,0.05
1993-10-28,281029.95,treasury_par,0.05
1993-10-29,280503.81,treasury_par,0.05
1993-11-01,277213.30,treasury_par,0.06
1993-11-02,275014.05,treasury_par,0.06
1993-11-03,274043.74,treasury_par,0.06
1993-11-04,273793.92,treasury_par,0.06
1993-11-05,271688.26,treasury_par,0.06
1993-11-08,272886.57,treasury_par,0.06
1993-11-09,274587.33,treasury_par,0.06
1993-11-10,272549.53,treasury_par,0.06
1993-11-12,274150.98,treasury_par,0.06
1993-11-15,273386.05,treasury_par,0.06
1993-11-16,274171.44,treasury_par,0.06
1993-11-17,274332.70,treasury_par,0.06
1993-11-18,272472.46,treasury_par,0.06
1993-11-19,269288.43,treasury_par,0.06
1993-11-22,267981.50,treasury_par,0.06
1993-11-23,269951.17,treasury_par,0.06
1993-11-24,269394.38,treasury_par,0.06
1993-11-26,270937.30,treasury_par,0.06
1993-11-29,271620.77,treasury_par,0.06
1993-11-30,269749.20,treasury_par,0.06
1993-12-01,270081.08,treasury_par,0.06
1993-12-02,270426.76,treasury_par,0.06
1993-12-03,270852.22,treasury_par,0.06
1993-12-06,273113.19,treasury_par,0.06
1993-12-07,273320.54,treasury_par,0.06
1993-12-08,273389.79,treasury_par,0.06
1993-12-09,274193.78,treasury_par,0.06
1993-12-10,272705.03,treasury_par,0.06
1993-12-13,271213.24,treasury_par,0.06
1993-12-14,269964.35,treasury_par,0.06
1993-12-15,269706.44,treasury_par,0.06
1993-12-16,269421.16,treasury_par,0.06
1993-12-17,270277.89,treasury_par,0.06
1993-12-20,269825.21,treasury_par,0.06
1993-12-21,269266.24,treasury_par,0.06
1993-12-22,272235.75,treasury_par,0.06
1993-12-23,272819.72,treasury_par,0.06
1993-12-27,272832.33,treasury_par,0.06
1993-12-28,272829.33,treasury_par,0.06
1993-12-29,272266.36,treasury_par,0.06
1993-12-30,269930.87,treasury_par,0.06
1993-12-31,269689.62,treasury_par,0.06
1994-01-03,267230.72,treasury_par,0.06
1994-01-04,268277.24,treasury_par,0.06
1994-01-05,267669.11,treasury_par,0.06
1994-01-06,269337.55,treasury_par,0.06
1994-01-07,273252.24,treasury_par,0.06
1994-01-10,273909.94,treasury_par,0.06
1994-01-11,274058.33,treasury_par,0.06
1994-01-12,276035.67,treasury_par,0.06
1994-01-13,272988.34,treasury_par,0.06
1994-01-14,271217.79,treasury_par,0.06
1994-01-18,272230.23,treasury_par,0.06
1994-01-19,271702.93,treasury_par,0.06
1994-01-20,273001.02,treasury_par,0.06
1994-01-21,272644.19,treasury_par,0.06
1994-01-24,272288.13,treasury_par,0.06
1994-01-25,271320.34,treasury_par,0.06
1994-01-26,271678.15,treasury_par,0.06
1994-01-27,272947.31,treasury_par,0.06
1994-01-28,274503.10,treasury_par,0.06
1994-01-31,273891.62,treasury_par,0.06
1994-02-01,271827.34,treasury_par,0.06
1994-02-02,271902.70,treasury_par,0.06
1994-02-03,270960.23,treasury_par,0.06
1994-02-04,267546.33,treasury_par,0.06
1994-02-07,267036.52,treasury_par,0.06
1994-02-08,265651.88,treasury_par,0.06
1994-02-09,267563.80,treasury_par,0.06
1994-02-10,267679.56,treasury_par,0.06
1994-02-11,268462.09,treasury_par,0.06
1994-02-14,267882.49,treasury_par,0.06
1994-02-15,268266.51,treasury_par,0.06
1994-02-16,268049.58,treasury_par,0.06
1994-02-17,265203.44,treasury_par,0.06
1994-02-18,262775.03,treasury_par,0.06
1994-02-22,263792.87,treasury_par,0.06
1994-02-23,261831.40,treasury_par,0.06
1994-02-24,259395.41,treasury_par,0.06
1994-02-25,259747.00,treasury_par,0.06
1994-02-28,261291.06,treasury_par,0.06
1994-03-01,258017.31,treasury_par,0.06
1994-03-02,257560.24,treasury_par,0.06
1994-03-03,256232.55,treasury_par,0.06
1994-03-04,255751.62,treasury_par,0.06
1994-03-07,257198.27,treasury_par,0.06
1994-03-08,255763.45,treasury_par,0.06
1994-03-09,255734.60,treasury_par,0.06
1994-03-10,253057.53,treasury_par,0.06
1994-03-11,253682.06,treasury_par,0.06
1994-03-14,252771.37,treasury_par,0.07
1994-03-15,253585.39,treasury_par,0.06
1994-03-16,255559.38,treasury_par,0.06
1994-03-17,255463.79,treasury_par,0.06
1994-03-18,253141.23,treasury_par,0.06
1994-03-21,251762.06,treasury_par,0.07
1994-03-22,254483.89,treasury_par,0.06
1994-03-23,254489.67,treasury_par,0.06
1994-03-24,250763.98,treasury_par,0.07
1994-03-25,250120.60,treasury_par,0.07
1994-03-28,249860.60,treasury_par,0.07
1994-03-29,247822.34,treasury_par,0.07
1994-03-30,246061.45,treasury_par,0.07
1994-03-31,246245.15,treasury_par,0.07
1994-04-04,237182.85,treasury_par,0.07
1994-04-05,241634.06,treasury_par,0.07
1994-04-06,242472.27,treasury_par,0.07
1994-04-07,244005.06,treasury_par,0.07
1994-04-08,242146.80,treasury_par,0.07
1994-04-11,242692.56,treasury_par,0.07
1994-04-12,243933.28,treasury_par,0.07
1994-04-13,242384.93,treasury_par,0.07
1994-04-14,241457.83,treasury_par,0.07
1994-04-15,241644.46,treasury_par,0.07
1994-04-18,237795.84,treasury_par,0.07
1994-04-19,238986.91,treasury_par,0.07
1994-04-20,240090.06,treasury_par,0.07
1994-04-21,243592.32,treasury_par,0.07
1994-04-22,243213.02,treasury_par,0.07
1994-04-25,244984.01,treasury_par,0.07
1994-04-26,245143.96,treasury_par,0.07
1994-04-28,240753.67,treasury_par,0.07
1994-04-29,240174.55,treasury_par,0.07
1994-05-02,239559.79,treasury_par,0.07
1994-05-03,238740.36,treasury_par,0.07
1994-05-04,238524.80,treasury_par,0.07
1994-05-05,239234.86,treasury_par,0.07
1994-05-06,233785.03,treasury_par,0.07
1994-05-09,230880.80,treasury_par,0.07
1994-05-10,234606.29,treasury_par,0.07
1994-05-11,232589.64,treasury_par,0.07
1994-05-12,233465.73,treasury_par,0.07
1994-05-13,235018.28,treasury_par,0.07
1994-05-16,236267.78,treasury_par,0.07
1994-05-17,241271.08,treasury_par,0.07
1994-05-18,241024.86,treasury_par,0.07
1994-05-19,242525.70,treasury_par,0.07
1994-05-20,241044.90,treasury_par,0.07
1994-05-23,237176.71,treasury_par,0.07
1994-05-24,237822.12,treasury_par,0.07
1994-05-25,238623.71,treasury_par,0.07
1994-05-26,239456.79,treasury_par,0.07
1994-05-27,238769.99,treasury_par,0.07
1994-05-31,237611.67,treasury_par,0.07
1994-06-01,238859.40,treasury_par,0.07
1994-06-02,239946.79,treasury_par,0.07
1994-06-03,242233.86,treasury_par,0.07
1994-06-06,243794.73,treasury_par,0.07
1994-06-07,242838.50,treasury_par,0.07
1994-06-08,242511.07,treasury_par,0.07
1994-06-09,242181.12,treasury_par,0.07
1994-06-10,240945.77,treasury_par,0.07
1994-06-13,240074.94,treasury_par,0.07
1994-06-14,241671.07,treasury_par,0.07
1994-06-15,239160.23,treasury_par,0.07
1994-06-16,239883.75,treasury_par,0.07
1994-06-17,238068.52,treasury_par,0.07
1994-06-20,237720.68,treasury_par,0.07
1994-06-21,236445.86,treasury_par,0.07
1994-06-22,238705.01,treasury_par,0.07
1994-06-23,239301.40,treasury_par,0.07
1994-06-24,236350.65,treasury_par,0.07
1994-06-27,237497.04,treasury_par,0.07
1994-06-28,235624.09,treasury_par,0.07
1994-06-29,236076.39,treasury_par,0.07
1994-06-30,233595.31,treasury_par,0.07
1994-07-01,233606.15,treasury_par,0.07
1994-07-05,234249.67,treasury_par,0.07
1994-07-06,234034.51,treasury_par,0.07
1994-07-07,234464.48,treasury_par,0.07
1994-07-08,231820.38,treasury_par,0.07
1994-07-11,230767.42,treasury_par,0.07
1994-07-12,231750.10,treasury_par,0.07
1994-07-13,232191.40,treasury_par,0.07
1994-07-14,235908.51,treasury_par,0.07
1994-07-15,235824.56,treasury_par,0.07
1994-07-18,236927.43,treasury_par,0.07
1994-07-19,238051.50,treasury_par,0.07
1994-07-20,235818.80,treasury_par,0.07
1994-07-21,235525.64,treasury_par,0.07
1994-07-22,235196.85,treasury_par,0.07
1994-07-25,235729.45,treasury_par,0.07
1994-07-26,235499.33,treasury_par,0.07
1994-07-27,234026.81,treasury_par,0.07
1994-07-28,235349.89,treasury_par,0.07
1994-07-29,239329.22,treasury_par,0.07
1994-08-01,239090.37,treasury_par,0.07
1994-08-02,239516.15,treasury_par,0.07
1994-08-03,239895.91,treasury_par,0.07
1994-08-04,239199.16,treasury_par,0.07
1994-08-05,235590.86,treasury_par,0.07
1994-08-08,235677.09,treasury_par,0.07
1994-08-09,234634.05,treasury_par,0.07
1994-08-10,234970.97,treasury_par,0.07
1994-08-11,233624.70,treasury_par,0.07
1994-08-12,235523.50,treasury_par,0.07
1994-08-15,234904.57,treasury_par,0.07
1994-08-16,237655.94,treasury_par,0.07
1994-08-17,238324.52,treasury_par,0.07
1994-08-18,235303.69,treasury_par,0.07
1994-08-19,235512.23,treasury_par,0.07
1994-08-22,234476.11,treasury_par,0.07
1994-08-23,235070.51,treasury_par,0.07
1994-08-24,236621.25,treasury_par,0.07
1994-08-25,234866.02,treasury_par,0.07
1994-08-26,236089.95,treasury_par,0.07
1994-08-29,236104.30,treasury_par,0.07
1994-08-30,236991.70,treasury_par,0.07
1994-08-31,237340.33,treasury_par,0.07
1994-09-01,237293.53,treasury_par,0.07
1994-09-02,236760.59,treasury_par,0.07
1994-09-06,235248.70,treasury_par,0.07
1994-09-07,234749.17,treasury_par,0.07
1994-09-08,234625.11,treasury_par,0.07
1994-09-09,231281.74,treasury_par,0.07
1994-09-12,230913.52,treasury_par,0.07
1994-09-13,231321.72,treasury_par,0.07
1994-09-14,232079.08,treasury_par,0.07
1994-09-15,233240.28,treasury_par,0.07
1994-09-16,229496.98,treasury_par,0.08
1994-09-19,230288.00,treasury_par,0.07
1994-09-20,229411.14,treasury_par,0.08
1994-09-21,228873.56,treasury_par,0.08
1994-09-22,228946.77,treasury_par,0.08
1994-09-23,228736.03,treasury_par,0.08
1994-09-26,228721.57,treasury_par,0.08
1994-09-27,227662.46,treasury_par,0.08
1994-09-28,228551.31,treasury_par,0.08
1994-09-29,227175.34,treasury_par,0.08
1994-09-30,227785.46,treasury_par,0.08
1994-10-03,226930.02,treasury_par,0.08
1994-10-04,225992.60,treasury_par,0.08
1994-10-05,224477.62,treasury_par,0.08
1994-10-06,224301.97,treasury_par,0.08
1994-10-07,225879.86,treasury_par,0.08
1994-10-11,227085.76,treasury_par,0.08
1994-10-12,226310.89,treasury_par,0.08
1994-10-13,227429.42,treasury_par,0.08
1994-10-14,227938.63,treasury_par,0.08
1994-10-17,227821.51,treasury_par,0.08
1994-10-18,227291.38,treasury_par,0.08
1994-10-19,226465.50,treasury_par,0.08
1994-10-20,223954.77,treasury_par,0.08
1994-10-21,223937.98,treasury_par,0.08
1994-10-24,222863.71,treasury_par,0.08
1994-10-25,222407.71,treasury_par,0.08
1994-10-26,222358.20,treasury_par,0.08
1994-10-27,222456.67,treasury_par,0.08
1994-10-28,223899.17,treasury_par,0.08
1994-10-31,224063.68,treasury_par,0.08
1994-11-01,221829.16,treasury_par,0.08
1994-11-02,220929.82,treasury_par,0.08
1994-11-03,220846.94,treasury_par,0.08
1994-11-04,219240.27,treasury_par,0.08
1994-11-07,219097.93,treasury_par,0.08
1994-11-08,220105.56,treasury_par,0.08
1994-11-09,221435.41,treasury_par,0.08
1994-11-10,220466.48,treasury_par,0.08
1994-11-14,221540.55,treasury_par,0.08
1994-11-15,222290.11,treasury_par,0.08
1994-11-16,220974.52,treasury_par,0.08
1994-11-17,219816.66,treasury_par,0.08
1994-11-18,220148.78,treasury_par,0.08
1994-11-21,219940.77,treasury_par,0.08
1994-11-22,220599.90,treasury_par,0.08
1994-11-23,224711.21,treasury_par,0.08
1994-11-25,225002.60,treasury_par,0.08
1994-11-28,223493.91,treasury_par,0.08
1994-11-29,222114.89,treasury_par,0.08
1994-11-30,223001.46,treasury_par,0.08
1994-12-01,222669.32,treasury_par,0.08
1994-12-02,225195.20,treasury_par,0.08
1994-12-05,224850.14,treasury_par,0.08
1994-12-06,227040.33,treasury_par,0.08
1994-12-07,225236.92,treasury_par,0.08
1994-12-08,225805.34,treasury_par,0.08
1994-12-09,225891.78,treasury_par,0.08
1994-12-12,224574.06,treasury_par,0.08
1994-12-13,225368.27,treasury_par,0.08
1994-12-14,225554.48,treasury_par,0.08
1994-12-15,225684.94,treasury_par,0.08
1994-12-16,225508.28,treasury_par,0.08
1994-12-19,225641.45,treasury_par,0.08
1994-12-20,225453.66,treasury_par,0.08
1994-12-21,225711.31,treasury_par,0.08
1994-12-22,225103.36,treasury_par,0.08
1994-12-23,225076.31,treasury_par,0.08
1994-12-27,227101.70,treasury_par,0.08
1994-12-28,225988.64,treasury_par,0.08
1994-12-29,225433.65,treasury_par,0.08
1994-12-30,224892.01,treasury_par,0.08
1995-01-03,223880.45,treasury_par,0.08
1995-01-04,225390.80,treasury_par,0.08
1995-01-05,224139.45,treasury_par,0.08
1995-01-06,224423.21,treasury_par,0.08
1995-01-09,223927.91,treasury_par,0.08
1995-01-10,224886.62,treasury_par,0.08
1995-01-11,225797.94,treasury_par,0.08
1995-01-12,225334.53,treasury_par,0.08
1995-01-13,227548.35,treasury_par,0.08
1995-01-17,227541.01,treasury_par,0.08
1995-01-18,227534.32,treasury_par,0.08
1995-01-19,226751.81,treasury_par,0.08
1995-01-20,224973.82,treasury_par,0.08
1995-01-23,224740.43,treasury_par,0.08
1995-01-24,224151.44,treasury_par,0.08
1995-01-25,225409.32,treasury_par,0.08
1995-01-26,226275.84,treasury_par,0.08
1995-01-27,228689.04,treasury_par,0.08
1995-01-30,228574.29,treasury_par,0.08
1995-01-31,229774.70,treasury_par,0.08
1995-02-01,228486.90,treasury_par,0.08
1995-02-02,228294.97,treasury_par,0.08
1995-02-03,232344.26,treasury_par,0.07
1995-02-06,231518.40,treasury_par,0.08
1995-02-07,231638.45,treasury_par,0.08
1995-02-08,231348.71,treasury_par,0.08
1995-02-09,230378.23,treasury_par,0.08
1995-02-10,229471.89,treasury_par,0.08
1995-02-13,229686.87,treasury_par,0.08
1995-02-14,231640.02,treasury_par,0.08
1995-02-15,232899.67,treasury_par,0.07
1995-02-16,233624.38,treasury_par,0.07
1995-02-17,233122.33,treasury_par,0.07
1995-02-21,232808.04,treasury_par,0.07
1995-02-22,234859.47,treasury_par,0.07
1995-02-23,234760.01,treasury_par,0.07
1995-02-24,234954.95,treasury_par,0.07
1995-02-27,236851.69,treasury_par,0.07
1995-02-28,237500.27,treasury_par,0.07
1995-03-01,237351.51,treasury_par,0.07
1995-03-02,235916.57,treasury_par,0.07
1995-03-03,234462.59,treasury_par,0.07
1995-03-06,233276.85,treasury_par,0.07
1995-03-07,232552.29,treasury_par,0.07
1995-03-08,234453.34,treasury_par,0.07
1995-03-09,235683.84,treasury_par,0.07
1995-03-10,237469.41,treasury_par,0.07
1995-03-13,238210.59,treasury_par,0.07
1995-03-14,240671.81,treasury_par,0.07
1995-03-15,240525.24,treasury_par,0.07
1995-03-16,241313.10,treasury_par,0.07
1995-03-17,239823.25,treasury_par,0.07
1995-03-20,239558.28,treasury_par,0.07
1995-03-21,238568.23,treasury_par,0.07
1995-03-22,237563.47,treasury_par,0.07
1995-03-23,237488.58,treasury_par,0.07
1995-03-24,240143.10,treasury_par,0.07
1995-03-27,241229.70,treasury_par,0.07
1995-03-28,238887.48,treasury_par,0.07
1995-03-29,238867.46,treasury_par,0.07
1995-03-30,238371.80,treasury_par,0.07
1995-03-31,238029.16,treasury_par,0.07
1995-04-03,239474.81,treasury_par,0.07
1995-04-04,239985.29,treasury_par,0.07
1995-04-05,239864.69,treasury_par,0.07
1995-04-06,240453.86,treasury_par,0.07
1995-04-07,239872.28,treasury_par,0.07
1995-04-10,239791.09,treasury_par,0.07
1995-04-11,240474.71,treasury_par,0.07
1995-04-12,241012.24,treasury_par,0.07
1995-04-13,241815.65,treasury_par,0.07
1995-04-17,241227.41,treasury_par,0.07
1995-04-18,241121.09,treasury_par,0.07
1995-04-19,240993.27,treasury_par,0.07
1995-04-20,241906.63,treasury_par,0.07
1995-04-21,242133.91,treasury_par,0.07
1995-04-24,242391.32,treasury_par,0.07
1995-04-25,242290.00,treasury_par,0.07
1995-04-26,242331.77,treasury_par,0.07
1995-04-27,241694.80,treasury_par,0.07
1995-04-28,241197.01,treasury_par,0.07
1995-05-01,240829.00,treasury_par,0.07
1995-05-02,241738.99,treasury_par,0.07
1995-05-03,243732.31,treasury_par,0.07
1995-05-04,246305.72,treasury_par,0.07
1995-05-05,250120.56,treasury_par,0.07
1995-05-08,249952.36,treasury_par,0.07
1995-05-09,252231.88,treasury_par,0.07
1995-05-10,250933.13,treasury_par,0.07
1995-05-11,250532.34,treasury_par,0.07
1995-05-12,250680.80,treasury_par,0.07
1995-05-15,251965.53,treasury_par,0.07
1995-05-16,253449.63,treasury_par,0.07
1995-05-17,254296.22,treasury_par,0.07
1995-05-18,252395.67,treasury_par,0.07
1995-05-19,252390.82,treasury_par,0.07
1995-05-22,251936.36,treasury_par,0.07
1995-05-23,253292.61,treasury_par,0.07
1995-05-24,256500.89,treasury_par,0.06
1995-05-25,257720.71,treasury_par,0.06
1995-05-26,257362.15,treasury_par,0.06
1995-05-30,259819.96,treasury_par,0.06
1995-05-31,259805.79,treasury_par,0.06
1995-06-01,262307.38,treasury_par,0.06
1995-06-02,264842.90,treasury_par,0.06
1995-06-05,265250.67,treasury_par,0.06
1995-06-06,265247.15,treasury_par,0.06
1995-06-07,262811.51,treasury_par,0.06
1995-06-08,262170.97,treasury_par,0.06
1995-06-09,257556.99,treasury_par,0.06
1995-06-12,258136.29,treasury_par,0.06
1995-06-13,263740.33,treasury_par,0.06
1995-06-14,263526.65,treasury_par,0.06
1995-06-15,262554.62,treasury_par,0.06
1995-06-16,261998.18,treasury_par,0.06
1995-06-19,263864.58,treasury_par,0.06
1995-06-20,263352.89,treasury_par,0.06
1995-06-21,264062.49,treasury_par,0.06
1995-06-22,266482.94,treasury_par,0.06
1995-06-23,265837.08,treasury_par,0.06
1995-06-26,264534.91,treasury_par,0.06
1995-06-27,263641.30,treasury_par,0.06
1995-06-28,264894.34,treasury_par,0.06
1995-06-29,260323.67,treasury_par,0.06
1995-06-30,261932.98,treasury_par,0.06
1995-07-03,261495.30,treasury_par,0.06
1995-07-05,262222.09,treasury_par,0.06
1995-07-06,265603.83,treasury_par,0.06
1995-07-07,265933.10,treasury_par,0.06
1995-07-10,266067.73,treasury_par,0.06
1995-07-11,264649.49,treasury_par,0.06
1995-07-12,264561.71,treasury_par,0.06
1995-07-13,264684.63,treasury_par,0.06
1995-07-14,263186.50,treasury_par,0.06
1995-07-17,261267.72,treasury_par,0.06
1995-07-18,260225.86,treasury_par,0.06
1995-07-19,255692.11,treasury_par,0.06
1995-07-20,255806.65,treasury_par,0.06
1995-07-21,253601.01,treasury_par,0.07
1995-07-24,255165.57,treasury_par,0.06
1995-07-25,256088.83,treasury_par,0.06
1995-07-26,254729.71,treasury_par,0.06
1995-07-27,256058.16,treasury_par,0.06
1995-07-28,254522.32,treasury_par,0.06
1995-07-31,255596.44,treasury_par,0.06
1995-08-01,254229.71,treasury_par,0.07
1995-08-02,255801.90,treasury_par,0.06
1995-08-03,253659.65,treasury_par,0.07
1995-08-04,254406.48,treasury_par,0.07
1995-08-07,254844.11,treasury_par,0.06
1995-08-08,255094.19,treasury_par,0.06
1995-08-09,254824.90,treasury_par,0.06
1995-08-10,253829.16,treasury_par,0.07
1995-08-11,251728.07,treasury_par,0.07
1995-08-14,251720.32,treasury_par,0.07
1995-08-15,252567.89,treasury_par,0.07
1995-08-16,253298.18,treasury_par,0.07
1995-08-17,252665.66,treasury_par,0.07
1995-08-18,252637.11,treasury_par,0.07
1995-08-21,253498.26,treasury_par,0.07
1995-08-22,252713.92,treasury_par,0.07
1995-08-23,251984.33,treasury_par,0.07
1995-08-24,254431.95,treasury_par,0.07
1995-08-25,257488.20,treasury_par,0.06
1995-08-28,258450.57,treasury_par,0.06
1995-08-29,257984.84,treasury_par,0.06
1995-08-30,258684.53,treasury_par,0.06
1995-08-31,259973.83,treasury_par,0.06
1995-09-01,261493.17,treasury_par,0.06
1995-09-05,262592.59,treasury_par,0.06
1995-09-06,262706.61,treasury_par,0.06
1995-09-07,261748.54,treasury_par,0.06
1995-09-08,261202.00,treasury_par,0.06
1995-09-11,261205.04,treasury_par,0.06
1995-09-12,263128.88,treasury_par,0.06
1995-09-13,262530.20,treasury_par,0.06
1995-09-14,264953.27,treasury_par,0.06
1995-09-15,264205.70,treasury_par,0.06
1995-09-18,262627.96,treasury_par,0.06
1995-09-19,263415.12,treasury_par,0.06
1995-09-20,264462.49,treasury_par,0.06
1995-09-21,261751.81,treasury_par,0.06
1995-09-22,260678.79,treasury_par,0.06
1995-09-25,260512.09,treasury_par,0.06
1995-09-26,260118.60,treasury_par,0.06
1995-09-27,259302.14,treasury_par,0.06
1995-09-28,260102.97,treasury_par,0.06
1995-09-29,262996.11,treasury_par,0.06
1995-10-02,263285.51,treasury_par,0.06
1995-10-03,263977.41,treasury_par,0.06
1995-10-04,264368.85,treasury_par,0.06
1995-10-05,265615.73,treasury_par,0.06
1995-10-06,265765.00,treasury_par,0.06
1995-10-10,265607.61,treasury_par,0.06
1995-10-11,265243.97,treasury_par,0.06
1995-10-12,265805.65,treasury_par,0.06
1995-10-13,268625.24,treasury_par,0.06
1995-10-16,268528.10,treasury_par,0.06
1995-10-17,268629.81,treasury_par,0.06
1995-10-18,268068.24,treasury_par,0.06
1995-10-19,268303.52,treasury_par,0.06
1995-10-20,266734.23,treasury_par,0.06
1995-10-23,266044.73,treasury_par,0.06
1995-10-24,267506.12,treasury_par,0.06
1995-10-25,267987.87,treasury_par,0.06
1995-10-26,266323.01,treasury_par,0.06
1995-10-27,266714.88,treasury_par,0.06
1995-10-30,266848.04,treasury_par,0.06
1995-10-31,267148.94,treasury_par,0.06
1995-11-01,268396.05,treasury_par,0.06
1995-11-02,269938.65,treasury_par,0.06
1995-11-03,269406.23,treasury_par,0.06
1995-11-06,268963.24,treasury_par,0.06
1995-11-07,268124.80,treasury_par,0.06
1995-11-08,270033.03,treasury_par,0.06
1995-11-09,268630.56,treasury_par,0.06
1995-11-10,267748.35,treasury_par,0.06
1995-11-13,268536.00,treasury_par,0.06
1995-11-14,268542.40,treasury_par,0.06
1995-11-15,267837.33,treasury_par,0.06
1995-11-16,269565.45,treasury_par,0.06
1995-11-17,269732.61,treasury_par,0.06
1995-11-20,269500.97,treasury_par,0.06
1995-11-21,269426.62,treasury_par,0.06
1995-11-22,269221.59,treasury_par,0.06
1995-11-24,269646.70,treasury_par,0.06
1995-11-27,270586.03,treasury_par,0.06
1995-11-28,270640.50,treasury_par,0.06
1995-11-29,271208.11,treasury_par,0.06
1995-11-30,273820.91,treasury_par,0.06
1995-12-01,275144.52,treasury_par,0.06
1995-12-04,277528.72,treasury_par,0.06
1995-12-05,276920.15,treasury_par,0.06
1995-12-06,276532.90,treasury_par,0.06
1995-12-07,275172.77,treasury_par,0.06
1995-12-08,275012.29,treasury_par,0.06
1995-12-11,275470.41,treasury_par,0.06
1995-12-12,275313.07,treasury_par,0.06
1995-12-13,274869.71,treasury_par,0.06
1995-12-14,274698.35,treasury_par,0.06
1995-12-15,274427.14,treasury_par,0.06
1995-12-18,271589.78,treasury_par,0.06
1995-12-19,272760.89,treasury_par,0.06
1995-12-20,273990.16,treasury_par,0.06
1995-12-21,273677.82,treasury_par,0.06
1995-12-22,275431.33,treasury_par,0.06
1995-12-26,275889.39,treasury_par,0.06
1995-12-27,276763.71,treasury_par,0.06
1995-12-28,277532.90,treasury_par,0.06
1995-12-29,278923.58,treasury_par,0.06
1996-01-02,278344.26,treasury_par,0.06
1996-01-03,278872.69,treasury_par,0.06
1996-01-04,276902.20,treasury_par,0.06
1996-01-05,275839.53,treasury_par,0.06
1996-01-08,276201.09,treasury_par,0.06
1996-01-09,275598.01,treasury_par,0.06
1996-01-10,272764.83,treasury_par,0.06
1996-01-11,273154.09,treasury_par,0.06
1996-01-12,273725.52,treasury_par,0.06
1996-01-16,276190.25,treasury_par,0.06
1996-01-17,278572.96,treasury_par,0.06
1996-01-18,279735.32,treasury_par,0.06
1996-01-19,279600.97,treasury_par,0.06
1996-01-22,277639.10,treasury_par,0.06
1996-01-23,276186.19,treasury_par,0.06
1996-01-24,277478.12,treasury_par,0.06
1996-01-25,275257.30,treasury_par,0.06
1996-01-26,276653.90,treasury_par,0.06
1996-01-29,275615.41,treasury_par,0.06
1996-01-30,277196.27,treasury_par,0.06
1996-01-31,277910.13,treasury_par,0.06
1996-02-01,277021.78,treasury_par,0.06
1996-02-02,276016.54,treasury_par,0.06
1996-02-05,275091.07,treasury_par,0.06
1996-02-06,275700.13,treasury_par,0.06
1996-02-07,275879.51,treasury_par,0.06
1996-02-08,275851.99,treasury_par,0.06
1996-02-09,275882.71,treasury_par,0.06
1996-02-12,277499.55,treasury_par,0.06
1996-02-13,278254.54,treasury_par,0.06
1996-02-14,277037.87,treasury_par,0.06
1996-02-15,274735.03,treasury_par,0.06
1996-02-16,273041.26,treasury_par,0.06
1996-02-20,266781.66,treasury_par,0.06
1996-02-21,267284.72,treasury_par,0.06
1996-02-22,268691.25,treasury_par,0.06
1996-02-23,267178.88,treasury_par,0.06
1996-02-26,266148.73,treasury_par,0.06
1996-02-27,265077.98,treasury_par,0.06
1996-02-28,263989.95,treasury_par,0.06
1996-02-29,263663.33,treasury_par,0.06
1996-03-01,266974.10,treasury_par,0.06
1996-03-04,268757.41,treasury_par,0.06
1996-03-05,267609.68,treasury_par,0.06
1996-03-06,265386.51,treasury_par,0.06
1996-03-07,264854.38,treasury_par,0.06
1996-03-08,256495.74,treasury_par,0.06
1996-03-11,258485.81,treasury_par,0.06
1996-03-12,257724.89,treasury_par,0.06
1996-03-13,257562.97,treasury_par,0.06
1996-03-14,257358.56,treasury_par,0.06
1996-03-15,255066.91,treasury_par,0.06
1996-03-18,255907.88,treasury_par,0.06
1996-03-19,256319.74,treasury_par,0.06
1996-03-20,257976.57,treasury_par,0.06
1996-03-21,259251.36,treasury_par,0.06
1996-03-22,258371.27,treasury_par,0.06
1996-03-25,259946.96,treasury_par,0.06
1996-03-26,260247.25,treasury_par,0.06
1996-03-27,257763.34,treasury_par,0.06
1996-03-28,255997.26,treasury_par,0.06
1996-03-29,257779.82,treasury_par,0.06
1996-04-01,258440.91,treasury_par,0.06
1996-04-02,259896.73,treasury_par,0.06
1996-04-03,259304.65,treasury_par,0.06
1996-04-04,257949.21,treasury_par,0.06
1996-04-05,252282.91,treasury_par,0.07
1996-04-08,250807.49,treasury_par,0.07
1996-04-09,252256.01,treasury_par,0.07
1996-04-10,250526.79,treasury_par,0.07
1996-04-11,249322.12,treasury_par,0.07
1996-04-12,253286.89,treasury_par,0.07
1996-04-15,254286.03,treasury_par,0.06
1996-04-16,254295.48,treasury_par,0.06
1996-04-17,253363.97,treasury_par,0.07
1996-04-18,252006.89,treasury_par,0.07
1996-04-19,253137.01,treasury_par,0.07
1996-04-22,254380.57,treasury_par,0.06
1996-04-23,253515.76,treasury_par,0.07
1996-04-24,252318.60,treasury_par,0.07
1996-04-25,252585.59,treasury_par,0.07
1996-04-26,253208.70,treasury_par,0.07
1996-04-29,252053.54,treasury_par,0.07
1996-04-30,250357.47,treasury_par,0.07
1996-05-01,249884.76,treasury_par,0.07
1996-05-02,245921.95,treasury_par,0.07
1996-05-03,244460.98,treasury_par,0.07
1996-05-06,245435.96,treasury_par,0.07
1996-05-07,245122.07,treasury_par,0.07
1996-05-08,247248.69,treasury_par,0.07
1996-05-09,246057.77,treasury_par,0.07
1996-05-10,248280.25,treasury_par,0.07
1996-05-13,249034.38,treasury_par,0.07
1996-05-14,250467.99,treasury_par,0.07
1996-05-15,250760.76,treasury_par,0.07
1996-05-16,249475.41,treasury_par,0.07
1996-05-17,250727.82,treasury_par,0.07
1996-05-20,251464.58,treasury_par,0.07
1996-05-21,250651.47,treasury_par,0.07
1996-05-22,251391.42,treasury_par,0.07
1996-05-23,250083.21,treasury_par,0.07
1996-05-24,250860.65,treasury_par,0.07
1996-05-28,250516.24,treasury_par,0.07
1996-05-29,248154.95,treasury_par,0.07
1996-05-30,248097.89,treasury_par,0.07
1996-05-31,246264.09,treasury_par,0.07
1996-06-03,245723.65,treasury_par,0.07
1996-06-04,246013.06,treasury_par,0.07
1996-06-05,247008.18,treasury_par,0.07
1996-06-06,248482.84,treasury_par,0.07
1996-06-07,244565.00,treasury_par,0.07
1996-06-10,243431.93,treasury_par,0.07
1996-06-11,242775.80,treasury_par,0.07
1996-06-12,241763.12,treasury_par,0.07
1996-06-13,242369.26,treasury_par,0.07
1996-06-14,243850.93,treasury_par,0.07
1996-06-17,245045.77,treasury_par,0.07
1996-06-18,244215.14,treasury_par,0.07
1996-06-19,243584.16,treasury_par,0.07
1996-06-20,243364.30,treasury_par,0.07
1996-06-21,243820.23,treasury_par,0.07
1996-06-24,244216.69,treasury_par,0.07
1996-06-25,245063.15,treasury_par,0.07
1996-06-26,245167.17,treasury_par,0.07
1996-06-27,246983.76,treasury_par,0.07
1996-06-28,249447.90,treasury_par,0.07
1996-07-01,249347.44,treasury_par,0.07
1996-07-02,248083.11,treasury_par,0.07
1996-07-03,248337.46,treasury_par,0.07
1996-07-05,241737.13,treasury_par,0.07
1996-07-08,241831.63,treasury_par,0.07
1996-07-09,243015.61,treasury_par,0.07
1996-07-10,244224.11,treasury_par,0.07
1996-07-11,245274.58,treasury_par,0.07
1996-07-12,246495.57,treasury_par,0.07
1996-07-15,245623.83,treasury_par,0.07
1996-07-16,246715.12,treasury_par,0.07
1996-07-17,246854.84,treasury_par,0.07
1996-07-18,249756.76,treasury_par,0.07
1996-07-19,248228.22,treasury_par,0.07
1996-07-22,246909.34,treasury_par,0.07
1996-07-23,247908.83,treasury_par,0.07
1996-07-24,246158.53,treasury_par,0.07
1996-07-25,246320.34,treasury_par,0.07
1996-07-26,246727.62,treasury_par,0.07
1996-07-29,244851.99,treasury_par,0.07
1996-07-30,245891.81,treasury_par,0.07
1996-07-31,247988.90,treasury_par,0.07
1996-08-01,251610.51,treasury_par,0.07
1996-08-02,254888.62,treasury_par,0.07
1996-08-05,254434.88,treasury_par,0.07
1996-08-06,254095.18,treasury_par,0.07
1996-08-07,253854.88,treasury_par,0.07
1996-08-08,253551.43,treasury_par,0.07
1996-08-09,255095.13,treasury_par,0.07
1996-08-12,255309.17,treasury_par,0.06
1996-08-13,253179.99,treasury_par,0.07
1996-08-14,252933.84,treasury_par,0.07
1996-08-15,252027.36,treasury_par,0.07
1996-08-16,253487.75,treasury_par,0.07
1996-08-19,252622.95,treasury_par,0.07
1996-08-20,252609.51,treasury_par,0.07
1996-08-21,252026.97,treasury_par,0.07
1996-08-22,251832.82,treasury_par,0.07
1996-08-23,249402.04,treasury_par,0.07
1996-08-26,247473.25,treasury_par,0.07
1996-08-27,247975.92,treasury_par,0.07
1996-08-28,247718.59,treasury_par,0.07
1996-08-29,246082.85,treasury_par,0.07
1996-08-30,243695.27,treasury_par,0.07
1996-09-03,244826.69,treasury_par,0.07
1996-09-04,244299.08,treasury_par,0.07
1996-09-05,243244.19,treasury_par,0.07
1996-09-06,244135.77,treasury_par,0.07
1996-09-09,245093.37,treasury_par,0.07
1996-09-10,244061.83,treasury_par,0.07
1996-09-11,244113.05,treasury_par,0.07
1996-09-12,245389.32,treasury_par,0.07
1996-09-13,248734.22,treasury_par,0.07
1996-09-16,249044.20,treasury_par,0.07
1996-09-17,247212.80,treasury_par,0.07
1996-09-18,246828.72,treasury_par,0.07
1996-09-19,245901.49,treasury_par,0.07
1996-09-20,246308.00,treasury_par,0.07
1996-09-23,246787.79,treasury_par,0.07
1996-09-24,248072.46,treasury_par,0.07
1996-09-25,249671.69,treasury_par,0.07
1996-09-26,250932.52,treasury_par,0.07
1996-09-27,250345.98,treasury_par,0.07
1996-09-30,249503.86,treasury_par,0.07
1996-10-01,251143.65,treasury_par,0.07
1996-10-02,252145.36,treasury_par,0.07
1996-10-03,252162.43,treasury_par,0.07
1996-10-04,255310.31,treasury_par,0.06
1996-10-07,254057.96,treasury_par,0.07
1996-10-08,253966.87,treasury_par,0.07
1996-10-09,253327.99,treasury_par,0.07
1996-10-10,251935.15,treasury_par,0.07
1996-10-11,253280.52,treasury_par,0.07
1996-10-15,253071.56,treasury_par,0.07
1996-10-16,252806.68,treasury_par,0.07
1996-10-17,254377.54,treasury_par,0.07
1996-10-18,254643.24,treasury_par,0.07
1996-10-21,254204.53,treasury_par,0.07
1996-10-22,253206.63,treasury_par,0.07
1996-10-23,253254.18,treasury_par,0.07
1996-10-24,252933.63,treasury_par,0.07
1996-10-25,253747.41,treasury_par,0.07
1996-10-28,253364.36,treasury_par,0.07
1996-10-29,257289.78,treasury_par,0.06
1996-10-30,257305.79,treasury_par,0.06
1996-10-31,258085.56,treasury_par,0.06
1996-11-01,257793.37,treasury_par,0.06
1996-11-04,258306.96,treasury_par,0.06
1996-11-05,260369.78,treasury_par,0.06
1996-11-06,259933.83,treasury_par,0.06
1996-11-07,261203.75,treasury_par,0.06
1996-11-08,260421.86,treasury_par,0.06
1996-11-12,262821.02,treasury_par,0.06
1996-11-13,262473.97,treasury_par,0.06
1996-11-14,263758.68,treasury_par,0.06
1996-11-15,262802.47,treasury_par,0.06
1996-11-18,262554.42,treasury_par,0.06
1996-11-19,263343.59,treasury_par,0.06
1996-11-20,264159.09,treasury_par,0.06
1996-11-21,263846.64,treasury_par,0.06
1996-11-22,263744.82,treasury_par,0.06
1996-11-25,264155.53,treasury_par,0.06
1996-11-26,264205.46,treasury_par,0.06
1996-11-27,263921.47,treasury_par,0.06
1996-11-29,266054.58,treasury_par,0.06
1996-12-02,265668.24,treasury_par,0.06
1996-12-03,266211.74,treasury_par,0.06
1996-12-04,264837.79,treasury_par,0.06
1996-12-05,261893.17,treasury_par,0.06
1996-12-06,260946.20,treasury_par,0.06
1996-12-09,262207.80,treasury_par,0.06
1996-12-10,261787.47,treasury_par,0.06
1996-12-11,258016.58,treasury_par,0.06
1996-12-12,257431.97,treasury_par,0.06
1996-12-13,259183.04,treasury_par,0.06
1996-12-16,257813.46,treasury_par,0.06
1996-12-17,256968.75,treasury_par,0.06
1996-12-18,255914.29,treasury_par,0.06
1996-12-19,258629.97,treasury_par,0.06
1996-12-20,258776.70,treasury_par,0.06
1996-12-23,259148.93,treasury_par,0.06
1996-12-24,258711.35,treasury_par,0.06
1996-12-26,258883.60,treasury_par,0.06
1996-12-27,260142.54,treasury_par,0.06
1996-12-30,259990.80,treasury_par,0.06
1996-12-31,256944.92,treasury_par,0.06
1997-01-02,254062.54,treasury_par,0.07
1997-01-03,254541.89,treasury_par,0.07
1997-01-06,254026.94,treasury_par,0.07
1997-01-07,253244.99,treasury_par,0.07
1997-01-08,252522.17,treasury_par,0.07
1997-01-09,254491.83,treasury_par,0.07
1997-01-10,251881.89,treasury_par,0.07
1997-01-13,251831.90,treasury_par,0.07
1997-01-14,254238.72,treasury_par,0.07
1997-01-15,254172.35,treasury_par,0.07
1997-01-16,253144.41,treasury_par,0.07
1997-01-17,253398.40,treasury_par,0.07
1997-01-21,254487.82,treasury_par,0.07
1997-01-22,253450.00,treasury_par,0.07
1997-01-23,252507.65,treasury_par,0.07
1997-01-24,251476.44,treasury_par,0.07
1997-01-27,250307.25,treasury_par,0.07
1997-01-28,251374.05,treasury_par,0.07
1997-01-29,251644.93,treasury_par,0.07
1997-01-30,252168.97,treasury_par,0.07
1997-01-31,254274.31,treasury_par,0.07
1997-02-03,255750.71,treasury_par,0.06
1997-02-04,256336.16,treasury_par,0.06
1997-02-05,255724.44,treasury_par,0.06
1997-02-06,255231.98,treasury_par,0.06
1997-02-07,256631.58,treasury_par,0.06
1997-02-10,256815.65,treasury_par,0.06
1997-02-11,256805.82,treasury_par,0.06
1997-02-12,257434.26,treasury_par,0.06
1997-02-13,259395.75,treasury_par,0.06
1997-02-14,260505.40,treasury_par,0.06
1997-02-18,260424.81,treasury_par,0.06
1997-02-19,259897.13,treasury_par,0.06
1997-02-20,257816.00,treasury_par,0.06
1997-02-21,258267.83,treasury_par,0.06
1997-02-24,257575.44,treasury_par,0.06
1997-02-25,257394.34,treasury_par,0.06
1997-02-26,253451.02,treasury_par,0.07
1997-02-27,252964.77,treasury_par,0.07
1997-02-28,253362.02,treasury_par,0.07
1997-03-03,252758.63,treasury_par,0.07
1997-03-04,252200.06,treasury_par,0.07
1997-03-05,252262.48,treasury_par,0.07
1997-03-06,251662.74,treasury_par,0.07
1997-03-07,253011.00,treasury_par,0.07
1997-03-10,253130.41,treasury_par,0.07
1997-03-11,252788.86,treasury_par,0.07
1997-03-12,252094.82,treasury_par,0.07
1997-03-13,249161.55,treasury_par,0.07
1997-03-14,249471.70,treasury_par,0.07
1997-03-17,249268.62,treasury_par,0.07
1997-03-18,249237.74,treasury_par,0.07
1997-03-19,248757.07,treasury_par,0.07
1997-03-20,248732.38,treasury_par,0.07
1997-03-21,248986.46,treasury_par,0.07
1997-03-24,249445.26,treasury_par,0.07
1997-03-25,248856.33,treasury_par,0.07
1997-03-26,247709.90,treasury_par,0.07
1997-03-27,245243.01,treasury_par,0.07
1997-03-31,244751.04,treasury_par,0.07
1997-04-01,245158.80,treasury_par,0.07
1997-04-02,245615.32,treasury_par,0.07
1997-04-03,245996.91,treasury_par,0.07
1997-04-04,244540.46,treasury_par,0.07
1997-04-07,245806.00,treasury_par,0.07
1997-04-08,244923.91,treasury_par,0.07
1997-04-09,244946.59,treasury_par,0.07
1997-04-10,244974.71,treasury_par,0.07
1997-04-11,243304.56,treasury_par,0.07
1997-04-14,243324.32,treasury_par,0.07
1997-04-15,245557.17,treasury_par,0.07
1997-04-16,245187.59,treasury_par,0.07
1997-04-17,246151.19,treasury_par,0.07
1997-04-18,246603.86,treasury_par,0.07
1997-04-21,245851.21,treasury_par,0.07
1997-04-22,246689.46,treasury_par,0.07
1997-04-23,245526.64,treasury_par,0.07
1997-04-24,244571.37,treasury_par,0.07
1997-04-25,244317.50,treasury_par,0.07
1997-04-28,244776.64,treasury_par,0.07
1997-04-29,248302.10,treasury_par,0.07
1997-04-30,249513.48,treasury_par,0.07
1997-05-01,250286.13,treasury_par,0.07
1997-05-02,250695.80,treasury_par,0.07
1997-05-05,250880.90,treasury_par,0.07
1997-05-06,250948.40,treasury_par,0.07
1997-05-07,248854.29,treasury_par,0.07
1997-05-08,249841.20,treasury_par,0.07
1997-05-09,250988.24,treasury_par,0.07
1997-05-12,251428.94,treasury_par,0.07
1997-05-13,250011.49,treasury_par,0.07
1997-05-14,250722.12,treasury_par,0.07
1997-05-15,251091.88,treasury_par,0.07
1997-05-16,250281.69,treasury_par,0.07
1997-05-19,250065.80,treasury_par,0.07
1997-05-20,250184.30,treasury_par,0.07
1997-05-21,249108.80,treasury_par,0.07
1997-05-22,248658.93,treasury_par,0.07
1997-05-23,249038.93,treasury_par,0.07
1997-05-27,247825.18,treasury_par,0.07
1997-05-28,247714.52,treasury_par,0.07
1997-05-29,248963.48,treasury_par,0.07
1997-05-30,250857.45,treasury_par,0.07
1997-06-02,251168.37,treasury_par,0.07
1997-06-03,251976.12,treasury_par,0.07
1997-06-04,252083.66,treasury_par,0.07
1997-06-05,252042.65,treasury_par,0.07
1997-06-06,254783.67,treasury_par,0.07
1997-06-09,253701.77,treasury_par,0.07
1997-06-10,253212.16,treasury_par,0.07
1997-06-11,253522.74,treasury_par,0.07
1997-06-12,255348.31,treasury_par,0.06
1997-06-13,256636.48,treasury_par,0.06
1997-06-16,257334.10,treasury_par,0.06
1997-06-17,256714.37,treasury_par,0.06
1997-06-18,257298.86,treasury_par,0.06
1997-06-19,257367.48,treasury_par,0.06
1997-06-20,258125.05,treasury_par,0.06
1997-06-23,257416.24,treasury_par,0.06
1997-06-24,257044.59,treasury_par,0.06
1997-06-25,256074.36,treasury_par,0.06
1997-06-26,254776.87,treasury_par,0.07
1997-06-27,255821.11,treasury_par,0.06
1997-06-30,254586.80,treasury_par,0.07
1997-07-01,256134.83,treasury_par,0.06
1997-07-02,256816.09,treasury_par,0.06
1997-07-03,259650.20,treasury_par,0.06
1997-07-07,260668.69,treasury_par,0.06
1997-07-08,260678.44,treasury_par,0.06
1997-07-09,261290.85,treasury_par,0.06
1997-07-10,261015.19,treasury_par,0.06
1997-07-11,261780.81,treasury_par,0.06
1997-07-14,261064.78,treasury_par,0.06
1997-07-15,261079.40,treasury_par,0.06
1997-07-16,262688.01,treasury_par,0.06
1997-07-17,262872.84,treasury_par,0.06
1997-07-18,261615.27,treasury_par,0.06
1997-07-21,260873.96,treasury_par,0.06
1997-07-22,263972.29,treasury_par,0.06
1997-07-23,264260.30,treasury_par,0.06
1997-07-24,263850.61,treasury_par,0.06
1997-07-25,263278.96,treasury_par,0.06
1997-07-28,263814.76,treasury_par,0.06
1997-07-29,265188.75,treasury_par,0.06
1997-07-30,266649.56,treasury_par,0.06
1997-07-31,267533.69,treasury_par,0.06
1997-08-01,262846.11,treasury_par,0.06
1997-08-04,262132.49,treasury_par,0.06
1997-08-05,262021.33,treasury_par,0.06
1997-08-06,262548.98,treasury_par,0.06
1997-08-07,261588.01,treasury_par,0.06
1997-08-08,257804.79,treasury_par,0.06
1997-08-11,258310.86,treasury_par,0.06
1997-08-12,257468.11,treasury_par,0.06
1997-08-13,258206.71,treasury_par,0.06
1997-08-14,260468.88,treasury_par,0.06
1997-08-15,260393.89,treasury_par,0.06
1997-08-18,261904.24,treasury_par,0.06
1997-08-19,262014.09,treasury_par,0.06
1997-08-20,261299.53,treasury_par,0.06
1997-08-21,259673.68,treasury_par,0.06
1997-08-22,257690.05,treasury_par,0.06
1997-08-25,257511.26,treasury_par,0.06
1997-08-26,257772.93,treasury_par,0.06
1997-08-27,257781.26,treasury_par,0.06
1997-08-28,259996.21,treasury_par,0.06
1997-08-29,258902.53,treasury_par,0.06
1997-09-02,259735.16,treasury_par,0.06
1997-09-03,259160.63,treasury_par,0.06
1997-09-04,259197.79,treasury_par,0.06
1997-09-05,258078.89,treasury_par,0.06
1997-09-08,259143.63,treasury_par,0.06
1997-09-09,258849.61,treasury_par,0.06
1997-09-10,258176.89,treasury_par,0.06
1997-09-11,257512.11,treasury_par,0.06
1997-09-12,260041.64,treasury_par,0.06
1997-09-15,260269.85,treasury_par,0.06
1997-09-16,264893.73,treasury_par,0.06
1997-09-17,265226.44,treasury_par,0.06
1997-09-18,264947.82,treasury_par,0.06
1997-09-19,265500.60,treasury_par,0.06
1997-09-22,266301.00,treasury_par,0.06
1997-09-23,265282.59,treasury_par,0.06
1997-09-24,266872.06,treasury_par,0.06
1997-09-25,264458.44,treasury_par,0.06
1997-09-26,265718.93,treasury_par,0.06
1997-09-29,265253.56,treasury_par,0.06
1997-09-30,264628.69,treasury_par,0.06
1997-10-01,266765.48,treasury_par,0.06
1997-10-02,267509.60,treasury_par,0.06
1997-10-03,267543.47,treasury_par,0.06
1997-10-06,268832.53,treasury_par,0.06
1997-10-07,269361.57,treasury_par,0.06
1997-10-08,265745.68,treasury_par,0.06
1997-10-09,265429.10,treasury_par,0.06
1997-10-10,263807.49,treasury_par,0.06
1997-10-14,265900.09,treasury_par,0.06
1997-10-15,265067.34,treasury_par,0.06
1997-10-16,265284.56,treasury_par,0.06
1997-10-17,263354.54,treasury_par,0.06
1997-10-20,263858.08,treasury_par,0.06
1997-10-21,264052.26,treasury_par,0.06
1997-10-22,264494.25,treasury_par,0.06
1997-10-23,266679.16,treasury_par,0.06
1997-10-24,267547.44,treasury_par,0.06
1997-10-27,269868.57,treasury_par,0.06
1997-10-28,268313.80,treasury_par,0.06
1997-10-29,269944.98,treasury_par,0.06
1997-10-30,271747.00,treasury_par,0.06
1997-10-31,271928.41,treasury_par,0.06
1997-11-03,270109.81,treasury_par,0.06
1997-11-04,269067.44,treasury_par,0.06
1997-11-05,269123.83,treasury_par,0.06
1997-11-06,270497.35,treasury_par,0.06
1997-11-07,270524.35,treasury_par,0.06
1997-11-10,270288.06,treasury_par,0.06
1997-11-12,270826.29,treasury_par,0.06
1997-11-13,271380.83,treasury_par,0.06
1997-11-14,271691.93,treasury_par,0.06
1997-11-17,272022.10,treasury_par,0.06
1997-11-18,272037.06,treasury_par,0.06
1997-11-19,273106.14,treasury_par,0.06
1997-11-20,272532.00,treasury_par,0.06
1997-11-21,273009.85,treasury_par,0.06
1997-11-24,271937.33,treasury_par,0.06
1997-11-25,272290.00,treasury_par,0.06
1997-11-26,272128.23,treasury_par,0.06
1997-11-28,272301.85,treasury_par,0.06
1997-12-01,272291.75,treasury_par,0.06
1997-12-02,272422.37,treasury_par,0.06
1997-12-03,273098.26,treasury_par,0.06
1997-12-04,272760.92,treasury_par,0.06
1997-12-05,270815.16,treasury_par,0.06
1997-12-08,269696.94,treasury_par,0.06
1997-12-09,269875.55,treasury_par,0.06
1997-12-10,271122.72,treasury_par,0.06
1997-12-11,273167.04,treasury_par,0.06
1997-12-12,275394.30,treasury_par,0.06
1997-12-15,274361.18,treasury_par,0.06
1997-12-16,274600.57,treasury_par,0.06
1997-12-17,273644.23,treasury_par,0.06
1997-12-18,275006.76,treasury_par,0.06
1997-12-19,276066.02,treasury_par,0.06
1997-12-22,276360.58,treasury_par,0.06
1997-12-23,276066.85,treasury_par,0.06
1997-12-24,275303.01,treasury_par,0.06
1997-12-26,275610.34,treasury_par,0.06
1997-12-29,275269.45,treasury_par,0.06
1997-12-30,273989.65,treasury_par,0.06
1997-12-31,275268.23,treasury_par,0.06
1998-01-02,277529.63,treasury_par,0.06
1998-01-05,281540.76,treasury_par,0.06
1998-01-06,282266.44,treasury_par,0.05
1998-01-07,280396.80,treasury_par,0.06
1998-01-08,282106.21,treasury_par,0.05
1998-01-09,284304.69,treasury_par,0.05
1998-01-12,284553.16,treasury_par,0.05
1998-01-13,284071.33,treasury_par,0.05
1998-01-14,283065.32,treasury_par,0.05
1998-01-15,282318.12,treasury_par,0.05
1998-01-16,280601.72,treasury_par,0.06
1998-01-20,279806.88,treasury_par,0.06
1998-01-21,280623.46,treasury_par,0.06
1998-01-22,279882.88,treasury_par,0.06
1998-01-23,276047.70,treasury_par,0.06
1998-01-26,278085.68,treasury_par,0.06
1998-01-27,276238.40,treasury_par,0.06
1998-01-28,276448.26,treasury_par,0.06
1998-01-29,279475.27,treasury_par,0.06
1998-01-30,280784.59,treasury_par,0.06
1998-02-02,279591.25,treasury_par,0.06
1998-02-03,279694.08,treasury_par,0.06
1998-02-04,279467.16,treasury_par,0.06
1998-02-05,277949.84,treasury_par,0.06
1998-02-06,278072.69,treasury_par,0.06
1998-02-09,277195.41,treasury_par,0.06
1998-02-10,277565.20,treasury_par,0.06
1998-02-11,280359.51,treasury_par,0.06
1998-02-12,280455.37,treasury_par,0.06
1998-02-13,281227.23,treasury_par,0.05
1998-02-17,282662.91,treasury_par,0.05
1998-02-18,281340.08,treasury_par,0.05
1998-02-19,280807.46,treasury_par,0.06
1998-02-20,280099.21,treasury_par,0.06
1998-02-23,279006.12,treasury_par,0.06
1998-02-24,276181.54,treasury_par,0.06
1998-02-25,277753.81,treasury_par,0.06
1998-02-26,277246.46,treasury_par,0.06
1998-02-27,278055.37,treasury_par,0.06
1998-03-02,275232.79,treasury_par,0.06
1998-03-03,273846.06,treasury_par,0.06
1998-03-04,274253.71,treasury_par,0.06
1998-03-05,273545.18,treasury_par,0.06
1998-03-06,274959.85,treasury_par,0.06
1998-03-09,276511.50,treasury_par,0.06
1998-03-10,276620.70,treasury_par,0.06
1998-03-11,277676.81,treasury_par,0.06
1998-03-12,279596.99,treasury_par,0.06
1998-03-13,279039.37,treasury_par,0.06
1998-03-16,280166.75,treasury_par,0.06
1998-03-17,279488.19,treasury_par,0.06
1998-03-18,278939.25,treasury_par,0.06
1998-03-19,278955.94,treasury_par,0.06
1998-03-20,279301.22,treasury_par,0.06
1998-03-23,279360.64,treasury_par,0.06
1998-03-24,279176.69,treasury_par,0.06
1998-03-25,277542.34,treasury_par,0.06
1998-03-26,276587.79,treasury_par,0.06
1998-03-27,276498.31,treasury_par,0.06
1998-03-30,275447.03,treasury_par,0.06
1998-03-31,276720.49,treasury_par,0.06
1998-04-01,278093.55,treasury_par,0.06
1998-04-02,279696.36,treasury_par,0.06
1998-04-03,282092.50,treasury_par,0.05
1998-04-06,280986.49,treasury_par,0.06
1998-04-07,280445.66,treasury_par,0.06
1998-04-08,279024.10,treasury_par,0.06
1998-04-09,278934.90,treasury_par,0.06
1998-04-13,277060.97,treasury_par,0.06
1998-04-14,277884.67,treasury_par,0.06
1998-04-15,278672.85,treasury_par,0.06
1998-04-16,279034.23,treasury_par,0.06
1998-04-17,278968.50,treasury_par,0.06
1998-04-20,277332.26,treasury_par,0.06
1998-04-21,276535.85,treasury_par,0.06
1998-04-22,276469.51,treasury_par,0.06
1998-04-23,276177.92,treasury_par,0.06
1998-04-24,276824.59,treasury_par,0.06
1998-04-27,273196.92,treasury_par,0.06
1998-04-28,273196.85,treasury_par,0.06
1998-04-29,272995.88,treasury_par,0.06
1998-04-30,276413.38,treasury_par,0.06
1998-05-01,276807.94,treasury_par,0.06
1998-05-04,276766.84,treasury_par,0.06
1998-05-05,275931.81,treasury_par,0.06
1998-05-06,276754.71,treasury_par,0.06
1998-05-07,276764.58,treasury_par,0.06
1998-05-08,275785.84,treasury_par,0.06
1998-05-11,273676.27,treasury_par,0.06
1998-05-12,276039.60,treasury_par,0.06
1998-05-13,277351.50,treasury_par,0.06
1998-05-14,276495.30,treasury_par,0.06
1998-05-15,276315.64,treasury_par,0.06
1998-05-18,277543.55,treasury_par,0.06
1998-05-19,277123.89,treasury_par,0.06
1998-05-20,278294.45,treasury_par,0.06
1998-05-21,277253.76,treasury_par,0.06
1998-05-22,277604.73,treasury_par,0.06
1998-05-26,279010.49,treasury_par,0.06
1998-05-27,279673.74,treasury_par,0.06
1998-05-28,279292.50,treasury_par,0.06
1998-05-29,279913.68,treasury_par,0.06
1998-06-01,280801.31,treasury_par,0.06
1998-06-02,280015.51,treasury_par,0.06
1998-06-03,279824.33,treasury_par,0.06
1998-06-04,279277.70,treasury_par,0.06
1998-06-05,279697.95,treasury_par,0.06
1998-06-08,279700.88,treasury_par,0.06
1998-06-09,279492.77,treasury_par,0.06
1998-06-10,281745.32,treasury_par,0.06
1998-06-11,283686.39,treasury_par,0.05
1998-06-12,283816.10,treasury_par,0.05
1998-06-15,285208.00,treasury_par,0.05
1998-06-16,283356.23,treasury_par,0.05
1998-06-17,280794.26,treasury_par,0.06
1998-06-18,281912.88,treasury_par,0.06
1998-06-19,282739.29,treasury_par,0.05
1998-06-22,282996.05,treasury_par,0.05
1998-06-23,283423.98,treasury_par,0.05
1998-06-24,283036.28,treasury_par,0.05
1998-06-25,283077.63,treasury_par,0.05
1998-06-26,283243.84,treasury_par,0.05
1998-06-29,282895.20,treasury_par,0.05
1998-06-30,283675.60,treasury_par,0.05
1998-07-01,283714.07,treasury_par,0.05
1998-07-02,284411.16,treasury_par,0.05
1998-07-06,285158.63,treasury_par,0.05
1998-07-07,284368.04,treasury_par,0.05
1998-07-08,283930.07,treasury_par,0.05
1998-07-09,284522.57,treasury_par,0.05
1998-07-10,284146.17,treasury_par,0.05
1998-07-13,282770.00,treasury_par,0.05
1998-07-14,282020.07,treasury_par,0.05
1998-07-15,282235.76,treasury_par,0.05
1998-07-16,281692.52,treasury_par,0.06
1998-07-17,281322.63,treasury_par,0.06
1998-07-20,282178.90,treasury_par,0.05
1998-07-21,283116.84,treasury_par,0.05
1998-07-22,282882.43,treasury_par,0.05
1998-07-23,283181.28,treasury_par,0.05
1998-07-24,283066.34,treasury_par,0.05
1998-07-27,282471.30,treasury_par,0.05
1998-07-28,281609.18,treasury_par,0.06
1998-07-29,280947.18,treasury_par,0.06
1998-07-30,281793.46,treasury_par,0.06
1998-07-31,281852.44,treasury_par,0.06
1998-08-03,283152.72,treasury_par,0.05
1998-08-04,283830.52,treasury_par,0.05
1998-08-05,283819.02,treasury_par,0.05
1998-08-06,283449.63,treasury_par,0.05
1998-08-07,284611.04,treasury_par,0.05
1998-08-10,284505.17,treasury_par,0.05
1998-08-11,285556.60,treasury_par,0.05
1998-08-12,284718.17,treasury_par,0.05
1998-08-13,283696.44,treasury_par,0.05
1998-08-14,284987.76,treasury_par,0.05
1998-08-17,284867.99,treasury_par,0.05
1998-08-18,284611.69,treasury_par,0.05
1998-08-19,284371.92,treasury_par,0.05
1998-08-20,285553.85,treasury_par,0.05
1998-08-21,287106.87,treasury_par,0.05
1998-08-24,287547.33,treasury_par,0.05
1998-08-25,288907.43,treasury_par,0.05
1998-08-26,288758.46,treasury_par,0.05
1998-08-27,292093.64,treasury_par,0.05
1998-08-28,292835.35,treasury_par,0.05
1998-08-31,294264.51,treasury_par,0.05
1998-09-01,293796.64,treasury_par,0.05
1998-09-02,292763.41,treasury_par,0.05
1998-09-03,294599.97,treasury_par,0.05
1998-09-04,294996.08,treasury_par,0.05
1998-09-08,294060.64,treasury_par,0.05
1998-09-09,296652.50,treasury_par,0.05
1998-09-10,301744.45,treasury_par,0.05
1998-09-11,299434.22,treasury_par,0.05
1998-09-14,298866.43,treasury_par,0.05
1998-09-15,298081.42,treasury_par,0.05
1998-09-16,298814.87,treasury_par,0.05
1998-09-17,300741.74,treasury_par,0.05
1998-09-18,303243.98,treasury_par,0.05
1998-09-21,303474.52,treasury_par,0.05
1998-09-22,302420.86,treasury_par,0.05
1998-09-23,303432.73,treasury_par,0.05
1998-09-24,304708.09,treasury_par,0.05
1998-09-25,305922.73,treasury_par,0.05
1998-09-28,305526.38,treasury_par,0.05
1998-09-29,306270.19,treasury_par,0.05
1998-09-30,310664.92,treasury_par,0.04
1998-10-01,313920.23,treasury_par,0.04
1998-10-02,314804.83,treasury_par,0.04
1998-10-05,319189.26,treasury_par,0.04
1998-10-06,316626.57,treasury_par,0.04
1998-10-07,313306.49,treasury_par,0.04
1998-10-08,306264.83,treasury_par,0.05
1998-10-09,299697.10,treasury_par,0.05
1998-10-13,300676.14,treasury_par,0.05
1998-10-14,305145.07,treasury_par,0.05
1998-10-15,305142.80,treasury_par,0.05
1998-10-16,309094.72,treasury_par,0.04
1998-10-19,308520.13,treasury_par,0.04
1998-10-20,305467.02,treasury_par,0.05
1998-10-21,305080.32,treasury_par,0.05
1998-10-22,304041.76,treasury_par,0.05
1998-10-23,302005.26,treasury_par,0.05
1998-10-26,302232.76,treasury_par,0.05
1998-10-27,304952.25,treasury_par,0.05
1998-10-28,305658.66,treasury_par,0.05
1998-10-29,307259.60,treasury_par,0.05
1998-10-30,304500.63,treasury_par,0.05
1998-11-02,300543.20,treasury_par,0.05
1998-11-03,300509.25,treasury_par,0.05
1998-11-04,298330.50,treasury_par,0.05
1998-11-05,298639.10,treasury_par,0.05
1998-11-06,295397.80,treasury_par,0.05
1998-11-09,297568.98,treasury_par,0.05
1998-11-10,299368.51,treasury_par,0.05
1998-11-12,300437.05,treasury_par,0.05
1998-11-13,299326.92,treasury_par,0.05
1998-11-16,298640.53,treasury_par,0.05
1998-11-17,297928.68,treasury_par,0.05
1998-11-18,298964.72,treasury_par,0.05
1998-11-19,298807.66,treasury_par,0.05
1998-11-20,299642.61,treasury_par,0.05
1998-11-23,298778.46,treasury_par,0.05
1998-11-24,298685.49,treasury_par,0.05
1998-11-25,299213.70,treasury_par,0.05
1998-11-27,299836.34,treasury_par,0.05
1998-11-30,302224.17,treasury_par,0.05
1998-12-01,303896.17,treasury_par,0.05
1998-12-02,306095.09,treasury_par,0.05
1998-12-03,306217.68,treasury_par,0.05
1998-12-04,304841.11,treasury_par,0.05
1998-12-07,302976.10,treasury_par,0.05
1998-12-08,305615.86,treasury_par,0.05
1998-12-09,306916.68,treasury_par,0.05
1998-12-10,307804.05,treasury_par,0.05
1998-12-11,305359.00,treasury_par,0.05
1998-12-14,306135.54,treasury_par,0.05
1998-12-15,304807.61,treasury_par,0.05
1998-12-16,305996.58,treasury_par,0.05
1998-12-17,305932.33,treasury_par,0.05
1998-12-18,305943.25,treasury_par,0.05
1998-12-21,304038.13,treasury_par,0.05
1998-12-22,302098.68,treasury_par,0.05
1998-12-23,299137.01,treasury_par,0.05
1998-12-24,297724.53,treasury_par,0.05
1998-12-28,300114.22,treasury_par,0.05
1998-12-29,302124.45,treasury_par,0.05
1998-12-30,303511.88,treasury_par,0.05
1998-12-31,303479.41,treasury_par,0.05
1999-01-04,302402.09,treasury_par,0.05
1999-01-05,300820.82,treasury_par,0.05
1999-01-06,301615.13,treasury_par,0.05
1999-01-07,300104.44,treasury_par,0.05
1999-01-08,297339.79,treasury_par,0.05
1999-01-11,296193.90,treasury_par,0.05
1999-01-12,298361.65,treasury_par,0.05
1999-01-13,300497.11,treasury_par,0.05
1999-01-14,303749.14,treasury_par,0.05
1999-01-15,302826.06,treasury_par,0.05
1999-01-19,301418.86,treasury_par,0.05
1999-01-20,300155.56,treasury_par,0.05
1999-01-21,301982.25,treasury_par,0.05
1999-01-22,303767.98,treasury_par,0.05
1999-01-25,302979.99,treasury_par,0.05
1999-01-26,302461.48,treasury_par,0.05
1999-01-27,302779.65,treasury_par,0.05
1999-01-28,303248.43,treasury_par,0.05
1999-01-29,303632.74,treasury_par,0.05
1999-02-01,300763.67,treasury_par,0.05
1999-02-02,299376.49,treasury_par,0.05
1999-02-03,298366.38,treasury_par,0.05
1999-02-04,296509.15,treasury_par,0.05
1999-02-05,295140.58,treasury_par,0.05
1999-02-08,295170.03,treasury_par,0.05
1999-02-09,296067.60,treasury_par,0.05
1999-02-10,296260.55,treasury_par,0.05
1999-02-11,295639.84,treasury_par,0.05
1999-02-12,291250.11,treasury_par,0.05
1999-02-16,292522.90,treasury_par,0.05
1999-02-17,293934.80,treasury_par,0.05
1999-02-18,292161.54,treasury_par,0.05
1999-02-19,291407.67,treasury_par,0.05
1999-02-22,292641.54,treasury_par,0.05
1999-02-23,290682.84,treasury_par,0.05
1999-02-24,288283.51,treasury_par,0.05
1999-02-25,284617.86,treasury_par,0.05
1999-02-26,285655.15,treasury_par,0.05
1999-03-01,282701.72,treasury_par,0.05
1999-03-02,284211.06,treasury_par,0.05
1999-03-03,282808.39,treasury_par,0.05
1999-03-04,282162.37,treasury_par,0.05
1999-03-05,284126.89,treasury_par,0.05
1999-03-08,285182.70,treasury_par,0.05
1999-03-09,287922.01,treasury_par,0.05
1999-03-10,287333.83,treasury_par,0.05
1999-03-11,287097.17,treasury_par,0.05
1999-03-12,288496.12,treasury_par,0.05
1999-03-15,288956.57,treasury_par,0.05
1999-03-16,290188.34,treasury_par,0.05
1999-03-17,289318.28,treasury_par,0.05
1999-03-18,290037.65,treasury_par,0.05
1999-03-19,288297.64,treasury_par,0.05
1999-03-22,287141.00,treasury_par,0.05
1999-03-23,287290.00,treasury_par,0.05
1999-03-24,288176.05,treasury_par,0.05
1999-03-25,286975.31,treasury_par,0.05
1999-03-26,286795.17,treasury_par,0.05
1999-03-29,285022.17,treasury_par,0.05
1999-03-30,286877.84,treasury_par,0.05
1999-03-31,285782.02,treasury_par,0.05
1999-04-01,285069.15,treasury_par,0.05
1999-04-02,287255.35,treasury_par,0.05
1999-04-05,287155.32,treasury_par,0.05
1999-04-06,289298.28,treasury_par,0.05
1999-04-07,289152.20,treasury_par,0.05
1999-04-08,292190.49,treasury_par,0.05
1999-04-09,291647.93,treasury_par,0.05
1999-04-12,291586.52,treasury_par,0.05
1999-04-13,289839.20,treasury_par,0.05
1999-04-14,289620.77,treasury_par,0.05
1999-04-15,288400.80,treasury_par,0.05
1999-04-16,286945.18,treasury_par,0.05
1999-04-19,288335.37,treasury_par,0.05
1999-04-20,288915.65,treasury_par,0.05
1999-04-21,288721.36,treasury_par,0.05
1999-04-22,286229.63,treasury_par,0.05
1999-04-23,286171.72,treasury_par,0.05
1999-04-26,287107.72,treasury_par,0.05
1999-04-27,287480.42,treasury_par,0.05
1999-04-28,286293.10,treasury_par,0.05
1999-04-29,287731.76,treasury_par,0.05
1999-04-30,283574.14,treasury_par,0.05
1999-05-03,283172.97,treasury_par,0.05
1999-05-04,281841.76,treasury_par,0.05
1999-05-05,282442.59,treasury_par,0.05
1999-05-06,279219.83,treasury_par,0.06
1999-05-07,278524.98,treasury_par,0.06
1999-05-10,278763.45,treasury_par,0.06
1999-05-11,277398.82,treasury_par,0.06
1999-05-12,279144.82,treasury_par,0.06
1999-05-13,282007.56,treasury_par,0.05
1999-05-14,276344.69,treasury_par,0.06
1999-05-17,275492.96,treasury_par,0.06
1999-05-18,275125.37,treasury_par,0.06
1999-05-19,277256.81,treasury_par,0.06
1999-05-20,276875.62,treasury_par,0.06
1999-05-21,278890.05,treasury_par,0.06
1999-05-24,279308.10,treasury_par,0.06
1999-05-25,279552.23,treasury_par,0.05
1999-05-26,277913.41,treasury_par,0.06
1999-05-27,276222.07,treasury_par,0.06
1999-05-28,275759.08,treasury_par,0.06
1999-06-01,271969.85,treasury_par,0.06
1999-06-02,271732.28,treasury_par,0.06
1999-06-03,271908.17,treasury_par,0.06
1999-06-04,271285.57,treasury_par,0.06
1999-06-07,271564.27,treasury_par,0.06
1999-06-08,270984.17,treasury_par,0.06
1999-06-09,270001.29,treasury_par,0.06
1999-06-10,268667.54,treasury_par,0.06
1999-06-11,265913.24,treasury_par,0.06
1999-06-14,267029.51,treasury_par,0.06
1999-06-15,267000.97,treasury_par,0.06
1999-06-16,267941.03,treasury_par,0.06
1999-06-17,271947.17,treasury_par,0.06
1999-06-18,270859.99,treasury_par,0.06
1999-06-21,269109.76,treasury_par,0.06
1999-06-22,267990.65,treasury_par,0.06
1999-06-23,266349.22,treasury_par,0.06
1999-06-24,265074.06,treasury_par,0.06
1999-06-25,265773.82,treasury_par,0.06
1999-06-28,267485.58,treasury_par,0.06
1999-06-29,268398.26,treasury_par,0.06
1999-06-30,271469.48,treasury_par,0.06
1999-07-01,270444.44,treasury_par,0.06
1999-07-02,271180.80,treasury_par,0.06
1999-07-06,269707.00,treasury_par,0.06
1999-07-07,268746.97,treasury_par,0.06
1999-07-08,270562.00,treasury_par,0.06
1999-07-09,270723.68,treasury_par,0.06
1999-07-12,273428.99,treasury_par,0.06
1999-07-13,274156.20,treasury_par,0.06
1999-07-14,273399.45,treasury_par,0.06
1999-07-15,273867.27,treasury_par,0.06
1999-07-16,274847.58,treasury_par,0.06
1999-07-19,275156.01,treasury_par,0.06
1999-07-20,275437.85,treasury_par,0.06
1999-07-21,275111.11,treasury_par,0.06
1999-07-22,272090.99,treasury_par,0.06
1999-07-23,270508.81,treasury_par,0.06
1999-07-26,269977.31,treasury_par,0.06
1999-07-27,270971.10,treasury_par,0.06
1999-07-28,271239.44,treasury_par,0.06
1999-07-29,269308.94,treasury_par,0.06
1999-07-30,268269.26,treasury_par,0.06
1999-08-02,268315.17,treasury_par,0.06
1999-08-03,267566.08,treasury_par,0.06
1999-08-04,267422.67,treasury_par,0.06
1999-08-05,269123.81,treasury_par,0.06
1999-08-06,265568.54,treasury_par,0.06
1999-08-09,263073.39,treasury_par,0.06
1999-08-10,262291.69,treasury_par,0.06
1999-08-11,264553.24,treasury_par,0.06
1999-08-12,263768.83,treasury_par,0.06
1999-08-13,266587.05,treasury_par,0.06
1999-08-16,266511.08,treasury_par,0.06
1999-08-17,268814.29,treasury_par,0.06
1999-08-18,269006.08,treasury_par,0.06
1999-08-19,268401.36,treasury_par,0.06
1999-08-20,268939.01,treasury_par,0.06
1999-08-23,268738.06,treasury_par,0.06
1999-08-24,269798.25,treasury_par,0.06
1999-08-25,272943.98,treasury_par,0.06
1999-08-26,272505.63,treasury_par,0.06
1999-08-27,269890.65,treasury_par,0.06
1999-08-30,267156.80,treasury_par,0.06
1999-08-31,266408.64,treasury_par,0.06
1999-09-01,266169.48,treasury_par,0.06
1999-09-02,264839.23,treasury_par,0.06
1999-09-03,268412.88,treasury_par,0.06
1999-09-07,266785.05,treasury_par,0.06
1999-09-08,267335.77,treasury_par,0.06
1999-09-09,266266.25,treasury_par,0.06
1999-09-10,268334.95,treasury_par,0.06
1999-09-13,267550.82,treasury_par,0.06
1999-09-14,266301.74,treasury_par,0.06
1999-09-15,266814.28,treasury_par,0.06
1999-09-16,267942.31,treasury_par,0.06
1999-09-17,268900.30,treasury_par,0.06
1999-09-20,267837.87,treasury_par,0.06
1999-09-21,267062.51,treasury_par,0.06
1999-09-22,267603.48,treasury_par,0.06
1999-09-23,269056.91,treasury_par,0.06
1999-09-24,272066.23,treasury_par,0.06
1999-09-27,270067.13,treasury_par,0.06
1999-09-28,268388.27,treasury_par,0.06
1999-09-29,266177.47,treasury_par,0.06
1999-09-30,268162.78,treasury_par,0.06
1999-10-01,265467.57,treasury_par,0.06
1999-10-04,266960.20,treasury_par,0.06
1999-10-05,264990.39,treasury_par,0.06
1999-10-06,264506.28,treasury_par,0.06
1999-10-07,264317.12,treasury_par,0.06
1999-10-08,264414.26,treasury_par,0.06
1999-10-12,263715.47,treasury_par,0.06
1999-10-13,262298.83,treasury_par,0.06
1999-10-14,261005.71,treasury_par,0.06
1999-10-15,263008.83,treasury_par,0.06
1999-10-18,262317.84,treasury_par,0.06
1999-10-19,260881.22,treasury_par,0.06
1999-10-20,260676.10,treasury_par,0.06
1999-10-21,260287.65,treasury_par,0.06
1999-10-22,260142.74,treasury_par,0.06
1999-10-25,260048.98,treasury_par,0.06
1999-10-26,259560.96,treasury_par,0.06
1999-10-27,260992.29,treasury_par,0.06
1999-10-28,262931.76,treasury_par,0.06
1999-10-29,265726.16,treasury_par,0.06
1999-11-01,264725.12,treasury_par,0.06
1999-11-02,265440.99,treasury_par,0.06
1999-11-03,266128.22,treasury_par,0.06
1999-11-04,267637.42,treasury_par,0.06
1999-11-05,268557.40,treasury_par,0.06
1999-11-08,267968.59,treasury_par,0.06
1999-11-09,267433.31,treasury_par,0.06
1999-11-10,266666.00,treasury_par,0.06
1999-11-12,268708.45,treasury_par,0.06
1999-11-15,268518.84,treasury_par,0.06
1999-11-16,267756.70,treasury_par,0.06
1999-11-17,265906.40,treasury_par,0.06
1999-11-18,265283.95,treasury_par,0.06
1999-11-19,265170.15,treasury_par,0.06
1999-11-22,264580.61,treasury_par,0.06
1999-11-23,264759.32,treasury_par,0.06
1999-11-24,264523.90,treasury_par,0.06
1999-11-26,263681.36,treasury_par,0.06
1999-11-29,261384.90,treasury_par,0.06
1999-11-30,262249.69,treasury_par,0.06
1999-12-01,261458.75,treasury_par,0.06
1999-12-02,260702.64,treasury_par,0.06
1999-12-03,262546.85,treasury_par,0.06
1999-12-06,262974.80,treasury_par,0.06
1999-12-07,264206.28,treasury_par,0.06
1999-12-08,263185.51,treasury_par,0.06
1999-12-09,263514.91,treasury_par,0.06
1999-12-10,265235.38,treasury_par,0.06
1999-12-13,264402.87,treasury_par,0.06
1999-12-14,261433.50,treasury_par,0.06
1999-12-15,260539.75,treasury_par,0.06
1999-12-16,258893.07,treasury_par,0.06
1999-12-17,259100.79,treasury_par,0.06
1999-12-20,257472.91,treasury_par,0.06
1999-12-21,256983.84,treasury_par,0.06
1999-12-22,256835.51,treasury_par,0.06
1999-12-23,256360.36,treasury_par,0.06
1999-12-27,256775.90,treasury_par,0.06
1999-12-28,256060.19,treasury_par,0.06
1999-12-29,256901.28,treasury_par,0.06
1999-12-30,257176.43,treasury_par,0.06
1999-12-31,255679.09,treasury_par,0.06
2000-01-03,252681.91,treasury_par,0.07
2000-01-04,254994.49,treasury_par,0.06
2000-01-05,251832.82,treasury_par,0.07
2000-01-06,253341.25,treasury_par,0.07
2000-01-07,254551.68,treasury_par,0.07
2000-01-10,253447.78,treasury_par,0.07
2000-01-11,251031.32,treasury_par,0.07
2000-01-12,249957.46,treasury_par,0.07
2000-01-13,252189.92,treasury_par,0.07
2000-01-14,250933.42,treasury_par,0.07
2000-01-18,249572.37,treasury_par,0.07
2000-01-19,250156.76,treasury_par,0.07
2000-01-20,248927.97,treasury_par,0.07
2000-01-21,249035.49,treasury_par,0.07
2000-01-24,251231.50,treasury_par,0.07
2000-01-25,251177.26,treasury_par,0.07
2000-01-26,251685.73,treasury_par,0.07
2000-01-27,252356.83,treasury_par,0.07
2000-01-28,253268.35,treasury_par,0.07
2000-01-31,252455.39,treasury_par,0.07
2000-02-01,253949.74,treasury_par,0.07
2000-02-02,254634.25,treasury_par,0.07
2000-02-03,257152.55,treasury_par,0.06
2000-02-04,256312.08,treasury_par,0.07
2000-02-07,253670.47,treasury_par,0.07
2000-02-08,255477.67,treasury_par,0.07
2000-02-09,255259.43,treasury_par,0.07
2000-02-10,252604.83,treasury_par,0.07
2000-02-11,253795.46,treasury_par,0.07
2000-02-14,255601.42,treasury_par,0.07
2000-02-15,255339.94,treasury_par,0.07
2000-02-16,255220.64,treasury_par,0.07
2000-02-17,255088.88,treasury_par,0.07
2000-02-18,257421.03,treasury_par,0.06
2000-02-22,260442.03,treasury_par,0.06
2000-02-23,258346.82,treasury_par,0.06
2000-02-24,260014.45,treasury_par,0.06
2000-02-25,259631.47,treasury_par,0.06
2000-02-28,259472.31,treasury_par,0.06
2000-02-29,258626.08,treasury_par,0.06
2000-03-01,259119.02,treasury_par,0.06
2000-03-02,259133.44,treasury_par,0.06
2000-03-03,259614.84,treasury_par,0.06
2000-03-06,258775.75,treasury_par,0.06
2000-03-07,259290.31,treasury_par,0.06
2000-03-08,259368.32,treasury_par,0.06
2000-03-09,259977.11,treasury_par,0.06
2000-03-10,258939.41,treasury_par,0.06
2000-03-13,259626.22,treasury_par,0.06
2000-03-14,261044.10,treasury_par,0.06
2000-03-15,261758.70,treasury_par,0.06
2000-03-16,262536.89,treasury_par,0.06
2000-03-17,264028.57,treasury_par,0.06
2000-03-20,264485.27,treasury_par,0.06
2000-03-21,265725.81,treasury_par,0.06
2000-03-22,265481.49,treasury_par,0.06
2000-03-23,266842.30,treasury_par,0.06
2000-03-24,263787.96,treasury_par,0.06
2000-03-27,263702.24,treasury_par,0.06
2000-03-28,264534.07,treasury_par,0.06
2000-03-29,264266.63,treasury_par,0.06
2000-03-30,267357.73,treasury_par,0.06
2000-03-31,268348.46,treasury_par,0.06
2000-04-03,269008.72,treasury_par,0.06
2000-04-04,271418.40,treasury_par,0.06
2000-04-05,271255.03,treasury_par,0.06
2000-04-06,270778.98,treasury_par,0.06
2000-04-07,272804.13,treasury_par,0.06
2000-04-10,273965.21,treasury_par,0.06
2000-04-11,271363.98,treasury_par,0.06
2000-04-12,269270.44,treasury_par,0.06
2000-04-13,270135.92,treasury_par,0.06
2000-04-14,272131.72,treasury_par,0.06
2000-04-17,267908.15,treasury_par,0.06
2000-04-18,267149.39,treasury_par,0.06
2000-04-19,268987.70,treasury_par,0.06
2000-04-20,269222.16,treasury_par,0.06
2000-04-24,268754.23,treasury_par,0.06
2000-04-25,265492.16,treasury_par,0.06
2000-04-26,265453.01,treasury_par,0.06
2000-04-27,263328.15,treasury_par,0.06
2000-04-28,263664.75,treasury_par,0.06
2000-05-01,262329.44,treasury_par,0.06
2000-05-02,261311.01,treasury_par,0.06
2000-05-03,259058.10,treasury_par,0.06
2000-05-04,257273.13,treasury_par,0.06
2000-05-05,256296.51,treasury_par,0.07
2000-05-08,254630.49,treasury_par,0.07
2000-05-09,255706.66,treasury_par,0.07
2000-05-10,257420.49,treasury_par,0.06
2000-05-11,258279.55,treasury_par,0.06
2000-05-12,256245.68,treasury_par,0.07
2000-05-15,257430.03,treasury_par,0.06
2000-05-16,258493.60,treasury_par,0.06
2000-05-17,257080.48,treasury_par,0.06
2000-05-18,254949.30,treasury_par,0.07
2000-05-19,256027.87,treasury_par,0.07
2000-05-22,257768.74,treasury_par,0.06
2000-05-23,257600.22,treasury_par,0.06
2000-05-24,256991.45,treasury_par,0.06
2000-05-25,259259.51,treasury_par,0.06
2000-05-26,260752.68,treasury_par,0.06
2000-05-30,259519.71,treasury_par,0.06
2000-05-31,261836.97,treasury_par,0.06
2000-06-01,264100.05,treasury_par,0.06
2000-06-02,265143.66,treasury_par,0.06
2000-06-05,265913.80,treasury_par,0.06
2000-06-06,265562.76,treasury_par,0.06
2000-06-07,265959.11,treasury_par,0.06
2000-06-08,266032.92,treasury_par,0.06
2000-06-09,265963.36,treasury_par,0.06
2000-06-12,266960.70,treasury_par,0.06
2000-06-13,265985.89,treasury_par,0.06
2000-06-14,267362.29,treasury_par,0.06
2000-06-15,267526.04,treasury_par,0.06
2000-06-16,269027.74,treasury_par,0.06
2000-06-19,268605.64,treasury_par,0.06
2000-06-20,267940.99,treasury_par,0.06
2000-06-21,265866.62,treasury_par,0.06
2000-06-22,265625.67,treasury_par,0.06
2000-06-23,263884.07,treasury_par,0.06
2000-06-26,265742.32,treasury_par,0.06
2000-06-27,266152.04,treasury_par,0.06
2000-06-28,265770.60,treasury_par,0.06
2000-06-29,267708.02,treasury_par,0.06
2000-06-30,267809.76,treasury_par,0.06
2000-07-03,268726.08,treasury_par,0.06
2000-07-05,268992.55,treasury_par,0.06
2000-07-06,267381.32,treasury_par,0.06
2000-07-07,268544.03,treasury_par,0.06
2000-07-10,267875.68,treasury_par,0.06
2000-07-11,267521.71,treasury_par,0.06
2000-07-12,266886.32,treasury_par,0.06
2000-07-13,269108.06,treasury_par,0.06
2000-07-14,266635.39,treasury_par,0.06
2000-07-17,264877.36,treasury_par,0.06
2000-07-18,265134.48,treasury_par,0.06
2000-07-19,265119.33,treasury_par,0.06
2000-07-20,269074.07,treasury_par,0.06
2000-07-21,269306.62,treasury_par,0.06
2000-07-24,268475.19,treasury_par,0.06
2000-07-25,268572.93,treasury_par,0.06
2000-07-26,268552.25,treasury_par,0.06
2000-07-27,269204.77,treasury_par,0.06
2000-07-28,268685.40,treasury_par,0.06
2000-07-31,268628.41,treasury_par,0.06
2000-08-01,269740.23,treasury_par,0.06
2000-08-02,270218.87,treasury_par,0.06
2000-08-03,271063.27,treasury_par,0.06
2000-08-04,272013.04,treasury_par,0.06
2000-08-07,270594.84,treasury_par,0.06
2000-08-08,271653.76,treasury_par,0.06
2000-08-09,273945.41,treasury_par,0.06
2000-08-10,275059.44,treasury_par,0.06
2000-08-11,274149.51,treasury_par,0.06
2000-08-14,274640.35,treasury_par,0.06
2000-08-15,273910.34,treasury_par,0.06
2000-08-16,273302.65,treasury_par,0.06
2000-08-17,273902.23,treasury_par,0.06
2000-08-18,274673.10,treasury_par,0.06
2000-08-21,274340.23,treasury_par,0.06
2000-08-22,274588.34,treasury_par,0.06
2000-08-23,275917.17,treasury_par,0.06
2000-08-24,275978.58,treasury_par,0.06
2000-08-25,275978.58,treasury_par,0.06
2000-08-28,274561.02,treasury_par,0.06
2000-08-29,273775.06,treasury_par,0.06
2000-08-30,273793.18,treasury_par,0.06
2000-08-31,275940.12,treasury_par,0.06
2000-09-01,277079.67,treasury_par,0.06
2000-09-05,276963.09,treasury_par,0.06
2000-09-06,275911.32,treasury_par,0.06
2000-09-07,274908.16,treasury_par,0.06
2000-09-08,275684.12,treasury_par,0.06
2000-09-11,274663.61,treasury_par,0.06
2000-09-12,274354.64,treasury_par,0.06
2000-09-13,275423.95,treasury_par,0.06
2000-09-14,273847.63,treasury_par,0.06
2000-09-15,272301.06,treasury_par,0.06
2000-09-18,271245.65,treasury_par,0.06
2000-09-19,271828.91,treasury_par,0.06
2000-09-20,270506.17,treasury_par,0.06
2000-09-21,271492.34,treasury_par,0.06
2000-09-22,272150.84,treasury_par,0.06
2000-09-25,272485.63,treasury_par,0.06
2000-09-26,273386.02,treasury_par,0.06
2000-09-27,272695.18,treasury_par,0.06
2000-09-28,272975.53,treasury_par,0.06
2000-09-29,273439.61,treasury_par,0.06
2000-10-02,272498.31,treasury_par,0.06
2000-10-03,271519.90,treasury_par,0.06
2000-10-04,270913.82,treasury_par,0.06
2000-10-05,271809.74,treasury_par,0.06
2000-10-06,273281.80,treasury_par,0.06
2000-10-10,273863.02,treasury_par,0.06
2000-10-11,274593.05,treasury_par,0.06
2000-10-12,275499.70,treasury_par,0.06
2000-10-13,275468.71,treasury_par,0.06
2000-10-16,275218.21,treasury_par,0.06
2000-10-17,276874.42,treasury_par,0.06
2000-10-18,277263.93,treasury_par,0.06
2000-10-19,277449.86,treasury_par,0.06
2000-10-20,278131.95,treasury_par,0.06
2000-10-23,279678.70,treasury_par,0.06
2000-10-24,278565.37,treasury_par,0.06
2000-10-25,277403.31,treasury_par,0.06
2000-10-26,277105.59,treasury_par,0.06
2000-10-27,276409.73,treasury_par,0.06
2000-10-30,275889.10,treasury_par,0.06
2000-10-31,274918.46,treasury_par,0.06
2000-11-01,275680.45,treasury_par,0.06
2000-11-02,275638.97,treasury_par,0.06
2000-11-03,273243.03,treasury_par,0.06
2000-11-06,272188.37,treasury_par,0.06
2000-11-07,272130.02,treasury_par,0.06
2000-11-08,272362.53,treasury_par,0.06
2000-11-09,273613.22,treasury_par,0.06
2000-11-10,273616.65,treasury_par,0.06
2000-11-13,274794.04,treasury_par,0.06
2000-11-14,275304.92,treasury_par,0.06
2000-11-15,276387.33,treasury_par,0.06
2000-11-16,277428.27,treasury_par,0.06
2000-11-17,276619.58,treasury_par,0.06
2000-11-20,277333.30,treasury_par,0.06
2000-11-21,277712.57,treasury_par,0.06
2000-11-22,279190.44,treasury_par,0.06
2000-11-24,279025.75,treasury_par,0.06
2000-11-27,278595.62,treasury_par,0.06
2000-11-28,279902.26,treasury_par,0.06
2000-11-29,280809.10,treasury_par,0.06
2000-11-30,282820.62,treasury_par,0.05
2000-12-01,281586.78,treasury_par,0.06
2000-12-04,281207.71,treasury_par,0.06
2000-12-05,283950.49,treasury_par,0.05
2000-12-06,286958.23,treasury_par,0.05
2000-12-07,287001.16,treasury_par,0.05
2000-12-08,286032.63,treasury_par,0.05
2000-12-11,285548.62,treasury_par,0.05
2000-12-12,285803.58,treasury_par,0.05
2000-12-13,287801.57,treasury_par,0.05
2000-12-14,289387.40,treasury_par,0.05
2000-12-15,290131.75,treasury_par,0.05
2000-12-18,290847.74,treasury_par,0.05
2000-12-19,290217.73,treasury_par,0.05
2000-12-20,292969.62,treasury_par,0.05
2000-12-21,294071.24,treasury_par,0.05
2000-12-22,294430.75,treasury_par,0.05
2000-12-26,293801.84,treasury_par,0.05
2000-12-27,291854.36,treasury_par,0.05
2000-12-28,291330.12,treasury_par,0.05
2000-12-29,291659.32,treasury_par,0.05
2001-01-02,296955.87,treasury_par,0.05
2001-01-03,290722.94,treasury_par,0.05
2001-01-04,293534.85,treasury_par,0.05
2001-01-05,296237.54,treasury_par,0.05
2001-01-08,295826.91,treasury_par,0.05
2001-01-09,294945.92,treasury_par,0.05
2001-01-10,291799.73,treasury_par,0.05
2001-01-11,290413.12,treasury_par,0.05
2001-01-12,287481.59,treasury_par,0.05
2001-01-16,287947.88,treasury_par,0.05
2001-01-17,289655.80,treasury_par,0.05
2001-01-18,291651.58,treasury_par,0.05
2001-01-19,289315.35,treasury_par,0.05
2001-01-22,287682.08,treasury_par,0.05
2001-01-23,286271.92,treasury_par,0.05
2001-01-24,285440.97,treasury_par,0.05
2001-01-25,286663.23,treasury_par,0.05
2001-01-26,286521.08,treasury_par,0.05
2001-01-29,285657.77,treasury_par,0.05
2001-01-30,288136.70,treasury_par,0.05
2001-01-31,289593.18,treasury_par,0.05
2001-02-01,292235.96,treasury_par,0.05
2001-02-02,290339.09,treasury_par,0.05
2001-02-05,290310.73,treasury_par,0.05
2001-02-06,289223.05,treasury_par,0.05
2001-02-07,291559.63,treasury_par,0.05
2001-02-08,291488.98,treasury_par,0.05
2001-02-09,293592.34,treasury_par,0.05
2001-02-12,292726.34,treasury_par,0.05
2001-02-13,292168.97,treasury_par,0.05
2001-02-14,290792.01,treasury_par,0.05
2001-02-15,288926.71,treasury_par,0.05
2001-02-16,290933.72,treasury_par,0.05
2001-02-20,291026.84,treasury_par,0.05
2001-02-21,290001.36,treasury_par,0.05
2001-02-22,289607.80,treasury_par,0.05
2001-02-23,291059.92,treasury_par,0.05
2001-02-26,292460.95,treasury_par,0.05
2001-02-27,295313.81,treasury_par,0.05
2001-02-28,296238.57,treasury_par,0.05
2001-03-01,297875.91,treasury_par,0.05
2001-03-02,295212.13,treasury_par,0.05
2001-03-05,294582.11,treasury_par,0.05
2001-03-06,294297.91,treasury_par,0.05
2001-03-07,296356.64,treasury_par,0.05
2001-03-08,297192.26,treasury_par,0.05
2001-03-09,295652.97,treasury_par,0.05
2001-03-12,296465.95,treasury_par,0.05
2001-03-13,295594.94,treasury_par,0.05
2001-03-14,298565.03,treasury_par,0.05
2001-03-15,299207.54,treasury_par,0.05
2001-03-16,300134.30,treasury_par,0.05
2001-03-19,299012.08,treasury_par,0.05
2001-03-20,300149.57,treasury_par,0.05
2001-03-21,300315.05,treasury_par,0.05
2001-03-22,301585.71,treasury_par,0.05
2001-03-23,299606.00,treasury_par,0.05
2001-03-26,297975.99,treasury_par,0.05
2001-03-27,293769.23,treasury_par,0.05
2001-03-28,294356.07,treasury_par,0.05
2001-03-29,294027.80,treasury_par,0.05
2001-03-30,295441.87,treasury_par,0.05
2001-04-02,293953.54,treasury_par,0.05
2001-04-03,294999.98,treasury_par,0.05
2001-04-04,294997.90,treasury_par,0.05
2001-04-05,293788.66,treasury_par,0.05
2001-04-06,296534.03,treasury_par,0.05
2001-04-09,295380.19,treasury_par,0.05
2001-04-10,290663.34,treasury_par,0.05
2001-04-11,290096.28,treasury_par,0.05
2001-04-12,288796.19,treasury_par,0.05
2001-04-16,285770.23,treasury_par,0.05
2001-04-17,287756.92,treasury_par,0.05
2001-04-18,289386.96,treasury_par,0.05
2001-04-19,285560.55,treasury_par,0.05
2001-04-20,285050.94,treasury_par,0.05
2001-04-23,287594.24,treasury_par,0.05
2001-04-24,286963.58,treasury_par,0.05
2001-04-25,285341.36,treasury_par,0.05
2001-04-26,287762.18,treasury_par,0.05
2001-04-27,283845.19,treasury_par,0.05
2001-04-30,283746.84,treasury_par,0.05
2001-05-01,285189.73,treasury_par,0.05
2001-05-02,285276.20,treasury_par,0.05
2001-05-03,287866.95,treasury_par,0.05
2001-05-04,287939.03,treasury_par,0.05
2001-05-07,287830.58,treasury_par,0.05
2001-05-08,286827.81,treasury_par,0.05
2001-05-09,288179.23,treasury_par,0.05
2001-05-10,285000.30,treasury_par,0.05
2001-05-11,279521.34,treasury_par,0.06
2001-05-14,280832.89,treasury_par,0.05
2001-05-15,279560.50,treasury_par,0.06
2001-05-16,280188.37,treasury_par,0.05
2001-05-17,281069.71,treasury_par,0.05
2001-05-18,282304.53,treasury_par,0.05
2001-05-21,282333.40,treasury_par,0.05
2001-05-22,281906.45,treasury_par,0.05
2001-05-23,282010.95,treasury_par,0.05
2001-05-24,279030.01,treasury_par,0.06
2001-05-25,279006.05,treasury_par,0.06
2001-05-29,278507.21,treasury_par,0.06
2001-05-30,278636.51,treasury_par,0.06
2001-05-31,281632.62,treasury_par,0.05
2001-06-01,282948.54,treasury_par,0.05
2001-06-04,283911.03,treasury_par,0.05
2001-06-05,285369.97,treasury_par,0.05
2001-06-06,285878.71,treasury_par,0.05
2001-06-07,284096.53,treasury_par,0.05
2001-06-08,282963.60,treasury_par,0.05
2001-06-11,284634.39,treasury_par,0.05
2001-06-12,286039.82,treasury_par,0.05
2001-06-13,285770.57,treasury_par,0.05
2001-06-14,286324.20,treasury_par,0.05
2001-06-15,285815.90,treasury_par,0.05
2001-06-18,285799.86,treasury_par,0.05
2001-06-19,286231.55,treasury_par,0.05
2001-06-20,286834.26,treasury_par,0.05
2001-06-21,287479.38,treasury_par,0.05
2001-06-22,289726.04,treasury_par,0.05
2001-06-25,289166.85,treasury_par,0.05
2001-06-26,286967.61,treasury_par,0.05
2001-06-27,286626.22,treasury_par,0.05
2001-06-28,284014.73,treasury_par,0.05
2001-06-29,282117.06,treasury_par,0.05
2001-07-02,283628.30,treasury_par,0.05
2001-07-03,282439.18,treasury_par,0.05
2001-07-05,281451.08,treasury_par,0.05
2001-07-06,282260.27,treasury_par,0.05
2001-07-09,283478.23,treasury_par,0.05
2001-07-10,284864.20,treasury_par,0.05
2001-07-11,285014.10,treasury_par,0.05
2001-07-12,286242.30,treasury_par,0.05
2001-07-13,286332.34,treasury_par,0.05
2001-07-16,288027.51,treasury_par,0.05
2001-07-17,287820.35,treasury_par,0.05
2001-07-18,290776.44,treasury_par,0.05
2001-07-19,290460.04,treasury_par,0.05
2001-07-20,289916.63,treasury_par,0.05
2001-07-23,290501.75,treasury_par,0.05
2001-07-24,290663.17,treasury_par,0.05
2001-07-25,288628.59,treasury_par,0.05
2001-07-26,288764.02,treasury_par,0.05
2001-07-27,290497.61,treasury_par,0.05
2001-07-30,291106.87,treasury_par,0.05
2001-07-31,292147.33,treasury_par,0.05
2001-08-01,291098.16,treasury_par,0.05
2001-08-02,289366.45,treasury_par,0.05
2001-08-03,288614.08,treasury_par,0.05
2001-08-06,288749.62,treasury_par,0.05
2001-08-07,288466.95,treasury_par,0.05
2001-08-08,293666.11,treasury_par,0.05
2001-08-09,292225.41,treasury_par,0.05
2001-08-10,293585.09,treasury_par,0.05
2001-08-13,294089.73,treasury_par,0.05
2001-08-14,294022.54,treasury_par,0.05
2001-08-15,293317.55,treasury_par,0.05
2001-08-16,294777.46,treasury_par,0.05
2001-08-17,297751.22,treasury_par,0.05
2001-08-20,295896.91,treasury_par,0.05
2001-08-21,296764.88,treasury_par,0.05
2001-08-22,296041.53,treasury_par,0.05
2001-08-23,296702.42,treasury_par,0.05
2001-08-24,295540.89,treasury_par,0.05
2001-08-27,295182.42,treasury_par,0.05
2001-08-28,297827.57,treasury_par,0.05
2001-08-29,299803.09,treasury_par,0.05
2001-08-30,299415.48,treasury_par,0.05
2001-08-31,297931.27,treasury_par,0.05
2001-09-04,293841.77,treasury_par,0.05
2001-09-05,294414.54,treasury_par,0.05
2001-09-06,297497.13,treasury_par,0.05
2001-09-07,299162.20,treasury_par,0.05
2001-09-10,297918.10,treasury_par,0.05
2001-09-13,303188.54,treasury_par,0.05
2001-09-14,305139.53,treasury_par,0.05
2001-09-17,303268.92,treasury_par,0.05
2001-09-18,299952.00,treasury_par,0.05
2001-09-19,300576.29,treasury_par,0.05
2001-09-20,298624.94,treasury_par,0.05
2001-09-21,300182.61,treasury_par,0.05
2001-09-24,299510.51,treasury_par,0.05
2001-09-25,299805.93,treasury_par,0.05
2001-09-26,302008.48,treasury_par,0.05
2001-09-27,304126.10,treasury_par,0.05
2001-09-28,303698.82,treasury_par,0.05
2001-10-01,305311.12,treasury_par,0.05
2001-10-02,305977.75,treasury_par,0.05
2001-10-03,306836.27,treasury_par,0.04
2001-10-04,306289.83,treasury_par,0.05
2001-10-05,306525.27,treasury_par,0.05
2001-10-09,303514.18,treasury_par,0.05
2001-10-10,304046.96,treasury_par,0.05
2001-10-11,301656.99,treasury_par,0.05
2001-10-12,301869.73,treasury_par,0.05
2001-10-15,303647.22,treasury_par,0.05
2001-10-16,304575.57,treasury_par,0.05
2001-10-17,304843.54,treasury_par,0.05
2001-10-18,305087.39,treasury_par,0.05
2001-10-19,303455.12,treasury_par,0.05
2001-10-22,303568.81,treasury_par,0.05
2001-10-23,302692.87,treasury_par,0.05
2001-10-24,304479.26,treasury_par,0.05
2001-10-25,305921.94,treasury_par,0.05
2001-10-26,306767.71,treasury_par,0.05
2001-10-29,307702.40,treasury_par,0.04
2001-10-30,309482.46,treasury_par,0.04
2001-10-31,314105.72,treasury_par,0.04
2001-11-01,315909.11,treasury_par,0.04
2001-11-02,311577.65,treasury_par,0.04
2001-11-05,313657.35,treasury_par,0.04
2001-11-06,313939.55,treasury_par,0.04
2001-11-07,316731.03,treasury_par,0.04
2001-11-08,313629.42,treasury_par,0.04
2001-11-09,312908.47,treasury_par,0.04
2001-11-13,310777.78,treasury_par,0.04
2001-11-14,306828.24,treasury_par,0.05
2001-11-15,299282.60,treasury_par,0.05
2001-11-16,295610.90,treasury_par,0.05
2001-11-19,298970.46,treasury_par,0.05
2001-11-20,296445.11,treasury_par,0.05
2001-11-21,293483.32,treasury_par,0.05
2001-11-23,291790.12,treasury_par,0.05
2001-11-26,291456.42,treasury_par,0.05
2001-11-27,293179.64,treasury_par,0.05
2001-11-28,293308.65,treasury_par,0.05
2001-11-29,298441.40,treasury_par,0.05
2001-11-30,298510.19,treasury_par,0.05
2001-12-03,299642.44,treasury_par,0.05
2001-12-04,301334.93,treasury_par,0.05
2001-12-05,294837.23,treasury_par,0.05
2001-12-06,291286.30,treasury_par,0.05
2001-12-07,286231.00,treasury_par,0.05
2001-12-10,287095.03,treasury_par,0.05
2001-12-11,288239.97,treasury_par,0.05
2001-12-12,291442.81,treasury_par,0.05
2001-12-13,288427.13,treasury_par,0.05
2001-12-14,285396.99,treasury_par,0.05
2001-12-17,284802.60,treasury_par,0.05
2001-12-18,287782.96,treasury_par,0.05
2001-12-19,290272.49,treasury_par,0.05
2001-12-20,290241.62,treasury_par,0.05
2001-12-21,289141.75,treasury_par,0.05
2001-12-24,287411.60,treasury_par,0.05
2001-12-26,286298.23,treasury_par,0.05
2001-12-27,288793.21,treasury_par,0.05
2001-12-28,287947.58,treasury_par,0.05
2001-12-31,290344.81,treasury_par,0.05
2002-01-02,286609.57,treasury_par,0.05
2002-01-03,287717.62,treasury_par,0.05
2002-01-04,286876.31,treasury_par,0.05
2002-01-07,289738.82,treasury_par,0.05
2002-01-08,289460.41,treasury_par,0.05
2002-01-09,289483.53,treasury_par,0.05
2002-01-10,292703.26,treasury_par,0.05
2002-01-11,294731.22,treasury_par,0.05
2002-01-14,294890.20,treasury_par,0.05
2002-01-15,296013.73,treasury_par,0.05
2002-01-16,295933.76,treasury_par,0.05
2002-01-17,293113.82,treasury_par,0.05
2002-01-18,294440.67,treasury_par,0.05
2002-01-22,293768.09,treasury_par,0.05
2002-01-23,290932.48,treasury_par,0.05
2002-01-24,290765.41,treasury_par,0.05
2002-01-25,289987.35,treasury_par,0.05
2002-01-28,289538.18,treasury_par,0.05
2002-01-29,292488.03,treasury_par,0.05
2002-01-30,292399.42,treasury_par,0.05
2002-01-31,291028.78,treasury_par,0.05
2002-02-01,292434.50,treasury_par,0.05
2002-02-04,294736.71,treasury_par,0.05
2002-02-05,295368.78,treasury_par,0.05
2002-02-06,294745.02,treasury_par,0.05
2002-02-07,294276.26,treasury_par,0.05
2002-02-08,295263.86,treasury_par,0.05
2002-02-11,294822.82,treasury_par,0.05
2002-02-12,293053.51,treasury_par,0.05
2002-02-13,291932.92,treasury_par,0.05
2002-02-14,293816.99,treasury_par,0.05
2002-02-15,296380.85,treasury_par,0.05
2002-02-19,295546.48,treasury_par,0.05
2002-02-20,295633.83,treasury_par,0.05
2002-02-21,295714.37,treasury_par,0.05
2002-02-22,296912.72,treasury_par,0.05
2002-02-25,296415.87,treasury_par,0.05
2002-02-26,294253.99,treasury_par,0.05
2002-02-27,296947.84,treasury_par,0.05
2002-02-28,295718.47,treasury_par,0.05
2002-03-01,292707.24,treasury_par,0.05
2002-03-04,291691.62,treasury_par,0.05
2002-03-05,291787.05,treasury_par,0.05
2002-03-06,290576.66,treasury_par,0.05
2002-03-07,285920.70,treasury_par,0.05
2002-03-08,283240.91,treasury_par,0.05
2002-03-11,283091.44,treasury_par,0.05
2002-03-12,283278.67,treasury_par,0.05
2002-03-13,284263.77,treasury_par,0.05
2002-03-14,280931.07,treasury_par,0.05
2002-03-15,282563.57,treasury_par,0.05
2002-03-18,283534.81,treasury_par,0.05
2002-03-19,283195.09,treasury_par,0.05
2002-03-20,281103.70,treasury_par,0.05
2002-03-21,281474.06,treasury_par,0.05
2002-03-22,281094.64,treasury_par,0.05
2002-03-25,280980.23,treasury_par,0.05
2002-03-26,282654.18,treasury_par,0.05
2002-03-27,282696.50,treasury_par,0.05
2002-03-28,280647.75,treasury_par,0.05
2002-04-01,280212.78,treasury_par,0.05
2002-04-02,282481.52,treasury_par,0.05
2002-04-03,284137.10,treasury_par,0.05
2002-04-04,284799.40,treasury_par,0.05
2002-04-05,286548.86,treasury_par,0.05
2002-04-08,285447.74,treasury_par,0.05
2002-04-09,286554.87,treasury_par,0.05
2002-04-10,285811.71,treasury_par,0.05
2002-04-11,286476.96,treasury_par,0.05
2002-04-12,287607.48,treasury_par,0.05
2002-04-15,288550.05,treasury_par,0.05
2002-04-16,287070.08,treasury_par,0.05
2002-04-17,285630.09,treasury_par,0.05
2002-04-18,285978.45,treasury_par,0.05
2002-04-19,286633.61,treasury_par,0.05
2002-04-22,287116.42,treasury_par,0.05
2002-04-23,287473.41,treasury_par,0.05
2002-04-24,289472.13,treasury_par,0.05
2002-04-25,289665.19,treasury_par,0.05
2002-04-26,290429.90,treasury_par,0.05
2002-04-29,289023.25,treasury_par,0.05
2002-04-30,289733.81,treasury_par,0.05
2002-05-01,290553.60,treasury_par,0.05
2002-05-02,289205.48,treasury_par,0.05
2002-05-03,290620.67,treasury_par,0.05
2002-05-06,290097.92,treasury_par,0.05
2002-05-07,290246.88,treasury_par,0.05
2002-05-08,286061.63,treasury_par,0.05
2002-05-09,287149.99,treasury_par,0.05
2002-05-10,288522.19,treasury_par,0.05
2002-05-13,286075.83,treasury_par,0.05
2002-05-14,283621.82,treasury_par,0.05
2002-05-15,284644.02,treasury_par,0.05
2002-05-16,286768.23,treasury_par,0.05
2002-05-17,284815.46,treasury_par,0.05
2002-05-20,286588.01,treasury_par,0.05
2002-05-21,287556.47,treasury_par,0.05
2002-05-22,288939.46,treasury_par,0.05
2002-05-23,288127.55,treasury_par,0.05
2002-05-24,288140.27,treasury_par,0.05
2002-05-28,288156.58,treasury_par,0.05
2002-05-29,289599.19,treasury_par,0.05
2002-05-30,291162.07,treasury_par,0.05
2002-05-31,290469.57,treasury_par,0.05
2002-06-03,291010.52,treasury_par,0.05
2002-06-04,291502.78,treasury_par,0.05
2002-06-05,290303.64,treasury_par,0.05
2002-06-06,291486.76,treasury_par,0.05
2002-06-07,289665.65,treasury_par,0.05
2002-06-10,290730.50,treasury_par,0.05
2002-06-11,292256.61,treasury_par,0.05
2002-06-12,293384.44,treasury_par,0.05
2002-06-13,294506.56,treasury_par,0.05
2002-06-14,297835.80,treasury_par,0.05
2002-06-17,295899.70,treasury_par,0.05
2002-06-18,296226.11,treasury_par,0.05
2002-06-19,299683.39,treasury_par,0.05
2002-06-20,296976.69,treasury_par,0.05
2002-06-21,298762.74,treasury_par,0.05
2002-06-24,296425.34,treasury_par,0.05
2002-06-25,296079.53,treasury_par,0.05
2002-06-26,299844.78,treasury_par,0.05
2002-06-27,296896.29,treasury_par,0.05
2002-06-28,296341.68,treasury_par,0.05
2002-07-01,296490.62,treasury_par,0.05
2002-07-02,298961.79,treasury_par,0.05
2002-07-03,298594.74,treasury_par,0.05
2002-07-05,295026.50,treasury_par,0.05
2002-07-08,296769.89,treasury_par,0.05
2002-07-09,298538.58,treasury_par,0.05
2002-07-10,302129.29,treasury_par,0.05
2002-07-11,302203.86,treasury_par,0.05
2002-07-12,303048.68,treasury_par,0.05
2002-07-15,302013.03,treasury_par,0.05
2002-07-16,299220.29,treasury_par,0.05
2002-07-17,300570.05,treasury_par,0.05
2002-07-18,301961.74,treasury_par,0.05
2002-07-19,303453.25,treasury_par,0.05
2002-07-22,306397.45,treasury_par,0.05
2002-07-23,307410.82,treasury_par,0.04
2002-07-24,306720.24,treasury_par,0.04
2002-07-25,308451.02,treasury_par,0.04
2002-07-26,308226.99,treasury_par,0.04
2002-07-29,302753.63,treasury_par,0.05
2002-07-30,302092.80,treasury_par,0.05
2002-07-31,306390.72,treasury_par,0.05
2002-08-01,307372.64,treasury_par,0.04
2002-08-02,311797.95,treasury_par,0.04
2002-08-05,313037.99,treasury_par,0.04
2002-08-06,309067.67,treasury_par,0.04
2002-08-07,311130.19,treasury_par,0.04
2002-08-08,309653.35,treasury_par,0.04
2002-08-09,313847.13,treasury_par,0.04
2002-08-12,315572.81,treasury_par,0.04
2002-08-13,318593.28,treasury_par,0.04
2002-08-14,320366.49,treasury_par,0.04
2002-08-15,316853.18,treasury_par,0.04
2002-08-16,312139.72,treasury_par,0.04
2002-08-19,313077.13,treasury_par,0.04
2002-08-20,316806.87,treasury_par,0.04
2002-08-21,315977.28,treasury_par,0.04
2002-08-22,312854.28,treasury_par,0.04
2002-08-23,314745.83,treasury_par,0.04
2002-08-26,315767.66,treasury_par,0.04
2002-08-27,313358.24,treasury_par,0.04
2002-08-28,315611.56,treasury_par,0.04
2002-08-29,317552.48,treasury_par,0.04
2002-08-30,318228.89,treasury_par,0.04
2002-09-03,323396.46,treasury_par,0.04
2002-09-04,324178.59,treasury_par,0.04
2002-09-05,325758.53,treasury_par,0.04
2002-09-06,321181.13,treasury_par,0.04
2002-09-09,321308.34,treasury_par,0.04
2002-09-10,322764.94,treasury_par,0.04
2002-09-11,320516.62,treasury_par,0.04
2002-09-12,323542.81,treasury_par,0.04
2002-09-13,325572.12,treasury_par,0.04
2002-09-16,326284.18,treasury_par,0.04
2002-09-17,327300.12,treasury_par,0.04
2002-09-18,327290.13,treasury_par,0.04
2002-09-19,329543.19,treasury_par,0.04
2002-09-20,329394.76,treasury_par,0.04
2002-09-23,332470.81,treasury_par,0.04
2002-09-24,332823.80,treasury_par,0.04
2002-09-25,329912.34,treasury_par,0.04
2002-09-26,329182.32,treasury_par,0.04
2002-09-27,332417.61,treasury_par,0.04
2002-09-30,334212.69,treasury_par,0.04
2002-10-01,331311.73,treasury_par,0.04
2002-10-02,331780.25,treasury_par,0.04
2002-10-03,331931.84,treasury_par,0.04
2002-10-04,332450.12,treasury_par,0.04
2002-10-07,333935.62,treasury_par,0.04
2002-10-08,333630.02,treasury_par,0.04
2002-10-09,334972.52,treasury_par,0.04
2002-10-10,332616.84,treasury_par,0.04
2002-10-11,327538.64,treasury_par,0.04
2002-10-15,319847.18,treasury_par,0.04
2002-10-16,320043.84,treasury_par,0.04
2002-10-17,316909.78,treasury_par,0.04
2002-10-18,317605.78,treasury_par,0.04
2002-10-21,314655.68,treasury_par,0.04
2002-10-22,313671.51,treasury_par,0.04
2002-10-23,314016.37,treasury_par,0.04
2002-10-24,316891.30,treasury_par,0.04
2002-10-25,318190.48,treasury_par,0.04
2002-10-28,318786.90,treasury_par,0.04
2002-10-29,323003.12,treasury_par,0.04
2002-10-30,322251.68,treasury_par,0.04
2002-10-31,324237.80,treasury_par,0.04
2002-11-01,321788.44,treasury_par,0.04
2002-11-04,319968.67,treasury_par,0.04
2002-11-05,319021.46,treasury_par,0.04
2002-11-06,319361.45,treasury_par,0.04
2002-11-07,326145.40,treasury_par,0.04
2002-11-08,327473.22,treasury_par,0.04
2002-11-12,327727.52,treasury_par,0.04
2002-11-13,327884.95,treasury_par,0.04
2002-11-14,321640.74,treasury_par,0.04
2002-11-15,320995.40,treasury_par,0.04
2002-11-18,322061.64,treasury_par,0.04
2002-11-19,323187.12,treasury_par,0.04
2002-11-20,319803.10,treasury_par,0.04
2002-11-21,317708.38,treasury_par,0.04
2002-11-22,316562.42,treasury_par,0.04
2002-11-25,316210.37,treasury_par,0.04
2002-11-26,319929.39,treasury_par,0.04
2002-11-27,313624.50,treasury_par,0.04
2002-11-29,315031.81,treasury_par,0.04
2002-12-02,315060.38,treasury_par,0.04
2002-12-03,314421.99,treasury_par,0.04
2002-12-04,316274.46,treasury_par,0.04
2002-12-05,317972.46,treasury_par,0.04
2002-12-06,319136.03,treasury_par,0.04
2002-12-09,320253.44,treasury_par,0.04
2002-12-10,320556.13,treasury_par,0.04
2002-12-11,322285.71,treasury_par,0.04
2002-12-12,322240.09,treasury_par,0.04
2002-12-13,320178.00,treasury_par,0.04
2002-12-16,317556.59,treasury_par,0.04
2002-12-17,318143.14,treasury_par,0.04
2002-12-18,320437.95,treasury_par,0.04
2002-12-19,323730.31,treasury_par,0.04
2002-12-20,323483.57,treasury_par,0.04
2002-12-23,323165.56,treasury_par,0.04
2002-12-24,324299.99,treasury_par,0.04
2002-12-26,325089.17,treasury_par,0.04
2002-12-27,328409.74,treasury_par,0.04
2002-12-30,328807.30,treasury_par,0.04
2002-12-31,328419.65,treasury_par,0.04
2003-01-02,320285.85,treasury_par,0.04
2003-01-03,320960.12,treasury_par,0.04
2003-01-06,319800.90,treasury_par,0.04
2003-01-07,321165.45,treasury_par,0.04
2003-01-08,322423.28,treasury_par,0.04
2003-01-09,316116.98,treasury_par,0.04
2003-01-10,317059.57,treasury_par,0.04
2003-01-13,317468.31,treasury_par,0.04
2003-01-14,319100.22,treasury_par,0.04
2003-01-15,319301.39,treasury_par,0.04
2003-01-16,319380.46,treasury_par,0.04
2003-01-17,321121.89,treasury_par,0.04
2003-01-21,322374.43,treasury_par,0.04
2003-01-22,324297.58,treasury_par,0.04
2003-01-23,323203.44,treasury_par,0.04
2003-01-24,324718.59,treasury_par,0.04
2003-01-27,323308.40,treasury_par,0.04
2003-01-28,322824.42,treasury_par,0.04
2003-01-29,320845.22,treasury_par,0.04
2003-01-30,322729.22,treasury_par,0.04
2003-01-31,323031.10,treasury_par,0.04
2003-02-03,322663.92,treasury_par,0.04
2003-02-04,324281.32,treasury_par,0.04
2003-02-05,322041.54,treasury_par,0.04
2003-02-06,323808.81,treasury_par,0.04
2003-02-07,324416.23,treasury_par,0.04
2003-02-10,323031.57,treasury_par,0.04
2003-02-11,323396.93,treasury_par,0.04
2003-02-12,325054.52,treasury_par,0.04
2003-02-13,326510.24,treasury_par,0.04
2003-02-14,324304.27,treasury_par,0.04
2003-02-18,324716.32,treasury_par,0.04
2003-02-19,326836.58,treasury_par,0.04
2003-02-20,327789.10,treasury_par,0.04
2003-02-21,326195.82,treasury_par,0.04
2003-02-24,327491.70,treasury_par,0.04
2003-02-25,329110.41,treasury_par,0.04
2003-02-26,330301.71,treasury_par,0.04
2003-02-27,330965.81,treasury_par,0.04
2003-02-28,332704.75,treasury_par,0.04
2003-03-03,333614.08,treasury_par,0.04
2003-03-04,334558.01,treasury_par,0.04
2003-03-05,335226.83,treasury_par,0.04
2003-03-06,333883.21,treasury_par,0.04
2003-03-07,335158.87,treasury_par,0.04
2003-03-10,336604.09,treasury_par,0.04
2003-03-11,336236.54,treasury_par,0.04
2003-03-12,336345.07,treasury_par,0.04
2003-03-13,331307.55,treasury_par,0.04
2003-03-14,332107.16,treasury_par,0.04
2003-03-17,328692.81,treasury_par,0.04
2003-03-18,325775.71,treasury_par,0.04
2003-03-19,323479.43,treasury_par,0.04
2003-03-20,322322.12,treasury_par,0.04
2003-03-21,318946.16,treasury_par,0.04
2003-03-24,323132.54,treasury_par,0.04
2003-03-25,323379.41,treasury_par,0.04
2003-03-26,323768.70,treasury_par,0.04
2003-03-27,324031.65,treasury_par,0.04
2003-03-28,325126.14,treasury_par,0.04
2003-03-31,328308.13,treasury_par,0.04
2003-04-01,327993.28,treasury_par,0.04
2003-04-02,324485.47,treasury_par,0.04
2003-04-03,324743.98,treasury_par,0.04
2003-04-04,323769.35,treasury_par,0.04
2003-04-07,321679.38,treasury_par,0.04
2003-04-08,324402.30,treasury_par,0.04
2003-04-09,325039.58,treasury_par,0.04
2003-04-10,324384.87,treasury_par,0.04
2003-04-11,323046.49,treasury_par,0.04
2003-04-14,321714.17,treasury_par,0.04
2003-04-15,323755.29,treasury_par,0.04
2003-04-16,324302.81,treasury_par,0.04
2003-04-17,323891.06,treasury_par,0.04
2003-04-21,323170.61,treasury_par,0.04
2003-04-22,322829.78,treasury_par,0.04
2003-04-23,322710.47,treasury_par,0.04
2003-04-24,325688.82,treasury_par,0.04
2003-04-25,326314.99,treasury_par,0.04
2003-04-28,326065.39,treasury_par,0.04
2003-04-29,324772.72,treasury_par,0.04
2003-04-30,327173.46,treasury_par,0.04
2003-05-01,327405.35,treasury_par,0.04
2003-05-02,325407.84,treasury_par,0.04
2003-05-05,326363.13,treasury_par,0.04
2003-05-06,328877.30,treasury_par,0.04
2003-05-07,332916.34,treasury_par,0.04
2003-05-08,333645.64,treasury_par,0.04
2003-05-09,333927.74,treasury_par,0.04
2003-05-12,335666.00,treasury_par,0.04
2003-05-13,336061.79,treasury_par,0.04
2003-05-14,339706.26,treasury_par,0.04
2003-05-15,339389.16,treasury_par,0.04
2003-05-16,341632.04,treasury_par,0.03
2003-05-19,341721.17,treasury_par,0.03
2003-05-20,344710.77,treasury_par,0.03
2003-05-21,344661.39,treasury_par,0.03
2003-05-22,346366.61,treasury_par,0.03
2003-05-23,346453.90,treasury_par,0.03
2003-05-27,343547.18,treasury_par,0.03
2003-05-28,342554.23,treasury_par,0.03
2003-05-29,345980.72,treasury_par,0.03
2003-05-30,345045.07,treasury_par,0.03
2003-06-02,342694.59,treasury_par,0.03
2003-06-03,346037.86,treasury_par,0.03
2003-06-04,347420.74,treasury_par,0.03
2003-06-05,345832.56,treasury_par,0.03
2003-06-06,344907.05,treasury_par,0.03
2003-06-09,347665.23,treasury_par,0.03
2003-06-10,351065.02,treasury_par,0.03
2003-06-11,350596.72,treasury_par,0.03
2003-06-12,351923.99,treasury_par,0.03
2003-06-13,353795.48,treasury_par,0.03
2003-06-16,351787.37,treasury_par,0.03
2003-06-17,348481.64,treasury_par,0.03
2003-06-18,344911.95,treasury_par,0.03
2003-06-19,345295.45,treasury_par,0.03
2003-06-20,343684.61,treasury_par,0.03
2003-06-23,346448.79,treasury_par,0.03
2003-06-24,347688.57,treasury_par,0.03
2003-06-25,344279.29,treasury_par,0.03
2003-06-26,338544.35,treasury_par,0.04
2003-06-27,337329.20,treasury_par,0.04
2003-06-30,338934.05,treasury_par,0.04
2003-07-01,338132.48,treasury_par,0.04
2003-07-02,338182.42,treasury_par,0.04
2003-07-03,334341.90,treasury_par,0.04
2003-07-07,332035.55,treasury_par,0.04
2003-07-08,331629.51,treasury_par,0.04
2003-07-09,332329.05,treasury_par,0.04
2003-07-10,333261.40,treasury_par,0.04
2003-07-11,334637.18,treasury_par,0.04
2003-07-14,331733.92,treasury_par,0.04
2003-07-15,324986.91,treasury_par,0.04
2003-07-16,324164.87,treasury_par,0.04
2003-07-17,323798.75,treasury_par,0.04
2003-07-18,323119.04,treasury_par,0.04
2003-07-21,316942.62,treasury_par,0.04
2003-07-22,317656.08,treasury_par,0.04
2003-07-23,319124.60,treasury_par,0.04
2003-07-24,316475.63,treasury_par,0.04
2003-07-25,315659.63,treasury_par,0.04
2003-07-28,312736.84,treasury_par,0.04
2003-07-29,309192.80,treasury_par,0.04
2003-07-30,311533.40,treasury_par,0.04
2003-07-31,306680.50,treasury_par,0.04
2003-08-01,307698.26,treasury_par,0.04
2003-08-04,310637.27,treasury_par,0.04
2003-08-05,306843.76,treasury_par,0.04
2003-08-06,311989.51,treasury_par,0.04
2003-08-07,312850.08,treasury_par,0.04
2003-08-08,313405.94,treasury_par,0.04
2003-08-11,310136.11,treasury_par,0.04
2003-08-12,310304.63,treasury_par,0.04
2003-08-13,303650.82,treasury_par,0.05
2003-08-14,304765.16,treasury_par,0.05
2003-08-15,304813.31,treasury_par,0.05
2003-08-18,306608.73,treasury_par,0.04
2003-08-19,310215.24,treasury_par,0.04
2003-08-20,308006.23,treasury_par,0.04
2003-08-21,305674.96,treasury_par,0.05
2003-08-22,307335.73,treasury_par,0.04
2003-08-25,305659.96,treasury_par,0.05
2003-08-26,306676.35,treasury_par,0.04
2003-08-27,305335.02,treasury_par,0.05
2003-08-28,309333.20,treasury_par,0.04
2003-08-29,308386.98,treasury_par,0.04
2003-09-02,303242.26,treasury_par,0.05
2003-09-03,303460.12,treasury_par,0.05
2003-09-04,305970.13,treasury_par,0.05
2003-09-05,311373.48,treasury_par,0.04
2003-09-08,309603.08,treasury_par,0.04
2003-09-09,310694.76,treasury_par,0.04
2003-09-10,313799.31,treasury_par,0.04
2003-09-11,311712.41,treasury_par,0.04
2003-09-12,314063.47,treasury_par,0.04
2003-09-15,313719.03,treasury_par,0.04
2003-09-16,313294.19,treasury_par,0.04
2003-09-17,316449.71,treasury_par,0.04
2003-09-18,316607.03,treasury_par,0.04
2003-09-19,317308.47,treasury_par,0.04
2003-09-22,314410.46,treasury_par,0.04
2003-09-23,315281.90,treasury_par,0.04
2003-09-24,317910.76,treasury_par,0.04
2003-09-25,319306.47,treasury_par,0.04
2003-09-26,321963.99,treasury_par,0.04
2003-09-29,320228.94,treasury_par,0.04
2003-09-30,324566.01,treasury_par,0.04
2003-10-01,324516.74,treasury_par,0.04
2003-10-02,322182.73,treasury_par,0.04
2003-10-03,316015.15,treasury_par,0.04
2003-10-06,317500.59,treasury_par,0.04
2003-10-07,314087.99,treasury_par,0.04
2003-10-08,314042.07,treasury_par,0.04
2003-10-09,312372.11,treasury_par,0.04
2003-10-10,313550.59,treasury_par,0.04
2003-10-14,310738.05,treasury_par,0.04
2003-10-15,308953.01,treasury_par,0.04
2003-10-16,307702.02,treasury_par,0.04
2003-10-17,309687.31,treasury_par,0.04
2003-10-20,309894.27,treasury_par,0.04
2003-10-21,310826.88,treasury_par,0.04
2003-10-22,313771.16,treasury_par,0.04
2003-10-23,312094.63,treasury_par,0.04
2003-10-24,315617.75,treasury_par,0.04
2003-10-27,313696.82,treasury_par,0.04
2003-10-28,315840.09,treasury_par,0.04
2003-10-29,313236.50,treasury_par,0.04
2003-10-30,311605.06,treasury_par,0.04
2003-10-31,312744.98,treasury_par,0.04
2003-11-03,310560.06,treasury_par,0.04
2003-11-04,312802.83,treasury_par,0.04
2003-11-05,311091.70,treasury_par,0.04
2003-11-06,308717.91,treasury_par,0.04
2003-11-07,307922.35,treasury_par,0.04
2003-11-10,307622.37,treasury_par,0.04
2003-11-12,309257.61,treasury_par,0.04
2003-11-13,313838.92,treasury_par,0.04
2003-11-14,316365.26,treasury_par,0.04
2003-11-17,317493.88,treasury_par,0.04
2003-11-18,317989.98,treasury_par,0.04
2003-11-19,315584.97,treasury_par,0.04
2003-11-20,318092.75,treasury_par,0.04
2003-11-21,318392.20,treasury_par,0.04
2003-11-24,315855.32,treasury_par,0.04
2003-11-25,317175.72,treasury_par,0.04
2003-11-26,315240.05,treasury_par,0.04
2003-11-28,312313.53,treasury_par,0.04
2003-12-01,310451.40,treasury_par,0.04
2003-12-02,311046.00,treasury_par,0.04
2003-12-03,310071.50,treasury_par,0.04
2003-12-04,311154.75,treasury_par,0.04
2003-12-05,315964.83,treasury_par,0.04
2003-12-08,314043.01,treasury_par,0.04
2003-12-09,313014.87,treasury_par,0.04
2003-12-10,313700.32,treasury_par,0.04
2003-12-11,314666.83,treasury_par,0.04
2003-12-12,315120.60,treasury_par,0.04
2003-12-15,314432.46,treasury_par,0.04
2003-12-16,315722.18,treasury_par,0.04
2003-12-17,317381.54,treasury_par,0.04
2003-12-18,318656.49,treasury_par,0.04
2003-12-19,318838.89,treasury_par,0.04
2003-12-22,317832.07,treasury_par,0.04
2003-12-23,314709.76,treasury_par,0.04
2003-12-24,317285.75,treasury_par,0.04
2003-12-26,318399.39,treasury_par,0.04
2003-12-29,315860.03,treasury_par,0.04
2003-12-30,314216.18,treasury_par,0.04
2003-12-31,314930.67,treasury_par,0.04
2004-01-02,311212.88,treasury_par,0.04
2004-01-05,310374.46,treasury_par,0.04
2004-01-06,314130.08,treasury_par,0.04
2004-01-07,314906.36,treasury_par,0.04
2004-01-08,314837.70,treasury_par,0.04
2004-01-09,320067.56,treasury_par,0.04
2004-01-12,319995.86,treasury_par,0.04
2004-01-13,321919.77,treasury_par,0.04
2004-01-14,323300.15,treasury_par,0.04
2004-01-15,324055.51,treasury_par,0.04
2004-01-16,322443.59,treasury_par,0.04
2004-01-20,321135.21,treasury_par,0.04
2004-01-21,322014.17,treasury_par,0.04
2004-01-22,324057.05,treasury_par,0.04
2004-01-23,320724.13,treasury_par,0.04
2004-01-26,318434.36,treasury_par,0.04
2004-01-27,320150.88,treasury_par,0.04
2004-01-28,316591.75,treasury_par,0.04
2004-01-29,316564.95,treasury_par,0.04
2004-01-30,318506.39,treasury_par,0.04
2004-02-02,317822.40,treasury_par,0.04
2004-02-03,319401.37,treasury_par,0.04
2004-02-04,318735.53,treasury_par,0.04
2004-02-05,317327.32,treasury_par,0.04
2004-02-06,319946.25,treasury_par,0.04
2004-02-09,320879.12,treasury_par,0.04
2004-02-10,319570.81,treasury_par,0.04
2004-02-11,322154.91,treasury_par,0.04
2004-02-12,320689.53,treasury_par,0.04
2004-02-13,322066.44,treasury_par,0.04
2004-02-17,322154.28,treasury_par,0.04
2004-02-18,322124.03,treasury_par,0.04
2004-02-19,322156.84,treasury_par,0.04
2004-02-20,320478.93,treasury_par,0.04
2004-02-23,322030.46,treasury_par,0.04
2004-02-24,322503.12,treasury_par,0.04
2004-02-25,323086.08,treasury_par,0.04
2004-02-26,322060.13,treasury_par,0.04
2004-02-27,324201.44,treasury_par,0.04
2004-03-01,323860.85,treasury_par,0.04
2004-03-02,322207.13,treasury_par,0.04
2004-03-03,321525.88,treasury_par,0.04
2004-03-04,322604.49,treasury_par,0.04
2004-03-05,328976.16,treasury_par,0.04
2004-03-08,331117.40,treasury_par,0.04
2004-03-09,332945.09,treasury_par,0.04
2004-03-10,332613.86,treasury_par,0.04
2004-03-11,332419.21,treasury_par,0.04
2004-03-12,331319.56,treasury_par,0.04
2004-03-15,331362.07,treasury_par,0.04
2004-03-16,334008.89,treasury_par,0.04
2004-03-17,333675.49,treasury_par,0.04
2004-03-18,331872.30,treasury_par,0.04
2004-03-19,330665.42,treasury_par,0.04
2004-03-22,332697.32,treasury_par,0.04
2004-03-23,333051.84,treasury_par,0.04
2004-03-24,333035.83,treasury_par,0.04
2004-03-25,332238.65,treasury_par,0.04
2004-03-26,328757.63,treasury_par,0.04
2004-03-29,326756.76,treasury_par,0.04
2004-03-30,326756.40,treasury_par,0.04
2004-03-31,328374.46,treasury_par,0.04
2004-04-01,327065.24,treasury_par,0.04
2004-04-02,319049.70,treasury_par,0.04
2004-04-05,316057.72,treasury_par,0.04
2004-04-06,317690.88,treasury_par,0.04
2004-04-07,317570.13,treasury_par,0.04
2004-04-08,316899.93,treasury_par,0.04
2004-04-12,315521.49,treasury_par,0.04
2004-04-13,312278.17,treasury_par,0.04
2004-04-14,310738.24,treasury_par,0.04
2004-04-15,310172.60,treasury_par,0.04
2004-04-16,311599.02,treasury_par,0.04
2004-04-19,310932.98,treasury_par,0.04
2004-04-20,309786.57,treasury_par,0.04
2004-04-21,309219.84,treasury_par,0.04
2004-04-22,310859.47,treasury_par,0.04
2004-04-23,308235.31,treasury_par,0.04
2004-04-26,308897.74,treasury_par,0.04
2004-04-27,309883.85,treasury_par,0.04
2004-04-28,307725.31,treasury_par,0.04
2004-04-29,306085.06,treasury_par,0.05
2004-04-30,306769.13,treasury_par,0.05
2004-05-03,306860.58,treasury_par,0.05
2004-05-04,305749.43,treasury_par,0.05
2004-05-05,304313.45,treasury_par,0.05
2004-05-06,303629.30,treasury_par,0.05
2004-05-07,298831.58,treasury_par,0.05
2004-05-10,298334.86,treasury_par,0.05
2004-05-11,298914.56,treasury_par,0.05
2004-05-12,297723.70,treasury_par,0.05
2004-05-13,296864.74,treasury_par,0.05
2004-05-14,298798.67,treasury_par,0.05
2004-05-17,301511.02,treasury_par,0.05
2004-05-18,300458.22,treasury_par,0.05
2004-05-19,298833.42,treasury_par,0.05
2004-05-20,300964.58,treasury_par,0.05
2004-05-21,299820.15,treasury_par,0.05
2004-05-24,300207.17,treasury_par,0.05
2004-05-25,300916.11,treasury_par,0.05
2004-05-26,302670.69,treasury_par,0.05
2004-05-27,304883.29,treasury_par,0.05
2004-05-28,303098.68,treasury_par,0.05
2004-06-01,301463.41,treasury_par,0.05
2004-06-02,300584.50,treasury_par,0.05
2004-06-03,301286.76,treasury_par,0.05
2004-06-04,299277.31,treasury_par,0.05
2004-06-07,299335.86,treasury_par,0.05
2004-06-08,299406.23,treasury_par,0.05
2004-06-09,298223.34,treasury_par,0.05
2004-06-10,298631.51,treasury_par,0.05
2004-06-14,296339.69,treasury_par,0.05
2004-06-15,302377.46,treasury_par,0.05
2004-06-16,300839.61,treasury_par,0.05
2004-06-17,301841.83,treasury_par,0.05
2004-06-18,301523.48,treasury_par,0.05
2004-06-21,302013.59,treasury_par,0.05
2004-06-22,301507.33,treasury_par,0.05
2004-06-23,301860.02,treasury_par,0.05
2004-06-24,303483.73,treasury_par,0.05
2004-06-25,303407.36,treasury_par,0.05
2004-06-28,300412.36,treasury_par,0.05
2004-06-29,302122.28,treasury_par,0.05
2004-06-30,304607.72,treasury_par,0.05
2004-07-01,305982.72,treasury_par,0.05
2004-07-02,308859.89,treasury_par,0.04
2004-07-06,308459.28,treasury_par,0.04
2004-07-07,308237.62,treasury_par,0.04
2004-07-08,308470.26,treasury_par,0.04
2004-07-09,308586.65,treasury_par,0.04
2004-07-12,309382.79,treasury_par,0.04
2004-07-13,308182.27,treasury_par,0.04
2004-07-14,308296.18,treasury_par,0.04
2004-07-15,308325.63,treasury_par,0.04
2004-07-16,311991.73,treasury_par,0.04
2004-07-19,312012.60,treasury_par,0.04
2004-07-20,309249.14,treasury_par,0.04
2004-07-21,308252.82,treasury_par,0.04
2004-07-22,308901.52,treasury_par,0.04
2004-07-23,309817.99,treasury_par,0.04
2004-07-26,308582.14,treasury_par,0.04
2004-07-27,304537.72,treasury_par,0.05
2004-07-28,304787.15,treasury_par,0.05
2004-07-29,305021.30,treasury_par,0.05
2004-07-30,308232.67,treasury_par,0.04
2004-08-02,308912.49,treasury_par,0.04
2004-08-03,309778.65,treasury_par,0.04
2004-08-04,309774.31,treasury_par,0.04
2004-08-05,310475.35,treasury_par,0.04
2004-08-06,316288.10,treasury_par,0.04
2004-08-09,315164.35,treasury_par,0.04
2004-08-10,313963.88,treasury_par,0.04
2004-08-11,314538.49,treasury_par,0.04
2004-08-12,315450.62,treasury_par,0.04
2004-08-13,316892.79,treasury_par,0.04
2004-08-16,315566.85,treasury_par,0.04
2004-08-17,317168.78,treasury_par,0.04
2004-08-18,316494.80,treasury_par,0.04
2004-08-19,316811.54,treasury_par,0.04
2004-08-20,316320.81,treasury_par,0.04
2004-08-23,314942.06,treasury_par,0.04
2004-08-24,314887.87,treasury_par,0.04
2004-08-25,315581.19,treasury_par,0.04
2004-08-26,316829.32,treasury_par,0.04
2004-08-27,316642.14,treasury_par,0.04
2004-08-30,317907.56,treasury_par,0.04
2004-08-31,319878.43,treasury_par,0.04
2004-09-01,319867.91,treasury_par,0.04
2004-09-02,317617.61,treasury_par,0.04
2004-09-03,314552.40,treasury_par,0.04
2004-09-07,315874.35,treasury_par,0.04
2004-09-08,318482.36,treasury_par,0.04
2004-09-09,317200.44,treasury_par,0.04
2004-09-10,318253.35,treasury_par,0.04
2004-09-13,319167.19,treasury_par,0.04
2004-09-14,319531.57,treasury_par,0.04
2004-09-15,318489.50,treasury_par,0.04
2004-09-16,321884.65,treasury_par,0.04
2004-09-17,319989.99,treasury_par,0.04
2004-09-20,322242.28,treasury_par,0.04
2004-09-21,323056.19,treasury_par,0.04
2004-09-22,324891.22,treasury_par,0.04
2004-09-23,324075.81,treasury_par,0.04
2004-09-24,323540.52,treasury_par,0.04
2004-09-27,324595.43,treasury_par,0.04
2004-09-28,324046.75,treasury_par,0.04
2004-09-29,321394.48,treasury_par,0.04
2004-09-30,320020.56,treasury_par,0.04
2004-10-01,317781.33,treasury_par,0.04
2004-10-04,318433.86,treasury_par,0.04
2004-10-05,318699.37,treasury_par,0.04
2004-10-06,317144.95,treasury_par,0.04
2004-10-07,316092.14,treasury_par,0.04
2004-10-08,319589.67,treasury_par,0.04
2004-10-12,320569.35,treasury_par,0.04
2004-10-13,321481.68,treasury_par,0.04
2004-10-14,323430.28,treasury_par,0.04
2004-10-15,322174.93,treasury_par,0.04
2004-10-18,322200.80,treasury_par,0.04
2004-10-19,322246.21,treasury_par,0.04
2004-10-20,324319.07,treasury_par,0.04
2004-10-21,324344.33,treasury_par,0.04
2004-10-22,324707.44,treasury_par,0.04
2004-10-25,325159.01,treasury_par,0.04
2004-10-26,324552.62,treasury_par,0.04
2004-10-27,321147.28,treasury_par,0.04
2004-10-28,321797.45,treasury_par,0.04
2004-10-29,323137.65,treasury_par,0.04
2004-11-01,321222.04,treasury_par,0.04
2004-11-02,321460.11,treasury_par,0.04
2004-11-03,321801.15,treasury_par,0.04
2004-11-04,321598.01,treasury_par,0.04
2004-11-05,318045.32,treasury_par,0.04
2004-11-08,317640.86,treasury_par,0.04
2004-11-09,317623.58,treasury_par,0.04
2004-11-10,316813.21,treasury_par,0.04
2004-11-12,318355.73,treasury_par,0.04
2004-11-15,318385.38,treasury_par,0.04
2004-11-16,318020.94,treasury_par,0.04
2004-11-17,320376.59,treasury_par,0.04
2004-11-18,321157.49,treasury_par,0.04
2004-11-19,318499.51,treasury_par,0.04
2004-11-22,319293.54,treasury_par,0.04
2004-11-23,319000.75,treasury_par,0.04
2004-11-24,318773.71,treasury_par,0.04
2004-11-26,317308.92,treasury_par,0.04
2004-11-29,314187.91,treasury_par,0.04
2004-11-30,313381.98,treasury_par,0.04
2004-12-01,312818.93,treasury_par,0.04
2004-12-02,312109.43,treasury_par,0.04
2004-12-03,316320.43,treasury_par,0.04
2004-12-06,317269.41,treasury_par,0.04
2004-12-07,317580.63,treasury_par,0.04
2004-12-08,320732.95,treasury_par,0.04
2004-12-09,319283.14,treasury_par,0.04
2004-12-10,320111.30,treasury_par,0.04
2004-12-13,320307.88,treasury_par,0.04
2004-12-14,320987.21,treasury_par,0.04
2004-12-15,322822.92,treasury_par,0.04
2004-12-16,319264.97,treasury_par,0.04
2004-12-17,318672.88,treasury_par,0.04
2004-12-20,318772.70,treasury_par,0.04
2004-12-21,319654.88,treasury_par,0.04
2004-12-22,318668.65,treasury_par,0.04
2004-12-23,318110.23,treasury_par,0.04
2004-12-27,315663.15,treasury_par,0.04
2004-12-28,315485.50,treasury_par,0.04
2004-12-29,314813.00,treasury_par,0.04
2004-12-30,316638.35,treasury_par,0.04
2004-12-31,317936.47,treasury_par,0.04
2005-01-03,318261.79,treasury_par,0.04
2005-01-04,316169.70,treasury_par,0.04
2005-01-05,316412.19,treasury_par,0.04
2005-01-06,316423.65,treasury_par,0.04
2005-01-07,316358.89,treasury_par,0.04
2005-01-10,316538.18,treasury_par,0.04
2005-01-11,317554.19,treasury_par,0.04
2005-01-12,317881.09,treasury_par,0.04
2005-01-13,319633.88,treasury_par,0.04
2005-01-14,318872.55,treasury_par,0.04
2005-01-18,319544.42,treasury_par,0.04
2005-01-19,319907.85,treasury_par,0.04
2005-01-20,320721.31,treasury_par,0.04
2005-01-21,321056.26,treasury_par,0.04
2005-01-24,321933.68,treasury_par,0.04
2005-01-25,319795.83,treasury_par,0.04
2005-01-26,319579.10,treasury_par,0.04
2005-01-27,319208.99,treasury_par,0.04
2005-01-28,321334.15,treasury_par,0.04
2005-01-31,322010.64,treasury_par,0.04
2005-02-01,321664.90,treasury_par,0.04
2005-02-02,321859.47,treasury_par,0.04
2005-02-03,320971.97,treasury_par,0.04
2005-02-04,324052.77,treasury_par,0.04
2005-02-07,324940.00,treasury_par,0.04
2005-02-08,325671.21,treasury_par,0.04
2005-02-09,327246.93,treasury_par,0.04
2005-02-10,324733.70,treasury_par,0.04
2005-02-11,323712.35,treasury_par,0.04
2005-02-14,324591.97,treasury_par,0.04
2005-02-15,323695.20,treasury_par,0.04
2005-02-16,321777.27,treasury_par,0.04
2005-02-17,320633.88,treasury_par,0.04
2005-02-18,318088.01,treasury_par,0.04
2005-02-22,317349.34,treasury_par,0.04
2005-02-23,317978.33,treasury_par,0.04
2005-02-24,317436.47,treasury_par,0.04
2005-02-25,318077.13,treasury_par,0.04
2005-02-28,315291.21,treasury_par,0.04
2005-03-01,314760.16,treasury_par,0.04
2005-03-02,314537.01,treasury_par,0.04
2005-03-03,314348.85,treasury_par,0.04
2005-03-04,316704.44,treasury_par,0.04
2005-03-07,317181.94,treasury_par,0.04
2005-03-08,314797.23,treasury_par,0.04
2005-03-09,310293.05,treasury_par,0.05
2005-03-10,311942.82,treasury_par,0.04
2005-03-11,309293.69,treasury_par,0.05
2005-03-14,310504.36,treasury_par,0.05
2005-03-15,309784.59,treasury_par,0.05
2005-03-16,310440.22,treasury_par,0.05
2005-03-17,311981.90,treasury_par,0.04
2005-03-18,310620.75,treasury_par,0.05
2005-03-21,310026.95,treasury_par,0.05
2005-03-22,307155.77,treasury_par,0.05
2005-03-23,307688.24,treasury_par,0.05
2005-03-24,308114.02,treasury_par,0.05
2005-03-28,306846.63,treasury_par,0.05
2005-03-29,308030.87,treasury_par,0.05
2005-03-30,309383.32,treasury_par,0.05
2005-03-31,311239.02,treasury_par,0.04
2005-04-01,312415.24,treasury_par,0.04
2005-04-04,312226.85,treasury_par,0.04
2005-04-05,311764.58,treasury_par,0.04
2005-04-06,312922.63,treasury_par,0.04
2005-04-07,311354.32,treasury_par,0.04
2005-04-08,311263.44,treasury_par,0.04
2005-04-11,312761.42,treasury_par,0.04
2005-04-12,314991.99,treasury_par,0.04
2005-04-13,314804.02,treasury_par,0.04
2005-04-14,315084.45,treasury_par,0.04
2005-04-15,318018.50,treasury_par,0.04
2005-04-18,318311.51,treasury_par,0.04
2005-04-19,320282.19,treasury_par,0.04
2005-04-20,319880.10,treasury_par,0.04
2005-04-21,316881.29,treasury_par,0.04
2005-04-22,318729.35,treasury_par,0.04
2005-04-25,318987.78,treasury_par,0.04
2005-04-26,318339.97,treasury_par,0.04
2005-04-27,319297.58,treasury_par,0.04
2005-04-28,321222.85,treasury_par,0.04
2005-04-29,320590.68,treasury_par,0.04
2005-05-02,320619.85,treasury_par,0.04
2005-05-03,320674.68,treasury_par,0.04
2005-05-04,320643.80,treasury_par,0.04
2005-05-05,320947.10,treasury_par,0.04
2005-05-06,318282.26,treasury_par,0.04
2005-05-09,318013.93,treasury_par,0.04
2005-05-10,319880.32,treasury_par,0.04
2005-05-11,320746.05,treasury_par,0.04
2005-05-12,321600.09,treasury_par,0.04
2005-05-13,323259.78,treasury_par,0.04
2005-05-16,323324.15,treasury_par,0.04
2005-05-17,323793.69,treasury_par,0.04
2005-05-18,325457.71,treasury_par,0.04
2005-05-19,324294.33,treasury_par,0.04
2005-05-20,323763.06,treasury_par,0.04
2005-05-23,325778.18,treasury_par,0.04
2005-05-24,326752.76,treasury_par,0.04
2005-05-25,325245.86,treasury_par,0.04
2005-05-26,324825.40,treasury_par,0.04
2005-05-27,324825.06,treasury_par,0.04
2005-05-31,327486.32,treasury_par,0.04
2005-06-01,330654.14,treasury_par,0.04
2005-06-02,331340.10,treasury_par,0.04
2005-06-03,328506.87,treasury_par,0.04
2005-06-06,329240.95,treasury_par,0.04
2005-06-07,330686.84,treasury_par,0.04
2005-06-08,329676.41,treasury_par,0.04
2005-06-09,328746.89,treasury_par,0.04
2005-06-10,326278.06,treasury_par,0.04
2005-06-13,324852.70,treasury_par,0.04
2005-06-14,323469.86,treasury_par,0.04
2005-06-15,323696.25,treasury_par,0.04
2005-06-16,324766.63,treasury_par,0.04
2005-06-17,324798.40,treasury_par,0.04
2005-06-20,324183.25,treasury_par,0.04
2005-06-21,325947.78,treasury_par,0.04
2005-06-22,329537.23,treasury_par,0.04
2005-06-23,329205.94,treasury_par,0.04
2005-06-24,330558.64,treasury_par,0.04
2005-06-27,331283.26,treasury_par,0.04
2005-06-28,329067.29,treasury_par,0.04
2005-06-29,328356.04,treasury_par,0.04
2005-06-30,330076.98,treasury_par,0.04
2005-07-01,326272.48,treasury_par,0.04
2005-07-05,324485.45,treasury_par,0.04
2005-07-06,325484.27,treasury_par,0.04
2005-07-07,326453.06,treasury_par,0.04
2005-07-08,324550.62,treasury_par,0.04
2005-07-11,324541.25,treasury_par,0.04
2005-07-12,323203.61,treasury_par,0.04
2005-07-13,322666.67,treasury_par,0.04
2005-07-14,322011.02,treasury_par,0.04
2005-07-15,322382.72,treasury_par,0.04
2005-07-18,320909.01,treasury_par,0.04
2005-07-19,321701.36,treasury_par,0.04
2005-07-20,322624.62,treasury_par,0.04
2005-07-21,319054.61,treasury_par,0.04
2005-07-22,320768.42,treasury_par,0.04
2005-07-25,320148.72,treasury_par,0.04
2005-07-26,320365.44,treasury_par,0.04
2005-07-27,319528.02,treasury_par,0.04
2005-07-28,321795.31,treasury_par,0.04
2005-07-29,319120.92,treasury_par,0.04
2005-08-01,317945.01,treasury_par,0.04
2005-08-02,317215.35,treasury_par,0.04
2005-08-03,318512.63,treasury_par,0.04
2005-08-04,317866.75,treasury_par,0.04
2005-08-05,315440.12,treasury_par,0.04
2005-08-08,314751.21,treasury_par,0.04
2005-08-09,315216.55,treasury_par,0.04
2005-08-10,315539.33,treasury_par,0.04
2005-08-11,317834.51,treasury_par,0.04
2005-08-12,320454.47,treasury_par,0.04
2005-08-15,319583.25,treasury_par,0.04
2005-08-16,320920.64,treasury_par,0.04
2005-08-17,319359.82,treasury_par,0.04
2005-08-18,321495.68,treasury_par,0.04
2005-08-19,321588.13,treasury_par,0.04
2005-08-22,321255.70,treasury_par,0.04
2005-08-23,321904.12,treasury_par,0.04
2005-08-24,322159.59,treasury_par,0.04
2005-08-25,322449.59,treasury_par,0.04
2005-08-26,321902.21,treasury_par,0.04
2005-08-29,321975.72,treasury_par,0.04
2005-08-30,323150.96,treasury_par,0.04
2005-08-31,327726.24,treasury_par,0.04
2005-09-01,327683.76,treasury_par,0.04
2005-09-02,327263.71,treasury_par,0.04
2005-09-06,325308.44,treasury_par,0.04
2005-09-07,323359.54,treasury_par,0.04
2005-09-08,323330.11,treasury_par,0.04
2005-09-09,323662.24,treasury_par,0.04
2005-09-12,322217.56,treasury_par,0.04
2005-09-13,323498.84,treasury_par,0.04
2005-09-14,322508.04,treasury_par,0.04
2005-09-15,320806.00,treasury_par,0.04
2005-09-16,319417.36,treasury_par,0.04
2005-09-19,319754.36,treasury_par,0.04
2005-09-20,319542.74,treasury_par,0.04
2005-09-21,321796.95,treasury_par,0.04
2005-09-22,321831.28,treasury_par,0.04
2005-09-23,319920.45,treasury_par,0.04
2005-09-26,318505.33,treasury_par,0.04
2005-09-27,318416.06,treasury_par,0.04
2005-09-28,319785.04,treasury_par,0.04
2005-09-29,318750.14,treasury_par,0.04
2005-09-30,317391.79,treasury_par,0.04
2005-10-03,315642.19,treasury_par,0.04
2005-10-04,315968.37,treasury_par,0.04
2005-10-05,316687.81,treasury_par,0.04
2005-10-06,316409.71,treasury_par,0.04
2005-10-07,316953.52,treasury_par,0.04
2005-10-11,315756.91,treasury_par,0.04
2005-10-12,313863.35,treasury_par,0.04
2005-10-13,312750.31,treasury_par,0.04
2005-10-14,312759.94,treasury_par,0.04
2005-10-17,312254.50,treasury_par,0.04
2005-10-18,312414.48,treasury_par,0.04
2005-10-19,313047.53,treasury_par,0.04
2005-10-20,313347.39,treasury_par,0.04
2005-10-21,315590.67,treasury_par,0.04
2005-10-24,313666.27,treasury_par,0.04
2005-10-25,311035.03,treasury_par,0.05
2005-10-26,309069.43,treasury_par,0.05
2005-10-27,310011.13,treasury_par,0.05
2005-10-28,309754.40,treasury_par,0.05
2005-10-31,310054.49,treasury_par,0.05
2005-11-01,309711.49,treasury_par,0.05
2005-11-02,308759.33,treasury_par,0.05
2005-11-03,307324.74,treasury_par,0.05
2005-11-04,307004.80,treasury_par,0.05
2005-11-07,307402.31,treasury_par,0.05
2005-11-08,309831.17,treasury_par,0.05
2005-11-09,307686.10,treasury_par,0.05
2005-11-10,310374.11,treasury_par,0.05
2005-11-14,308559.48,treasury_par,0.05
2005-11-15,310302.69,treasury_par,0.05
2005-11-16,312429.27,treasury_par,0.04
2005-11-17,313286.24,treasury_par,0.04
2005-11-18,312056.96,treasury_par,0.04
2005-11-21,313219.82,treasury_par,0.04
2005-11-22,314003.34,treasury_par,0.04
2005-11-23,312734.27,treasury_par,0.04
2005-11-25,314011.30,treasury_par,0.04
2005-11-28,314887.69,treasury_par,0.04
2005-11-29,312678.45,treasury_par,0.04
2005-11-30,312117.91,treasury_par,0.04
2005-12-01,311298.94,treasury_par,0.05
2005-12-02,311378.87,treasury_par,0.05
2005-12-05,309884.30,treasury_par,0.05
2005-12-06,312319.00,treasury_par,0.04
2005-12-07,311536.59,treasury_par,0.05
2005-12-08,313197.76,treasury_par,0.04
2005-12-09,310866.28,treasury_par,0.05
2005-12-12,310465.07,treasury_par,0.05
2005-12-13,311019.72,treasury_par,0.05
2005-12-14,313812.80,treasury_par,0.04
2005-12-15,313114.62,treasury_par,0.04
2005-12-16,313827.13,treasury_par,0.04
2005-12-19,313858.43,treasury_par,0.04
2005-12-20,313249.29,treasury_par,0.04
2005-12-21,312632.94,treasury_par,0.04
2005-12-22,314297.18,treasury_par,0.04
2005-12-23,316232.85,treasury_par,0.04
2005-12-27,317509.25,treasury_par,0.04
2005-12-28,316256.16,treasury_par,0.04
2005-12-29,316627.34,treasury_par,0.04
2005-12-30,316068.51,treasury_par,0.04
2006-01-03,316530.87,treasury_par,0.04
2006-01-04,316904.52,treasury_par,0.04
2006-01-05,316845.37,treasury_par,0.04
2006-01-06,316223.88,treasury_par,0.04
2006-01-09,316173.25,treasury_par,0.04
2006-01-10,314622.09,treasury_par,0.04
2006-01-11,313745.27,treasury_par,0.04
2006-01-12,315011.93,treasury_par,0.04
2006-01-13,317054.90,treasury_par,0.04
2006-01-17,317662.86,treasury_par,0.04
2006-01-18,317546.66,treasury_par,0.04
2006-01-19,316379.83,treasury_par,0.04
2006-01-20,316789.66,treasury_par,0.04
2006-01-23,317035.54,treasury_par,0.04
2006-01-24,315780.31,treasury_par,0.04
2006-01-25,312916.92,treasury_par,0.04
2006-01-26,311699.26,treasury_par,0.05
2006-01-27,311946.25,treasury_par,0.05
2006-01-30,311310.49,treasury_par,0.05
2006-01-31,311756.94,treasury_par,0.05
2006-02-01,310636.78,treasury_par,0.05
2006-02-02,310660.53,treasury_par,0.05
2006-02-03,311811.71,treasury_par,0.05
2006-02-06,311670.42,treasury_par,0.05
2006-02-07,310867.09,treasury_par,0.05
2006-02-08,310926.72,treasury_par,0.05
2006-02-09,311567.41,treasury_par,0.05
2006-02-10,310120.34,treasury_par,0.05
2006-02-13,310360.74,treasury_par,0.05
2006-02-14,309136.22,treasury_par,0.05
2006-02-15,309534.83,treasury_par,0.05
2006-02-16,310046.09,treasury_par,0.05
2006-02-17,311709.46,treasury_par,0.05
2006-02-21,310887.75,treasury_par,0.05
2006-02-22,312112.13,treasury_par,0.05
2006-02-23,311271.48,treasury_par,0.05
2006-02-24,310698.98,treasury_par,0.05
2006-02-27,310247.06,treasury_par,0.05
2006-02-28,311487.90,treasury_par,0.05
2006-03-01,310251.42,treasury_par,0.05
2006-03-02,308551.17,treasury_par,0.05
2006-03-03,307350.66,treasury_par,0.05
2006-03-06,305431.88,treasury_par,0.05
2006-03-07,305397.29,treasury_par,0.05
2006-03-08,305612.28,treasury_par,0.05
2006-03-09,305411.32,treasury_par,0.05
2006-03-10,304806.33,treasury_par,0.05
2006-03-13,304381.07,treasury_par,0.05
2006-03-14,306321.50,treasury_par,0.05
2006-03-15,305597.17,treasury_par,0.05
2006-03-16,308026.02,treasury_par,0.05
2006-03-17,307136.48,treasury_par,0.05
2006-03-20,307716.92,treasury_par,0.05
2006-03-21,306193.39,treasury_par,0.05
2006-03-22,306361.13,treasury_par,0.05
2006-03-23,305507.94,treasury_par,0.05
2006-03-24,307395.26,treasury_par,0.05
2006-03-27,306380.90,treasury_par,0.05
2006-03-28,303729.22,treasury_par,0.05
2006-03-29,303063.69,treasury_par,0.05
2006-03-30,301564.14,treasury_par,0.05
2006-03-31,301541.93,treasury_par,0.05
2006-04-03,300975.25,treasury_par,0.05
2006-04-04,301163.26,treasury_par,0.05
2006-04-05,302040.06,treasury_par,0.05
2006-04-06,300196.08,treasury_par,0.05
2006-04-07,298114.64,treasury_par,0.05
2006-04-10,298049.54,treasury_par,0.05
2006-04-11,299272.15,treasury_par,0.05
2006-04-12,297761.24,treasury_par,0.05
2006-04-13,295729.44,treasury_par,0.05
2006-04-17,296837.25,treasury_par,0.05
2006-04-18,297465.27,treasury_par,0.05
2006-04-19,295904.97,treasury_par,0.05
2006-04-20,295888.31,treasury_par,0.05
2006-04-21,296856.59,treasury_par,0.05
2006-04-24,297491.23,treasury_par,0.05
2006-04-25,295019.86,treasury_par,0.05
2006-04-26,293723.81,treasury_par,0.05
2006-04-27,294608.15,treasury_par,0.05
2006-04-28,295091.76,treasury_par,0.05
2006-05-01,293087.43,treasury_par,0.05
2006-05-02,293711.77,treasury_par,0.05
2006-05-03,292818.93,treasury_par,0.05
2006-05-04,292577.19,treasury_par,0.05
2006-05-05,293742.75,treasury_par,0.05
2006-05-08,293765.89,treasury_par,0.05
2006-05-09,293493.98,treasury_par,0.05
2006-05-10,293556.36,treasury_par,0.05
2006-05-11,293038.05,treasury_par,0.05
2006-05-12,291462.72,treasury_par,0.05
2006-05-15,292591.89,treasury_par,0.05
2006-05-16,294075.75,treasury_par,0.05
2006-05-17,292305.69,treasury_par,0.05
2006-05-18,294839.45,treasury_par,0.05
2006-05-19,295818.79,treasury_par,0.05
2006-05-22,296088.38,treasury_par,0.05
2006-05-23,295224.78,treasury_par,0.05
2006-05-24,296329.48,treasury_par,0.05
2006-05-25,295200.37,treasury_par,0.05
2006-05-26,295521.71,treasury_par,0.05
2006-05-30,294608.00,treasury_par,0.05
2006-05-31,293728.00,treasury_par,0.05
2006-06-01,294022.95,treasury_par,0.05
2006-06-02,297294.70,treasury_par,0.05
2006-06-05,296745.30,treasury_par,0.05
2006-06-06,297139.68,treasury_par,0.05
2006-06-07,296822.91,treasury_par,0.05
2006-06-08,297492.04,treasury_par,0.05
2006-06-09,298138.18,treasury_par,0.05
2006-06-12,297911.48,treasury_par,0.05
2006-06-13,298524.59,treasury_par,0.05
2006-06-14,296078.28,treasury_par,0.05
2006-06-15,294699.99,treasury_par,0.05
2006-06-16,293789.38,treasury_par,0.05
2006-06-19,293428.19,treasury_par,0.05
2006-06-20,293130.76,treasury_par,0.05
2006-06-21,293013.63,treasury_par,0.05
2006-06-22,291780.34,treasury_par,0.05
2006-06-23,290905.02,treasury_par,0.05
2006-06-26,290316.96,treasury_par,0.05
2006-06-27,291448.95,treasury_par,0.05
2006-06-28,290336.55,treasury_par,0.05
2006-06-29,291231.31,treasury_par,0.05
2006-06-30,293360.07,treasury_par,0.05
2006-07-03,293199.28,treasury_par,0.05
2006-07-05,291036.06,treasury_par,0.05
2006-07-06,292162.12,treasury_par,0.05
2006-07-07,293750.27,treasury_par,0.05
2006-07-10,293948.25,treasury_par,0.05
2006-07-11,294801.14,treasury_par,0.05
2006-07-12,294766.63,treasury_par,0.05
2006-07-13,295474.18,treasury_par,0.05
2006-07-14,295723.54,treasury_par,0.05
2006-07-17,295720.80,treasury_par,0.05
2006-07-18,293956.08,treasury_par,0.05
2006-07-19,296060.18,treasury_par,0.05
2006-07-20,296846.02,treasury_par,0.05
2006-07-21,296357.31,treasury_par,0.05
2006-07-24,296304.60,treasury_par,0.05
2006-07-25,295663.72,treasury_par,0.05
2006-07-26,296471.26,treasury_par,0.05
2006-07-27,295874.58,treasury_par,0.05
2006-07-28,297763.03,treasury_par,0.05
2006-07-31,297994.48,treasury_par,0.05
2006-08-01,298022.24,treasury_par,0.05
2006-08-02,298903.82,treasury_par,0.05
2006-08-03,298956.04,treasury_par,0.05
2006-08-04,300414.28,treasury_par,0.05
2006-08-07,299977.14,treasury_par,0.05
2006-08-08,299834.48,treasury_par,0.05
2006-08-09,299860.65,treasury_par,0.05
2006-08-10,299537.06,treasury_par,0.05
2006-08-11,298364.99,treasury_par,0.05
2006-08-14,297453.12,treasury_par,0.05
2006-08-15,299614.28,treasury_par,0.05
2006-08-16,301375.04,treasury_par,0.05
2006-08-17,301396.88,treasury_par,0.05
2006-08-18,302363.88,treasury_par,0.05
2006-08-21,302847.76,treasury_par,0.05
2006-08-22,302924.69,treasury_par,0.05
2006-08-23,302890.65,treasury_par,0.05
2006-08-24,303161.46,treasury_par,0.05
2006-08-25,303706.89,treasury_par,0.05
2006-08-28,303479.01,treasury_par,0.05
2006-08-29,303736.36,treasury_par,0.05
2006-08-30,304666.23,treasury_par,0.05
2006-08-31,305319.88,treasury_par,0.05
2006-09-01,305545.49,treasury_par,0.05
2006-09-05,303922.30,treasury_par,0.05
2006-09-06,303389.45,treasury_par,0.05
2006-09-07,303506.20,treasury_par,0.05
2006-09-08,304152.07,treasury_par,0.05
2006-09-11,303446.70,treasury_par,0.05
2006-09-12,304190.78,treasury_par,0.05
2006-09-13,304481.51,treasury_par,0.05
2006-09-14,303859.46,treasury_par,0.05
2006-09-15,303526.27,treasury_par,0.05
2006-09-18,303222.56,treasury_par,0.05
2006-09-19,305441.53,treasury_par,0.05
2006-09-20,305683.73,treasury_par,0.05
2006-09-21,308080.62,treasury_par,0.05
2006-09-22,309579.41,treasury_par,0.05
2006-09-25,310952.75,treasury_par,0.05
2006-09-26,310063.46,treasury_par,0.05
2006-09-27,309659.19,treasury_par,0.05
2006-09-28,308748.96,treasury_par,0.05
2006-09-29,308478.70,treasury_par,0.05
2006-10-02,309058.07,treasury_par,0.05
2006-10-03,309060.98,treasury_par,0.05
2006-10-04,310529.95,treasury_par,0.05
2006-10-05,309225.31,treasury_par,0.05
2006-10-06,306508.44,treasury_par,0.05
2006-10-10,305039.70,treasury_par,0.05
2006-10-11,304077.43,treasury_par,0.05
2006-10-12,303924.35,treasury_par,0.05
2006-10-13,303191.64,treasury_par,0.05
2006-10-16,303766.08,treasury_par,0.05
2006-10-17,304108.27,treasury_par,0.05
2006-10-18,304511.59,treasury_par,0.05
2006-10-19,303890.61,treasury_par,0.05
2006-10-20,303858.51,treasury_par,0.05
2006-10-23,302641.57,treasury_par,0.05
2006-10-24,302601.54,treasury_par,0.05
2006-10-25,304175.63,treasury_par,0.05
2006-10-26,305697.63,treasury_par,0.05
2006-10-27,307277.86,treasury_par,0.05
2006-10-30,307285.32,treasury_par,0.05
2006-10-31,309462.78,treasury_par,0.05
2006-11-01,310736.88,treasury_par,0.05
2006-11-02,309752.18,treasury_par,0.05
2006-11-03,306121.82,treasury_par,0.05
2006-11-06,306440.73,treasury_par,0.05
2006-11-07,307957.03,treasury_par,0.05
2006-11-08,308634.34,treasury_par,0.05
2006-11-09,309094.10,treasury_par,0.05
2006-11-10,310104.44,treasury_par,0.05
2006-11-13,309446.37,treasury_par,0.05
2006-11-14,310659.98,treasury_par,0.05
2006-11-15,309388.87,treasury_par,0.05
2006-11-16,307968.15,treasury_par,0.05
2006-11-17,309524.45,treasury_par,0.05
2006-11-20,309843.87,treasury_par,0.05
2006-11-21,310428.45,treasury_par,0.05
2006-11-22,310659.98,treasury_par,0.05
2006-11-24,311295.25,treasury_par,0.05
2006-11-27,311599.23,treasury_par,0.05
2006-11-28,312584.85,treasury_par,0.05
2006-11-29,312199.57,treasury_par,0.05
2006-11-30,314086.34,treasury_par,0.04
2006-12-01,315035.35,treasury_par,0.04
2006-12-04,314961.39,treasury_par,0.04
2006-12-05,314347.69,treasury_par,0.04
2006-12-06,313457.42,treasury_par,0.04
2006-12-07,313127.91,treasury_par,0.04
2006-12-08,310928.58,treasury_par,0.05
2006-12-11,312138.78,treasury_par,0.05
2006-12-12,313145.46,treasury_par,0.04
2006-12-13,310355.86,treasury_par,0.05
2006-12-14,309628.72,treasury_par,0.05
2006-12-15,309666.20,treasury_par,0.05
2006-12-18,309662.34,treasury_par,0.05
2006-12-19,309588.17,treasury_par,0.05
2006-12-20,309588.17,treasury_par,0.05
2006-12-21,311076.23,treasury_par,0.05
2006-12-22,308632.63,treasury_par,0.05
2006-12-26,309297.37,treasury_par,0.05
2006-12-27,307759.40,treasury_par,0.05
2006-12-28,306545.96,treasury_par,0.05
2006-12-29,306240.51,treasury_par,0.05
2007-01-02,307196.94,treasury_par,0.05
2007-01-03,307605.02,treasury_par,0.05
2007-01-04,309074.13,treasury_par,0.05
2007-01-05,308120.38,treasury_par,0.05
2007-01-08,307898.03,treasury_par,0.05
2007-01-09,308020.47,treasury_par,0.05
2007-01-10,307008.81,treasury_par,0.05
2007-01-11,305479.55,treasury_par,0.05
2007-01-12,304485.59,treasury_par,0.05
2007-01-16,305099.28,treasury_par,0.05
2007-01-17,303879.47,treasury_par,0.05
2007-01-18,305071.78,treasury_par,0.05
2007-01-19,304229.95,treasury_par,0.05
2007-01-22,304855.05,treasury_par,0.05
2007-01-23,303230.32,treasury_par,0.05
2007-01-24,303225.72,treasury_par,0.05
2007-01-25,301483.23,treasury_par,0.05
2007-01-26,301137.43,treasury_par,0.05
2007-01-29,300527.22,treasury_par,0.05
2007-01-30,301169.61,treasury_par,0.05
2007-01-31,302642.46,treasury_par,0.05
2007-02-01,302383.40,treasury_par,0.05
2007-02-02,302656.62,treasury_par,0.05
2007-02-05,303258.19,treasury_par,0.05
2007-02-06,304485.47,treasury_par,0.05
2007-02-07,305337.49,treasury_par,0.05
2007-02-08,305605.60,treasury_par,0.05
2007-02-09,303875.11,treasury_par,0.05
2007-02-12,303466.96,treasury_par,0.05
2007-02-13,302890.95,treasury_par,0.05
2007-02-14,305378.34,treasury_par,0.05
2007-02-15,306485.64,treasury_par,0.05
2007-02-16,306810.61,treasury_par,0.05
2007-02-20,307108.31,treasury_par,0.05
2007-02-21,306815.61,treasury_par,0.05
2007-02-22,305580.84,treasury_par,0.05
2007-02-23,307112.84,treasury_par,0.05
2007-02-26,308671.45,treasury_par,0.05
2007-02-27,312678.28,treasury_par,0.04
2007-02-28,310808.88,treasury_par,0.05
2007-03-01,310887.96,treasury_par,0.05
2007-03-02,312042.00,treasury_par,0.05
2007-03-05,312350.76,treasury_par,0.05
2007-03-06,311708.44,treasury_par,0.05
2007-03-07,312641.17,treasury_par,0.04
2007-03-08,312376.69,treasury_par,0.05
2007-03-09,309917.35,treasury_par,0.05
2007-03-12,310894.47,treasury_par,0.05
2007-03-13,312605.72,treasury_par,0.04
2007-03-14,311650.16,treasury_par,0.05
2007-03-15,311436.19,treasury_par,0.05
2007-03-16,311073.42,treasury_par,0.05
2007-03-19,310257.29,treasury_par,0.05
2007-03-20,310873.11,treasury_par,0.05
2007-03-21,311663.31,treasury_par,0.05
2007-03-22,309391.83,treasury_par,0.05
2007-03-23,308782.22,treasury_par,0.05
2007-03-26,309425.56,treasury_par,0.05
2007-03-27,308720.73,treasury_par,0.05
2007-03-28,308616.91,treasury_par,0.05
2007-03-29,308158.41,treasury_par,0.05
2007-03-30,307678.39,treasury_par,0.05
2007-04-02,307730.81,treasury_par,0.05
2007-04-03,307201.37,treasury_par,0.05
2007-04-04,307499.63,treasury_par,0.05
2007-04-05,306807.92,treasury_par,0.05
2007-04-06,304556.92,treasury_par,0.05
2007-04-09,304789.83,treasury_par,0.05
2007-04-10,305369.74,treasury_par,0.05
2007-04-11,305031.43,treasury_par,0.05
2007-04-12,305103.22,treasury_par,0.05
2007-04-13,304465.54,treasury_par,0.05
2007-04-16,305097.48,treasury_par,0.05
2007-04-17,306712.00,treasury_par,0.05
2007-04-18,307669.81,treasury_par,0.05
2007-04-19,307031.40,treasury_par,0.05
2007-04-20,306959.57,treasury_par,0.05
2007-04-23,307621.46,treasury_par,0.05
2007-04-24,308545.10,treasury_par,0.05
2007-04-25,307624.04,treasury_par,0.05
2007-04-26,306596.48,treasury_par,0.05
2007-04-27,306076.42,treasury_par,0.05
2007-04-30,308516.58,treasury_par,0.05
2007-05-01,308175.67,treasury_par,0.05
2007-05-02,307941.52,treasury_par,0.05
2007-05-03,307114.98,treasury_par,0.05
2007-05-04,308039.38,treasury_par,0.05
2007-05-07,308431.32,treasury_par,0.05
2007-05-08,308606.73,treasury_par,0.05
2007-05-09,307379.16,treasury_par,0.05
2007-05-10,307903.32,treasury_par,0.05
2007-05-11,307276.83,treasury_par,0.05
2007-05-14,306694.67,treasury_par,0.05
2007-05-15,306065.39,treasury_par,0.05
2007-05-16,306099.68,treasury_par,0.05
2007-05-17,304642.69,treasury_par,0.05
2007-05-18,303137.68,treasury_par,0.05
2007-05-21,303688.57,treasury_par,0.05
2007-05-22,302410.41,treasury_par,0.05
2007-05-23,301536.28,treasury_par,0.05
2007-05-24,301540.75,treasury_par,0.05
2007-05-25,301452.79,treasury_par,0.05
2007-05-29,301045.51,treasury_par,0.05
2007-05-30,301019.40,treasury_par,0.05
2007-05-31,300449.47,treasury_par,0.05
2007-06-01,298960.16,treasury_par,0.05
2007-06-04,299667.02,treasury_par,0.05
2007-06-05,298156.22,treasury_par,0.05
2007-06-06,298334.40,treasury_par,0.05
2007-06-07,294280.20,treasury_par,0.05
2007-06-08,293962.11,treasury_par,0.05
2007-06-11,293348.42,treasury_par,0.05
2007-06-12,289850.10,treasury_par,0.05
2007-06-13,291735.45,treasury_par,0.05
2007-06-14,290855.08,treasury_par,0.05
2007-06-15,292777.55,treasury_par,0.05
2007-06-18,293026.45,treasury_par,0.05
2007-06-19,294825.17,treasury_par,0.05
2007-06-20,293355.89,treasury_par,0.05
2007-06-21,292649.31,treasury_par,0.05
2007-06-22,293243.55,treasury_par,0.05
2007-06-25,294844.87,treasury_par,0.05
2007-06-26,294389.56,treasury_par,0.05
2007-06-27,294810.95,treasury_par,0.05
2007-06-28,293980.21,treasury_par,0.05
2007-06-29,296690.22,treasury_par,0.05
2007-07-02,297609.68,treasury_par,0.05
2007-07-03,296125.44,treasury_par,0.05
2007-07-05,292927.51,treasury_par,0.05
2007-07-06,291919.39,treasury_par,0.05
2007-07-09,292886.66,treasury_par,0.05
2007-07-10,296636.58,treasury_par,0.05
2007-07-11,294937.22,treasury_par,0.05
2007-07-12,293764.12,treasury_par,0.05
2007-07-13,294408.02,treasury_par,0.05
2007-07-16,296193.79,treasury_par,0.05
2007-07-17,295299.77,treasury_par,0.05
2007-07-18,297121.19,treasury_par,0.05
2007-07-19,296486.75,treasury_par,0.05
2007-07-20,298715.77,treasury_par,0.05
2007-07-23,298486.62,treasury_par,0.05
2007-07-24,299293.71,treasury_par,0.05
2007-07-25,299819.86,treasury_par,0.05
2007-07-26,303645.56,treasury_par,0.05
2007-07-27,303359.02,treasury_par,0.05
2007-07-30,302733.12,treasury_par,0.05
2007-07-31,304046.35,treasury_par,0.05
2007-08-01,304549.72,treasury_par,0.05
2007-08-02,304226.73,treasury_par,0.05
2007-08-03,305988.83,treasury_par,0.05
2007-08-06,305592.62,treasury_par,0.05
2007-08-07,304223.82,treasury_par,0.05
2007-08-08,301802.79,treasury_par,0.05
2007-08-09,303099.13,treasury_par,0.05
2007-08-10,302517.14,treasury_par,0.05
2007-08-13,303394.94,treasury_par,0.05
2007-08-14,304751.01,treasury_par,0.05
2007-08-15,305680.70,treasury_par,0.05
2007-08-16,308473.25,treasury_par,0.05
2007-08-17,306071.39,treasury_par,0.05
2007-08-20,307096.71,treasury_par,0.05
2007-08-21,308251.25,treasury_par,0.05
2007-08-22,307426.96,treasury_par,0.05
2007-08-23,307874.57,treasury_par,0.05
2007-08-24,307864.04,treasury_par,0.05
2007-08-27,308848.71,treasury_par,0.05
2007-08-28,310755.15,treasury_par,0.05
2007-08-29,309501.17,treasury_par,0.05
2007-08-30,311477.89,treasury_par,0.05
2007-08-31,310759.13,treasury_par,0.05
2007-09-04,310206.28,treasury_par,0.05
2007-09-05,312591.54,treasury_par,0.04
2007-09-06,311732.04,treasury_par,0.05
2007-09-07,315751.66,treasury_par,0.04
2007-09-10,317129.51,treasury_par,0.04
2007-09-11,316301.65,treasury_par,0.04
2007-09-12,314982.06,treasury_par,0.04
2007-09-13,312465.27,treasury_par,0.04
2007-09-14,313121.28,treasury_par,0.04
2007-09-17,312945.83,treasury_par,0.04
2007-09-18,312055.89,treasury_par,0.04
2007-09-19,311033.47,treasury_par,0.05
2007-09-20,306188.88,treasury_par,0.05
2007-09-21,307690.46,treasury_par,0.05
2007-09-24,307957.02,treasury_par,0.05
2007-09-25,308028.31,treasury_par,0.05
2007-09-26,307831.74,treasury_par,0.05
2007-09-27,309537.31,treasury_par,0.05
2007-09-28,309301.42,treasury_par,0.05
2007-10-01,310305.30,treasury_par,0.05
2007-10-02,310959.57,treasury_par,0.05
2007-10-03,310526.39,treasury_par,0.05
2007-10-04,310959.02,treasury_par,0.05
2007-10-05,307491.66,treasury_par,0.05
2007-10-09,307096.38,treasury_par,0.05
2007-10-10,307498.84,treasury_par,0.05
2007-10-11,307166.57,treasury_par,0.05
2007-10-12,306016.68,treasury_par,0.05
2007-10-15,306252.73,treasury_par,0.05
2007-10-16,307060.46,treasury_par,0.05
2007-10-17,309911.05,treasury_par,0.05
2007-10-18,311393.66,treasury_par,0.05
2007-10-19,314845.82,treasury_par,0.04
2007-10-22,314672.87,treasury_par,0.04
2007-10-23,314820.00,treasury_par,0.04
2007-10-24,316439.42,treasury_par,0.04
2007-10-25,316105.50,treasury_par,0.04
2007-10-26,314867.17,treasury_par,0.04
2007-10-29,315482.69,treasury_par,0.04
2007-10-30,315166.83,treasury_par,0.04
2007-10-31,312662.59,treasury_par,0.04
2007-11-01,316355.96,treasury_par,0.04
2007-11-02,317900.99,treasury_par,0.04
2007-11-05,316812.00,treasury_par,0.04
2007-11-06,315823.84,treasury_par,0.04
2007-11-07,316740.21,treasury_par,0.04
2007-11-08,318364.65,treasury_par,0.04
2007-11-09,320042.72,treasury_par,0.04
2007-11-13,319270.05,treasury_par,0.04
2007-11-14,318681.26,treasury_par,0.04
2007-11-15,321982.80,treasury_par,0.04
2007-11-16,322620.62,treasury_par,0.04
2007-11-19,325163.53,treasury_par,0.04
2007-11-20,325474.00,treasury_par,0.04
2007-11-21,327248.63,treasury_par,0.04
2007-11-23,327242.53,treasury_par,0.04
2007-11-26,333359.74,treasury_par,0.04
2007-11-27,329286.98,treasury_par,0.04
2007-11-28,326660.10,treasury_par,0.04
2007-11-29,329468.77,treasury_par,0.04
2007-11-30,328413.66,treasury_par,0.04
2007-12-03,331050.94,treasury_par,0.04
2007-12-04,330980.79,treasury_par,0.04
2007-12-05,329951.52,treasury_par,0.04
2007-12-06,326538.89,treasury_par,0.04
2007-12-07,323153.93,treasury_par,0.04
2007-12-10,322247.54,treasury_par,0.04
2007-12-11,327788.99,treasury_par,0.04
2007-12-12,325619.55,treasury_par,0.04
2007-12-13,321478.03,treasury_par,0.04
2007-12-14,319522.65,treasury_par,0.04
2007-12-17,320871.03,treasury_par,0.04
2007-12-18,322893.72,treasury_par,0.04
2007-12-19,325517.39,treasury_par,0.04
2007-12-20,326110.05,treasury_par,0.04
2007-12-21,321571.17,treasury_par,0.04
2007-12-24,319951.06,treasury_par,0.04
2007-12-26,317734.11,treasury_par,0.04
2007-12-27,320473.42,treasury_par,0.04
2007-12-28,323831.80,treasury_par,0.04
2007-12-31,326109.29,treasury_par,0.04
2008-01-02,330447.80,treasury_par,0.04
2008-01-03,330240.97,treasury_par,0.04
2008-01-04,331252.68,treasury_par,0.04
2008-01-07,332000.57,treasury_par,0.04
2008-01-08,331784.94,treasury_par,0.04
2008-01-09,333294.37,treasury_par,0.04
2008-01-10,329912.58,treasury_par,0.04
2008-01-11,332907.87,treasury_par,0.04
2008-01-14,333150.83,treasury_par,0.04
2008-01-15,336308.29,treasury_par,0.04
2008-01-16,335424.02,treasury_par,0.04
2008-01-17,338248.36,treasury_par,0.04
2008-01-18,338034.77,treasury_par,0.04
2008-01-22,342550.65,treasury_par,0.04
2008-01-23,342765.64,treasury_par,0.04
2008-01-24,336834.68,treasury_par,0.04
2008-01-25,339287.29,treasury_par,0.04
2008-01-28,339265.05,treasury_par,0.04
2008-01-29,336673.49,treasury_par,0.04
2008-01-30,333437.58,treasury_par,0.04
2008-01-31,337241.61,treasury_par,0.04
2008-02-01,338980.77,treasury_par,0.04
2008-02-04,336870.53,treasury_par,0.04
2008-02-05,339265.41,treasury_par,0.04
2008-02-06,338973.99,treasury_par,0.04
2008-02-07,334269.82,treasury_par,0.04
2008-02-08,337708.11,treasury_par,0.04
2008-02-11,338516.20,treasury_par,0.04
2008-02-12,337006.77,treasury_par,0.04
2008-02-13,335624.05,treasury_par,0.04
2008-02-14,330351.25,treasury_par,0.04
2008-02-15,333349.92,treasury_par,0.04
2008-02-19,329110.27,treasury_par,0.04
2008-02-20,327907.41,treasury_par,0.04
2008-02-21,333274.63,treasury_par,0.04
2008-02-22,332489.92,treasury_par,0.04
2008-02-25,328374.68,treasury_par,0.04
2008-02-26,329303.46,treasury_par,0.04
2008-02-27,330223.36,treasury_par,0.04
2008-02-28,334953.90,treasury_par,0.04
2008-02-29,341125.82,treasury_par,0.04
2008-03-03,340859.55,treasury_par,0.04
2008-03-04,337757.16,treasury_par,0.04
2008-03-05,335030.67,treasury_par,0.04
2008-03-06,337506.72,treasury_par,0.04
2008-03-07,339444.85,treasury_par,0.04
2008-03-10,343054.05,treasury_par,0.03
2008-03-11,338234.04,treasury_par,0.04
2008-03-12,342307.12,treasury_par,0.03
2008-03-13,339801.01,treasury_par,0.04
2008-03-14,344216.08,treasury_par,0.03
2008-03-17,347690.52,treasury_par,0.03
2008-03-18,343146.67,treasury_par,0.03
2008-03-19,346691.26,treasury_par,0.03
2008-03-20,348183.39,treasury_par,0.03
2008-03-24,340573.22,treasury_par,0.04
2008-03-25,342052.61,treasury_par,0.04
2008-03-26,342045.68,treasury_par,0.04
2008-03-27,340089.34,treasury_par,0.04
2008-03-28,343130.75,treasury_par,0.03
2008-03-31,343908.47,treasury_par,0.03
2008-04-01,339573.71,treasury_par,0.04
2008-04-02,338707.13,treasury_par,0.04
2008-04-03,338316.34,treasury_par,0.04
2008-04-04,342144.29,treasury_par,0.04
2008-04-07,339691.39,treasury_par,0.04
2008-04-08,339465.62,treasury_par,0.04
2008-04-09,342609.95,treasury_par,0.03
2008-04-10,340592.67,treasury_par,0.04
2008-04-11,342746.78,treasury_par,0.03
2008-04-14,341359.39,treasury_par,0.04
2008-04-15,338891.91,treasury_par,0.04
2008-04-16,334720.88,treasury_par,0.04
2008-04-17,333769.75,treasury_par,0.04
2008-04-18,333116.74,treasury_par,0.04
2008-04-21,333953.06,treasury_par,0.04
2008-04-22,334247.55,treasury_par,0.04
2008-04-23,333258.33,treasury_par,0.04
2008-04-24,330015.44,treasury_par,0.04
2008-04-25,328513.33,treasury_par,0.04
2008-04-28,330128.75,treasury_par,0.04
2008-04-29,330509.92,treasury_par,0.04
2008-04-30,333201.94,treasury_par,0.04
2008-05-01,332933.36,treasury_par,0.04
2008-05-02,329323.37,treasury_par,0.04
2008-05-05,329601.89,treasury_par,0.04
2008-05-06,327685.32,treasury_par,0.04
2008-05-07,329499.79,treasury_par,0.04
2008-05-08,332264.49,treasury_par,0.04
2008-05-09,333020.96,treasury_par,0.04
2008-05-12,332802.29,treasury_par,0.04
2008-05-13,328795.49,treasury_par,0.04
2008-05-14,328234.07,treasury_par,0.04
2008-05-15,331353.81,treasury_par,0.04
2008-05-16,330546.04,treasury_par,0.04
2008-05-19,331263.86,treasury_par,0.04
2008-05-20,332793.07,treasury_par,0.04
2008-05-21,331981.81,treasury_par,0.04
2008-05-22,328253.51,treasury_par,0.04
2008-05-23,330645.12,treasury_par,0.04
2008-05-27,327794.85,treasury_par,0.04
2008-05-28,324596.42,treasury_par,0.04
2008-05-29,322880.93,treasury_par,0.04
2008-05-30,323542.43,treasury_par,0.04
2008-06-02,326169.33,treasury_par,0.04
2008-06-03,328117.86,treasury_par,0.04
2008-06-04,325945.84,treasury_par,0.04
2008-06-05,323457.00,treasury_par,0.04
2008-06-06,327414.53,treasury_par,0.04
2008-06-09,325138.88,treasury_par,0.04
2008-06-10,322166.10,treasury_par,0.04
2008-06-11,322525.15,treasury_par,0.04
2008-06-12,318564.32,treasury_par,0.04
2008-06-13,317268.41,treasury_par,0.04
2008-06-16,317859.80,treasury_par,0.04
2008-06-17,318358.30,treasury_par,0.04
2008-06-18,320796.52,treasury_par,0.04
2008-06-19,318835.37,treasury_par,0.04
2008-06-20,320847.72,treasury_par,0.04
2008-06-23,319943.17,treasury_par,0.04
2008-06-24,322832.12,treasury_par,0.04
2008-06-25,322102.42,treasury_par,0.04
2008-06-26,323874.92,treasury_par,0.04
2008-06-27,326619.36,treasury_par,0.04
2008-06-30,326583.42,treasury_par,0.04
2008-07-01,326006.28,treasury_par,0.04
2008-07-02,326745.11,treasury_par,0.04
2008-07-03,326657.56,treasury_par,0.04
2008-07-07,328036.34,treasury_par,0.04
2008-07-08,329440.44,treasury_par,0.04
2008-07-09,331382.19,treasury_par,0.04
2008-07-10,331949.66,treasury_par,0.04
2008-07-11,327666.51,treasury_par,0.04
2008-07-14,329583.81,treasury_par,0.04
2008-07-15,330471.31,treasury_par,0.04
2008-07-16,326903.20,treasury_par,0.04
2008-07-17,323731.59,treasury_par,0.04
2008-07-18,322558.60,treasury_par,0.04
2008-07-21,323256.40,treasury_par,0.04
2008-07-22,321648.76,treasury_par,0.04
2008-07-23,320954.60,treasury_par,0.04
2008-07-24,324995.97,treasury_par,0.04
2008-07-25,321774.74,treasury_par,0.04
2008-07-28,324090.14,treasury_par,0.04
2008-07-29,323220.86,treasury_par,0.04
2008-07-30,323864.79,treasury_par,0.04
2008-07-31,326409.76,treasury_par,0.04
2008-08-01,327088.32,treasury_par,0.04
2008-08-04,326761.79,treasury_par,0.04
2008-08-05,324818.73,treasury_par,0.04
2008-08-06,323990.14,treasury_par,0.04
2008-08-07,328657.60,treasury_par,0.04
2008-08-08,328143.26,treasury_par,0.04
2008-08-11,326320.01,treasury_par,0.04
2008-08-12,328952.33,treasury_par,0.04
2008-08-13,327889.02,treasury_par,0.04
2008-08-14,329666.03,treasury_par,0.04
2008-08-15,331326.23,treasury_par,0.04
2008-08-18,332123.03,treasury_par,0.04
2008-08-19,331645.11,treasury_par,0.04
2008-08-20,333043.08,treasury_par,0.04
2008-08-21,331454.33,treasury_par,0.04
2008-08-22,330530.47,treasury_par,0.04
2008-08-25,333335.43,treasury_par,0.04
2008-08-26,333230.74,treasury_par,0.04
2008-08-27,333941.23,treasury_par,0.04
2008-08-28,333098.72,treasury_par,0.04
2008-08-29,331553.39,treasury_par,0.04
2008-09-02,334524.11,treasury_par,0.04
2008-09-03,335859.75,treasury_par,0.04
2008-09-04,338214.48,treasury_par,0.04
2008-09-05,337626.44,treasury_par,0.04
2008-09-08,337655.71,treasury_par,0.04
2008-09-09,339250.04,treasury_par,0.04
2008-09-10,338208.93,treasury_par,0.04
2008-09-11,338660.38,treasury_par,0.04
2008-09-12,334979.88,treasury_par,0.04
2008-09-15,344287.90,treasury_par,0.03
2008-09-16,344150.25,treasury_par,0.03
2008-09-17,346053.97,treasury_par,0.03
2008-09-18,341737.23,treasury_par,0.04
2008-09-19,333287.51,treasury_par,0.04
2008-09-22,331417.87,treasury_par,0.04
2008-09-23,330850.35,treasury_par,0.04
2008-09-24,332529.67,treasury_par,0.04
2008-09-25,330204.81,treasury_par,0.04
2008-09-26,331282.14,treasury_par,0.04
2008-09-29,339696.11,treasury_par,0.04
2008-09-30,331415.47,treasury_par,0.04
2008-10-01,334313.63,treasury_par,0.04
2008-10-02,337857.24,treasury_par,0.04
2008-10-03,338883.14,treasury_par,0.04
2008-10-06,344264.57,treasury_par,0.03
2008-10-07,343636.49,treasury_par,0.04
2008-10-08,336108.12,treasury_par,0.04
2008-10-09,332091.87,treasury_par,0.04
2008-10-10,330764.81,treasury_par,0.04
2008-10-14,324390.46,treasury_par,0.04
2008-10-15,325517.66,treasury_par,0.04
2008-10-16,326863.17,treasury_par,0.04
2008-10-17,326726.56,treasury_par,0.04
2008-10-20,329124.63,treasury_par,0.04
2008-10-21,333981.92,treasury_par,0.04
2008-10-22,337648.08,treasury_par,0.04
2008-10-23,338721.17,treasury_par,0.04
2008-10-24,334490.68,treasury_par,0.04
2008-10-27,333743.96,treasury_par,0.04
2008-10-28,330387.73,treasury_par,0.04
2008-10-29,328618.93,treasury_par,0.04
2008-10-30,326130.66,treasury_par,0.04
2008-10-31,325385.52,treasury_par,0.04
2008-11-03,326896.35,treasury_par,0.04
2008-11-04,332170.64,treasury_par,0.04
2008-11-05,335105.89,treasury_par,0.04
2008-11-06,334252.35,treasury_par,0.04
2008-11-07,331558.01,treasury_par,0.04
2008-11-10,332649.45,treasury_par,0.04
2008-11-12,334866.40,treasury_par,0.04
2008-11-13,331451.94,treasury_par,0.04
2008-11-14,335955.81,treasury_par,0.04
2008-11-17,337054.20,treasury_par,0.04
2008-11-18,341985.93,treasury_par,0.04
2008-11-19,347521.44,treasury_par,0.03
2008-11-20,357819.67,treasury_par,0.03
2008-11-21,354403.64,treasury_par,0.03
2008-11-24,349269.70,treasury_par,0.03
2008-11-25,357534.63,treasury_par,0.03
2008-11-26,361436.70,treasury_par,0.03
2008-11-28,363826.45,treasury_par,0.03
2008-12-01,372058.70,treasury_par,0.03
2008-12-02,373713.11,treasury_par,0.03
2008-12-03,374435.96,treasury_par,0.03
2008-12-04,378958.40,treasury_par,0.03
2008-12-05,374428.47,treasury_par,0.03
2008-12-08,371110.23,treasury_par,0.03
2008-12-09,375315.20,treasury_par,0.03
2008-12-10,374369.46,treasury_par,0.03
2008-12-11,376314.50,treasury_par,0.03
2008-12-12,377262.96,treasury_par,0.03
2008-12-15,380034.58,treasury_par,0.03
2008-12-16,386227.72,treasury_par,0.02
2008-12-17,392498.55,treasury_par,0.02
2008-12-18,397754.21,treasury_par,0.02
2008-12-19,395700.12,treasury_par,0.02
2008-12-22,394416.99,treasury_par,0.02
2008-12-23,393003.95,treasury_par,0.02
2008-12-24,392257.06,treasury_par,0.02
2008-12-26,393750.64,treasury_par,0.02
2008-12-29,394555.82,treasury_par,0.02
2008-12-30,395524.37,treasury_par,0.02
2008-12-31,389608.80,treasury_par,0.02
2009-01-02,381428.28,treasury_par,0.02
2009-01-05,379321.67,treasury_par,0.02
2009-01-06,378483.12,treasury_par,0.03
2009-01-07,378601.84,treasury_par,0.03
2009-01-08,380442.79,treasury_par,0.02
2009-01-09,381997.92,treasury_par,0.02
2009-01-12,385567.50,treasury_par,0.02
2009-01-13,385889.04,treasury_par,0.02
2009-01-14,389980.41,treasury_par,0.02
2009-01-15,390318.82,treasury_par,0.02
2009-01-16,385599.75,treasury_par,0.02
2009-01-20,383736.35,treasury_par,0.02
2009-01-21,376915.70,treasury_par,0.03
2009-01-22,374330.39,treasury_par,0.03
2009-01-23,373079.76,treasury_par,0.03
2009-01-26,371085.16,treasury_par,0.03
2009-01-27,375683.81,treasury_par,0.03
2009-01-28,370610.17,treasury_par,0.03
2009-01-29,364545.61,treasury_par,0.03
2009-01-30,364514.02,treasury_par,0.03
2009-02-02,368835.15,treasury_par,0.03
2009-02-03,363827.07,treasury_par,0.03
2009-02-04,362144.61,treasury_par,0.03
2009-02-05,362304.90,treasury_par,0.03
2009-02-06,358732.64,treasury_par,0.03
2009-02-09,358429.90,treasury_par,0.03
2009-02-10,364812.82,treasury_par,0.03
2009-02-11,368836.97,treasury_par,0.03
2009-02-12,369571.74,treasury_par,0.03
2009-02-13,363520.60,treasury_par,0.03
2009-02-17,372955.10,treasury_par,0.03
2009-02-18,369083.78,treasury_par,0.03
2009-02-19,364494.86,treasury_par,0.03
2009-02-20,367458.23,treasury_par,0.03
2009-02-23,367673.14,treasury_par,0.03
2009-02-24,367121.19,treasury_par,0.03
2009-02-25,361585.32,treasury_par,0.03
2009-02-26,358532.71,treasury_par,0.03
2009-02-27,357267.33,treasury_par,0.03
2009-03-02,361527.86,treasury_par,0.03
2009-03-03,360557.81,treasury_par,0.03
2009-03-04,357792.47,treasury_par,0.03
2009-03-05,364907.62,treasury_par,0.03
2009-03-06,365102.70,treasury_par,0.03
2009-03-09,362658.33,treasury_par,0.03
2009-03-10,358739.84,treasury_par,0.03
2009-03-11,360651.06,treasury_par,0.03
2009-03-12,362974.77,treasury_par,0.03
2009-03-13,362887.41,treasury_par,0.03
2009-03-16,359770.51,treasury_par,0.03
2009-03-17,357539.96,treasury_par,0.03
2009-03-18,376193.27,treasury_par,0.03
2009-03-19,373413.32,treasury_par,0.03
2009-03-20,372107.09,treasury_par,0.03
2009-03-23,370988.63,treasury_par,0.03
2009-03-24,371367.76,treasury_par,0.03
2009-03-25,366275.22,treasury_par,0.03
2009-03-26,368180.32,treasury_par,0.03
2009-03-27,367805.63,treasury_par,0.03
2009-03-30,369490.64,treasury_par,0.03
2009-03-31,370410.82,treasury_par,0.03
2009-04-01,371967.45,treasury_par,0.03
2009-04-02,368364.44,treasury_par,0.03
2009-04-03,362788.69,treasury_par,0.03
2009-04-06,361140.78,treasury_par,0.03
2009-04-07,362104.96,treasury_par,0.03
2009-04-08,364757.26,treasury_par,0.03
2009-04-09,361030.08,treasury_par,0.03
2009-04-13,364139.57,treasury_par,0.03
2009-04-14,367005.39,treasury_par,0.03
2009-04-15,366480.86,treasury_par,0.03
2009-04-16,364569.15,treasury_par,0.03
2009-04-17,360109.62,treasury_par,0.03
2009-04-20,363974.59,treasury_par,0.03
2009-04-21,361591.37,treasury_par,0.03
2009-04-22,359809.15,treasury_par,0.03
2009-04-23,360586.58,treasury_par,0.03
2009-04-24,357728.05,treasury_par,0.03
2009-04-27,360690.21,treasury_par,0.03
2009-04-28,356786.24,treasury_par,0.03
2009-04-29,354089.42,treasury_par,0.03
2009-04-30,352807.59,treasury_par,0.03
2009-05-01,351178.07,treasury_par,0.03
2009-05-04,352039.08,treasury_par,0.03
2009-05-05,351852.31,treasury_par,0.03
2009-05-06,352216.26,treasury_par,0.03
2009-05-07,347889.38,treasury_par,0.03
2009-05-08,348082.80,treasury_par,0.03
2009-05-11,352327.40,treasury_par,0.03
2009-05-12,352488.58,treasury_par,0.03
2009-05-13,354786.24,treasury_par,0.03
2009-05-14,355177.16,treasury_par,0.03
2009-05-15,353788.82,treasury_par,0.03
2009-05-18,350700.89,treasury_par,0.03
2009-05-19,349560.33,treasury_par,0.03
2009-05-20,351829.56,treasury_par,0.03
2009-05-21,345931.14,treasury_par,0.03
2009-05-22,342303.21,treasury_par,0.03
2009-05-26,340180.52,treasury_par,0.04
2009-05-27,333150.61,treasury_par,0.04
2009-05-28,334554.77,treasury_par,0.04
2009-05-29,341426.59,treasury_par,0.03
2009-06-01,332993.70,treasury_par,0.04
2009-06-02,334854.74,treasury_par,0.04
2009-06-03,337993.44,treasury_par,0.04
2009-06-04,332444.78,treasury_par,0.04
2009-06-05,328437.87,treasury_par,0.04
2009-06-08,326471.13,treasury_par,0.04
2009-06-09,328063.36,treasury_par,0.04
2009-06-10,324260.99,treasury_par,0.04
2009-06-11,327612.18,treasury_par,0.04
2009-06-12,329579.62,treasury_par,0.04
2009-06-15,331420.03,treasury_par,0.04
2009-06-16,334669.80,treasury_par,0.04
2009-06-17,334350.38,treasury_par,0.04
2009-06-18,328243.18,treasury_par,0.04
2009-06-19,330728.23,treasury_par,0.04
2009-06-22,333386.43,treasury_par,0.04
2009-06-23,335996.89,treasury_par,0.04
2009-06-24,333444.49,treasury_par,0.04
2009-06-25,339119.31,treasury_par,0.04
2009-06-26,340250.68,treasury_par,0.04
2009-06-29,340411.01,treasury_par,0.04
2009-06-30,339826.29,treasury_par,0.04
2009-07-01,339076.88,treasury_par,0.04
2009-07-02,340605.10,treasury_par,0.04
2009-07-06,340376.18,treasury_par,0.04
2009-07-07,342116.72,treasury_par,0.03
2009-07-08,347344.20,treasury_par,0.03
2009-07-09,343100.11,treasury_par,0.03
2009-07-10,347380.54,treasury_par,0.03
2009-07-13,345281.59,treasury_par,0.03
2009-07-14,340772.41,treasury_par,0.04
2009-07-15,336203.30,treasury_par,0.04
2009-07-16,337648.35,treasury_par,0.04
2009-07-17,334759.58,treasury_par,0.04
2009-07-20,336969.77,treasury_par,0.04
2009-07-21,340881.01,treasury_par,0.04
2009-07-22,338038.97,treasury_par,0.04
2009-07-23,332960.04,treasury_par,0.04
2009-07-24,333708.84,treasury_par,0.04
2009-07-27,331725.71,treasury_par,0.04
2009-07-28,332965.92,treasury_par,0.04
2009-07-29,334048.46,treasury_par,0.04
2009-07-30,334901.68,treasury_par,0.04
2009-07-31,340413.47,treasury_par,0.04
2009-08-03,335495.28,treasury_par,0.04
2009-08-04,334184.90,treasury_par,0.04
2009-08-05,330723.19,treasury_par,0.04
2009-08-06,331229.83,treasury_par,0.04
2009-08-07,327867.29,treasury_par,0.04
2009-08-10,331130.93,treasury_par,0.04
2009-08-11,334303.26,treasury_par,0.04
2009-08-12,333167.43,treasury_par,0.04
2009-08-13,337723.13,treasury_par,0.04
2009-08-14,339194.70,treasury_par,0.04
2009-08-17,341781.32,treasury_par,0.03
2009-08-18,340638.05,treasury_par,0.04
2009-08-19,342812.12,treasury_par,0.03
2009-08-20,343982.45,treasury_par,0.03
2009-08-21,338862.27,treasury_par,0.04
2009-08-24,341892.59,treasury_par,0.03
2009-08-25,343163.88,treasury_par,0.03
2009-08-26,343621.82,treasury_par,0.03
2009-08-27,342429.47,treasury_par,0.03
2009-08-28,342970.13,treasury_par,0.03
2009-08-31,344907.42,treasury_par,0.03
2009-09-01,345564.42,treasury_par,0.03
2009-09-02,348927.97,treasury_par,0.03
2009-09-03,347363.45,treasury_par,0.03
2009-09-04,342966.21,treasury_par,0.03
2009-09-08,342280.24,treasury_par,0.03
2009-09-09,341818.76,treasury_par,0.03
2009-09-10,346494.16,treasury_par,0.03
2009-09-11,347164.40,treasury_par,0.03
2009-09-14,344368.61,treasury_par,0.03
2009-09-15,342470.42,treasury_par,0.03
2009-09-16,341975.18,treasury_par,0.03
2009-09-17,344395.71,treasury_par,0.03
2009-09-18,341871.96,treasury_par,0.03
2009-09-21,341919.28,treasury_par,0.03
2009-09-22,342880.08,treasury_par,0.03
2009-09-23,343528.84,treasury_par,0.03
2009-09-24,344862.23,treasury_par,0.03
2009-09-25,347176.05,treasury_par,0.03
2009-09-28,348453.40,treasury_par,0.03
2009-09-29,348528.70,treasury_par,0.03
2009-09-30,348554.65,treasury_par,0.03
2009-10-01,352077.73,treasury_par,0.03
2009-10-02,351075.61,treasury_par,0.03
2009-10-05,351136.33,treasury_par,0.03
2009-10-06,349874.57,treasury_par,0.03
2009-10-07,352296.19,treasury_par,0.03
2009-10-08,349808.67,treasury_par,0.03
2009-10-09,344722.70,treasury_par,0.03
2009-10-13,347017.36,treasury_par,0.03
2009-10-14,342866.06,treasury_par,0.03
2009-10-15,341487.74,treasury_par,0.03
2009-10-16,343793.54,treasury_par,0.03
2009-10-19,344575.20,treasury_par,0.03
2009-10-20,346629.78,treasury_par,0.03
2009-10-21,344092.61,treasury_par,0.03
2009-10-22,343329.27,treasury_par,0.03
2009-10-23,340965.13,treasury_par,0.04
2009-10-26,338114.41,treasury_par,0.04
2009-10-27,341746.24,treasury_par,0.03
2009-10-28,343425.20,treasury_par,0.03
2009-10-29,340010.29,treasury_par,0.04
2009-10-30,344498.50,treasury_par,0.03
2009-11-02,343221.18,treasury_par,0.03
2009-11-03,341213.85,treasury_par,0.04
2009-11-04,338799.41,treasury_par,0.04
2009-11-05,338957.71,treasury_par,0.04
2009-11-06,339920.94,treasury_par,0.04
2009-11-09,340526.61,treasury_par,0.04
2009-11-10,340812.23,treasury_par,0.04
2009-11-12,342358.44,treasury_par,0.03
2009-11-13,343193.73,treasury_par,0.03
2009-11-16,346973.23,treasury_par,0.03
2009-11-17,347055.89,treasury_par,0.03
2009-11-18,345831.49,treasury_par,0.03
2009-11-19,346316.42,treasury_par,0.03
2009-11-20,345890.95,treasury_par,0.03
2009-11-23,345685.21,treasury_par,0.03
2009-11-24,347621.11,treasury_par,0.03
2009-11-25,349139.54,treasury_par,0.03
2009-11-27,351575.00,treasury_par,0.03
2009-11-30,351679.78,treasury_par,0.03
2009-12-01,349146.95,treasury_par,0.03
2009-12-02,347883.63,treasury_par,0.03
2009-12-03,345114.30,treasury_par,0.03
2009-12-04,341879.91,treasury_par,0.03
2009-12-07,343193.40,treasury_par,0.03
2009-12-08,344515.84,treasury_par,0.03
2009-12-09,342951.01,treasury_par,0.03
2009-12-10,341203.54,treasury_par,0.03
2009-12-11,339288.24,treasury_par,0.04
2009-12-14,338990.81,treasury_par,0.04
2009-12-15,337628.45,treasury_par,0.04
2009-12-16,337314.08,treasury_par,0.04
2009-12-17,341349.72,treasury_par,0.04
2009-12-18,339426.58,treasury_par,0.04
2009-12-21,334623.82,treasury_par,0.04
2009-12-22,332359.86,treasury_par,0.04
2009-12-23,331886.15,treasury_par,0.04
2009-12-24,329999.97,treasury_par,0.04
2009-12-28,329226.40,treasury_par,0.04
2009-12-29,330277.64,treasury_par,0.04
2009-12-30,330903.14,treasury_par,0.04
2009-12-31,329251.90,treasury_par,0.04
2010-01-04,329213.72,treasury_par,0.04
2010-01-05,331835.63,treasury_par,0.04
2010-01-06,329067.69,treasury_par,0.04
2010-01-07,329171.33,treasury_par,0.04
2010-01-08,329735.50,treasury_par,0.04
2010-01-11,328982.38,treasury_par,0.04
2010-01-12,332924.93,treasury_par,0.04
2010-01-13,330646.87,treasury_par,0.04
2010-01-14,332416.90,treasury_par,0.04
2010-01-15,334383.23,treasury_par,0.04
2010-01-19,333492.80,treasury_par,0.04
2010-01-20,335316.37,treasury_par,0.04
2010-01-21,337441.24,treasury_par,0.04
2010-01-22,337416.40,treasury_par,0.04
2010-01-25,336019.68,treasury_par,0.04
2010-01-26,336230.95,treasury_par,0.04
2010-01-27,335964.27,treasury_par,0.04
2010-01-28,335261.67,treasury_par,0.04
2010-01-29,337231.08,treasury_par,0.04
2010-02-01,335494.47,treasury_par,0.04
2010-02-02,335859.96,treasury_par,0.04
2010-02-03,333676.08,treasury_par,0.04
2010-02-04,337461.60,treasury_par,0.04
2010-02-05,338692.67,treasury_par,0.04
2010-02-08,337687.68,treasury_par,0.04
2010-02-09,335839.24,treasury_par,0.04
2010-02-10,333873.33,treasury_par,0.04
2010-02-11,333341.61,treasury_par,0.04
2010-02-12,334579.90,treasury_par,0.04
2010-02-16,335655.03,treasury_par,0.04
2010-02-17,332877.03,treasury_par,0.04
2010-02-18,330998.38,treasury_par,0.04
2010-02-19,331451.93,treasury_par,0.04
2010-02-22,330747.33,treasury_par,0.04
2010-02-23,334741.80,treasury_par,0.04
2010-02-24,334457.70,treasury_par,0.04
2010-02-25,336464.56,treasury_par,0.04
2010-02-26,337689.46,treasury_par,0.04
2010-03-01,337649.80,treasury_par,0.04
2010-03-02,337332.24,treasury_par,0.04
2010-03-03,337036.95,treasury_par,0.04
2010-03-04,337837.92,treasury_par,0.04
2010-03-05,334937.63,treasury_par,0.04
2010-03-08,333839.81,treasury_par,0.04
2010-03-09,334097.04,treasury_par,0.04
2010-03-10,333499.58,treasury_par,0.04
2010-03-11,333598.25,treasury_par,0.04
2010-03-12,334428.72,treasury_par,0.04
2010-03-15,334338.11,treasury_par,0.04
2010-03-16,336140.94,treasury_par,0.04
2010-03-17,336535.44,treasury_par,0.04
2010-03-18,335508.63,treasury_par,0.04
2010-03-19,335141.85,treasury_par,0.04
2010-03-22,336034.42,treasury_par,0.04
2010-03-23,335370.71,treasury_par,0.04
2010-03-24,330216.28,treasury_par,0.04
2010-03-25,327608.75,treasury_par,0.04
2010-03-26,329239.06,treasury_par,0.04
2010-03-29,328663.37,treasury_par,0.04
2010-03-30,328828.65,treasury_par,0.04
2010-03-31,330209.15,treasury_par,0.04
2010-04-01,328661.70,treasury_par,0.04
2010-04-02,326186.53,treasury_par,0.04
2010-04-05,324520.20,treasury_par,0.04
2010-04-06,325446.79,treasury_par,0.04
2010-04-07,328641.70,treasury_par,0.04
2010-04-08,327891.18,treasury_par,0.04
2010-04-09,328386.49,treasury_par,0.04
2010-04-12,329625.09,treasury_par,0.04
2010-04-13,330565.54,treasury_par,0.04
2010-04-14,329050.28,treasury_par,0.04
2010-04-15,329708.98,treasury_par,0.04
2010-04-16,332144.94,treasury_par,0.04
2010-04-19,330677.87,treasury_par,0.04
2010-04-20,331175.21,treasury_par,0.04
2010-04-21,333043.59,treasury_par,0.04
2010-04-22,331828.65,treasury_par,0.04
2010-04-23,330507.43,treasury_par,0.04
2010-04-26,330916.03,treasury_par,0.04
2010-04-27,335105.27,treasury_par,0.04
2010-04-28,332040.65,treasury_par,0.04
2010-04-29,333538.45,treasury_par,0.04
2010-04-30,335946.88,treasury_par,0.04
2010-05-03,335000.51,treasury_par,0.04
2010-05-04,338312.15,treasury_par,0.04
2010-05-05,340123.92,treasury_par,0.04
2010-05-06,346560.19,treasury_par,0.03
2010-05-07,344791.26,treasury_par,0.03
2010-05-10,340446.71,treasury_par,0.04
2010-05-11,340629.02,treasury_par,0.04
2010-05-12,340020.88,treasury_par,0.04
2010-05-13,340646.13,treasury_par,0.04
2010-05-14,344818.92,treasury_par,0.03
2010-05-17,343636.91,treasury_par,0.03
2010-05-18,346893.19,treasury_par,0.03
2010-05-19,347474.96,treasury_par,0.03
2010-05-20,351601.27,treasury_par,0.03
2010-05-21,353447.74,treasury_par,0.03
2010-05-24,352210.67,treasury_par,0.03
2010-05-25,354200.98,treasury_par,0.03
2010-05-26,352972.69,treasury_par,0.03
2010-05-27,348005.66,treasury_par,0.03
2010-05-28,349233.93,treasury_par,0.03
2010-06-01,349937.95,treasury_par,0.03
2010-06-02,347724.18,treasury_par,0.03
2010-06-03,346284.33,treasury_par,0.03
2010-06-04,353216.85,treasury_par,0.03
2010-06-07,354291.99,treasury_par,0.03
2010-06-08,354097.14,treasury_par,0.03
2010-06-09,353377.88,treasury_par,0.03
2010-06-10,348509.13,treasury_par,0.03
2010-06-11,351940.61,treasury_par,0.03
2010-06-14,350288.91,treasury_par,0.03
2010-06-15,348794.62,treasury_par,0.03
2010-06-16,350677.62,treasury_par,0.03
2010-06-17,352851.60,treasury_par,0.03
2010-06-18,351806.92,treasury_par,0.03
2010-06-21,351048.62,treasury_par,0.03
2010-06-22,353983.25,treasury_par,0.03
2010-06-23,355937.79,treasury_par,0.03
2010-06-24,355296.52,treasury_par,0.03
2010-06-25,356046.16,treasury_par,0.03
2010-06-28,358797.77,treasury_par,0.03
2010-06-29,361602.72,treasury_par,0.03
2010-06-30,361842.86,treasury_par,0.03
2010-07-01,362284.90,treasury_par,0.03
2010-07-02,360629.67,treasury_par,0.03
2010-07-06,362716.65,treasury_par,0.03
2010-07-07,360592.81,treasury_par,0.03
2010-07-08,359177.93,treasury_par,0.03
2010-07-09,357873.05,treasury_par,0.03
2010-07-12,357635.78,treasury_par,0.03
2010-07-13,355096.33,treasury_par,0.03
2010-07-14,358137.92,treasury_par,0.03
2010-07-15,360780.96,treasury_par,0.03
2010-07-16,362375.51,treasury_par,0.03
2010-07-19,361117.77,treasury_par,0.03
2010-07-20,361419.22,treasury_par,0.03
2010-07-21,364652.64,treasury_par,0.03
2010-07-22,362211.63,treasury_par,0.03
2010-07-23,359933.15,treasury_par,0.03
2010-07-26,359502.67,treasury_par,0.03
2010-07-27,357444.78,treasury_par,0.03
2010-07-28,359281.59,treasury_par,0.03
2010-07-29,359454.32,treasury_par,0.03
2010-07-30,363254.64,treasury_par,0.03
2010-08-02,361037.37,treasury_par,0.03
2010-08-03,363084.44,treasury_par,0.03
2010-08-04,361502.22,treasury_par,0.03
2010-08-05,363023.06,treasury_par,0.03
2010-08-06,366018.81,treasury_par,0.03
2010-08-09,365872.11,treasury_par,0.03
2010-08-10,368303.90,treasury_par,0.03
2010-08-11,371135.48,treasury_par,0.03
2010-08-12,370364.76,treasury_par,0.03
2010-08-13,372730.21,treasury_par,0.03
2010-08-16,376903.85,treasury_par,0.03
2010-08-17,374562.54,treasury_par,0.03
2010-08-18,374811.18,treasury_par,0.03
2010-08-19,377188.27,treasury_par,0.03
2010-08-20,375767.72,treasury_par,0.03
2010-08-23,376556.09,treasury_par,0.03
2010-08-24,380480.83,treasury_par,0.03
2010-08-25,378885.71,treasury_par,0.03
2010-08-26,380629.21,treasury_par,0.03
2010-08-27,374409.24,treasury_par,0.03
2010-08-30,379094.90,treasury_par,0.03
2010-08-31,381887.99,treasury_par,0.02
2010-09-01,377370.49,treasury_par,0.03
2010-09-02,375320.69,treasury_par,0.03
2010-09-03,371862.55,treasury_par,0.03
2010-09-07,376313.65,treasury_par,0.03
2010-09-08,374299.96,treasury_par,0.03
2010-09-09,369824.69,treasury_par,0.03
2010-09-10,368234.16,treasury_par,0.03
2010-09-13,371045.07,treasury_par,0.03
2010-09-14,373265.86,treasury_par,0.03
2010-09-15,370892.73,treasury_par,0.03
2010-09-16,369356.60,treasury_par,0.03
2010-09-17,370130.75,treasury_par,0.03
2010-09-20,371393.46,treasury_par,0.03
2010-09-21,375559.35,treasury_par,0.03
2010-09-22,377549.38,treasury_par,0.03
2010-09-23,377544.35,treasury_par,0.03
2010-09-24,375088.48,treasury_par,0.03
2010-09-27,378584.71,treasury_par,0.03
2010-09-28,381015.22,treasury_par,0.02
2010-09-29,379348.15,treasury_par,0.03
2010-09-30,379076.94,treasury_par,0.03
2010-10-01,378712.46,treasury_par,0.03
2010-10-04,380088.27,treasury_par,0.03
2010-10-05,380111.28,treasury_par,0.03
2010-10-06,383429.01,treasury_par,0.02
2010-10-07,383129.19,treasury_par,0.02
2010-10-08,383113.89,treasury_par,0.02
2010-10-12,381787.98,treasury_par,0.02
2010-10-13,380918.21,treasury_par,0.02
2010-10-14,378458.67,treasury_par,0.03
2010-10-15,375636.61,treasury_par,0.03
2010-10-18,378316.38,treasury_par,0.03
2010-10-19,379311.59,treasury_par,0.03
2010-10-20,379042.72,treasury_par,0.03
2010-10-21,376581.17,treasury_par,0.03
2010-10-22,375873.19,treasury_par,0.03
2010-10-25,376072.64,treasury_par,0.03
2010-10-26,372597.49,treasury_par,0.03
2010-10-27,369563.83,treasury_par,0.03
2010-10-28,371801.50,treasury_par,0.03
2010-10-29,374343.84,treasury_par,0.03
2010-11-01,373342.53,treasury_par,0.03
2010-11-02,375006.69,treasury_par,0.03
2010-11-03,373000.87,treasury_par,0.03
2010-11-04,378130.52,treasury_par,0.03
2010-11-05,376006.44,treasury_par,0.03
2010-11-08,375389.01,treasury_par,0.03
2010-11-09,370400.04,treasury_par,0.03
2010-11-10,372604.95,treasury_par,0.03
2010-11-12,368548.64,treasury_par,0.03
2010-11-15,362349.14,treasury_par,0.03
2010-11-16,365180.36,treasury_par,0.03
2010-11-17,363560.95,treasury_par,0.03
2010-11-18,363056.95,treasury_par,0.03
2010-11-19,363890.82,treasury_par,0.03
2010-11-22,366931.43,treasury_par,0.03
2010-11-23,368108.29,treasury_par,0.03
2010-11-24,362002.20,treasury_par,0.03
2010-11-26,364325.99,treasury_par,0.03
2010-11-29,365619.05,treasury_par,0.03
2010-11-30,366770.96,treasury_par,0.03
2010-12-01,360540.53,treasury_par,0.03
2010-12-02,359158.65,treasury_par,0.03
2010-12-03,358350.29,treasury_par,0.03
2010-12-06,361480.18,treasury_par,0.03
2010-12-07,353721.83,treasury_par,0.03
2010-12-08,349919.46,treasury_par,0.03
2010-12-09,350894.44,treasury_par,0.03
2010-12-10,347965.59,treasury_par,0.03
2010-12-13,349334.23,treasury_par,0.03
2010-12-14,342099.96,treasury_par,0.03
2010-12-15,340545.86,treasury_par,0.04
2010-12-16,342740.61,treasury_par,0.03
2010-12-17,347759.31,treasury_par,0.03
2010-12-20,346720.51,treasury_par,0.03
2010-12-21,347026.62,treasury_par,0.03
2010-12-22,346468.80,treasury_par,0.03
2010-12-23,344726.09,treasury_par,0.03
2010-12-27,346652.66,treasury_par,0.03
2010-12-28,341592.31,treasury_par,0.04
2010-12-29,346967.32,treasury_par,0.03
2010-12-30,346057.44,treasury_par,0.03
2010-12-31,348855.64,treasury_par,0.03
2011-01-03,346853.64,treasury_par,0.03
2011-01-04,346741.78,treasury_par,0.03
2011-01-05,341671.72,treasury_par,0.04
2011-01-06,343628.22,treasury_par,0.03
2011-01-07,347046.51,treasury_par,0.03
2011-01-10,347906.83,treasury_par,0.03
2011-01-11,346205.10,treasury_par,0.03
2011-01-12,345277.29,treasury_par,0.03
2011-01-13,347356.92,treasury_par,0.03
2011-01-14,346815.48,treasury_par,0.03
2011-01-18,345304.31,treasury_par,0.03
2011-01-19,346149.23,treasury_par,0.03
2011-01-20,342421.50,treasury_par,0.03
2011-01-21,343588.81,treasury_par,0.03
2011-01-24,344051.86,treasury_par,0.03
2011-01-25,347027.78,treasury_par,0.03
2011-01-26,343332.04,treasury_par,0.03
2011-01-27,344289.71,treasury_par,0.03
2011-01-28,346617.06,treasury_par,0.03
2011-01-31,344356.38,treasury_par,0.03
2011-02-01,342195.30,treasury_par,0.03
2011-02-02,340879.51,treasury_par,0.04
2011-02-03,338755.55,treasury_par,0.04
2011-02-04,335355.42,treasury_par,0.04
2011-02-07,335342.69,treasury_par,0.04
2011-02-08,332863.90,treasury_par,0.04
2011-02-09,336042.48,treasury_par,0.04
2011-02-10,334192.16,treasury_par,0.04
2011-02-11,336330.66,treasury_par,0.04
2011-02-14,337098.35,treasury_par,0.04
2011-02-15,337441.90,treasury_par,0.04
2011-02-16,337087.12,treasury_par,0.04
2011-02-17,338386.01,treasury_par,0.04
2011-02-18,337984.87,treasury_par,0.04
2011-02-22,342624.96,treasury_par,0.03
2011-02-23,341790.94,treasury_par,0.03
2011-02-24,343001.19,treasury_par,0.03
2011-02-25,344341.31,treasury_par,0.03
2011-02-28,344506.93,treasury_par,0.03
2011-03-01,344853.05,treasury_par,0.03
2011-03-02,342927.61,treasury_par,0.03
2011-03-03,338640.42,treasury_par,0.04
2011-03-04,341796.51,treasury_par,0.03
2011-03-07,341069.84,treasury_par,0.04
2011-03-08,339377.60,treasury_par,0.04
2011-03-09,342079.94,treasury_par,0.03
2011-03-10,346117.55,treasury_par,0.03
2011-03-11,344955.32,treasury_par,0.03
2011-03-14,346543.26,treasury_par,0.03
2011-03-15,347713.39,treasury_par,0.03
2011-03-16,351807.60,treasury_par,0.03
2011-03-17,350610.28,treasury_par,0.03
2011-03-18,349444.22,treasury_par,0.03
2011-03-21,347353.47,treasury_par,0.03
2011-03-22,347390.87,treasury_par,0.03
2011-03-23,346710.35,treasury_par,0.03
2011-03-24,344523.20,treasury_par,0.03
2011-03-25,343118.15,treasury_par,0.03
2011-03-28,342792.50,treasury_par,0.03
2011-03-29,341688.64,treasury_par,0.04
2011-03-30,342821.73,treasury_par,0.03
2011-03-31,342648.39,treasury_par,0.03
2011-04-01,343051.64,treasury_par,0.03
2011-04-04,343465.39,treasury_par,0.03
2011-04-05,341731.83,treasury_par,0.04
2011-04-06,339507.63,treasury_par,0.04
2011-04-07,338734.43,treasury_par,0.04
2011-04-08,338413.21,treasury_par,0.04
2011-04-11,338404.25,treasury_par,0.04
2011-04-12,341040.64,treasury_par,0.04
2011-04-13,342055.80,treasury_par,0.03
2011-04-14,341571.56,treasury_par,0.04
2011-04-15,344351.69,treasury_par,0.03
2011-04-18,345493.48,treasury_par,0.03
2011-04-19,345943.39,treasury_par,0.03
2011-04-20,344408.50,treasury_par,0.03
2011-04-21,344753.37,treasury_par,0.03
2011-04-25,345777.11,treasury_par,0.03
2011-04-26,347714.73,treasury_par,0.03
2011-04-27,345946.60,treasury_par,0.03
2011-04-28,347625.98,treasury_par,0.03
2011-04-29,348512.68,treasury_par,0.03
2011-05-02,348830.06,treasury_par,0.03
2011-05-03,349908.60,treasury_par,0.03
2011-05-04,351044.14,treasury_par,0.03
2011-05-05,353791.27,treasury_par,0.03
2011-05-06,353292.03,treasury_par,0.03
2011-05-09,353945.95,treasury_par,0.03
2011-05-10,351869.07,treasury_par,0.03
2011-05-11,353269.69,treasury_par,0.03
2011-05-12,352131.65,treasury_par,0.03
2011-05-13,353595.33,treasury_par,0.03
2011-05-16,354808.76,treasury_par,0.03
2011-05-17,356128.79,treasury_par,0.03
2011-05-18,353853.88,treasury_par,0.03
2011-05-19,353983.71,treasury_par,0.03
2011-05-20,354722.57,treasury_par,0.03
2011-05-23,355639.83,treasury_par,0.03
2011-05-24,355966.03,treasury_par,0.03
2011-05-25,355461.62,treasury_par,0.03
2011-05-26,357800.72,treasury_par,0.03
2011-05-27,357769.45,treasury_par,0.03
2011-05-31,358615.98,treasury_par,0.03
2011-06-01,362033.73,treasury_par,0.03
2011-06-02,358963.53,treasury_par,0.03
2011-06-03,360710.91,treasury_par,0.03
2011-06-06,359987.18,treasury_par,0.03
2011-06-07,359809.44,treasury_par,0.03
2011-06-08,361341.18,treasury_par,0.03
2011-06-09,360001.84,treasury_par,0.03
2011-06-10,360940.93,treasury_par,0.03
2011-06-13,360400.56,treasury_par,0.03
2011-06-14,356155.25,treasury_par,0.03
2011-06-15,361122.50,treasury_par,0.03
2011-06-16,363030.45,treasury_par,0.03
2011-06-17,362548.21,treasury_par,0.03
2011-06-20,361599.69,treasury_par,0.03
2011-06-21,360737.22,treasury_par,0.03
2011-06-22,360024.77,treasury_par,0.03
2011-06-23,363184.00,treasury_par,0.03
2011-06-24,364871.34,treasury_par,0.03
2011-06-27,361875.23,treasury_par,0.03
2011-06-28,358020.62,treasury_par,0.03
2011-06-29,354578.18,treasury_par,0.03
2011-06-30,353162.05,treasury_par,0.03
2011-07-01,351744.58,treasury_par,0.03
2011-07-05,353866.84,treasury_par,0.03
2011-07-06,355465.47,treasury_par,0.03
2011-07-07,353634.39,treasury_par,0.03
2011-07-08,358853.53,treasury_par,0.03
2011-07-11,362420.04,treasury_par,0.03
2011-07-12,363207.59,treasury_par,0.03
2011-07-13,363417.39,treasury_par,0.03
2011-07-14,360983.51,treasury_par,0.03
2011-07-15,362264.46,treasury_par,0.03
2011-07-18,362076.10,treasury_par,0.03
2011-07-19,363655.22,treasury_par,0.03
2011-07-20,361601.21,treasury_par,0.03
2011-07-21,358896.96,treasury_par,0.03
2011-07-22,360534.78,treasury_par,0.03
2011-07-25,358967.44,treasury_par,0.03
2011-07-26,360520.60,treasury_par,0.03
2011-07-27,359789.04,treasury_par,0.03
2011-07-28,360797.91,treasury_par,0.03
2011-07-29,367133.66,treasury_par,0.03
2011-08-01,369080.04,treasury_par,0.03
2011-08-02,373662.10,treasury_par,0.03
2011-08-03,374517.61,treasury_par,0.03
2011-08-04,381468.69,treasury_par,0.02
2011-08-05,376729.11,treasury_par,0.03
2011-08-08,384008.41,treasury_par,0.02
2011-08-09,391977.35,treasury_par,0.02
2011-08-10,393638.89,treasury_par,0.02
2011-08-11,385936.83,treasury_par,0.02
2011-08-12,390070.37,treasury_par,0.02
2011-08-15,388039.16,treasury_par,0.02
2011-08-16,390571.44,treasury_par,0.02
2011-08-17,393387.29,treasury_par,0.02
2011-08-18,397211.37,treasury_par,0.02
2011-08-19,397935.83,treasury_par,0.02
2011-08-22,396582.76,treasury_par,0.02
2011-08-23,394509.02,treasury_par,0.02
2011-08-24,388456.58,treasury_par,0.02
2011-08-25,390908.92,treasury_par,0.02
2011-08-26,392660.01,treasury_par,0.02
2011-08-29,388929.69,treasury_par,0.02
2011-08-30,392751.08,treasury_par,0.02
2011-08-31,390784.31,treasury_par,0.02
2011-09-01,394199.29,treasury_par,0.02
2011-09-02,399866.50,treasury_par,0.02
2011-09-06,401557.52,treasury_par,0.02
2011-09-07,398406.95,treasury_par,0.02
2011-09-08,400398.07,treasury_par,0.02
2011-09-09,403343.44,treasury_par,0.02
2011-09-12,402964.95,treasury_par,0.02
2011-09-13,400331.50,treasury_par,0.02
2011-09-14,399305.09,treasury_par,0.02
2011-09-15,396818.25,treasury_par,0.02
2011-09-16,397233.68,treasury_par,0.02
2011-09-19,401991.03,treasury_par,0.02
2011-09-20,402789.97,treasury_par,0.02
2011-09-21,406106.77,treasury_par,0.02
2011-09-22,413312.34,treasury_par,0.02
2011-09-23,408181.56,treasury_par,0.02
2011-09-26,404931.23,treasury_par,0.02
2011-09-27,401019.15,treasury_par,0.02
2011-09-28,399872.62,treasury_par,0.02
2011-09-29,401636.96,treasury_par,0.02
2011-09-30,404791.32,treasury_par,0.02
2011-10-03,410175.91,treasury_par,0.02
2011-10-04,409560.75,treasury_par,0.02
2011-10-05,405015.96,treasury_par,0.02
2011-10-06,401276.10,treasury_par,0.02
2011-10-07,397600.84,treasury_par,0.02
2011-10-11,394185.84,treasury_par,0.02
2011-10-12,391687.95,treasury_par,0.02
2011-10-13,393714.53,treasury_par,0.02
2011-10-14,390965.74,treasury_par,0.02
2011-10-17,394295.07,treasury_par,0.02
2011-10-18,393832.17,treasury_par,0.02
2011-10-19,394328.16,treasury_par,0.02
2011-10-20,393475.32,treasury_par,0.02
2011-10-21,392008.82,treasury_par,0.02
2011-10-24,391022.75,treasury_par,0.02
2011-10-25,395880.64,treasury_par,0.02
2011-10-26,392141.04,treasury_par,0.02
2011-10-27,384119.89,treasury_par,0.02
2011-10-28,387604.49,treasury_par,0.02
2011-10-31,394960.33,treasury_par,0.02
2011-11-01,401605.14,treasury_par,0.02
2011-11-02,400960.24,treasury_par,0.02
2011-11-03,398350.10,treasury_par,0.02
2011-11-04,399543.70,treasury_par,0.02
2011-11-07,400521.54,treasury_par,0.02
2011-11-08,397847.33,treasury_par,0.02
2011-11-09,402165.65,treasury_par,0.02
2011-11-10,400164.71,treasury_par,0.02
2011-11-14,400366.76,treasury_par,0.02
2011-11-15,399509.86,treasury_par,0.02
2011-11-16,401689.67,treasury_par,0.02
2011-11-17,403895.70,treasury_par,0.02
2011-11-18,401768.40,treasury_par,0.02
2011-11-21,403416.53,treasury_par,0.02
2011-11-22,404897.40,treasury_par,0.02
2011-11-23,407194.96,treasury_par,0.02
2011-11-25,403691.97,treasury_par,0.02
2011-11-28,403669.80,treasury_par,0.02
2011-11-29,402299.99,treasury_par,0.02
2011-11-30,398794.08,treasury_par,0.02
2011-12-01,397401.17,treasury_par,0.02
2011-12-02,400159.42,treasury_par,0.02
2011-12-05,400519.12,treasury_par,0.02
2011-12-06,399147.02,treasury_par,0.02
2011-12-07,401170.63,treasury_par,0.02
2011-12-08,402705.24,treasury_par,0.02
2011-12-09,399241.14,treasury_par,0.02
2011-12-12,400893.15,treasury_par,0.02
2011-12-13,403957.41,treasury_par,0.02
2011-12-14,405824.17,treasury_par,0.02
2011-12-15,405737.40,treasury_par,0.02
2011-12-16,408361.59,treasury_par,0.02
2011-12-19,410148.52,treasury_par,0.02
2011-12-20,405034.15,treasury_par,0.02
2011-12-21,403041.38,treasury_par,0.02
2011-12-22,403384.35,treasury_par,0.02
2011-12-23,400791.76,treasury_par,0.02
2011-12-27,401157.11,treasury_par,0.02
2011-12-28,405342.84,treasury_par,0.02
2011-12-29,406201.66,treasury_par,0.02
2011-12-30,407050.49,treasury_par,0.02
2012-01-03,403533.65,treasury_par,0.02
2012-01-04,402216.17,treasury_par,0.02
2012-01-05,401415.19,treasury_par,0.02
2012-01-06,403072.90,treasury_par,0.02
2012-01-09,403142.72,treasury_par,0.02
2012-01-10,402359.25,treasury_par,0.02
2012-01-11,405486.89,treasury_par,0.02
2012-01-12,404805.80,treasury_par,0.02
2012-01-13,407088.87,treasury_par,0.02
2012-01-17,407884.03,treasury_par,0.02
2012-01-18,405759.92,treasury_par,0.02
2012-01-19,401850.63,treasury_par,0.02
2012-01-20,399938.75,treasury_par,0.02
2012-01-23,398222.35,treasury_par,0.02
2012-01-24,398631.34,treasury_par,0.02
2012-01-25,401528.75,treasury_par,0.02
2012-01-26,403675.12,treasury_par,0.02
2012-01-27,404989.45,treasury_par,0.02
2012-01-30,407552.68,treasury_par,0.02
2012-01-31,409327.59,treasury_par,0.02
2012-02-01,407467.18,treasury_par,0.02
2012-02-02,407983.52,treasury_par,0.02
2012-02-03,403157.52,treasury_par,0.02
2012-02-06,404916.61,treasury_par,0.02
2012-02-07,401875.35,treasury_par,0.02
2012-02-08,401613.00,treasury_par,0.02
2012-02-09,400062.39,treasury_par,0.02
2012-02-10,403450.99,treasury_par,0.02
2012-02-13,402085.53,treasury_par,0.02
2012-02-14,405152.59,treasury_par,0.02
2012-02-15,404691.06,treasury_par,0.02
2012-02-16,402013.90,treasury_par,0.02
2012-02-17,401149.23,treasury_par,0.02
2012-02-21,399426.49,treasury_par,0.02
2012-02-22,401385.24,treasury_par,0.02
2012-02-23,402181.91,treasury_par,0.02
2012-02-24,402555.97,treasury_par,0.02
2012-02-27,405158.58,treasury_par,0.02
2012-02-28,404369.79,treasury_par,0.02
2012-02-29,402892.31,treasury_par,0.02
2012-03-01,400547.03,treasury_par,0.02
2012-03-02,402330.88,treasury_par,0.02
2012-03-05,401828.02,treasury_par,0.02
2012-03-06,403722.69,treasury_par,0.02
2012-03-07,402766.73,treasury_par,0.02
2012-03-08,400588.89,treasury_par,0.02
2012-03-09,400093.13,treasury_par,0.02
2012-03-12,400181.03,treasury_par,0.02
2012-03-13,395976.61,treasury_par,0.02
2012-03-14,389418.14,treasury_par,0.02
2012-03-15,389540.09,treasury_par,0.02
2012-03-16,388809.99,treasury_par,0.02
2012-03-19,385720.48,treasury_par,0.02
2012-03-20,386005.98,treasury_par,0.02
2012-03-21,388921.32,treasury_par,0.02
2012-03-22,389749.89,treasury_par,0.02
2012-03-23,391454.33,treasury_par,0.02
2012-03-26,391171.73,treasury_par,0.02
2012-03-27,393513.92,treasury_par,0.02
2012-03-28,393094.15,treasury_par,0.02
2012-03-29,394461.91,treasury_par,0.02
2012-03-30,392233.20,treasury_par,0.02
2012-04-02,392562.77,treasury_par,0.02
2012-04-03,389300.75,treasury_par,0.02
2012-04-04,391470.51,treasury_par,0.02
2012-04-05,393913.65,treasury_par,0.02
2012-04-06,399186.23,treasury_par,0.02
2012-04-09,399725.92,treasury_par,0.02
2012-04-10,401872.47,treasury_par,0.02
2012-04-11,400050.15,treasury_par,0.02
2012-04-12,398758.35,treasury_par,0.02
2012-04-13,401448.72,treasury_par,0.02
2012-04-16,402320.14,treasury_par,0.02
2012-04-17,400923.13,treasury_par,0.02
2012-04-18,402142.42,treasury_par,0.02
2012-04-19,402940.60,treasury_par,0.02
2012-04-20,402504.38,treasury_par,0.02
2012-04-23,403970.94,treasury_par,0.02
2012-04-24,402307.27,treasury_par,0.02
2012-04-25,401870.20,treasury_par,0.02
2012-04-26,403013.40,treasury_par,0.02
2012-04-27,403791.06,treasury_par,0.02
2012-04-30,404130.15,treasury_par,0.02
2012-05-01,402900.11,treasury_par,0.02
2012-05-02,403957.46,treasury_par,0.02
2012-05-03,403890.97,treasury_par,0.02
2012-05-04,406137.14,treasury_par,0.02
2012-05-07,405790.43,treasury_par,0.02
2012-05-08,407463.77,treasury_par,0.02
2012-05-09,407733.39,treasury_par,0.02
2012-05-10,406948.64,treasury_par,0.02
2012-05-11,409073.18,treasury_par,0.02
2012-05-14,411574.21,treasury_par,0.02
2012-05-15,412471.87,treasury_par,0.02
2012-05-16,412663.65,treasury_par,0.02
2012-05-17,415378.90,treasury_par,0.02
2012-05-18,415012.98,treasury_par,0.02
2012-05-21,413577.37,treasury_par,0.02
2012-05-22,411761.91,treasury_par,0.02
2012-05-23,414439.14,treasury_par,0.02
2012-05-24,412500.27,treasury_par,0.02
2012-05-25,413458.35,treasury_par,0.02
2012-05-29,413734.73,treasury_par,0.02
2012-05-30,418727.52,treasury_par,0.02
2012-05-31,420534.32,treasury_par,0.02
2012-06-01,425996.17,treasury_par,0.01
2012-06-04,423293.51,treasury_par,0.02
2012-06-05,421379.96,treasury_par,0.02
2012-06-06,417306.86,treasury_par,0.02
2012-06-07,417295.08,treasury_par,0.02
2012-06-08,417565.72,treasury_par,0.02
2012-06-11,419816.47,treasury_par,0.02
2012-06-12,416683.69,treasury_par,0.02
2012-06-13,419467.51,treasury_par,0.02
2012-06-14,418046.81,treasury_par,0.02
2012-06-15,419749.43,treasury_par,0.02
2012-06-18,420212.92,treasury_par,0.02
2012-06-19,418126.57,treasury_par,0.02
2012-06-20,417525.23,treasury_par,0.02
2012-06-21,418609.22,treasury_par,0.02
2012-06-22,415909.79,treasury_par,0.02
2012-06-25,418512.10,treasury_par,0.02
2012-06-26,417247.49,treasury_par,0.02
2012-06-27,417873.61,treasury_par,0.02
2012-06-28,419949.22,treasury_par,0.02
2012-06-29,416687.36,treasury_par,0.02
2012-07-02,419641.09,treasury_par,0.02
2012-07-03,417656.95,treasury_par,0.02
2012-07-05,418900.43,treasury_par,0.02
2012-07-06,421171.16,treasury_par,0.02
2012-07-09,422893.12,treasury_par,0.02
2012-07-10,423087.50,treasury_par,0.02
2012-07-11,422723.73,treasury_par,0.02
2012-07-12,424295.22,treasury_par,0.01
2012-07-13,423467.46,treasury_par,0.02
2012-07-16,424375.25,treasury_par,0.01
2012-07-17,422996.69,treasury_par,0.02
2012-07-18,423525.31,treasury_par,0.02
2012-07-19,422520.01,treasury_par,0.02
2012-07-20,424900.10,treasury_par,0.01
2012-07-23,425814.11,treasury_par,0.01
2012-07-24,427193.28,treasury_par,0.01
2012-07-25,427479.64,treasury_par,0.01
2012-07-26,426493.69,treasury_par,0.01
2012-07-27,420740.44,treasury_par,0.02
2012-07-30,422997.12,treasury_par,0.02
2012-07-31,423727.28,treasury_par,0.02
2012-08-01,421564.55,treasury_par,0.02
2012-08-02,423821.76,treasury_par,0.02
2012-08-03,419657.30,treasury_par,0.02
2012-08-06,420192.22,treasury_par,0.02
2012-08-07,416886.64,treasury_par,0.02
2012-08-08,416069.46,treasury_par,0.02
2012-08-09,415621.50,treasury_par,0.02
2012-08-10,417307.68,treasury_par,0.02
2012-08-13,417233.14,treasury_par,0.02
2012-08-14,413828.18,treasury_par,0.02
2012-08-15,410639.91,treasury_par,0.02
2012-08-16,409221.96,treasury_par,0.02
2012-08-17,410033.11,treasury_par,0.02
2012-08-20,409836.93,treasury_par,0.02
2012-08-21,410646.78,treasury_par,0.02
2012-08-22,414630.50,treasury_par,0.02
2012-08-23,415955.48,treasury_par,0.02
2012-08-24,415881.31,treasury_par,0.02
2012-08-27,417223.97,treasury_par,0.02
2012-08-28,417764.21,treasury_par,0.02
2012-08-29,416949.99,treasury_par,0.02
2012-08-30,418203.51,treasury_par,0.02
2012-08-31,421073.25,treasury_par,0.02
2012-09-04,420258.89,treasury_par,0.02
2012-09-05,419723.39,treasury_par,0.02
2012-09-06,416041.27,treasury_par,0.02
2012-09-07,416463.26,treasury_par,0.02
2012-09-10,416007.86,treasury_par,0.02
2012-09-11,415209.58,treasury_par,0.02
2012-09-12,412156.59,treasury_par,0.02
2012-09-13,413002.05,treasury_par,0.02
2012-09-14,407240.77,treasury_par,0.02
2012-09-17,408491.89,treasury_par,0.02
2012-09-18,409811.40,treasury_par,0.02
2012-09-19,410987.95,treasury_par,0.02
2012-09-20,410720.33,treasury_par,0.02
2012-09-21,411937.37,treasury_par,0.02
2012-09-24,413275.19,treasury_par,0.02
2012-09-25,415243.57,treasury_par,0.02
2012-09-26,417939.97,treasury_par,0.02
2012-09-27,416947.43,treasury_par,0.02
2012-09-28,417391.01,treasury_par,0.02
2012-10-01,417763.67,treasury_par,0.02
2012-10-02,417841.68,treasury_par,0.02
2012-10-03,417822.70,treasury_par,0.02
2012-10-04,415224.36,treasury_par,0.02
2012-10-05,412816.73,treasury_par,0.02
2012-10-09,413446.49,treasury_par,0.02
2012-10-10,414527.06,treasury_par,0.02
2012-10-11,415348.81,treasury_par,0.02
2012-10-12,415715.72,treasury_par,0.02
2012-10-15,415348.17,treasury_par,0.02
2012-10-16,412959.06,treasury_par,0.02
2012-10-17,409259.81,treasury_par,0.02
2012-10-18,408016.43,treasury_par,0.02
2012-10-19,411036.65,treasury_par,0.02
2012-10-22,409467.92,treasury_par,0.02
2012-10-23,411222.13,treasury_par,0.02
2012-10-24,410765.54,treasury_par,0.02
2012-10-25,408144.99,treasury_par,0.02
2012-10-26,411575.37,treasury_par,0.02
2012-10-29,413436.51,treasury_par,0.02
2012-10-31,414323.04,treasury_par,0.02
2012-11-01,412974.09,treasury_par,0.02
2012-11-02,412878.00,treasury_par,0.02
2012-11-05,414312.42,treasury_par,0.02
2012-11-06,411748.47,treasury_par,0.02
2012-11-07,416260.82,treasury_par,0.02
2012-11-08,418884.25,treasury_par,0.02
2012-11-09,419253.66,treasury_par,0.02
2012-11-13,420247.63,treasury_par,0.02
2012-11-14,420168.90,treasury_par,0.02
2012-11-15,420617.01,treasury_par,0.02
2012-11-16,420597.20,treasury_par,0.02
2012-11-19,419248.42,treasury_par,0.02
2012-11-20,416922.00,treasury_par,0.02
2012-11-21,415752.74,treasury_par,0.02
2012-11-23,415402.35,treasury_par,0.02
2012-11-26,417011.52,treasury_par,0.02
2012-11-27,417818.92,treasury_par,0.02
2012-11-28,418442.68,treasury_par,0.02
2012-11-29,418702.51,treasury_par,0.02
2012-11-30,418710.45,treasury_par,0.02
2012-12-03,418347.50,treasury_par,0.02
2012-12-04,418793.75,treasury_par,0.02
2012-12-05,419597.00,treasury_par,0.02
2012-12-06,420221.33,treasury_par,0.02
2012-12-07,417954.82,treasury_par,0.02
2012-12-10,418329.40,treasury_par,0.02
2012-12-11,417052.14,treasury_par,0.02
2012-12-12,414359.47,treasury_par,0.02
2012-12-13,413408.47,treasury_par,0.02
2012-12-14,414230.82,treasury_par,0.02
2012-12-17,411557.87,treasury_par,0.02
2012-12-18,408995.65,treasury_par,0.02
2012-12-19,409707.66,treasury_par,0.02
2012-12-20,410071.65,treasury_par,0.02
2012-12-21,411925.05,treasury_par,0.02
2012-12-24,411129.57,treasury_par,0.02
2012-12-26,411924.47,treasury_par,0.02
2012-12-27,413502.08,treasury_par,0.02
2012-12-28,413866.23,treasury_par,0.02
2012-12-31,411622.04,treasury_par,0.02
2013-01-02,408083.18,treasury_par,0.02
2013-01-03,405366.33,treasury_par,0.02
2013-01-04,405024.08,treasury_par,0.02
2013-01-07,405365.54,treasury_par,0.02
2013-01-08,406760.37,treasury_par,0.02
2013-01-09,407198.94,treasury_par,0.02
2013-01-10,405882.89,treasury_par,0.02
2013-01-11,406855.28,treasury_par,0.02
2013-01-14,406929.08,treasury_par,0.02
2013-01-15,408248.46,treasury_par,0.02
2013-01-16,408955.83,treasury_par,0.02
2013-01-17,406695.71,treasury_par,0.02
2013-01-18,407736.00,treasury_par,0.02
2013-01-22,408177.43,treasury_par,0.02
2013-01-23,408247.98,treasury_par,0.02
2013-01-24,407360.56,treasury_par,0.02
2013-01-25,402916.45,treasury_par,0.02
2013-01-28,402151.97,treasury_par,0.02
2013-01-29,400921.35,treasury_par,0.02
2013-01-30,400901.24,treasury_par,0.02
2013-01-31,401331.66,treasury_par,0.02
2013-02-01,400279.55,treasury_par,0.02
2013-02-04,402001.99,treasury_par,0.02
2013-02-05,400356.27,treasury_par,0.02
2013-02-06,402086.97,treasury_par,0.02
2013-02-07,402519.28,treasury_par,0.02
2013-02-08,402422.12,treasury_par,0.02
2013-02-11,402445.41,treasury_par,0.02
2013-02-12,401146.57,treasury_par,0.02
2013-02-13,399527.09,treasury_par,0.02
2013-02-14,401946.45,treasury_par,0.02
2013-02-15,401515.47,treasury_par,0.02
2013-02-19,400491.15,treasury_par,0.02
2013-02-20,401058.16,treasury_par,0.02
2013-02-21,402275.54,treasury_par,0.02
2013-02-22,403149.79,treasury_par,0.02
2013-02-25,406975.00,treasury_par,0.02
2013-02-26,406975.71,treasury_par,0.02
2013-02-27,405669.26,treasury_par,0.02
2013-02-28,406448.07,treasury_par,0.02
2013-03-01,407760.65,treasury_par,0.02
2013-03-04,406881.88,treasury_par,0.02
2013-03-05,406011.32,treasury_par,0.02
2013-03-06,403904.35,treasury_par,0.02
2013-03-07,401734.86,treasury_par,0.02
2013-03-08,398983.78,treasury_par,0.02
2013-03-11,398723.61,treasury_par,0.02
2013-03-12,400366.47,treasury_par,0.02
2013-03-13,400028.70,treasury_par,0.02
2013-03-14,399922.16,treasury_par,0.02
2013-03-15,401269.36,treasury_par,0.02
2013-03-18,403453.88,treasury_par,0.02
2013-03-19,405115.93,treasury_par,0.02
2013-03-20,403288.72,treasury_par,0.02
2013-03-21,403979.84,treasury_par,0.02
2013-03-22,404780.54,treasury_par,0.02
2013-03-25,404754.00,treasury_par,0.02
2013-03-26,405194.29,treasury_par,0.02
2013-03-27,407283.85,treasury_par,0.02
2013-03-28,407131.33,treasury_par,0.02
2013-04-01,407569.16,treasury_par,0.02
2013-04-02,406617.16,treasury_par,0.02
2013-04-03,408980.93,treasury_par,0.02
2013-04-04,411281.70,treasury_par,0.02
2013-04-05,414087.04,treasury_par,0.02
2013-04-08,412383.74,treasury_par,0.02
2013-04-09,411489.46,treasury_par,0.02
2013-04-10,408917.92,treasury_par,0.02
2013-04-11,409622.45,treasury_par,0.02
2013-04-12,412727.85,treasury_par,0.02
2013-04-15,414074.02,treasury_par,0.02
2013-04-16,412745.89,treasury_par,0.02
2013-04-17,413635.99,treasury_par,0.02
2013-04-18,414096.25,treasury_par,0.02
2013-04-19,413648.97,treasury_par,0.02
2013-04-22,414007.76,treasury_par,0.02
2013-04-23,413192.37,treasury_par,0.02
2013-04-24,413730.11,treasury_par,0.02
2013-04-25,413117.44,treasury_par,0.02
2013-04-26,415058.86,treasury_par,0.02
2013-04-29,414867.45,treasury_par,0.02
2013-04-30,414794.87,treasury_par,0.02
2013-05-01,416670.55,treasury_par,0.02
2013-05-02,416670.55,treasury_par,0.02
2013-05-03,411300.93,treasury_par,0.02
2013-05-06,410417.20,treasury_par,0.02
2013-05-07,409538.36,treasury_par,0.02
2013-05-08,409977.30,treasury_par,0.02
2013-05-09,410070.58,treasury_par,0.02
2013-05-10,406105.35,treasury_par,0.02
2013-05-13,405145.75,treasury_par,0.02
2013-05-14,403483.99,treasury_par,0.02
2013-05-15,404184.61,treasury_par,0.02
2013-05-16,407232.30,treasury_par,0.02
2013-05-17,403824.56,treasury_par,0.02
2013-05-20,403028.41,treasury_par,0.02
2013-05-21,404345.85,treasury_par,0.02
2013-05-22,400531.38,treasury_par,0.02
2013-05-23,400893.81,treasury_par,0.02
2013-05-24,401415.52,treasury_par,0.02
2013-05-28,395332.16,treasury_par,0.02
2013-05-29,396366.18,treasury_par,0.02
2013-05-30,396279.97,treasury_par,0.02
2013-05-31,394931.72,treasury_par,0.02
2013-06-03,396133.03,treasury_par,0.02
2013-06-04,395442.25,treasury_par,0.02
2013-06-05,397171.00,treasury_par,0.02
2013-06-06,398008.73,treasury_par,0.02
2013-06-07,394099.00,treasury_par,0.02
2013-06-10,392132.90,treasury_par,0.02
2013-06-11,393012.22,treasury_par,0.02
2013-06-12,391127.19,treasury_par,0.02
2013-06-13,393425.09,treasury_par,0.02
2013-06-14,395587.05,treasury_par,0.02
2013-06-17,393437.45,treasury_par,0.02
2013-06-18,393187.12,treasury_par,0.02
2013-06-19,387735.04,treasury_par,0.02
2013-06-20,384326.85,treasury_par,0.02
2013-06-21,380084.74,treasury_par,0.03
2013-06-24,378269.94,treasury_par,0.03
2013-06-25,377102.50,treasury_par,0.03
2013-06-26,379026.18,treasury_par,0.03
2013-06-27,381459.31,treasury_par,0.02
2013-06-28,380347.60,treasury_par,0.03
2013-07-01,381320.14,treasury_par,0.03
2013-07-02,381982.00,treasury_par,0.02
2013-07-03,380280.75,treasury_par,0.03
2013-07-05,371893.14,treasury_par,0.03
2013-07-08,374921.33,treasury_par,0.03
2013-07-09,375038.36,treasury_par,0.03
2013-07-10,373176.36,treasury_par,0.03
2013-07-11,377145.29,treasury_par,0.03
2013-07-12,376742.76,treasury_par,0.03
2013-07-15,378304.56,treasury_par,0.03
2013-07-16,379115.13,treasury_par,0.03
2013-07-17,380224.73,treasury_par,0.03
2013-07-18,378498.61,treasury_par,0.03
2013-07-19,380977.12,treasury_par,0.03
2013-07-22,380973.80,treasury_par,0.03
2013-07-23,379905.14,treasury_par,0.03
2013-07-24,376731.75,treasury_par,0.03
2013-07-25,376720.58,treasury_par,0.03
2013-07-26,377861.44,treasury_par,0.03
2013-07-29,376631.33,treasury_par,0.03
2013-07-30,375906.31,treasury_par,0.03
2013-07-31,376964.80,treasury_par,0.03
2013-08-01,371243.12,treasury_par,0.03
2013-08-02,375695.45,treasury_par,0.03
2013-08-05,374237.42,treasury_par,0.03
2013-08-06,374242.86,treasury_par,0.03
2013-08-07,376453.61,treasury_par,0.03
2013-08-08,377345.43,treasury_par,0.03
2013-08-09,377688.80,treasury_par,0.03
2013-08-12,376214.51,treasury_par,0.03
2013-08-13,372137.67,treasury_par,0.03
2013-08-14,372200.41,treasury_par,0.03
2013-08-15,369803.01,treasury_par,0.03
2013-08-16,367017.09,treasury_par,0.03
2013-08-19,365527.47,treasury_par,0.03
2013-08-20,367883.30,treasury_par,0.03
2013-08-21,365711.74,treasury_par,0.03
2013-08-22,364836.34,treasury_par,0.03
2013-08-23,367935.15,treasury_par,0.03
2013-08-26,369200.30,treasury_par,0.03
2013-08-27,372061.66,treasury_par,0.03
2013-08-28,369683.50,treasury_par,0.03
2013-08-29,370991.37,treasury_par,0.03
2013-08-30,369891.41,treasury_par,0.03
2013-09-03,366793.86,treasury_par,0.03
2013-09-04,365349.20,treasury_par,0.03
2013-09-05,362187.47,treasury_par,0.03
2013-09-06,363739.16,treasury_par,0.03
2013-09-09,365125.53,treasury_par,0.03
2013-09-10,362880.08,treasury_par,0.03
2013-09-11,364316.06,treasury_par,0.03
2013-09-12,364635.40,treasury_par,0.03
2013-09-13,365342.07,treasury_par,0.03
2013-09-16,365946.63,treasury_par,0.03
2013-09-17,366832.36,treasury_par,0.03
2013-09-18,373349.56,treasury_par,0.03
2013-09-19,370549.39,treasury_par,0.03
2013-09-20,370970.77,treasury_par,0.03
2013-09-23,372263.35,treasury_par,0.03
2013-09-24,374371.38,treasury_par,0.03
2013-09-25,375909.27,treasury_par,0.03
2013-09-26,374533.21,treasury_par,0.03
2013-09-27,375315.02,treasury_par,0.03
2013-09-30,375222.49,treasury_par,0.03
2013-10-01,374422.05,treasury_par,0.03
2013-10-02,375534.86,treasury_par,0.03
2013-10-03,376011.95,treasury_par,0.03
2013-10-04,374357.43,treasury_par,0.03
2013-10-07,374927.38,treasury_par,0.03
2013-10-08,374569.84,treasury_par,0.03
2013-10-09,373810.02,treasury_par,0.03
2013-10-10,372590.90,treasury_par,0.03
2013-10-11,373054.04,treasury_par,0.03
2013-10-15,371120.98,treasury_par,0.03
2013-10-16,373535.64,treasury_par,0.03
2013-10-17,376685.80,treasury_par,0.03
2013-10-18,376942.34,treasury_par,0.03
2013-10-21,375719.54,treasury_par,0.03
2013-10-22,379295.46,treasury_par,0.03
2013-10-23,380375.95,treasury_par,0.03
2013-10-24,379638.43,treasury_par,0.03
2013-10-25,379777.15,treasury_par,0.03
2013-10-28,379364.82,treasury_par,0.03
2013-10-29,379689.43,treasury_par,0.03
2013-10-30,378798.40,treasury_par,0.03
2013-10-31,378142.79,treasury_par,0.03
2013-11-01,374984.92,treasury_par,0.03
2013-11-04,375616.54,treasury_par,0.03
2013-11-05,373246.65,treasury_par,0.03
2013-11-06,374012.01,treasury_par,0.03
2013-11-07,375710.80,treasury_par,0.03
2013-11-08,370078.82,treasury_par,0.03
2013-11-12,368911.30,treasury_par,0.03
2013-11-13,370793.41,treasury_par,0.03
2013-11-14,373104.27,treasury_par,0.03
2013-11-15,372394.67,treasury_par,0.03
2013-11-18,374007.29,treasury_par,0.03
2013-11-19,372389.54,treasury_par,0.03
2013-11-20,368717.56,treasury_par,0.03
2013-11-21,369196.71,treasury_par,0.03
2013-11-22,370773.95,treasury_par,0.03
2013-11-25,371243.57,treasury_par,0.03
2013-11-26,372444.54,treasury_par,0.03
2013-11-27,371315.14,treasury_par,0.03
2013-11-29,370762.91,treasury_par,0.03
2013-12-02,368539.64,treasury_par,0.03
2013-12-03,369401.60,treasury_par,0.03
2013-12-04,367172.84,treasury_par,0.03
2013-12-05,365750.88,treasury_par,0.03
2013-12-06,365937.29,treasury_par,0.03
2013-12-09,366602.42,treasury_par,0.03
2013-12-10,368659.39,treasury_par,0.03
2013-12-11,366731.09,treasury_par,0.03
2013-12-12,365516.89,treasury_par,0.03
2013-12-13,366005.50,treasury_par,0.03
2013-12-16,365521.69,treasury_par,0.03
2013-12-17,367014.23,treasury_par,0.03
2013-12-18,365494.06,treasury_par,0.03
2013-12-19,363626.75,treasury_par,0.03
2013-12-20,365605.22,treasury_par,0.03
2013-12-23,363881.74,treasury_par,0.03
2013-12-24,361776.39,treasury_par,0.03
2013-12-26,361377.73,treasury_par,0.03
2013-12-27,360640.18,treasury_par,0.03
2013-12-30,361956.16,treasury_par,0.03
2013-12-31,359911.50,treasury_par,0.03
2014-01-02,361471.51,treasury_par,0.03
2014-01-03,361107.40,treasury_par,0.03
2014-01-06,362337.12,treasury_par,0.03
2014-01-07,363073.37,treasury_par,0.03
2014-01-08,361190.90,treasury_par,0.03
2014-01-09,362779.02,treasury_par,0.03
2014-01-10,366392.20,treasury_par,0.03
2014-01-13,367798.66,treasury_par,0.03
2014-01-14,366330.18,treasury_par,0.03
2014-01-15,365577.73,treasury_par,0.03
2014-01-16,367008.61,treasury_par,0.03
2014-01-17,367864.61,treasury_par,0.03
2014-01-21,367495.27,treasury_par,0.03
2014-01-22,366529.23,treasury_par,0.03
2014-01-23,369802.64,treasury_par,0.03
2014-01-24,371396.28,treasury_par,0.03
2014-01-27,370128.34,treasury_par,0.03
2014-01-28,370508.60,treasury_par,0.03
2014-01-29,373557.86,treasury_par,0.03
2014-01-30,372194.35,treasury_par,0.03
2014-01-31,374267.90,treasury_par,0.03
2014-02-03,376676.94,treasury_par,0.03
2014-02-04,375442.98,treasury_par,0.03
2014-02-05,372996.09,treasury_par,0.03
2014-02-06,371890.61,treasury_par,0.03
2014-02-07,372901.20,treasury_par,0.03
2014-02-10,373240.81,treasury_par,0.03
2014-02-11,371271.44,treasury_par,0.03
2014-02-12,369515.36,treasury_par,0.03
2014-02-13,372134.45,treasury_par,0.03
2014-02-14,371484.26,treasury_par,0.03
2014-02-18,372749.97,treasury_par,0.03
2014-02-19,371887.39,treasury_par,0.03
2014-02-20,370781.96,treasury_par,0.03
2014-02-21,371847.51,treasury_par,0.03
2014-02-24,371204.38,treasury_par,0.03
2014-02-25,373143.00,treasury_par,0.03
2014-02-26,374414.16,treasury_par,0.03
2014-02-27,375245.39,treasury_par,0.03
2014-02-28,374862.98,treasury_par,0.03
2014-03-03,377115.78,treasury_par,0.03
2014-03-04,373165.35,treasury_par,0.03
2014-03-05,373233.56,treasury_par,0.03
2014-03-06,371636.88,treasury_par,0.03
2014-03-07,369278.61,treasury_par,0.03
2014-03-10,369589.99,treasury_par,0.03
2014-03-11,370327.63,treasury_par,0.03
2014-03-12,372083.35,treasury_par,0.03
2014-03-13,374821.48,treasury_par,0.03
2014-03-14,375159.77,treasury_par,0.03
2014-03-17,373243.29,treasury_par,0.03
2014-03-18,374018.16,treasury_par,0.03
2014-03-19,370101.69,treasury_par,0.03
2014-03-20,369759.95,treasury_par,0.03
2014-03-21,371338.32,treasury_par,0.03
2014-03-24,371790.09,treasury_par,0.03
2014-03-25,371383.05,treasury_par,0.03
2014-03-26,372954.29,treasury_par,0.03
2014-03-27,373870.68,treasury_par,0.03
2014-03-28,372207.87,treasury_par,0.03
2014-03-31,372084.46,treasury_par,0.03
2014-04-01,370619.00,treasury_par,0.03
2014-04-02,368508.40,treasury_par,0.03
2014-04-03,369242.08,treasury_par,0.03
2014-04-04,371656.16,treasury_par,0.03
2014-04-07,372849.79,treasury_par,0.03
2014-04-08,373726.22,treasury_par,0.03
2014-04-09,372946.78,treasury_par,0.03
2014-04-10,375509.62,treasury_par,0.03
2014-04-11,376249.10,treasury_par,0.03
2014-04-14,375532.19,treasury_par,0.03
2014-04-15,376056.08,treasury_par,0.03
2014-04-16,375613.07,treasury_par,0.03
2014-04-17,372361.36,treasury_par,0.03
2014-04-21,372360.90,treasury_par,0.03
2014-04-22,372548.42,treasury_par,0.03
2014-04-23,373742.95,treasury_par,0.03
2014-04-24,373606.88,treasury_par,0.03
2014-04-25,374410.93,treasury_par,0.03
2014-04-28,373585.46,treasury_par,0.03
2014-04-29,373168.26,treasury_par,0.03
2014-04-30,374674.29,treasury_par,0.03
2014-05-01,376462.21,treasury_par,0.03
2014-05-02,377647.82,treasury_par,0.03
2014-05-05,376418.10,treasury_par,0.03
2014-05-06,377325.52,treasury_par,0.03
2014-05-07,377281.64,treasury_par,0.03
2014-05-08,377217.10,treasury_par,0.03
2014-05-09,376811.35,treasury_par,0.03
2014-05-12,375278.28,treasury_par,0.03
2014-05-13,377206.23,treasury_par,0.03
2014-05-14,380071.81,treasury_par,0.03
2014-05-15,381773.92,treasury_par,0.03
2014-05-16,380883.87,treasury_par,0.03
2014-05-19,379948.78,treasury_par,0.03
2014-05-20,380741.61,treasury_par,0.03
2014-05-21,379845.75,treasury_par,0.03
2014-05-22,379029.93,treasury_par,0.03
2014-05-23,379866.22,treasury_par,0.03
2014-05-27,380705.23,treasury_par,0.03
2014-05-28,383918.56,treasury_par,0.02
2014-05-29,383349.63,treasury_par,0.02
2014-05-30,382210.03,treasury_par,0.02
2014-06-02,379852.49,treasury_par,0.03
2014-06-03,377326.86,treasury_par,0.03
2014-06-04,376853.81,treasury_par,0.03
2014-06-05,377631.49,treasury_par,0.03
2014-06-06,377263.85,treasury_par,0.03
2014-06-09,376482.32,treasury_par,0.03
2014-06-10,375700.85,treasury_par,0.03
2014-06-11,375506.42,treasury_par,0.03
2014-06-12,378175.60,treasury_par,0.03
2014-06-13,377429.39,treasury_par,0.03
2014-06-16,377195.66,treasury_par,0.03
2014-06-17,375122.49,treasury_par,0.03
2014-06-18,377018.03,treasury_par,0.03
2014-06-19,375844.53,treasury_par,0.03
2014-06-20,376272.90,treasury_par,0.03
2014-06-23,376211.97,treasury_par,0.03
2014-06-24,377834.97,treasury_par,0.03
2014-06-25,378632.32,treasury_par,0.03
2014-06-26,380188.42,treasury_par,0.03
2014-06-27,379747.02,treasury_par,0.03
2014-06-30,380252.50,treasury_par,0.03
2014-07-01,378284.82,treasury_par,0.03
2014-07-02,375855.18,treasury_par,0.03
2014-07-03,375333.92,treasury_par,0.03
2014-07-07,376260.31,treasury_par,0.03
2014-07-08,378285.43,treasury_par,0.03
2014-07-09,378840.11,treasury_par,0.03
2014-07-10,379450.98,treasury_par,0.03
2014-07-11,380356.57,treasury_par,0.03
2014-07-14,379327.20,treasury_par,0.03
2014-07-15,379016.16,treasury_par,0.03
2014-07-16,379448.35,treasury_par,0.03
2014-07-17,382546.57,treasury_par,0.02
2014-07-18,381420.41,treasury_par,0.03
2014-07-21,381858.54,treasury_par,0.02
2014-07-22,382258.35,treasury_par,0.02
2014-07-23,382325.12,treasury_par,0.02
2014-07-24,380570.16,treasury_par,0.03
2014-07-25,382289.09,treasury_par,0.02
2014-07-28,381411.61,treasury_par,0.03
2014-07-29,382729.53,treasury_par,0.02
2014-07-30,378749.14,treasury_par,0.03
2014-07-31,378394.35,treasury_par,0.03
2014-08-01,380762.18,treasury_par,0.03
2014-08-04,380991.52,treasury_par,0.03
2014-08-05,381741.31,treasury_par,0.02
2014-08-06,381898.39,treasury_par,0.02
2014-08-07,384171.04,treasury_par,0.02
2014-08-08,383786.03,treasury_par,0.02
2014-08-11,383800.21,treasury_par,0.02
2014-08-12,382947.03,treasury_par,0.02
2014-08-13,384234.60,treasury_par,0.02
2014-08-14,385487.16,treasury_par,0.02
2014-08-15,387993.47,treasury_par,0.02
2014-08-18,385845.19,treasury_par,0.02
2014-08-19,385350.88,treasury_par,0.02
2014-08-20,384235.09,treasury_par,0.02
2014-08-21,385084.33,treasury_par,0.02
2014-08-22,385392.15,treasury_par,0.02
2014-08-25,385895.94,treasury_par,0.02
2014-08-26,385872.45,treasury_par,0.02
2014-08-27,386944.69,treasury_par,0.02
2014-08-28,388042.85,treasury_par,0.02
2014-08-29,387617.91,treasury_par,0.02
2014-09-02,384727.65,treasury_par,0.02
2014-09-03,385069.76,treasury_par,0.02
2014-09-04,383414.05,treasury_par,0.02
2014-09-05,382974.43,treasury_par,0.02
2014-09-08,382343.57,treasury_par,0.02
2014-09-09,381650.26,treasury_par,0.03
2014-09-10,380089.87,treasury_par,0.03
2014-09-11,380002.35,treasury_par,0.03
2014-09-12,376817.65,treasury_par,0.03
2014-09-15,377606.79,treasury_par,0.03
2014-09-16,377420.90,treasury_par,0.03
2014-09-17,376653.99,treasury_par,0.03
2014-09-18,376208.74,treasury_par,0.03
2014-09-19,378017.12,treasury_par,0.03
2014-09-22,378794.80,treasury_par,0.03
2014-09-23,380010.82,treasury_par,0.03
2014-09-24,378804.16,treasury_par,0.03
2014-09-25,380906.95,treasury_par,0.03
2014-09-26,380134.75,treasury_par,0.03
2014-09-29,381692.33,treasury_par,0.03
2014-09-30,380860.50,treasury_par,0.03
2014-10-01,385017.63,treasury_par,0.02
2014-10-02,384109.11,treasury_par,0.02
2014-10-03,383828.72,treasury_par,0.02
2014-10-06,384616.88,treasury_par,0.02
2014-10-07,387495.78,treasury_par,0.02
2014-10-08,387907.95,treasury_par,0.02
2014-10-09,388255.87,treasury_par,0.02
2014-10-10,389588.95,treasury_par,0.02
2014-10-14,393729.74,treasury_par,0.02
2014-10-15,396208.19,treasury_par,0.02
2014-10-16,395366.71,treasury_par,0.02
2014-10-17,393290.14,treasury_par,0.02
2014-10-20,394193.53,treasury_par,0.02
2014-10-21,392838.49,treasury_par,0.02
2014-10-22,392103.52,treasury_par,0.02
2014-10-23,390356.53,treasury_par,0.02
2014-10-24,390282.18,treasury_par,0.02
2014-10-27,391115.71,treasury_par,0.02
2014-10-28,389784.08,treasury_par,0.02
2014-10-29,388371.33,treasury_par,0.02
2014-10-30,389131.57,treasury_par,0.02
2014-10-31,387809.07,treasury_par,0.02
2014-11-03,387648.91,treasury_par,0.02
2014-11-04,388087.05,treasury_par,0.02
2014-11-05,387741.85,treasury_par,0.02
2014-11-06,386357.24,treasury_par,0.02
2014-11-07,389310.14,treasury_par,0.02
2014-11-10,386931.17,treasury_par,0.02
2014-11-12,387256.77,treasury_par,0.02
2014-11-13,387912.24,treasury_par,0.02
2014-11-14,389159.41,treasury_par,0.02
2014-11-17,388323.55,treasury_par,0.02
2014-11-18,389084.59,treasury_par,0.02
2014-11-19,387524.16,treasury_par,0.02
2014-11-20,388345.64,treasury_par,0.02
2014-11-21,389520.13,treasury_par,0.02
2014-11-24,389934.40,treasury_par,0.02
2014-11-25,391436.40,treasury_par,0.02
2014-11-26,392536.63,treasury_par,0.02
2014-11-28,395023.62,treasury_par,0.02
2014-12-01,393345.57,treasury_par,0.02
2014-12-02,390785.06,treasury_par,0.02
2014-12-03,390555.02,treasury_par,0.02
2014-12-04,392241.29,treasury_par,0.02
2014-12-05,389919.69,treasury_par,0.02
2014-12-08,392119.97,treasury_par,0.02
2014-12-09,393864.90,treasury_par,0.02
2014-12-10,395592.22,treasury_par,0.02
2014-12-11,395061.78,treasury_par,0.02
2014-12-12,398917.15,treasury_par,0.02
2014-12-15,398124.39,treasury_par,0.02
2014-12-16,400240.06,treasury_par,0.02
2014-12-17,397306.88,treasury_par,0.02
2014-12-18,393950.36,treasury_par,0.02
2014-12-19,396005.55,treasury_par,0.02
2014-12-22,396115.97,treasury_par,0.02
2014-12-23,392319.66,treasury_par,0.02
2014-12-24,391948.26,treasury_par,0.02
2014-12-26,392788.60,treasury_par,0.02
2014-12-29,394164.94,treasury_par,0.02
2014-12-30,394995.07,treasury_par,0.02
2014-12-31,396168.60,treasury_par,0.02
2015-01-02,398365.70,treasury_par,0.02
2015-01-05,401794.00,treasury_par,0.02
2015-01-06,404789.67,treasury_par,0.02
2015-01-07,405197.65,treasury_par,0.02
2015-01-08,402240.16,treasury_par,0.02
2015-01-09,404355.90,treasury_par,0.02
2015-01-12,406933.79,treasury_par,0.02
2015-01-13,407247.02,treasury_par,0.02
2015-01-14,409310.06,treasury_par,0.02
2015-01-15,413147.71,treasury_par,0.02
2015-01-16,410542.99,treasury_par,0.02
2015-01-20,410941.40,treasury_par,0.02
2015-01-21,408760.27,treasury_par,0.02
2015-01-22,407641.63,treasury_par,0.02
2015-01-23,411408.83,treasury_par,0.02
2015-01-26,410540.49,treasury_par,0.02
2015-01-27,410594.43,treasury_par,0.02
2015-01-28,414903.32,treasury_par,0.02
2015-01-29,412815.90,treasury_par,0.02
2015-01-30,416670.78,treasury_par,0.02
2015-02-02,416389.71,treasury_par,0.02
2015-02-03,411745.31,treasury_par,0.02
2015-02-04,411038.51,treasury_par,0.02
2015-02-05,410148.19,treasury_par,0.02
2015-02-06,405129.69,treasury_par,0.02
2015-02-09,404791.31,treasury_par,0.02
2015-02-10,402720.43,treasury_par,0.02
2015-02-11,402912.55,treasury_par,0.02
2015-02-12,403303.82,treasury_par,0.02
2015-02-13,401750.58,treasury_par,0.02
2015-02-17,396924.92,treasury_par,0.02
2015-02-18,399639.63,treasury_par,0.02
2015-02-19,397813.71,treasury_par,0.02
2015-02-20,397148.74,treasury_par,0.02
2015-02-23,399943.30,treasury_par,0.02
2015-02-24,402978.21,treasury_par,0.02
2015-02-25,404123.75,treasury_par,0.02
2015-02-26,401344.52,treasury_par,0.02
2015-02-27,402509.54,treasury_par,0.02
2015-03-02,399179.11,treasury_par,0.02
2015-03-03,397513.64,treasury_par,0.02
2015-03-04,397574.98,treasury_par,0.02
2015-03-05,398047.01,treasury_par,0.02
2015-03-06,392451.07,treasury_par,0.02
2015-03-09,394276.19,treasury_par,0.02
2015-03-10,396815.19,treasury_par,0.02
2015-03-11,398103.51,treasury_par,0.02
2015-03-12,398419.71,treasury_par,0.02
2015-03-13,397406.88,treasury_par,0.02
2015-03-16,398679.74,treasury_par,0.02
2015-03-17,400411.14,treasury_par,0.02
2015-03-18,405643.00,treasury_par,0.02
2015-03-19,403713.63,treasury_par,0.02
2015-03-20,405840.47,treasury_par,0.02
2015-03-23,406246.88,treasury_par,0.02
2015-03-24,407998.52,treasury_par,0.02
2015-03-25,405931.71,treasury_par,0.02
2015-03-26,402409.67,treasury_par,0.02
2015-03-27,405223.18,treasury_par,0.02
2015-03-30,404690.94,treasury_par,0.02
2015-03-31,405526.78,treasury_par,0.02
2015-04-01,408576.32,treasury_par,0.02
2015-04-02,406385.21,treasury_par,0.02
2015-04-03,409373.66,treasury_par,0.02
2015-04-06,406337.29,treasury_par,0.02
2015-04-07,407586.03,treasury_par,0.02
2015-04-08,406541.64,treasury_par,0.02
2015-04-09,404201.60,treasury_par,0.02
2015-04-10,404657.69,treasury_par,0.02
2015-04-13,405332.44,treasury_par,0.02
2015-04-14,407055.09,treasury_par,0.02
2015-04-15,406769.00,treasury_par,0.02
2015-04-16,407078.96,treasury_par,0.02
2015-04-17,408430.63,treasury_par,0.02
2015-04-20,407027.95,treasury_par,0.02
2015-04-21,406155.51,treasury_par,0.02
2015-04-22,402893.59,treasury_par,0.02
2015-04-23,404411.41,treasury_par,0.02
2015-04-24,405536.18,treasury_par,0.02
2015-04-27,405202.36,treasury_par,0.02
2015-04-28,402631.72,treasury_par,0.02
2015-04-29,400041.57,treasury_par,0.02
2015-04-30,400378.50,treasury_par,0.02
2015-05-01,397252.72,treasury_par,0.02
2015-05-04,395538.07,treasury_par,0.02
2015-05-05,394447.69,treasury_par,0.02
2015-05-06,391832.77,treasury_par,0.02
2015-05-07,394735.35,treasury_par,0.02
2015-05-08,395518.17,treasury_par,0.02
2015-05-11,390479.08,treasury_par,0.02
2015-05-12,390559.97,treasury_par,0.02
2015-05-13,390444.48,treasury_par,0.02
2015-05-14,392147.73,treasury_par,0.02
2015-05-15,395889.33,treasury_par,0.02
2015-05-18,392179.86,treasury_par,0.02
2015-05-19,390391.54,treasury_par,0.02
2015-05-20,390846.91,treasury_par,0.02
2015-05-21,393792.60,treasury_par,0.02
2015-05-22,392838.08,treasury_par,0.02
2015-05-26,395888.91,treasury_par,0.02
2015-05-27,395989.60,treasury_par,0.02
2015-05-28,396219.25,treasury_par,0.02
2015-05-29,396773.36,treasury_par,0.02
2015-06-01,393925.03,treasury_par,0.02
2015-06-02,390576.35,treasury_par,0.02
2015-06-03,386119.40,treasury_par,0.02
2015-06-04,389183.79,treasury_par,0.02
2015-06-05,385106.96,treasury_par,0.02
2015-06-08,385889.84,treasury_par,0.02
2015-06-09,384669.77,treasury_par,0.02
2015-06-10,381628.29,treasury_par,0.03
2015-06-11,386015.23,treasury_par,0.02
2015-06-12,385946.30,treasury_par,0.02
2015-06-15,387071.27,treasury_par,0.02
2015-06-16,388722.20,treasury_par,0.02
2015-06-17,388574.21,treasury_par,0.02
2015-06-18,387234.42,treasury_par,0.02
2015-06-19,391054.80,treasury_par,0.02
2015-06-22,386508.56,treasury_par,0.02
2015-06-23,384522.52,treasury_par,0.02
2015-06-24,386116.17,treasury_par,0.02
2015-06-25,385377.15,treasury_par,0.02
2015-06-26,381815.23,treasury_par,0.02
2015-06-29,388300.22,treasury_par,0.02
2015-06-30,387563.75,treasury_par,0.02
2015-07-01,384272.97,treasury_par,0.02
2015-07-02,385522.91,treasury_par,0.02
2015-07-06,389757.58,treasury_par,0.02
2015-07-07,391030.41,treasury_par,0.02
2015-07-08,393177.32,treasury_par,0.02
2015-07-09,388988.31,treasury_par,0.02
2015-07-10,384727.91,treasury_par,0.02
2015-07-13,384005.50,treasury_par,0.02
2015-07-14,385206.58,treasury_par,0.02
2015-07-15,387440.27,treasury_par,0.02
2015-07-16,387503.09,treasury_par,0.02
2015-07-17,388370.34,treasury_par,0.02
2015-07-20,386908.48,treasury_par,0.02
2015-07-21,388060.01,treasury_par,0.02
2015-07-22,389009.87,treasury_par,0.02
2015-07-23,391100.91,treasury_par,0.02
2015-07-24,391419.20,treasury_par,0.02
2015-07-27,393136.07,treasury_par,0.02
2015-07-28,391977.84,treasury_par,0.02
2015-07-29,390736.39,treasury_par,0.02
2015-07-30,391278.35,treasury_par,0.02
2015-07-31,394405.62,treasury_par,0.02
2015-08-03,396273.28,treasury_par,0.02
2015-08-04,393561.92,treasury_par,0.02
2015-08-05,391466.69,treasury_par,0.02
2015-08-06,393478.99,treasury_par,0.02
2015-08-07,395773.05,treasury_par,0.02
2015-08-10,393323.11,treasury_par,0.02
2015-08-11,397005.08,treasury_par,0.02
2015-08-12,397148.40,treasury_par,0.02
2015-08-13,395256.94,treasury_par,0.02
2015-08-14,394859.06,treasury_par,0.02
2015-08-17,396453.24,treasury_par,0.02
2015-08-18,394750.41,treasury_par,0.02
2015-08-19,398150.08,treasury_par,0.02
2015-08-20,399382.54,treasury_par,0.02
2015-08-21,400870.28,treasury_par,0.02
2015-08-24,402381.39,treasury_par,0.02
2015-08-25,397630.92,treasury_par,0.02
2015-08-26,394876.52,treasury_par,0.02
2015-08-27,395084.38,treasury_par,0.02
2015-08-28,394776.50,treasury_par,0.02
2015-08-31,393859.51,treasury_par,0.02
2015-09-01,395420.23,treasury_par,0.02
2015-09-02,394066.04,treasury_par,0.02
2015-09-03,394894.76,treasury_par,0.02
2015-09-04,397098.64,treasury_par,0.02
2015-09-08,394073.09,treasury_par,0.02
2015-09-09,394069.42,treasury_par,0.02
2015-09-10,393224.61,treasury_par,0.02
2015-09-11,394541.76,treasury_par,0.02
2015-09-14,395229.39,treasury_par,0.02
2015-09-15,390918.53,treasury_par,0.02
2015-09-16,390087.06,treasury_par,0.02
2015-09-17,393660.59,treasury_par,0.02
2015-09-18,397226.20,treasury_par,0.02
2015-09-21,394101.47,treasury_par,0.02
2015-09-22,396787.45,treasury_par,0.02
2015-09-23,396127.94,treasury_par,0.02
2015-09-24,397424.64,treasury_par,0.02
2015-09-25,395723.34,treasury_par,0.02
2015-09-28,398865.66,treasury_par,0.02
2015-09-29,400871.71,treasury_par,0.02
2015-09-30,400263.37,treasury_par,0.02
2015-10-01,400707.55,treasury_par,0.02
2015-10-02,403311.13,treasury_par,0.02
2015-10-05,399963.87,treasury_par,0.02
2015-10-06,400824.37,treasury_par,0.02
2015-10-07,399734.02,treasury_par,0.02
2015-10-08,397938.37,treasury_par,0.02
2015-10-09,397968.70,treasury_par,0.02
2015-10-13,400516.15,treasury_par,0.02
2015-10-14,403557.89,treasury_par,0.02
2015-10-15,401450.48,treasury_par,0.02
2015-10-16,401375.84,treasury_par,0.02
2015-10-19,401189.79,treasury_par,0.02
2015-10-20,399331.32,treasury_par,0.02
2015-10-21,401124.23,treasury_par,0.02
2015-10-22,401114.17,treasury_par,0.02
2015-10-23,398759.00,treasury_par,0.02
2015-10-26,399870.01,treasury_par,0.02
2015-10-27,400797.11,treasury_par,0.02
2015-10-28,398750.70,treasury_par,0.02
2015-10-29,395008.38,treasury_par,0.02
2015-10-30,396205.08,treasury_par,0.02
2015-11-02,394547.04,treasury_par,0.02
2015-11-03,393120.44,treasury_par,0.02
2015-11-04,392325.80,treasury_par,0.02
2015-11-05,391819.82,treasury_par,0.02
2015-11-06,388455.57,treasury_par,0.02
2015-11-09,387553.63,treasury_par,0.02
2015-11-10,389032.51,treasury_par,0.02
2015-11-12,389063.59,treasury_par,0.02
2015-11-13,390623.86,treasury_par,0.02
2015-11-16,391086.32,treasury_par,0.02
2015-11-17,391866.22,treasury_par,0.02
2015-11-18,391134.19,treasury_par,0.02
2015-11-19,392408.23,treasury_par,0.02
2015-11-20,391582.33,treasury_par,0.02
2015-11-23,392105.65,treasury_par,0.02
2015-11-24,392590.03,treasury_par,0.02
2015-11-25,392947.85,treasury_par,0.02
2015-11-27,393338.57,treasury_par,0.02
2015-11-30,393693.73,treasury_par,0.02
2015-12-01,396380.77,treasury_par,0.02
2015-12-02,395331.83,treasury_par,0.02
2015-12-03,389037.91,treasury_par,0.02
2015-12-04,391222.46,treasury_par,0.02
2015-12-07,393336.57,treasury_par,0.02
2015-12-08,392908.19,treasury_par,0.02
2015-12-09,393805.23,treasury_par,0.02
2015-12-10,392925.48,treasury_par,0.02
2015-12-11,397591.28,treasury_par,0.02
2015-12-14,393350.10,treasury_par,0.02
2015-12-15,391521.44,treasury_par,0.02
2015-12-16,390420.02,treasury_par,0.02
2015-12-17,393083.02,treasury_par,0.02
2015-12-18,394976.60,treasury_par,0.02
2015-12-21,394628.93,treasury_par,0.02
2015-12-22,392876.31,treasury_par,0.02
2015-12-23,391537.11,treasury_par,0.02
2015-12-24,392400.12,treasury_par,0.02
2015-12-28,392911.68,treasury_par,0.02
2015-12-29,389490.97,treasury_par,0.02
2015-12-30,389597.96,treasury_par,0.02
2015-12-31,391130.89,treasury_par,0.02
2016-01-04,392376.07,treasury_par,0.02
2016-01-05,391864.72,treasury_par,0.02
2016-01-06,394931.76,treasury_par,0.02
2016-01-07,395988.94,treasury_par,0.02
2016-01-08,397069.82,treasury_par,0.02
2016-01-11,395454.63,treasury_par,0.02
2016-01-12,397898.18,treasury_par,0.02
2016-01-13,399514.84,treasury_par,0.02
2016-01-14,398472.99,treasury_par,0.02
2016-01-15,401495.07,treasury_par,0.02
2016-01-19,400407.47,treasury_par,0.02
2016-01-20,402504.34,treasury_par,0.02
2016-01-21,402077.55,treasury_par,0.02
2016-01-22,400124.87,treasury_par,0.02
2016-01-25,401686.64,treasury_par,0.02
2016-01-26,402509.64,treasury_par,0.02
2016-01-27,402160.44,treasury_par,0.02
2016-01-28,402853.69,treasury_par,0.02
2016-01-29,405460.25,treasury_par,0.02
2016-02-01,404125.37,treasury_par,0.02
2016-02-02,408601.56,treasury_par,0.02
2016-02-03,408048.36,treasury_par,0.02
2016-02-04,408481.01,treasury_par,0.02
2016-02-05,409092.12,treasury_par,0.02
2016-02-08,413714.77,treasury_par,0.02
2016-02-09,414170.86,treasury_par,0.02
2016-02-10,415342.05,treasury_par,0.02
2016-02-11,418692.91,treasury_par,0.02
2016-02-12,414034.23,treasury_par,0.02
2016-02-16,412357.41,treasury_par,0.02
2016-02-17,410786.76,treasury_par,0.02
2016-02-18,413496.93,treasury_par,0.02
2016-02-19,413083.77,treasury_par,0.02
2016-02-22,412650.50,treasury_par,0.02
2016-02-23,413867.40,treasury_par,0.02
2016-02-24,413531.91,treasury_par,0.02
2016-02-25,415174.13,treasury_par,0.02
2016-02-26,412681.34,treasury_par,0.02
2016-02-29,413530.97,treasury_par,0.02
2016-03-01,409540.01,treasury_par,0.02
2016-03-02,409139.78,treasury_par,0.02
2016-03-03,409921.77,treasury_par,0.02
2016-03-04,407599.38,treasury_par,0.02
2016-03-07,406495.90,treasury_par,0.02
2016-03-08,409963.95,treasury_par,0.02
2016-03-09,407262.00,treasury_par,0.02
2016-03-10,405844.92,treasury_par,0.02
2016-03-11,403787.78,treasury_par,0.02
2016-03-14,404211.00,treasury_par,0.02
2016-03-15,404213.42,treasury_par,0.02
2016-03-16,405499.13,treasury_par,0.02
2016-03-17,406811.57,treasury_par,0.02
2016-03-18,408084.15,treasury_par,0.02
2016-03-21,406277.09,treasury_par,0.02
2016-03-22,405368.69,treasury_par,0.02
2016-03-23,408109.14,treasury_par,0.02
2016-03-24,406818.00,treasury_par,0.02
2016-03-28,407686.36,treasury_par,0.02
2016-03-29,411014.90,treasury_par,0.02
2016-03-30,410030.65,treasury_par,0.02
2016-03-31,412188.88,treasury_par,0.02
2016-04-01,411776.42,treasury_par,0.02
2016-04-04,412356.98,treasury_par,0.02
2016-04-05,414570.38,treasury_par,0.02
2016-04-06,413160.80,treasury_par,0.02
2016-04-07,415890.19,treasury_par,0.02
2016-04-08,414986.02,treasury_par,0.02
2016-04-11,414550.48,treasury_par,0.02
2016-04-12,412109.07,treasury_par,0.02
2016-04-13,412910.98,treasury_par,0.02
2016-04-14,411614.01,treasury_par,0.02
2016-04-15,413426.98,treasury_par,0.02
2016-04-18,412462.35,treasury_par,0.02
2016-04-19,411788.88,treasury_par,0.02
2016-04-20,409180.02,treasury_par,0.02
2016-04-21,407858.24,treasury_par,0.02
2016-04-22,407361.16,treasury_par,0.02
2016-04-25,406498.10,treasury_par,0.02
2016-04-26,405217.92,treasury_par,0.02
2016-04-27,408122.29,treasury_par,0.02
2016-04-28,409482.60,treasury_par,0.02
2016-04-29,409838.11,treasury_par,0.02
2016-05-02,407748.57,treasury_par,0.02
2016-05-03,410788.67,treasury_par,0.02
2016-05-04,411656.19,treasury_par,0.02
2016-05-05,413153.37,treasury_par,0.02
2016-05-06,411843.82,treasury_par,0.02
2016-05-09,412859.28,treasury_par,0.02
2016-05-10,412793.83,treasury_par,0.02
2016-05-11,414229.38,treasury_par,0.02
2016-05-12,413190.16,treasury_par,0.02
2016-05-13,414874.01,treasury_par,0.02
2016-05-16,413121.13,treasury_par,0.02
2016-05-17,412706.83,treasury_par,0.02
2016-05-18,408052.71,treasury_par,0.02
2016-05-19,409013.20,treasury_par,0.02
2016-05-20,409156.68,treasury_par,0.02
2016-05-23,409521.65,treasury_par,0.02
2016-05-24,408584.75,treasury_par,0.02
2016-05-25,408064.07,treasury_par,0.02
2016-05-26,409693.62,treasury_par,0.02
2016-05-27,408921.39,treasury_par,0.02
2016-05-31,409439.08,treasury_par,0.02
2016-06-01,409205.83,treasury_par,0.02
2016-06-02,411024.43,treasury_par,0.02
2016-06-03,415420.98,treasury_par,0.02
2016-06-06,414377.82,treasury_par,0.02
2016-06-07,414989.40,treasury_par,0.02
2016-06-08,415444.56,treasury_par,0.02
2016-06-09,416683.97,treasury_par,0.02
2016-06-10,418432.03,treasury_par,0.02
2016-06-13,419226.12,treasury_par,0.02
2016-06-14,419319.94,treasury_par,0.02
2016-06-15,420265.32,treasury_par,0.02
2016-06-16,421449.63,treasury_par,0.02
2016-06-17,419484.05,treasury_par,0.02
2016-06-20,417445.85,treasury_par,0.02
2016-06-21,415670.75,treasury_par,0.02
2016-06-22,416312.47,treasury_par,0.02
2016-06-23,414021.84,treasury_par,0.02
2016-06-24,421582.98,treasury_par,0.02
2016-06-27,426564.38,treasury_par,0.01
2016-06-28,426567.63,treasury_par,0.01
2016-06-29,424861.16,treasury_par,0.01
2016-06-30,425210.63,treasury_par,0.01
2016-07-01,426680.66,treasury_par,0.01
2016-07-05,430686.74,treasury_par,0.01
2016-07-06,430336.10,treasury_par,0.01
2016-07-07,429687.25,treasury_par,0.01
2016-07-08,430992.89,treasury_par,0.01
2016-07-11,428294.22,treasury_par,0.01
2016-07-12,424029.35,treasury_par,0.02
2016-07-13,426129.46,treasury_par,0.01
2016-07-14,423766.69,treasury_par,0.02
2016-07-15,420813.11,treasury_par,0.02
2016-07-18,421232.04,treasury_par,0.02
2016-07-19,422409.54,treasury_par,0.02
2016-07-20,421069.79,treasury_par,0.02
2016-07-21,421942.55,treasury_par,0.02
2016-07-22,421789.93,treasury_par,0.02
2016-07-25,421440.47,treasury_par,0.02
2016-07-26,421888.72,treasury_par,0.02
2016-07-27,424128.06,treasury_par,0.02
2016-07-28,424224.34,treasury_par,0.02
2016-07-29,426826.37,treasury_par,0.01
2016-08-01,424553.01,treasury_par,0.02
2016-08-02,422839.45,treasury_par,0.02
2016-08-03,422913.19,treasury_par,0.02
2016-08-04,424712.42,treasury_par,0.02
2016-08-05,421080.06,treasury_par,0.02
2016-08-08,420997.23,treasury_par,0.02
2016-08-09,422881.32,treasury_par,0.02
2016-08-10,424856.10,treasury_par,0.01
2016-08-11,421738.43,treasury_par,0.02
2016-08-12,424230.12,treasury_par,0.02
2016-08-15,422340.03,treasury_par,0.02
2016-08-16,421452.28,treasury_par,0.02
2016-08-17,421991.58,treasury_par,0.02
2016-08-18,423133.51,treasury_par,0.02
2016-08-19,421007.24,treasury_par,0.02
2016-08-22,422533.67,treasury_par,0.02
2016-08-23,422530.94,treasury_par,0.02
2016-08-24,422179.64,treasury_par,0.02
2016-08-25,421209.27,treasury_par,0.02
2016-08-26,419190.51,treasury_par,0.02
2016-08-29,421583.17,treasury_par,0.02
2016-08-30,421411.56,treasury_par,0.02
2016-08-31,421151.31,treasury_par,0.02
2016-09-01,421499.29,treasury_par,0.02
2016-09-02,419974.90,treasury_par,0.02
2016-09-06,422351.89,treasury_par,0.02
2016-09-07,422804.19,treasury_par,0.02
2016-09-08,419491.73,treasury_par,0.02
2016-09-09,416813.89,treasury_par,0.02
2016-09-12,416622.54,treasury_par,0.02
2016-09-13,414160.11,treasury_par,0.02
2016-09-14,415455.83,treasury_par,0.02
2016-09-15,414965.27,treasury_par,0.02
2016-09-16,415532.28,treasury_par,0.02
2016-09-19,415458.97,treasury_par,0.02
2016-09-20,415986.70,treasury_par,0.02
2016-09-21,417227.22,treasury_par,0.02
2016-09-22,418575.32,treasury_par,0.02
2016-09-23,419002.01,treasury_par,0.02
2016-09-26,420239.35,treasury_par,0.02
2016-09-27,421591.36,treasury_par,0.02
2016-09-28,421166.23,treasury_par,0.02
2016-09-29,421680.58,treasury_par,0.02
2016-09-30,419985.50,treasury_par,0.02
2016-10-03,418674.33,treasury_par,0.02
2016-10-04,416009.54,treasury_par,0.02
2016-10-05,414690.02,treasury_par,0.02
2016-10-06,413304.26,treasury_par,0.02
2016-10-07,414067.02,treasury_par,0.02
2016-10-11,412491.74,treasury_par,0.02
2016-10-12,411600.61,treasury_par,0.02
2016-10-13,413361.58,treasury_par,0.02
2016-10-14,411210.93,treasury_par,0.02
2016-10-17,412440.53,treasury_par,0.02
2016-10-18,413224.38,treasury_par,0.02
2016-10-19,412952.36,treasury_par,0.02
2016-10-20,412975.05,treasury_par,0.02
2016-10-21,413853.15,treasury_par,0.02
2016-10-24,412541.34,treasury_par,0.02
2016-10-25,412628.04,treasury_par,0.02
2016-10-26,411591.11,treasury_par,0.02
2016-10-27,409061.71,treasury_par,0.02
2016-10-28,408763.27,treasury_par,0.02
2016-10-31,409557.91,treasury_par,0.02
2016-11-01,409986.38,treasury_par,0.02
2016-11-02,411011.83,treasury_par,0.02
2016-11-03,410392.18,treasury_par,0.02
2016-11-04,411691.49,treasury_par,0.02
2016-11-07,409876.48,treasury_par,0.02
2016-11-08,407909.41,treasury_par,0.02
2016-11-09,399398.10,treasury_par,0.02
2016-11-10,396203.98,treasury_par,0.02
2016-11-14,392906.99,treasury_par,0.02
2016-11-15,392859.80,treasury_par,0.02
2016-11-16,393381.44,treasury_par,0.02
2016-11-17,390525.69,treasury_par,0.02
2016-11-18,388753.85,treasury_par,0.02
2016-11-21,389172.27,treasury_par,0.02
2016-11-22,389751.98,treasury_par,0.02
2016-11-23,387973.85,treasury_par,0.02
2016-11-25,387911.13,treasury_par,0.02
2016-11-28,389530.32,treasury_par,0.02
2016-11-29,390285.25,treasury_par,0.02
2016-11-30,387471.62,treasury_par,0.02
2016-12-01,384187.42,treasury_par,0.02
2016-12-02,386127.79,treasury_par,0.02
2016-12-05,386642.44,treasury_par,0.02
2016-12-06,386616.11,treasury_par,0.02
2016-12-07,388515.62,treasury_par,0.02
2016-12-08,385871.37,treasury_par,0.02
2016-12-09,383173.71,treasury_par,0.02
2016-12-12,382759.65,treasury_par,0.02
2016-12-13,383112.29,treasury_par,0.02
2016-12-14,381038.08,treasury_par,0.03
2016-12-15,378752.96,treasury_par,0.03
2016-12-16,378638.60,treasury_par,0.03
2016-12-19,381037.99,treasury_par,0.03
2016-12-20,379827.01,treasury_par,0.03
2016-12-21,380684.99,treasury_par,0.03
2016-12-22,380619.44,treasury_par,0.03
2016-12-23,380686.14,treasury_par,0.03
2016-12-27,379907.30,treasury_par,0.03
2016-12-28,382171.80,treasury_par,0.03
2016-12-29,382866.77,treasury_par,0.02
2016-12-30,384469.03,treasury_par,0.02
2017-01-03,384510.28,treasury_par,0.02
2017-01-04,384259.28,treasury_par,0.02
2017-01-05,387846.33,treasury_par,0.02
2017-01-06,385912.85,treasury_par,0.02
2017-01-09,387609.63,treasury_par,0.02
2017-01-10,387605.74,treasury_par,0.02
2017-01-11,387696.09,treasury_par,0.02
2017-01-12,388264.46,treasury_par,0.02
2017-01-13,386790.91,treasury_par,0.02
2017-01-17,389404.34,treasury_par,0.02
2017-01-18,385759.46,treasury_par,0.02
2017-01-19,383966.14,treasury_par,0.02
2017-01-20,383516.90,treasury_par,0.02
2017-01-23,386484.11,treasury_par,0.02
2017-01-24,383922.77,treasury_par,0.02
2017-01-25,381492.53,treasury_par,0.03
2017-01-26,382360.62,treasury_par,0.03
2017-01-27,383173.42,treasury_par,0.02
2017-01-30,382997.29,treasury_par,0.02
2017-01-31,384624.19,treasury_par,0.02
2017-02-01,383501.67,treasury_par,0.02
2017-02-02,383497.52,treasury_par,0.02
2017-02-03,383070.71,treasury_par,0.02
2017-02-06,385883.15,treasury_par,0.02
2017-02-07,386707.20,treasury_par,0.02
2017-02-08,388965.58,treasury_par,0.02
2017-02-09,386518.54,treasury_par,0.02
2017-02-10,386044.04,treasury_par,0.02
2017-02-13,385223.63,treasury_par,0.02
2017-02-14,383547.68,treasury_par,0.02
2017-02-15,382029.57,treasury_par,0.03
2017-02-16,384326.43,treasury_par,0.02
2017-02-17,385459.32,treasury_par,0.02
2017-02-21,385149.50,treasury_par,0.02
2017-02-22,385466.76,treasury_par,0.02
2017-02-23,386928.82,treasury_par,0.02
2017-02-24,389769.96,treasury_par,0.02
2017-02-27,387853.28,treasury_par,0.02
2017-02-28,387981.39,treasury_par,0.02
2017-03-01,383836.03,treasury_par,0.02
2017-03-02,382635.26,treasury_par,0.02
2017-03-03,382719.81,treasury_par,0.02
2017-03-06,382634.29,treasury_par,0.02
2017-03-07,381670.83,treasury_par,0.03
2017-03-08,379822.53,treasury_par,0.03
2017-03-09,378313.78,treasury_par,0.03
2017-03-10,379006.31,treasury_par,0.03
2017-03-13,377574.84,treasury_par,0.03
2017-03-14,378394.52,treasury_par,0.03
2017-03-15,381941.32,treasury_par,0.03
2017-03-16,381082.13,treasury_par,0.03
2017-03-17,382280.56,treasury_par,0.03
2017-03-20,383485.90,treasury_par,0.02
2017-03-21,385104.22,treasury_par,0.02
2017-03-22,386254.77,treasury_par,0.02
2017-03-23,385931.60,treasury_par,0.02
2017-03-24,386434.70,treasury_par,0.02
2017-03-27,387163.92,treasury_par,0.02
2017-03-28,385481.86,treasury_par,0.02
2017-03-29,386765.34,treasury_par,0.02
2017-03-30,385387.20,treasury_par,0.02
2017-03-31,386253.59,treasury_par,0.02
2017-04-03,388366.19,treasury_par,0.02
2017-04-04,388025.66,treasury_par,0.02
2017-04-05,388752.44,treasury_par,0.02
2017-04-06,388596.89,treasury_par,0.02
2017-04-07,387094.78,treasury_par,0.02
2017-04-10,387663.66,treasury_par,0.02
2017-04-11,389832.70,treasury_par,0.02
2017-04-12,391175.63,treasury_par,0.02
2017-04-13,392733.34,treasury_par,0.02
2017-04-17,391817.40,treasury_par,0.02
2017-04-18,395295.11,treasury_par,0.02
2017-04-19,393978.36,treasury_par,0.02
2017-04-20,392753.33,treasury_par,0.02
2017-04-21,392817.10,treasury_par,0.02
2017-04-24,391176.93,treasury_par,0.02
2017-04-25,388463.64,treasury_par,0.02
2017-04-26,389602.03,treasury_par,0.02
2017-04-27,390331.79,treasury_par,0.02
2017-04-28,390688.33,treasury_par,0.02
2017-05-01,389111.89,treasury_par,0.02
2017-05-02,390666.95,treasury_par,0.02
2017-05-03,389141.40,treasury_par,0.02
2017-05-04,387910.75,treasury_par,0.02
2017-05-05,387912.34,treasury_par,0.02
2017-05-08,386752.54,treasury_par,0.02
2017-05-09,385546.99,treasury_par,0.02
2017-05-10,385790.47,treasury_par,0.02
2017-05-11,386518.41,treasury_par,0.02
2017-05-12,388852.89,treasury_par,0.02
2017-05-15,388353.44,treasury_par,0.02
2017-05-16,388845.54,treasury_par,0.02
2017-05-17,393145.74,treasury_par,0.02
2017-05-18,392914.53,treasury_par,0.02
2017-05-19,392939.22,treasury_par,0.02
2017-05-22,392267.36,treasury_par,0.02
2017-05-23,390623.15,treasury_par,0.02
2017-05-24,391865.48,treasury_par,0.02
2017-05-25,392194.79,treasury_par,0.02
2017-05-26,392192.53,treasury_par,0.02
2017-05-30,393851.21,treasury_par,0.02
2017-05-31,393944.91,treasury_par,0.02
2017-06-01,393945.27,treasury_par,0.02
2017-06-02,396544.95,treasury_par,0.02
2017-06-05,395300.15,treasury_par,0.02
2017-06-06,396878.22,treasury_par,0.02
2017-06-07,395301.61,treasury_par,0.02
2017-06-08,394893.63,treasury_par,0.02
2017-06-09,394071.82,treasury_par,0.02
2017-06-12,394066.90,treasury_par,0.02
2017-06-13,393987.39,treasury_par,0.02
2017-06-14,396578.48,treasury_par,0.02
2017-06-15,396268.66,treasury_par,0.02
2017-06-16,396331.72,treasury_par,0.02
2017-06-19,395128.02,treasury_par,0.02
2017-06-20,396472.50,treasury_par,0.02
2017-06-21,396488.98,treasury_par,0.02
2017-06-22,396971.12,treasury_par,0.02
2017-06-23,396876.97,treasury_par,0.02
2017-06-26,397388.80,treasury_par,0.02
2017-06-27,394561.24,treasury_par,0.02
2017-06-28,393954.90,treasury_par,0.02
2017-06-29,391974.13,treasury_par,0.02
2017-06-30,390496.09,treasury_par,0.02
2017-07-03,388798.10,treasury_par,0.02
2017-07-05,389619.57,treasury_par,0.02
2017-07-06,387883.01,treasury_par,0.02
2017-07-07,387039.10,treasury_par,0.02
2017-07-10,387517.66,treasury_par,0.02
2017-07-11,387980.78,treasury_par,0.02
2017-07-12,389615.06,treasury_par,0.02
2017-07-13,388626.87,treasury_par,0.02
2017-07-14,389514.22,treasury_par,0.02
2017-07-17,390270.51,treasury_par,0.02
2017-07-18,391930.09,treasury_par,0.02
2017-07-19,391863.72,treasury_par,0.02
2017-07-20,392018.99,treasury_par,0.02
2017-07-21,393260.40,treasury_par,0.02
2017-07-24,392440.79,treasury_par,0.02
2017-07-25,389390.85,treasury_par,0.02
2017-07-26,390984.16,treasury_par,0.02
2017-07-27,389750.32,treasury_par,0.02
2017-07-28,390659.42,treasury_par,0.02
2017-07-31,390500.01,treasury_par,0.02
2017-08-01,392252.01,treasury_par,0.02
2017-08-02,392024.13,treasury_par,0.02
2017-08-03,393348.35,treasury_par,0.02
2017-08-04,391929.34,treasury_par,0.02
2017-08-07,392350.91,treasury_par,0.02
2017-08-08,391105.93,treasury_par,0.02
2017-08-09,393007.76,treasury_par,0.02
2017-08-10,394609.02,treasury_par,0.02
2017-08-11,395054.76,treasury_par,0.02
2017-08-14,393844.08,treasury_par,0.02
2017-08-15,391945.28,treasury_par,0.02
2017-08-16,393496.03,treasury_par,0.02
2017-08-17,395087.44,treasury_par,0.02
2017-08-18,395090.95,treasury_par,0.02
2017-08-21,395594.02,treasury_par,0.02
2017-08-22,394014.12,treasury_par,0.02
2017-08-23,396006.81,treasury_par,0.02
2017-08-24,395176.03,treasury_par,0.02
2017-08-25,395949.19,treasury_par,0.02
2017-08-28,396280.79,treasury_par,0.02
2017-08-29,397538.18,treasury_par,0.02
2017-08-30,396855.99,treasury_par,0.02
2017-08-31,397961.52,treasury_par,0.02
2017-09-01,396287.33,treasury_par,0.02
2017-09-05,399973.47,treasury_par,0.02
2017-09-06,398704.56,treasury_par,0.02
2017-09-07,400901.94,treasury_par,0.02
2017-09-08,400480.13,treasury_par,0.02
2017-09-11,397188.91,treasury_par,0.02
2017-09-12,395931.74,treasury_par,0.02
2017-09-13,394930.04,treasury_par,0.02
2017-09-14,395030.08,treasury_par,0.02
2017-09-15,394834.84,treasury_par,0.02
2017-09-18,393565.97,treasury_par,0.02
2017-09-19,393153.03,treasury_par,0.02
2017-09-20,391623.21,treasury_par,0.02
2017-09-21,392120.28,treasury_par,0.02
2017-09-22,392444.86,treasury_par,0.02
2017-09-25,394032.96,treasury_par,0.02
2017-09-26,393360.99,treasury_par,0.02
2017-09-27,390451.09,treasury_par,0.02
2017-09-28,390425.78,treasury_par,0.02
2017-09-29,389720.40,treasury_par,0.02
2017-10-02,389312.28,treasury_par,0.02
2017-10-03,389789.61,treasury_par,0.02
2017-10-04,389701.84,treasury_par,0.02
2017-10-05,388972.12,treasury_par,0.02
2017-10-06,388010.91,treasury_par,0.02
2017-10-10,388917.02,treasury_par,0.02
2017-10-11,389081.13,treasury_par,0.02
2017-10-12,389837.13,treasury_par,0.02
2017-10-13,391743.20,treasury_par,0.02
2017-10-16,391041.11,treasury_par,0.02
2017-10-17,391039.47,treasury_par,0.02
2017-10-18,389401.59,treasury_par,0.02
2017-10-19,389896.81,treasury_par,0.02
2017-10-20,387353.94,treasury_par,0.02
2017-10-23,387821.15,treasury_par,0.02
2017-10-24,386195.61,treasury_par,0.02
2017-10-25,385384.78,treasury_par,0.02
2017-10-26,384583.01,treasury_par,0.02
2017-10-27,386110.09,treasury_par,0.02
2017-10-30,388082.22,treasury_par,0.02
2017-10-31,387773.46,treasury_par,0.02
2017-11-01,388369.29,treasury_par,0.02
2017-11-02,389119.66,treasury_par,0.02
2017-11-03,389701.04,treasury_par,0.02
2017-11-06,390427.38,treasury_par,0.02
2017-11-07,390617.68,treasury_par,0.02
2017-11-08,390404.36,treasury_par,0.02
2017-11-09,389891.51,treasury_par,0.02
2017-11-10,386950.03,treasury_par,0.02
2017-11-13,386966.31,treasury_par,0.02
2017-11-14,387801.18,treasury_par,0.02
2017-11-15,389934.63,treasury_par,0.02
2017-11-16,388316.97,treasury_par,0.02
2017-11-17,389229.94,treasury_par,0.02
2017-11-20,388447.96,treasury_par,0.02
2017-11-21,388814.54,treasury_par,0.02
2017-11-22,390248.43,treasury_par,0.02
2017-11-24,389584.58,treasury_par,0.02
2017-11-27,390313.39,treasury_par,0.02
2017-11-28,389517.11,treasury_par,0.02
2017-11-29,388205.10,treasury_par,0.02
2017-11-30,386415.25,treasury_par,0.02
2017-12-01,388499.82,treasury_par,0.02
2017-12-04,388448.83,treasury_par,0.02
2017-12-05,389043.60,treasury_par,0.02
2017-12-06,390179.72,treasury_par,0.02
2017-12-07,388447.89,treasury_par,0.02
2017-12-08,388104.45,treasury_par,0.02
2017-12-11,387801.17,treasury_par,0.02
2017-12-12,387324.34,treasury_par,0.02
2017-12-13,389074.61,treasury_par,0.02
2017-12-14,389537.37,treasury_par,0.02
2017-12-15,389571.67,treasury_par,0.02
2017-12-18,387975.32,treasury_par,0.02
2017-12-19,384959.29,treasury_par,0.02
2017-12-20,383573.94,treasury_par,0.02
2017-12-21,384168.95,treasury_par,0.02
2017-12-22,384106.39,treasury_par,0.02
2017-12-26,384675.29,treasury_par,0.02
2017-12-27,386799.64,treasury_par,0.02
2017-12-28,386333.54,treasury_par,0.02
2017-12-29,387460.05,treasury_par,0.02
2018-01-02,385105.17,treasury_par,0.02
2018-01-03,385856.20,treasury_par,0.02
2018-01-04,385301.96,treasury_par,0.02
2018-01-05,384741.36,treasury_par,0.02
2018-01-08,384090.92,treasury_par,0.02
2018-01-09,381657.12,treasury_par,0.03
2018-01-10,381501.01,treasury_par,0.03
2018-01-11,381906.94,treasury_par,0.03
2018-01-12,381625.13,treasury_par,0.03
2018-01-16,382055.74,treasury_par,0.03
2018-01-17,380951.76,treasury_par,0.03
2018-01-18,378934.43,treasury_par,0.03
2018-01-19,378237.44,treasury_par,0.03
2018-01-22,377536.16,treasury_par,0.03
2018-01-23,378693.47,treasury_par,0.03
2018-01-24,377826.05,treasury_par,0.03
2018-01-25,378799.61,treasury_par,0.03
2018-01-26,377496.30,treasury_par,0.03
2018-01-29,376063.85,treasury_par,0.03
2018-01-30,374870.29,treasury_par,0.03
2018-01-31,375320.60,treasury_par,0.03
2018-02-01,372889.77,treasury_par,0.03
2018-02-02,370575.66,treasury_par,0.03
2018-02-05,373163.91,treasury_par,0.03
2018-02-06,372408.80,treasury_par,0.03
2018-02-07,370306.51,treasury_par,0.03
2018-02-08,369821.26,treasury_par,0.03
2018-02-09,370598.39,treasury_par,0.03
2018-02-12,369585.42,treasury_par,0.03
2018-02-13,370763.55,treasury_par,0.03
2018-02-14,367583.34,treasury_par,0.03
2018-02-15,368145.78,treasury_par,0.03
2018-02-16,369161.15,treasury_par,0.03
2018-02-20,368771.24,treasury_par,0.03
2018-02-21,366445.85,treasury_par,0.03
2018-02-22,367207.51,treasury_par,0.03
2018-02-23,368895.27,treasury_par,0.03
2018-02-26,369575.52,treasury_par,0.03
2018-02-27,368020.36,treasury_par,0.03
2018-02-28,369261.41,treasury_par,0.03
2018-03-01,371484.50,treasury_par,0.03
2018-03-02,369556.15,treasury_par,0.03
2018-03-05,368779.12,treasury_par,0.03
2018-03-06,368871.53,treasury_par,0.03
2018-03-07,368544.99,treasury_par,0.03
2018-03-08,369651.61,treasury_par,0.03
2018-03-09,368260.48,treasury_par,0.03
2018-03-12,369503.42,treasury_par,0.03
2018-03-13,370512.40,treasury_par,0.03
2018-03-14,371710.43,treasury_par,0.03
2018-03-15,371416.93,treasury_par,0.03
2018-03-16,370406.80,treasury_par,0.03
2018-03-19,370328.54,treasury_par,0.03
2018-03-20,368795.91,treasury_par,0.03
2018-03-21,368770.14,treasury_par,0.03
2018-03-22,371176.94,treasury_par,0.03
2018-03-23,371534.27,treasury_par,0.03
2018-03-26,370409.67,treasury_par,0.03
2018-03-27,373096.68,treasury_par,0.03
2018-03-28,373313.55,treasury_par,0.03
2018-03-29,374631.08,treasury_par,0.03
2018-04-02,374925.26,treasury_par,0.03
2018-04-03,372672.71,treasury_par,0.03
2018-04-04,372589.63,treasury_par,0.03
2018-04-05,371105.69,treasury_par,0.03
2018-04-06,373428.83,treasury_par,0.03
2018-04-09,373077.48,treasury_par,0.03
2018-04-10,372478.81,treasury_par,0.03
2018-04-11,373020.44,treasury_par,0.03
2018-04-12,371264.39,treasury_par,0.03
2018-04-13,371674.06,treasury_par,0.03
2018-04-16,371376.04,treasury_par,0.03
2018-04-17,371861.66,treasury_par,0.03
2018-04-18,369789.34,treasury_par,0.03
2018-04-19,367838.55,treasury_par,0.03
2018-04-20,366402.64,treasury_par,0.03
2018-04-23,365673.28,treasury_par,0.03
2018-04-24,364875.14,treasury_par,0.03
2018-04-25,363710.52,treasury_par,0.03
2018-04-26,364876.99,treasury_par,0.03
2018-04-27,366432.70,treasury_par,0.03
2018-04-30,366903.59,treasury_par,0.03
2018-05-01,366157.45,treasury_par,0.03
2018-05-02,366121.29,treasury_par,0.03
2018-05-03,367122.17,treasury_par,0.03
2018-05-04,366892.84,treasury_par,0.03
2018-05-07,366895.55,treasury_par,0.03
2018-05-08,366076.52,treasury_par,0.03
2018-05-09,364939.93,treasury_par,0.03
2018-05-10,366037.66,treasury_par,0.03
2018-05-11,366122.04,treasury_par,0.03
2018-05-14,365038.73,treasury_par,0.03
2018-05-15,362013.37,treasury_par,0.03
2018-05-16,361555.94,treasury_par,0.03
2018-05-17,360704.31,treasury_par,0.03
2018-05-18,362581.88,treasury_par,0.03
2018-05-21,362687.76,treasury_par,0.03
2018-05-22,362605.72,treasury_par,0.03
2018-05-23,364593.01,treasury_par,0.03
2018-05-24,365664.83,treasury_par,0.03
2018-05-25,367563.66,treasury_par,0.03
2018-05-29,373575.87,treasury_par,0.03
2018-05-30,370927.88,treasury_par,0.03
2018-05-31,371403.07,treasury_par,0.03
2018-06-01,369141.57,treasury_par,0.03
2018-06-04,367379.39,treasury_par,0.03
2018-06-05,368054.53,treasury_par,0.03
2018-06-06,365997.40,treasury_par,0.03
2018-06-07,367673.42,treasury_par,0.03
2018-06-08,367672.46,treasury_par,0.03
2018-06-11,366618.56,treasury_par,0.03
2018-06-12,366626.84,treasury_par,0.03
2018-06-13,365766.73,treasury_par,0.03
2018-06-14,367445.36,treasury_par,0.03
2018-06-15,367817.38,treasury_par,0.03
2018-06-18,368056.29,treasury_par,0.03
2018-06-19,369324.89,treasury_par,0.03
2018-06-20,367733.56,treasury_par,0.03
2018-06-21,368799.44,treasury_par,0.03
2018-06-22,368798.22,treasury_par,0.03
2018-06-25,369866.13,treasury_par,0.03
2018-06-26,369559.05,treasury_par,0.03
2018-06-27,371484.17,treasury_par,0.03
2018-06-28,371034.49,treasury_par,0.03
2018-06-29,370809.17,treasury_par,0.03
2018-07-02,370136.99,treasury_par,0.03
2018-07-03,371592.30,treasury_par,0.03
2018-07-05,371383.49,treasury_par,0.03
2018-07-06,372075.04,treasury_par,0.03
2018-07-09,370616.16,treasury_par,0.03
2018-07-10,370248.10,treasury_par,0.03
2018-07-11,370952.36,treasury_par,0.03
2018-07-12,370901.51,treasury_par,0.03
2018-07-13,371731.07,treasury_par,0.03
2018-07-16,370873.22,treasury_par,0.03
2018-07-17,370500.61,treasury_par,0.03
2018-07-18,369784.53,treasury_par,0.03
2018-07-19,371181.43,treasury_par,0.03
2018-07-20,369220.29,treasury_par,0.03
2018-07-23,366459.19,treasury_par,0.03
2018-07-24,366937.42,treasury_par,0.03
2018-07-25,367414.57,treasury_par,0.03
2018-07-26,365753.26,treasury_par,0.03
2018-07-27,366572.77,treasury_par,0.03
2018-07-30,365806.20,treasury_par,0.03
2018-07-31,366579.08,treasury_par,0.03
2018-08-01,365047.07,treasury_par,0.03
2018-08-02,365781.52,treasury_par,0.03
2018-08-03,366856.30,treasury_par,0.03
2018-08-06,367303.50,treasury_par,0.03
2018-08-07,365849.11,treasury_par,0.03
2018-08-08,366415.89,treasury_par,0.03
2018-08-09,367633.15,treasury_par,0.03
2018-08-10,369897.91,treasury_par,0.03
2018-08-13,369572.38,treasury_par,0.03
2018-08-14,369143.32,treasury_par,0.03
2018-08-15,370291.20,treasury_par,0.03
2018-08-16,370000.65,treasury_par,0.03
2018-08-17,369984.37,treasury_par,0.03
2018-08-20,371832.75,treasury_par,0.03
2018-08-21,370759.77,treasury_par,0.03
2018-08-22,371832.49,treasury_par,0.03
2018-08-23,371858.89,treasury_par,0.03
2018-08-24,371960.13,treasury_par,0.03
2018-08-27,370811.20,treasury_par,0.03
2018-08-28,369575.74,treasury_par,0.03
2018-08-29,369283.27,treasury_par,0.03
2018-08-30,370426.58,treasury_par,0.03
2018-08-31,370305.71,treasury_par,0.03
2018-09-04,368778.43,treasury_par,0.03
2018-09-05,368689.82,treasury_par,0.03
2018-09-06,369456.98,treasury_par,0.03
2018-09-07,367272.36,treasury_par,0.03
2018-09-10,367361.42,treasury_par,0.03
2018-09-11,365792.22,treasury_par,0.03
2018-09-12,366251.59,treasury_par,0.03
2018-09-13,366260.70,treasury_par,0.03
2018-09-14,365361.94,treasury_par,0.03
2018-09-17,365363.91,treasury_par,0.03
2018-09-18,363070.18,treasury_par,0.03
2018-09-19,362015.20,treasury_par,0.03
2018-09-20,362396.23,treasury_par,0.03
2018-09-21,362479.60,treasury_par,0.03
2018-09-24,362105.11,treasury_par,0.03
2018-09-25,361354.81,treasury_par,0.03
2018-09-26,362781.83,treasury_par,0.03
2018-09-27,362864.77,treasury_par,0.03
2018-09-28,363154.16,treasury_par,0.03
2018-10-01,361624.69,treasury_par,0.03
2018-10-02,363076.77,treasury_par,0.03
2018-10-03,359382.09,treasury_par,0.03
2018-10-04,357814.64,treasury_par,0.03
2018-10-05,356244.72,treasury_par,0.03
2018-10-09,357216.16,treasury_par,0.03
2018-10-10,356732.84,treasury_par,0.03
2018-10-11,359600.35,treasury_par,0.03
2018-10-12,359359.66,treasury_par,0.03
2018-10-15,358907.27,treasury_par,0.03
2018-10-16,358998.88,treasury_par,0.03
2018-10-17,357884.36,treasury_par,0.03
2018-10-18,358540.54,treasury_par,0.03
2018-10-19,357446.33,treasury_par,0.03
2018-10-22,357508.31,treasury_par,0.03
2018-10-23,358523.96,treasury_par,0.03
2018-10-24,361020.42,treasury_par,0.03
2018-10-25,359549.15,treasury_par,0.03
2018-10-26,361667.46,treasury_par,0.03
2018-10-29,361674.82,treasury_par,0.03
2018-10-30,360330.79,treasury_par,0.03
2018-10-31,359079.14,treasury_par,0.03
2018-11-01,359436.54,treasury_par,0.03
2018-11-02,356543.87,treasury_par,0.03
2018-11-05,357323.95,treasury_par,0.03
2018-11-06,356672.54,treasury_par,0.03
2018-11-07,356633.33,treasury_par,0.03
2018-11-08,355982.64,treasury_par,0.03
2018-11-09,357682.45,treasury_par,0.03
2018-11-13,359499.10,treasury_par,0.03
2018-11-14,360291.85,treasury_par,0.03
2018-11-15,360560.28,treasury_par,0.03
2018-11-16,361735.00,treasury_par,0.03
2018-11-19,362391.52,treasury_par,0.03
2018-11-20,362397.76,treasury_par,0.03
2018-11-21,362346.40,treasury_par,0.03
2018-11-23,362722.30,treasury_par,0.03
2018-11-26,362131.52,treasury_par,0.03
2018-11-27,362365.72,treasury_par,0.03
2018-11-28,362327.91,treasury_par,0.03
2018-11-29,363384.80,treasury_par,0.03
2018-11-30,364149.11,treasury_par,0.03
2018-12-03,365336.41,treasury_par,0.03
2018-12-04,368199.86,treasury_par,0.03
2018-12-06,369712.08,treasury_par,0.03
2018-12-07,370357.19,treasury_par,0.03
2018-12-10,370447.03,treasury_par,0.03
2018-12-11,369101.00,treasury_par,0.03
2018-12-12,368260.57,treasury_par,0.03
2018-12-13,368224.46,treasury_par,0.03
2018-12-14,368972.90,treasury_par,0.03
2018-12-17,370173.13,treasury_par,0.03
2018-12-18,371637.26,treasury_par,0.03
2018-12-19,373744.67,treasury_par,0.03
2018-12-20,372840.90,treasury_par,0.03
2018-12-21,372809.94,treasury_par,0.03
2018-12-24,374713.07,treasury_par,0.03
2018-12-26,372014.02,treasury_par,0.03
2018-12-27,373504.20,treasury_par,0.03
2018-12-28,375268.90,treasury_par,0.03
2018-12-31,376417.18,treasury_par,0.03
2019-01-02,377698.98,treasury_par,0.03
2019-01-03,381569.57,treasury_par,0.03
2019-01-04,377450.52,treasury_par,0.03
2019-01-07,376221.79,treasury_par,0.03
2019-01-08,375160.93,treasury_par,0.03
2019-01-09,374661.94,treasury_par,0.03
2019-01-10,374556.77,treasury_par,0.03
2019-01-11,375639.69,treasury_par,0.03
2019-01-14,375548.34,treasury_par,0.03
2019-01-15,375154.06,treasury_par,0.03
2019-01-16,374858.06,treasury_par,0.03
2019-01-17,374036.06,treasury_par,0.03
2019-01-18,372674.83,treasury_par,0.03
2019-01-22,374521.82,treasury_par,0.03
2019-01-23,373808.16,treasury_par,0.03
2019-01-24,375365.48,treasury_par,0.03
2019-01-25,373903.67,treasury_par,0.03
2019-01-28,374212.61,treasury_par,0.03
2019-01-29,375346.52,treasury_par,0.03
2019-01-30,376000.13,treasury_par,0.03
2019-01-31,378735.68,treasury_par,0.03
2019-02-01,376107.06,treasury_par,0.03
2019-02-04,374849.93,treasury_par,0.03
2019-02-05,375715.31,treasury_par,0.03
2019-02-06,376109.52,treasury_par,0.03
2019-02-07,377893.61,treasury_par,0.03
2019-02-08,378689.74,treasury_par,0.03
2019-02-11,377767.98,treasury_par,0.03
2019-02-12,376736.01,treasury_par,0.03
2019-02-13,375657.97,treasury_par,0.03
2019-02-14,377528.03,treasury_par,0.03
2019-02-15,377563.45,treasury_par,0.03
2019-02-19,377922.10,treasury_par,0.03
2019-02-20,377921.85,treasury_par,0.03
2019-02-21,376263.75,treasury_par,0.03
2019-02-22,377741.82,treasury_par,0.03
2019-02-25,377050.87,treasury_par,0.03
2019-02-26,378217.41,treasury_par,0.03
2019-02-27,376083.53,treasury_par,0.03
2019-02-28,374601.29,treasury_par,0.03
2019-03-01,373381.92,treasury_par,0.03
2019-03-04,374947.39,treasury_par,0.03
2019-03-05,374947.13,treasury_par,0.03
2019-03-06,376178.70,treasury_par,0.03
2019-03-07,378042.83,treasury_par,0.03
2019-03-08,378983.81,treasury_par,0.03
2019-03-11,378114.34,treasury_par,0.03
2019-03-12,379372.77,treasury_par,0.03
2019-03-13,379306.71,treasury_par,0.03
2019-03-14,378343.39,treasury_par,0.03
2019-03-15,379833.42,treasury_par,0.03
2019-03-18,379466.21,treasury_par,0.03
2019-03-19,379138.81,treasury_par,0.03
2019-03-20,381720.85,treasury_par,0.03
2019-03-21,381810.52,treasury_par,0.03
2019-03-22,385700.62,treasury_par,0.02
2019-03-25,386142.21,treasury_par,0.02
2019-03-26,386934.03,treasury_par,0.02
2019-03-27,387838.22,treasury_par,0.02
2019-03-28,387865.01,treasury_par,0.02
2019-03-29,387154.30,treasury_par,0.02
2019-04-01,383885.85,treasury_par,0.02
2019-04-02,384340.73,treasury_par,0.02
2019-04-03,382655.71,treasury_par,0.03
2019-04-04,383057.91,treasury_par,0.03
2019-04-05,383559.82,treasury_par,0.03
2019-04-08,382758.79,treasury_par,0.03
2019-04-09,383227.59,treasury_par,0.03
2019-04-10,384327.02,treasury_par,0.02
2019-04-11,383137.45,treasury_par,0.03
2019-04-12,381113.26,treasury_par,0.03
2019-04-15,381514.32,treasury_par,0.03
2019-04-16,379675.01,treasury_par,0.03
2019-04-17,379981.44,treasury_par,0.03
2019-04-18,380926.79,treasury_par,0.03
2019-04-22,379889.59,treasury_par,0.03
2019-04-23,380656.04,treasury_par,0.03
2019-04-24,382379.92,treasury_par,0.03
2019-04-25,382070.17,treasury_par,0.03
2019-04-26,383166.44,treasury_par,0.03
2019-04-29,381883.07,treasury_par,0.03
2019-04-30,383073.00,treasury_par,0.03
2019-05-01,382799.60,treasury_par,0.03
2019-05-02,381619.63,treasury_par,0.03
2019-05-03,382095.21,treasury_par,0.03
2019-05-06,383199.35,treasury_par,0.03
2019-05-07,385455.38,treasury_par,0.02
2019-05-08,384000.29,treasury_par,0.02
2019-05-09,385420.07,treasury_par,0.02
2019-05-10,384634.86,treasury_par,0.02
2019-05-13,387390.71,treasury_par,0.02
2019-05-14,386586.89,treasury_par,0.02
2019-05-15,388512.81,treasury_par,0.02
2019-05-16,387395.56,treasury_par,0.02
2019-05-17,387892.50,treasury_par,0.02
2019-05-20,387014.63,treasury_par,0.02
2019-05-21,386157.35,treasury_par,0.02
2019-05-22,387751.05,treasury_par,0.02
2019-05-23,390972.95,treasury_par,0.02
2019-05-24,390510.03,treasury_par,0.02
2019-05-28,392875.90,treasury_par,0.02
2019-05-29,393296.36,treasury_par,0.02
2019-05-30,394674.91,treasury_par,0.02
2019-05-31,397939.73,treasury_par,0.02
2019-06-03,400717.83,treasury_par,0.02
2019-06-04,398382.53,treasury_par,0.02
2019-06-05,398344.55,treasury_par,0.02
2019-06-06,398292.37,treasury_par,0.02
2019-06-07,399875.04,treasury_par,0.02
2019-06-10,397380.67,treasury_par,0.02
2019-06-11,397384.02,treasury_par,0.02
2019-06-12,398183.29,treasury_par,0.02
2019-06-13,399400.34,treasury_par,0.02
2019-06-14,399752.59,treasury_par,0.02
2019-06-17,399853.07,treasury_par,0.02
2019-06-18,401121.45,treasury_par,0.02
2019-06-19,402317.81,treasury_par,0.02
2019-06-20,403071.59,treasury_par,0.02
2019-06-21,400550.57,treasury_par,0.02
2019-06-24,402556.10,treasury_par,0.02
2019-06-25,403400.63,treasury_par,0.02
2019-06-26,401324.62,treasury_par,0.02
2019-06-27,403008.20,treasury_par,0.02
2019-06-28,403340.79,treasury_par,0.02
2019-07-01,402080.84,treasury_par,0.02
2019-07-02,404194.39,treasury_par,0.02
2019-07-03,405228.90,treasury_par,0.02
2019-07-05,401643.60,treasury_par,0.02
2019-07-08,401497.14,treasury_par,0.02
2019-07-09,400673.85,treasury_par,0.02
2019-07-10,400662.33,treasury_par,0.02
2019-07-11,398155.64,treasury_par,0.02
2019-07-12,398475.12,treasury_par,0.02
2019-07-15,399662.53,treasury_par,0.02
2019-07-16,398091.69,treasury_par,0.02
2019-07-17,400946.36,treasury_par,0.02
2019-07-18,401887.07,treasury_par,0.02
2019-07-19,401409.10,treasury_par,0.02
2019-07-22,401250.56,treasury_par,0.02
2019-07-23,400153.31,treasury_par,0.02
2019-07-24,401188.95,treasury_par,0.02
2019-07-25,400099.97,treasury_par,0.02
2019-07-26,400101.13,treasury_par,0.02
2019-07-29,400842.99,treasury_par,0.02
2019-07-30,400936.18,treasury_par,0.02
2019-07-31,402519.29,treasury_par,0.02
2019-08-01,407601.97,treasury_par,0.02
2019-08-02,409267.41,treasury_par,0.02
2019-08-05,413876.18,treasury_par,0.02
2019-08-06,414865.92,treasury_par,0.02
2019-08-07,415723.64,treasury_par,0.02
2019-08-08,415224.21,treasury_par,0.02
2019-08-09,414377.03,treasury_par,0.02
2019-08-12,418489.16,treasury_par,0.02
2019-08-13,417062.59,treasury_par,0.02
2019-08-14,420938.48,treasury_par,0.02
2019-08-15,423818.22,treasury_par,0.02
2019-08-16,422659.90,treasury_par,0.02
2019-08-19,420363.25,treasury_par,0.02
2019-08-20,422475.39,treasury_par,0.02
2019-08-21,420737.85,treasury_par,0.02
2019-08-22,419497.18,treasury_par,0.02
2019-08-23,423716.57,treasury_par,0.02
2019-08-26,422760.34,treasury_par,0.02
2019-08-27,425166.60,treasury_par,0.01
2019-08-28,425968.34,treasury_par,0.01
2019-08-29,424650.12,treasury_par,0.01
2019-08-30,424720.40,treasury_par,0.01
2019-09-03,425867.36,treasury_par,0.01
2019-09-04,426021.36,treasury_par,0.01
2019-09-05,421605.37,treasury_par,0.02
2019-09-06,422506.87,treasury_par,0.02
2019-09-09,419053.04,treasury_par,0.02
2019-09-10,415132.91,treasury_par,0.02
2019-09-11,413991.45,treasury_par,0.02
2019-09-12,412266.43,treasury_par,0.02
2019-09-13,407554.57,treasury_par,0.02
2019-09-16,410119.08,treasury_par,0.02
2019-09-17,411336.20,treasury_par,0.02
2019-09-18,411728.61,treasury_par,0.02
2019-09-19,412385.56,treasury_par,0.02
2019-09-20,414541.67,treasury_par,0.02
2019-09-23,415388.28,treasury_par,0.02
2019-09-24,418702.30,treasury_par,0.02
2019-09-25,414949.41,treasury_par,0.02
2019-09-26,416107.01,treasury_par,0.02
2019-09-27,416683.94,treasury_par,0.02
2019-09-30,417044.96,treasury_par,0.02
2019-10-01,418159.22,treasury_par,0.02
2019-10-02,420235.93,treasury_par,0.02
2019-10-03,422936.29,treasury_par,0.02
2019-10-04,424015.58,treasury_par,0.02
2019-10-07,422255.88,treasury_par,0.02
2019-10-08,423039.49,treasury_par,0.02
2019-10-09,420926.61,treasury_par,0.02
2019-10-10,417480.22,treasury_par,0.02
2019-10-11,413516.73,treasury_par,0.02
2019-10-15,413059.34,treasury_par,0.02
2019-10-16,413894.24,treasury_par,0.02
2019-10-17,413556.54,treasury_par,0.02
2019-10-18,413461.39,treasury_par,0.02
2019-10-21,411727.35,treasury_par,0.02
2019-10-22,412684.64,treasury_par,0.02
2019-10-23,413119.19,treasury_par,0.02
2019-10-24,412934.97,treasury_par,0.02
2019-10-25,411664.61,treasury_par,0.02
2019-10-28,409488.54,treasury_par,0.02
2019-10-29,409916.90,treasury_par,0.02
2019-10-30,412520.23,treasury_par,0.02
2019-10-31,416333.73,treasury_par,0.02
2019-11-01,414755.74,treasury_par,0.02
2019-11-04,412064.67,treasury_par,0.02
2019-11-05,408978.75,treasury_par,0.02
2019-11-06,410958.99,treasury_par,0.02
2019-11-07,406251.05,treasury_par,0.02
2019-11-08,405308.86,treasury_par,0.02
2019-11-12,406248.16,treasury_par,0.02
2019-11-13,408022.11,treasury_par,0.02
2019-11-14,410497.95,treasury_par,0.02
2019-11-15,409733.18,treasury_par,0.02
2019-11-18,410858.93,treasury_par,0.02
2019-11-19,411812.95,treasury_par,0.02
2019-11-20,414338.82,treasury_par,0.02
2019-11-21,412537.72,treasury_par,0.02
2019-11-22,412636.14,treasury_par,0.02
2019-11-25,412997.82,treasury_par,0.02
2019-11-26,414036.52,treasury_par,0.02
2019-11-27,412826.44,treasury_par,0.02
2019-11-29,412324.32,treasury_par,0.02
2019-12-02,409960.34,treasury_par,0.02
2019-12-03,414879.19,treasury_par,0.02
2019-12-04,412633.00,treasury_par,0.02
2019-12-05,411408.44,treasury_par,0.02
2019-12-06,409706.55,treasury_par,0.02
2019-12-09,410134.83,treasury_par,0.02
2019-12-10,409637.73,treasury_par,0.02
2019-12-11,411883.03,treasury_par,0.02
2019-12-12,407322.06,treasury_par,0.02
2019-12-13,410652.56,treasury_par,0.02
2019-12-16,407814.41,treasury_par,0.02
2019-12-17,407719.29,treasury_par,0.02
2019-12-18,406268.76,treasury_par,0.02
2019-12-19,406494.78,treasury_par,0.02
2019-12-20,406504.74,treasury_par,0.02
2019-12-23,406002.17,treasury_par,0.02
2019-12-24,407187.24,treasury_par,0.02
2019-12-26,407143.85,treasury_par,0.02
2019-12-27,408108.01,treasury_par,0.02
2019-12-30,407231.16,treasury_par,0.02
2019-12-31,406204.07,treasury_par,0.02
2020-01-02,408089.50,treasury_par,0.02
2020-01-03,411534.93,treasury_par,0.02
2020-01-06,411011.00,treasury_par,0.02
2020-01-07,410048.86,treasury_par,0.02
2020-01-08,408249.63,treasury_par,0.02
2020-01-09,409219.22,treasury_par,0.02
2020-01-10,410246.98,treasury_par,0.02
2020-01-13,409386.12,treasury_par,0.02
2020-01-14,410700.98,treasury_par,0.02
2020-01-15,411994.21,treasury_par,0.02
2020-01-16,411128.12,treasury_par,0.02
2020-01-17,409790.54,treasury_par,0.02
2020-01-21,412311.42,treasury_par,0.02
2020-01-22,412925.47,treasury_par,0.02
2020-01-23,414321.07,treasury_par,0.02
2020-01-24,415973.04,treasury_par,0.02
2020-01-27,419914.19,treasury_par,0.02
2020-01-28,418159.67,treasury_par,0.02
2020-01-29,420453.30,treasury_par,0.02
2020-01-30,421513.97,treasury_par,0.02
2020-01-31,424151.90,treasury_par,0.02
2020-02-03,423012.26,treasury_par,0.02
2020-02-04,419914.45,treasury_par,0.02
2020-02-05,417622.74,treasury_par,0.02
2020-02-06,418254.02,treasury_par,0.02
2020-02-07,420723.08,treasury_par,0.02
2020-02-10,422024.48,treasury_par,0.02
2020-02-11,420801.54,treasury_par,0.02
2020-02-12,419229.73,treasury_par,0.02
2020-02-13,419846.36,treasury_par,0.02
2020-02-14,420722.21,treasury_par,0.02
2020-02-18,422416.19,treasury_par,0.02
2020-02-19,421897.46,treasury_par,0.02
2020-02-20,423839.32,treasury_par,0.02
2020-02-21,426522.92,treasury_par,0.01
2020-02-24,430097.16,treasury_par,0.01
2020-02-25,432357.87,treasury_par,0.01
2020-02-26,432261.51,treasury_par,0.01
2020-02-27,433610.51,treasury_par,0.01
2020-02-28,441402.54,treasury_par,0.01
2020-03-02,442416.52,treasury_par,0.01
2020-03-03,445733.01,treasury_par,0.01
2020-03-04,445708.53,treasury_par,0.01
2020-03-05,450455.28,treasury_par,0.01
2020-03-06,459281.48,treasury_par,0.01
2020-03-09,468669.70,treasury_par,0.01
2020-03-10,457620.40,treasury_par,0.01
2020-03-11,455719.45,treasury_par,0.01
2020-03-12,452230.58,treasury_par,0.01
2020-03-13,449483.77,treasury_par,0.01
2020-03-16,459693.12,treasury_par,0.01
2020-03-17,445631.15,treasury_par,0.01
2020-03-18,438157.38,treasury_par,0.01
2020-03-19,440942.40,treasury_par,0.01
2020-03-20,450321.32,treasury_par,0.01
2020-03-23,458998.42,treasury_par,0.01
2020-03-24,454850.13,treasury_par,0.01
2020-03-25,453063.05,treasury_par,0.01
2020-03-26,455270.19,treasury_par,0.01
2020-03-27,460706.15,treasury_par,0.01
2020-03-30,461466.67,treasury_par,0.01
2020-03-31,461143.25,treasury_par,0.01
2020-04-01,464992.24,treasury_par,0.01
2020-04-02,464506.56,treasury_par,0.01
2020-04-03,464789.39,treasury_par,0.01
2020-04-06,462450.13,treasury_par,0.01
2020-04-07,459029.09,treasury_par,0.01
2020-04-08,457853.48,treasury_par,0.01
2020-04-09,459801.34,treasury_par,0.01
2020-04-13,458235.20,treasury_par,0.01
2020-04-14,458412.28,treasury_par,0.01
2020-04-15,464676.86,treasury_par,0.01
2020-04-16,465698.13,treasury_par,0.01
2020-04-17,463521.08,treasury_par,0.01
2020-04-20,464706.67,treasury_par,0.01
2020-04-21,467085.61,treasury_par,0.01
2020-04-22,464707.32,treasury_par,0.01
2020-04-23,465802.24,treasury_par,0.01
2020-04-24,466216.05,treasury_par,0.01
2020-04-27,462836.30,treasury_par,0.01
2020-04-28,465313.90,treasury_par,0.01
2020-04-29,464815.74,treasury_par,0.01
2020-04-30,464124.26,treasury_par,0.01
2020-05-01,464228.60,treasury_par,0.01
2020-05-04,464207.23,treasury_par,0.01
2020-05-05,463319.85,treasury_par,0.01
2020-05-06,460266.64,treasury_par,0.01
2020-05-07,464815.55,treasury_par,0.01
2020-05-08,461933.40,treasury_par,0.01
2020-05-11,460061.01,treasury_par,0.01
2020-05-12,462028.49,treasury_par,0.01
2020-05-13,464210.26,treasury_par,0.01
2020-05-14,465087.88,treasury_par,0.01
2020-05-15,464497.16,treasury_par,0.01
2020-05-18,459858.54,treasury_par,0.01
2020-05-19,461229.01,treasury_par,0.01
2020-05-20,461508.54,treasury_par,0.01
2020-05-21,461805.57,treasury_par,0.01
2020-05-22,462988.88,treasury_par,0.01
2020-05-26,461203.88,treasury_par,0.01
2020-05-27,461596.12,treasury_par,0.01
2020-05-28,460424.21,treasury_par,0.01
2020-05-29,462793.69,treasury_par,0.01
2020-06-01,462076.27,treasury_par,0.01
2020-06-02,461100.66,treasury_par,0.01
2020-06-03,456989.07,treasury_par,0.01
2020-06-04,454559.06,treasury_par,0.01
2020-06-05,450408.76,treasury_par,0.01
2020-06-08,451767.96,treasury_par,0.01
2020-06-09,453906.55,treasury_par,0.01
2020-06-10,457968.40,treasury_par,0.01
2020-06-11,462296.87,treasury_par,0.01
2020-06-12,460035.65,treasury_par,0.01
2020-06-15,460035.44,treasury_par,0.01
2020-06-16,457963.81,treasury_par,0.01
2020-06-17,458443.44,treasury_par,0.01
2020-06-18,460026.33,treasury_par,0.01
2020-06-19,460518.24,treasury_par,0.01
2020-06-22,460127.55,treasury_par,0.01
2020-06-23,459635.32,treasury_par,0.01
2020-06-24,461101.25,treasury_par,0.01
2020-06-25,461427.10,treasury_par,0.01
2020-06-26,463484.15,treasury_par,0.01
2020-06-29,463565.99,treasury_par,0.01
2020-06-30,462585.40,treasury_par,0.01
2020-07-01,461217.43,treasury_par,0.01
2020-07-02,461701.01,treasury_par,0.01
2020-07-06,461197.73,treasury_par,0.01
2020-07-07,463276.39,treasury_par,0.01
2020-07-08,462481.89,treasury_par,0.01
2020-07-09,464967.21,treasury_par,0.01
2020-07-10,463489.97,treasury_par,0.01
2020-07-13,463976.07,treasury_par,0.01
2020-07-14,464583.68,treasury_par,0.01
2020-07-15,464077.55,treasury_par,0.01
2020-07-16,464965.18,treasury_par,0.01
2020-07-17,464065.94,treasury_par,0.01
2020-07-20,464770.55,treasury_par,0.01
2020-07-21,465358.81,treasury_par,0.01
2020-07-22,465762.39,treasury_par,0.01
2020-07-23,466661.43,treasury_par,0.01
2020-07-24,466662.30,treasury_par,0.01
2020-07-27,465356.70,treasury_par,0.01
2020-07-28,466876.18,treasury_par,0.01
2020-07-29,467063.47,treasury_par,0.01
2020-07-30,468757.06,treasury_par,0.01
2020-07-31,468858.07,treasury_par,0.01
2020-08-03,468153.82,treasury_par,0.01
2020-08-04,470249.27,treasury_par,0.01
2020-08-05,468644.22,treasury_par,0.01
2020-08-06,468861.57,treasury_par,0.01
2020-08-07,467759.87,treasury_par,0.01
2020-08-10,466754.16,treasury_par,0.01
2020-08-11,464273.29,treasury_par,0.01
2020-08-12,461901.46,treasury_par,0.01
2020-08-13,460609.12,treasury_par,0.01
2020-08-14,460615.63,treasury_par,0.01
2020-08-17,461583.04,treasury_par,0.01
2020-08-18,462672.40,treasury_par,0.01
2020-08-19,461861.49,treasury_par,0.01
2020-08-20,463463.43,treasury_par,0.01
2020-08-21,463962.18,treasury_par,0.01
2020-08-24,463468.46,treasury_par,0.01
2020-08-25,461676.05,treasury_par,0.01
2020-08-26,461408.62,treasury_par,0.01
2020-08-27,458828.06,treasury_par,0.01
2020-08-28,458913.17,treasury_par,0.01
2020-08-31,459895.28,treasury_par,0.01
2020-09-01,462051.43,treasury_par,0.01
2020-09-02,463147.06,treasury_par,0.01
2020-09-03,464539.72,treasury_par,0.01
2020-09-04,459983.37,treasury_par,0.01
2020-09-08,461452.01,treasury_par,0.01
2020-09-09,460465.46,treasury_par,0.01
2020-09-10,461853.57,treasury_par,0.01
2020-09-11,462335.46,treasury_par,0.01
2020-09-14,461944.06,treasury_par,0.01
2020-09-15,461943.69,treasury_par,0.01
2020-09-16,461347.26,treasury_par,0.01
2020-09-17,461448.53,treasury_par,0.01
2020-09-18,460854.04,treasury_par,0.01
2020-09-21,461841.20,treasury_par,0.01
2020-09-22,461941.00,treasury_par,0.01
2020-09-23,461932.20,treasury_par,0.01
2020-09-24,462447.00,treasury_par,0.01
2020-09-25,462836.88,treasury_par,0.01
2020-09-28,462354.59,treasury_par,0.01
2020-09-29,462936.18,treasury_par,0.01
2020-09-30,461346.50,treasury_par,0.01
2020-10-01,461739.02,treasury_par,0.01
2020-10-02,460760.70,treasury_par,0.01
2020-10-05,456846.42,treasury_par,0.01
2020-10-06,457712.11,treasury_par,0.01
2020-10-07,455560.13,treasury_par,0.01
2020-10-08,456926.56,treasury_par,0.01
2020-10-09,456545.36,treasury_par,0.01
2020-10-13,458807.45,treasury_par,0.01
2020-10-14,459297.46,treasury_par,0.01
2020-10-15,458796.24,treasury_par,0.01
2020-10-16,458017.66,treasury_par,0.01
2020-10-19,457123.83,treasury_par,0.01
2020-10-20,455481.77,treasury_par,0.01
2020-10-21,454490.00,treasury_par,0.01
2020-10-22,452668.34,treasury_par,0.01
2020-10-23,453549.96,treasury_par,0.01
2020-10-26,455389.81,treasury_par,0.01
2020-10-27,456460.12,treasury_par,0.01
2020-10-28,456460.12,treasury_par,0.01
2020-10-29,453738.60,treasury_par,0.01
2020-10-30,452205.53,treasury_par,0.01
2020-11-02,452785.77,treasury_par,0.01
2020-11-03,451434.95,treasury_par,0.01
2020-11-04,456945.70,treasury_par,0.01
2020-11-05,456668.26,treasury_par,0.01
2020-11-06,454713.76,treasury_par,0.01
2020-11-09,448538.85,treasury_par,0.01
2020-11-10,447582.44,treasury_par,0.01
2020-11-12,452299.04,treasury_par,0.01
2020-11-13,451814.42,treasury_par,0.01
2020-11-16,451050.32,treasury_par,0.01
2020-11-17,452882.74,treasury_par,0.01
2020-11-18,452295.39,treasury_par,0.01
2020-11-19,453377.78,treasury_par,0.01
2020-11-20,454852.96,treasury_par,0.01
2020-11-23,453495.22,treasury_par,0.01
2020-11-24,452423.69,treasury_par,0.01
2020-11-25,452321.87,treasury_par,0.01
2020-11-27,454344.30,treasury_par,0.01
2020-11-30,454168.60,treasury_par,0.01
2020-12-01,450379.79,treasury_par,0.01
2020-12-02,449020.32,treasury_par,0.01
2020-12-03,450474.36,treasury_par,0.01
2020-12-04,448054.18,treasury_par,0.01
2020-12-07,449585.01,treasury_par,0.01
2020-12-08,450641.56,treasury_par,0.01
2020-12-09,449306.95,treasury_par,0.01
2020-12-10,450841.98,treasury_par,0.01
2020-12-11,451802.71,treasury_par,0.01
2020-12-14,451701.89,treasury_par,0.01
2020-12-15,450833.12,treasury_par,0.01
2020-12-16,450734.70,treasury_par,0.01
2020-12-17,449879.87,treasury_par,0.01
2020-12-18,449297.65,treasury_par,0.01
2020-12-21,449476.47,treasury_par,0.01
2020-12-22,450539.68,treasury_par,0.01
2020-12-23,449011.76,treasury_par,0.01
2020-12-24,449984.62,treasury_par,0.01
2020-12-28,450057.72,treasury_par,0.01
2020-12-29,449884.36,treasury_par,0.01
2020-12-30,450277.32,treasury_par,0.01
2020-12-31,450467.52,treasury_par,0.01
2021-01-04,450444.68,treasury_par,0.01
2021-01-05,449090.91,treasury_par,0.01
2021-01-06,444987.78,treasury_par,0.01
2021-01-07,443094.11,treasury_par,0.01
2021-01-08,441098.13,treasury_par,0.01
2021-01-11,440173.52,treasury_par,0.01
2021-01-12,440255.82,treasury_par,0.01
2021-01-13,442440.59,treasury_par,0.01
2021-01-14,440246.15,treasury_par,0.01
2021-01-15,442024.25,treasury_par,0.01
2021-01-19,442423.11,treasury_par,0.01
2021-01-20,442416.93,treasury_par,0.01
2021-01-21,441464.16,treasury_par,0.01
2021-01-22,442405.90,treasury_par,0.01
2021-01-25,444678.44,treasury_par,0.01
2021-01-26,444598.27,treasury_par,0.01
2021-01-27,445157.22,treasury_par,0.01
2021-01-28,443741.09,treasury_par,0.01
2021-01-29,441750.04,treasury_par,0.01
2021-02-01,442782.38,treasury_par,0.01
2021-02-02,441359.86,treasury_par,0.01
2021-02-03,439938.10,treasury_par,0.01
2021-02-04,439738.21,treasury_par,0.01
2021-02-05,438031.91,treasury_par,0.01
2021-02-08,438127.76,treasury_par,0.01
2021-02-09,438411.60,treasury_par,0.01
2021-02-10,439820.24,treasury_par,0.01
2021-02-11,439257.07,treasury_par,0.01
2021-02-12,437178.02,treasury_par,0.01
2021-02-16,432709.30,treasury_par,0.01
2021-02-17,432983.90,treasury_par,0.01
2021-02-18,433087.43,treasury_par,0.01
2021-02-19,430665.06,treasury_par,0.01
2021-02-22,429263.17,treasury_par,0.01
2021-02-23,429181.39,treasury_par,0.01
2021-02-24,428346.78,treasury_par,0.01
2021-02-25,420481.98,treasury_par,0.02
2021-02-26,425507.61,treasury_par,0.01
2021-03-01,425185.57,treasury_par,0.01
2021-03-02,426545.06,treasury_par,0.01
2021-03-03,424374.54,treasury_par,0.01
2021-03-04,421311.23,treasury_par,0.02
2021-03-05,420594.62,treasury_par,0.02
2021-03-08,419170.30,treasury_par,0.02
2021-03-09,421053.13,treasury_par,0.02
2021-03-10,421934.07,treasury_par,0.02
2021-03-11,421377.30,treasury_par,0.02
2021-03-12,416607.68,treasury_par,0.02
2021-03-15,417685.73,treasury_par,0.02
2021-03-16,417408.74,treasury_par,0.02
2021-03-17,417019.73,treasury_par,0.02
2021-03-18,413842.17,treasury_par,0.02
2021-03-19,412780.12,treasury_par,0.02
2021-03-22,415109.00,treasury_par,0.02
2021-03-23,417618.86,treasury_par,0.02
2021-03-24,418325.87,treasury_par,0.02
2021-03-25,417618.81,treasury_par,0.02
2021-03-26,415999.62,treasury_par,0.02
2021-03-29,413499.57,treasury_par,0.02
2021-03-30,413633.72,treasury_par,0.02
2021-03-31,413097.57,treasury_par,0.02
2021-04-01,415353.05,treasury_par,0.02
2021-04-02,413861.76,treasury_par,0.02
2021-04-05,413648.81,treasury_par,0.02
2021-04-06,416133.80,treasury_par,0.02
2021-04-07,415673.54,treasury_par,0.02
2021-04-08,417450.66,treasury_par,0.02
2021-04-09,416308.22,treasury_par,0.02
2021-04-12,415520.52,treasury_par,0.02
2021-04-13,417631.24,treasury_par,0.02
2021-04-14,417375.14,treasury_par,0.02
2021-04-15,420983.26,treasury_par,0.02
2021-04-16,419803.10,treasury_par,0.02
2021-04-19,418812.45,treasury_par,0.02
2021-04-20,420065.85,treasury_par,0.02
2021-04-21,420421.09,treasury_par,0.02
2021-04-22,420706.86,treasury_par,0.02
2021-04-23,420180.14,treasury_par,0.02
2021-04-26,420193.67,treasury_par,0.02
2021-04-27,417951.94,treasury_par,0.02
2021-04-28,417939.62,treasury_par,0.02
2021-04-29,417219.51,treasury_par,0.02
2021-04-30,417313.75,treasury_par,0.02
2021-05-03,418187.89,treasury_par,0.02
2021-05-04,419014.31,treasury_par,0.02
2021-05-05,419989.87,treasury_par,0.02
2021-05-06,420259.41,treasury_par,0.02
2021-05-07,419508.40,treasury_par,0.02
2021-05-10,418167.80,treasury_par,0.02
2021-05-11,417530.37,treasury_par,0.02
2021-05-12,415120.86,treasury_par,0.02
2021-05-13,416269.21,treasury_par,0.02
2021-05-14,417537.26,treasury_par,0.02
2021-05-17,416991.33,treasury_par,0.02
2021-05-18,417071.83,treasury_par,0.02
2021-05-19,415299.91,treasury_par,0.02
2021-05-20,417533.15,treasury_par,0.02
2021-05-21,417624.07,treasury_par,0.02
2021-05-24,418439.72,treasury_par,0.02
2021-05-25,420776.14,treasury_par,0.02
2021-05-26,420049.15,treasury_par,0.02
2021-05-27,418629.96,treasury_par,0.02
2021-05-28,419957.03,treasury_par,0.02
2021-06-01,418168.37,treasury_par,0.02
2021-06-02,419238.41,treasury_par,0.02
2021-06-03,417736.83,treasury_par,0.02
2021-06-04,420788.27,treasury_par,0.02
2021-06-07,420341.60,treasury_par,0.02
2021-06-08,422137.86,treasury_par,0.02
2021-06-09,423496.68,treasury_par,0.01
2021-06-10,425411.90,treasury_par,0.01
2021-06-11,424592.59,treasury_par,0.01
2021-06-14,422775.82,treasury_par,0.02
2021-06-15,422711.07,treasury_par,0.02
2021-06-16,420322.01,treasury_par,0.02
2021-06-17,422619.11,treasury_par,0.02
2021-06-18,425731.00,treasury_par,0.01
2021-06-21,423347.91,treasury_par,0.01
2021-06-22,424247.99,treasury_par,0.01
2021-06-23,423437.75,treasury_par,0.01
2021-06-24,423737.91,treasury_par,0.01
2021-06-25,421546.88,treasury_par,0.02
2021-06-28,423713.91,treasury_par,0.01
2021-06-29,423894.10,treasury_par,0.01
2021-06-30,425527.00,treasury_par,0.01
2021-07-01,424360.40,treasury_par,0.01
2021-07-02,426152.00,treasury_par,0.01
2021-07-06,429166.37,treasury_par,0.01
2021-07-07,431092.62,treasury_par,0.01
2021-07-08,432480.10,treasury_par,0.01
2021-07-09,429351.59,treasury_par,0.01
2021-07-12,428794.56,treasury_par,0.01
2021-07-13,427147.02,treasury_par,0.01
2021-07-14,429431.30,treasury_par,0.01
2021-07-15,432018.20,treasury_par,0.01
2021-07-16,431839.95,treasury_par,0.01
2021-07-19,437311.79,treasury_par,0.01
2021-07-20,435610.56,treasury_par,0.01
2021-07-21,432276.33,treasury_par,0.01
2021-07-22,433856.17,treasury_par,0.01
2021-07-23,432558.82,treasury_par,0.01
2021-07-26,432835.11,treasury_par,0.01
2021-07-27,434598.35,treasury_par,0.01
2021-07-28,434116.02,treasury_par,0.01
2021-07-29,433209.47,treasury_par,0.01
2021-07-30,434967.71,treasury_par,0.01
2021-08-02,436823.26,treasury_par,0.01
2021-08-03,437292.12,treasury_par,0.01
2021-08-04,437396.94,treasury_par,0.01
2021-08-05,435553.13,treasury_par,0.01
2021-08-06,432020.91,treasury_par,0.01
2021-08-09,431100.07,treasury_par,0.01
2021-08-10,429728.56,treasury_par,0.01
2021-08-11,430085.93,treasury_par,0.01
2021-08-12,429448.44,treasury_par,0.01
2021-08-13,432501.62,treasury_par,0.01
2021-08-16,433971.50,treasury_par,0.01
2021-08-17,433884.39,treasury_par,0.01
2021-08-18,433315.34,treasury_par,0.01
2021-08-19,434717.18,treasury_par,0.01
2021-08-20,434079.09,treasury_par,0.01
2021-08-23,434452.05,treasury_par,0.01
2021-08-24,432688.64,treasury_par,0.01
2021-08-25,430110.17,treasury_par,0.01
2021-08-26,430487.03,treasury_par,0.01
2021-08-27,431945.96,treasury_par,0.01
2021-08-30,432868.50,treasury_par,0.01
2021-08-31,432217.31,treasury_par,0.01
2021-09-01,432031.09,treasury_par,0.01
2021-09-02,432770.12,treasury_par,0.01
2021-09-03,431101.27,treasury_par,0.01
2021-09-07,428908.63,treasury_par,0.01
2021-09-08,430271.55,treasury_par,0.01
2021-09-09,432409.64,treasury_par,0.01
2021-09-10,430388.10,treasury_par,0.01
2021-09-13,431318.61,treasury_par,0.01
2021-09-14,433534.86,treasury_par,0.01
2021-09-15,432246.87,treasury_par,0.01
2021-09-16,430870.69,treasury_par,0.01
2021-09-17,429503.32,treasury_par,0.01
2021-09-20,432183.47,treasury_par,0.01
2021-09-21,431343.98,treasury_par,0.01
2021-09-22,431912.46,treasury_par,0.01
2021-09-23,427793.17,treasury_par,0.01
2021-09-24,425060.55,treasury_par,0.01
2021-09-27,424460.10,treasury_par,0.01
2021-09-28,421803.67,treasury_par,0.02
2021-09-29,421342.23,treasury_par,0.02
2021-09-30,422519.68,treasury_par,0.02
2021-10-01,424383.98,treasury_par,0.01
2021-10-04,424028.47,treasury_par,0.01
2021-10-05,421780.58,treasury_par,0.02
2021-10-06,422247.71,treasury_par,0.02
2021-10-07,419991.26,treasury_par,0.02
2021-10-08,418648.49,treasury_par,0.02
2021-10-12,419769.94,treasury_par,0.02
2021-10-13,421147.94,treasury_par,0.02
2021-10-14,422844.87,treasury_par,0.02
2021-10-15,419831.59,treasury_par,0.02
2021-10-18,420034.06,treasury_par,0.02
2021-10-19,417325.51,treasury_par,0.02
2021-10-20,417211.39,treasury_par,0.02
2021-10-21,415855.50,treasury_par,0.02
2021-10-22,417012.14,treasury_par,0.02
2021-10-25,417616.59,treasury_par,0.02
2021-10-26,418338.89,treasury_par,0.02
2021-10-27,422153.28,treasury_par,0.02
2021-10-28,420620.06,treasury_par,0.02
2021-10-29,421159.90,treasury_par,0.02
2021-11-01,419908.46,treasury_par,0.02
2021-11-02,421136.97,treasury_par,0.02
2021-11-03,419356.03,treasury_par,0.02
2021-11-04,422441.41,treasury_par,0.02
2021-11-05,425971.46,treasury_par,0.01
2021-11-08,423402.60,treasury_par,0.02
2021-11-09,425727.13,treasury_par,0.01
2021-11-10,421004.33,treasury_par,0.02
2021-11-12,420027.10,treasury_par,0.02
2021-11-15,417793.84,treasury_par,0.02
2021-11-16,417621.25,treasury_par,0.02
2021-11-17,418858.15,treasury_par,0.02
2021-11-18,419571.11,treasury_par,0.02
2021-11-19,421666.50,treasury_par,0.02
2021-11-22,417692.74,treasury_par,0.02
2021-11-23,415910.67,treasury_par,0.02
2021-11-24,417205.24,treasury_par,0.02
2021-11-26,424283.04,treasury_par,0.01
2021-11-29,422645.42,treasury_par,0.02
2021-11-30,426368.78,treasury_par,0.01
2021-12-01,426552.66,treasury_par,0.01
2021-12-02,425751.89,treasury_par,0.01
2021-12-03,429928.12,treasury_par,0.01
2021-12-06,426321.99,treasury_par,0.01
2021-12-07,424187.28,treasury_par,0.01
2021-12-08,422526.39,treasury_par,0.02
2021-12-09,423699.50,treasury_par,0.01
2021-12-10,423973.29,treasury_par,0.01
2021-12-13,426497.57,treasury_par,0.01
2021-12-14,425695.94,treasury_par,0.01
2021-12-15,424253.74,treasury_par,0.01
2021-12-16,425541.88,treasury_par,0.01
2021-12-17,426918.85,treasury_par,0.01
2021-12-20,426076.68,treasury_par,0.01
2021-12-21,424033.46,treasury_par,0.01
2021-12-22,424948.81,treasury_par,0.01
2021-12-23,423142.71,treasury_par,0.01
2021-12-27,423964.41,treasury_par,0.01
2021-12-28,423497.16,treasury_par,0.01
2021-12-29,420821.72,treasury_par,0.02
2021-12-30,422157.52,treasury_par,0.02
2021-12-31,422444.50,treasury_par,0.02
2022-01-03,417553.58,treasury_par,0.02
2022-01-04,416112.55,treasury_par,0.02
2022-01-05,414215.32,treasury_par,0.02
2022-01-06,413393.03,treasury_par,0.02
2022-01-07,412079.08,treasury_par,0.02
2022-01-10,411408.78,treasury_par,0.02
2022-01-11,412555.32,treasury_par,0.02
2022-01-12,412975.00,treasury_par,0.02
2022-01-13,414552.58,treasury_par,0.02
2022-01-14,411083.35,treasury_par,0.02
2022-01-18,407417.80,treasury_par,0.02
2022-01-19,409138.19,treasury_par,0.02
2022-01-20,409314.69,treasury_par,0.02
2022-01-21,412517.52,treasury_par,0.02
2022-01-24,412395.59,treasury_par,0.02
2022-01-25,411030.07,treasury_par,0.02
2022-01-26,408236.75,treasury_par,0.02
2022-01-27,410005.43,treasury_par,0.02
2022-01-28,411370.95,treasury_par,0.02
2022-01-31,410761.28,treasury_par,0.02
2022-02-01,409965.89,treasury_par,0.02
2022-02-02,411100.96,treasury_par,0.02
2022-02-03,409463.11,treasury_par,0.02
2022-02-04,404897.37,treasury_par,0.02
2022-02-07,405396.27,treasury_par,0.02
2022-02-08,403726.88,treasury_par,0.02
2022-02-09,404328.97,treasury_par,0.02
2022-02-10,400754.92,treasury_par,0.02
2022-02-11,405017.34,treasury_par,0.02
2022-02-14,402599.20,treasury_par,0.02
2022-02-15,399774.08,treasury_par,0.02
2022-02-16,400754.94,treasury_par,0.02
2022-02-17,403095.85,treasury_par,0.02
2022-02-18,405145.44,treasury_par,0.02
2022-02-22,404355.84,treasury_par,0.02
2022-02-23,402244.21,treasury_par,0.02
2022-02-24,403294.38,treasury_par,0.02
2022-02-25,402812.40,treasury_par,0.02
2022-02-28,408639.27,treasury_par,0.02
2022-03-01,413119.53,treasury_par,0.02
2022-03-02,407079.96,treasury_par,0.02
2022-03-03,407165.61,treasury_par,0.02
2022-03-04,412050.27,treasury_par,0.02
2022-03-07,409932.84,treasury_par,0.02
2022-03-08,406799.72,treasury_par,0.02
2022-03-09,403838.39,treasury_par,0.02
2022-03-10,401748.08,treasury_par,0.02
2022-03-11,401022.96,treasury_par,0.02
2022-03-14,395412.90,treasury_par,0.02
2022-03-15,395063.20,treasury_par,0.02
2022-03-16,393761.51,treasury_par,0.02
2022-03-17,393146.69,treasury_par,0.02
2022-03-18,395666.85,treasury_par,0.02
2022-03-21,388633.66,treasury_par,0.02
2022-03-22,386400.26,treasury_par,0.02
2022-03-23,388737.79,treasury_par,0.02
2022-03-24,388284.90,treasury_par,0.02
2022-03-25,382776.68,treasury_par,0.02
2022-03-28,383548.80,treasury_par,0.02
2022-03-29,385477.36,treasury_par,0.02
2022-03-30,387859.88,treasury_par,0.02
2022-03-31,389146.18,treasury_par,0.02
2022-04-01,386718.38,treasury_par,0.02
2022-04-04,385484.31,treasury_par,0.02
2022-04-05,380820.22,treasury_par,0.03
2022-04-06,378223.06,treasury_par,0.03
2022-04-07,376213.36,treasury_par,0.03
2022-04-08,373814.66,treasury_par,0.03
2022-04-11,371116.17,treasury_par,0.03
2022-04-12,373671.37,treasury_par,0.03
2022-04-13,374448.92,treasury_par,0.03
2022-04-14,369519.53,treasury_par,0.03
2022-04-18,368725.81,treasury_par,0.03
2022-04-19,365702.78,treasury_par,0.03
2022-04-20,368968.03,treasury_par,0.03
2022-04-21,366996.93,treasury_par,0.03
2022-04-22,366912.97,treasury_par,0.03
2022-04-25,370310.58,treasury_par,0.03
2022-04-26,371789.98,treasury_par,0.03
2022-04-27,369927.35,treasury_par,0.03
2022-04-28,368825.60,treasury_par,0.03
2022-04-29,367211.50,treasury_par,0.03
2022-05-02,363247.57,treasury_par,0.03
2022-05-03,364226.77,treasury_par,0.03
2022-05-04,365461.10,treasury_par,0.03
2022-05-05,360877.32,treasury_par,0.03
2022-05-06,358226.53,treasury_par,0.03
2022-05-09,360725.44,treasury_par,0.03
2022-05-10,363039.97,treasury_par,0.03
2022-05-11,365762.38,treasury_par,0.03
2022-05-12,368126.63,treasury_par,0.03
2022-05-13,364622.31,treasury_par,0.03
2022-05-16,366336.05,treasury_par,0.03
2022-05-17,362883.48,treasury_par,0.03
2022-05-18,366552.39,treasury_par,0.03
2022-05-19,367953.30,treasury_par,0.03
2022-05-20,370266.37,treasury_par,0.03
2022-05-23,367130.32,treasury_par,0.03
2022-05-24,370900.40,treasury_par,0.03
2022-05-25,371549.00,treasury_par,0.03
2022-05-26,371268.89,treasury_par,0.03
2022-05-27,371625.83,treasury_par,0.03
2022-05-31,367319.13,treasury_par,0.03
2022-06-01,364335.02,treasury_par,0.03
2022-06-02,365073.13,treasury_par,0.03
2022-06-03,363651.51,treasury_par,0.03
2022-06-06,360664.79,treasury_par,0.03
2022-06-07,362877.56,treasury_par,0.03
2022-06-08,361062.76,treasury_par,0.03
2022-06-09,360751.83,treasury_par,0.03
2022-06-10,357006.77,treasury_par,0.03
2022-06-13,347359.32,treasury_par,0.03
2022-06-14,345356.03,treasury_par,0.03
2022-06-15,350587.39,treasury_par,0.03
2022-06-16,352278.77,treasury_par,0.03
2022-06-17,353428.86,treasury_par,0.03
2022-06-21,351131.57,treasury_par,0.03
2022-06-22,356474.01,treasury_par,0.03
2022-06-23,358857.21,treasury_par,0.03
2022-06-24,357270.26,treasury_par,0.03
2022-06-27,354821.58,treasury_par,0.03
2022-06-28,354906.80,treasury_par,0.03
2022-06-29,358511.31,treasury_par,0.03
2022-06-30,362663.55,treasury_par,0.03
2022-07-01,365937.48,treasury_par,0.03
2022-07-05,368002.13,treasury_par,0.03
2022-07-06,363841.42,treasury_par,0.03
2022-07-07,361262.11,treasury_par,0.03
2022-07-08,358262.85,treasury_par,0.03
2022-07-11,362005.84,treasury_par,0.03
2022-07-12,363508.24,treasury_par,0.03
2022-07-13,365000.09,treasury_par,0.03
2022-07-14,363434.32,treasury_par,0.03
2022-07-15,364413.74,treasury_par,0.03
2022-07-18,363179.80,treasury_par,0.03
2022-07-19,361449.47,treasury_par,0.03
2022-07-20,360440.68,treasury_par,0.03
2022-07-21,365174.50,treasury_par,0.03
2022-07-22,370123.36,treasury_par,0.03
2022-07-25,368530.83,treasury_par,0.03
2022-07-26,368695.81,treasury_par,0.03
2022-07-27,369754.57,treasury_par,0.03
2022-07-28,373227.19,treasury_par,0.03
2022-07-29,373683.08,treasury_par,0.03
2022-08-01,376455.42,treasury_par,0.03
2022-08-02,370953.28,treasury_par,0.03
2022-08-03,371942.33,treasury_par,0.03
2022-08-04,373772.28,treasury_par,0.03
2022-08-05,368189.02,treasury_par,0.03
2022-08-08,370398.22,treasury_par,0.03
2022-08-09,369306.64,treasury_par,0.03
2022-08-10,369668.90,treasury_par,0.03
2022-08-11,366113.69,treasury_par,0.03
2022-08-12,367303.71,treasury_par,0.03
2022-08-15,369091.89,treasury_par,0.03
2022-08-16,368162.48,treasury_par,0.03
2022-08-17,365485.86,treasury_par,0.03
2022-08-18,365974.92,treasury_par,0.03
2022-08-19,362345.51,treasury_par,0.03
2022-08-22,360544.92,treasury_par,0.03
2022-08-23,359857.13,treasury_par,0.03
2022-08-24,357656.96,treasury_par,0.03
2022-08-25,360702.08,treasury_par,0.03
2022-08-26,360557.05,treasury_par,0.03
2022-08-29,357826.34,treasury_par,0.03
2022-08-30,358105.93,treasury_par,0.03
2022-08-31,356665.79,treasury_par,0.03
2022-09-01,352650.52,treasury_par,0.03
2022-09-02,354593.83,treasury_par,0.03
2022-09-06,349969.01,treasury_par,0.03
2022-09-07,352209.90,treasury_par,0.03
2022-09-08,351505.98,treasury_par,0.03
2022-09-09,350213.90,treasury_par,0.03
2022-09-12,348732.26,treasury_par,0.03
2022-09-13,347388.55,treasury_par,0.03
2022-09-14,347869.73,treasury_par,0.03
2022-09-15,346475.48,treasury_par,0.03
2022-09-16,346291.71,treasury_par,0.03
2022-09-19,345308.13,treasury_par,0.03
2022-09-20,342679.45,treasury_par,0.04
2022-09-21,345081.34,treasury_par,0.04
2022-09-22,338591.74,treasury_par,0.04
2022-09-23,339087.57,treasury_par,0.04
2022-09-26,332864.00,treasury_par,0.04
2022-09-27,329452.52,treasury_par,0.04
2022-09-28,337567.38,treasury_par,0.04
2022-09-29,336280.76,treasury_par,0.04
2022-09-30,333776.01,treasury_par,0.04
2022-10-03,338750.35,treasury_par,0.04
2022-10-04,340556.72,treasury_par,0.04
2022-10-05,336006.73,treasury_par,0.04
2022-10-06,333899.36,treasury_par,0.04
2022-10-07,331883.07,treasury_par,0.04
2022-10-11,330391.41,treasury_par,0.04
2022-10-12,331038.21,treasury_par,0.04
2022-10-13,328980.70,treasury_par,0.04
2022-10-14,328085.91,treasury_par,0.04
2022-10-17,327409.27,treasury_par,0.04
2022-10-18,327908.91,treasury_par,0.04
2022-10-19,323745.50,treasury_par,0.04
2022-10-20,320573.46,treasury_par,0.04
2022-10-21,320918.28,treasury_par,0.04
2022-10-24,319565.97,treasury_par,0.04
2022-10-25,324403.72,treasury_par,0.04
2022-10-26,326415.82,treasury_par,0.04
2022-10-27,329034.56,treasury_par,0.04
2022-10-28,326934.10,treasury_par,0.04
2022-10-31,324465.23,treasury_par,0.04
2022-11-01,325668.34,treasury_par,0.04
2022-11-02,324694.70,treasury_par,0.04
2022-11-03,323566.18,treasury_par,0.04
2022-11-04,322349.09,treasury_par,0.04
2022-11-07,320666.61,treasury_par,0.04
2022-11-08,323321.00,treasury_par,0.04
2022-11-09,323551.14,treasury_par,0.04
2022-11-10,333235.44,treasury_par,0.04
2022-11-14,331378.65,treasury_par,0.04
2022-11-15,334038.46,treasury_par,0.04
2022-11-16,338764.51,treasury_par,0.04
2022-11-17,335577.63,treasury_par,0.04
2022-11-18,334062.14,treasury_par,0.04
2022-11-21,333674.63,treasury_par,0.04
2022-11-22,336296.69,treasury_par,0.04
2022-11-23,338247.57,treasury_par,0.04
2022-11-25,339041.17,treasury_par,0.04
2022-11-28,338739.19,treasury_par,0.04
2022-11-29,336784.00,treasury_par,0.04
2022-11-30,338857.47,treasury_par,0.04
2022-12-01,343991.05,treasury_par,0.04
2022-12-02,344984.29,treasury_par,0.04
2022-12-05,342109.64,treasury_par,0.04
2022-12-06,345050.46,treasury_par,0.04
2022-12-07,348417.09,treasury_par,0.03
2022-12-08,346222.08,treasury_par,0.03
2022-12-09,343032.02,treasury_par,0.04
2022-12-12,341806.46,treasury_par,0.04
2022-12-13,345398.15,treasury_par,0.04
2022-12-14,345890.80,treasury_par,0.03
2022-12-15,347596.05,treasury_par,0.03
2022-12-16,346211.81,treasury_par,0.03
2022-12-19,343058.78,treasury_par,0.04
2022-12-20,338877.92,treasury_par,0.04
2022-12-21,339195.97,treasury_par,0.04
2022-12-22,339599.23,treasury_par,0.04
2022-12-23,336959.18,treasury_par,0.04
2022-12-27,333674.99,treasury_par,0.04
2022-12-28,332362.45,treasury_par,0.04
2022-12-29,334073.00,treasury_par,0.04
2022-12-30,332401.05,treasury_par,0.04
2023-01-03,335317.69,treasury_par,0.04
2023-01-04,338688.91,treasury_par,0.04
2023-01-05,338245.55,treasury_par,0.04
2023-01-06,343561.96,treasury_par,0.04
2023-01-09,344222.39,treasury_par,0.04
2023-01-10,341445.72,treasury_par,0.04
2023-01-11,343850.80,treasury_par,0.04
2023-01-12,347827.07,treasury_par,0.03
2023-01-13,345687.54,treasury_par,0.03
2023-01-17,344494.75,treasury_par,0.04
2023-01-18,350221.68,treasury_par,0.03
2023-01-19,349310.84,treasury_par,0.03
2023-01-20,346245.23,treasury_par,0.03
2023-01-23,344879.55,treasury_par,0.04
2023-01-24,346974.62,treasury_par,0.03
2023-01-25,346928.90,treasury_par,0.03
2023-01-26,346046.83,treasury_par,0.03
2023-01-27,345008.62,treasury_par,0.04
2023-01-30,344014.92,treasury_par,0.04
2023-01-31,344878.16,treasury_par,0.04
2023-02-01,349465.50,treasury_par,0.03
2023-02-02,349178.54,treasury_par,0.03
2023-02-03,344696.12,treasury_par,0.04
2023-02-06,341547.70,treasury_par,0.04
2023-02-07,340014.66,treasury_par,0.04
2023-02-08,341114.91,treasury_par,0.04
2023-02-09,339756.80,treasury_par,0.04
2023-02-10,337403.61,treasury_par,0.04
2023-02-13,338293.97,treasury_par,0.04
2023-02-14,336818.21,treasury_par,0.04
2023-02-15,335522.65,treasury_par,0.04
2023-02-16,333609.03,treasury_par,0.04
2023-02-17,334926.16,treasury_par,0.04
2023-02-21,330694.87,treasury_par,0.04
2023-02-22,331391.71,treasury_par,0.04
2023-02-23,333090.87,treasury_par,0.04
2023-02-24,330750.62,treasury_par,0.04
2023-02-27,331480.32,treasury_par,0.04
2023-02-28,331633.31,treasury_par,0.04
2023-03-01,328748.92,treasury_par,0.04
2023-03-02,326380.36,treasury_par,0.04
2023-03-03,330069.91,treasury_par,0.04
2023-03-06,329670.81,treasury_par,0.04
2023-03-07,330154.00,treasury_par,0.04
2023-03-08,329891.34,treasury_par,0.04
2023-03-09,331421.12,treasury_par,0.04
2023-03-10,338865.62,treasury_par,0.04
2023-03-13,343222.01,treasury_par,0.04
2023-03-14,340426.94,treasury_par,0.04
2023-03-15,344729.02,treasury_par,0.04
2023-03-16,342855.05,treasury_par,0.04
2023-03-17,348472.44,treasury_par,0.03
2023-03-20,345636.93,treasury_par,0.03
2023-03-21,341918.44,treasury_par,0.04
2023-03-22,345555.85,treasury_par,0.03
2023-03-23,348819.76,treasury_par,0.03
2023-03-24,348842.01,treasury_par,0.03
2023-03-27,343663.59,treasury_par,0.04
2023-03-28,343107.59,treasury_par,0.04
2023-03-29,342513.38,treasury_par,0.04
2023-03-30,343260.36,treasury_par,0.04
2023-03-31,345670.55,treasury_par,0.03
2023-04-03,347351.88,treasury_par,0.03
2023-04-04,350090.75,treasury_par,0.03
2023-04-05,351816.90,treasury_par,0.03
2023-04-06,351940.65,treasury_par,0.03
2023-04-07,348823.09,treasury_par,0.03
2023-04-10,348208.07,treasury_par,0.03
2023-04-11,347636.36,treasury_par,0.03
2023-04-12,348298.31,treasury_par,0.03
2023-04-13,346727.52,treasury_par,0.03
2023-04-14,344433.23,treasury_par,0.04
2023-04-17,341740.09,treasury_par,0.04
2023-04-18,342324.42,treasury_par,0.04
2023-04-19,341838.73,treasury_par,0.04
2023-04-20,343701.27,treasury_par,0.04
2023-04-21,342650.22,treasury_par,0.04
2023-04-24,344449.19,treasury_par,0.04
2023-04-25,348357.54,treasury_par,0.03
2023-04-26,347221.40,treasury_par,0.03
2023-04-27,343908.05,treasury_par,0.04
2023-04-28,346963.44,treasury_par,0.03
2023-05-01,341786.43,treasury_par,0.04
2023-05-02,347015.49,treasury_par,0.03
2023-05-03,348933.18,treasury_par,0.03
2023-05-04,349252.28,treasury_par,0.03
2023-05-05,346909.37,treasury_par,0.03
2023-05-08,344113.31,treasury_par,0.04
2023-05-09,343663.11,treasury_par,0.04
2023-05-10,346892.41,treasury_par,0.03
2023-05-11,348454.86,treasury_par,0.03
2023-05-12,346101.70,treasury_par,0.03
2023-05-15,344648.53,treasury_par,0.04
2023-05-16,343234.70,treasury_par,0.04
2023-05-17,342346.14,treasury_par,0.04
2023-05-18,339739.23,treasury_par,0.04
2023-05-19,337900.63,treasury_par,0.04
2023-05-22,337317.39,treasury_par,0.04
2023-05-23,337885.66,treasury_par,0.04
2023-05-24,336953.97,treasury_par,0.04
2023-05-25,333957.10,treasury_par,0.04
2023-05-26,334869.30,treasury_par,0.04
2023-05-30,338301.84,treasury_par,0.04
2023-05-31,340058.34,treasury_par,0.04
2023-06-01,341055.71,treasury_par,0.04
2023-06-02,338401.70,treasury_par,0.04
2023-06-05,338417.77,treasury_par,0.04
2023-06-06,338273.09,treasury_par,0.04
2023-06-07,335037.47,treasury_par,0.04
2023-06-08,337279.57,treasury_par,0.04
2023-06-09,336691.54,treasury_par,0.04
2023-06-12,337256.78,treasury_par,0.04
2023-06-13,333734.34,treasury_par,0.04
2023-06-14,334203.66,treasury_par,0.04
2023-06-15,337700.04,treasury_par,0.04
2023-06-16,336140.73,treasury_par,0.04
2023-06-20,337242.50,treasury_par,0.04
2023-06-21,337889.95,treasury_par,0.04
2023-06-22,335255.84,treasury_par,0.04
2023-06-23,337110.26,treasury_par,0.04
2023-06-26,337683.60,treasury_par,0.04
2023-06-27,336253.38,treasury_par,0.04
2023-06-28,338127.39,treasury_par,0.04
2023-06-29,333548.74,treasury_par,0.04
2023-06-30,334903.93,treasury_par,0.04
2023-07-03,333423.17,treasury_par,0.04
2023-07-05,330397.75,treasury_par,0.04
2023-07-06,327331.43,treasury_par,0.04
2023-07-07,326714.05,treasury_par,0.04
2023-07-10,328362.97,treasury_par,0.04
2023-07-11,328993.96,treasury_par,0.04
2023-07-12,333064.94,treasury_par,0.04
2023-07-13,336265.57,treasury_par,0.04
2023-07-14,334099.74,treasury_par,0.04
2023-07-17,334763.70,treasury_par,0.04
2023-07-18,335191.08,treasury_par,0.04
2023-07-19,336976.40,treasury_par,0.04
2023-07-20,333602.49,treasury_par,0.04
2023-07-21,333888.14,treasury_par,0.04
2023-07-24,333251.79,treasury_par,0.04
2023-07-25,331720.77,treasury_par,0.04
2023-07-26,333215.36,treasury_par,0.04
2023-07-27,328308.61,treasury_par,0.04
2023-07-28,329879.13,treasury_par,0.04
2023-07-31,329660.44,treasury_par,0.04
2023-08-01,327039.98,treasury_par,0.04
2023-08-02,325884.54,treasury_par,0.04
2023-08-03,321877.31,treasury_par,0.04
2023-08-04,326702.93,treasury_par,0.04
2023-08-07,325227.68,treasury_par,0.04
2023-08-08,327550.15,treasury_par,0.04
2023-08-09,328128.24,treasury_par,0.04
2023-08-10,325143.95,treasury_par,0.04
2023-08-11,323002.44,treasury_par,0.04
2023-08-14,322232.10,treasury_par,0.04
2023-08-15,321471.20,treasury_par,0.04
2023-08-16,319311.33,treasury_par,0.04
2023-08-17,318603.72,treasury_par,0.04
2023-08-18,319819.13,treasury_par,0.04
2023-08-21,317169.08,treasury_par,0.04
2023-08-22,317349.44,treasury_par,0.04
2023-08-23,322174.05,treasury_par,0.04
2023-08-24,320961.29,treasury_par,0.04
2023-08-25,320370.05,treasury_par,0.04
2023-08-28,321770.47,treasury_par,0.04
2023-08-29,324316.46,treasury_par,0.04
2023-08-30,324283.36,treasury_par,0.04
2023-08-31,325253.59,treasury_par,0.04
2023-09-01,322298.19,treasury_par,0.04
2023-09-05,319508.22,treasury_par,0.04
2023-09-06,318778.00,treasury_par,0.04
2023-09-07,319590.27,treasury_par,0.04
2023-09-08,320052.23,treasury_par,0.04
2023-09-11,318996.02,treasury_par,0.04
2023-09-12,319636.72,treasury_par,0.04
2023-09-13,320280.11,treasury_par,0.04
2023-09-14,318915.61,treasury_par,0.04
2023-09-15,317826.12,treasury_par,0.04
2023-09-18,318209.41,treasury_par,0.04
2023-09-19,316705.23,treasury_par,0.04
2023-09-20,317430.18,treasury_par,0.04
2023-09-21,312794.48,treasury_par,0.04
2023-09-22,314257.59,treasury_par,0.04
2023-09-25,310619.86,treasury_par,0.05
2023-09-26,310214.32,treasury_par,0.05
2023-09-27,308566.63,treasury_par,0.05
2023-09-28,309258.92,treasury_par,0.05
2023-09-29,309181.45,treasury_par,0.05
2023-10-02,306127.83,treasury_par,0.05
2023-10-03,302354.83,treasury_par,0.05
2023-10-04,304814.93,treasury_par,0.05
2023-10-05,304992.27,treasury_par,0.05
2023-10-06,303085.73,treasury_par,0.05
2023-10-10,306653.87,treasury_par,0.05
2023-10-11,309307.42,treasury_par,0.05
2023-10-12,305484.28,treasury_par,0.05
2023-10-13,307778.19,treasury_par,0.05
2023-10-16,305221.21,treasury_par,0.05
2023-10-17,301776.24,treasury_par,0.05
2023-10-18,299471.06,treasury_par,0.05
2023-10-19,297129.47,treasury_par,0.05
2023-10-20,298527.37,treasury_par,0.05
2023-10-23,300708.27,treasury_par,0.05
2023-10-24,301646.50,treasury_par,0.05
2023-10-25,297952.30,treasury_par,0.05
2023-10-26,300734.43,treasury_par,0.05
2023-10-27,301216.18,treasury_par,0.05
2023-10-30,300092.92,treasury_par,0.05
2023-10-31,300093.37,treasury_par,0.05
2023-11-01,303312.72,treasury_par,0.05
2023-11-02,306688.03,treasury_par,0.05
2023-11-03,309557.03,treasury_par,0.05
2023-11-06,306627.03,treasury_par,0.05
2023-11-07,309406.91,treasury_par,0.05
2023-11-08,312106.44,treasury_par,0.04
2023-11-09,307847.95,treasury_par,0.05
2023-11-10,308363.07,treasury_par,0.05
2023-11-13,307762.17,treasury_par,0.05
2023-11-14,313587.56,treasury_par,0.04
2023-11-15,310830.49,treasury_par,0.05
2023-11-16,313164.89,treasury_par,0.04
2023-11-17,313577.06,treasury_par,0.04
2023-11-20,314466.77,treasury_par,0.04
2023-11-21,314666.62,treasury_par,0.04
2023-11-22,314541.03,treasury_par,0.04
2023-11-24,312883.76,treasury_par,0.04
2023-11-27,315335.71,treasury_par,0.04
2023-11-28,316733.61,treasury_par,0.04
2023-11-29,319076.95,treasury_par,0.04
2023-11-30,315852.39,treasury_par,0.04
2023-12-01,320616.28,treasury_par,0.04
2023-12-04,318839.21,treasury_par,0.04
2023-12-05,322332.02,treasury_par,0.04
2023-12-06,324418.52,treasury_par,0.04
2023-12-07,323818.82,treasury_par,0.04
2023-12-08,320946.18,treasury_par,0.04
2023-12-11,320833.19,treasury_par,0.04
2023-12-12,321845.33,treasury_par,0.04
2023-12-13,326875.54,treasury_par,0.04
2023-12-14,331080.03,treasury_par,0.04
2023-12-15,331448.73,treasury_par,0.04
2023-12-18,330134.35,treasury_par,0.04
2023-12-19,330612.49,treasury_par,0.04
2023-12-20,332923.14,treasury_par,0.04
2023-12-21,331947.83,treasury_par,0.04
2023-12-22,331501.73,treasury_par,0.04
2023-12-26,331848.67,treasury_par,0.04
2023-12-27,335250.89,treasury_par,0.04
2023-12-28,333747.66,treasury_par,0.04
2023-12-29,332178.97,treasury_par,0.04
2024-01-02,330000.27,treasury_par,0.04
2024-01-03,331315.10,treasury_par,0.04
2024-01-04,328603.86,treasury_par,0.04
2024-01-05,326554.23,treasury_par,0.04
2024-01-08,327916.65,treasury_par,0.04
2024-01-09,327634.10,treasury_par,0.04
2024-01-10,327014.40,treasury_par,0.04
2024-01-11,328739.24,treasury_par,0.04
2024-01-12,329259.36,treasury_par,0.04
2024-01-16,325643.79,treasury_par,0.04
2024-01-17,324891.01,treasury_par,0.04
2024-01-18,323440.58,treasury_par,0.04
2024-01-19,323262.93,treasury_par,0.04
2024-01-22,324556.55,treasury_par,0.04
2024-01-23,323407.56,treasury_par,0.04
2024-01-24,322132.09,treasury_par,0.04
2024-01-25,323488.60,treasury_par,0.04
2024-01-26,323164.77,treasury_par,0.04
2024-01-29,325539.84,treasury_par,0.04
2024-01-30,326124.03,treasury_par,0.04
2024-01-31,328394.14,treasury_par,0.04
2024-02-01,332528.77,treasury_par,0.04
2024-02-02,327349.62,treasury_par,0.04
2024-02-05,322804.23,treasury_par,0.04
2024-02-06,325364.36,treasury_par,0.04
2024-02-07,325134.92,treasury_par,0.04
2024-02-08,323162.07,treasury_par,0.04
2024-02-09,322594.46,treasury_par,0.04
2024-02-12,322640.64,treasury_par,0.04
2024-02-13,318244.64,treasury_par,0.04
2024-02-14,319451.29,treasury_par,0.04
2024-02-15,320383.04,treasury_par,0.04
2024-02-16,318616.49,treasury_par,0.04
2024-02-20,319485.30,treasury_par,0.04
2024-02-21,318024.31,treasury_par,0.04
2024-02-22,317858.21,treasury_par,0.04
2024-02-23,320152.75,treasury_par,0.04
2024-02-26,319409.88,treasury_par,0.04
2024-02-27,318409.17,treasury_par,0.04
2024-02-28,319772.00,treasury_par,0.04
2024-02-29,320333.56,treasury_par,0.04
2024-03-01,322247.76,treasury_par,0.04
2024-03-04,321396.89,treasury_par,0.04
2024-03-05,324298.93,treasury_par,0.04
2024-03-06,325110.87,treasury_par,0.04
2024-03-07,325714.17,treasury_par,0.04
2024-03-08,325662.09,treasury_par,0.04
2024-03-11,325420.11,treasury_par,0.04
2024-03-12,323416.33,treasury_par,0.04
2024-03-13,322395.02,treasury_par,0.04
2024-03-14,319216.95,treasury_par,0.04
2024-03-15,318630.06,treasury_par,0.04
2024-03-18,317774.68,treasury_par,0.04
2024-03-19,318972.38,treasury_par,0.04
2024-03-20,319736.14,treasury_par,0.04
2024-03-21,319754.98,treasury_par,0.04
2024-03-22,321493.54,treasury_par,0.04
2024-03-25,320426.40,treasury_par,0.04
2024-03-26,320886.26,treasury_par,0.04
2024-03-27,322258.33,treasury_par,0.04
2024-03-28,322208.98,treasury_par,0.04
2024-04-01,317995.07,treasury_par,0.04
2024-04-02,316937.02,treasury_par,0.04
2024-04-03,316955.40,treasury_par,0.04
2024-04-04,318512.61,treasury_par,0.04
2024-04-05,315957.04,treasury_par,0.04
2024-04-08,315208.78,treasury_par,0.04
2024-04-09,316982.11,treasury_par,0.04
2024-04-10,311183.52,treasury_par,0.05
2024-04-11,310841.70,treasury_par,0.05
2024-04-12,312615.18,treasury_par,0.04
2024-04-15,308610.38,treasury_par,0.05
2024-04-16,307453.60,treasury_par,0.05
2024-04-17,309893.23,treasury_par,0.05
2024-04-18,308375.05,treasury_par,0.05
2024-04-19,308997.48,treasury_par,0.05
2024-04-22,308923.92,treasury_par,0.05
2024-04-23,309193.56,treasury_par,0.05
2024-04-24,307924.68,treasury_par,0.05
2024-04-25,306410.18,treasury_par,0.05
2024-04-26,307436.06,treasury_par,0.05
2024-04-29,308621.78,treasury_par,0.05
2024-04-30,306880.54,treasury_par,0.05
2024-05-01,308680.65,treasury_par,0.05
2024-05-02,310145.30,treasury_par,0.05
2024-05-03,312578.98,treasury_par,0.04
2024-05-06,312992.11,treasury_par,0.04
2024-05-07,313645.21,treasury_par,0.04
2024-05-08,313153.06,treasury_par,0.04
2024-05-09,314097.31,treasury_par,0.04
2024-05-10,312604.05,treasury_par,0.04
2024-05-13,313255.47,treasury_par,0.04
2024-05-14,314241.34,treasury_par,0.04
2024-05-15,317057.55,treasury_par,0.04
2024-05-16,316447.70,treasury_par,0.04
2024-05-17,315163.56,treasury_par,0.04
2024-05-20,314573.81,treasury_par,0.04
2024-05-21,315496.35,treasury_par,0.04
2024-05-22,315178.03,treasury_par,0.04
2024-05-23,313842.11,treasury_par,0.04
2024-05-24,314256.11,treasury_par,0.04
2024-05-28,311645.47,treasury_par,0.05
2024-05-29,309350.54,treasury_par,0.05
2024-05-30,311233.02,treasury_par,0.05
2024-05-31,312457.23,treasury_par,0.05
2024-06-03,315697.81,treasury_par,0.04
2024-06-04,318196.05,treasury_par,0.04
2024-06-05,319468.99,treasury_par,0.04
2024-06-06,319790.66,treasury_par,0.04
2024-06-07,315059.55,treasury_par,0.04
2024-06-10,313823.91,treasury_par,0.04
2024-06-11,316197.67,treasury_par,0.04
2024-06-12,318653.36,treasury_par,0.04
2024-06-13,320887.94,treasury_par,0.04
2024-06-14,322170.29,treasury_par,0.04
2024-06-17,319739.63,treasury_par,0.04
2024-06-18,321597.44,treasury_par,0.04
2024-06-20,320684.45,treasury_par,0.04
2024-06-21,320684.12,treasury_par,0.04
2024-06-24,320772.16,treasury_par,0.04
2024-06-25,321416.70,treasury_par,0.04
2024-06-26,318490.90,treasury_par,0.04
2024-06-27,319481.89,treasury_par,0.04
2024-06-28,317152.70,treasury_par,0.04
2024-07-01,313053.73,treasury_par,0.04
2024-07-02,314646.52,treasury_par,0.04
2024-07-03,316897.00,treasury_par,0.04
2024-07-05,319466.44,treasury_par,0.04
2024-07-08,319483.36,treasury_par,0.04
2024-07-09,318796.94,treasury_par,0.04
2024-07-10,319347.74,treasury_par,0.04
2024-07-11,321857.72,treasury_par,0.04
2024-07-12,322404.53,treasury_par,0.04
2024-07-15,320752.84,treasury_par,0.04
2024-07-16,322854.83,treasury_par,0.04
2024-07-17,323300.79,treasury_par,0.04
2024-07-18,321872.86,treasury_par,0.04
2024-07-19,320363.07,treasury_par,0.04
2024-07-22,319912.55,treasury_par,0.04
2024-07-23,320242.86,treasury_par,0.04
2024-07-24,319022.82,treasury_par,0.04
2024-07-25,319591.87,treasury_par,0.04
2024-07-26,321854.46,treasury_par,0.04
2024-07-29,322735.49,treasury_par,0.04
2024-07-30,323309.60,treasury_par,0.04
2024-07-31,325278.15,treasury_par,0.04
2024-08-01,328520.05,treasury_par,0.04
2024-08-02,334701.80,treasury_par,0.04
2024-08-05,335497.21,treasury_par,0.04
2024-08-06,331323.04,treasury_par,0.04
2024-08-07,329205.22,treasury_par,0.04
2024-08-08,328169.07,treasury_par,0.04
2024-08-09,329847.53,treasury_par,0.04
2024-08-12,331166.69,treasury_par,0.04
2024-08-13,332878.81,treasury_par,0.04
2024-08-14,333669.21,treasury_par,0.04
2024-08-15,330809.63,treasury_par,0.04
2024-08-16,331690.14,treasury_par,0.04
2024-08-19,332726.71,treasury_par,0.04
2024-08-20,334110.59,treasury_par,0.04
2024-08-21,335221.21,treasury_par,0.04
2024-08-22,332877.40,treasury_par,0.04
2024-08-23,334428.24,treasury_par,0.04
2024-08-26,334089.27,treasury_par,0.04
2024-08-27,333620.40,treasury_par,0.04
2024-08-28,333263.67,treasury_par,0.04
2024-08-29,332390.07,treasury_par,0.04
2024-08-30,331032.36,treasury_par,0.04
2024-09-03,333417.67,treasury_par,0.04
2024-09-04,335812.30,treasury_par,0.04
2024-09-05,337018.66,treasury_par,0.04
2024-09-06,337397.18,treasury_par,0.04
2024-09-09,338115.19,treasury_par,0.04
2024-09-10,339706.23,treasury_par,0.04
2024-09-11,339765.82,treasury_par,0.04
2024-09-12,338630.87,treasury_par,0.04
2024-09-13,339390.68,treasury_par,0.04
2024-09-16,340476.72,treasury_par,0.04
2024-09-17,339872.85,treasury_par,0.04
2024-09-18,338036.29,treasury_par,0.04
2024-09-19,337005.40,treasury_par,0.04
2024-09-20,337119.32,treasury_par,0.04
2024-09-23,336366.38,treasury_par,0.04
2024-09-24,336569.61,treasury_par,0.04
2024-09-25,334849.09,treasury_par,0.04
2024-09-26,334993.40,treasury_par,0.04
2024-09-27,336249.17,treasury_par,0.04
2024-09-30,334337.06,treasury_par,0.04
2024-10-01,336592.57,treasury_par,0.04
2024-10-02,334846.34,treasury_par,0.04
2024-10-03,332899.55,treasury_par,0.04
2024-10-04,328722.30,treasury_par,0.04
2024-10-07,327190.12,treasury_par,0.04
2024-10-08,326762.67,treasury_par,0.04
2024-10-09,325984.24,treasury_par,0.04
2024-10-10,324993.90,treasury_par,0.04
2024-10-11,325273.26,treasury_par,0.04
2024-10-15,327095.85,treasury_par,0.04
2024-10-16,327415.74,treasury_par,0.04
2024-10-17,324991.41,treasury_par,0.04
2024-10-18,325281.80,treasury_par,0.04
2024-10-21,321764.97,treasury_par,0.04
2024-10-22,321348.04,treasury_par,0.04
2024-10-23,320132.09,treasury_par,0.04
2024-10-24,321155.63,treasury_par,0.04
2024-10-25,319903.81,treasury_par,0.04
2024-10-28,318878.85,treasury_par,0.04
2024-10-29,318922.63,treasury_par,0.04
2024-10-30,318744.79,treasury_par,0.04
2024-10-31,319041.01,treasury_par,0.04
2024-11-01,316026.10,treasury_par,0.04
2024-11-04,318095.87,treasury_par,0.04
2024-11-05,319635.23,treasury_par,0.04
2024-11-06,314454.15,treasury_par,0.04
2024-11-07,317931.45,treasury_par,0.04
2024-11-08,318504.74,treasury_par,0.04
2024-11-12,314384.19,treasury_par,0.04
2024-11-13,313888.74,treasury_par,0.04
2024-11-14,314462.09,treasury_par,0.04
2024-11-15,314451.95,treasury_par,0.04
2024-11-18,314681.93,treasury_par,0.04
2024-11-19,315733.52,treasury_par,0.04
2024-11-20,315254.57,treasury_par,0.04
2024-11-21,314636.57,treasury_par,0.04
2024-11-22,315204.15,treasury_par,0.04
2024-11-25,319722.81,treasury_par,0.04
2024-11-26,318710.83,treasury_par,0.04
2024-11-27,320371.41,treasury_par,0.04
2024-11-29,322657.60,treasury_par,0.04
2024-12-02,322237.99,treasury_par,0.04
2024-12-03,320898.86,treasury_par,0.04
2024-12-04,322274.66,treasury_par,0.04
2024-12-05,322914.98,treasury_par,0.04
2024-12-06,323508.19,treasury_par,0.04
2024-12-09,321907.87,treasury_par,0.04
2024-12-10,321235.82,treasury_par,0.04
2024-12-11,319695.96,treasury_par,0.04
2024-12-12,317714.14,treasury_par,0.04
2024-12-13,315207.62,treasury_par,0.04
2024-12-16,315548.17,treasury_par,0.04
2024-12-17,315293.09,treasury_par,0.04
2024-12-18,312346.78,treasury_par,0.04
2024-12-19,310018.43,treasury_par,0.05
2024-12-20,311516.52,treasury_par,0.05
2024-12-23,309343.70,treasury_par,0.05
2024-12-24,309406.87,treasury_par,0.05
2024-12-26,309827.79,treasury_par,0.05
2024-12-27,308389.20,treasury_par,0.05
2024-12-30,310429.91,treasury_par,0.05
2024-12-31,309557.38,treasury_par,0.05
2025-01-02,309829.99,treasury_par,0.05
2025-01-03,308911.71,treasury_par,0.05
2025-01-06,308222.10,treasury_par,0.05
2025-01-07,306565.09,treasury_par,0.05
2025-01-08,306590.49,treasury_par,0.05
2025-01-09,306261.86,treasury_par,0.05
2025-01-10,303584.98,treasury_par,0.05
2025-01-13,303094.17,treasury_par,0.05
2025-01-14,303228.51,treasury_par,0.05
2025-01-15,307009.34,treasury_par,0.05
2025-01-16,308494.94,treasury_par,0.05
2025-01-17,308452.29,treasury_par,0.05
2025-01-21,309710.94,treasury_par,0.05
2025-01-22,308869.06,treasury_par,0.05
2025-01-23,307442.53,treasury_par,0.05
2025-01-24,307991.94,treasury_par,0.05
2025-01-27,311057.61,treasury_par,0.05
2025-01-28,310519.66,treasury_par,0.05
2025-01-29,310428.35,treasury_par,0.05
2025-01-30,311442.93,treasury_par,0.05
2025-01-31,309448.43,treasury_par,0.05
2025-02-03,310827.59,treasury_par,0.05
2025-02-04,311410.11,treasury_par,0.05
2025-02-05,314533.17,treasury_par,0.04
2025-02-06,313947.90,treasury_par,0.04
2025-02-07,312557.20,treasury_par,0.04
2025-02-10,312060.74,treasury_par,0.05
2025-02-11,310997.95,treasury_par,0.05
2025-02-12,308213.13,treasury_par,0.05
2025-02-13,311469.88,treasury_par,0.05
2025-02-14,312969.70,treasury_par,0.04
2025-02-18,310469.22,treasury_par,0.05
2025-02-19,311234.35,treasury_par,0.05
2025-02-20,312114.99,treasury_par,0.04
2025-02-21,314648.16,treasury_par,0.04
2025-02-24,315176.82,treasury_par,0.04
2025-02-25,318458.87,treasury_par,0.04
2025-02-26,320019.42,treasury_par,0.04
2025-02-27,318743.85,treasury_par,0.04
2025-02-28,320268.22,treasury_par,0.04
2025-03-03,322770.65,treasury_par,0.04
2025-03-04,320721.05,treasury_par,0.04
2025-03-05,318794.88,treasury_par,0.04
2025-03-06,318392.50,treasury_par,0.04
2025-03-07,317425.98,treasury_par,0.04
2025-03-10,320565.29,treasury_par,0.04
2025-03-11,318650.18,treasury_par,0.04
2025-03-12,317389.92,treasury_par,0.04
2025-03-13,318917.98,treasury_par,0.04
2025-03-14,317768.95,treasury_par,0.04
2025-03-17,317833.16,treasury_par,0.04
2025-03-18,318603.65,treasury_par,0.04
2025-03-19,319807.55,treasury_par,0.04
2025-03-20,320162.25,treasury_par,0.04
2025-03-21,319710.47,treasury_par,0.04
2025-03-24,316826.74,treasury_par,0.04
2025-03-25,317633.29,treasury_par,0.04
2025-03-26,316372.58,treasury_par,0.04
2025-03-27,315390.79,treasury_par,0.04
2025-03-28,318940.14,treasury_par,0.04
2025-03-31,320091.87,treasury_par,0.04
2025-04-01,322082.91,treasury_par,0.04
2025-04-02,321137.64,treasury_par,0.04
2025-04-03,325399.62,treasury_par,0.04
2025-04-04,327188.41,treasury_par,0.04
2025-04-07,322274.09,treasury_par,0.04
2025-04-08,318388.26,treasury_par,0.04
2025-04-09,316056.82,treasury_par,0.04
2025-04-10,313782.16,treasury_par,0.04
2025-04-11,311659.91,treasury_par,0.04
2025-04-14,314706.76,treasury_par,0.04
2025-04-15,315716.02,treasury_par,0.04
2025-04-16,317610.70,treasury_par,0.04
2025-04-17,315989.94,treasury_par,0.04
2025-04-21,313062.08,treasury_par,0.04
2025-04-22,313613.69,treasury_par,0.04
2025-04-23,314128.62,treasury_par,0.04
2025-04-24,316695.68,treasury_par,0.04
2025-04-25,317839.98,treasury_par,0.04
2025-04-28,319561.26,treasury_par,0.04
2025-04-29,321017.58,treasury_par,0.04
2025-04-30,321369.10,treasury_par,0.04
2025-05-01,318807.74,treasury_par,0.04
2025-05-02,316377.54,treasury_par,0.04
2025-05-05,315351.60,treasury_par,0.04
2025-05-06,316895.31,treasury_par,0.04
2025-05-07,318234.36,treasury_par,0.04
2025-05-08,314877.53,treasury_par,0.04
2025-05-09,314871.76,treasury_par,0.04
2025-05-12,312453.76,treasury_par,0.04
2025-05-13,311149.18,treasury_par,0.04
2025-05-14,309917.39,treasury_par,0.05
2025-05-15,312454.73,treasury_par,0.04
2025-05-16,313001.36,treasury_par,0.04
2025-05-19,312054.75,treasury_par,0.04
2025-05-20,311295.05,treasury_par,0.04
2025-05-21,308143.07,treasury_par,0.05
2025-05-22,309416.76,treasury_par,0.05
2025-05-23,310303.88,treasury_par,0.05
2025-05-27,312847.77,treasury_par,0.04
2025-05-28,311497.37,treasury_par,0.04
2025-05-29,312995.21,treasury_par,0.04
2025-05-30,313533.51,treasury_par,0.04
2025-06-02,311833.12,treasury_par,0.04
2025-06-03,311813.42,treasury_par,0.04
2025-06-04,314751.91,treasury_par,0.04
2025-06-05,313999.44,treasury_par,0.04
2025-06-06,310567.72,treasury_par,0.05
2025-06-09,311160.94,treasury_par,0.04
2025-06-10,311737.80,treasury_par,0.04
2025-06-11,313422.51,treasury_par,0.04
2025-06-12,315235.18,treasury_par,0.04
2025-06-13,313489.10,treasury_par,0.04
2025-06-16,312034.94,treasury_par,0.04
2025-06-17,314343.21,treasury_par,0.04
2025-06-18,314541.21,treasury_par,0.04
2025-06-20,314473.54,treasury_par,0.04
2025-06-23,315760.06,treasury_par,0.04
2025-06-24,317027.73,treasury_par,0.04
2025-06-25,317270.43,treasury_par,0.04
2025-06-26,318246.67,treasury_par,0.04
2025-06-27,317207.78,treasury_par,0.04
2025-06-30,318932.83,treasury_par,0.04
2025-07-01,318329.91,treasury_par,0.04
2025-07-02,316980.22,treasury_par,0.04
2025-07-03,315507.46,treasury_par,0.04
2025-07-07,313829.96,treasury_par,0.04
2025-07-08,313183.83,treasury_par,0.04
2025-07-09,315726.10,treasury_par,0.04
2025-07-10,315482.31,treasury_par,0.04
2025-07-11,312846.29,treasury_par,0.04
2025-07-14,312767.46,treasury_par,0.04
2025-07-15,310685.37,treasury_par,0.04
2025-07-16,311743.86,treasury_par,0.04
2025-07-17,311526.25,treasury_par,0.04
2025-07-18,312435.96,treasury_par,0.04
2025-07-21,314338.61,treasury_par,0.04
2025-07-22,315351.89,treasury_par,0.04
2025-07-23,313861.20,treasury_par,0.04
2025-07-24,312980.71,treasury_par,0.04
2025-07-25,313963.71,treasury_par,0.04
2025-07-28,313179.01,treasury_par,0.04
2025-07-29,315859.98,treasury_par,0.04
2025-07-30,314566.91,treasury_par,0.04
2025-07-31,314899.82,treasury_par,0.04
2025-08-01,319160.25,treasury_par,0.04
2025-08-04,319534.35,treasury_par,0.04
2025-08-05,319507.55,treasury_par,0.04
2025-08-06,319271.08,treasury_par,0.04
2025-08-07,318916.44,treasury_par,0.04
2025-08-08,317692.15,treasury_par,0.04
2025-08-11,317770.81,treasury_par,0.04
2025-08-12,317020.17,treasury_par,0.04
2025-08-13,318713.91,treasury_par,0.04
2025-08-14,317105.67,treasury_par,0.04
2025-08-15,315718.06,treasury_par,0.04
2025-08-18,315443.81,treasury_par,0.04
2025-08-19,316620.78,treasury_par,0.04
2025-08-20,317146.67,treasury_par,0.04
2025-08-21,315899.85,treasury_par,0.04
2025-08-22,318067.04,treasury_par,0.04
2025-08-25,317393.50,treasury_par,0.04
2025-08-26,317883.53,treasury_par,0.04
2025-08-27,318334.10,treasury_par,0.04
2025-08-28,319237.39,treasury_par,0.04
2025-08-29,318770.49,treasury_par,0.04
2025-09-02,317017.86,treasury_par,0.04
2025-09-03,319057.28,treasury_par,0.04
2025-09-04,320648.04,treasury_par,0.04
2025-09-05,323097.12,treasury_par,0.04
2025-09-08,324847.35,treasury_par,0.04
2025-09-09,323792.63,treasury_par,0.04
2025-09-10,325029.09,treasury_par,0.04
2025-09-11,326081.25,treasury_par,0.04
2025-09-12,324486.63,treasury_par,0.04
2025-09-15,324935.02,treasury_par,0.04
2025-09-16,325320.10,treasury_par,0.04
2025-09-17,324685.62,treasury_par,0.04
2025-09-18,322942.93,treasury_par,0.04
2025-09-19,321975.01,treasury_par,0.04
2025-09-22,321545.31,treasury_par,0.04
2025-09-23,322529.35,treasury_par,0.04
2025-09-24,321273.70,treasury_par,0.04
2025-09-25,320771.62,treasury_par,0.04
2025-09-26,320162.18,treasury_par,0.04
2025-09-29,321788.33,treasury_par,0.04
2025-09-30,321350.72,treasury_par,0.04
2025-10-01,322549.91,treasury_par,0.04
2025-10-02,323311.30,treasury_par,0.04
2025-10-03,322272.64,treasury_par,0.04
2025-10-06,320680.86,treasury_par,0.04
2025-10-07,321957.14,treasury_par,0.04
2025-10-08,322213.58,treasury_par,0.04
2025-10-09,321889.66,treasury_par,0.04
2025-10-10,324959.04,treasury_par,0.04
2025-10-14,325622.44,treasury_par,0.04
2025-10-15,324921.06,treasury_par,0.04
2025-10-16,326918.29,treasury_par,0.04
2025-10-17,325958.47,treasury_par,0.04
2025-10-20,326593.99,treasury_par,0.04
2025-10-21,327408.05,treasury_par,0.04
2025-10-22,327686.11,treasury_par,0.04
2025-10-23,326376.46,treasury_par,0.04
2025-10-24,326082.46,treasury_par,0.04
2025-10-27,326381.83,treasury_par,0.04
2025-10-28,327071.36,treasury_par,0.04
2025-10-29,324273.58,treasury_par,0.04
2025-10-30,323107.11,treasury_par,0.04
2025-10-31,323072.90,treasury_par,0.04
2025-11-03,322450.35,treasury_par,0.04
2025-11-04,323318.72,treasury_par,0.04
2025-11-05,321000.20,treasury_par,0.04
2025-11-06,322994.70,treasury_par,0.04
2025-11-07,322897.90,treasury_par,0.04
2025-11-10,322252.50,treasury_par,0.04
2025-11-12,323816.77,treasury_par,0.04
2025-11-13,322740.97,treasury_par,0.04
2025-11-14,321686.96,treasury_par,0.04
2025-11-17,322139.94,treasury_par,0.04
2025-11-18,322303.01,treasury_par,0.04
2025-11-19,322122.58,treasury_par,0.04
2025-11-20,323111.07,treasury_par,0.04
2025-11-21,324241.45,treasury_par,0.04
2025-11-24,324984.72,treasury_par,0.04
2025-11-25,325901.29,treasury_par,0.04
2025-11-26,326397.03,treasury_par,0.04
2025-11-28,325674.44,treasury_par,0.04
2025-12-01,323134.45,treasury_par,0.04
2025-12-02,323241.73,treasury_par,0.04
2025-12-03,324151.55,treasury_par,0.04
2025-12-04,322569.31,treasury_par,0.04
2025-12-05,321592.04,treasury_par,0.04
2025-12-08,320523.25,treasury_par,0.04
2025-12-09,320323.43,treasury_par,0.04
2025-12-10,321740.75,treasury_par,0.04
2025-12-11,321489.64,treasury_par,0.04
2025-12-12,319709.76,treasury_par,0.04
2025-12-15,320101.01,treasury_par,0.04
2025-12-16,321130.79,treasury_par,0.04
2025-12-17,320800.94,treasury_par,0.04
2025-12-18,322128.44,treasury_par,0.04
2025-12-19,320873.88,treasury_par,0.04
2025-12-22,320493.35,treasury_par,0.04
2025-12-23,320254.08,treasury_par,0.04
2025-12-24,321255.14,treasury_par,0.04
2025-12-26,321476.38,treasury_par,0.04
2025-12-29,322004.90,treasury_par,0.04
2025-12-30,321442.61,treasury_par,0.04
2025-12-31,320152.46,treasury_par,0.04
2026-01-02,319737.15,treasury_par,0.04
2026-01-05,320447.66,treasury_par,0.04
2026-01-06,320119.73,treasury_par,0.04
2026-01-07,321154.52,treasury_par,0.04
2026-01-08,319901.11,treasury_par,0.04
2026-01-09,320383.74,treasury_par,0.04
2026-01-12,319920.87,treasury_par,0.04
2026-01-13,320290.58,treasury_par,0.04
2026-01-14,321369.01,treasury_par,0.04
2026-01-15,320730.07,treasury_par,0.04
2026-01-16,318610.00,treasury_par,0.04
2026-01-20,316448.45,treasury_par,0.04
2026-01-21,317853.04,treasury_par,0.04
2026-01-22,318047.97,treasury_par,0.04
2026-01-23,318638.72,treasury_par,0.04
2026-01-26,319314.25,treasury_par,0.04
2026-01-27,318515.47,treasury_par,0.04
2026-01-28,317862.01,treasury_par,0.04
2026-01-29,318530.19,treasury_par,0.04
2026-01-30,317926.70,treasury_par,0.04
2026-02-02,316914.81,treasury_par,0.04
2026-02-03,317178.82,treasury_par,0.04
2026-02-04,316840.13,treasury_par,0.04
2026-02-05,319351.59,treasury_par,0.04
2026-02-06,319041.88,treasury_par,0.04
2026-02-09,319152.09,treasury_par,0.04
2026-02-10,321077.22,treasury_par,0.04
2026-02-11,320289.97,treasury_par,0.04
2026-02-12,323218.66,treasury_par,0.04
2026-02-13,324842.21,treasury_par,0.04
2026-02-17,324697.80,treasury_par,0.04
2026-02-18,323510.57,treasury_par,0.04
2026-02-19,323853.90,treasury_par,0.04
2026-02-20,323706.36,treasury_par,0.04
2026-02-23,325271.21,treasury_par,0.04
2026-02-24,324968.04,treasury_par,0.04
2026-02-25,324718.91,treasury_par,0.04
2026-02-26,325771.54,treasury_par,0.04
2026-02-27,327332.49,treasury_par,0.04
2026-03-02,324654.39,treasury_par,0.04
2026-03-03,324330.83,treasury_par,0.04
2026-03-04,323375.96,treasury_par,0.04
2026-03-05,321999.30,treasury_par,0.04
2026-03-06,321283.90,treasury_par,0.04
2026-03-09,322380.33,treasury_par,0.04
2026-03-10,321284.49,treasury_par,0.04
2026-03-11,319225.76,treasury_par,0.04
2026-03-12,317384.20,treasury_par,0.04
2026-03-13,316877.31,treasury_par,0.04
2026-03-16,318677.65,treasury_par,0.04
2026-03-17,319557.76,treasury_par,0.04
2026-03-18,317805.26,treasury_par,0.04
2026-03-19,318152.77,treasury_par,0.04
2026-03-20,313528.34,treasury_par,0.04
2026-03-23,315050.90,treasury_par,0.04
2026-03-24,313660.20,treasury_par,0.04
2026-03-25,315512.24,treasury_par,0.04
2026-03-26,312844.56,treasury_par,0.04
2026-03-27,312124.78,treasury_par,0.04
2026-03-30,314860.12,treasury_par,0.04
2026-03-31,316408.47,treasury_par,0.04
2026-04-01,315390.76,treasury_par,0.04
2026-04-02,316160.12,treasury_par,0.04
2026-04-03,314918.06,treasury_par,0.04
2026-04-06,315324.85,treasury_par,0.04
2026-04-07,315549.21,treasury_par,0.04
2026-04-08,316725.45,treasury_par,0.04
2026-04-09,316635.29,treasury_par,0.04
2026-04-10,316079.20,treasury_par,0.04
2026-04-13,316447.13,treasury_par,0.04
2026-04-14,317755.23,treasury_par,0.04
2026-04-15,316824.48,treasury_par,0.04
2026-04-16,315880.44,treasury_par,0.04
2026-04-17,317723.52,treasury_par,0.04
2026-04-20,317742.76,treasury_par,0.04
2026-04-21,316577.01,treasury_par,0.04
2026-04-22,316533.77,treasury_par,0.04
2026-04-23,315366.28,treasury_par,0.04
2026-04-24,316239.96,treasury_par,0.04
2026-04-27,314925.59,treasury_par,0.04
2026-04-28,314664.18,treasury_par,0.04
2026-04-29,312796.03,treasury_par,0.04
2026-04-30,313318.76,treasury_par,0.04
2026-05-01,313601.86,treasury_par,0.04
2026-05-04,311778.26,treasury_par,0.04
2026-05-05,312450.45,treasury_par,0.04
2026-05-06,314652.90,treasury_par,0.04
2026-05-07,313127.59,treasury_par,0.04
2026-05-08,314101.20,treasury_par,0.04
2026-05-11,312781.48,treasury_par,0.04
2026-05-12,311397.52,treasury_par,0.04
2026-05-13,311361.43,treasury_par,0.04
2026-05-14,311289.33,treasury_par,0.04
2026-05-15,307314.36,treasury_par,0.05
2026-05-18,306903.46,treasury_par,0.05
2026-05-19,305053.47,treasury_par,0.05
2026-05-20,308160.01,treasury_par,0.05
2026-05-21,308176.04,treasury_par,0.05
2026-05-22,308664.58,treasury_par,0.05
2026-05-26,310394.05,treasury_par,0.04
2026-05-27,310983.06,treasury_par,0.04
2026-05-28,311952.66,treasury_par,0.04
2026-05-29,312036.97,treasury_par,0.04
2026-06-01,311358.39,treasury_par,0.04
2026-06-02,311758.02,treasury_par,0.04
2026-06-03,310828.42,treasury_par,0.04
2026-06-04,311437.68,treasury_par,0.04
2026-06-05,309141.69,treasury_par,0.05
2026-06-08,308723.31,treasury_par,0.05
2026-06-09,309660.81,treasury_par,0.05
2026-06-10,309065.07,treasury_par,0.05
2026-06-11,312046.81,treasury_par,0.04
2026-06-12,311172.82,treasury_par,0.04
2026-06-15,311520.52,treasury_par,0.04
2026-06-16,312894.55,treasury_par,0.04
2026-06-17,311188.41,treasury_par,0.04
2026-06-18,312209.56,treasury_par,0.04
2026-06-22,310572.45,treasury_par,0.05
2026-06-23,310844.21,treasury_par,0.04
2026-06-24,313774.36,treasury_par,0.04
2026-06-25,314054.48,treasury_par,0.04
2026-06-26,314577.72,treasury_par,0.04
2026-06-29,314628.44,treasury_par,0.04
2026-06-30,312624.28,treasury_par,0.04
2026-07-01,311306.18,treasury_par,0.04
2026-07-02,310912.75,treasury_par,0.04
2026-07-06,311195.03,treasury_par,0.04
2026-07-07,309043.83,treasury_par,0.05
2026-07-08,308584.86,treasury_par,0.05
2026-07-09,309160.72,treasury_par,0.05
2026-07-10,308566.74,treasury_par,0.05
2026-07-13,306933.55,treasury_par,0.05
2026-07-14,307979.44,treasury_par,0.05
2026-07-15,308914.00,treasury_par,0.05
2026-07-16,308291.79,treasury_par,0.05
2026-07-17,308914.56,treasury_par,0.05
2026-07-20,307338.26,treasury_par,0.05
2026-07-21,306413.51,treasury_par,0.05
2026-07-22,305294.05,treasury_par,0.05
2026-07-23,304110.85,treasury_par,0.05
2026-07-24,304751.67,treasury_par,0.05
2026-07-27,305903.14,treasury_par,0.05
2026-07-28,307184.56,treasury_par,0.05
2026-07-29,305011.48,treasury_par,0.05
2026-07-30,304701.90,treasury_par,0.05
2026-07-31,302589.42,treasury_par,0.05
2026-08-03,304160.39,treasury_par,0.05
2026-08-04,306189.37,treasury_par,0.05
2026-08-05,306173.72,treasury_par,0.05
2026-08-06,304474.79,treasury_par,0.05
2026-08-07,305537.51,treasury_par,0.05
2026-08-10,303504.31,treasury_par,0.05
2026-08-11,303957.82,treasury_par,0.05
2026-08-12,304504.48,treasury_par,0.05
2026-08-13,305975.71,treasury_par,0.05
2026-08-14,304453.93,treasury_par,0.05
2026-08-17,303160.07,treasury_par,0.05
2026-08-18,303557.60,treasury_par,0.05
2026-08-19,305803.21,treasury_par,0.05
2026-08-20,304546.91,treasury_par,0.05
2026-08-21,303054.07,treasury_par,0.05
2026-08-24,304241.64,treasury_par,0.05
2026-08-25,306074.25,treasury_par,0.05
2026-08-26,305490.26,treasury_par,0.05
2026-08-27,305182.45,treasury_par,0.05
2026-08-28,303591.04,treasury_par,0.05
2026-08-31,302820.00,treasury_par,0.05
2026-09-01,301696.01,treasury_par,0.05
2026-09-02,301680.87,treasury_par,0.05
2026-09-03,302310.49,treasury_par,0.05
2026-09-04,302063.37,treasury_par,0.05
2026-09-08,301457.61,treasury_par,0.05
2026-09-09,300639.95,treasury_par,0.05
2026-09-10,297076.05,treasury_par,0.05
2026-09-11,296898.70,treasury_par,0.05
2026-09-14,296776.60,treasury_par,0.05
2026-09-15,295877.92,treasury_par,0.05
2026-09-16,295701.46,treasury_par,0.05
2026-09-17,297834.43,treasury_par,0.05
2026-09-18,295833.66,treasury_par,0.05
2026-09-21,297340.86,treasury_par,0.05
2026-09-22,297314.61,treasury_par,0.05
2026-09-23,293033.64,treasury_par,0.05
2026-09-24,290932.53,treasury_par,0.05
2026-09-25,291157.69,treasury_par,0.05
2026-09-28,289119.20,treasury_par,0.05
