m_h,sigma,nu
9.398297382893608387e-02,1.582912158224522581e-01,3.129391171712613939e+01
1.078506723535525985e-01,1.353947426139464338e-01,4.258144264086459962e+00
8.272963443910234804e-02,1.477167555616712702e-01,1.688159605709017441e+01
9.131287204747208508e-02,1.524789749252326576e-01,1.836215030490939881e+01
8.622607532696210941e-02,1.693086931013337293e-01,1.996852436142142651e+01
9.642618185275705911e-02,1.506189131315080476e-01,1.754671706554506017e+01
6.451737793172049318e-02,1.588905100631083644e-01,9.521399285102200238e+00
1.030233057365432942e-01,1.606994437562785927e-01,2.385159330312901105e+01
9.297426664285739217e-02,1.765795170299525596e-01,2.776870327657614368e+01
8.864900935897913892e-02,1.773345336683037898e-01,3.743424867446677240e+01
8.075365898734135350e-02,1.615139934314942238e-01,3.531894559707473036e+01
1.262588608697665649e-01,1.487265490183569128e-01,1.782138031525378352e+01
1.262588608697665649e-01,1.487265490183569128e-01,1.782138031525378352e+01
1.144501524642137780e-01,1.317136249419295080e-01,4.543214299589545035e+00
9.812621334989174438e-02,1.321962295103742691e-01,8.065401590053799197e+00
1.099565953114028244e-01,1.602346255876523629e-01,4.315216739553438430e+01
1.047509191233585574e-01,1.605334724108013200e-01,1.073725818493482187e+01
1.026607099640666071e-01,1.486659661357961348e-01,1.086094119199688457e+01
9.357543406160882815e-02,1.578506994602418279e-01,1.634300784472095813e+01
1.089064248776733246e-01,1.628081058859298380e-01,1.662093019609753952e+01
1.008979297368858274e-01,1.478122767977793905e-01,8.314789032177245076e+00
9.316408238373588557e-02,1.589726749626026447e-01,1.528479822620403006e+01
9.284232024262004113e-02,1.694657721631349645e-01,2.950359178356865186e+01
9.705445984218367961e-02,1.725587645062718889e-01,3.076937267581276458e+01
1.004045409452553050e-01,1.659108331713997908e-01,3.058424823475608179e+01
9.404324102993559531e-02,1.553807952512265000e-01,1.583879708722357194e+01
8.722774852658975175e-02,1.659213631253286247e-01,1.394833685483309615e+01
9.965163222776694807e-02,1.602808690671728153e-01,1.049932137497077456e+01
8.501788080017848304e-02,1.566211597489333973e-01,2.950665667266008896e+01
9.842783152350417786e-02,1.601939710750741042e-01,1.564023490713585396e+01
1.042007378623145686e-01,1.705656469117865226e-01,2.615040219305817359e+01
7.737933401469294925e-02,1.587047455837185539e-01,8.048654665059828517e+00
9.302107437964408920e-02,1.327605585706704283e-01,8.827560802125622885e+00
7.470954875818826280e-02,1.422137751045493559e-01,5.861589558177710657e+00
1.071364732493069460e-01,1.730366596546152602e-01,1.495520441951665092e+01
1.180779243650741939e-01,1.717959157284993932e-01,1.884133823161090149e+01
1.026425810395296262e-01,1.767679319790154691e-01,1.894872499582656999e+01
1.102764278553564209e-01,1.535838554960954061e-01,1.424619177335673470e+01
7.623489055216475796e-02,1.513620887117978764e-01,1.130409161704163878e+01
8.527609941962434326e-02,1.711651811230381348e-01,8.152089549434293758e+00
9.289514146313787579e-02,1.508786241795687932e-01,1.160969283439268906e+01
1.045198135716418619e-01,1.535775333543105137e-01,9.796220315681672730e+00
1.066244108309950672e-01,1.484394895969833872e-01,9.163331297193490599e+00
1.095462219926570530e-01,1.371559293079706032e-01,9.686409326290743138e+00
8.576269456321494733e-02,1.665444050091323680e-01,4.212690068673401811e+01
8.456613771830009951e-02,1.520716562791611381e-01,1.949219501336029836e+01
9.155352849176365271e-02,1.638270892130350154e-01,1.453327437234739961e+01
6.555531965373358194e-02,1.434443022819530122e-01,6.553290237117220585e+00
8.428349747842342476e-02,1.594571552270679649e-01,1.940539771867828733e+01
8.985836885827373777e-02,1.487733663361015535e-01,2.285839928030400969e+01
7.095749340498050395e-02,1.676175789411435413e-01,1.104009118380107424e+01
6.623173533194096074e-02,1.510062248337943058e-01,1.164551004665943168e+01
1.105616607469392110e-01,1.643897919046796718e-01,1.255882256332761315e+01
8.737158033566265469e-02,1.496389869815248075e-01,1.602220249809526820e+01
8.238168413362183251e-02,1.537907905617567350e-01,1.544993514913532806e+01
1.055546368717669575e-01,1.662776256590988155e-01,2.295558620661088867e+01
8.557476743254940899e-02,1.508393072390103173e-01,2.751518983617734548e+01
9.538313228933634202e-02,1.562912030591262491e-01,1.853213995233303635e+01
9.304065457229569736e-02,1.495602854366173684e-01,1.871969904965855491e+01
1.054452768368809162e-01,1.553900366631465746e-01,6.489027872785550599e+00
7.903947100029043438e-02,1.605413650008742088e-01,3.805462643600986894e+01
1.168518159539981838e-01,1.414615951351255729e-01,4.965461092642089014e+00
1.159236808888535059e-01,1.466757245664158660e-01,3.533252959665980519e+00
1.038369711529780748e-01,1.922233300751153007e-01,3.658087916234685366e+01
1.119675705736981330e-01,1.537783285375311504e-01,1.378427138081352687e+01
7.063278779597498280e-02,1.633147520361491467e-01,3.488954264852075227e+01
9.306711130012801370e-02,1.627967240553462869e-01,2.674148401909780759e+01
9.876156345600797803e-02,1.620513342295213932e-01,2.648678923078204051e+01
9.794974011892333687e-02,1.738612988661906167e-01,4.019547932405524904e+01
9.515875348084391894e-02,1.493904084907521634e-01,9.875548833135095350e+00
8.382919328545827831e-02,1.527457978692718099e-01,1.358212219607097815e+01
8.783421132530797037e-02,1.558627520246953779e-01,1.459362195998519063e+01
1.033524348454445407e-01,1.477077627248125080e-01,8.211384037479483311e+00
8.244205503377523281e-02,1.480987223276596376e-01,1.664194394427815027e+01
1.065369226323275437e-01,1.473422638961505160e-01,6.443811887938055705e+00
1.187702685641445627e-01,1.324939072009795327e-01,9.193904763957675641e+00
1.160609952852458965e-01,1.345130634190868923e-01,8.343557322666239173e+00
1.023642497430328341e-01,1.498647606103989116e-01,6.958351937390788500e+00
1.062670979780055702e-01,1.639059537061289540e-01,2.667818136065635670e+01
1.043607058375966012e-01,1.616597685653289873e-01,2.602033922281102463e+01
7.684288704455830010e-02,1.719908410064602822e-01,1.232466240927191414e+01
8.699501793067965227e-02,1.571006889902487880e-01,4.503970513950557830e+01
1.005251351617485051e-01,1.569013417854364933e-01,7.686644875327310444e+00
9.874293889181344486e-02,1.443487813632849948e-01,1.302911423497830157e+01
9.295331265979175916e-02,1.676532092032394505e-01,1.541828608720933502e+01
1.045960383964474744e-01,1.539979014947759073e-01,7.617059219235352785e+00
1.038799568513588817e-01,1.539500142772779190e-01,8.185374192969911533e+00
8.009674420896849278e-02,1.514016101160826078e-01,1.987270483761309237e+01
1.112390618460952219e-01,1.619951097000270068e-01,9.968014298875861101e+00
1.094194121475880188e-01,1.512678431047259908e-01,3.541733647254216777e+01
7.941272733968396391e-02,1.517755714214169271e-01,1.528470833539241269e+01
1.033077330257094195e-01,1.473980602572545762e-01,8.231740064923783962e+00
6.682268736663316000e-02,1.649402286246875737e-01,1.603915287959907943e+01
7.175028604727638759e-02,1.520692716758553220e-01,7.821138890799558041e+00
1.032362408249903746e-01,1.541358788209843678e-01,1.796121327968484849e+01
9.357967447066790900e-02,1.531356301855691937e-01,1.549934391785700960e+01
8.464742633356686641e-02,1.581647549564044186e-01,1.455597415097539482e+01
9.212089418816846176e-02,1.495525191853218083e-01,1.717041360828492458e+01
1.001737035822720251e-01,1.709538193218652080e-01,9.312192576324456184e+00
7.332324023632473542e-02,1.590354166948830250e-01,1.517014228655706987e+01
8.622261300427118413e-02,1.700318737781034983e-01,5.829161702513392385e+01
8.012598508397680841e-02,1.286919046883293338e-01,6.917697499540452100e+00
8.330797000171275002e-02,1.349949939672694110e-01,6.302967083850842478e+00
1.026428065138116769e-01,1.390165624987708681e-01,7.983751836161461668e+00
1.053290552764955118e-01,1.708031198734139833e-01,1.312046911137446514e+01
8.428702946264805818e-02,1.513473110769136820e-01,2.557684600734830838e+01
8.965238173334358351e-02,1.701405840499735367e-01,1.403643764806207272e+01
8.274339446117352781e-02,1.519695724360388966e-01,1.460117668545150238e+01
1.121718264781589036e-01,1.651478207758567407e-01,1.768452866864857853e+01
1.034089608702841862e-01,1.562769382112400574e-01,1.050384036977365199e+01
1.113282254743651195e-01,1.468455499406481901e-01,1.097988625178837907e+01
9.566849144840439134e-02,1.588198952948025600e-01,3.885186304114377975e+01
9.696515439676510473e-02,1.750826111209745906e-01,4.215179352487533038e+01
1.005143418358405705e-01,1.540051561085958032e-01,1.236086404071706646e+01
9.775470032528796316e-02,1.643357254355287678e-01,2.480231386848910446e+01
1.076976743174043044e-01,1.669990103437664908e-01,4.501998443032796615e+01
1.048419777497315297e-01,1.678396194403356245e-01,1.496399353308102498e+01
9.339251521291760949e-02,1.562496504684091347e-01,2.122018886792824688e+01
9.824050588046255583e-02,1.520581806320524809e-01,1.053380841675260449e+01
9.236638795385576639e-02,1.269225275811915743e-01,9.058217017352070854e+00
9.386599271892109853e-02,1.553206031365384487e-01,7.215429643934616166e+00
9.313731590591220466e-02,1.540116913962885081e-01,8.749581706340736176e+00
8.909002004965722865e-02,1.562329508257001009e-01,2.484395730509274358e+01
9.608556389217191851e-02,1.454781407515336189e-01,1.725659952499749039e+01
1.127199618423165572e-01,1.428409090400612758e-01,1.110397195060931708e+01
7.582288596630885891e-02,1.496425773034393836e-01,9.643906395290411382e+00
8.875068196588369041e-02,1.707538858000718918e-01,3.167939842201078093e+01
1.080392239857983910e-01,1.570748454995649079e-01,7.432870263220259233e+00
9.633073329398407492e-02,1.601381601396879850e-01,1.683768320662558082e+01
9.241477500106143328e-02,1.617580249415593308e-01,2.239212853055958163e+01
9.729506214575682488e-02,1.644836058846533000e-01,1.275044021476823808e+01
6.192519668346092854e-02,1.562856843883995428e-01,2.155043453439807521e+01
9.412547767632900575e-02,1.771957540025947686e-01,2.599102846666222177e+01
1.108164030472931216e-01,1.716602079450452734e-01,2.392254097792364931e+01
7.366762156069116274e-02,1.405564531018420049e-01,6.818083149217939898e+00
8.862420269380705262e-02,1.500493379303634023e-01,1.063566604330996412e+01
8.345162925308870217e-02,1.413817788862055946e-01,8.681738394346888654e+00
7.864279105372856682e-02,1.401582753623920596e-01,7.275532267816424259e+00
8.997428864963112616e-02,1.445626098065094511e-01,5.404459339978647137e+00
9.058085483268626947e-02,1.585438791703904782e-01,4.809048253725175748e+00
1.174948342497579290e-01,1.399330806077887235e-01,1.300427055880963678e+01
9.613486253000935733e-02,1.575070729063638153e-01,3.789876456633459156e+01
9.265738746615494181e-02,1.484893872832613870e-01,1.434109308323543175e+01
1.155099909173243899e-01,1.510815326261371050e-01,1.569371904865590039e+01
7.044128454399736783e-02,1.624440325858416689e-01,2.409440194823247339e+01
8.312471850364877568e-02,1.604915067942987439e-01,3.063464716498476292e+01
1.055717750804962968e-01,1.606520606839040299e-01,2.620782778536771573e+01
8.446329919729397839e-02,1.630272636809778353e-01,1.522468427847779004e+01
1.109334958504608892e-01,1.670337969400277067e-01,1.124638449063798440e+01
1.086922128305735646e-01,1.780021817991800648e-01,2.651091904117216203e+01
8.634231509115471159e-02,1.582704832222303348e-01,2.567752722523741227e+01
8.631475107751174214e-02,1.753435107016370620e-01,5.231185273980398875e+01
1.006794031604087841e-01,1.822734602300092044e-01,5.512039765901904786e+01
1.190384756954372264e-01,1.650656218770881478e-01,1.332632073604068168e+01
5.823780333756437000e-02,1.506178176694234205e-01,1.907418698314405958e+01
5.268901731736724131e-02,1.634618473734431310e-01,1.764079332269181322e+01
7.645197655396974989e-02,1.540277490713483910e-01,1.350115990395218724e+01
1.023157114266723400e-01,1.653509844714850241e-01,2.309477034300841680e+01
9.836160819077981177e-02,1.702942696626406349e-01,4.279531479829397256e+01
1.004412003168304313e-01,1.561659186758416473e-01,1.078362256733692881e+01
8.903308926505998366e-02,1.387794653041109771e-01,6.979680260040885820e+00
1.091016699105100823e-01,1.507492108912657225e-01,9.494106373203486271e+00
7.027943059760811961e-02,1.836133157739217869e-01,4.909094540990540878e+01
9.952346247932393475e-02,1.517193837624668529e-01,9.954993885083975869e+00
1.136458188143820158e-01,1.598180349911803300e-01,4.718500172665507364e+01
9.165182722735995546e-02,1.675542788308921061e-01,2.148443262752767779e+01
8.473600999118460764e-02,1.630087978647165869e-01,3.891968269605772690e+01
9.439598017735963131e-02,1.693916514126952710e-01,2.241950885817721684e+01
1.174683602262214105e-01,1.541426855937734486e-01,9.430022413724245212e+00
1.097267900616656910e-01,1.684678676291299915e-01,2.478963676374382885e+01
7.826377764134144488e-02,1.513170823119365238e-01,1.891141103874885943e+01
9.405018775676987630e-02,1.515814607940490222e-01,5.984663216417289711e+00
1.000853090749816571e-01,1.670688854875219398e-01,1.446978943250866934e+01
8.093244841175800675e-02,1.614014307923367919e-01,8.691424259766023397e+00
7.902258834741954230e-02,1.599785249216160166e-01,1.705167773763761829e+01
9.555206481089928428e-02,1.574759876263673308e-01,2.491293111327277643e+01
9.606403572777333366e-02,1.573835990751194513e-01,2.494282833243558173e+01
8.234087395103896478e-02,1.664792651828565229e-01,1.234728056881737679e+01
1.229775916383993722e-01,1.450038467169231515e-01,1.092715290536010642e+01
8.063205255748466527e-02,1.589706496922045076e-01,3.463694822686849761e+01
7.094478735602080532e-02,1.607179871877295052e-01,1.658409326894645375e+01
8.547947526929249029e-02,1.667674302311173973e-01,1.857782839830720079e+01
1.001347652851608400e-01,1.535038248064683197e-01,1.448950988123942452e+01
7.873957177241758254e-02,1.618995381942906209e-01,1.918649863383868492e+01
9.438803124375728937e-02,1.432918195055159771e-01,7.603805853603834208e+00
1.135373798594405820e-01,1.343472303799086442e-01,6.490125728806800609e+00
1.044382551526233799e-01,1.454505036898185444e-01,7.587452900032092273e+00
9.809487436206740241e-02,1.463240103011367310e-01,1.011651932632133644e+01
9.190524733103609678e-02,1.688541001948014320e-01,8.810201501313628114e+00
9.352922022886782372e-02,1.666651521566790695e-01,2.731774450908709539e+01
8.896746625487157722e-02,1.497035321511838157e-01,7.516551474051604842e+00
9.383243137246335963e-02,1.643960499264747466e-01,4.572136939695007385e+01
9.435607490488062687e-02,1.653385312161871623e-01,3.253296345654188571e+01
1.111324163544320232e-01,1.596868561895714300e-01,1.256620404459580165e+01
7.604208490459918313e-02,1.570470135889419083e-01,1.719989436759566814e+01
8.192402571051110582e-02,1.423004466324573614e-01,3.465126124091461435e+01
8.636604956884195994e-02,1.672104177362390143e-01,1.477670174301749206e+01
1.062708817111004816e-01,1.527780341035710199e-01,1.876262824761057502e+01
7.667361020759937140e-02,1.609638986474717648e-01,8.862701639782182284e+00
8.163854486872838823e-02,1.543059869754487279e-01,1.167502591544781865e+01
8.082232403622841010e-02,1.548708477608647938e-01,1.007131685028878643e+01
8.375500816269371152e-02,1.461494950794735848e-01,8.589657519580395473e+00
9.173371707897177985e-02,1.439181782632352469e-01,6.878414886411119866e+00
9.319217564538029297e-02,1.399664028852316000e-01,7.334523382156823423e+00
1.017983248132926788e-01,1.542631789467993897e-01,1.522772743333078438e+01
9.851540477195437628e-02,1.698272100478635249e-01,2.526289954216585798e+01
1.009725656383629044e-01,1.380106399060935796e-01,7.578790960041140501e+00
9.838607202239388339e-02,1.501866552279345068e-01,7.140739906850551932e+00
9.990084387126473009e-02,1.607949163093753131e-01,1.325180072032292067e+01
9.903402570501160240e-02,1.663278173931987680e-01,3.122461928824153077e+01
7.591159989908277672e-02,1.624686836890036346e-01,1.775430510614845048e+01
9.804388460273995298e-02,1.512509376083918944e-01,1.310282917704263639e+01
1.126094135872940938e-01,1.679433671351355239e-01,1.302882123708107898e+01
8.262230198843775741e-02,1.398343557893686195e-01,9.635972960676870258e+00
9.039701291061857935e-02,1.489401821920971480e-01,5.677002975714001920e+00
8.109823827828334386e-02,1.597009540365098290e-01,9.703128308096825805e+00
9.735187403513879956e-02,1.538352816638039189e-01,1.408704026414283561e+01
8.674804092724879012e-02,1.644835716426794048e-01,9.404989777532044570e+00
7.521422896405430270e-02,1.585188103802984694e-01,1.191302537477539225e+01
7.380571872358843155e-02,1.542910403465102553e-01,1.304209839633956136e+01
8.815588739704803556e-02,1.767673543731549113e-01,3.608704614399162125e+01
9.045483428020115180e-02,1.831294805730405151e-01,3.987290053045624916e+01
9.677571603289848723e-02,1.729660001995079743e-01,4.261951807926478608e+01
1.102912360876349973e-01,1.549739208090674392e-01,1.534034054167881855e+01
1.090591569546413286e-01,1.565128235874611862e-01,1.258823378009672389e+01
1.070888379997836509e-01,1.593238100151411207e-01,1.498216143392793853e+01
9.537371951890426247e-02,1.493725000589921637e-01,1.168516544932865209e+01
9.730334371921212089e-02,1.621995211403031434e-01,1.891981081702249057e+01
9.331881683370146785e-02,1.577395359707888800e-01,1.753092706521177035e+01
9.955093615492635606e-02,1.543784399475044700e-01,7.183505360035242759e+00
9.878772614145260589e-02,1.534781598004072156e-01,9.173311134440288228e+00
9.728910730862075362e-02,1.459074578501978470e-01,9.957315357376733900e+00
9.766275898065075733e-02,1.586862275480052098e-01,2.179029067746385095e+01
1.038880852301184154e-01,1.801178593182008458e-01,3.313714241606490418e+01
9.951733612938964968e-02,1.611657632491114711e-01,4.976991037505408144e+01
1.207521196581732570e-01,1.848925187049375862e-01,1.633756273085853650e+01
1.143439890848530344e-01,1.761794512425263748e-01,3.628681408312480272e+01
1.040901102564523312e-01,1.453588164099994251e-01,7.909717145631759649e+00
1.086321083651573260e-01,1.392357352790379588e-01,1.126072277749133832e+01
1.165336842367201003e-01,1.350535227448352027e-01,5.706632103636467335e+00
8.537813471831552647e-02,1.505552527580037991e-01,1.050514292878978395e+01
9.071336838110315159e-02,1.448565656009527802e-01,1.495781076695321765e+01
9.353140735215251245e-02,1.617237975611907908e-01,1.869286066290433368e+01
7.540515732925946735e-02,1.523396631407289981e-01,1.204550598125728911e+01
9.194178825827670209e-02,1.572250429756224810e-01,1.823501248830351784e+01
9.044392825639505085e-02,1.568681548106499180e-01,1.326192964868915247e+01
9.083643868211679906e-02,1.603013805828544802e-01,4.564298249116228590e+01
9.292797553057394189e-02,1.359093750563024616e-01,9.308135332150744290e+00
9.844281663635850999e-02,1.284892746278991638e-01,9.029711242654524739e+00
8.973671867281624026e-02,1.676033650027622113e-01,1.113512274890545406e+01
7.967196884722609063e-02,1.546832599086006843e-01,1.210010744763246571e+01
7.864749256621397788e-02,1.506279648051913889e-01,6.716521906075541892e+00
1.363823091787226272e-01,1.320953517853108994e-01,8.770688988451428969e+00
1.112674152914622794e-01,1.545005780987850352e-01,5.319660662743176616e+00
1.069480018394120407e-01,1.613302992984696760e-01,7.353260924225673456e+00
9.547770132764502038e-02,1.303235611528532900e-01,8.345894859990831804e+00
9.165553283294854137e-02,1.591436509185422954e-01,8.075152066522715444e+00
9.984753221336006845e-02,1.439252347954961264e-01,9.805747462727186559e+00
1.020648122142725073e-01,1.606651900410548672e-01,1.432229530509470017e+01
9.225444431635881903e-02,1.441772857046259015e-01,9.009947809172100364e+00
1.022388404987603083e-01,1.546016776090951839e-01,9.510861077582433154e+00
1.170838147052674222e-01,1.573612108370241458e-01,7.200149670644046651e+00
1.190340506815180249e-01,1.429006448253966055e-01,1.892173454527161525e+01
6.237968949163530397e-02,1.703681283920732981e-01,3.796567423112462336e+01
1.039324095806979237e-01,1.562133686630400864e-01,1.273509695430072597e+01
6.333571636301177366e-02,1.680954370507214968e-01,3.362480370507324778e+01
1.193116563699798266e-01,1.573563435585974279e-01,8.780387959453367586e+00
1.012674007712543595e-01,1.509628482835481400e-01,1.585434704175194831e+01
7.785325228413461640e-02,1.603380794130914722e-01,4.298515089035096537e+01
1.087755578293088388e-01,1.528216597410743394e-01,9.215063279533323382e+00
1.038267498206568856e-01,1.552192659195746338e-01,5.496867491155478902e+00
8.846407723599665485e-02,1.585391545077782793e-01,3.590542899651730835e+01
8.526498658767767136e-02,1.564069980070239563e-01,1.155069648209848765e+01
1.188292950131118325e-01,1.715159524680435477e-01,3.588093101276827213e+01
6.496946213188711794e-02,1.493265944248070021e-01,3.145324962657463175e+01
6.740387401119897481e-02,1.472184201327738917e-01,1.908078870932656201e+01
7.147257198996660732e-02,1.490371244408736084e-01,1.812437406178279176e+01
9.062135013840914854e-02,1.884819305114104893e-01,3.855010161488794296e+01
9.734510118556262415e-02,1.785667085961836209e-01,3.979427406800367351e+01
9.221501576073695694e-02,1.639129413675878000e-01,1.669636090452411992e+01
9.911913073835924848e-02,1.498310491088032104e-01,7.503169877248426545e+00
9.683348575682021453e-02,1.557267314868605035e-01,1.346412963077280622e+01
1.179049597086319900e-01,1.646256404561183828e-01,1.688867654410872632e+01
9.861416505878602135e-02,1.666691847890024725e-01,3.594654413935376880e+01
9.081196992810600110e-02,1.639295997747625966e-01,1.699907388756520987e+01
1.054874808612770998e-01,1.532786487647453677e-01,2.468687071040297809e+01
8.810476924241310293e-02,1.680700624624762718e-01,1.931421349204132909e+01
8.526730430974419073e-02,1.739964678703656842e-01,3.029004217942098975e+01
9.538209248236981241e-02,1.365009216155295413e-01,6.869853115429515711e+00
9.691070441976376570e-02,1.380559929666404506e-01,5.596988440858195801e+00
1.049867752486306899e-01,1.428877742476759860e-01,4.449254310821561198e+00
8.618141497134136630e-02,1.586195358262693644e-01,7.014353980988011017e+01
7.602666576410191390e-02,1.744621322682819442e-01,1.459754619531933706e+01
9.983681259804233488e-02,1.433337312491286264e-01,1.929876515634137846e+01
9.883021483704812482e-02,1.641765256633744841e-01,1.345081254137284787e+01
1.171777344690127509e-01,1.419414561397371599e-01,1.502140366763003954e+01
9.245503898860020497e-02,1.671650390781723727e-01,1.825742177827945056e+01
9.224899951991220870e-02,1.655626684180734332e-01,1.745875090645157712e+01
1.063156398456267110e-01,1.651539409307354045e-01,3.065790477660115343e+01
1.071449634803001288e-01,1.464010930528784893e-01,1.592370830781630175e+01
9.002402185888015718e-02,1.640610918662223361e-01,1.498162221843014841e+01
7.294796265339241470e-02,1.637636532422195312e-01,3.423292092663734110e+01
9.431486809764771939e-02,1.722530205116512836e-01,2.148972132784728117e+01
8.655029430535916835e-02,1.577910880682770189e-01,1.306220025253794503e+01
9.065538771132569673e-02,1.515299289527533844e-01,1.964779505375934221e+01
8.120527237076058391e-02,1.524568717718300659e-01,2.232205501829508520e+01
8.317248446086185354e-02,1.545112244336634411e-01,6.277500022610113639e+00
1.190528508204832941e-01,1.493822215120351737e-01,2.465942357170304433e+01
9.390273957111903991e-02,1.564965096940333367e-01,1.738788875440191717e+01
8.639547617489685971e-02,1.607406697264229523e-01,1.625610396454586137e+01
8.022017015534838036e-02,1.661263402852088400e-01,1.608930105439723235e+01
9.036279894903732901e-02,1.442955147780500269e-01,9.386801447979392421e+00
7.195169991975543244e-02,1.366642623436876702e-01,5.914626835264213511e+00
9.667232116054756685e-02,1.526435806402041406e-01,1.333702743250675482e+01
9.667232116054756685e-02,1.526435806402041406e-01,1.333702743250675482e+01
1.037697002184845146e-01,1.725858713238581088e-01,1.615214272437982146e+01
1.130714389661304359e-01,1.646753022190127480e-01,2.744657379832242228e+01
1.145541361759981197e-01,1.658108488706792616e-01,2.893266441839306680e+01
8.888411221178479926e-02,1.509570368162181930e-01,1.455956043572426850e+01
8.462439497093163232e-02,1.416774078703433026e-01,7.254957264866254363e+00
8.942405885188761672e-02,1.497269121397112046e-01,7.949671251442403275e+00
8.246300795250639804e-02,1.456173691836928075e-01,7.111154718477709302e+00
9.603496013910581275e-02,1.526410915203798846e-01,1.130829971989160043e+01
8.677289517572200905e-02,1.718280672466627745e-01,1.359954474437044070e+01
8.677289517572200905e-02,1.718280672466627745e-01,1.359954474437044070e+01
1.008113996388615985e-01,1.516597060192039770e-01,2.805687267182740641e+01
1.265471034389393234e-01,1.438385014700021836e-01,3.649102641644481615e+00
1.245353905756357571e-01,1.278865875396374974e-01,3.499010749245789142e+00
8.147161650485323925e-02,1.529768180812231260e-01,9.562056624749178724e+00
7.889217215845717446e-02,1.616917872969001746e-01,1.794013994729435169e+01
9.726420514205212642e-02,1.452754260584938895e-01,7.488230067998039807e+00
1.183433307829561687e-01,1.316351883550876123e-01,5.450878012142153395e+00
7.914667482262985332e-02,1.631404524041665249e-01,3.076294428686208704e+01
1.023595772217673616e-01,1.545837890754913346e-01,1.508763251988284537e+01
7.664346661937872229e-02,1.568711518298982477e-01,3.022426239329126574e+01
9.177703931421050954e-02,1.554345467021985561e-01,6.517769649581886426e+00
8.795276827806601527e-02,1.706379263078076913e-01,1.570085477686962960e+01
8.544304234004122811e-02,1.686530891292786216e-01,3.427099892057607633e+01
8.284779629877495055e-02,1.639642155708901095e-01,2.423023460755034009e+01
8.296335569084710426e-02,1.542375299852112858e-01,2.113207328804959673e+01
8.653030920320341213e-02,1.621484407270226968e-01,1.986111033555770788e+01
8.588715558035367459e-02,1.737972318831665086e-01,1.450870955426487718e+01
8.574545193817444122e-02,1.496299269164704515e-01,9.301852613134263592e+00
7.768164047911388370e-02,1.411506008946120938e-01,1.720677217959104155e+01
1.119800527781099481e-01,1.574836026859212368e-01,3.572657168283915041e+01
9.090835886438143609e-02,1.746670609331169022e-01,2.320455785811893890e+01
1.021333019865291736e-01,1.468317963047559571e-01,1.419071805480177773e+01
8.109510793539011220e-02,1.298148691253073750e-01,3.021264075528041104e+00
9.656969161859152440e-02,1.302140842445578539e-01,4.011496258513640001e+00
9.560705589774269597e-02,1.918733457244220508e-01,5.651994754904160345e+01
8.890601136984851993e-02,1.569679479557268553e-01,2.774259522319528060e+01
8.599156744112121387e-02,1.653837882529699266e-01,2.445986317287886180e+01
9.886005171978957951e-02,1.527783460617147815e-01,1.047073095681886024e+01
1.208109201090378365e-01,1.752422089089607782e-01,8.623712467608193322e+00
1.245235583194500423e-01,1.537801602039205739e-01,9.400814446303094485e+00
9.708040326930902908e-02,1.549077180348636396e-01,1.317867173857696983e+01
1.056466811163177394e-01,1.607441415206407598e-01,1.725085556380534513e+01
8.753069915087317854e-02,1.571323111528933891e-01,1.723961991667159310e+01
8.147863997008149284e-02,1.632982022139367606e-01,1.893697755007627848e+01
7.987694427246147533e-02,1.775891350225616283e-01,2.687716988422011966e+01
1.143417702285371290e-01,1.705365363188803551e-01,3.211215874691175998e+01
1.018325080260418791e-01,1.627410499349883077e-01,4.483383292211683369e+01
9.839066335057343460e-02,1.613480812396819453e-01,4.229135454572104891e+01
7.854269862245479017e-02,1.621239409895829930e-01,1.025644138073898937e+01
6.886743392321599544e-02,1.473591436485001405e-01,2.095769023635120121e+01
8.504022618603895856e-02,1.539803183993395663e-01,8.796422382590451505e+00
1.023469383552154388e-01,1.632559260664381562e-01,3.115049262142179742e+01
8.558496391207789933e-02,1.599706547715947780e-01,1.116136334729801050e+01
1.055168447358258987e-01,1.490739865112657714e-01,1.449306844392967797e+01
1.174159950452070555e-01,1.571051233798141933e-01,1.124896815155750396e+01
1.201193358075116763e-01,1.700735285137074670e-01,2.339257541040383970e+01
8.899522307136323307e-02,1.439459792118441828e-01,6.832801367207170351e+00
1.105691796477154681e-01,1.371104391169045145e-01,8.841784439475940616e+00
1.049138915855154092e-01,1.357016982415066020e-01,4.494449154545380409e+00
9.030922604210669946e-02,1.758407256421404830e-01,1.793478059350848497e+01
6.822606164769996762e-02,1.625556234106899089e-01,1.741418636020915045e+01
7.479651148927002335e-02,1.472415491029838153e-01,3.265888158029274280e+01
1.098921151305291138e-01,1.897712569132048444e-01,2.037572762207626553e+01
9.373260350513158701e-02,1.606052507543814789e-01,2.675278580227973535e+01
9.247503693688280402e-02,1.606314930312900957e-01,1.442669708754270275e+01
9.860756887264039705e-02,1.497391111872662384e-01,2.848820523153357342e+01
1.074475023300009574e-01,1.519368966822849942e-01,3.126887727301305731e+01
8.668904286408175841e-02,1.712769570169489775e-01,2.549409978901476848e+01
1.063829248936456057e-01,1.592580680542216853e-01,2.125158535622579237e+01
1.062048798947628631e-01,1.719378170216393775e-01,1.289995707148661985e+01
8.900871975169685757e-02,1.507728050966689604e-01,2.875734853984372918e+01
8.016521866053270828e-02,1.524734796512666191e-01,2.789868233223226213e+01
9.607989356391537228e-02,1.618429143467929043e-01,9.912360989128586652e+00
1.003282989370434530e-01,1.529235288313285646e-01,1.396740853430353546e+01
1.108867970046045204e-01,1.605195199602040823e-01,1.489094433834205233e+01
1.026944859374290392e-01,1.636850398972789222e-01,1.634416374089372681e+01
8.609482843946389408e-02,1.350276508326389291e-01,6.827106976834648400e+00
1.076735203761073623e-01,1.701831386855530981e-01,3.040088864941185776e+01
1.089678970774615036e-01,1.610989012201475279e-01,2.316674386726679202e+01
9.983859418984923628e-02,1.734154636099170255e-01,6.309428249975508152e+01
9.831317426695818096e-02,1.757650285616763897e-01,5.290823285347555327e+01
1.093398111583037263e-01,1.707082496446958586e-01,2.825837224022779282e+01
7.323574902118272500e-02,1.527535971781106283e-01,1.341637708862087486e+01
7.947766256592288248e-02,1.560480190964634861e-01,8.288410541811391141e+00
1.086847730778500859e-01,1.439636502791052097e-01,8.537954086107692575e+00
8.683646075437607970e-02,1.823022143534643591e-01,5.124164093221665439e+01
9.604990937376112203e-02,1.546467765948529305e-01,1.456150276500293295e+01
9.462443212318374930e-02,1.751874396493569574e-01,1.370269458775583082e+01
1.090224326612196926e-01,1.689829470899656405e-01,1.259458932758121996e+01
9.561663671300443812e-02,1.554931955860896220e-01,2.868720456499344706e+01
7.958521576639039641e-02,1.729186235145854511e-01,1.593510043274949517e+01
7.197778655522518720e-02,1.709357713627899789e-01,3.426437623743494498e+01
9.183827096671808021e-02,1.617283269792311184e-01,2.374567879795748127e+01
9.363774049622672346e-02,1.448606850614402031e-01,8.754796418296177052e+00
1.017310205587506622e-01,1.528857392406967053e-01,1.415845608835793001e+01
9.991923214144494969e-02,1.570596940592030866e-01,2.660202191310663977e+01
7.557166525849437488e-02,1.643229603427081853e-01,1.302025503157996233e+01
9.081079589336935043e-02,1.545887013904807539e-01,4.248352125356630893e+01
8.666291435796609488e-02,1.606390890430315632e-01,2.507058623139561959e+01
1.149995419971728688e-01,1.607290407268611165e-01,1.188826027126316909e+01
1.009635660765666187e-01,1.551122127193970968e-01,2.077270451030830145e+01
1.153868612835965562e-01,1.445448590787711540e-01,8.510529194395253683e+00
8.595052908339792519e-02,1.360048349518441224e-01,5.188739312681947879e+00
1.001613846594375384e-01,1.715131471363722515e-01,1.119665642153255192e+02
7.704024213567368939e-02,1.716842749707475357e-01,1.500224241193057573e+01
8.093990368835808635e-02,1.580612939052532251e-01,4.523029225008941978e+01
8.802824409717273368e-02,1.525035791459446732e-01,1.420956626330098160e+01
1.132584090694543355e-01,1.788436961172946982e-01,5.009633233462385249e+01
1.126511297087551128e-01,1.760707211881439305e-01,2.604258757666500657e+01
9.718468898206557294e-02,1.546129457782459415e-01,1.569355168381213694e+01
9.668486131442598219e-02,1.370575482100080400e-01,1.445793212151141383e+01
9.323111524313563991e-02,1.417484765726206575e-01,6.164503405803234415e+00
9.808344377950475868e-02,1.478921317115083900e-01,1.018756367625033654e+01
1.144902869824576258e-01,1.563262022490533587e-01,1.479650079663239559e+01
8.331939358437949472e-02,1.345150734539653503e-01,5.117293510292489245e+00
1.207737767859734523e-01,1.308231498130472681e-01,5.773001037434529081e+00
1.043853032050091612e-01,1.486063771346878282e-01,1.003207179931569826e+01
1.260994423666809694e-01,1.788556210368300869e-01,2.696675624396473836e+01
5.813935789872872600e-02,1.494223733923494279e-01,1.267348161063959822e+01
1.175097074119828833e-01,1.686682351298902927e-01,4.907622037508055968e+01
9.603310218560048850e-02,1.526627392141978179e-01,1.958062187530015663e+01
8.743268394412254119e-02,1.316255322029126484e-01,5.880123493085557485e+00
1.142794559610084554e-01,1.353498095735674311e-01,6.627535457561987364e+00
7.955431870956319873e-02,1.584122936764346956e-01,1.399353532432879277e+01
8.583283433107521954e-02,1.452502169667387322e-01,6.997032639949255284e+00
1.026675109759819932e-01,1.396134108318886624e-01,7.820538935806594871e+00
9.559675082613376673e-02,1.507117757855045981e-01,1.067665207812729911e+01
8.926371698224810913e-02,1.325551610539990599e-01,8.508612796451691551e+00
9.158729690889226560e-02,1.336995202672518479e-01,8.533887506129271827e+00
9.888532421323774357e-02,1.510003962822942247e-01,8.622913607731758745e+00
9.888532421323774357e-02,1.510003962822942247e-01,8.622913607731758745e+00
8.898612055279117583e-02,1.641888185481440443e-01,3.080452098566338748e+01
9.255677629841704834e-02,1.474200072521043292e-01,8.106887609881203716e+00
1.008440099091042763e-01,1.495716574333860460e-01,7.363708034169976102e+00
1.034988183439074921e-01,1.429846436910725549e-01,8.087753959373149115e+00
9.565197863710798998e-02,1.401496652884034744e-01,7.852427851751932586e+00
1.040149124806340059e-01,1.564973291842673697e-01,9.628742010809181906e+00
9.599425572218779623e-02,1.380593605965072801e-01,1.455688423436505730e+01
9.105659948447815399e-02,1.463378283165385207e-01,1.269935288940752649e+01
1.003797929639879405e-01,1.671009206435089822e-01,1.631905917221250846e+01
1.017228219761321939e-01,1.519273582125758026e-01,1.758795542010231827e+01
9.584774256879963206e-02,1.535133614303667293e-01,1.296305638288777473e+01
9.450415071416702617e-02,1.623263898669881911e-01,1.713151654765110266e+01
8.716726749966410837e-02,1.546382086474888951e-01,2.427617202693020815e+01
9.976397017809224277e-02,1.693962151684907380e-01,3.506858804614596892e+01
7.261919929891202941e-02,1.513384479726738174e-01,3.906608310190796374e+01
7.483992588874495422e-02,1.530621635669550118e-01,3.771176192320448450e+01
8.600906820003141606e-02,1.592068847985015356e-01,1.157197693547457007e+01
6.476613939652328678e-02,1.568661133396318241e-01,1.476012875944875447e+01
1.048570614826708630e-01,1.765966680293257207e-01,4.275914240915719944e+01
7.907062782914424381e-02,1.374875463032808054e-01,1.343341211300636573e+01
1.022880637884644728e-01,1.542423570745690420e-01,1.226622324271801645e+01
9.299406545315883066e-02,1.672934356585328297e-01,7.271711534637194774e+00
8.009457919779514046e-02,1.509284349796626012e-01,4.378635767683556423e+01
8.796309528614200401e-02,1.645533943902410812e-01,1.292356060005204199e+01
9.218647538497092009e-02,1.618568705951235476e-01,2.941208113073142272e+01
9.513530059345683132e-02,1.683575697162935925e-01,2.770344484386561135e+01
9.812233517991127141e-02,1.422066582765626752e-01,9.513773929956439446e+00
1.025519787688570633e-01,1.648548162759763402e-01,3.068598758210145050e+01
9.349100950666675014e-02,1.492468989836598647e-01,7.544491705099631851e+00
6.619593830644965315e-02,1.578793788539276655e-01,2.652556691003170641e+01
9.783174417343375173e-02,1.429488153024188746e-01,8.155123851137430435e+00
9.226840271965745799e-02,1.418707398874319292e-01,9.109397004149547783e+00
6.196127090227177697e-02,1.577043502992540314e-01,6.007561312233351103e+00
6.647560822233038180e-02,1.628746030617313489e-01,7.714914058383772755e+00
7.415670639785909568e-02,1.653243851667577646e-01,1.474061417524510453e+01
8.405039281912024540e-02,1.533760738532320977e-01,8.270981900254794184e+00
7.270832029602140867e-02,1.767413234279003598e-01,8.506076346699065027e+01
7.662163653537944208e-02,1.733840215009309349e-01,8.324901426108607438e+01
8.017024761077520822e-02,1.757059376143106921e-01,5.161218167327412942e+01
8.528243471794212660e-02,1.853583143691781288e-01,3.185149025173853943e+01
8.551838354832071165e-02,1.676644245271315947e-01,3.415273461726094695e+01
7.319805464138849638e-02,1.660121330966534692e-01,3.670764032439875280e+01
6.443066077881756670e-02,1.577348541504897672e-01,1.714454846534870924e+01
1.068161404713303397e-01,1.577604721581854219e-01,2.171484901439204407e+01
9.039056153710205155e-02,1.571934406017423957e-01,1.923235482926289563e+01
6.925996845071548391e-02,1.730722062470300693e-01,3.531675186374654629e+01
9.439626222696337332e-02,1.652302871546854068e-01,3.565954060406172488e+01
9.439626222696337332e-02,1.652302871546854068e-01,3.565954060406172488e+01
8.111205588517872433e-02,1.585395543724021916e-01,1.188542601655813158e+01
1.262642062084374517e-01,1.588428019792835488e-01,1.778196914150714036e+01
7.799206942948132271e-02,1.607514483257967697e-01,1.417422377060537997e+01
6.335343618546082634e-02,1.632490940195668316e-01,3.066309235375273445e+01
9.335205625778020266e-02,1.565144446696707659e-01,1.020288052648411714e+01
1.010705384873648444e-01,1.608632791265074413e-01,2.332300325811027619e+01
1.006098098266926255e-01,1.553394011220573245e-01,3.024426200417193655e+01
1.057163233549576614e-01,1.773856724066625590e-01,1.571315798389430007e+01
9.916210175059546328e-02,1.482046232787815887e-01,2.893265999039153158e+01
7.550279812798753321e-02,1.804581049212554411e-01,1.631156658925531389e+01
8.605812074978887172e-02,1.665996873480057039e-01,2.255551341672682497e+01
7.329865150167630405e-02,1.599083939241796870e-01,2.407975173190301632e+01
1.190294576179869307e-01,1.574622633115116688e-01,6.000855297785061104e+00
1.131307220766066823e-01,1.410869409151299658e-01,1.173493258520456628e+01
7.898680799769548788e-02,1.564844282682401055e-01,8.344442416470876367e+00
9.555540581376416320e-02,1.522207184672169089e-01,9.415104768484429343e+00
9.975829205287860268e-02,1.509720246792179421e-01,1.420510668453581360e+01
8.526340047539951450e-02,1.689175501686697167e-01,2.233930686821064882e+01
1.153250102989831077e-01,1.446049437166806728e-01,1.030085767919368855e+01
1.264260971480295204e-01,1.488461495937391244e-01,5.394051691247341296e+00
1.040934447916083277e-01,1.384545082853442244e-01,9.367018329970305146e+00
9.353282682210414811e-02,1.660158163530040254e-01,1.313564519907235351e+01
9.852805782147272540e-02,1.655930605324586191e-01,4.635089625830617877e+01
8.887458991618669979e-02,1.678394546598763748e-01,2.742180099496186685e+01
8.127133543865816545e-02,1.567145343460057683e-01,1.075274473846014089e+01
1.244110036458122154e-01,1.629118123401586404e-01,1.918681311594803063e+01
9.458595001982821049e-02,1.744260857831717026e-01,5.360800765239737586e+01
1.108506911298738351e-01,1.805401104693261649e-01,2.380271861611894124e+01
1.116360243762859888e-01,1.753300290686304330e-01,2.512472710210489169e+01
9.381509896158513051e-02,1.426323424225713066e-01,8.275416916282322788e+00
1.016378373220411940e-01,1.348131073050673756e-01,4.643404777510061976e+00
9.713926521547233683e-02,1.290403124777146915e-01,5.227585280390455225e+00
7.505535890569552115e-02,1.575243421000332711e-01,1.749368995408470440e+01
1.022389699751412168e-01,1.471603917907506887e-01,1.764649245158202717e+01
8.976714733506944988e-02,1.584444946471336713e-01,1.428912235581061374e+01
7.797194443517031781e-02,1.611874572176206499e-01,4.718758242681673920e+01
8.733755334888075594e-02,1.726392632082076328e-01,1.425028438384990714e+01
7.201991359949304339e-02,1.530323341632270351e-01,3.944020942762657711e+01
6.852013574592696887e-02,1.430994599921061317e-01,2.407371973079991534e+01
6.548716886733003950e-02,1.503704896189260176e-01,9.772106647596784157e+00
6.548716886733003950e-02,1.503704896189260176e-01,9.772106647596784157e+00
1.215025972501964091e-01,1.824410539672263187e-01,2.368565212431845524e+01
1.156920752021972226e-01,1.593499497864919734e-01,2.232753933470784702e+01
8.494013212054334072e-02,1.495394521484022798e-01,1.684998049291915834e+01
1.067178119830633626e-01,1.510888396771041253e-01,2.881018697058636135e+01
1.019277471404928942e-01,1.534544150897816372e-01,1.096567264867101699e+01
9.864828792098655208e-02,1.717675510157429530e-01,8.340051252067905097e+00
9.432120554625489373e-02,1.530769759045302325e-01,1.218523945915176299e+01
8.999186529241534616e-02,1.524314113985008323e-01,2.321021673779825178e+01
7.862551772280383655e-02,1.701545421165822913e-01,3.102284769000424092e+01
9.948365956350173345e-02,1.403619226945002352e-01,6.332514496115840608e+00
1.130698807985506260e-01,1.418661687878845779e-01,1.168280002109885807e+01
8.486088765575172665e-02,1.483398860617536619e-01,8.041397663425168929e+00
1.056586167412722627e-01,1.587758893030214724e-01,1.018284193004189220e+01
7.265693496628065906e-02,1.587018265496825398e-01,3.127117553771577363e+01
8.253167112272424832e-02,1.725285102716853924e-01,4.432639455015355878e+01
9.857267840323104269e-02,1.456189567351229286e-01,7.339773108720485162e+00
9.691534977437095411e-02,1.358519728157703277e-01,8.314218066110429461e+00
7.858247933824551168e-02,1.795683641705586864e-01,2.493067417564853372e+01
9.352746006588585903e-02,1.566746933014037668e-01,2.974138537825625761e+01
9.167661037377980437e-02,1.559895880646493260e-01,8.038292433622133970e+00
8.519828757464488478e-02,1.566644527720536806e-01,1.298122632586291836e+01
1.037282264437132256e-01,1.555606285620559082e-01,1.836067947612953333e+01
9.485745160944854260e-02,1.416347778348829578e-01,8.661285239165504635e+00
7.518297962210548913e-02,1.453616702575352970e-01,5.762207655343711821e+00
1.128760302452471442e-01,1.789855766784196056e-01,4.402068837876772989e+01
1.041107587874049722e-01,1.572194331902614928e-01,6.024000863870273115e+00
8.407523269256736431e-02,1.505308582011674889e-01,1.055208746714265544e+01
1.153219775309284184e-01,1.640510728465034984e-01,1.523167714666661077e+01
1.039757121255265870e-01,1.594014647385292027e-01,1.401685966333453415e+01
9.530273868597856357e-02,1.686713819706956996e-01,2.374361005248990608e+01
1.020465369756016899e-01,1.552470960832613711e-01,1.648405152667898932e+01
8.985787562590237532e-02,1.674733196482285635e-01,2.141981910296818725e+01
9.218557006173636048e-02,1.612100534423583920e-01,3.374644610429821512e+01
9.088519425936367191e-02,1.778721408814903648e-01,2.244208945609683425e+01
6.865222269871031069e-02,1.782354178207071760e-01,6.058209400450001425e+01
1.089659270211326553e-01,1.347377422235548905e-01,5.647112938251417802e+00
8.305771059189455408e-02,1.740023175149679746e-01,3.806596085099932480e+01
8.706205162296655475e-02,1.650935611421786853e-01,3.408454847049051040e+01
1.040270536042770533e-01,1.511611307002770355e-01,7.550646640733075010e+00
9.376745766356643641e-02,1.474705723079533237e-01,1.363094289581209217e+01
6.632241133441477143e-02,1.504013280254280771e-01,1.954109615871331940e+01
7.284988738368394778e-02,1.695432762035374297e-01,1.784152632792328319e+01
9.329235750641483305e-02,1.647275413819783707e-01,2.418311547210430490e+01
9.759864288681401046e-02,1.728347584610844256e-01,3.046978757577893404e+01
1.049319818916725905e-01,1.737848322274164470e-01,3.311215472659316106e+01
1.049319818916725905e-01,1.737848322274164470e-01,3.311215472659316106e+01
7.011517710547743309e-02,1.520853217287140569e-01,1.489542503696475606e+01
8.489777077327011201e-02,1.670314702568317100e-01,1.198371599853308922e+01
9.117652404231794960e-02,1.490195088346022712e-01,3.799272681183089162e+01
1.179851899901651069e-01,1.609853805526627324e-01,3.681929169422919301e+01
1.025960329905326734e-01,1.698813201673397555e-01,2.110713774929189412e+01
1.042518075688792789e-01,1.580845672086148845e-01,2.441501512949501773e+01
1.035831449817755934e-01,1.655804182323196982e-01,3.002899696467105883e+01
1.082898148977883973e-01,1.948261459810519125e-01,3.529349373868197404e+01
8.189256519566333326e-02,1.404089221155735145e-01,1.527312908639864197e+01
7.834213722408439606e-02,1.484021061253827101e-01,8.141080674780875270e+00
1.188791800509393232e-01,1.482719664978962570e-01,1.277164626926729873e+01
1.326417987665949594e-01,1.641619835276408035e-01,1.849707348182549183e+01
1.205194039523628663e-01,1.747834459406990282e-01,1.172231490492659134e+01
1.209054446377332837e-01,1.589048116766516583e-01,1.447501601264391091e+01
1.161557098665949167e-01,1.581144733690083848e-01,1.259377567113769025e+01
1.044761587479506731e-01,1.546197455228976170e-01,2.142273518376051911e+01
1.034996690257136004e-01,1.438869245733603308e-01,9.915614040965547105e+00
1.014512036471924006e-01,1.706830880675311024e-01,1.595448208054419936e+01
1.191261549468962538e-01,1.678856544794136152e-01,1.411271317646471601e+01
1.194852154382641946e-01,1.639129834106348438e-01,2.153613972673069554e+01
7.736932009023314571e-02,1.554396090002284070e-01,1.526496465533154989e+01
7.097268189293713669e-02,1.491577564836203129e-01,2.898614833546681879e+01
9.608922270179511005e-02,1.580353270318101133e-01,1.184471021131888513e+01
8.418025749187964257e-02,1.472243319098988090e-01,2.618246332347144190e+01
1.056751706995967960e-01,1.557896946386304882e-01,1.125029538791664230e+01
1.174262884840818061e-01,1.362938936447563310e-01,7.193010329657957058e+00
9.670325375050055350e-02,1.741346299513521212e-01,9.746577669791648191e+00
9.559697387877184871e-02,1.679233538818557803e-01,9.152648961304208797e+00
8.635373259690368175e-02,1.677832002506654541e-01,2.163585814454705414e+01
8.890595942303300414e-02,1.579677284470533682e-01,2.146985051494068131e+01
8.296220114441739402e-02,1.626051024068390360e-01,1.601040689262491057e+01
8.917631649612227374e-02,1.667435713704901457e-01,2.968615678359268273e+01
8.917631649612227374e-02,1.667435713704901457e-01,2.968615678359268273e+01
8.567580229519941581e-02,1.609324905358853197e-01,1.645789735169105228e+01
1.115147580369168639e-01,1.419813745651650194e-01,7.595118256437804583e+00
9.042655242236713464e-02,1.673016032077775106e-01,1.966872620686860529e+01
8.917872491477572827e-02,1.478449922135315620e-01,1.341076878909243852e+01
1.086631684564039330e-01,1.625740541425203523e-01,1.427186382754498695e+01
1.066476379566646954e-01,1.385254439779732283e-01,7.495117208255536845e+00
1.066476379566646954e-01,1.385254439779732283e-01,7.495117208255536845e+00
9.131693671372193011e-02,1.667725657130669226e-01,4.028081535587999440e+01
9.054287846552896979e-02,1.638005860803083691e-01,1.274442011541172803e+01
8.223937950591640733e-02,1.587562037872781717e-01,3.214229593417604747e+01
1.236746118263432614e-01,1.680114557384344010e-01,1.281041505463926811e+01
1.043591455809799035e-01,1.364966119201920791e-01,1.457428234036308190e+01
1.020588014180043857e-01,1.422315348814441605e-01,4.401766885391786843e+00
9.933749623002181839e-02,1.467393601782398527e-01,2.230782661216556662e+01
1.032674797800414712e-01,1.525591369133036113e-01,1.883781076228067164e+01
1.043384523981655126e-01,1.693633887026270990e-01,1.449024709473260053e+01
9.738579855092063808e-02,1.477007987546684886e-01,3.508019601092156847e+01
8.083997131800337022e-02,1.691343837002084460e-01,1.902661190124594270e+01
7.620646626412168334e-02,1.570274258171808213e-01,7.599681855327931501e+00
7.695734256570856135e-02,1.574967566557020082e-01,6.210551394518097901e+00
9.223173307021353962e-02,1.528032740115507770e-01,2.868527671669557222e+01
1.050423951820842611e-01,1.446317432222282429e-01,4.699647191994067441e+00
8.219292922405799229e-02,1.537433449533498198e-01,1.191807631297245251e+01
1.018104798633979458e-01,1.692474377993944401e-01,2.707613824160021565e+01
9.141623142852664530e-02,1.600252939784886641e-01,1.930749383310697098e+01
1.075807203954037145e-01,1.525772989770124433e-01,1.738777420989049460e+01
1.038478485744103730e-01,1.650909018311377263e-01,3.221562345667145166e+01
1.031900131120303821e-01,1.456180845732438500e-01,1.238512216730541837e+01
9.585887611007994080e-02,1.409151444803150022e-01,6.757693124896994696e+00
9.852222971309136657e-02,1.405173538097718444e-01,1.242655823667190518e+01
9.739972366438019724e-02,1.590655609444811547e-01,1.186282515901707058e+01
1.013850433567332482e-01,1.582534913442296964e-01,1.102545278575733789e+01
1.000145395934973341e-01,1.650640528761365411e-01,2.452220682663419637e+01
9.228011887800426083e-02,1.596817329551321607e-01,1.190854720421607738e+01
1.000434817791858860e-01,1.413721196969358884e-01,2.611274149278245460e+01
1.049689513761384446e-01,1.578853086584762477e-01,1.081791232714185114e+01
8.123714173702704933e-02,1.657526340452819824e-01,1.670561265148327834e+01
9.144719298457128220e-02,1.543404609385478077e-01,8.068415876040443635e+00
9.638121588218725999e-02,1.351871426093963213e-01,7.721283589555433480e+00
1.156745549855814070e-01,1.428440356054598570e-01,8.021004526475802976e+00
1.182211497190363281e-01,1.398342311552032979e-01,1.032485026280231644e+01
7.077415839905329409e-02,1.421064821975558945e-01,5.777327118705191999e+00
8.335381564029603618e-02,1.537431780229182865e-01,1.850629655618487490e+01
9.729979501959083732e-02,1.475483992549574130e-01,1.895224343204627360e+01
8.523427789868315285e-02,1.582904735234090809e-01,1.660721872843596003e+01
9.025975962586467449e-02,1.593314483079709687e-01,1.838001778561304178e+01
8.609648246317538889e-02,1.473875325610697062e-01,1.832431725942399225e+01
8.626417188806356773e-02,1.538779473282776700e-01,1.818743245153255472e+01
9.322867412791664699e-02,1.692068817881949849e-01,2.192425832906712913e+01
9.768836617237323938e-02,1.739309534896332776e-01,1.221081571857799553e+01
9.366381153925580627e-02,1.442644157678994732e-01,1.410576715670960191e+01
1.049717350296866386e-01,1.514702091987029098e-01,8.466930445719654585e+00
9.730487595752317087e-02,1.508602697558471817e-01,1.458286921619442467e+01
9.411372944623834502e-02,1.448279511468480718e-01,8.951043707678026706e+00
1.080397609685729565e-01,1.663563825930972073e-01,1.901392434250206520e+01
8.408852482060955036e-02,1.483567999967464746e-01,1.034022263537867126e+01
1.171874326684964607e-01,1.467516628275783719e-01,7.293213014196046728e+00
1.124411729401215282e-01,1.517637737597643255e-01,1.170290902878700656e+01
1.051673733697586349e-01,1.648532315852073993e-01,1.480286383087485547e+01
8.905620619089403556e-02,1.783412718640322303e-01,2.716181579428663895e+01
8.860022634634842631e-02,1.466933561169425637e-01,1.497665765893657053e+01
1.048895996328659264e-01,1.619005225388079061e-01,2.582071221052309440e+01
7.395231165204156631e-02,1.454183011012992188e-01,1.146922348168537376e+01
6.942984952901763707e-02,1.638495063149334463e-01,2.244490571217203367e+01
8.322786707799625927e-02,1.670852976130425827e-01,3.763693878796401293e+01
8.762085780274531110e-02,1.523196038072942848e-01,8.755306611109116233e+00
9.285451027602764640e-02,1.481489941495746088e-01,1.425573350198084910e+01
8.960234586809005808e-02,1.593552686898407900e-01,1.065928423468113628e+01
9.505324302000325853e-02,1.647513355318342976e-01,2.678541863062602246e+01
9.428915571611076740e-02,1.686801019725754081e-01,2.972775970356390829e+01
1.092256224682483234e-01,1.534164584995401370e-01,2.668621181538636478e+01
8.138978636910589037e-02,1.540849903989944536e-01,1.138068183523458465e+01
9.255905472784344001e-02,1.582679517096220456e-01,3.839787190936138472e+01
8.623711370148230693e-02,1.567672768344736678e-01,2.797179456577405077e+01
9.506837526968835161e-02,1.614915150164720481e-01,2.215064472317755673e+01
9.507318049049823250e-02,1.438929384050073035e-01,5.787254860801368750e+00
9.324518994457857424e-02,1.418100436943207365e-01,7.692697528776246685e+00
1.101021897516094861e-01,1.582611863926473572e-01,2.469250796484470101e+01
6.734004581521091382e-02,1.577108375235367344e-01,1.156923876693683262e+01
6.963403196122314176e-02,1.617618445533911542e-01,1.429135031734825567e+01
7.609977935367064072e-02,1.499895448727597558e-01,2.683144431630933013e+01
7.582089436047868836e-02,1.582887017994371315e-01,1.423786422564402976e+01
8.750219251110435970e-02,1.750384306689587166e-01,2.348289345247070159e+01
9.402278614887610297e-02,1.467385257593356584e-01,1.510320647523988136e+01
1.012752885625524402e-01,1.511185679363497569e-01,2.563822745504366907e+01
1.029713629786147555e-01,1.751102621885346766e-01,2.310333629108727038e+01
9.583323643660915381e-02,1.494349555068026358e-01,3.050156137522337829e+01
1.095797067616128689e-01,1.352535603906025452e-01,3.335644502663184241e+00
1.019838455761140766e-01,1.398619485804233065e-01,7.974792314511667257e+00
8.571076250711368028e-02,1.642816282454188925e-01,1.850128171627777363e+01
8.526321429822468490e-02,1.604694366839939101e-01,3.889513176275354311e+01
9.209384482865122512e-02,1.394519857851044542e-01,1.893799763623157517e+01
8.556593165505711751e-02,1.521203585889337184e-01,1.213231000102239321e+01
9.409523809755301893e-02,1.600653798055973187e-01,1.414319129016295129e+01
8.919214236922236305e-02,1.517733750419320016e-01,1.227627303656374025e+01
8.919214236922236305e-02,1.517733750419320016e-01,1.227627303656374025e+01
8.456884088547575451e-02,1.371344612050029999e-01,1.031608416418984575e+01
8.574212856727675414e-02,1.374188140348272524e-01,5.452460773423799978e+00
9.729742414286705887e-02,1.617199087445989336e-01,1.196235795309941352e+01
1.048060371956206077e-01,1.505477374724243089e-01,8.513218375049305564e+00
1.033814225372555046e-01,1.441394540923938983e-01,1.792940249148498566e+01
9.650699564779481598e-02,1.498196613804061716e-01,2.335044278894217129e+01
1.065565519842277264e-01,1.511358254480424379e-01,1.184570143110806306e+01
1.090590529957536081e-01,1.598337011062167246e-01,1.660367946080534551e+01
9.492918408211112324e-02,1.528670395224841494e-01,2.590275210678842299e+01
6.354851730770719187e-02,1.546999969244166884e-01,1.895450737023054444e+01
6.080256192156143630e-02,1.606296726088584648e-01,2.801479886583169687e+01
7.264143944088383154e-02,1.555761161331306874e-01,1.148915337217637855e+01
8.421614535735685858e-02,1.665256334219002154e-01,2.754872682868147749e+01
9.237532876333627574e-02,1.617035328377015579e-01,1.055745497457607485e+01
8.291721015766598257e-02,1.634531784770959506e-01,4.661786495533691266e+01
1.088063403805237112e-01,1.581485020603635994e-01,3.273282177638042612e+01
8.990894995591126870e-02,1.635591217053943836e-01,2.719568575870620109e+01
1.015409311919914237e-01,1.577474559633829376e-01,1.302985076210678095e+01
1.034092456447996133e-01,1.554591976353146277e-01,1.541131459896602784e+01
1.106137148795795222e-01,1.678467026663648387e-01,2.095456215258463573e+01
9.192961246119019103e-02,1.660997826766354157e-01,1.134146794670555813e+01
9.669569729192119267e-02,1.540236504015341512e-01,1.967247500770196922e+01
9.439247491178903715e-02,1.606180809588726999e-01,1.691065473480177417e+01
8.797455798271790195e-02,1.446336416328260488e-01,1.867101490539470632e+01
9.797164891184242941e-02,1.729187640631149325e-01,2.163195124964603977e+01
9.539461080017706818e-02,1.721096065266641273e-01,1.845922974916225101e+01
1.078129794533600472e-01,1.582342369014820838e-01,1.553215155705479233e+01
8.009438088281005397e-02,1.571991497470403842e-01,1.192622609240375908e+01
9.985808512109763113e-02,1.344897532966402298e-01,7.975464387662853483e+00
8.986966020064791894e-02,1.326677190218427116e-01,8.530939264700378999e+00
9.099856819610821490e-02,1.297954342512895598e-01,8.694785941075043212e+00
1.175766694644575783e-01,1.957046262400691239e-01,3.238973908004555824e+01
7.765493831245944001e-02,1.568633218801026852e-01,3.023083202508443179e+01
8.611900132862904123e-02,1.637303716641543838e-01,1.362042675218404852e+01
1.009817906938366983e-01,1.439409822490692881e-01,9.082289748262967422e+00
8.847495110536783558e-02,1.427500845407398689e-01,1.009850877487489029e+01
9.172815908326129031e-02,1.498619001928429006e-01,7.445955104053576079e+00
9.249191298542749906e-02,1.535931158680549358e-01,6.465730733016926912e+00
1.020304560141202244e-01,1.562594724887963193e-01,8.638510422003196965e+00
9.410100266111752487e-02,1.262673279333246246e-01,4.541343963905284831e+00
1.113715986477606112e-01,1.650481260787388105e-01,2.523840107323846738e+01
1.068414994681980562e-01,1.721503761224783824e-01,2.020931130046087176e+01
1.068414994681980562e-01,1.721503761224783824e-01,2.020931130046087176e+01
9.397334265663551123e-02,1.797871165920078562e-01,2.675875915664041571e+01
1.014319911667882490e-01,1.504379749680937739e-01,1.968049357474766836e+01
8.948851584620723387e-02,1.761788533135680290e-01,2.284188298035130416e+01
8.575680405881584700e-02,1.402916491464581694e-01,1.182169242620963701e+01
8.894767265343547780e-02,1.373526273258104391e-01,1.178100276269176838e+01
1.021588543510397601e-01,1.518679569426695519e-01,1.089750313515575009e+01
1.001223990046827272e-01,1.377897477846015961e-01,9.521235237188321321e+00
7.985732423064861862e-02,1.655718767116733936e-01,1.580873107150187273e+01
1.083185980598697085e-01,1.558028297655555394e-01,2.726659165503931703e+01
1.014679229844028113e-01,1.535900455594327030e-01,6.477019380156029627e+00
8.961362992533482286e-02,1.569965512478083136e-01,1.777309363207019643e+01
7.922965206172173647e-02,1.802763561865079467e-01,2.053147479552616517e+01
7.623562114036050441e-02,1.607284301251384884e-01,2.130496997241491286e+01
8.472351254210454263e-02,1.575814535505934422e-01,4.174526498196416213e+01
9.541852813568961478e-02,1.721547807819452103e-01,2.195732150003075134e+01
1.026263188262152709e-01,1.663094583031416440e-01,4.115004126430316944e+01
8.102362068222264402e-02,1.447339391152341059e-01,1.546301939319029195e+01
1.128998196877235849e-01,1.562082108751849940e-01,1.458419107622901123e+01
9.057428615670917726e-02,1.482210433835180197e-01,1.232093313674475965e+01
9.344423118173673937e-02,1.370663673304470254e-01,1.216664630962617899e+01
9.890975087353555406e-02,1.842532370735632807e-01,2.377800976134993505e+01
9.755197592691126907e-02,1.889697837557608173e-01,2.519823756326657005e+01
1.018025937430228622e-01,1.397101756137754114e-01,1.467446040097101978e+01
6.450897383456173639e-02,1.700391249039478192e-01,1.047348628236660062e+01
8.274172422167329344e-02,1.691737648150355433e-01,1.091733725083493489e+01
9.362517263580126536e-02,1.605249245313388196e-01,1.026393859797411601e+01
8.793534137716264854e-02,1.526965574723312125e-01,2.491786204546717443e+01
9.221792318788020471e-02,1.608605116369842269e-01,1.017819809860697511e+01
8.190838767631140882e-02,1.603960677555185399e-01,9.821011759964935806e+00
9.207511847369255487e-02,1.583798678923577230e-01,3.501371376687394843e+01
8.854449239825165630e-02,1.705959826928307443e-01,1.659913827749062776e+01
1.025012193800470678e-01,1.741123416927642387e-01,2.183965757341154301e+01
1.081123050614220815e-01,1.562112222828874186e-01,2.866370896742393626e+01
1.153474818001743174e-01,1.525066540603797483e-01,3.332969366109858100e+01
6.784593802561848797e-02,1.438783048137933784e-01,1.658324884322004777e+01
9.139802626747162151e-02,1.482263263213912663e-01,1.734991319752362671e+01
7.722854710496059039e-02,1.552870921206775945e-01,1.582161935699398292e+01
7.737488721836187355e-02,1.481107797587931374e-01,1.572778440831429059e+01
9.944218847553060181e-02,1.704389296654004737e-01,1.897437221356149806e+01
7.919228096007119300e-02,1.497505240634702806e-01,6.581017885148011004e+00
7.232288647785015123e-02,1.273619859402880250e-01,5.735351530987005120e+00
1.260514439066755255e-01,1.546250384515756582e-01,6.975844579783516686e+00
1.002219712883753999e-01,1.448314315948048825e-01,9.982223784142757239e+00
9.453231004408151061e-02,1.532541992215630255e-01,1.328933059951498663e+01
9.916604755389894776e-02,1.588833544135782594e-01,1.681683850998123830e+01
9.271479882680291884e-02,1.555400387467558154e-01,1.895392675200265487e+01
1.033427235426091634e-01,1.570615303032278920e-01,1.091136554393755453e+01
1.032549788972479260e-01,1.473237624419665992e-01,1.540915666256060312e+01
1.009859561118542776e-01,1.583755529778047288e-01,3.075311026748353882e+01
9.563207279051251508e-02,1.565254436281725559e-01,8.713554927741952838e+00
9.253119021719620474e-02,1.625866061386088968e-01,1.795239208572681378e+01
1.142411623170474511e-01,1.563740937803198561e-01,9.415833043916521206e+00
9.566047386080724080e-02,1.543499770703417318e-01,1.050570050779617226e+01
7.781786576483128159e-02,1.377295042450704943e-01,7.822665857470866513e+00
1.141249097548425323e-01,1.598261327624249661e-01,1.246061249022403494e+01
7.992722168085895917e-02,1.489567568608678172e-01,1.122183661149476208e+01
8.858200696244837580e-02,1.459576320642316793e-01,5.556725281701623054e+00
1.124507333366135120e-01,1.666884364903685189e-01,1.419463978151830474e+01
1.195676403869400661e-01,1.688385911884864587e-01,7.885956608470852558e+00
7.746872377178658231e-02,1.413919776092295300e-01,9.950478967322293755e+00
7.167961095209457456e-02,1.678300735727325799e-01,8.014573108188081108e+00
6.527295974878226381e-02,1.575766169742650880e-01,1.638202676212585374e+01
7.651489889847863657e-02,1.591180327260530991e-01,2.479569347636546084e+01
8.283733109973426267e-02,1.533590248556200020e-01,1.514269722385077799e+01
9.603605383615876345e-02,1.652279746517425207e-01,1.356403880677950546e+01
8.843312063067516882e-02,1.518991968237075330e-01,2.174317482596588391e+01
1.088147739253805812e-01,1.557736175384380195e-01,1.487369955694144785e+01
9.136906122302457245e-02,1.562687074158930212e-01,2.384129842178376535e+01
9.561710301808198920e-02,1.874833772609669491e-01,5.336535563113518776e+01
9.106348949204755294e-02,1.700787717721169157e-01,3.324167249519219780e+01
1.026574831436495028e-01,1.616106368734833154e-01,1.310849771991160750e+01
9.358989444936588464e-02,1.581895241576984357e-01,2.021369758372424386e+01
1.206424318520640943e-01,1.588084033380475490e-01,7.563865447260130992e+00
1.163253331810580465e-01,1.495628056178044396e-01,1.828678942275562136e+01
8.821042035587124686e-02,1.522339209664069493e-01,1.588147551137885038e+01
1.030127993275100767e-01,1.546850680772650644e-01,1.348092706382034223e+01
1.056476189416177963e-01,1.625696940480745867e-01,1.247506089963351528e+01
1.043994968072995827e-01,1.598158735448462764e-01,1.302444317126855466e+01
6.832485614967791221e-02,1.662840135690708265e-01,1.076560613759050788e+01
1.018244706499286112e-01,1.557318850346394445e-01,3.586462070372172661e+01
1.001953533517824096e-01,1.709807157695353852e-01,2.170132722017314109e+01
1.008616377596975866e-01,1.556450172479190153e-01,1.982605949295186321e+01
7.727772712446699666e-02,1.658055742432582857e-01,1.849475177071247955e+01
1.241972625716102341e-01,1.603672094363269851e-01,8.865629767663611105e+00
1.138611266044775167e-01,1.758694489110074477e-01,1.673218727553096841e+01
9.380887080449606952e-02,1.666043451470872461e-01,2.343025811298841177e+01
8.562869584709847937e-02,1.690927452771278927e-01,2.329468273154399327e+01
9.805012136028634639e-02,1.670155287904128150e-01,6.889888881738907678e+00
1.040116230795879865e-01,1.543229051356220516e-01,8.192669099416153955e+00
8.498493355326607046e-02,1.513230738715861667e-01,1.223485322485534432e+01
9.386840357425449421e-02,1.598277338582644869e-01,1.101888482859176399e+01
9.809157736285656348e-02,1.695585868687614073e-01,1.013541754987921450e+01
9.730520033159413551e-02,1.669999424449567227e-01,1.031754092746138163e+01
1.116397275266806793e-01,1.531518285207849606e-01,3.027413368404027949e+01
8.922292705077365660e-02,1.853037648423739581e-01,2.167324256139318805e+01
8.216978274930102077e-02,1.634532562152103685e-01,3.193176411468310505e+01
1.047562417038448712e-01,1.449364335709218687e-01,6.856073298549237194e+00
8.928818316812395239e-02,1.504058676177631171e-01,1.574325829699719925e+01
8.874227535220918783e-02,1.644671978947334912e-01,2.406069766459831172e+01
8.874227535220918783e-02,1.644671978947334912e-01,2.406069766459831172e+01
9.478103330405673876e-02,1.672780888712849801e-01,2.231739537924041628e+01
8.783406285876979580e-02,1.582009083180242193e-01,4.282870297433078832e+01
8.527425095037764746e-02,1.529848221605105973e-01,2.635696864824884855e+01
1.044469099554268116e-01,1.523233570809000015e-01,1.139285850893368135e+01
9.014706570623823301e-02,1.376855088753886625e-01,8.132801655591061163e+00
8.449661789549477164e-02,1.393634188584091105e-01,5.846243767393623614e+00
7.920138436681224692e-02,1.380098664991041557e-01,8.050075898145820474e+00
1.025352888081712543e-01,1.562188398041943482e-01,1.649780317224296411e+01
8.827448804440721219e-02,1.503429818093766357e-01,1.842414613551707703e+01
8.895440546258273629e-02,1.616179837105214401e-01,1.917145431875500350e+01
1.099029224579956276e-01,1.608497440031871617e-01,1.447449498878589758e+01
9.221696533103217186e-02,1.615570206593202329e-01,2.427275418755902336e+01
8.570793000638195214e-02,1.569700183832031248e-01,3.112145421197027417e+01
9.318138231449983599e-02,1.610878471075340712e-01,2.189872423234176679e+01
1.005997013280540558e-01,1.454863781212533957e-01,5.998575381291642472e+00
1.013708810946405275e-01,1.377085764629094322e-01,6.275100903416634956e+00
9.758038994376287689e-02,1.466758144250837614e-01,7.770246855901162597e+00
8.675964492980539622e-02,1.540011461044421548e-01,1.061194413973629835e+01
9.471365227790344565e-02,1.681402831016365063e-01,2.661627237001279767e+01
8.385108765844268008e-02,1.592498129552027131e-01,1.805326480305603454e+01
9.930109157532490682e-02,1.719487479197284174e-01,2.671982321098752422e+01
8.580276129869338075e-02,1.524924252832046412e-01,1.048206789922220317e+01
5.896098791169533671e-02,1.672569840091434612e-01,1.988410355655149431e+01
7.989773362654084554e-02,1.815042584176121965e-01,1.162688523105295424e+01
1.049122985342058750e-01,1.473744941269221898e-01,4.007047550448951512e+01
1.160072651701683638e-01,1.656220083419480960e-01,1.957197583684376596e+01
8.635804936397981080e-02,1.595653293165398556e-01,1.081407099386644965e+01
9.664694458737593807e-02,1.514815228463174401e-01,1.253667374109958210e+01
9.427570610565091935e-02,1.726235713892982915e-01,2.153719161902689905e+01
1.027417613136188124e-01,1.439808173174705885e-01,1.222297032627155033e+01
1.153105986006661143e-01,1.603007554632692178e-01,3.686093788164190244e+01
1.041340094850644049e-01,1.632864333214657793e-01,1.855197140253049071e+01
1.046911232188014601e-01,1.721028199401457015e-01,2.163422903301943379e+01
9.574649652302517910e-02,1.668330440519588120e-01,1.615908912178359458e+01
7.007668120659835131e-02,1.524123805010387522e-01,8.415302621988502096e+00
1.105640054640562864e-01,1.660515238378367231e-01,3.267059690851493770e+01
1.036144826728864765e-01,1.444512778847342194e-01,1.023947440799354780e+01
9.479496273235013537e-02,1.402879613235394340e-01,7.427304695800013512e+00
9.910410941091785109e-02,1.466834960106989105e-01,8.877077995603769978e+00
9.925998964759229215e-02,1.484305826356700220e-01,9.073414450172666790e+00
9.112836650154873541e-02,1.474231274071541864e-01,8.654315551159509567e+00
6.783282139777475905e-02,1.427349861677382759e-01,1.074523453503290682e+01
7.837853576932748978e-02,1.697626648925869008e-01,1.090666418900389267e+01
8.600207144490544520e-02,1.599869517380309858e-01,3.544353574495448100e+01
9.041853300247032488e-02,1.702168899122286916e-01,2.388114381063821412e+01
8.798303599198116498e-02,1.579447417164848710e-01,1.825600447670447579e+01
7.651701126885590565e-02,1.609427135924830499e-01,1.183983448114487302e+01
1.009009630605268437e-01,1.539110472807880547e-01,2.345928730802002349e+01
7.773895706726741128e-02,1.699106829967922394e-01,1.811823104476225765e+01
9.696545073235277035e-02,1.569915482935679285e-01,8.615660408514511914e+01
1.013773135294471772e-01,1.601278838934060422e-01,4.597719949199456835e+01
9.557009381663732206e-02,1.436573144456729234e-01,6.360355506520178892e+00
1.039499618215128651e-01,1.472979476505826835e-01,9.890646708975717516e+00
9.736778196534917607e-02,1.395159467141487697e-01,6.167455410029633711e+00
1.025058617815560319e-01,1.492242946085578226e-01,9.910584171826009481e+00
1.160154545823940397e-01,1.522112484506614183e-01,6.652669669871436042e+00
8.918109875340575476e-02,1.350466978664530970e-01,6.644690142509361408e+00
9.526533173144766109e-02,1.419860334155116088e-01,1.085039044680828724e+01
9.104517398084578661e-02,1.578931151528744081e-01,3.363119178981331459e+01
1.003887595002944250e-01,1.656796492166089652e-01,1.259589346288394829e+01
8.217028623148615873e-02,1.506104858642003941e-01,3.765246689582364326e+01
1.030067739953242079e-01,1.917490710217011063e-01,1.451464757880478729e+01
1.044511708795650140e-01,1.926429110216405782e-01,1.179380331515163149e+01
6.569882024829745704e-02,1.643221166276951084e-01,3.932813819087857610e+01
9.156107832068485775e-02,1.440215840729424102e-01,1.998787803337225100e+01
9.117355215290764980e-02,1.409606765976439136e-01,1.610382558736245784e+01
8.027903297797535365e-02,1.555289680133287722e-01,8.284337373924312686e+00
7.446153822396311961e-02,1.577012381049665013e-01,7.987885721438607867e+00
8.192071590122848579e-02,1.578583126262046998e-01,1.496590829627906238e+01
8.003997891704457690e-02,1.522049304269941783e-01,9.377171548308911753e+00
1.104328261341630674e-01,1.343066446108662493e-01,9.511256829264075563e+00
8.340791912894056359e-02,1.682276257551435783e-01,1.594237357230956498e+01
1.007107163044136944e-01,1.596562360817026793e-01,3.256397773969756315e+01
1.038936909502144318e-01,1.628651258573490801e-01,1.418776548327236853e+01
8.035535730751458550e-02,1.537601322786008307e-01,9.729375663323903467e+00
8.831470593816850845e-02,1.697050975835745490e-01,3.919658354220164398e+01
1.076122966487252225e-01,1.431200008340661745e-01,8.549531688206975844e+00
9.506673144161459366e-02,1.455005038393208383e-01,6.034223136169087454e+00
7.969585405461779293e-02,1.537434448052429625e-01,1.484320668538457078e+01
8.535656778366074171e-02,1.550607954985439296e-01,2.143755445010530991e+01
9.979437333448662462e-02,1.516984923937784169e-01,1.458962773671721713e+01
1.202313535736822953e-01,1.448504990270463866e-01,7.203258404813728255e+00
7.735652639557463739e-02,1.452301421324654063e-01,1.059160643437255445e+01
9.704480652755741177e-02,1.408041686517812752e-01,5.625817101052061453e+00
1.080302807256796616e-01,1.503646573541984333e-01,1.432144097906937397e+01
8.643953348715838203e-02,1.448847733045098840e-01,7.302053333721618245e+00
1.043160686359273087e-01,1.621080835599221504e-01,2.407035358586712093e+01
1.122110309424295405e-01,1.579782977223918028e-01,2.304769052511781524e+01
1.032500611195122098e-01,1.638822411983030525e-01,3.340715143828784051e+01
7.671753807196980690e-02,1.373358762887310069e-01,1.074273936043182687e+01
1.119240120687655798e-01,1.643804808762318048e-01,3.165579097829998645e+01
8.771417687516473716e-02,1.482880774799064105e-01,6.959515833142352115e+00
8.486222921993941126e-02,1.324940953615844630e-01,5.957752183029702664e+00
1.058841174982569910e-01,1.397926870267528487e-01,6.000338762510481594e+00
7.795494218682152976e-02,1.510790540124143100e-01,1.343740159879249241e+01
1.027556158725903279e-01,1.645534938863215391e-01,1.824729392155802188e+01
8.556305405679953680e-02,1.592755667716292123e-01,2.264356119401018219e+01
8.724136857869918549e-02,1.565310620534671182e-01,1.645650618164827250e+01
9.630246138632761466e-02,1.566269160290600371e-01,1.808166011495995917e+01
9.630246138632761466e-02,1.566269160290600371e-01,1.808166011495995917e+01
1.010394967170290814e-01,1.577924167046066972e-01,1.156318446914156617e+01
9.875128420705334142e-02,1.661300488925472330e-01,2.466385361528916320e+01
8.063210260225542325e-02,1.430207148660173067e-01,6.681111706665921801e+00
1.123564879218717089e-01,1.758638570225373177e-01,1.323755385359319448e+01
1.082124686380108863e-01,1.655450596431988497e-01,1.373288638208009260e+01
1.059300330876404156e-01,1.606994460045740314e-01,1.685524758159459680e+01
1.015940888169819117e-01,1.574631966450171228e-01,1.491444920436907395e+01
9.167810693988136250e-02,1.726023829610225657e-01,3.690201908957916999e+01
1.063000403595312504e-01,1.395741009579613834e-01,6.694735415470121076e+00
9.856306625390437448e-02,1.400877572737157239e-01,1.032086779394933451e+01
1.143567413806599875e-01,1.606383576810779812e-01,1.354391157670811374e+01
9.419659883747945328e-02,1.607694323926554258e-01,1.932010317250740528e+01
8.818814017277681883e-02,1.598265757428870004e-01,2.601444086739709505e+01
1.006880602526938201e-01,1.575092394401414464e-01,1.685930121665688830e+01
1.044075163325864086e-01,1.672177144781001323e-01,2.168219463654913781e+01
1.081348248779703536e-01,1.671259080141868358e-01,2.187320802493915650e+01
1.172549838710828379e-01,1.643539199947131324e-01,1.479077574986211197e+01
7.224028613860022929e-02,1.516219955756226700e-01,1.589658815266495395e+01
6.925035899892698077e-02,1.584341299350621457e-01,1.467490973760271622e+01
1.242455552082297326e-01,1.718229492394783564e-01,2.704886451668944858e+01
8.217804038718662385e-02,1.611766412217652267e-01,5.669307280494660972e+01
9.013925055130361796e-02,1.825565327587701514e-01,2.019104860104813781e+01
8.578515967507152618e-02,1.755495802753591628e-01,2.561559482618790895e+01
1.093164098218114000e-01,1.673551076403315407e-01,2.212500194351842353e+01
9.953946275953617917e-02,1.693943170422906597e-01,2.375094949299390379e+01
8.687794376434548882e-02,1.634406695618437211e-01,1.254840105851084608e+01
1.060073938989237047e-01,1.504588322488170093e-01,1.027878673849015811e+01
9.045261209890115284e-02,1.697968623675837896e-01,2.680474951430569774e+01
1.167693025148828362e-01,1.493654701042642918e-01,8.295743273042186061e+00
7.667234762104419010e-02,1.639704896464714845e-01,2.705881448523979316e+01
6.526169526047395641e-02,1.770283691936875292e-01,1.195729991498007472e+01
1.118041796959994283e-01,1.530408997782224112e-01,1.753238885951006409e+01
9.190472640278132821e-02,1.388939049272346626e-01,5.822543935078515531e+00
9.103224686866692728e-02,1.393317048488235677e-01,6.744113665121911794e+00
8.690030264136143490e-02,1.525816136143362534e-01,8.403979677680123217e+00
9.154214662603195329e-02,1.546569383536685049e-01,1.981573976678425453e+01
8.697982080184926690e-02,1.456467145229324578e-01,5.084064869993653701e+00
8.884467064611248355e-02,1.434699656884743380e-01,1.329436703650777218e+01
8.489238516694287695e-02,1.609241988369128629e-01,1.370635112273502365e+01
1.146699180291657905e-01,1.474383276583448865e-01,1.368215184427864806e+01
7.519282514196695688e-02,1.633397347165982949e-01,1.449908754101783082e+01
9.879644827922010042e-02,1.716622980590991332e-01,3.011373320378893226e+01
1.093951276565836711e-01,1.646847405139679754e-01,2.738916714541467456e+01
9.597564952984949382e-02,1.569657531526062744e-01,9.376101800671680309e+00
9.381940589267707964e-02,1.644316905897365011e-01,1.027870212599810706e+01
9.229546631704259319e-02,1.628727055692270054e-01,1.051451393201351792e+01
9.578041240542323198e-02,1.432405288996362602e-01,7.852927156138481024e+00
7.339191901315697542e-02,1.563179822144652176e-01,2.998823455464825116e+01
8.773066765383935595e-02,1.780752730496071023e-01,1.957775122808295976e+01
7.616861530946074377e-02,1.612288094945867889e-01,3.714519489572080602e+01
5.274807089004021621e-02,1.535743462983603369e-01,1.319605869745783977e+01
1.106303411471577375e-01,1.596945475060219388e-01,4.321355920949586249e+01
9.812854647583503509e-02,1.589235665106316642e-01,6.677951402994075636e+00
1.005194271856277854e-01,1.473127994818500264e-01,9.415215210233682797e+00
1.062854745831893627e-01,1.676444672468798969e-01,2.445778264773710831e+01
7.814621631286038095e-02,1.578054736134570368e-01,1.295322768172461281e+01
7.672491003972399526e-02,1.461164279508732622e-01,8.111184349904680957e+00
8.045535526620871403e-02,1.326498614306310664e-01,1.192863258554379158e+01
9.326034505181048095e-02,1.413594457151878536e-01,7.464090680893631813e+00
7.507287504429419056e-02,1.399814415525275080e-01,1.159061809932237530e+01
1.145046125313490121e-01,1.355106178121022742e-01,6.861194597847157794e+00
9.572619067830454020e-02,1.642070436944405021e-01,1.521041410793437620e+01
1.057616644706705217e-01,1.620992884296545422e-01,2.019701798297121442e+01
1.077173132339734052e-01,1.692700321507348282e-01,1.479695532868674057e+01
1.082753063338060540e-01,1.657031129053781748e-01,1.799561673160260966e+01
8.295203879547942416e-02,1.498953976872906269e-01,8.805916699633453248e+00
1.050208538742907760e-01,1.609825004955302008e-01,2.483318787257590188e+01
9.325074875756653170e-02,1.510626624829603526e-01,1.102782942413614009e+01
7.128876894684042786e-02,1.674635894669650737e-01,2.725970062655709825e+01
7.669045845845316733e-02,1.570716909941169970e-01,3.345005662985711581e+01
1.003586179780385362e-01,1.391481673810982811e-01,1.084771271335601917e+01
9.526660054068183947e-02,1.590652783257920089e-01,1.293726484436883695e+01
1.001929073059396325e-01,1.524463867335094369e-01,9.652935107080502064e+00
1.018471470009963409e-01,1.756969113856534648e-01,3.371138372410473494e+01
8.346761115700787603e-02,1.852900051737911558e-01,1.087961559185663241e+01
9.272663967622267467e-02,1.466533852331475818e-01,2.896520215250210839e+01
9.559264420179708344e-02,1.575299516342458794e-01,9.516205228234468905e+00
9.826717053809001789e-02,1.480812392293994473e-01,1.136123855923110249e+01
8.441649416137293749e-02,1.549002989880513548e-01,1.074831621739619436e+01
1.006775901132354878e-01,1.603090757669896060e-01,2.614639834794268580e+01
9.064335743784519839e-02,1.682703319815445075e-01,1.238865719030825474e+01
9.976230489141638125e-02,1.596708099111669166e-01,1.084292486831408731e+01
9.701276116688126172e-02,1.580552954469877092e-01,2.228433734359046525e+01
9.680281656636706422e-02,1.507115164854015144e-01,1.510967419195335992e+01
1.082998229893868680e-01,1.500918658145839746e-01,9.114555801570517701e+00
8.951498909499147616e-02,1.431909440831007907e-01,1.022125986294859423e+01
9.783649992003590201e-02,1.705503405081362223e-01,1.866789361465316688e+01
9.922780118378789205e-02,1.654390508361660850e-01,2.207596087190535528e+01
9.617273711918483681e-02,1.773203066153759000e-01,2.876772932714604636e+01
1.124693224498732463e-01,1.804159052342790559e-01,2.751860441987141925e+01
9.669003095258237035e-02,1.407715700883244991e-01,1.720070923914733285e+01
8.748448754054939658e-02,1.708623401236261108e-01,1.854579037554422172e+01
1.097177669603643241e-01,1.603190941213938903e-01,9.491976954760723117e+00
8.735004376347919874e-02,1.628827962355998971e-01,3.563367956014253934e+01
9.188137167692582430e-02,1.562880590534878600e-01,3.134649890672193351e+01
9.606032331457961537e-02,1.434764263470940104e-01,6.095036678884536485e+00
1.057277099093521799e-01,1.619636288769535915e-01,2.504373582989341784e+01
1.019550673198040408e-01,1.571534376439661096e-01,1.288634989523036722e+01
1.021361470685863138e-01,1.472564767705884792e-01,1.079831095460885670e+01
8.933953277840012142e-02,1.513232001495206369e-01,1.210575027033709894e+01
9.095660694788261502e-02,1.597360722180023729e-01,1.759618269538510660e+01
7.754691558198843759e-02,1.846577795459503069e-01,3.627484303277029198e+01
7.823626520567623921e-02,1.504563160811157596e-01,1.884070588377053923e+01
8.117827992585549546e-02,1.541652774462959063e-01,8.463201287719833488e+00
9.027139332906400360e-02,1.571471973830153301e-01,1.560100832247988301e+01
8.277460663693321508e-02,1.577267403595240813e-01,1.539337824960314016e+01
8.317910452330259941e-02,1.614265953249933161e-01,2.178428623473099535e+01
7.525092808354189033e-02,1.633168493655116627e-01,2.144139309140929939e+01
1.006816544314855788e-01,1.477327886522614153e-01,9.938613676678770048e+00
1.018997681769063385e-01,1.648799906572104013e-01,3.627368121872557083e+01
1.016947082691879028e-01,1.513151301962806783e-01,3.723506346049922655e+01
9.626198980620932766e-02,1.425845728688902303e-01,3.676247316010628197e+01
9.539344502611525611e-02,1.348888878701361149e-01,4.863146031672881264e+01
9.592796315760475367e-02,1.438567340119630278e-01,5.055783768271030709e+01
8.727308959919675979e-02,1.522969674242236615e-01,1.860511839322523642e+01
1.179382164990928905e-01,1.833482057348376493e-01,3.392093859179767890e+01
8.525477082420407360e-02,1.362988789891452224e-01,1.185707133574772243e+01
1.181839507110360732e-01,1.324356607156390031e-01,3.739980775157191406e+00
1.077534472556922751e-01,1.345527448910996404e-01,9.689213484977145185e+00
9.769318700209540796e-02,1.532289262463778501e-01,1.380126531816408253e+01
9.704889614521845786e-02,1.628090684394414289e-01,1.344013394976927600e+01
9.255201483969542620e-02,1.568385901886976408e-01,1.667775856915165278e+01
7.605763096633912090e-02,1.728353510123490366e-01,3.727490835885267018e+01
9.135154296954151043e-02,1.549394051575715969e-01,1.521639834318107276e+01
8.531280218020748096e-02,1.549850087741985460e-01,2.618338156940893313e+01
1.020825710044344359e-01,1.425701257430521673e-01,1.594524869458492056e+01
1.331627764142928605e-01,1.675703751084763882e-01,6.661923520729068571e+00
7.205878682018271308e-02,1.534788096249100620e-01,2.541728988352194207e+01
5.930044160842779660e-02,1.660979709634562151e-01,3.203984297594794128e+01
6.109364934360275723e-02,1.771960021541340025e-01,2.913281801733477039e+01
5.927326591898963298e-02,1.690750618673519390e-01,2.659473774038598037e+01
5.666222121323006428e-02,1.665475884803187534e-01,2.191002743420356680e+01
7.264885743328779177e-02,1.675487633284521993e-01,3.033483726615013509e+01
8.087388167378310733e-02,1.644924879654010574e-01,9.394363842753664429e+00
7.551644160923097482e-02,1.498036648126935544e-01,1.237334471021502580e+01
8.957944921237497027e-02,1.875330881173387920e-01,2.228820422396796630e+01
1.190645475064149861e-01,1.414704789834074772e-01,5.296254852698014659e+00
1.170894550098164621e-01,1.456834339403375311e-01,7.287651418361332567e+00
8.817808434588639277e-02,1.533285687141845988e-01,1.769420486997991659e+01
9.006538853776936693e-02,1.514930074382511149e-01,1.851193056334862064e+01
9.849104511380675497e-02,1.518221998878117318e-01,1.476256199832770299e+01
9.144778862823411958e-02,1.494114061441195462e-01,1.450090299214642542e+01
1.065349927483824621e-01,1.478786224935836613e-01,8.349990510409046607e+00
8.437849065871058651e-02,1.581417392307590264e-01,2.848169434342894490e+01
9.063828693638392719e-02,1.543872774149996907e-01,8.687934225974785818e+00
8.855289869597746111e-02,1.576621117681817341e-01,1.410541248558107519e+01
8.179901063950043016e-02,1.467184782259592646e-01,2.817194063285175787e+01
1.005806114317553818e-01,1.614380534971082137e-01,6.919735632589983254e+00
1.089859455786314629e-01,1.625011304112555788e-01,1.596209557429069115e+01
1.018475250800543880e-01,1.521217765290967805e-01,2.144321155370213106e+01
1.004706750525246051e-01,1.606810621469028644e-01,1.304111875647895680e+01
9.942338061581325326e-02,1.707730000736908393e-01,1.235339587327246313e+01
9.167350091911767584e-02,1.610237487680351298e-01,1.507933002237262521e+01
1.045485368612765753e-01,1.736929649208642790e-01,4.197602426357550343e+01
1.006413188944974141e-01,1.647923079098322086e-01,6.905186165342112758e+01
9.768561692887632597e-02,1.597732302317612374e-01,4.155308336767660649e+01
1.062180382850715643e-01,1.688237754568179538e-01,1.894149443321108706e+01
1.105800896994968557e-01,1.450694445278140898e-01,1.626779798816422584e+01
9.916221604007299795e-02,1.559953626592949227e-01,1.293399719398343173e+01
9.949100265533926402e-02,1.493389075311427616e-01,2.250810835447738256e+01
9.350608833119694596e-02,1.487030309104392378e-01,1.958205799722834684e+01
8.900099576506720345e-02,1.605380254138960849e-01,1.103144249599892390e+01
1.044218730999701000e-01,1.641876390952376474e-01,1.579914377395359715e+01
1.005657711626740669e-01,1.573339494794756266e-01,2.185819971669859996e+01
8.558772084019061754e-02,1.456556536349160047e-01,1.390000625808436929e+01
9.175975365364066882e-02,1.402530788450029875e-01,2.558469217354948100e+01
8.842187966438547209e-02,1.428370795969401419e-01,2.266865566946313493e+01
9.346135341793673779e-02,1.507418246724383792e-01,1.532469270019136509e+01
1.106153114805316917e-01,1.457160430088799696e-01,3.737247807600782235e+00
1.121411590340090358e-01,1.443295678715798835e-01,4.816779081010063024e+00
1.109143634738525563e-01,1.443136501933624249e-01,4.892678397530073831e+00
1.011475819354992201e-01,1.228899878029098836e-01,7.412674813969425180e+00
1.080737245208510666e-01,1.489919344759840780e-01,5.655301189338812762e+00
9.994068797226583756e-02,1.492598132994028826e-01,2.517728175347017228e+01
1.012419430578163776e-01,1.574448553613761459e-01,1.245450067506011571e+01
9.294899471668541246e-02,1.490412245504403599e-01,1.374656464877684137e+01
8.667044932709605520e-02,1.724402886870769480e-01,2.334314983340356164e+01
1.088352418677645400e-01,1.486321981505068224e-01,1.531934653153130554e+01
6.245303362022872756e-02,1.716822205914590727e-01,1.516914138228083431e+01
1.213100595309001689e-01,1.380577979172654679e-01,4.227765317813990009e+00
7.410315110692301810e-02,1.783586911913074002e-01,5.675084831192637580e+01
8.538312135987108364e-02,1.473842601739375480e-01,1.010777975323431832e+01
9.623211467549909470e-02,1.526722723669663162e-01,1.440131010224457597e+01
1.263220551820116722e-01,1.477417815095600773e-01,8.719441208524266074e+00
8.840711892471804501e-02,1.339844142260380178e-01,5.136111640119497501e+00
1.022622546249648268e-01,1.548268234570149837e-01,1.261415773074570801e+01
1.151646724127583787e-01,1.552704866673831896e-01,1.205035436792446291e+01
1.019884588862580016e-01,1.557613736649475222e-01,1.232435619682037142e+01
9.551066029695945425e-02,1.590186064465439197e-01,1.069341646743834495e+01
9.927062053264279484e-02,1.446957727066300325e-01,9.798863238873316561e+00
8.329957286586803233e-02,1.624633916406940104e-01,8.825441788203072235e+00
8.310506371677685300e-02,1.560444151187037332e-01,2.753236845168954261e+01
9.915437869607091059e-02,1.480398867776071825e-01,6.000242743009514435e+00
1.166860234545889774e-01,1.632545243993470674e-01,3.408933809038516927e+01
9.960220792925666977e-02,1.523846429203426778e-01,2.318493810329128024e+01
9.248740638127897484e-02,1.553886588229114185e-01,1.789178838250044734e+01
9.773412669654364671e-02,1.764080302235174758e-01,2.263420709727416735e+01
8.593898305171168706e-02,1.553608069038837636e-01,1.206959949392572895e+01
7.748108254705732278e-02,1.654657618659002016e-01,3.045518723935684591e+01
1.012825414363702214e-01,1.603437882671703285e-01,1.779900391155402772e+01
9.746228374285721696e-02,1.611165246212840629e-01,4.438844334658916324e+01
9.734305113017936717e-02,1.372882911117135063e-01,8.913465946702558540e+00
1.038637160617165711e-01,1.390045327484351056e-01,5.105182117376333650e+00
1.075736912491231795e-01,1.350659343796123124e-01,9.429706719934479509e+00
9.251518711349626667e-02,1.730544871004054408e-01,5.165388498703404707e+01
1.166872504550483247e-01,1.598204367612284793e-01,3.252710291226206607e+01
1.100377568913963877e-01,1.714575431064060962e-01,3.491830397021470134e+01
1.063868078110386528e-01,1.790824204304806988e-01,3.607795208708424184e+01
8.732543278627287464e-02,1.546223515400669823e-01,1.919892950582022095e+01
9.592801349068055816e-02,1.599542246073266671e-01,2.145154007239234772e+01
9.787790121977785196e-02,1.553624816963443400e-01,1.631231352770736720e+01
1.090105458519910614e-01,1.572110328379219546e-01,9.091022819602441629e+00
9.566134436707984801e-02,1.529158035732965937e-01,1.613470011219333600e+01
9.022481013467560651e-02,1.653776239071896859e-01,1.247508280165601313e+01
7.320954297362249064e-02,1.519283087654479392e-01,1.044297942115463407e+01
1.063717805240701753e-01,1.400686790783960411e-01,9.688216454455751858e+00
9.952636078590050561e-02,1.528231677281860212e-01,9.770277205207403171e+00
9.281444058956002385e-02,1.640375821728869699e-01,9.203065571248103538e+00
9.637993563510327544e-02,1.522957838487455640e-01,2.260138893731808452e+01
8.954368757673689116e-02,1.691167331071301849e-01,2.926075350280664722e+01
9.409224819761953518e-02,1.545984748505251916e-01,1.872322225988881428e+01
9.070229955185100945e-02,1.668117362263935033e-01,1.341057119687671495e+01
1.015124654902171686e-01,1.653252235237196166e-01,3.346019694579707959e+01
8.952382587113429102e-02,1.407591271663706234e-01,1.052320197200058516e+01
7.998387820593573505e-02,1.538468768815203502e-01,1.008645891742811607e+01
1.032103528543315690e-01,1.297148475836875370e-01,7.633690675213451904e+00
1.102936174289733257e-01,1.528127828309253367e-01,8.579451396078496828e+00
1.096141450918991372e-01,1.534304846702393699e-01,1.060983826556979714e+01
8.350817815932881638e-02,1.616823706529464111e-01,1.098046537472331785e+01
9.324897635826483178e-02,1.632484026371029406e-01,3.120278610549571852e+01
9.306914677940046621e-02,1.597850128957007398e-01,2.157190112231903001e+01
9.202276567922208772e-02,1.598171917166543998e-01,1.632086567795440146e+01
7.627153406649532508e-02,1.685123086289014860e-01,1.642407281847716405e+01
8.291807432150073709e-02,1.445012386431666074e-01,1.482693043537950572e+01
8.546851763590472550e-02,1.541965416228663066e-01,7.074681275379417933e+00
1.122190394449917583e-01,1.648287076531725348e-01,1.771908796192756341e+01
8.805308438341943877e-02,1.450760284981055248e-01,1.028184550756292381e+01
7.666767234160623556e-02,1.648568276384497211e-01,1.876365108078242727e+01
8.232826382161592682e-02,1.613167117031203690e-01,2.226299140092913120e+01
8.502803983959898726e-02,1.648369558291639114e-01,1.333200264672420410e+01
1.123572265779662072e-01,1.559885123142727148e-01,1.069256667005337391e+01
1.067402452255339917e-01,1.558966096258643796e-01,7.754889425923718882e+00
1.050790981249323242e-01,1.451949029666103619e-01,1.673573532510841488e+01
7.795570514846084098e-02,1.708888351666152383e-01,1.438904754467155200e+01
8.748928816433376721e-02,1.376335767664245424e-01,1.076620628132996949e+01
9.345886011017968953e-02,1.467192130418122076e-01,1.105874993436018983e+01
7.796688512008649596e-02,1.738698096758038159e-01,2.511086459910877622e+01
7.209048415689128797e-02,1.826801873080246830e-01,3.900339412054928800e+01
9.757720955682253061e-02,1.606574793446316762e-01,3.068304240049856446e+01
8.690855989440741947e-02,1.457556258917026282e-01,9.283346723267870360e+00
1.105420421382043022e-01,1.419546337113520851e-01,2.254996961784361176e+01
1.091785396131024627e-01,1.377729075446708640e-01,2.202998381141402717e+01
1.042119359235064574e-01,1.385160542672003725e-01,1.736027998618585144e+01
8.013698867545587801e-02,1.741707470125204715e-01,1.131637148470523435e+01
9.512630653412114390e-02,1.775602473377286272e-01,6.844775326044074859e+01
1.098935705885412534e-01,1.795187444664429477e-01,1.887142016653173826e+01
1.110072017463432509e-01,1.762665714830644048e-01,1.804758730317116999e+01
1.145485051769750545e-01,1.654009618583077990e-01,4.079682196096445068e+01
8.030486488617777363e-02,1.364043850425695203e-01,7.727439655166354449e+00
7.697383837611510016e-02,1.381371505469521088e-01,1.910969715871386754e+01
8.906626698497008277e-02,1.515936770890168317e-01,1.238353865426386768e+01
6.013474939774515748e-02,1.746143201254374000e-01,3.805782371993698376e+01
5.809604260070527076e-02,1.750700788771391569e-01,4.809567900525279072e+01
5.619967439582485014e-02,1.746352791661855142e-01,1.924284371223106049e+01
5.381888907680933837e-02,1.651843164016368881e-01,3.710804319330228651e+01
6.726016786349034438e-02,1.574744508197098158e-01,4.839437987594289226e+00
6.905375733338196820e-02,1.402363205030834337e-01,9.684715639594529080e+00
1.063801448517132237e-01,1.644109108535720676e-01,1.238604288396121156e+01
9.752521317745029006e-02,1.656622039345972131e-01,1.408978862936599974e+01
1.005656987109599665e-01,1.581263286329642748e-01,1.649992018061761101e+01
8.514331733499944099e-02,1.474665828159551495e-01,1.485775541545877410e+01
1.061690039524304935e-01,1.727726699303845925e-01,1.538006576990652796e+01
7.702596860777384535e-02,1.465795255761293547e-01,1.494233234179842462e+01
9.516627783681651243e-02,1.563862838768233510e-01,1.346359346233100140e+01
8.283369906518218972e-02,1.546731227483500726e-01,1.569231699987828499e+01
7.098776289795963312e-02,1.469525920244361128e-01,1.639619185629166509e+01
8.136650676131171323e-02,1.663707039575947622e-01,1.609600903348379575e+01
8.620439798801986242e-02,1.430851549621643959e-01,1.567655644861751973e+01
7.965626643292381126e-02,1.691507870600957864e-01,1.786793717654313696e+01
9.153293487988249655e-02,1.512794836666750964e-01,2.836879028899462796e+01
7.921175584161482819e-02,1.535601012795957676e-01,4.518848997769227083e+01
8.720066602875214956e-02,1.435446356544747282e-01,9.999315541972489285e+00
1.066899594928673034e-01,1.552986531390476987e-01,1.165722340687229064e+01
8.183436923190641477e-02,1.559931573540390692e-01,2.242616409040709158e+01
8.158320205543133363e-02,1.657201751162500347e-01,1.938732416063227859e+01
1.062840118637404518e-01,1.456146273653518008e-01,1.034167441871012549e+01
9.591062652049363313e-02,1.534289831218147160e-01,1.175570789545575145e+01
9.611648605249724364e-02,1.370096428049158710e-01,7.767003830832978295e+00
9.288579352007006462e-02,1.458309566573983418e-01,4.866207678969557193e+00
1.043796112046021379e-01,1.643619431591812063e-01,1.407124204392277989e+01
1.043498704052388953e-01,1.671755325546962767e-01,2.276159266819066218e+01
9.131786109362204085e-02,1.640995687840163531e-01,1.125095766336950120e+01
9.462348341010506925e-02,1.578716253251650214e-01,1.728834816427250587e+01
7.771814657963907469e-02,1.551732047174718410e-01,1.310242740210612844e+01
1.248210495554071542e-01,1.580334181741237798e-01,2.112822823881109358e+01
1.209449969616942927e-01,1.659930078285645483e-01,2.976742355799797579e+01
1.095800183203223671e-01,1.801008390927741898e-01,4.493960954576134981e+01
1.084562162282970005e-01,1.374727666828017003e-01,5.683457479109070398e+00
1.152735305394413379e-01,1.269205382952556249e-01,5.593150417207435332e+00
1.115011404247854832e-01,1.453858042348019630e-01,1.503673493298134645e+01
8.404455692590501181e-02,1.757533936903702965e-01,9.668859601275334725e+00
1.071692680674531245e-01,1.586518839516629920e-01,1.388452718447842571e+01
8.539830782973224788e-02,1.464921895109294603e-01,1.584819697463840704e+01
8.449048681178181197e-02,1.427966880859124488e-01,1.666408250929415402e+01
6.858412772707062066e-02,1.850506574782852520e-01,2.219167679160163331e+01
9.779746808973728556e-02,1.393536204300688808e-01,1.575818483591022279e+01
9.702659548790106003e-02,1.556834978930415614e-01,7.978465535482754056e+00
9.395373493617059646e-02,1.416388391478648201e-01,1.420683280617586419e+01
8.890570580530250677e-02,1.529245734014845481e-01,7.967874799196225766e+00
1.030746915196684710e-01,1.646619288929186964e-01,1.326420971295051920e+01
1.021258692482940739e-01,1.533411996725631554e-01,1.639398340776121188e+01
1.045516695239026017e-01,1.567092955512468522e-01,1.078897867221061091e+01
8.035603269649779778e-02,1.487317183192344294e-01,2.118400189928208022e+01
9.468895484470664370e-02,1.426205379158069775e-01,5.114812461060035176e+00
9.133450339298221365e-02,1.355888590496186763e-01,5.287764218043172093e+00
9.900717464819164260e-02,1.415310034721299071e-01,6.586506578277933066e+00
1.068825424819107028e-01,1.433205037226146783e-01,9.791601232012956402e+00
8.824025478998773209e-02,1.515616261640093942e-01,9.752313371410988196e+00
7.558076858153724153e-02,1.522861493010513045e-01,1.998483645779541007e+01
6.714076918261423221e-02,1.597576266828845404e-01,1.826677605711429564e+01
8.733935477584527096e-02,1.507233983535994915e-01,1.054385647216313693e+01
9.312584000671383921e-02,1.537415355149991947e-01,1.510601781802102650e+01
8.538536307696301120e-02,1.436835725101109906e-01,8.226756899469414464e+00
7.760797461675804365e-02,1.490290765004813611e-01,8.367319529886909635e+00
1.276937810042170218e-01,1.423579536159732262e-01,1.565862272868569427e+01
9.608253147841955277e-02,1.636505096058875619e-01,8.073131362825952451e+00
1.233674173201938923e-01,1.478011224265372014e-01,2.101434849750490841e+01
9.796125584231681060e-02,1.392978797468787944e-01,3.924421942449320078e+00
9.061432473618706573e-02,1.484926533671536986e-01,1.130394146119458121e+01
7.044608370199538505e-02,1.751838935544602627e-01,3.977337495181987492e+01
1.199348091179666398e-01,1.380466937081776257e-01,5.959634734964046388e+00
1.199348091179666398e-01,1.380466937081776257e-01,5.959634734964046388e+00
8.119441506104811690e-02,1.513369416549034674e-01,1.434346057771738892e+01
9.709990857524442021e-02,1.682370186058862460e-01,1.255631327235058059e+01
8.076886444678663124e-02,1.574279162546800559e-01,2.519163066039395815e+01
9.256033391554011058e-02,1.645435561826113502e-01,1.742054144320949405e+01
8.304057952378787744e-02,1.583993226379980523e-01,3.053553709129225524e+01
1.020001145176005625e-01,1.590317174862362903e-01,1.063905721458058551e+01
1.020001145176005625e-01,1.590317174862362903e-01,1.063905721458058551e+01
9.641015116849444011e-02,1.696919568520243171e-01,1.852921477875764822e+01
1.050140182505964748e-01,1.351236075600009134e-01,8.947797483075873970e+00
9.543184312481405029e-02,1.446089759414532772e-01,8.493671791157710871e+00
9.657227999818150666e-02,1.421428831605101029e-01,1.328022891132738259e+01
9.986870011084642007e-02,1.531921248372697941e-01,7.676107989320081870e+00
1.022556400367709423e-01,1.314389382243182913e-01,1.121506057340005391e+01
9.711020857706122167e-02,1.365287837105048641e-01,5.077488122800433601e+00
7.770881671596795159e-02,1.492317841940896117e-01,1.944792447147332126e+01
9.541706919964210165e-02,1.583351989841038643e-01,9.392750890764105520e+00
1.065235724684202023e-01,1.527766751390148559e-01,3.160891822937311701e+01
8.859876308422867663e-02,1.588655143685803184e-01,1.774733129478454075e+01
7.826289743006069333e-02,1.500275019445491131e-01,1.050705400803673051e+01
8.733471539656029181e-02,1.524651810167912680e-01,2.516007926822601704e+01
9.270271766370383193e-02,1.558067753877921402e-01,3.210873919009324595e+01
9.464462536033700635e-02,1.622892132101683149e-01,3.283888999404229025e+01
8.798275178721322309e-02,1.578198141397867960e-01,1.173514989800314723e+01
7.700612189620290038e-02,1.581041936840000273e-01,2.574108332985531433e+01
1.060752396574092676e-01,1.562789446902829726e-01,7.636776056206841190e+00
1.061983172921853735e-01,1.548562137472725697e-01,8.990520091275818970e+00
1.104980180347706759e-01,1.399431203460116957e-01,9.423350338966827167e+00
7.311256036441751704e-02,1.596106859694216840e-01,3.121733200422469068e+01
1.095337933948337256e-01,1.468201951307306352e-01,8.636364696528286089e+00
8.337300716337274487e-02,1.651295988747220334e-01,1.662452895472968706e+01
9.334159163144323257e-02,1.578361079961840552e-01,1.861933699211072835e+01
1.055762586186214658e-01,1.764089568011612541e-01,2.501342780729888560e+01
9.495916674097322485e-02,1.526762743539900047e-01,9.052775678019301608e+00
9.440067648370706332e-02,1.597755152038463633e-01,2.644284262156728360e+01
8.456161948711823917e-02,1.642645345673184321e-01,3.930729806426874262e+01
8.584945988978304188e-02,1.534173896937130466e-01,1.981255582160124007e+01
8.444113527473863512e-02,1.564887123093151589e-01,1.172396851388614891e+01
9.080773898167812663e-02,1.531754024195539077e-01,9.469382518296342255e+00
7.224110394546599812e-02,1.455705270209103896e-01,1.010578749102314333e+01
8.583221234704604963e-02,1.597007095966127277e-01,1.070358999856244075e+01
9.625272439864672458e-02,1.534002673938369976e-01,9.081795040816537323e+00
9.901886511611247832e-02,1.422827950595434154e-01,1.760478832815984873e+01
1.002148394291665356e-01,1.400771412390981185e-01,1.828757852075911217e+01
1.025963437212517176e-01,1.449097031268537228e-01,1.583363502432655423e+01
1.094963135301463553e-01,1.501355698408255446e-01,1.399854783148202308e+01
9.174845906522426098e-02,1.463791770979605278e-01,6.548131369511662747e+00
9.388947361921828882e-02,1.365992085631059227e-01,6.070908930504436363e+00
8.632669149567263889e-02,1.453760927303686112e-01,1.074575553598478983e+01
9.808837797957635496e-02,1.659464629719506756e-01,3.582048559072829619e+01
1.051306548284016568e-01,1.483863279981146310e-01,5.262787114432065927e+00
6.740062728361342903e-02,1.288913848350903557e-01,8.444628413358945096e+00
9.462787238467225415e-02,1.453996062573013615e-01,8.009095338014329712e+00
8.128718447671075265e-02,1.622956049244768106e-01,2.107215406724008488e+01
1.078831635951254392e-01,1.653873242093512053e-01,1.457654129265976373e+01
1.147480004308933377e-01,1.527626783455451609e-01,1.210465948758740140e+01
1.107267711944223826e-01,1.679264849734591891e-01,2.395435664372338280e+01
8.413074486919069894e-02,1.824222189221381130e-01,2.323138474096396067e+01
7.595065224525469894e-02,1.481801264638425708e-01,2.529945931892172695e+01
1.175959066335863362e-01,1.555941887432421844e-01,1.234405536390408464e+01
8.958358706540076044e-02,1.384683746897420464e-01,6.423361837665925833e+00
9.368767804882993655e-02,1.393374133778574886e-01,1.354073768853399251e+01
8.614462832519526048e-02,1.530477932059588486e-01,1.451178180896731540e+01
7.652585596370864440e-02,1.619642190567216755e-01,1.671809829497493283e+01
7.726611596527070691e-02,1.643106240644391924e-01,1.715412813234385681e+01
8.009042327662491134e-02,1.475280699749972335e-01,4.226205721199175969e+01
7.870892438293404514e-02,1.701251394106394199e-01,1.310297628602075726e+01
6.848611694924189308e-02,1.470664149982738034e-01,1.767771673134157950e+01
7.084068765340427454e-02,1.477610988733841779e-01,1.810699841987637981e+01
6.867540608127799262e-02,1.591838693267170202e-01,9.116039123929674304e+00
9.671683856606207164e-02,1.527531378875772727e-01,3.390462579660746201e+01
1.188402168159342076e-01,1.738346242213931470e-01,1.138524048942037936e+01
1.124269026417829276e-01,1.712557156523824842e-01,2.873200541144487730e+01
1.067249480921934474e-01,1.777822768133176246e-01,3.091627847258811457e+01
1.011984883572327187e-01,1.755604021877298637e-01,3.447474176298945281e+01
1.012720819391974558e-01,1.315465903671190484e-01,6.200809719111068929e+00
8.309410858348333095e-02,1.799742485716843698e-01,3.169331537760436390e+01
1.019601801151863857e-01,1.764505381526446093e-01,3.415047333190121748e+01
1.033660379834114851e-01,1.546162586054055377e-01,2.184923780370677804e+01
1.036955609083223956e-01,1.687778479897986961e-01,1.293146344739471765e+01
9.128871445712777311e-02,1.566933944967732195e-01,2.336746778320550888e+01
8.317525235493919422e-02,1.505090914361891519e-01,2.196446595174672467e+01
1.031931843188234055e-01,1.719551285796397655e-01,1.758470303970179316e+01
9.281626530521550067e-02,1.618083068878482245e-01,2.461000477083449312e+01
1.041191693166049481e-01,1.464343375530365032e-01,1.071849827049259041e+01
1.071984020165346746e-01,1.504608635664921035e-01,8.543815979872986688e+00
1.034533042721817730e-01,1.560945681738209467e-01,8.084592510962997025e+00
9.726588275317113452e-02,1.613824107714402767e-01,3.253665803714362426e+01
8.393317244067451111e-02,1.594546284806876157e-01,9.485955332269048412e+00
8.122344511840441650e-02,1.569144450569781857e-01,1.607239528285202113e+01
8.600670498384385687e-02,1.556319475792332652e-01,3.346408819807022184e+01
9.831655524254051537e-02,1.409572215824831942e-01,1.339666885296753307e+01
1.013861749489805009e-01,1.558069934969232850e-01,1.249800692082324005e+01
1.046832604739329625e-01,1.671447554139384173e-01,2.060862439843784699e+01
1.060314979415023784e-01,1.573663286565483987e-01,1.819332976365675947e+01
1.014393395535898718e-01,1.581184882080449439e-01,7.276581955480870079e+01
9.744899272629274634e-02,1.362752077863030875e-01,1.861802228672974024e+01
9.388811771033889197e-02,1.502513698876150883e-01,5.004203246641580449e+00
8.588627055661268717e-02,1.861657957354569404e-01,1.803357626478627296e+01
8.422144904430808876e-02,1.892610924044025589e-01,2.664272581562670084e+01
9.434933709299428428e-02,1.486736858854058319e-01,2.686688631721234444e+01
9.906342733819406554e-02,1.848639255774613410e-01,4.194022095811995143e+01
8.045996030681745737e-02,1.712313352496566687e-01,2.233585615944906877e+01
1.118016835232874401e-01,1.427843613723677740e-01,9.873781556399043424e+00
1.141980271965412214e-01,1.411515611075292165e-01,1.070365183533365716e+01
7.998083541500736193e-02,1.599946517021582915e-01,3.669807964939758449e+01
1.093362627645004942e-01,1.392763750531734457e-01,1.290413941609510928e+01
1.011683586612444063e-01,1.407337105808126321e-01,7.527671960293951692e+00
9.355637656592201423e-02,1.730412353429451600e-01,3.687403166475639438e+01
9.260332305341827108e-02,1.599865748053731773e-01,1.740854894379795326e+01
9.256078819825709625e-02,1.636315294741011450e-01,1.999144868716846091e+01
8.062526414181454826e-02,1.489682236001448057e-01,1.143975674382373775e+01
1.004213982981670278e-01,1.738264753339350266e-01,1.511534310974403894e+01
1.035749042401264142e-01,1.480730585840270008e-01,1.291063694167465314e+01
8.065095536359595529e-02,1.520993720994941734e-01,2.551058038247278148e+01
1.104821867773351091e-01,1.620061817314636665e-01,1.095276327359385071e+01
1.110947946675377995e-01,1.692480876906070353e-01,8.289865561859276255e+00
1.122276983900616087e-01,1.735109459387002007e-01,8.402170140791387354e+00
1.168220414596252005e-01,1.643239202186657921e-01,1.423727147271370619e+01
1.129401986724202084e-01,1.668181015047574267e-01,2.733947317578367375e+01
8.766872422724431013e-02,1.527314419299548587e-01,2.793016405621618503e+01
8.766872422724431013e-02,1.527314419299548587e-01,2.793016405621618503e+01
1.043798874582203551e-01,1.509287532249368735e-01,1.950560747427035579e+01
8.510226349829648484e-02,1.513563133653316184e-01,2.615745810938288329e+01
7.310780644116154914e-02,1.494867911590024301e-01,3.505414144174026347e+01
9.395955602165480258e-02,1.562536156235524720e-01,1.350979737989472795e+01
8.924907549607348500e-02,1.657299274731310335e-01,2.161311771640868784e+01
9.331825607075282247e-02,1.762822589037819354e-01,1.704632428045020376e+01
1.062902356964941925e-01,1.592695470859314677e-01,3.476290801269274056e+01
9.865117807381187931e-02,1.617502686442130189e-01,7.392889003441857732e+00
1.113876595219343013e-01,1.455119840354445471e-01,1.444418758349208254e+01
7.296988109559367219e-02,1.602356161986504546e-01,2.671617034823362502e+01
8.018934639625431571e-02,1.644969624616007542e-01,1.545969284965222990e+01
1.104945469919639822e-01,1.532194500796854875e-01,1.426607191451084944e+01
8.855245475257771115e-02,1.419219624335703034e-01,1.191958954597514975e+01
1.065959755306196410e-01,1.645581150447168739e-01,1.804987238514009107e+01
1.153495467658893353e-01,1.511644077556668075e-01,1.991140813020128064e+01
7.554984890983207357e-02,1.642326550390575124e-01,1.313449918886340839e+01
1.075572585290057587e-01,1.361558729331363571e-01,7.924430884859599011e+00
9.179661831196785082e-02,1.720819116194331200e-01,2.403909382828294383e+01
9.759762690027296017e-02,1.572385534950954122e-01,1.884583107760523291e+01
9.271563863865928123e-02,1.483102287994438329e-01,8.890993456653333737e+00
9.654217661246185245e-02,1.517168294870237799e-01,2.289127385036444196e+01
9.566274545373337768e-02,1.538784745572077950e-01,2.050847202335380359e+01
1.181065334011836832e-01,1.615381576810858422e-01,1.059458615238618329e+01
7.093485599936298625e-02,1.550974297072019725e-01,2.457779486243675038e+01
7.246035029881044143e-02,1.690133121199397792e-01,3.057950006497855711e+01
6.301183999346869624e-02,1.618068635202231098e-01,5.942814699583752969e+01
1.106909280371555365e-01,1.519982179208587969e-01,8.266110157046931306e+00
8.944930163746071805e-02,1.615592501847625262e-01,1.244999310544328708e+01
1.042967705800375566e-01,1.523076472464856834e-01,1.924085887531224515e+01
8.810434485047348441e-02,1.637950893777272987e-01,1.096066165790233349e+01
1.106782300245846701e-01,1.703099102628517769e-01,1.266144780193743102e+01
1.361598462505014817e-01,1.630987609100325308e-01,2.178578682097345975e+01
1.254921503945724548e-01,1.732672196940240050e-01,8.772858240847309474e+00
1.038372560996810301e-01,1.592250220685694218e-01,1.599876894824270757e+01
9.552069080298969395e-02,1.354290794001224152e-01,8.531184490543399335e+00
9.365565397451204588e-02,1.362854579386269527e-01,6.937350011371945513e+00
7.424843302612352258e-02,1.521514299883406085e-01,1.093351591913807930e+01
1.016475373365322010e-01,1.489186622703078944e-01,2.856946965152794959e+01
8.670677061863781010e-02,1.533688547110039213e-01,2.640774523916695671e+01
7.989661400101506772e-02,1.578377546722851965e-01,1.571870358555772285e+01
1.036907964976000324e-01,1.578002368186712245e-01,1.970907524696329816e+01
8.329501327758455365e-02,1.701389729580918553e-01,2.900274914076455701e+01
1.059494483154648226e-01,1.538612762735082629e-01,1.695798744652623924e+01
7.775910299170449291e-02,1.680743795618071246e-01,1.294673542101587849e+01
7.563626990019189922e-02,1.555751748935882417e-01,1.631067586479376530e+01
9.018662143279894405e-02,1.462636620854873559e-01,6.136015323585605863e+00
8.763119742378275290e-02,1.475120887607906384e-01,7.151860037666086356e+00
8.783229262232535028e-02,1.422841333895841776e-01,1.570961699415518353e+01
9.051872920907795550e-02,1.643558862500412443e-01,1.095563347513854069e+01
9.979080785931941644e-02,1.539715359556127761e-01,2.468836099036625598e+01
9.163777208180734490e-02,1.660005471681747224e-01,1.290988875530706181e+01
9.266321824821420472e-02,1.440126316670253259e-01,1.329031287334422018e+01
1.088390774827705382e-01,1.806808132119005206e-01,3.131408781060472535e+01
1.057736164394489087e-01,1.632873628346491746e-01,1.183820121287842753e+01
9.677284340751694802e-02,1.392391007308013406e-01,1.073539290867201679e+01
9.244543579628655694e-02,1.641630566772314392e-01,3.705663954475988930e+01
7.879680407452382962e-02,1.571891928584983611e-01,1.209872963359268461e+01
8.507445166347882282e-02,1.596983588831077661e-01,6.243658287954313124e+01
9.270209083244999870e-02,1.715320303208659192e-01,3.121058786548953634e+01
9.404040806648694684e-02,1.589865462078961511e-01,1.223701549482692741e+01
6.920407002304980459e-02,1.567313101936033126e-01,2.053949907613452908e+01
7.094362455983198312e-02,1.851930797023385589e-01,1.432255212206383277e+01
7.161920763187581973e-02,1.771421831044180939e-01,1.712962423000149670e+01
8.323670885824456522e-02,1.761027227163435849e-01,1.663363260146355316e+01
7.923929323114807521e-02,1.305917713466422936e-01,8.282138397840636657e+00
9.190708426119605090e-02,1.451316400553090136e-01,7.982453670573233850e+00
9.341293367642257428e-02,1.563959413438887058e-01,1.689886322089742521e+01
9.439313310266940482e-02,1.551010322493366622e-01,1.257277738536797607e+01
1.019886643206437266e-01,1.422867603996880448e-01,1.376787033355461176e+01
9.881761966199816005e-02,1.488909175364945825e-01,6.703175886397964689e+00
8.431805757844043625e-02,1.375705074732768152e-01,8.751062232779993622e+00
8.979884417910180550e-02,1.390732815998606264e-01,5.788827611619465685e+00
1.005417328221064610e-01,1.698213843755020380e-01,3.183025094597634919e+01
9.605028758125629118e-02,1.509983171558043347e-01,6.881776577877642964e+00
1.050332194199498081e-01,1.639972415636661851e-01,2.336130633457153749e+01
1.018030942983099846e-01,1.554412094227342889e-01,3.767124528795121563e+01
9.240473905153508138e-02,1.502164076613277943e-01,3.021713647108837364e+01
8.343456859309544837e-02,1.554861346615955542e-01,1.549845134947531911e+01
9.826335278502548731e-02,1.572821117713541772e-01,2.275118654132741725e+01
1.015929550905153439e-01,1.458883843230490973e-01,1.462936574116988631e+01
1.009842364770973111e-01,1.488335884096602391e-01,1.748828112703199267e+01
8.816218097088159011e-02,1.445564752720560064e-01,1.686239958245510451e+01
1.032734807109176312e-01,1.691746559586146392e-01,1.325218165633546086e+01
9.466157970584432313e-02,1.596275512174981370e-01,5.945105590837162168e+00
8.091039150122292245e-02,1.414650789639964323e-01,1.100844366232709426e+01
8.394260393329944225e-02,1.412337240019969631e-01,8.758783702666908866e+00
8.236165483678248300e-02,1.315480033533662219e-01,6.225635733335175281e+00
9.444937644586230696e-02,1.537851758830794391e-01,1.409983339597552465e+01
1.051003023289659027e-01,1.717138772137131175e-01,2.279898149792251516e+01
9.571325051854483179e-02,1.762050319994072356e-01,1.813117754075960164e+01
8.197388582221241948e-02,1.646455129246338356e-01,6.685593233403042746e+01
8.827686317990367237e-02,1.676134400336421193e-01,2.026752502576288606e+01
8.659778687459802893e-02,1.425795891352647227e-01,8.900544675564116659e+00
1.020722618385482838e-01,1.570212201471310742e-01,1.734519969754489921e+01
9.187658509299156950e-02,1.481337801357574258e-01,1.218162763110771785e+01
8.636061151657957458e-02,1.282807609897130274e-01,1.014634486141629033e+01
1.013239151122505982e-01,1.412364707516827467e-01,5.390948256145749795e+00
1.066816741624826564e-01,1.572442203196441901e-01,2.476164842672879374e+01
9.709541445907429735e-02,1.587141977691350903e-01,1.169867345461286590e+01
9.895143174595796842e-02,1.775876916536272276e-01,6.504487225835705821e+00
1.162100789638831344e-01,1.812352235221019459e-01,1.092396597172868766e+01
1.207897809014615020e-01,1.589228813454350020e-01,3.598123264201149141e+01
1.020022521833329893e-01,1.614978747251991920e-01,7.808362513689495188e+00
1.000786049136895423e-01,1.779279048256395268e-01,1.557285630461963599e+01
1.003275614970785684e-01,1.614885761160974320e-01,1.121874565236771559e+01
1.046605710579375514e-01,1.561750604523422237e-01,1.124952246759577257e+01
8.696545002820930959e-02,1.611534271737433133e-01,2.479757681083192011e+01
7.849740266858695747e-02,1.595489010698258880e-01,1.417570745532770005e+01
1.195214563358114740e-01,1.554860010213444110e-01,1.022228136179704627e+01
1.146271615808601152e-01,1.581362302945262255e-01,3.693587030400225046e+01
9.412571114574808107e-02,1.523976698031516142e-01,1.718208719711649124e+01
1.049356672008685820e-01,1.536272777810589740e-01,9.543361291870120056e+00
8.013584458915747055e-02,1.729727998433709668e-01,1.642695801618305751e+01
1.128312422123262659e-01,1.492948470357384760e-01,1.493479250726304208e+01
1.225439342922270552e-01,1.487416894604095263e-01,7.558681186980338751e+00
1.089013312209856227e-01,1.543532248344542668e-01,1.218976405120785245e+01
8.444211117556189861e-02,1.504987299468345530e-01,2.847283574923004323e+01
8.232798162763914351e-02,1.582789015577048819e-01,9.305116140483525200e+00
8.674785012556478214e-02,1.692136035326242127e-01,3.902770233029563229e+01
8.011529093926958445e-02,1.716646007695800669e-01,4.905247798065286702e+01
8.834900056160772952e-02,1.503350125911430135e-01,1.091266920218340708e+01
9.769375556369004621e-02,1.592559736557416505e-01,4.723291778140489328e+01
1.065355515670839692e-01,1.409917742103042604e-01,1.469100742968818096e+01
9.127309250824376663e-02,1.521434366889788115e-01,3.181100772350133710e+01
8.622122795599546086e-02,1.688369082800224852e-01,2.644990209849872898e+01
1.153495089054375200e-01,1.654372634336705172e-01,2.864645437773259573e+01
1.130880067980606918e-01,1.530243907931818914e-01,1.439814137711724307e+01
9.159426950417987046e-02,1.535255908369684008e-01,1.068674645309420690e+01
8.805686089991940357e-02,1.592176893696469753e-01,1.596069731401199121e+01
8.805686089991940357e-02,1.592176893696469753e-01,1.596069731401199121e+01
9.320164418467261069e-02,1.450289701503230388e-01,6.417608688085629787e+00
1.032427406615197413e-01,1.545070698544528665e-01,2.180994955991765494e+01
1.080340531140949467e-01,1.562820824585033908e-01,1.060957203136530502e+01
1.098145036640845451e-01,1.535276134426993289e-01,1.119254256477500675e+01
9.990826109406954203e-02,1.493591334571926221e-01,1.456060604902955902e+01
1.040482890147661904e-01,1.394569944951800367e-01,1.053173565726804384e+01
9.526195493301500838e-02,1.553529629825178282e-01,7.105596059970833878e+00
1.192803659430057422e-01,1.457460531180491403e-01,1.371192769548252599e+01
1.142992873962845879e-01,1.437676984620071541e-01,1.284337397553180082e+01
1.131727974073395426e-01,1.446570174111579676e-01,1.256419621317348856e+01
9.553259892525955976e-02,1.457682377748018843e-01,2.177423812631752753e+01
9.228417198133899435e-02,1.488542350953653282e-01,1.080590126624080050e+01
9.477081457496437655e-02,1.475612387739916320e-01,1.126569332280088531e+01
1.059888607901890295e-01,1.414815629881154557e-01,7.815425186327059848e+00
8.065918227497267945e-02,1.683257276743825304e-01,3.249825901881730772e+01
8.104785272340077340e-02,1.687282272220575752e-01,1.958745708205258396e+01
6.771718251092642693e-02,1.606650614143299294e-01,2.580790553553033462e+01
7.084758886653974574e-02,1.734986155953880393e-01,2.272622506270748843e+01
9.213611437272417604e-02,1.618977022760134665e-01,3.193605676611983668e+01
6.799547878406370094e-02,1.634939237033862791e-01,2.391157065613210975e+01
8.021220551647020858e-02,1.521829073242929320e-01,3.282163469884915230e+01
9.861097833322059192e-02,1.643267786523134877e-01,9.384562624170945000e+00
9.738264799240467506e-02,1.494306764691233913e-01,6.380832272457641174e+00
1.033795267007490276e-01,1.487495595225931944e-01,1.048897633539675311e+01
1.070133493077230630e-01,1.385126689500747188e-01,5.151547527577491792e+00
8.689019570281694693e-02,1.423972848348732112e-01,1.263538015378839674e+01
8.945637961157175411e-02,1.530783730285614486e-01,2.325652319420678182e+01
1.087973025586169012e-01,1.577342985887769111e-01,8.725183099466701009e+00
9.608822138120068357e-02,1.438444060118002354e-01,1.062697307887579257e+01
8.841289410858664544e-02,1.701723425740869489e-01,2.220406935449586072e+01
1.017080683967732657e-01,1.673019414927219839e-01,2.461283828196044254e+01
1.086929747894269244e-01,1.605767724282392006e-01,3.757392741814075521e+01
1.068569578859526609e-01,1.653984165260885819e-01,1.046452234047473979e+02
1.106472616793413993e-01,1.526626270037877708e-01,5.452486424713756463e+01
6.986627152263437390e-02,1.524057224520347642e-01,1.227781265608432903e+01
1.015349821296363531e-01,1.647762026813191782e-01,1.570651494556558703e+01
8.691135775863012558e-02,1.557513869329461287e-01,9.766181105793656059e+00
8.665676185775952889e-02,1.504939907526929577e-01,6.485748915508582790e+00
8.421089072383967922e-02,1.328942683007236503e-01,9.180412997339495007e+00
9.419489615078353861e-02,1.470485427957800295e-01,9.550481860911578025e+00
9.784882855719866102e-02,1.422525704301265681e-01,1.214809758552274133e+01
8.858582504517761858e-02,1.428355986190118776e-01,1.189367603903052739e+01
9.425699326934858235e-02,1.557648789104075504e-01,2.048824371525091337e+01
8.975051837616095096e-02,1.545931479926730689e-01,1.009279176538215772e+01
8.764810282596290081e-02,1.525217452513513983e-01,7.457683805516127862e+00
1.007919587186396071e-01,1.707779237297636921e-01,3.680636580024128079e+01
1.250271164779144795e-01,1.636680130635642383e-01,1.980939947379993882e+01
9.736708541181619825e-02,1.705846295878495344e-01,1.997528819964562885e+01
9.952670196134832947e-02,1.766275541282799066e-01,2.530524497976004383e+01
1.033495733433051483e-01,1.561306327327406651e-01,4.463932542279625437e+01
9.591134433886082389e-02,1.482436952714554224e-01,6.547311772691286613e+00
1.015355583080830848e-01,1.376999168275015728e-01,8.911031619187912867e+00
9.335161673011461991e-02,1.617688907020218836e-01,3.566707763708752310e+01
1.082429568805396702e-01,1.521549729754991531e-01,1.351342394657829615e+01
9.132725890767647015e-02,1.640674681716837446e-01,2.511049173031752701e+01
9.583377547214060044e-02,1.603490449638652893e-01,1.169739358379982086e+01
9.238184611894559306e-02,1.543042285233997279e-01,8.852490093683378802e+00
8.990657955709674409e-02,1.395350265511590138e-01,1.562652715647282342e+01
1.056008614600598139e-01,1.489616915769923500e-01,5.182705156066067076e+00
8.815307462630569968e-02,1.714041528052259178e-01,6.249527997016507186e+01
8.833382150659598031e-02,1.483739614738694979e-01,1.797465419518631080e+01
9.343132445742245717e-02,1.732126545008506047e-01,1.748074017372859146e+01
7.199116886089429457e-02,1.706268222555067660e-01,2.828677029967192169e+01
9.236628167955394930e-02,1.710434364168428312e-01,2.750562320931273774e+01
1.041103062193797085e-01,1.492285306843221249e-01,1.010347804581989095e+01
8.204794335882933942e-02,1.541599300733250966e-01,1.957459202776902174e+01
8.261132579262184250e-02,1.522128427313797772e-01,8.264069716315326275e+00
8.518878900998115566e-02,1.673280258880655014e-01,1.209703745325493429e+01
6.838077809776652027e-02,1.426907089058916112e-01,9.493864941635333565e+00
7.550761297304102448e-02,1.523169845043761683e-01,9.627991759379977310e+00
8.319453760558294386e-02,1.686288774545040281e-01,1.350533829037406441e+01
1.142890273716400118e-01,1.596571397238224221e-01,7.973739845702094264e+00
1.239149447744590099e-01,1.614350599900755134e-01,1.665221648426665269e+01
9.654986084510379374e-02,1.671716115682987669e-01,1.154567799063381273e+01
9.275656128922615817e-02,1.616804853158968214e-01,4.907679954280249035e+01
9.302695491416207441e-02,1.682821454640295311e-01,3.057424747835474932e+01
8.554730372337025768e-02,1.533877356974368833e-01,3.410209181004304213e+01
7.532486696087462019e-02,1.580264872923327901e-01,6.745990244373027522e+00
7.866117284521660646e-02,1.747124509313479068e-01,7.771117977812484412e+01
9.442050636996784929e-02,1.838867307468430856e-01,2.540569639331019403e+01
8.215253763340414628e-02,1.474642609741326493e-01,1.747737231162870586e+01
1.145203360030094264e-01,1.502537514965015808e-01,1.417011978711814990e+01
1.140817305430307099e-01,1.569277336659400668e-01,1.612827292193484396e+01
1.124158046466675054e-01,1.472433458317058963e-01,1.159571351495469216e+01
1.017325522261233461e-01,1.485709447216569667e-01,8.429274966837757788e+00
1.099254367924060033e-01,1.733941223448938473e-01,1.724070475966230021e+01
9.633577040900655197e-02,1.344617833566895959e-01,9.774464704141472282e+00
1.024789789701590764e-01,1.836401550300910679e-01,2.275874802539427577e+01
1.027378461056193820e-01,1.772109567946427433e-01,1.965055922822365986e+01
1.208965290180996632e-01,1.613209837794183366e-01,2.896756866131061869e+01
9.696363655163135753e-02,1.565949574576594172e-01,3.528628480496753639e+01
1.052262995848139981e-01,1.687243607571159432e-01,1.205471814329655800e+01
9.649505287072764059e-02,1.375087025131744578e-01,1.496542121978076700e+01
9.868387796476590923e-02,1.714865729774832093e-01,1.170185228497599894e+01
9.677844715222078120e-02,1.558101018142892813e-01,1.631447099894690922e+01
1.007325529808029835e-01,1.501195261567398742e-01,9.343289365329042084e+00
1.024036949094005583e-01,1.453903432767344461e-01,1.643835580921799533e+01
9.552765859306686091e-02,1.584725672734439150e-01,1.141272745342254247e+01
9.395217210192936819e-02,1.391440334156729963e-01,1.152771655049364874e+01
6.941695670734597534e-02,1.496184328892755933e-01,7.679896903992719182e+00
8.085229729490536754e-02,1.549780736351254462e-01,1.391666566038800568e+01
1.074253184981919518e-01,1.638481886426130796e-01,2.509823319932008445e+01
1.209484387268761896e-01,1.611187490434183300e-01,9.693919878106459720e+00
7.654452369856755423e-02,1.703775033771476322e-01,1.562236341588916844e+01
1.023120840139651877e-01,1.512437291519526383e-01,6.204310283344691257e+00
8.631986598943380828e-02,1.736808354899518347e-01,1.486601489316935343e+01
1.151046084795394192e-01,1.620831048192210855e-01,8.563603544344129403e+00
6.823835552938989357e-02,1.702117584321785615e-01,1.643982144998996020e+01
1.141320826198725658e-01,1.411046151985507202e-01,1.171208771435345142e+01
1.264982713567853190e-01,1.435352975572418144e-01,1.475050827823687705e+01
8.239192689603504205e-02,1.354175772032288894e-01,1.210233052465489578e+01
8.724721230567492047e-02,1.708892397351924053e-01,1.223598018063206005e+01
1.008342534171254440e-01,1.708387156354718994e-01,1.756910894344534668e+01
9.633357011926368951e-02,1.662423954249428182e-01,3.693876132569548787e+01
6.869479389026422744e-02,1.598629234851070280e-01,1.416007447902972949e+01
7.281417655628212582e-02,1.638942792751837130e-01,3.158855996717211312e+01
7.891490096411393762e-02,1.674857487519172961e-01,2.748937583929695805e+01
7.250427084598456973e-02,1.680768476025316649e-01,1.777965176029220373e+01
1.144383066979273028e-01,1.548647288328781624e-01,3.450575662904599739e+01
1.059533929252833434e-01,1.747512970943688460e-01,1.185976066891333680e+01
1.001732303921566980e-01,1.427237491457183372e-01,2.192316648826489001e+01
9.105766797517464428e-02,1.521323945495449415e-01,1.785943487664593476e+01
8.082413113189983178e-02,1.564753236636862721e-01,3.486869580805401370e+01
8.082413113189983178e-02,1.564753236636862721e-01,3.486869580805401370e+01
1.049794809185774364e-01,1.423599344265151778e-01,8.966879180274341721e+00
9.444571771752631462e-02,1.440089451637762696e-01,1.460082634578464855e+01
9.471128903651158948e-02,1.415222946118116498e-01,1.783431475207105876e+01
9.419455974674570409e-02,1.474142894405718607e-01,2.346910765531875498e+01
1.023564154750351562e-01,1.506892689622676695e-01,1.559217741571398186e+01
6.132549938844102100e-02,1.744238052710493925e-01,3.066619756737386737e+01
6.109107594680088238e-02,1.757342460225946867e-01,2.848001978604101581e+01
1.317108650592690999e-01,1.500528344677126147e-01,6.789183110982238922e+00
8.003751041196580096e-02,1.424729888413254764e-01,6.499646920051635135e+00
9.914826695473033524e-02,1.578304404438436725e-01,2.384942401264068224e+01
1.042033444941719011e-01,1.467277583304748556e-01,1.499726907527929676e+01
1.067884497701778734e-01,1.535041426209044768e-01,1.392708876171821331e+01
8.892574883114715001e-02,1.540027448028203350e-01,1.963349489928141622e+01
9.752325755553818698e-02,1.435759708205652796e-01,9.734216099216935092e+00
7.832718299961520525e-02,1.663930754684473379e-01,4.395636128371116058e+01
8.462525396890985263e-02,1.614609672686056485e-01,1.323324669701099232e+01
9.845851823709050876e-02,1.529464806586534331e-01,3.633461517621694981e+01
9.282015648509475692e-02,1.577004961357020840e-01,1.279191392132275418e+01
1.140980567773293292e-01,1.536809412066088565e-01,1.462746198683366039e+01
9.716864731325607074e-02,1.367003540775224013e-01,7.800206472290594384e+00
8.615584529083404608e-02,1.469783102271474406e-01,7.791904538915010114e+00
1.079603569595867368e-01,1.257183924975450728e-01,6.629622015775413324e+00
8.371612459872120049e-02,1.463257738877221381e-01,6.689222281137027437e+00
1.013252215840693832e-01,1.460360059461046911e-01,8.595466518621478258e+00
7.305804818942542023e-02,1.662552860333918747e-01,2.289302260164246405e+01
9.204898909290550046e-02,1.496188693538944292e-01,1.175875918771195927e+01
8.221267850195110305e-02,1.618588548996446885e-01,2.615877333948267136e+01
9.083813565065276818e-02,1.535277983530081158e-01,9.266159841065659819e+00
9.038770319508478146e-02,1.618626974983087830e-01,3.225700500626608402e+01
9.597021135211587783e-02,1.605628264037958775e-01,2.305554571962986898e+01
1.025769982650420464e-01,1.602039202482228031e-01,2.032969004866325236e+01
7.082838440843003402e-02,1.699611754267000008e-01,1.653730285345409001e+01
1.125183906235736331e-01,1.593635462995967034e-01,1.744473343161062928e+01
1.059467776468954320e-01,1.605435496025088560e-01,1.897765590363486865e+01
1.003389159474403353e-01,1.410655956101121988e-01,7.864676799694710674e+00
1.001623988961416051e-01,1.487743321619418857e-01,7.629627047760351388e+00
1.059261551766742110e-01,1.413950996461861009e-01,7.133703513220528869e+00
1.138674406187471788e-01,1.440885006036081994e-01,9.896231509873297583e+00
7.678615543696601375e-02,1.658431807831975136e-01,2.731606762778843844e+01
8.347457893488556546e-02,1.445804804611116046e-01,2.476846985201039075e+01
9.350976781882264222e-02,1.542689733148478182e-01,1.193507395265219451e+01
9.745491894739113925e-02,1.552445054263991153e-01,1.964346436495631920e+01
9.191283967516812592e-02,1.647166620556399230e-01,1.495176249930692514e+01
9.530392080032051849e-02,1.551690472329419201e-01,1.366754450767744977e+01
1.090750775913604531e-01,1.490751658356648524e-01,1.256261434232136942e+01
9.307006085704276621e-02,1.580254457294751336e-01,1.779867181163954371e+01
8.583687617574305151e-02,1.548288319793015844e-01,1.163450547087735920e+01
8.552666428268324017e-02,1.576206498861283667e-01,1.451710660961042976e+01
9.790663167872647177e-02,1.741942869681538664e-01,4.429302798378299855e+01
1.095148762905394091e-01,1.432690511678028633e-01,1.063864021053027109e+01
7.774337581336289438e-02,1.398843267804610324e-01,1.056587862238762376e+01
9.281722413318259368e-02,1.477030711958335907e-01,7.910260676759953036e+00
1.042206610972599562e-01,1.426192998306418658e-01,8.849741637973501440e+00
8.556105604658589825e-02,1.695462685231824418e-01,2.563366644973499220e+01
1.010099362853161542e-01,1.475331729941445902e-01,1.132163901902964298e+01
9.717378662412055890e-02,1.608131407678400626e-01,1.313213284213888343e+01
9.328965205789786774e-02,1.573443991579411005e-01,9.705518522967688355e+00
8.919854720047354357e-02,1.675512810239027095e-01,2.567168840767998361e+01
1.025402506878560077e-01,1.433981844400345762e-01,8.106843425478707843e+00
9.858989936922453456e-02,1.445850023673779794e-01,9.765276354998672304e+00
1.177340858647833721e-01,1.519535559557937399e-01,1.798365410483634008e+01
1.027350082931930003e-01,1.617319381335346751e-01,1.173359764791815962e+01
1.048142722504512847e-01,1.537518106908136173e-01,1.597506422337381515e+01
1.012250424559986289e-01,1.643389836038889606e-01,9.985155016090354607e+00
9.380520022767101229e-02,1.438799951334547023e-01,1.018324990057111101e+01
1.020636609432672148e-01,1.551185419099803675e-01,1.026346506691002780e+01
1.120482402034049946e-01,1.489577455828440533e-01,1.807040471468271647e+01
9.583526543507436823e-02,1.595690211290726745e-01,7.747156408095672298e+00
8.762659917136858545e-02,1.616033120722649985e-01,4.823275904201052100e+01
8.429663690231750661e-02,1.669571064400075522e-01,1.831260325329927596e+01
9.186181570061413559e-02,1.584136890381019347e-01,1.246600300448654330e+01
9.393234991516134780e-02,1.637876162935210933e-01,9.268823553771834867e+00
9.393234991516134780e-02,1.637876162935210933e-01,9.268823553771834867e+00
1.087495244964909180e-01,1.636223902262576302e-01,8.669836315780408142e+00
9.001308914580935516e-02,1.782916410379546401e-01,3.865050726767223210e+01
1.015429420619954198e-01,1.632676625144233173e-01,2.015538652646206685e+01
8.066187890206705235e-02,1.560800939697807588e-01,1.164179261474380311e+01
9.205600137526910587e-02,1.505495067748350013e-01,1.009257069164966580e+01
1.031222899256725584e-01,1.330322794498501882e-01,6.120517325091825889e+00
1.143491037840429214e-01,1.316529951935872245e-01,6.077382937364246729e+00
9.566158061663131151e-02,1.413778591226944048e-01,5.077599135403524144e+00
9.154405581122473934e-02,1.419558786484991508e-01,1.421033203956234381e+01
7.790449630232011702e-02,1.454346412469064709e-01,1.068558549824810733e+01
1.072274742586673824e-01,1.494922575482792448e-01,1.056529805642427888e+01
8.919846230705209822e-02,1.528317700746374963e-01,2.469015781157393619e+01
9.446458030320185884e-02,1.750446286008765784e-01,4.480193647607374885e+01
9.847624638916314954e-02,1.730950234986835534e-01,6.798424304091088288e+01
9.130053408054250585e-02,1.544078926963076970e-01,2.766421464917499051e+01
8.552768051252478132e-02,1.613105810551148378e-01,1.329353426277716110e+01
7.207718251139139110e-02,1.545484930325541073e-01,2.109151603301679145e+01
8.401671773262595067e-02,1.485669615624981843e-01,1.632795056646536125e+01
7.602185011103597401e-02,1.595919793064284331e-01,1.009150620446692592e+01
7.772498636961576446e-02,1.656270123094552849e-01,1.239303300995401003e+01
7.543629867482967710e-02,1.712023810357639064e-01,9.117127525654662890e+00
8.566585317139438494e-02,1.655772228421466818e-01,2.930772847498588263e+01
9.259508056561020772e-02,1.390072117280758968e-01,7.866397122358980809e+00
9.422619013243906105e-02,1.389485768333007243e-01,1.702650774464222039e+01
9.687305831260466238e-02,1.691091931329914144e-01,3.548891451482360537e+01
1.147339968719792852e-01,1.429277282931281368e-01,1.129177038710918879e+01
7.992297356229347005e-02,1.767451602753642159e-01,2.187590777855141866e+01
8.718442874721497871e-02,1.658158187830319485e-01,6.445581030353056917e+01
9.143255615768383637e-02,1.595881971869858584e-01,3.745925024207895859e+01
9.529459670755796585e-02,1.509230244547850042e-01,6.360806424368591117e+00
1.132399171801583559e-01,1.339551555426234386e-01,8.932948688195059717e+00
9.831434286732243510e-02,1.558396520190626355e-01,1.207188587050906392e+01
1.041263022865882015e-01,1.445026475893501361e-01,7.117265395356690227e+00
1.092906990852634125e-01,1.409193717476149299e-01,8.733043539487718832e+00
1.063706867076289059e-01,1.457399121038504552e-01,9.195586149881698645e+00
9.326219834587132218e-02,1.466763667137987170e-01,9.460528869609920122e+00
8.855404538660975600e-02,1.611098398771942108e-01,1.296726009063480234e+01
1.138769281025008989e-01,1.551451207013058720e-01,2.017038830148865003e+01
7.297760204327040368e-02,1.621220534780252742e-01,1.280357217218489652e+01
1.137030773416029816e-01,1.488205576233877225e-01,1.568350773922258767e+01
8.468294077394122876e-02,1.792204609854275987e-01,1.345506175537554050e+01
7.347779741281830479e-02,1.774700755980355427e-01,2.319875623690103694e+01
8.792713382031351610e-02,1.547066999770260742e-01,3.094909458939170221e+01
8.149910757110753745e-02,1.613670079038371230e-01,9.922879598935752554e+00
8.946217213868755402e-02,1.482584389507799749e-01,1.604649332421105612e+01
9.308453683340361939e-02,1.669939604568231317e-01,1.940561673991145497e+01
1.055735075890661123e-01,1.508475379156195284e-01,1.155451288040240598e+01
8.969346815588150057e-02,1.686983943695723465e-01,4.575177480882284442e+01
9.143844672850279243e-02,1.838535941582751798e-01,1.175671037565905230e+01
1.070126583467299192e-01,1.295554069272249198e-01,8.585644198825123752e+00
1.070126583467299192e-01,1.295554069272249198e-01,8.585644198825123752e+00
1.103271841786297169e-01,1.434691437813603310e-01,9.378194312528247423e+00
1.023367677703061196e-01,1.492369164203953547e-01,2.630873977326430335e+01
1.037992263284741173e-01,1.493250596364410210e-01,5.525057381636264608e+01
1.039479493174506192e-01,1.745962164788828208e-01,4.814813646346316034e+00
1.103808558651113853e-01,1.822733429286188811e-01,9.647639384358337011e+00
1.041272990541260435e-01,1.461667340774016055e-01,1.465898167909256067e+01
8.188373917715302541e-02,1.708405125792185619e-01,3.483720881401974623e+01
9.327793787003856030e-02,1.495357966901136315e-01,1.149196333502593781e+01
8.719970051884926021e-02,1.646500320558890729e-01,2.522916724577543945e+01
9.881742152797232115e-02,1.633686168472565647e-01,2.332054238085704867e+01
1.001862983028542348e-01,1.544328054081621215e-01,1.254705423740082360e+01
1.167768176340096276e-01,1.495552773328006624e-01,1.710388192987699796e+01
1.233266656233213132e-01,1.537725376997590709e-01,1.070157611713943879e+01
1.191573073112257852e-01,1.515556377300424640e-01,4.929022173319943079e+00
6.824246570950801005e-02,1.620790017834154717e-01,4.505654094079562810e+01
1.049148857224479342e-01,1.605496995596831789e-01,1.493318050910668582e+01
9.673937607114156678e-02,1.511524578426791665e-01,1.322910278219720936e+01
9.714948666400004262e-02,1.517788673919834852e-01,1.008675953656829805e+01
1.160631912123399473e-01,1.495408216174091143e-01,1.101570262476782602e+01
9.060556773792827201e-02,1.728983543596356587e-01,2.640592387718890066e+01
8.757878139593665290e-02,1.621555868524275634e-01,2.497000100506322795e+01
8.358741441445736997e-02,1.553038971545133984e-01,1.224100083426846020e+01
7.542506482860866779e-02,1.600295660118288277e-01,8.830535356553653514e+00
1.008786079050044693e-01,1.501042413997999425e-01,2.278298191615573387e+01
7.834281531647555030e-02,1.680723949475707024e-01,1.678425330879774080e+01
7.837221460973355092e-02,1.865702972697500794e-01,4.186644011085520134e+01
7.934686884983341293e-02,1.965234818173873244e-01,3.657237454264902965e+01
9.927097459618337838e-02,1.462328264121199040e-01,2.366738522923835575e+01
1.010177317805974195e-01,1.456915610612334322e-01,2.379136758354858117e+01
9.354352367962186221e-02,1.678209737941833146e-01,1.422200560574116679e+01
1.075846757126993208e-01,1.722592805035238761e-01,3.131358516286429960e+01
9.437448136999616877e-02,1.609631979680993530e-01,3.893766713774294885e+01
8.627031464028241114e-02,1.628477141487218727e-01,3.608186298167645845e+01
9.329078825378167572e-02,1.692443453602361925e-01,3.493085156559572368e+01
9.410147283082316572e-02,1.421940684591417314e-01,1.006587226353382469e+01
8.799790696477358121e-02,1.469376828701623727e-01,6.453100090346764794e+00
7.731904027699289250e-02,1.634914090364792405e-01,3.611651776484801246e+01
8.988914635876671388e-02,1.685717631788931914e-01,1.882402146715007518e+01
9.506820450478840889e-02,1.482264010528622777e-01,1.080243472510547598e+01
9.217397268555280188e-02,1.607833090831101430e-01,1.460175368555927733e+01
9.027096996634365045e-02,1.566371428720974845e-01,2.144042377523343035e+01
9.895089602764034487e-02,1.465522921640047271e-01,1.715773363334372448e+01
9.524806102414762332e-02,1.548822440187991034e-01,1.464438268446831160e+01
8.926210988105409694e-02,1.585482346268404508e-01,2.531562892305085910e+01
7.630305769152499751e-02,1.927087521643367496e-01,3.305540245409477507e+01
7.039982558948908176e-02,1.759193122362434358e-01,2.091334960037338675e+01
8.200501497197512646e-02,1.555575286038659300e-01,1.362077230272051054e+01
8.497421330253131233e-02,1.594126013167321276e-01,1.935504842950766502e+01
8.609656807052831762e-02,1.650499026488952137e-01,1.458853812602373168e+01
9.199723131789033781e-02,1.529651043863317905e-01,2.887225103619420707e+01
9.513668066554675784e-02,1.427386501277022601e-01,8.365966583993369454e+00
1.089983375159963713e-01,1.537716134138360224e-01,1.195318165811025679e+01
1.025851093774235445e-01,1.518549976681431990e-01,1.047157096150324840e+01
9.286338502470664613e-02,1.559961024901807547e-01,1.165327653200439073e+01
9.017808063795289264e-02,1.421487274583678739e-01,6.335093996908337743e+00
9.564878022781352074e-02,1.527584121085154567e-01,1.477659656586792813e+01
9.519385031128022034e-02,1.585811342965599557e-01,1.411984447223092332e+01
8.345364129065213632e-02,1.502324027192707134e-01,8.112213142913496711e+00
1.022115127484858749e-01,1.500068270149598482e-01,1.434623980881975491e+01
1.026571099897644890e-01,1.408274748572362067e-01,9.788157327755033776e+00
9.959911474828456179e-02,1.296543599024997662e-01,4.116291656559008416e+00
9.266505000194982800e-02,1.382170918902384804e-01,6.012865207013086355e+00
8.596639982811200842e-02,1.285602105831409603e-01,6.263513048779059567e+00
8.600037300516059913e-02,1.505195851182012379e-01,8.640135738678168309e+00
9.328878214676832037e-02,1.723764158218207276e-01,3.146028789862022279e+01
9.497605428532404637e-02,1.590598119861801052e-01,2.173946576260791730e+01
9.204331084979115729e-02,1.597100090289907959e-01,2.109567820733627386e+01
9.084183181047951472e-02,1.475964505700078366e-01,1.078938243661535523e+01
9.962481169710048212e-02,1.523503005493400120e-01,1.006222982215915174e+01
1.050765194257204382e-01,1.463452818874021455e-01,1.029524669620398925e+01
1.007385262464973452e-01,1.748917744153318521e-01,3.972981470275216509e+01
9.138419723223578650e-02,1.546722332242061460e-01,1.929382134805921112e+01
9.057403121160254034e-02,1.850663836255009853e-01,2.299488504800158140e+01
7.266474252467187978e-02,1.454506563172735523e-01,1.788342945822016006e+01
8.960983298139378606e-02,1.765247977773223009e-01,2.957051687370389104e+01
9.805360859883885394e-02,1.445404106767112784e-01,7.466643357929713787e+00
1.054855017287306684e-01,1.427178583179380678e-01,2.048385670715962092e+01
1.042013419048383321e-01,1.570705512809503213e-01,4.117017475392074743e+01
1.026728731221081409e-01,1.691035589531216521e-01,9.808097672619386032e+00
1.193396924044224094e-01,1.338564096813147364e-01,8.893350070520000372e+00
1.215299723817623717e-01,1.373766026583057298e-01,5.292283313402665001e+00
1.054912795324781660e-01,1.539227160641240266e-01,7.789823483317408481e+00
1.095786290003443741e-01,1.572262301191221512e-01,2.399020155530353904e+01
9.572440031943632577e-02,1.575591082908449347e-01,1.244305624686809786e+01
1.136365788004491950e-01,1.368045408110303007e-01,2.205094635369185596e+01
1.110274235371368351e-01,1.873258774042671770e-01,9.910261147654303215e+00
9.631855504744388230e-02,1.414701359892485966e-01,3.955647004515780196e+01
9.240196480920655209e-02,1.445226210168839842e-01,4.076033096681521783e+01
9.133881501631858912e-02,1.489976942219026490e-01,2.564455459526095993e+01
9.491963507215682438e-02,1.611858101627693107e-01,1.877356995954191632e+01
9.880232399918495445e-02,1.570630702220952302e-01,1.263995543206439365e+01
1.093956639630324079e-01,1.465668310939194918e-01,1.069144508876933308e+01
7.502729960000435738e-02,1.592050764705784383e-01,3.019841934904178871e+01
1.063885224364690685e-01,1.415576136428618459e-01,1.354960961875351089e+01
8.456103809039007546e-02,1.576676310191949815e-01,4.574530324423761840e+01
7.917995195358758231e-02,1.633765142111929525e-01,1.432973369570880706e+01
9.217155973195849394e-02,1.645755001664171713e-01,4.079364129114417636e+01
6.630561583970313866e-02,1.726015618166051868e-01,2.065739534202736394e+01
7.199874993793410616e-02,1.715364388783058858e-01,1.413260774883438131e+01
1.001499783047002795e-01,1.447887274578266159e-01,1.807477541408044175e+01
8.814846095616583888e-02,1.580141552172319164e-01,1.862303367387405117e+01
8.769861172247293835e-02,1.464272425602628769e-01,8.715335700531396057e+00
8.385813256011309669e-02,1.524140927192610684e-01,7.542554127244555318e+00
8.428754932293257285e-02,1.568252122972114693e-01,1.429312788112287791e+01
7.901436221493611523e-02,1.674461259839346017e-01,2.074605191366775614e+01
8.068678741858613390e-02,1.513586144533001221e-01,7.157860171059862608e+00
5.435641145014942499e-02,1.406007542970000024e-01,1.370836067153285143e+01
6.737726043052248703e-02,1.592412639907882788e-01,1.613526139137909965e+01
6.221804264054286993e-02,1.645093150436175156e-01,1.124483889480462651e+01
7.548515304404851411e-02,1.703347082887297637e-01,1.394624665504246153e+01
8.758076185825902638e-02,1.574644703364836973e-01,1.051534137275412739e+01
8.547309039288746024e-02,1.495253853061164762e-01,9.587713026691268681e+00
7.844370503747341572e-02,1.773160205518578003e-01,2.483707586727420846e+01
7.850333938198497674e-02,1.589484334548869893e-01,3.000172020409190310e+01
9.069317856335434858e-02,1.569432151354237526e-01,2.312496550968862863e+01
9.056734100812406651e-02,1.544809388743177414e-01,2.897291393121818714e+01
8.720178902480342498e-02,1.580975096097061994e-01,8.632745189663211249e+00
1.126238068960220412e-01,1.708886412695057033e-01,2.255846247379275837e+01
6.489279948303050549e-02,1.512269896397331892e-01,1.521751011932024156e+01
1.071789388704460638e-01,1.523134156194412836e-01,1.138388751078906580e+01
7.822823070235419840e-02,1.542374449571669859e-01,1.343708176156917311e+01
8.262481704657800852e-02,1.506529287610242074e-01,1.117324066840412833e+01
9.225966318134598554e-02,1.536917018975768323e-01,2.086084655596843973e+01
6.981175944186104876e-02,1.765509311442136631e-01,1.540413083606314792e+01
7.747344325659709374e-02,1.770989879217652052e-01,4.042128769920421405e+01
9.238599323119202344e-02,1.539176057617024918e-01,3.648422660992552125e+01
9.259977951238039517e-02,1.538617288423255736e-01,5.860726813033539706e+00
7.901708400924691011e-02,1.416493213117601679e-01,5.706737785453444012e+00
6.926279235682476776e-02,1.684387591697359687e-01,1.599536651281787591e+01
7.633567841072508298e-02,1.718494993521974545e-01,1.321396970136630067e+01
9.927721585480951683e-02,1.591083739075812020e-01,3.153999994246094474e+01
1.160190560688398043e-01,1.604536065142053158e-01,1.302060552743510868e+01
1.158548096128957094e-01,1.578553619439954647e-01,1.335419356989027229e+01
1.170259934565998222e-01,1.518862479454989867e-01,1.523939768590150834e+01
1.041941881425882538e-01,1.656429552340829559e-01,1.408401858307036925e+01
9.033187433191222637e-02,1.601432836820930183e-01,1.141801276052930625e+01
1.100622330879362232e-01,1.705373093595848877e-01,1.318746528180354716e+01
1.326255145906889699e-01,1.619455238214066450e-01,1.225921701679310694e+01
1.138020463632810203e-01,1.635397057655532116e-01,1.816010448663730159e+01
1.142267752245310630e-01,1.673825780060733959e-01,1.715422954033840597e+01
1.096887210373650862e-01,1.713814007737664291e-01,1.090831839842916509e+02
1.144776552575255540e-01,1.624280072103221340e-01,4.926328653975667038e+01
1.137276942461292600e-01,1.639082485437519388e-01,4.661543395631787234e+01
1.075944043370131581e-01,1.614160266205020011e-01,8.257351568929131247e+00
9.507527327944137463e-02,1.358708215854166346e-01,8.643111375632855697e+00
9.354534646504926443e-02,1.385633383629583382e-01,8.194935613754591230e+00
8.704293848800746802e-02,1.711868287512390563e-01,2.521528609249706676e+01
9.313254095425903267e-02,1.480242687986627892e-01,1.376114243031596196e+01
8.982364523530388112e-02,1.447866288776419874e-01,1.176514443241731556e+01
1.368877440253604139e-01,1.604871634917540146e-01,1.080750387663204926e+01
1.325819627122120092e-01,1.409557419014274005e-01,9.323210631974784945e+00
7.293396813419257552e-02,1.786106621383489745e-01,4.725855325916607086e+01
7.293396813419257552e-02,1.786106621383489745e-01,4.725855325916607086e+01
8.830380987967366424e-02,1.571197314076578644e-01,1.510573931114665136e+01
1.006283699440907731e-01,1.732080560568375893e-01,7.983229554757475199e+00
1.053116221047021434e-01,1.681994287932357390e-01,2.219983117173442011e+01
1.273277544477293688e-01,1.598855512054735972e-01,1.207887650955596115e+01
1.134173364076231094e-01,1.489963806754999176e-01,8.308181646863147307e+00
1.102085238615697210e-01,1.622627206882103212e-01,1.289617743981743736e+01
9.796281800129637285e-02,1.509117732447835258e-01,1.023009139132943446e+01
1.051448944850238709e-01,1.399123784002489213e-01,7.362198117505471373e+00
9.036876018561933177e-02,1.576642538440285735e-01,5.939323510489300517e+00
1.034601709489074012e-01,1.476068876829079168e-01,3.014126271688338932e+01
9.242331231498497612e-02,1.668828814722899123e-01,2.664064605215903470e+01
9.041077249897754020e-02,1.440022164778016756e-01,7.035327150181343470e+00
9.692467547771710379e-02,1.344445340068842754e-01,4.396120675979171999e+00
1.141775837396648147e-01,1.451141961937991998e-01,9.987327552396861208e+00
6.315327169198255153e-02,1.699892551370929261e-01,2.215788713486073647e+01
1.234553859081145982e-01,1.638751478449596566e-01,6.904438094639999690e+00
5.628030991048122572e-02,1.565781875025439862e-01,2.455713668362474422e+01
1.142961425248746887e-01,1.601486833387812669e-01,1.068582360553162047e+01
1.172534596605875196e-01,1.515911722017566077e-01,1.480582999406446199e+01
8.438623914372182788e-02,1.661526860636716729e-01,1.857978423851660921e+01
8.757288365263832253e-02,1.581562899069673955e-01,1.290738115818295029e+01
1.034244227327203308e-01,1.542509046070200673e-01,1.389425609804967721e+01
7.749628884862438949e-02,1.504188406851082738e-01,9.912868646917907256e+00
1.185895568826701302e-01,1.510619349125270627e-01,1.227284655725343576e+01
1.160564241145112252e-01,1.520057514233644214e-01,1.030530384403870769e+01
1.160564241145112252e-01,1.520057514233644214e-01,1.030530384403870769e+01
7.674837797701755671e-02,1.581767857819412482e-01,2.037581786940434014e+01
1.068554917178492769e-01,1.635516340494625465e-01,1.618193828625076947e+01
9.764355230423955867e-02,1.433795984547239777e-01,2.743815550920118085e+01
1.044198385376245708e-01,1.541089333128707051e-01,1.400125310911638365e+01
8.881766186279833886e-02,1.713889113349636173e-01,2.482753973521845836e+01
9.437973442482873454e-02,1.664063317900591754e-01,2.472631588589574747e+01
9.201682885398161649e-02,1.531474097044781824e-01,1.805239876163227208e+01
8.026064717507191970e-02,1.806433156366109571e-01,3.752994622584544970e+01
7.952069962989012641e-02,1.879454017308848646e-01,3.044527659007681564e+01
9.052632207457446401e-02,1.990530796544112691e-01,4.563662604901232100e+01
8.305406865541092865e-02,1.459691546247252059e-01,1.499047192186368527e+01
9.170441410704031904e-02,1.622102941241617413e-01,1.172863633423320096e+01
1.064638343794580833e-01,1.521147091930740158e-01,7.395782174563263034e+00
1.024958239544463134e-01,1.490608849003327019e-01,1.093965291895290548e+01
7.645647370490639416e-02,1.717211275839689300e-01,1.618149680363465137e+01
8.311322219735718664e-02,1.567156931194132463e-01,2.760051650489324260e+01
1.119606770256419831e-01,1.631448715662928428e-01,1.072272081668810628e+01
8.299693615366349198e-02,1.518911063051500976e-01,1.170303803988097080e+01
9.592342502066633636e-02,1.302605115949810877e-01,8.025753851574549458e+00
1.027656555169391278e-01,1.658111362349793672e-01,2.694754216022295523e+01
9.212702748321550950e-02,1.656013043109175187e-01,2.227702592282701133e+01
8.482335454342923575e-02,1.702775960666115251e-01,3.122158986432102878e+01
1.085324407678009834e-01,1.256944771794948346e-01,4.022460631932386121e+00
1.076369065524403340e-01,1.257737642659222665e-01,3.361164409002517672e+00
9.638535884191645753e-02,1.464700318023283987e-01,1.397766761985538864e+01
8.758019103709635544e-02,1.454035699903921397e-01,8.529667923887970460e+00
9.665967729875941938e-02,1.604689274807326871e-01,4.730829893027743793e+01
9.735728032669468957e-02,1.816587707722922551e-01,6.640180304248990240e+01
1.171669972384890707e-01,1.376126353745394659e-01,9.004800101798977607e+00
1.023903747424276256e-01,1.432054511617607273e-01,2.124776396007641566e+01
8.779257005769626476e-02,1.767505286165395317e-01,1.436919336557048688e+01
8.718703299538010931e-02,1.534274320496138155e-01,1.086228608711884291e+01
9.110628369588631703e-02,1.459995793252968910e-01,1.728168241605760613e+01
9.358627902629512718e-02,1.502753586122561047e-01,2.408575188876728745e+01
1.072521300839370390e-01,1.499707970735988660e-01,1.832996698834120508e+01
9.354083571769934713e-02,1.694816557118302147e-01,1.475810861678936270e+01
9.742743207547259476e-02,1.524165108571583216e-01,2.648273536493808678e+01
8.724362297943447087e-02,1.713941200654793828e-01,2.391339262526352982e+01
1.005263337374854293e-01,1.476755501473721865e-01,1.406998745588555266e+01
1.127950924481404132e-01,1.315993184487111167e-01,4.282471202082634321e+00
1.168431778613534255e-01,1.727729057831481341e-01,1.466946156753876984e+01
9.110764553273167921e-02,1.629784822682169287e-01,1.911368551303992902e+01
9.580471505499355001e-02,1.444943548767438080e-01,1.211020599845206469e+01
9.279860274680258592e-02,1.478610463604294045e-01,2.141333288216415554e+01
1.097614836206410455e-01,1.666450643160437006e-01,3.352580727130352756e+01
1.000722352790218150e-01,1.605387223041916389e-01,1.645653018366452969e+01
7.613593757580644494e-02,1.627278849623122747e-01,2.377951401330137671e+01
1.046719694808493639e-01,1.573769720828010477e-01,1.691223350257306990e+01
9.890654225004867628e-02,1.609353280432325728e-01,1.338146441497081618e+01
8.846617544209460504e-02,1.592801864619929342e-01,1.135859948221549232e+01
9.234705963148163999e-02,1.421322018193987291e-01,8.855401079044401769e+00
9.219772917605999207e-02,1.513459498658186464e-01,1.433514721311022555e+01
1.056604029384672905e-01,1.681712529785087118e-01,2.386333496335348414e+01
9.126229949856533297e-02,1.522180259460307050e-01,1.512570817343891960e+01
8.726781736702142467e-02,1.536500006854666367e-01,9.492640352508587398e+00
9.116757434339246846e-02,1.563360575750561143e-01,1.946290477642592265e+01
9.190593578093250726e-02,1.533452664014504641e-01,1.481923674141698477e+01
1.038047090574385628e-01,1.389082140524371400e-01,7.121778031052848235e+00
1.047397560580267256e-01,1.358210509614344863e-01,6.846635547032891900e+00
1.010575087698923208e-01,1.381913920905578075e-01,5.626553380754918621e+00
1.018763226872490546e-01,1.689560247352764610e-01,3.007305447504920082e+01
9.869560044921545094e-02,1.379123631909237313e-01,5.029847382881523998e+00
8.349434545400163943e-02,1.570853141162055489e-01,1.506627776784304196e+01
7.785942741107138021e-02,1.534395744510451687e-01,9.250462068634762502e+00
9.434351817141438390e-02,1.609039590473019254e-01,6.236198445732351381e+00
8.032561951347312601e-02,1.459246492580017207e-01,1.042577788459820276e+01
8.306242005763336822e-02,1.721919694433936832e-01,2.077395588741293153e+01
8.294016310330723507e-02,1.683929900906857569e-01,2.483401082542073723e+01
9.634153755845700773e-02,1.525429099003655087e-01,1.560539608190218530e+01
8.797466140287109326e-02,1.557791806492439257e-01,1.765492346334596618e+01
1.082467052518914091e-01,1.547443281476248433e-01,8.800875254809888304e+00
6.642940547799086604e-02,1.385582751984104632e-01,1.136057340103914370e+01
8.561621709266499514e-02,1.370518814502976745e-01,4.637327874281333528e+00
9.642443857016616549e-02,1.323127449888042151e-01,5.727360300451212360e+00
9.149667504387630490e-02,1.726319082675950578e-01,3.492849115756263956e+01
8.662195594568541934e-02,1.746112080252560372e-01,2.204334200455431159e+01
9.946966284586082618e-02,1.559220144851809209e-01,2.332109986800122314e+01
9.173138838920943949e-02,1.604082424614777236e-01,2.272585335710575549e+01
9.698765452398029618e-02,1.716672061858301179e-01,1.565282267431263463e+01
9.698765452398029618e-02,1.716672061858301179e-01,1.565282267431263463e+01
8.842066985309178506e-02,1.398190760072160199e-01,5.394333285402632683e+00
9.994012854828242254e-02,1.444934613533906120e-01,8.948670504365434653e+00
9.561797015031107960e-02,1.559457172592112750e-01,1.303674419664651474e+01
1.025577568163504316e-01,1.448387359087536796e-01,8.450207930896626252e+00
1.008186237416157371e-01,1.712721791908251023e-01,3.145299887221398549e+01
8.231876713932333167e-02,1.609390722455628919e-01,2.321840358388822168e+01
9.659647395309886586e-02,1.589075902930940365e-01,1.522078813066384484e+01
9.385707113578377336e-02,1.434993037765029955e-01,4.302452660526557615e+00
9.075092881036959935e-02,1.325207992916226929e-01,7.395169477825543680e+00
8.370140331632623665e-02,1.407652595496512171e-01,7.498460105720248237e+00
8.751480045173359867e-02,1.575141937939206482e-01,2.203621663891603077e+01
7.959264609053449957e-02,1.474881931722701878e-01,1.154029550824220784e+01
8.229154798541489513e-02,1.487312509801630711e-01,1.535915181168215504e+01
9.907091325106021085e-02,1.575664143097216807e-01,1.297695465054598785e+01
1.174807781523857925e-01,1.440574983566969558e-01,1.125725255449686024e+01
1.187204169588506469e-01,1.642118546704016135e-01,1.143335605670423405e+01
7.848898765539957800e-02,1.486162855922213699e-01,9.323391237142953258e+00
9.492703302392276055e-02,1.666433533642125431e-01,1.525619673224524497e+01
9.628305655975975819e-02,1.489027180874263612e-01,1.659419577591130235e+01
8.243612175092113192e-02,1.555402868749658774e-01,1.273353704178328627e+01
1.020198003669146175e-01,1.556675027941563094e-01,1.344443860843376548e+01
1.044444588070811697e-01,1.432899696271602852e-01,2.928167453104791562e+01
1.022432496836005733e-01,1.559408738092042390e-01,1.052026084311670928e+01
9.581292250906917052e-02,1.665262873481371531e-01,8.971037686156739355e+00
8.751813115466595960e-02,1.532323050945131049e-01,2.256627765692549659e+01
8.567184289723808743e-02,1.428445626186130024e-01,1.242713553224982448e+01
1.019787891728447388e-01,1.648025251863682872e-01,9.103668128920812563e+00
8.935914443342657387e-02,1.472064638744683962e-01,2.768703396972200892e+01
9.288541488340373853e-02,1.742088162166888221e-01,3.967594639298776826e+01
8.830691880603264154e-02,1.668445243831432612e-01,2.333531691854373591e+01
9.639847355296173037e-02,1.532058592126777641e-01,1.674305689424041077e+01
9.732422770866802630e-02,1.523014826732135008e-01,1.788750800261247420e+01
1.014132830930109669e-01,1.581271139388312763e-01,1.238959287332921377e+01
9.093719825175593241e-02,1.643335411126541634e-01,3.331189139704870428e+01
1.053975548671320095e-01,1.492363205362272072e-01,6.667673646133718712e+00
1.072127711600227851e-01,1.537405896522585080e-01,1.412640211322027994e+01
8.657744367000293206e-02,1.512109908993364282e-01,9.858919746951407603e+00
8.845584988691133910e-02,1.634825336861938927e-01,2.563692475840362306e+01
1.172115597151285327e-01,1.497023184656459949e-01,8.043320752363847248e+00
9.891630146306078231e-02,1.463866170906965303e-01,9.032995997329049231e+00
9.334206103461828441e-02,1.428394996054260513e-01,1.122751015274547548e+01
9.285007355136300211e-02,1.571024202944982795e-01,1.332585988031768842e+01
9.062799310860669699e-02,1.479985725367708449e-01,1.213499435052626119e+01
9.800716094900224773e-02,1.456374152078404594e-01,6.271153774079806453e+00
9.389573337925684327e-02,1.473973437772924944e-01,1.424283595522299883e+01
8.061441384758777362e-02,1.635752663443058308e-01,1.315557574798974727e+01
8.477783095371947686e-02,1.621019377077969059e-01,2.487730406733952648e+01
1.007310157550583563e-01,1.659653191046561727e-01,1.081794462357738951e+01
8.753311278906167336e-02,1.548348513109930880e-01,9.076109895817641160e+00
7.901030091816328704e-02,1.659287541300243363e-01,2.063766149994511423e+01
8.703346412936827092e-02,1.692528741774960988e-01,9.647667835530237213e+00
8.135868783193032916e-02,1.517531993926937717e-01,3.926300108681626710e+01
9.475055260433427884e-02,1.785784260043895288e-01,1.753286084663828248e+01
8.903183859464815220e-02,1.634088837367727864e-01,2.810115016493414331e+01
9.443498101789289667e-02,1.497221695490519033e-01,8.608849829971182643e+00
9.443498101789289667e-02,1.497221695490519033e-01,8.608849829971182643e+00
9.776484879572634734e-02,1.437712444243372245e-01,1.585133433844620754e+01
9.400097073674658354e-02,1.648932580787532964e-01,2.799710631690879836e+01
9.857840263815867421e-02,1.672083177063103387e-01,1.873941763016674500e+01
9.730420068385604859e-02,1.632091482546338401e-01,1.022655047533781136e+01
8.106913502036937336e-02,1.411864665155506127e-01,7.204888195745796864e+00
9.633868799182973564e-02,1.399269149197295836e-01,9.321525519700259110e+00
7.846038808999908354e-02,1.473524444712540904e-01,9.111987228778623660e+00
7.448143771524143308e-02,1.476172700227240675e-01,8.448637431646879747e+00
9.242530361485661039e-02,1.682198382691233174e-01,1.816813083762983538e+01
1.026048744149235664e-01,1.541445054810186566e-01,2.546357615157572951e+01
1.178665193126600258e-01,1.549359730934730117e-01,9.985822113197144745e+00
8.167912677614977413e-02,1.739165749096473479e-01,4.714661243973242932e+01
8.053330214812776111e-02,1.557293150985162578e-01,8.803839490123902323e+00
1.016145416414216684e-01,1.738383479119642028e-01,7.146388069043320002e+01
1.098687415603023521e-01,1.555603643868719022e-01,7.491092011576193421e+00
1.194759466506369328e-01,1.391292037933000436e-01,1.166980152587711395e+01
1.139112723703027269e-01,1.561636179549656944e-01,1.567724469803174081e+01
1.164494600728657042e-01,1.422897514019897114e-01,1.212677528269402139e+01
9.399679434571192593e-02,1.496327106240947225e-01,7.536401103425940384e+00
1.013254939764913626e-01,1.584994489491231562e-01,2.039264933261768320e+01
1.013740358008301673e-01,1.540735806668933616e-01,1.745285896949453530e+01
9.645437633468978422e-02,1.537722917767309627e-01,2.349818641864635538e+01
7.538797788536291677e-02,1.609777348241321071e-01,7.262487962848271472e+00
7.358154331076653676e-02,1.412946340078917173e-01,1.112922352468573273e+01
9.345765498022204354e-02,1.695078572395223304e-01,2.032199406762321203e+01
1.034436052050485416e-01,1.435825780155843279e-01,7.716627457099355603e+00
1.041739461163823516e-01,1.439053029410038709e-01,2.226083645770417974e+01
1.165503693423940168e-01,1.658647931233733219e-01,2.157320254070018706e+01
9.526357275700919613e-02,1.608147570842077267e-01,2.519032096196296422e+01
8.871187045529251025e-02,1.528158840946698127e-01,1.119037933343433266e+01
1.040856237091713071e-01,1.517443942734471585e-01,1.672508677619488182e+01
1.040856237091713071e-01,1.517443942734471585e-01,1.672508677619488182e+01
6.778455123834367657e-02,1.590527866101994758e-01,1.308257593877786640e+01
7.776634539273696856e-02,1.555297946771285189e-01,2.445001095691991111e+01
7.730967447621527044e-02,1.710908025313886138e-01,1.616559614459262306e+01
9.074013207707466722e-02,1.608951590369481488e-01,5.458356260607849464e+01
9.966383877394710544e-02,1.689050441065789443e-01,1.758840608333761679e+01
9.324144061106159898e-02,1.714621046434816887e-01,2.903355807703783853e+01
1.013924533862146649e-01,1.546809331116435760e-01,1.659965825164442776e+01
1.107898116506240288e-01,1.666628831664253296e-01,1.909837362054948784e+01
1.095364749757399836e-01,1.647257530679605009e-01,1.994626162118958135e+01
8.430565393971875543e-02,1.582484130142119694e-01,1.140818174029432974e+01
9.083577300139270005e-02,1.472634715320399190e-01,1.166337792396326023e+01
9.753704891530536047e-02,1.671202129783984081e-01,2.936100335776929882e+01
9.006667607670851283e-02,1.515684471954123480e-01,4.001923551719071526e+01
1.131253598698944013e-01,1.709896330038772339e-01,9.122610924015756240e+00
1.053412637029520760e-01,1.491893593234879800e-01,3.012036295026916477e+01
8.634643449173559637e-02,1.816670965286137085e-01,1.747420388107139644e+01
9.391543494579443485e-02,1.428437939858449579e-01,2.105383401018969280e+01
9.893429116523053124e-02,1.902100877109905164e-01,4.747885080405134772e+01
8.412094983824563998e-02,1.666306962264319791e-01,1.816774471231404320e+01
9.884663286977309060e-02,1.535259249001842408e-01,5.237552793510666049e+01
1.046745867864495999e-01,1.773968914650355944e-01,3.962483934074719372e+01
9.406743598434749720e-02,1.548104847001825213e-01,1.572185973549496296e+01
1.048508523980866969e-01,1.618549581131523696e-01,2.830525518572462573e+01
9.392827346974332026e-02,1.498168837143064591e-01,2.444860562479679800e+01
9.284305540686396685e-02,1.560576260090841549e-01,1.222541012654642678e+01
1.065802030554525437e-01,1.488428092827908111e-01,6.068229832647776156e+00
1.096951297219503629e-01,1.434352248411211728e-01,9.922621898473661162e+00
8.291795003590891888e-02,1.457479907365544225e-01,8.911580821474991865e+00
1.032205250362164262e-01,1.526753930273454241e-01,1.295647775880592079e+01
8.709123511743076251e-02,1.627174782065786418e-01,4.687546931300016695e+01
8.922552759165636171e-02,1.509291441477897400e-01,3.327440284767012457e+01
8.415030300841926103e-02,1.316952788011607201e-01,1.423050866488598487e+01
8.240010154613217064e-02,1.437335979152023768e-01,1.002916789368443773e+01
9.978600897992845331e-02,1.692815604643319316e-01,3.791774929748044798e+01
1.074715893720486204e-01,1.625679848988366150e-01,1.678087150891954238e+01
1.051145591666804435e-01,1.428139610523448122e-01,6.828185415162359106e+00
8.865016017898454115e-02,1.476846964842780940e-01,1.202886150109983276e+01
1.077272520530950378e-01,1.617853496629762799e-01,1.598998646251089895e+01
8.571970573342391209e-02,1.514151650667345250e-01,1.528372387183248371e+01
8.899049840692795088e-02,1.708690755008358264e-01,1.730566611492210427e+01
7.540533993771696142e-02,1.599256351037673107e-01,1.718761544097376515e+01
8.807315795112463652e-02,1.575239651684982867e-01,1.479778216236191035e+01
8.807315795112463652e-02,1.575239651684982867e-01,1.479778216236191035e+01
9.159727577534984566e-02,1.616117184426989761e-01,1.023489142061552926e+01
9.181162756158087190e-02,1.678283765246481596e-01,3.346553102673402691e+01
8.735983621743352578e-02,1.614559493106702548e-01,2.916297615446157465e+01
1.007777418876707048e-01,1.699821423997836811e-01,2.390005519539509748e+01
7.606286819087923479e-02,1.681931051001430144e-01,1.090080267188611529e+01
1.021577800320337404e-01,1.532384546638700940e-01,1.560450097424196336e+01
9.802487251460099971e-02,1.600619644540586528e-01,8.144372115321708350e+00
1.109004977587951385e-01,1.524088493242044540e-01,1.108809755940995245e+01
1.280476755708452041e-01,1.618741630808899212e-01,1.291058711031937634e+01
1.163574727983654467e-01,1.645892903134899554e-01,8.514633013280406004e+00
1.182311112382405244e-01,1.409076008751826425e-01,1.330519561553853336e+01
1.193271842935028637e-01,1.581378443045694804e-01,9.875079445695108760e+00
1.154395522448864037e-01,1.475573479785492470e-01,9.720404201260066657e+00
1.008303371757640482e-01,1.584388855088772474e-01,1.701923089059651772e+01
8.680792303472673055e-02,1.524877392146034849e-01,1.604520256250862786e+01
9.831483811447497279e-02,1.678242223261967314e-01,1.682148619953167668e+01
8.578470494816800573e-02,1.651174261929856946e-01,9.326921903232239686e+00
8.578470494816800573e-02,1.651174261929856946e-01,9.326921903232239686e+00
1.013715535139294577e-01,1.658858409757662800e-01,3.585010299543810675e+01
1.068525017784739684e-01,1.772963955937037206e-01,1.619576929352508898e+01
8.077772722088469304e-02,1.406976056246845297e-01,1.234899063684074783e+01
8.500471637193952879e-02,1.445330857771429944e-01,2.648754883383448799e+01
8.889084185338733124e-02,1.686902093625501919e-01,9.578339581660213042e+00
9.065239645970638027e-02,1.588669429300636204e-01,2.339153711869432684e+01
9.720088330190544690e-02,1.422172142780406823e-01,6.944329214059052902e+00
9.862689468283039607e-02,1.377198250508742949e-01,5.768741040864715508e+00
1.055702351454709392e-01,1.371436137929761545e-01,6.368692364143078599e+00
8.726303055273081088e-02,1.463333646534173693e-01,8.058359843364634401e+00
9.537565479608647867e-02,1.639294146775204797e-01,9.661555829828550657e+00
8.711450315934497757e-02,1.545454796890678995e-01,1.228180222623315920e+01
1.150469601446703904e-01,1.442578892411408575e-01,9.860568833434491864e+00
1.070351254788687451e-01,1.475493622106030522e-01,8.370469875765449430e+00
1.005175589563923194e-01,1.446787730762545132e-01,5.925458785675269624e+00
1.103291820492498104e-01,1.295487319689967443e-01,7.667547973425288710e+00
9.413479696744876668e-02,1.523230413191948851e-01,9.233470218655133621e+00
1.021160509459433513e-01,1.496172591942639962e-01,1.560102378286579672e+01
9.501617143756253825e-02,1.544497065546122927e-01,1.582204901146434928e+01
7.771583749105992478e-02,1.660332643147201803e-01,4.761306451736390244e+01
9.626613153732839490e-02,1.488357441576407814e-01,2.366847507517006477e+01
9.638982541884176525e-02,1.531476977417898788e-01,2.445196456297674814e+01
1.051012573139039202e-01,1.635946403044666320e-01,2.989762311591897870e+01
9.232498629950197655e-02,1.437445408662496038e-01,1.093810146292971375e+01
9.348835110090279732e-02,1.427948157995499734e-01,1.335490996424035615e+01
9.602939030476417837e-02,1.550751276222437358e-01,1.506253666917642953e+01
9.544253126321393388e-02,1.502955888839559995e-01,1.922886300445503238e+01
1.050263360379630195e-01,1.394896384903040742e-01,6.342782550865560864e+00
1.066527000397226310e-01,1.229518835731606835e-01,3.515632629801144660e+00
1.087333150436630147e-01,1.229995651748049951e-01,3.410679474480443840e+00
1.153476971476826429e-01,1.433729418105658404e-01,1.003017284376713114e+01
1.118679252590619455e-01,1.457070075712142976e-01,1.017008292583874685e+01
9.460349350058684659e-02,1.545297095989778546e-01,1.247086435206242960e+01
9.527514537770753744e-02,1.532739833873466573e-01,1.723750527290371437e+01
9.682779446939641932e-02,1.560624625827886358e-01,2.129886905043976242e+01
9.272927818733540939e-02,1.568664719009244535e-01,2.786856184451180951e+01
7.993204302651767124e-02,1.612836228633560687e-01,5.279975614483707602e+01
8.068196250594253383e-02,1.634118640074042061e-01,1.324241255141133422e+01
1.164256556009602428e-01,1.710147198932034096e-01,5.407807212226395421e+01
1.062990906234718008e-01,1.458178056324823946e-01,1.252956596200467310e+01
9.282057950189227802e-02,1.437072256464843878e-01,9.004391505383106065e+00
9.126226893803636442e-02,1.619287145985920662e-01,2.814378494323779378e+01
8.353919651276602021e-02,1.550406326742521101e-01,8.989960992472930457e+00
9.767683183207208353e-02,1.551281305573406488e-01,2.773747862489941696e+01
8.418093839049108074e-02,1.661500757797880479e-01,1.462247474065911845e+01
9.047353743804234516e-02,1.487024720856395810e-01,1.449966193955622451e+01
8.750872825502596652e-02,1.491149412024962984e-01,7.192597253269892299e+00
8.874201231651118738e-02,1.476646540523150197e-01,8.346324256311577372e+00
8.947005978644310964e-02,1.709580820704604542e-01,2.225177085818880585e+01
8.225526087359458227e-02,1.432156695655634471e-01,2.810099974790702859e+01
6.906915437779598266e-02,1.477962370205670728e-01,1.711063914560792654e+01
1.002028389563476840e-01,1.533029061749773825e-01,6.935780974269509791e+00
1.063103423953216248e-01,1.567504491247453113e-01,9.999072738481078915e+00
9.525909050954504964e-02,1.698281676225274761e-01,2.661049809591034432e+01
1.047689172036760930e-01,1.554483111636128234e-01,1.586777975140516794e+01
8.666295631713132053e-02,1.520001646941615547e-01,1.508245618295438284e+01
9.991664559330255824e-02,1.589727006508648011e-01,1.738858583230171462e+01
9.542515031989001750e-02,1.530911846191417014e-01,1.338664570380464269e+01
1.041252623735204469e-01,1.666894012053027896e-01,1.326905093286247173e+01
8.422055075264393842e-02,1.519583056727867310e-01,2.992976587445313186e+01
8.549489682837559112e-02,1.628220173706202423e-01,3.040713140754287025e+01
8.227408937972503777e-02,1.567779128382380260e-01,1.041052003980587415e+01
7.186163140017048923e-02,1.376790613079343917e-01,1.340067761288950088e+01
6.420724841467641275e-02,1.404706176995101641e-01,1.349743132525600764e+01
7.177287782122014625e-02,1.604429578075514673e-01,1.052161097544250445e+01
9.370578549236757704e-02,1.433991855896898371e-01,1.083788332492167328e+01
1.070974886745098137e-01,1.504675616572687391e-01,1.670639862045523927e+01
9.595190303546813348e-02,1.318097503109923185e-01,4.633485808170049403e+00
9.338736206331034462e-02,1.215123897691785942e-01,6.052818003548145143e+00
9.151665989629641229e-02,1.444840092574473100e-01,6.290599769186704826e+00
9.317489001706741325e-02,1.684532563925056903e-01,5.439302462477993316e+00
8.974979501761584655e-02,1.653884484833772206e-01,6.759602805207564735e+00
8.661904499268281710e-02,1.543985034958842428e-01,1.733770318864168303e+01
9.748223827837668165e-02,1.485613974965426243e-01,8.428354427181790953e+00
9.292223858687941040e-02,1.416853565859511610e-01,6.398593331988979394e+00
1.037968671860309278e-01,1.339840893611790873e-01,9.072651189772646063e+00
1.028968000930379212e-01,1.356330690661210203e-01,9.523570087866232825e+00
9.872637534878925258e-02,1.369448635679881288e-01,5.129910277804313523e+00
1.018896162678453593e-01,1.361732993796119229e-01,4.975357282149404980e+00
8.551154847180036933e-02,1.385970053967205129e-01,6.543476759398079601e+00
8.495891882368118708e-02,1.605913364458338155e-01,1.280666170805509907e+01
1.020869780601750682e-01,1.509610082341754644e-01,1.103926705751956483e+01
1.325918378605837056e-01,1.559611176144587441e-01,8.540928296563539135e+00
1.157436867205184350e-01,1.696560744900357243e-01,1.288348233786809338e+01
1.139067491485891565e-01,1.637669776589909532e-01,2.306766707324536014e+01
1.074740133331492792e-01,1.663353353010887103e-01,1.393929068850770214e+01
1.102596005192474082e-01,1.515701106493343442e-01,6.785558019649220007e+00
9.963593288948129068e-02,1.428690790681772793e-01,2.234974847529802844e+01
1.000992930692804622e-01,1.406458003856800310e-01,2.149531014626586867e+01
9.316657388149605923e-02,1.546390331728168532e-01,1.058894758249580548e+01
9.581922495106418025e-02,1.465157132118498629e-01,1.016887452508356660e+01
1.007931209579880083e-01,1.525038444018764205e-01,1.018384526026991743e+01
8.334597600679743978e-02,1.570775403357771993e-01,1.523834671150304843e+01
1.023108285451998778e-01,1.618265750235164668e-01,1.638996709960679254e+01
8.882913735331543492e-02,1.480499649309093835e-01,6.954956258395331936e+00
9.768065904423302304e-02,1.572131933718970420e-01,1.629610292367292601e+01
1.109070440579311562e-01,1.572406029653933834e-01,2.682897341011749148e+01
1.155873416362160483e-01,1.341885584073108095e-01,3.019235671369361995e+01
6.244547475450631241e-02,1.643477791789323406e-01,1.134306958373940333e+01
7.252883767309242780e-02,1.427754190549910263e-01,2.976526793954347738e+01
1.222029307840288431e-01,1.785948020053357566e-01,1.193803061791000708e+01
1.155743926592170401e-01,1.734415709028430119e-01,8.907263995059679473e+00
1.051240756572282137e-01,1.572723033247739877e-01,3.347039666188447882e+01
8.438561056876506261e-02,1.533299003207617417e-01,5.226823725663197528e+00
1.148333665429518285e-01,1.445630316936941107e-01,8.298417493516947019e+00
1.118294557798163169e-01,1.454753289790386150e-01,1.794853752325235519e+01
1.013375451287528567e-01,1.650330916730546327e-01,1.023845475763865309e+01
1.006038927476598788e-01,1.611561469714942740e-01,8.165764414023973572e+00
8.733471311931215175e-02,1.525516845423029733e-01,7.294226640852541799e+00
7.682126748113252135e-02,1.651704688012786415e-01,4.347714633466994627e+01
7.682126748113252135e-02,1.651704688012786415e-01,4.347714633466994627e+01
9.337019926677250781e-02,1.678393718320927708e-01,2.789018232309472012e+01
9.961555491036440391e-02,1.754806571088600997e-01,3.510325102657252927e+01
1.103541141570872075e-01,1.556803409494843526e-01,2.905079900405121052e+01
1.125345924374283740e-01,1.666591400635558662e-01,1.649796300591269826e+01
7.858388456186729543e-02,1.566390074016371370e-01,1.875371258583383494e+01
8.466606110730905133e-02,1.584477426702981806e-01,1.659116471877801757e+01
9.135194897926697533e-02,1.386250028603983608e-01,3.743452058332065846e+00
1.041560787897722329e-01,1.417930827564515273e-01,2.874935513941507637e+01
1.113664096505952994e-01,1.817316380171917489e-01,9.967426831762235651e+00
8.727761921149566893e-02,1.488040084389115891e-01,4.437713671037772656e+01
8.273848630984999286e-02,1.520052231410943255e-01,4.623100737898729307e+01
7.114486877395671816e-02,1.587758948244711865e-01,3.416929805836113587e+01
7.989723237082083096e-02,1.737703214351242753e-01,1.201599691275206538e+01
1.130099191077289789e-01,1.342993710188937206e-01,6.416187401830664605e+00
1.142950902956984399e-01,1.254699232629268024e-01,8.040569558198917832e+00
9.930293760286681981e-02,1.859554408713622320e-01,1.959150799927087760e+01
8.239927954431613966e-02,1.688840345280888111e-01,1.670154034613601368e+01
9.644844290877362114e-02,1.607930503908693298e-01,3.107309229405414186e+01
1.186533066906761413e-01,1.711248318096318111e-01,4.584530901050356988e+01
7.067346374871319448e-02,1.405429358473390677e-01,1.083151176975658991e+01
1.058353619996985073e-01,1.395637654142295458e-01,8.420358151540993319e+00
1.143365125290380091e-01,1.431399262756375412e-01,6.067675356651338170e+00
9.194657175352363709e-02,1.746457921806934543e-01,4.620328016364911150e+01
8.907264039681210555e-02,1.426846990161607098e-01,1.675310545131306128e+01
8.290261735284137901e-02,1.605240725276190217e-01,1.062950026110551427e+01
9.052514480592599444e-02,1.666263209355819397e-01,3.468785872151127592e+01
9.003558247677601045e-02,1.588697676406923831e-01,3.464699417716852992e+01
8.301904421341942120e-02,1.745054375780616396e-01,2.322043640761618732e+01
8.336622385472779173e-02,1.510091315073887608e-01,1.851537978057468692e+01
9.236599526776140268e-02,1.434353533005873205e-01,1.444208633466113412e+01
1.014118872205376498e-01,1.496671516338821950e-01,7.934990449267141699e+00
1.130535587428879024e-01,1.496066379225680920e-01,1.060166602998565288e+01
9.356632823190327852e-02,1.541594698586389867e-01,1.309456057091971992e+01
9.922813076234392182e-02,1.579522023328993607e-01,7.722542131242077446e+00
7.885200483470479471e-02,1.733150344793441544e-01,1.266813606256886793e+01
7.494381470797795153e-02,1.693310466511101786e-01,6.423281221762984217e+01
7.883334993863472251e-02,1.579462616457829316e-01,9.599503636895793335e+00
8.250317122659853175e-02,1.484462537093519108e-01,1.374685148829934711e+01
8.475708568136021415e-02,1.536293946429862778e-01,7.304170571203433937e+00
9.209258870591481572e-02,1.437862085025556902e-01,1.112999392442504210e+01
1.047819383899174506e-01,1.459125605831402828e-01,5.344204848681606279e+00
1.104674528317506760e-01,1.320875108725609870e-01,7.719997160548447646e+00
9.096726065930242633e-02,1.337022817729181523e-01,5.428754723022551687e+00
9.795018119031298487e-02,1.622041490861490243e-01,1.697012686494628042e+01
7.460194602996340907e-02,1.425079259448422953e-01,9.400579322510068891e+00
9.918188195454809286e-02,1.794147855495621391e-01,4.674372605185254770e+01
1.016069632797287625e-01,1.389717967015036970e-01,5.351018438809788336e+00
8.294500496913642662e-02,1.495880858084187859e-01,1.759603525780348576e+01
8.068725028970247237e-02,1.468155625756343008e-01,5.965317584157771691e+00
9.267826536039072693e-02,1.541730147046254384e-01,5.388098062556636592e+00
8.034010196774704626e-02,1.419842345168904063e-01,7.482620814172078916e+00
9.253348324415092141e-02,1.447723331756157750e-01,9.392536066434315600e+00
9.287290955070581777e-02,1.672334670706895621e-01,1.793100273521068289e+01
1.076337900445609730e-01,1.535787302007632360e-01,1.107416809223839138e+01
1.193815549731702397e-01,1.526134249588909086e-01,1.871327737971260419e+01
1.033954146249718570e-01,1.536357374803770381e-01,9.232208885701087553e+00
8.441349783213641933e-02,1.564344734513608837e-01,3.796623888068597097e+01
9.095923450876280958e-02,1.691222332763550884e-01,1.794302773435454768e+01
8.762553680727401539e-02,1.656446210754760340e-01,1.402840356475763350e+01
7.695124066228579973e-02,1.677718320501719040e-01,3.622064159010746209e+01
9.441970175860438241e-02,1.405753339210596697e-01,1.363219341964054365e+01
1.041572854390164921e-01,1.436268988193562801e-01,7.353618229992295419e+00
9.229972413853505808e-02,1.339280341768903648e-01,5.132026640523076111e+00
8.520699342281772004e-02,1.691954689686422930e-01,1.929104679550032486e+01
1.063887059707645660e-01,1.490502666406464949e-01,1.278685594738348996e+01
9.066747569025922215e-02,1.613557034175698846e-01,2.854576604780402249e+01
1.056170248676524259e-01,1.509472963430189829e-01,1.287955533384707785e+01
9.095214568632069285e-02,1.732755520667423610e-01,2.496224873223166441e+01
9.205044064395682957e-02,1.560068781937181126e-01,1.142124605558452011e+01
9.739478852218784455e-02,1.482805480124738118e-01,1.558027121600660614e+01
9.972978137984976621e-02,1.506394667123287789e-01,2.131616794123463166e+01
1.059238692855640207e-01,1.636356524418888514e-01,1.191172626247242228e+01
1.110744869478864361e-01,1.470804106520084142e-01,1.158524475612787086e+01
1.044146611575441641e-01,1.634675342731133074e-01,1.047988253975050910e+01
9.594288925468817675e-02,1.572978161168525624e-01,9.690805932806775047e+00
1.119523248175710306e-01,1.672406096683883847e-01,4.532538567547954500e+01
1.138567186159095690e-01,1.538191082379021246e-01,8.030927439167719228e+00
1.006360583199757824e-01,1.433232525353153042e-01,7.603611052242308155e+00
8.814902192013854276e-02,1.471975554874973835e-01,1.453366195812031236e+01
9.608367684739439751e-02,1.437958789894616951e-01,1.080523923003155851e+01
1.027396009111250647e-01,1.585817434378072044e-01,1.152458924861663903e+01
1.032465016646024331e-01,1.450321990171817288e-01,8.495035112869272709e+00
1.032465016646024331e-01,1.450321990171817288e-01,8.495035112869272709e+00
9.509461069640165465e-02,1.722646243533378085e-01,2.120364776086528025e+01
1.173510253677346460e-01,1.587424029031117290e-01,1.807883993407117273e+01
7.862545363571750434e-02,1.446351426741696033e-01,1.048988438721636207e+01
8.474201169131734268e-02,1.529334830224823305e-01,1.518540832422389997e+01
9.583940908687205162e-02,1.677953722975377981e-01,2.325658866902415767e+01
9.539745361581476735e-02,1.490162739565608074e-01,1.910716289019003611e+01
8.448002156062084378e-02,1.660666247470392320e-01,9.400345733640495638e+00
8.448002156062084378e-02,1.660666247470392320e-01,9.400345733640495638e+00
1.037594300188216245e-01,1.819751897619683034e-01,1.129338418580137393e+01
7.166934383989111146e-02,1.475583651864719736e-01,4.702374492417010998e+01
8.832464636716798323e-02,1.578545351542607056e-01,3.598585267542808452e+01
8.902956268933759354e-02,1.794844244977602254e-01,4.048542811786150253e+01
8.825726102838275799e-02,1.655353867676548629e-01,3.727700760728009044e+01
9.804170482400278996e-02,1.620046555897072527e-01,1.489124395485270647e+01
1.078375003496501033e-01,1.501682879021575823e-01,1.252294333848614194e+01
1.034343146996494212e-01,1.539781748302700148e-01,9.993804074022190065e+00
9.008158129459206687e-02,1.621456385498365460e-01,2.881837480842370880e+01
9.739597315275123901e-02,1.544086529412724007e-01,9.202402692829231512e+00
9.954823351725750058e-02,1.665651188850263142e-01,8.249490423350447799e+00
9.565423032431732975e-02,1.634710080683625943e-01,7.700784498585524496e+00
1.132425463631573925e-01,1.512946532225057372e-01,1.480983719508239993e+01
9.809988874087205435e-02,1.506412015247998448e-01,1.117308277703370045e+01
8.266152344500425631e-02,1.696146073835963775e-01,3.223886136840761196e+01
9.783667486891729770e-02,1.398372825692064669e-01,7.340133941917814653e+00
9.879747246233445968e-02,1.725599055286086425e-01,1.101275145520981980e+01
8.317650463385044268e-02,1.469420063620607564e-01,2.256290825785704257e+01
7.943727625531057934e-02,1.709973519551045706e-01,1.711407704102331451e+01
6.422413317534361732e-02,1.658643697529670336e-01,2.747485923890581816e+01
9.356827764446323803e-02,1.310540884081178581e-01,1.055025549136748175e+01
1.234847588029922560e-01,1.883796966543267726e-01,1.387415836052102058e+01
8.120014408240386339e-02,1.395521283629265752e-01,1.267705753011032144e+01
1.132825224464680675e-01,1.492798845586183476e-01,5.712972022076797884e+00
1.160149222839395727e-01,1.546455145375278950e-01,9.529393708464665380e+00
7.851910457015139067e-02,1.501541149659643137e-01,1.646698678036462837e+01
1.091307734894730597e-01,1.581339900021098699e-01,2.032586303626852597e+01
1.188832689105363549e-01,1.641890750621015915e-01,1.412894208516127570e+01
1.143948477433050087e-01,1.438584160277212032e-01,1.514629143808068434e+01
1.005290398194740725e-01,1.628590089266173102e-01,1.389789378269566456e+01
8.589616077364779778e-02,1.587144886598693405e-01,1.098524747625955733e+01
8.679774807766740818e-02,1.558996457023212323e-01,1.235380605672282783e+01
8.385950748763666696e-02,1.493813194565872249e-01,1.904185784250624636e+01
1.103520959877775515e-01,1.645771493390723594e-01,1.051301678009295948e+01
1.078210744060492665e-01,1.589744025724624810e-01,1.819284444832081959e+01
9.596298818969688227e-02,1.616068316514411574e-01,1.856156393581892061e+01
8.804582307509997707e-02,1.451041342467292994e-01,1.627714590146952389e+01
9.480649237079799563e-02,1.462167920591447290e-01,6.652920863586164302e+00
1.143251809690315479e-01,1.439905532183523018e-01,8.837738541722831798e+00
1.143251809690315479e-01,1.439905532183523018e-01,8.837738541722831798e+00
6.800470152281436198e-02,1.618347651454295211e-01,2.777091465340586751e+01
9.186899018653288396e-02,1.729899201820088439e-01,2.257516780636255760e+01
8.561657566306900280e-02,1.578464953818696781e-01,2.988272851677083608e+01
1.191411836557970533e-01,1.640172014044862514e-01,1.269244270714246170e+01
8.175138478913501761e-02,1.467203018982858320e-01,1.394019477647116645e+01
9.321837275552499746e-02,1.479577687412541309e-01,9.075919719568197763e+00
8.931042898045746248e-02,1.608184052924137020e-01,1.656777533338286901e+01
9.768523079038470003e-02,1.731936715612885924e-01,1.261052107670421840e+01
1.150258140081410890e-01,1.407514053044332802e-01,1.079813352931031112e+01
1.073164872675418241e-01,1.518452610509037071e-01,1.114046109839233267e+01
9.090829356842185238e-02,1.751534558485521587e-01,4.757222961336758971e+01
1.147001489040401362e-01,1.391826354974188829e-01,7.641384403733539443e+00
8.479168508964909923e-02,1.699724458948589367e-01,3.233604843219644920e+01
5.995889865589442563e-02,1.634821883167043854e-01,1.904327057648483645e+01
7.161304245351678144e-02,1.603858543416243898e-01,3.794811238347581650e+01
7.538448580831506873e-02,1.620842415842740913e-01,3.876594959162576259e+01
9.297715991268612479e-02,1.729924045120521947e-01,3.949579837629177348e+01
8.302039556137520704e-02,1.581638135313766236e-01,7.871868661458202077e+00
9.662516172754784249e-02,1.608392874730161792e-01,1.988546295248118057e+01
1.006029169363656384e-01,1.683224293052185960e-01,1.615344407051249931e+01
1.010702094682030538e-01,1.752719634677341320e-01,9.210448765041604702e+00
9.712175834679109832e-02,1.781224375492441447e-01,1.363806161299617692e+01
8.373810913177964776e-02,1.542928521452438806e-01,2.006637032025797041e+01
8.617396769477714269e-02,1.790055376950442367e-01,3.775271647105584094e+01
9.808519345241903387e-02,1.505983505291494107e-01,6.571117513957744904e+00
9.442504599351603245e-02,1.560303374117429642e-01,9.919422047688200905e+00
8.898107240352966241e-02,1.693291343795348958e-01,1.345570390367074154e+01
1.107071408744997321e-01,1.601315062531918632e-01,8.190233449319542558e+00
1.187587768963418444e-01,1.452696695018152739e-01,1.652248384246168911e+01
1.079134482362652248e-01,1.910544411072000459e-01,1.802298775016644328e+01
7.606634632067374446e-02,1.439549830691344845e-01,3.760641562979698449e+01
8.468454978172564040e-02,1.656566819767413545e-01,4.190352252107359021e+01
1.043366914956835173e-01,1.541575356672666430e-01,3.424833823978291036e+01
8.434698930271984640e-02,1.586949189579791586e-01,2.528853841976124528e+01
9.547477181445648831e-02,1.468906410717006894e-01,1.496024606037315685e+01
9.292961723999483559e-02,1.517256195518622008e-01,7.658162911647680815e+00
9.711778161978480706e-02,1.571961984688668434e-01,3.100969319680153546e+01
8.872493060960663647e-02,1.825057746966624317e-01,2.448570502334898435e+01
1.011559745420470557e-01,1.505602772152072888e-01,1.310930124071816749e+01
6.796502326868474053e-02,1.535372330304407285e-01,1.251629041580819646e+01
6.675493960187867115e-02,1.518003699892790936e-01,1.168681547318710123e+01
1.098269807344848803e-01,1.650016437642871925e-01,4.143276151618108116e+01
1.221819491270113994e-01,1.760504657997224720e-01,1.984739869777683907e+01
1.236281170385528788e-01,1.624372644386915532e-01,2.430954652418751394e+01
6.727232648112903279e-02,1.548695821824952745e-01,1.757789251710445200e+01
9.496269226275089181e-02,1.650037689238543215e-01,2.286850608188866829e+01
9.788453253696410838e-02,1.583520085337204175e-01,1.068428267942986132e+01
9.106328250955732229e-02,1.638698500885855391e-01,2.363020644207569632e+01
9.757929001093033905e-02,1.416552931067001642e-01,8.628249334510016411e+00
8.934096223586901475e-02,1.504916237793859080e-01,5.784244188562416511e+00
1.261651534165420252e-01,1.504516210005319710e-01,1.488106924543727239e+01
9.523513944744929627e-02,1.566523751965064604e-01,1.359226956936335995e+01
9.108070460608792829e-02,1.450724773169861093e-01,9.654948634687826825e+00
1.026318859601878658e-01,1.484894348169887024e-01,1.313922984713659581e+01
1.156203317532429470e-01,1.645967549447654721e-01,8.789466680027883783e+00
9.868568291186616270e-02,1.526931989434294756e-01,2.660462992555885364e+01
9.823569937651811801e-02,1.560823581498473889e-01,1.672503865680564417e+01
9.121124820884433937e-02,1.727245277418065217e-01,2.013123772097517516e+01
1.040099799301908434e-01,1.519321160060319309e-01,6.962315089407855595e+00
8.777642871766426491e-02,1.470375649860439504e-01,1.126916413544703843e+01
8.744953338946521992e-02,1.362052064560052567e-01,7.625396624384994659e+00
1.124716530895662620e-01,1.428005041222994431e-01,8.483533227847289027e+00
7.491564667983298398e-02,1.677849567396240693e-01,2.394873000600089696e+01
1.012202586156598916e-01,1.410137128375905380e-01,5.721623891350719582e+00
8.743186289176184400e-02,1.672688668247411525e-01,4.282708377987128046e+01
8.220102363138187540e-02,1.704414315671643476e-01,3.135894475544440141e+01
1.195671093091476844e-01,1.599956447001840421e-01,1.799886731165750930e+01
7.723677833110545454e-02,1.548755788280324619e-01,2.105367651809443430e+01
8.512326577796953953e-02,1.672099791475675223e-01,1.010553076005205320e+01
7.614713128953964905e-02,1.548998921233937787e-01,3.875861946595259866e+01
1.155506834619512285e-01,1.604135881596145674e-01,9.054142764393027676e+00
9.161324262488836079e-02,1.536593728514952517e-01,2.411587007517988823e+01
1.046734204048859196e-01,1.616771425881596003e-01,2.220605583612672618e+01
9.728737058320276188e-02,1.532176697594878345e-01,7.385327774344071727e+00
1.101259347386446680e-01,1.491354040844415918e-01,1.081599008852023758e+01
8.311359326405121095e-02,1.552087103455041528e-01,1.783638319935830907e+01
1.016386327208518986e-01,1.396403688220354822e-01,1.187645412661577460e+01
9.414508753914394013e-02,1.506555935353616482e-01,2.189514103008038504e+01
8.384118434829668232e-02,1.387217204235170753e-01,4.152181133403574975e+00
9.420185015402524065e-02,1.433494968924127755e-01,1.017028594165575583e+01
9.389387867069913518e-02,1.667145628466453755e-01,1.854704418608811523e+01
1.154602056700397145e-01,1.553374032980353037e-01,9.216471735502665297e+00
1.110886048377787844e-01,1.426110295457017341e-01,1.075418807108692931e+01
8.400517429798609603e-02,1.562961388791651307e-01,1.557364533998252121e+01
1.064095085258595919e-01,1.550152715377232648e-01,1.876719934139499912e+01
1.100139150198072568e-01,1.723208151161507162e-01,1.674592172985391869e+01
9.957033970901546516e-02,1.636199019666750021e-01,1.155356673156109437e+01
1.034695788032524294e-01,1.551791742297885524e-01,6.641760008517583636e+00
8.986871643186530867e-02,1.514967880476143780e-01,7.815222954360293350e+00
1.061088038698948938e-01,1.723663719887821855e-01,3.529293280775657848e+01
1.072960629805569666e-01,1.751581131510777101e-01,4.839044818589166397e+01
1.002024446542766067e-01,1.585867030958499901e-01,2.219844572533543214e+01
8.201892954808238934e-02,1.592363920055537008e-01,1.520729531054279526e+01
9.268512011757112923e-02,1.591137560374803195e-01,1.886542349140045616e+01
8.534983841544999117e-02,1.791797981768232517e-01,1.700482102557582209e+01
9.763889257621147233e-02,1.541020366070293413e-01,9.851030368012899885e+00
8.812163171069625767e-02,1.612876557117567666e-01,3.138923338010213371e+01
9.939020009922486243e-02,1.503411708358048660e-01,1.669177432944767503e+01
1.097787690103469577e-01,1.366512667078283172e-01,4.066400814718640788e+00
1.257063222408078829e-01,1.288469147132605408e-01,5.494062259350828370e+00
9.797049793107506788e-02,1.371732180946703128e-01,6.785515907990291140e+00
9.905303573429043162e-02,1.537850663002835738e-01,1.903986087801474270e+01
9.477239469334926281e-02,1.418088976110899457e-01,2.906316336620254503e+01
1.006477014436445577e-01,1.519910604068868965e-01,4.333729700770502902e+00
8.172230647077630139e-02,1.871533551539442675e-01,1.943171027623755975e+01
8.033914150945928312e-02,1.448476005399656763e-01,2.663269161982191946e+01
7.500078113777203237e-02,1.467494360174565748e-01,1.061248220252418761e+01
1.055671891434387943e-01,1.558545634540175473e-01,1.257886918978995716e+01
9.044870130217237680e-02,1.553966687270532943e-01,8.619014507925930602e+00
7.499897087025488018e-02,1.591870364224133583e-01,4.083244126396075302e+01
8.491857474911258807e-02,1.679189501298692933e-01,1.299155603637826673e+01
8.385422581159980571e-02,1.499664673121674507e-01,2.071176686540329825e+01
7.482644887499394215e-02,1.779197187622766629e-01,4.090471703611981980e+01
7.437022169005037819e-02,1.731167207473372494e-01,3.249913827224148122e+01
7.525160440482969726e-02,1.701823970787189610e-01,3.352127030687780973e+01
9.948150412860889968e-02,1.524557134986705420e-01,1.099033853133420280e+01
9.437236067178861321e-02,1.498727088327045098e-01,1.649079788335926366e+01
1.053914073878249869e-01,1.569821395183034762e-01,1.365039534805178079e+01
9.934657445127596798e-02,1.504224986983848378e-01,1.649146887574399400e+01
7.924639830581879651e-02,1.679770897842769173e-01,1.144804009433866909e+01
1.011700834765732193e-01,1.524029295461331590e-01,2.857323871802417159e+01
8.416913829749210485e-02,1.785591151578418412e-01,6.154520193320643706e+00
1.012759124261585902e-01,1.372765465049921585e-01,1.948809426109123066e+01
1.040118246358595483e-01,1.459688308209674268e-01,9.478106365443936809e+00
9.112085489010843253e-02,1.605590151804323351e-01,3.276142976691265574e+01
9.057452941821599046e-02,1.689592773386314195e-01,2.214874317749402266e+01
9.271111396084465162e-02,1.606685013893370539e-01,2.364295525919254359e+01
1.083774376548102547e-01,1.478541018362837245e-01,2.757755308618574830e+01
1.008687943356766370e-01,1.731540314489854460e-01,1.291254934676699051e+01
9.848363307600463412e-02,1.469862631529077757e-01,1.506129918321231465e+01
9.350352030919535651e-02,1.537314773820285529e-01,1.029850711064943702e+01
8.249892984486414949e-02,1.623926955932459559e-01,1.619708163132072798e+01
8.332136615817256620e-02,1.588732456968659223e-01,3.080968072807121771e+01
7.981183141055245289e-02,1.700183676366239793e-01,1.976436269709934024e+01
1.030685027442641288e-01,1.384092214800512755e-01,5.368670207253869897e+00
8.203006577333950278e-02,1.772796267644674295e-01,2.775134564852529451e+01
1.241209760987067173e-01,1.547680230550463609e-01,7.923619217617166477e+00
7.242914746519578395e-02,1.557949461718831641e-01,4.251333415500869251e+01
1.073432672004533822e-01,1.360423699060059610e-01,1.102469023862353481e+01
8.912039753470148151e-02,1.483491933465041490e-01,8.813305622599219902e+00
1.129571777914654268e-01,1.629246344590173645e-01,1.504147886710492621e+01
1.050513839134953192e-01,1.581286146246542179e-01,1.802681965258152630e+01
9.786596879637229907e-02,1.396853649890583970e-01,2.231339435220612444e+01
9.789176608673585966e-02,1.610793616700077480e-01,8.152178093879470566e+00
5.863414513830564334e-02,1.626552366293334551e-01,1.373229371193856885e+01
7.856172044199168092e-02,1.603784199203525940e-01,1.720575049045287841e+01
1.249548407879605832e-01,1.540752275305177221e-01,9.178443195416924993e+00
1.055168125490240777e-01,1.645806866826580450e-01,8.224710758310123992e+00
1.183261818837237495e-01,1.492032841284538502e-01,1.803362287070889991e+01
1.261110823314522122e-01,1.556632738124140436e-01,1.429101629888296721e+01
7.963776626355886790e-02,1.572903742339008537e-01,1.393805398968375897e+01
9.303653966168584644e-02,1.500617312123481983e-01,9.441140405357923981e+00
1.077437594327423087e-01,1.380889484455467553e-01,4.235017210305834112e+00
7.803471762038408088e-02,1.662417588019832471e-01,5.351259914339549084e+01
9.247470304841462485e-02,1.654234420684536910e-01,5.216441014325037884e+01
1.041555076084611925e-01,1.624432646457029394e-01,1.040096358159737733e+01
9.641068838303026856e-02,1.627723049482188988e-01,2.098474851126472984e+01
1.003260421495644067e-01,1.596445600661313691e-01,1.839071760738516659e+01
1.066176806636302127e-01,1.538290902363701196e-01,1.351843633993906124e+01
9.143830171443431687e-02,1.446762185760389618e-01,1.304701444941922084e+01
8.627783490661561361e-02,1.588137090616312808e-01,1.323514706140741737e+01
1.151550453979012650e-01,1.531931695849577668e-01,1.021410731698775720e+01
1.080205756042698084e-01,1.374041005404371685e-01,5.742298087041328714e+00
9.732696584298265730e-02,1.453694353141324058e-01,1.124569799883205512e+01
6.299764371496213711e-02,1.758434928717963197e-01,3.140160394923474030e+01
7.109890663123147325e-02,1.569018334944737303e-01,4.862756109032148544e+01
1.272242799943939795e-01,1.417686511884795053e-01,3.950612834425722752e+00
1.241074367602566231e-01,1.487023263426745512e-01,6.784782194905254471e+00
7.298767436602174308e-02,1.625208209252674008e-01,3.218669088448147875e+01
7.217924079287560413e-02,1.636902292291451122e-01,3.988333066770911017e+01
1.049764921378866650e-01,1.510789637028965848e-01,1.322552035248752489e+01
1.064310155011350678e-01,1.488455318258526672e-01,1.171910970917586248e+01
7.525697971961908816e-02,1.642932632313606756e-01,1.876852249820809604e+01
9.877392389777803205e-02,1.569604873382521026e-01,1.631132316425248518e+01
1.072044711255296379e-01,1.596723887209317849e-01,1.350869100688501057e+01
9.767196506515767040e-02,1.725005099249694307e-01,4.437398687780338946e+01
9.255380830803151826e-02,1.627927058659859594e-01,1.809820716558705200e+01
8.634374787239500193e-02,1.436048336834594708e-01,1.104571741055413270e+01
7.433670273082346180e-02,1.408659538673466549e-01,9.383984636448733596e+00
9.962614925363121043e-02,1.723340908558965989e-01,2.918078096999874305e+01
6.990747748448854215e-02,1.556262569639171034e-01,1.988010844906194663e+01
9.679310687087057385e-02,1.397914935346313559e-01,7.620563556977617559e+00
1.188663235777969590e-01,1.432333937486913178e-01,7.037844623667759869e+00
8.940523036249325983e-02,1.748358302530643171e-01,4.960756464117461917e+01
9.768192592670874030e-02,1.659069131308681111e-01,2.003371442033013849e+01
6.838676178739334921e-02,1.647246829128020673e-01,3.392493369636093803e+01
7.817848339211830311e-02,1.590399188920535167e-01,3.699219784519608822e+01
9.918888686085033934e-02,1.597489579898399292e-01,6.306245820945183489e+00
8.347461623413467147e-02,1.619405722532382130e-01,1.775718607835034391e+01
8.319272931949266148e-02,1.571794541790505484e-01,2.693097786827744144e+01
7.813184441849022055e-02,1.515361285110844447e-01,2.626075454807655163e+01
9.976123169597138352e-02,1.610412701310069972e-01,8.136938491787454097e+00
1.007586145268069555e-01,1.455950621584981286e-01,8.292941048210934696e+00
1.008196252526348952e-01,1.490502910431492634e-01,7.915829398807746387e+00
7.230896696754395003e-02,1.485884476668242749e-01,1.560417361527124491e+01
1.137631322325963062e-01,1.550922529625592405e-01,1.659461604197957030e+01
9.950129476046133681e-02,1.493175120391040667e-01,1.025356461288713206e+01
7.941536639757666716e-02,1.422572568367644619e-01,1.188168594636736408e+01
8.786308883913634959e-02,1.484278282834569085e-01,1.211478505120617122e+01
1.211221737219839167e-01,1.645932048685768700e-01,1.835336525654366824e+01
8.197104598761378869e-02,1.666115184245640368e-01,3.122766603292048870e+01
8.769221074641880831e-02,1.608815955349721660e-01,2.632922276429528097e+01
9.672001298099594524e-02,1.443525650803771376e-01,9.926146904646877545e+00
1.054811262676865202e-01,1.744213882205649935e-01,4.241435189403721040e+01
1.116192523024479022e-01,1.823556185081380565e-01,2.573239193326761765e+01
1.023195927264708427e-01,1.582787944961652205e-01,2.786575141852659243e+01
7.991044231292984690e-02,1.522330871296145305e-01,1.177909494193434981e+01
6.998764347307641354e-02,1.827867736581509917e-01,3.782866263719425604e+01
7.868813018063697262e-02,1.659841105554198115e-01,2.772090333219385627e+01
7.552884111803878642e-02,1.565881656496029839e-01,2.239827889501682989e+01
8.415017534321496406e-02,1.554227677868294799e-01,1.216607285019876095e+01
9.853799660383813497e-02,1.531883422580411769e-01,2.482978803878534890e+01
9.013243977847358590e-02,1.583204004666828590e-01,1.927750688391137146e+01
8.722759828045119346e-02,1.467147607127856912e-01,9.887994741871715121e+00
1.197975897623700520e-01,1.435355695833144540e-01,5.676548429676554264e+00
1.108407050104706915e-01,1.605971415118957468e-01,1.397092195836222395e+01
1.254517405318184287e-01,1.546528823322549373e-01,1.173642745435198975e+01
1.033225051955818929e-01,1.414450672080020399e-01,8.432113002865307294e+00
9.219466212037334685e-02,1.728840160746532018e-01,3.273360557755853506e+01
1.142642458504008474e-01,1.478959955263050852e-01,1.067363463799452816e+01
6.596452378995673604e-02,1.710554183020362995e-01,1.917029985186961838e+01
5.644954895148739799e-02,1.804191793729176541e-01,3.599520749607675896e+01
1.055559307941252578e-01,1.584012235008651903e-01,2.076758424646977730e+01
9.616091877575598523e-02,1.533761275554486048e-01,3.205966308079169380e+01
1.241686849215246635e-01,1.598138061428374390e-01,1.001757599856762404e+01
6.281745336542086944e-02,1.590392369462067246e-01,2.313457782004047658e+01
6.864245948170692724e-02,1.595748583941871135e-01,2.119084946701918426e+01
1.053188045845314946e-01,1.426716125406917168e-01,7.849304241877947952e+00
1.074250334914327865e-01,1.696560353909710439e-01,2.235846045679813088e+01
8.046029792403981695e-02,1.786938602892861605e-01,2.535437191298351678e+01
8.816223772621885335e-02,1.667680596918597324e-01,3.718835952921262589e+01
9.173146435179023450e-02,1.681198711508090360e-01,3.204874017149259657e+01
9.152911325691370781e-02,1.502031764740373865e-01,3.076074987203658395e+01
8.606695230724667467e-02,1.453895560032907874e-01,7.984233071487216726e+00
7.812832462279954704e-02,1.627027563959841105e-01,8.124401240963351256e+00
7.896879969200328031e-02,1.541920756896988376e-01,9.497169943774117939e+00
9.584536316341750462e-02,1.523730370374164200e-01,1.398171536500179890e+01
1.023848357347204308e-01,1.471282986574952989e-01,1.369693737330760719e+01
7.567274708112875503e-02,1.436115977611443217e-01,1.022537440245728746e+01
9.564570036864687708e-02,1.627180800795315074e-01,7.943385752805141919e+00
1.014569806274990410e-01,1.511823104707085141e-01,3.579098580280307118e+01
8.393811431553384328e-02,1.420680158387674918e-01,1.224111524614049529e+01
1.039044391264378198e-01,1.626389110875276767e-01,1.158782505179184952e+01
1.061425275939555379e-01,1.566919011632036118e-01,2.479438874715132712e+01
1.011282161069013974e-01,1.539000659088901324e-01,2.167357080356488197e+01
1.021606404137295199e-01,1.587911211068662454e-01,2.784965027076153277e+01
1.101375563915619055e-01,1.642202359101538889e-01,6.168326370853385754e+00
1.105721498209601417e-01,1.454756798853321931e-01,8.240544665465641572e+00
8.983085533783106980e-02,1.463167911467088689e-01,1.189799770726531669e+01
8.849512684769543502e-02,1.703416476358465825e-01,6.178414109420514677e+01
9.095872458541166827e-02,1.720768676142735709e-01,4.590261226680711104e+01
8.829847828461850900e-02,1.653552481706485333e-01,4.619021877383982400e+01
8.572364278437417939e-02,1.527482633121926003e-01,1.731292164382664467e+01
9.780607709598573840e-02,1.710199491777795733e-01,7.511875196230351825e+00
1.114696180395209901e-01,1.585427626669270729e-01,2.280610130384854983e+01
8.122638099142362456e-02,1.525154656766681271e-01,6.739095669861665527e+00
1.009164376665726143e-01,1.685806854867286375e-01,4.230429224135587418e+01
9.494869542163406062e-02,1.656114943639707404e-01,1.614775826736660136e+01
9.856908502634714742e-02,1.604363854381251342e-01,8.683954423367627129e+00
1.042544822491026923e-01,1.331505264224435159e-01,5.764650958264684988e+00
7.237832855291316536e-02,1.710360986212575152e-01,4.133851742535974694e+01
5.500342516788572084e-02,1.720984038541737982e-01,3.843777781565614049e+01
6.354732882003977235e-02,1.651681422555037748e-01,1.820997300969422383e+01
8.752631812329660088e-02,1.538610355617252567e-01,1.278000299648688021e+01
8.122963133913375933e-02,1.667381719912873761e-01,2.736322498259275093e+01
7.785295812884356070e-02,1.618816441820028762e-01,1.743810066571757744e+01
9.999822941165213697e-02,1.475307070912693641e-01,7.349867521624777744e+00
1.095467787982751656e-01,1.224637393387997958e-01,5.922730098029340695e+00
9.402682094559297599e-02,1.481364640087343698e-01,4.975103913930350785e+00
8.321091846158890082e-02,1.417695902202746605e-01,8.391544707059253483e+00
9.408205472235932343e-02,1.485661316547036981e-01,8.895816499366670627e+00
1.069848198944113038e-01,1.719707573754875596e-01,1.876685186256394644e+01
1.110035223118055192e-01,1.655310375683226309e-01,2.657913646279477504e+01
9.155562031450802107e-02,1.852128739585134076e-01,4.598073855803330900e+01
9.573554968952473210e-02,1.628850333585199206e-01,3.225702519370804566e+01
8.618492352296393266e-02,1.414595532062241923e-01,9.203303192770437846e+00
9.879624917770370163e-02,1.487782481163001935e-01,7.143262417059674796e+00
9.762969080673861155e-02,1.645019437912484395e-01,2.068170434391427293e+01
1.107217502245850804e-01,1.651716913655000007e-01,1.468870794809869906e+01
8.862909138253063923e-02,1.662645124843643851e-01,2.357632056222465877e+01
1.003858309477910632e-01,1.453018802719536207e-01,9.205327607182869798e+00
8.553654967944299137e-02,1.634401682461806282e-01,2.636384510140940662e+01
1.051994296476624763e-01,1.598376801413045056e-01,1.658393952790667925e+01
1.025356892718208013e-01,1.784182686655766958e-01,1.449756563876656834e+01
7.721008470853786554e-02,1.407619571438880335e-01,1.621858232157880764e+01
9.176766735260177832e-02,1.472726662344321369e-01,2.707319892930411243e+01
8.930007810908463517e-02,1.764113078727465311e-01,3.747014666845637976e+01
7.426744588146133585e-02,1.545005716122658246e-01,1.757158942728534612e+01
9.653209300341963894e-02,1.669591577924952053e-01,2.931625994052167883e+01
9.869172153136690495e-02,1.774431847877919743e-01,6.505416795749343351e+01
9.865724844128406779e-02,1.767672867676259030e-01,4.388300232574978565e+01
9.254092661720619839e-02,1.602254321932475856e-01,6.028467645900668970e+01
1.099432716887551592e-01,1.873210545228714274e-01,1.933189554977364111e+01
1.072169241770918741e-01,1.933773022488034510e-01,2.096429276447592827e+01
9.892941669514489222e-02,1.482339293654624801e-01,2.712505502437046445e+01
9.329182442881132908e-02,1.505506623530400989e-01,1.313767938916998013e+01
1.098930595326226556e-01,1.499653581631449628e-01,1.573637888491825798e+01
1.008919544096095744e-01,1.530677429911861120e-01,1.805092777338697729e+01
9.507156399114684298e-02,1.680270198185441211e-01,2.069566566178434996e+01
7.602801222536671732e-02,1.450238181815067806e-01,7.968640394611585798e+00
1.183910586822646133e-01,1.622328697757207949e-01,1.176570954818130765e+01
1.167246167316343397e-01,1.536947704684212823e-01,1.306830901571302661e+01
9.932649590363888670e-02,1.547040180032620005e-01,1.099750617244523632e+01
1.166080030698833231e-01,1.548848886095462729e-01,1.636681106112352779e+01
7.808198071589581013e-02,1.671757454222622119e-01,2.419325249276104728e+01
1.161880973067631745e-01,1.339484161035667253e-01,1.438387326159425861e+01
1.174230333128925829e-01,1.261948120862043943e-01,9.179130214331161497e+00
9.567995413973939822e-02,1.444936797315217736e-01,4.750529627210040573e+00
8.972959787905049334e-02,1.331126882558647251e-01,1.179680532359310874e+01
1.023060021997544422e-01,1.472801700049556906e-01,5.179130498732393839e+00
9.023339277264251501e-02,1.389863605276062952e-01,1.724899667889764032e+01
1.043333218588223255e-01,1.615209675918808374e-01,7.412714563183413041e+00
9.021398961789162119e-02,1.508039078005082578e-01,1.357098984419442900e+01
9.022516704569304158e-02,1.570851015892010538e-01,1.176116995329552140e+01
9.022516704569304158e-02,1.570851015892010538e-01,1.176116995329552140e+01
1.065835257708191430e-01,1.678497398650022898e-01,4.241848097472377077e+01
1.076740184476508155e-01,1.615949590198410557e-01,3.865195675423176880e+01
1.076740184476508155e-01,1.615949590198410557e-01,3.865195675423176880e+01
1.058805362074394241e-01,1.506173614545779638e-01,1.432553414313967188e+01
8.684702468212299187e-02,1.681516479265464381e-01,1.060303372764316876e+01
9.953522655286216325e-02,1.378625410283644825e-01,9.181974255510882088e+00
1.253964002275342882e-01,1.594277409053611039e-01,9.961935719140392109e+00
1.282211350049727028e-01,1.457068421444440987e-01,1.034261250084911765e+01
9.187672184552175825e-02,1.570828163937232069e-01,3.973051457145485799e+00
9.392420459173715652e-02,1.590343922909954744e-01,4.994934972251683369e+00
1.159898928999311407e-01,1.496934717066742415e-01,1.569162442612252661e+01
9.944748398888557384e-02,1.584670365558703276e-01,1.897561843000155690e+01
1.203238512847489700e-01,1.643564729417991421e-01,1.230753222825704896e+01
1.250189567974014093e-01,1.648956034679611715e-01,1.337730990396668851e+01
1.143879149655435967e-01,1.646874188366036218e-01,1.339170226139499853e+01
1.054256155787893640e-01,1.500397516553941546e-01,1.545582345697190618e+01
8.236579787993712765e-02,1.486463465302572950e-01,2.385255867674831975e+01
8.308315771250043835e-02,1.784179931293048971e-01,3.996482940963622355e+01
1.012253895334104675e-01,1.528968944597417223e-01,1.617147185179162250e+01
8.793056805109208951e-02,1.572954578646277579e-01,1.453834193748924619e+01
9.787365766406987133e-02,1.513842434249698665e-01,2.907383038396173802e+01
1.081476797461857348e-01,1.684703548356453195e-01,9.170036977307779225e+00
1.197441553516178370e-01,1.613336486794303137e-01,1.904157835892034711e+01
8.685100113272309352e-02,1.590461721783526239e-01,1.318001983531425658e+01
1.017924067409891331e-01,1.381769711219139329e-01,8.481484894789183215e+00
8.536667527895318297e-02,1.691710765718931475e-01,4.067305655656004149e+01
6.523171452908700652e-02,1.531127283552252416e-01,1.288795133759981226e+01
9.569503342308624538e-02,1.517988184597178769e-01,1.307912323989598846e+01
8.815681013836403068e-02,1.520920533872815728e-01,3.436850331226134614e+01
8.057657129226739046e-02,1.869451595384240550e-01,2.287720294607302662e+01
1.013145142807096721e-01,1.460516147536681519e-01,9.702671636931375687e+00
9.913538425106638297e-02,1.559780257408597270e-01,1.145348678704970702e+01
8.478077655049316708e-02,1.539236553819763043e-01,1.922000387184510473e+01
1.038989711275686151e-01,1.591239751235374311e-01,1.998377126875046628e+01
8.768468412652578869e-02,1.556958247361315550e-01,1.187435326763142562e+01
7.335438138023366028e-02,1.432362422637827870e-01,1.249836256491355790e+01
1.098183871180847954e-01,1.700856815869671301e-01,1.136882159377982759e+01
7.179778258157654136e-02,1.503676020745330910e-01,1.862568260332544767e+01
8.690288555822654748e-02,1.546013195489538972e-01,1.201600523499228146e+01
9.562783535257403378e-02,1.669257430165669021e-01,1.092774797192367764e+01
9.903717403718922951e-02,1.488955766421871940e-01,1.391112810197584082e+01
9.976893550219555207e-02,1.771904931729220423e-01,3.302065896101505871e+01
1.000485225806145295e-01,1.549649423313887997e-01,1.541170535572662104e+01
1.000485225806145295e-01,1.549649423313887997e-01,1.541170535572662104e+01
1.108916742975225717e-01,1.705941048801619675e-01,1.941850947011016260e+01
9.896348629741624769e-02,1.453060434513174515e-01,1.145251011980540312e+01
8.579602396903168726e-02,1.563395874958056209e-01,2.807459665776319824e+01
1.152035176555820661e-01,1.565826801033483595e-01,1.959084607593485927e+01
1.158977232850697398e-01,1.478802062147329954e-01,1.025376483158185259e+01
1.123874595644800550e-01,1.529521518376386613e-01,1.062076179142779253e+01
1.164967860393895938e-01,1.528075855158094742e-01,1.128401556686160667e+01
6.560975781968886311e-02,1.547882215428857400e-01,2.460931839512304009e+01
7.709361265165962096e-02,1.798307193981411312e-01,1.965029416460665601e+01
1.043667779122140482e-01,1.446957508123241642e-01,1.919187318868272385e+01
9.235756207379279548e-02,1.741312282862479410e-01,2.243718291590750269e+01
1.116927304405894439e-01,1.603367855995382341e-01,4.244831896518851266e+01
9.166443806705096287e-02,1.726237042163621671e-01,2.516580204298124457e+01
8.620435296275796855e-02,1.792927606630297377e-01,1.996268259555527180e+01
7.641202513274855668e-02,1.525596764171358588e-01,3.208226557558616321e+01
7.967927971393735931e-02,1.483714442438591186e-01,5.092191424040075631e+00
1.153733855954239135e-01,1.307094275913603942e-01,6.784549431473265280e+00
7.938681528249313946e-02,1.462805857719984004e-01,3.311569223001913542e+01
7.934706996868377826e-02,1.829547354871270959e-01,1.394440227302426827e+01
8.863599304658940914e-02,1.590493958940863706e-01,1.912822150855367909e+01
8.702355155239356599e-02,1.718443710366841237e-01,2.968186914989507130e+01
9.376569411149379696e-02,1.357663360708656064e-01,6.761822044682092248e+00
9.230337669088391206e-02,1.408968678234827909e-01,1.010800891686181835e+01
9.465888797886541639e-02,1.597459564644913843e-01,1.436745416815808696e+01
9.226380781512483198e-02,1.713753944397945206e-01,3.869056958883855657e+01
9.608476315034085447e-02,1.650262307055740951e-01,2.537669174591891874e+01
8.314408760473233906e-02,1.468047724971970058e-01,1.724310411666110809e+01
7.927226782808886874e-02,1.583522791072562164e-01,1.387398323382149457e+01
9.416993474086278459e-02,1.545580517136789234e-01,1.825538527942220313e+01
1.181123622674340873e-01,1.494302597887827155e-01,8.794973645368653337e+00
9.534041734610232410e-02,1.752328282567777173e-01,2.771736192320210179e+01
9.606658575259645338e-02,1.543797439050945686e-01,7.978415940285232821e+00
1.065051657527289891e-01,1.433276478694723299e-01,1.034996310400396702e+01
1.093114231798251040e-01,1.678411105042531271e-01,9.531959071795750305e+00
7.946757226340897540e-02,1.621562124584388365e-01,8.176599839225133337e+00
8.125991699138243596e-02,1.533434642694940231e-01,1.375175724740670269e+01
1.017338213971462069e-01,1.626900665760667997e-01,1.439239757884228155e+01
1.003634294805994531e-01,1.551147845297131400e-01,1.664320592670662791e+01
1.210206953810590569e-01,1.498920579938138042e-01,2.398724637730171239e+01
1.070070906166335351e-01,1.641693338729919294e-01,1.336070329631443521e+01
6.849848441092677709e-02,1.531377487556941919e-01,2.185698250587635982e+01
9.600976084810398936e-02,1.637785580266217511e-01,1.124756407827502791e+01
9.224457869279042987e-02,1.446147052258377197e-01,1.992682913604090444e+01
8.423678063335679478e-02,1.650336516164233880e-01,1.492546928758055280e+01
7.807824395445756016e-02,1.518724307880170432e-01,1.862575439087291329e+01
9.640580423922516518e-02,1.630278685886865364e-01,1.468098103351266026e+01
9.681655923712162437e-02,1.580020684641791628e-01,1.350406770254583222e+01
1.037660070777789573e-01,1.520817860284008061e-01,1.319855698156059631e+01
8.992851768130856460e-02,1.383899629212450022e-01,7.665976977573739859e+00
1.034097058024126686e-01,1.654096234799580789e-01,2.068106163511943407e+01
1.124133784067454095e-01,1.716497357013901104e-01,3.836865807010486407e+01
7.528653635786522469e-02,1.458907451504590780e-01,1.036583537735272742e+01
1.176750572759858587e-01,1.526669491435285742e-01,9.665975270087972859e+00
1.019003516108499818e-01,1.543319725987215840e-01,1.861184025795622787e+01
1.072206867255700163e-01,1.630793216340708229e-01,1.939101224811395241e+01
8.520595765950682299e-02,1.630777581409035004e-01,1.884154670225035844e+01
8.167673098646270613e-02,1.623886257124889376e-01,1.524970747570923635e+01
9.308380586051694106e-02,1.485252769291764696e-01,1.434577432811552988e+01
9.317666327272057514e-02,1.602186643192084203e-01,8.146226683026224435e+00
8.919802979841592872e-02,1.580553051865766223e-01,1.818958190615635218e+01
9.518371565786830357e-02,1.654399267849814281e-01,2.257351799696773043e+01
8.539045248625219686e-02,1.709876795537308147e-01,4.491380628023276245e+01
7.981328122838100836e-02,1.638844390687637653e-01,2.706473999738568281e+01
1.047512838531058504e-01,1.704866898864282887e-01,3.917182349796570406e+01
8.619644421448330318e-02,1.393850605609177062e-01,4.920956808912452018e+00
9.533349100337393245e-02,1.428742383159622154e-01,1.251847574230087545e+01
9.401732283713852556e-02,1.529437764433590197e-01,7.673684552351015320e+00
1.079888549924338526e-01,1.646340904333547239e-01,1.769481958899255147e+01
9.780222426653785439e-02,1.569726261266836398e-01,5.056052364853594128e+01
9.379385453591482236e-02,1.641078484321242814e-01,8.848725609306892892e+00
9.010283361962533044e-02,1.541472744051552157e-01,3.262062452562563664e+01
1.024800760213278594e-01,1.697416911062203104e-01,1.345337514234776854e+01
1.160907524148085124e-01,1.529277897434234701e-01,1.287226441304593116e+01
6.033469364066723628e-02,1.445004058864841345e-01,8.719554748440579317e+00
1.158170841324875494e-01,1.638498418784350985e-01,7.507716144110816003e+01
1.037371603282862265e-01,1.821769187523819555e-01,2.201762612358767512e+01
8.289133917707522392e-02,1.657767455475391838e-01,1.329278516420314205e+01
9.374123708961262791e-02,1.455643735566726771e-01,1.511549171255222035e+01
9.625520081696675723e-02,1.560278307554801847e-01,1.418263867439934955e+01
7.447035841834968861e-02,1.612665170293252626e-01,1.999742794361834086e+01
1.010709659135968080e-01,1.408548654892298468e-01,7.849329142829236439e+00
1.052166143759255268e-01,1.789871178390322892e-01,1.471086556394318201e+01
1.061033907667141979e-01,1.561647853548854548e-01,2.617309261945283438e+01
9.045963784660185358e-02,1.683876498785787656e-01,2.407160105199580258e+01
9.764143314986217792e-02,1.411340708315494685e-01,1.803632295926126261e+01
1.018504425290632925e-01,1.690902257041185797e-01,1.348509481919298736e+01
9.520487195779699097e-02,1.646125168614745171e-01,1.063336593231547056e+01
1.133506028395811355e-01,1.421832564681316247e-01,1.410622172248712403e+01
9.561044387230011043e-02,1.741038158475406439e-01,2.588133944033465639e+01
9.334906282878185912e-02,1.606600505124413103e-01,2.983527663190066193e+01
1.086255933402976298e-01,1.655019530337706879e-01,2.175878516549047603e+01
9.263703569994771736e-02,1.560553195437951457e-01,1.686653469870022803e+01
1.087973902985512192e-01,1.613459349796476372e-01,1.626126949803035160e+01
1.287165107056132685e-01,1.690742828752604121e-01,9.945978042356060200e+00
1.159106533500736669e-01,1.805818684512874306e-01,4.767163892098700018e+01
8.747125763199414816e-02,1.515307451763236446e-01,1.305228230033267955e+01
9.944217556823081727e-02,1.504165244221838671e-01,2.180811391767347018e+01
8.841713849501330047e-02,1.699989503050092221e-01,1.987462913195993863e+01
9.706501684524160289e-02,1.500698585706481403e-01,1.170122419092026966e+01
9.884622921114792626e-02,1.617958143400280158e-01,2.967040125377645055e+01
1.094402832590890967e-01,1.420583384025890794e-01,7.034315276929416605e+00
9.490005188832781324e-02,1.628508415743389892e-01,1.762777146310619258e+01
9.484143653302359867e-02,1.452834366633283802e-01,3.895338882155638771e+01
1.025330645934144636e-01,1.708718445366727012e-01,1.240944946390700920e+01
8.257243674821596047e-02,1.560768556731723378e-01,1.574756966274878955e+01
8.873917459119594342e-02,1.511900489156325911e-01,2.271922527855855023e+01
1.126371518876084082e-01,1.601532502623358167e-01,9.510194372303715227e+00
8.348596977639573258e-02,1.492069844082003494e-01,8.227161050600869885e+00
1.107996638511867665e-01,1.611163192831187307e-01,2.694723747833797134e+01
9.045131058390160073e-02,1.617584402431980206e-01,1.529462523090768933e+01
1.185937543874714395e-01,1.465117464810773984e-01,1.073473332008937220e+01
1.039787414288582124e-01,1.585985293017809217e-01,9.682264545197817540e+00
1.208899602385271194e-01,1.442475276963640085e-01,8.312566777270703255e+00
1.085664943140091238e-01,1.404166510888819053e-01,1.199848163188187833e+01
8.574669425914252519e-02,1.466656690257349127e-01,6.774562162856494929e+00
8.627122438011042282e-02,1.303356354729359179e-01,5.742635946896571753e+00
9.434546873634423736e-02,1.379791505734300761e-01,4.947757088603164988e+00
9.272650745035167230e-02,1.838490861712931690e-01,2.158940300187243366e+01
9.136254404619657821e-02,1.636464132480422440e-01,5.184023784469258089e+01
6.831812387587359037e-02,1.679710010230652528e-01,1.021161242013494608e+01
8.521894043003090669e-02,1.563084244189995309e-01,3.604677421390205438e+01
1.124884773963638757e-01,1.722071934955629602e-01,1.579296483576969123e+01
1.004218914351980851e-01,1.497731337808746177e-01,3.535850412966482992e+01
1.032148122093695802e-01,1.747362797743877982e-01,4.274778394030238360e+01
1.100909665670527365e-01,1.697596115065400091e-01,1.584679106410959903e+01
6.782463819075808253e-02,1.510443054318015010e-01,2.323465313060502524e+01
1.057866769122602080e-01,1.845044348561943881e-01,3.060982902917487536e+01
9.238622018561178095e-02,1.435120823076243002e-01,6.764704726836038517e+00
9.057586151915433814e-02,1.670648696189181437e-01,5.598629642987305743e+01
1.202994751981735916e-01,1.402305908629737641e-01,1.828355153772140440e+01
9.365532414638606806e-02,1.737255398939242523e-01,4.383712472596542398e+01
1.119222920048497105e-01,1.389415601661902477e-01,8.857065936146465646e+00
8.303289654691738131e-02,1.603893597124170789e-01,1.092388021215181659e+01
9.504096614326286441e-02,1.594480083346963839e-01,3.234335766335122742e+01
8.929351736839803710e-02,1.744271500001101372e-01,5.707634373395254102e+01
8.837488225911749318e-02,1.736454409199197912e-01,6.874472879682936366e+01
9.999161656862730341e-02,1.520500205288413120e-01,8.177427072806013442e+00
9.883547845277200483e-02,1.534152150152615912e-01,1.174435673348718190e+01
9.169374244219277714e-02,1.618186371365239462e-01,1.210906997048555134e+01
8.182265346107706061e-02,1.539707163950238267e-01,3.634337330887287720e+01
1.109342942353846867e-01,1.447208227528067048e-01,1.069666261342840663e+01
8.126717474852421241e-02,1.398223735044472338e-01,6.877880997611248937e+00
8.258508217263155204e-02,1.414824608365273240e-01,9.933586916882784834e+00
1.049493402298892764e-01,1.667651329728163101e-01,3.182753057698335653e+01
9.230230131374457525e-02,1.787442396174521164e-01,8.936576901400757222e+00
9.742544770909383756e-02,1.688433969814038538e-01,3.026402033584083995e+01
8.332555137045442872e-02,1.583265101336701064e-01,1.366711240520768733e+01
9.651775858023524390e-02,1.624992086063307695e-01,1.144597643367106343e+01
1.040974720496564004e-01,1.722518222992391046e-01,3.194321548140465694e+01
1.197346029492140501e-01,1.528431464098385928e-01,2.034722054788202783e+01
1.184110900442119502e-01,1.579067468708410249e-01,1.116072953393030254e+01
9.018149468303225669e-02,1.504753933870602856e-01,9.160291712563109812e+00
8.185999721290357356e-02,1.666983127576524837e-01,3.751235033196084601e+01
6.782859033156980744e-02,1.411082305517457058e-01,1.799550101491521659e+01
8.949585469565833618e-02,1.954965607600289978e-01,3.386698416705680614e+01
1.081093635065773773e-01,1.257688910225354118e-01,4.722892236587494352e+00
8.945037628560913168e-02,1.438812772860641187e-01,9.482920378352414303e+00
8.975735035684666296e-02,1.554342663740125308e-01,6.831513758055826280e+00
7.954671916724113945e-02,1.410813106280627838e-01,1.032167193592225374e+01
9.020880414428306127e-02,1.431819703197835802e-01,6.626693974205466908e+00
9.648696847569909751e-02,1.726311873139076969e-01,2.608072379352404369e+01
1.258453785926648694e-01,1.575046800346591169e-01,1.942441680920700264e+01
1.140932264086781667e-01,1.422651967512567339e-01,7.873298535289512401e+00
1.042438157963359174e-01,1.642671921904706178e-01,1.517102002108771686e+01
1.033977227890170575e-01,1.615575483974892312e-01,1.282669594656561429e+01
1.074881563783756794e-01,1.666409276880070622e-01,1.269482846800788955e+01
1.062047144784395436e-01,1.583323561899181442e-01,2.298084302574638826e+01
9.388436133881448986e-02,1.988023415645633618e-01,1.352698661124137480e+01
7.683603905685536251e-02,1.430521419890087853e-01,4.347392143298479539e+01
7.178832662606815518e-02,1.688609867576922607e-01,6.054996810342174030e+01
8.334660984576938714e-02,1.552675493096027370e-01,6.416133722274930840e+00
8.446089112618042349e-02,1.626677885777666477e-01,5.705043653306531404e+00
6.634796664642148012e-02,1.476449090698963296e-01,1.044310095705281149e+01
1.159927030382259805e-01,1.525757051061168712e-01,2.513758008717351089e+01
1.015136354647312583e-01,1.659468345931671418e-01,1.202430264394461368e+01
9.900382848872785191e-02,1.756061683382774130e-01,2.743016507873998933e+01
7.038420721271655689e-02,1.523990083694579112e-01,1.287321675807697652e+01
9.197711278216993969e-02,1.598548123289270095e-01,1.077307692994851074e+01
9.900358395053447669e-02,1.446293325427454035e-01,3.616600395661070166e+01
9.387375046077432728e-02,1.542970806037646248e-01,1.554273225838591621e+01
8.909510565115584535e-02,1.579484646258021707e-01,1.571771762099405656e+01
9.336545377182327299e-02,1.561173045842842999e-01,2.429848776436571001e+01
9.672215004193386589e-02,1.750856852371132644e-01,3.739188441920239825e+01
9.518352307463449902e-02,1.704504044870544799e-01,2.153576021452244760e+01
8.990959393687160406e-02,1.522994722697618708e-01,8.736423800205773915e+00
9.169734500559213741e-02,1.492541419490427956e-01,1.589541276085839883e+01
9.399225867741831109e-02,1.461464863246525470e-01,7.930761843173637970e+00
1.108139879043425619e-01,1.607626064591761716e-01,1.965324828309658400e+01
7.022674760240023295e-02,1.608241249587158417e-01,2.015618203877296466e+01
7.065550516693634708e-02,1.813230056415820468e-01,2.205121433851184776e+01
7.090038785194684168e-02,1.742733091280651014e-01,1.885493681104032859e+01
6.188158737186719160e-02,1.574242116558744464e-01,2.011287189346048976e+01
1.368763865153439785e-01,1.528511602374027778e-01,1.217790291479938780e+01
7.334106063345122162e-02,1.719191778020473238e-01,3.227441270048281297e+01
8.861069422055443956e-02,1.580222829114342753e-01,1.813808024363391525e+01
8.416833015669314411e-02,1.666986012152150420e-01,3.188616024455679110e+01
9.885205165392953186e-02,1.526450766728068842e-01,1.067916445098592781e+01
8.422768675537525840e-02,1.478625466742910788e-01,9.904378505842261760e+00
6.217757675699529113e-02,1.395498843047793258e-01,8.087451992164506720e+00
8.718189662752093283e-02,1.390451707108642798e-01,6.812531474609643922e+00
1.018949168621776091e-01,1.592171258168272319e-01,1.928788344923186671e+01
8.671183172576960030e-02,1.526266554580347490e-01,1.302933281127000242e+01
8.677474428055981237e-02,1.590382714897914107e-01,1.068326066634695337e+01
9.868833987426621490e-02,1.461807603765341579e-01,1.422758857413479916e+01
8.617163235286538769e-02,1.541899585785031224e-01,2.169785053447186485e+01
8.483693834664488009e-02,1.532565823081941114e-01,2.429072582686220727e+01
8.643938826658853491e-02,1.482885873676016986e-01,1.271628142080959734e+01
9.143058430552576665e-02,1.619532287602118426e-01,8.679184687344168481e+00
1.070592316214467182e-01,1.685844812226600931e-01,2.950454139772160644e+01
8.405678444253260329e-02,1.555670551554206860e-01,8.339930180991828479e+00
1.087249543234319465e-01,1.575577795122776459e-01,1.489607625914351097e+01
8.094913948061033260e-02,1.514217561289239733e-01,1.849456254163490954e+01
9.525097511457576716e-02,1.568459512961630220e-01,1.820105258262794479e+01
1.088847604933816382e-01,1.507556056574217429e-01,6.954895553350532111e+00
9.169621922416502924e-02,1.554791761495029900e-01,2.482252347672366000e+01
1.055266392323953167e-01,1.574634766075923842e-01,8.927479670679353774e+00
7.636584928955686413e-02,1.710163869601861730e-01,3.060383191684090320e+01
1.011684130596710446e-01,1.613525280960911301e-01,1.928744890010636581e+01
8.571751504119334841e-02,1.501951028249736142e-01,1.722412339670135140e+01
8.408529827698295323e-02,1.487019159616654596e-01,1.073055970555858529e+01
9.255772969874527523e-02,1.461468194831953560e-01,9.562413530173085263e+00
9.611237226149821344e-02,1.724474539373113124e-01,3.158525603379245439e+01
9.365823718846053025e-02,1.481882538461380960e-01,8.579684152993159785e+00
8.899759713809764217e-02,1.470661663686469445e-01,8.394089051773317323e+00
9.507674854292751110e-02,1.467504463087535849e-01,1.481632216751900266e+01
7.428859393403182410e-02,1.573330883124191837e-01,2.564403650410561042e+01
1.056245740488556129e-01,1.433755617212060518e-01,1.471376710990397996e+01
1.098162714656356759e-01,1.486032814255486278e-01,1.085921316097560307e+01
7.890915722238912855e-02,1.586842014050113270e-01,1.042961813937243853e+01
6.420650373506549269e-02,1.519466583222844613e-01,2.172327321583696857e+01
6.239932984420128864e-02,1.762724972876381635e-01,4.807557042605017728e+01
1.247016195458811177e-01,1.483608752327159608e-01,8.326024404724384098e+00
1.156799582187690717e-01,1.385652658335056187e-01,8.201043182935183751e+00
9.257974209390831821e-02,1.605246320353783673e-01,1.056557401161305343e+01
8.421154131189989567e-02,1.638652557229370310e-01,1.630048509847778604e+01
1.008444529431671843e-01,1.599551089515071911e-01,2.623783028218741009e+01
1.168531347710509705e-01,1.816684769661670584e-01,1.931620210812301863e+01
9.820424986221513997e-02,1.547649916963990679e-01,2.472241179228054619e+01
8.273659814962545933e-02,1.577809400765520786e-01,9.670966604932235811e+00
9.480372735385604599e-02,1.625393164341245311e-01,3.823648336989283081e+01
9.480372735385604599e-02,1.625393164341245311e-01,3.823648336989283081e+01
8.193262140328029519e-02,1.674866372867182818e-01,2.548523811282445095e+01
1.077002021011273097e-01,1.352361867283594643e-01,6.646722953832051139e+00
8.846763143888854153e-02,1.477356914161425394e-01,7.631740934149485511e+00
9.036060028054568316e-02,1.396523425896025461e-01,1.878717892944293766e+01
8.409440115999390619e-02,1.683538729468734563e-01,8.596619393171961221e+00
9.857976009150178076e-02,1.627899415470963895e-01,1.744970822604249605e+01
9.011416892840516668e-02,1.672051782935702335e-01,3.005229472603715379e+01
9.667714331287807772e-02,1.314681899528101217e-01,5.336083229297268637e+00
1.000840483821528737e-01,1.573273486710692060e-01,1.737945982169933501e+01
9.006071179442184937e-02,1.593542567695797330e-01,1.275187248773349502e+01
7.400402931507195359e-02,1.778481656881159556e-01,3.250378185205191528e+01
1.131280122692814860e-01,1.468523984707926222e-01,1.016635252265467138e+01
8.651834703905469937e-02,1.455043187302869356e-01,9.708960268964110796e+00
8.689076529339970212e-02,1.652253357335643769e-01,8.598531490599750526e+00
7.875889885759192188e-02,1.693682297989726471e-01,1.571766815150855301e+01
9.129018436193027386e-02,1.503627843474871217e-01,1.948168421112891835e+01
9.530338420800289756e-02,1.473296621361510905e-01,1.912622736747075791e+01
9.877580338493539835e-02,1.732958663857952220e-01,1.808384228159046003e+01
9.656952507765978466e-02,1.428230038196171836e-01,1.863767883418628912e+01
9.584933571518193529e-02,1.516465270531474341e-01,8.521326294586110350e+00
9.654223310920788392e-02,1.410363817137117726e-01,1.408019206357185560e+01
9.998080620587300460e-02,1.626029283127471414e-01,8.278493302422408107e+00
1.009031438808328934e-01,1.592596267150407363e-01,1.624646013107305720e+01
9.104623531548977633e-02,1.552341857649152390e-01,8.450844606160796246e+00
1.021423434639350120e-01,1.505008919079677265e-01,2.017091445470286004e+01
7.318821410779786929e-02,1.464298014931494640e-01,9.972200803777685252e+00
1.134200073548262411e-01,1.488837551589928532e-01,1.141355023065518814e+01
1.106886598426464474e-01,1.446232185747728938e-01,1.139823869979153592e+01
8.246932016024494105e-02,1.491980139032874908e-01,1.335549048589808052e+01
8.878621673431273675e-02,1.549807405151416573e-01,1.757482281320881867e+01
8.878621673431273675e-02,1.549807405151416573e-01,1.757482281320881867e+01
9.807553449636828569e-02,1.523109508333839179e-01,2.545213785955511554e+01
1.021895359045876250e-01,1.557406715518629414e-01,7.061976088089971348e+00
1.080165663330208831e-01,1.627836902116322482e-01,1.057495484936175423e+01
1.024362153804084657e-01,1.588909367252855087e-01,2.695063329584057144e+01
9.020653026990707590e-02,1.466585500160447753e-01,7.262187818442845888e+00
7.035594063069873505e-02,1.562668918788744643e-01,1.248515914415580674e+01
1.073412426434840472e-01,1.536843818587107502e-01,1.425416831567163811e+01
9.339481374812605430e-02,1.387235422316960287e-01,6.882573996015473483e+00
9.164057859345996204e-02,1.449550239740489965e-01,1.102650259957549927e+01
8.106991035584354410e-02,1.611066519443198064e-01,7.629923079810268405e+00
1.025489417450165114e-01,1.441104657193471028e-01,2.314318212033987621e+01
9.238731493589147359e-02,1.778554578666466934e-01,1.329810846663523272e+01
1.016118351538735504e-01,1.571315669178373620e-01,4.624597415304701542e+01
1.031561723998395408e-01,1.637431405010193186e-01,4.480838091302167925e+01
9.705273224273427979e-02,1.915161123017062317e-01,3.411171446839883004e+01
8.415996689940773157e-02,1.805160526421397127e-01,1.986928355708634086e+01
1.009275331976069029e-01,1.507390968631012185e-01,4.626886743801591706e+00
8.392376353255250054e-02,1.463521698806089788e-01,1.488041896644242001e+01
8.989958554229592058e-02,1.693568646256792265e-01,1.709862605668146074e+01
9.460107505463058453e-02,1.446407318872879044e-01,1.698906473411383544e+01
7.640967502743752082e-02,1.974567369901720493e-01,4.030646582857690419e+01
1.056688867410350841e-01,1.450226489881062397e-01,1.637691728237513189e+01
1.292175757936393499e-01,1.514444448982776026e-01,6.515940011331186277e+00
1.278829161284572857e-01,1.447225239713832157e-01,9.431804729935084453e+00
1.205058222426084041e-01,1.446324192059380009e-01,1.029312888510510859e+01
1.191805746988367498e-01,1.524602062471646646e-01,1.522749609161968642e+01
8.046069095199259724e-02,1.663118149290728487e-01,1.725045546931155016e+01
1.183832661542902759e-01,1.431162343789727787e-01,2.729501524360179232e+01
7.922874786772236833e-02,1.738326066118795754e-01,1.715385354726165801e+01
1.047480406672252756e-01,1.613469402806964603e-01,3.357887625019924371e+01
9.815207413429422045e-02,1.626757788038183938e-01,2.941217465361896544e+01
9.668258247398871241e-02,1.585812769557699564e-01,1.591083534082230955e+01
7.891925291286003286e-02,1.586569299124546695e-01,1.201784757590275809e+01
7.983395707262612440e-02,1.589813177949224998e-01,1.237061487724217912e+01
1.047903674933901574e-01,1.707788327487611835e-01,1.659563840834589143e+01
8.852182188664740881e-02,1.689462365731530247e-01,1.044986451429749152e+01
9.830390046452194830e-02,1.455988084106485392e-01,2.208752611919262065e+01
1.107393682113841926e-01,1.758907224100444422e-01,2.038162806401044236e+01
9.736660404660220369e-02,1.595730976411983970e-01,1.762130694255321117e+01
8.744873425320702498e-02,1.484500444996979529e-01,1.129811674951351286e+01
1.034143513085589716e-01,1.581824917821052501e-01,1.523138035783622968e+01
1.180530697034989640e-01,1.634915491768256512e-01,8.890328546096725404e+00
7.579715324920378861e-02,1.441200813742468667e-01,9.562579739845702420e+00
9.003942165802804320e-02,1.492965082814579625e-01,1.338749848051155134e+01
7.852722825823989228e-02,1.318220397044262693e-01,5.277911308844011273e+00
1.039903264432486263e-01,1.481889565972999701e-01,1.660504831810121118e+01
9.890032319537597760e-02,1.617183942629780158e-01,1.343509220886399191e+01
1.081597725782523917e-01,1.583652857823603655e-01,8.097457362023394722e+00
9.513138206824406362e-02,1.545851499520481953e-01,1.094977541303724244e+01
1.002966749188107520e-01,1.423141882519284307e-01,1.038491225634005843e+01
8.938518634180343814e-02,1.435141427958598337e-01,6.910740875315947385e+00
9.138852816227294174e-02,1.414316937188267176e-01,1.641220089488960454e+01
8.733512450632767432e-02,1.444922411379499227e-01,8.302799014722747728e+00
8.577988105280535958e-02,1.570893657023893220e-01,1.224910382056203950e+01
8.530085415056747056e-02,1.550783651518947148e-01,3.436227771939531550e+01
8.798295298408284615e-02,1.429193779849664558e-01,2.216733234897477089e+01
9.314957679364657683e-02,1.695957284391957365e-01,2.093422203214654687e+01
9.249693128734634562e-02,1.518962749399060674e-01,2.047204963587823556e+01
1.073808019657999935e-01,1.381538442864734817e-01,6.392256040525364114e+00
1.098282253776252798e-01,1.555082213685033965e-01,9.412774003167967862e+00
1.006673853762117959e-01,1.419802731905005777e-01,5.686367098419944810e+00
1.040135717497130963e-01,1.424347472489406463e-01,5.682588434298907032e+00
9.755755473687278967e-02,1.467379208551055358e-01,1.279256705875532951e+01
1.032106172278450806e-01,1.900301470731792508e-01,3.520196912796329514e+01
9.745162131245349579e-02,1.411947303147132737e-01,1.221860324989096469e+01
8.767652460194795550e-02,1.408239691737356858e-01,6.754905204893328907e+00
9.468031159317746859e-02,1.515617179275813575e-01,1.311970218527580734e+01
8.929159692361621214e-02,1.436900366543672480e-01,1.104776349720146911e+01
9.429902878978935199e-02,1.542935455442565051e-01,1.060956688421576821e+01
9.339335667080868320e-02,1.467556586413981123e-01,1.372265690978992581e+01
1.076247587681093965e-01,1.588654109809377879e-01,2.693499537467864613e+01
9.738677293591950501e-02,1.537760449050976919e-01,3.610084798331368461e+01
8.486108716219373238e-02,1.544831270418160485e-01,1.314352636310486844e+01
9.668560251170714437e-02,1.522134894994078280e-01,1.236793144283934964e+01
8.579042366687868182e-02,1.776402245845250527e-01,3.970356198728917718e+01
9.893773739378193544e-02,1.670656765174773628e-01,2.990308590411376244e+01
1.015892176514768541e-01,1.736315475750521697e-01,2.102729333069010309e+01
8.864213710532477253e-02,1.682037490534939173e-01,3.682970569269078709e+01
7.332251379922660739e-02,1.648716852631627316e-01,2.780095793943977966e+01
1.011362356693430997e-01,1.553768407379134131e-01,1.241450452838193819e+01
9.770919332567419568e-02,1.583160687442475567e-01,1.805633800634296549e+01
9.792225763259523874e-02,1.477512422671686809e-01,1.404595280760189979e+01
8.746711752259006545e-02,1.727444745151210936e-01,2.248688593475613118e+01
9.264019610768872703e-02,1.459446839479896507e-01,1.194491795326530337e+01
1.012659858486333608e-01,1.570591399605263117e-01,1.245941084714061908e+01
9.526566989368412397e-02,1.470468500084484431e-01,9.765352736569587577e+00
9.103460144833462608e-02,1.870082479203702963e-01,1.829590517345848255e+01
8.258321442380979482e-02,1.618628056795519687e-01,2.626230518314562090e+01
9.225448251133412658e-02,1.409802955307332128e-01,9.260771441251488767e+00
9.048771768203225929e-02,1.507958178058268206e-01,8.186912820250967115e+00
9.889723534044073117e-02,1.478095944298460362e-01,1.431338579621770357e+01
8.377075633922065334e-02,1.544881191621224614e-01,1.999015556910141100e+01
1.000588168056388561e-01,1.499698573319779016e-01,8.000357396890008133e+00
7.882884856998471912e-02,1.715458668791089991e-01,1.476469255832885530e+01
1.146621851913746659e-01,1.638072405021078759e-01,1.480439399776518705e+01
1.007693828378811163e-01,1.565372732575269488e-01,2.513783585293018774e+01
1.150344523194630347e-01,1.576180339493259697e-01,1.135113319805397936e+01
1.037066193899178479e-01,1.724887813002583814e-01,1.894233835543191447e+01
9.772316632243677192e-02,1.731664660428317570e-01,1.590965338209342050e+01
9.731073528997427613e-02,1.536171331833507958e-01,2.722897121263619979e+01
9.980588526279948747e-02,1.503388375276671074e-01,6.390373006305680725e+00
1.095379421657833724e-01,1.686226321469382616e-01,4.697638150734585594e+01
1.089578336072982989e-01,1.699135265368843795e-01,4.850174344564658924e+01
8.025710761397454596e-02,1.775147637220170216e-01,5.004020548059334317e+01
9.917894764207128844e-02,1.620614608687685199e-01,1.082521155313965622e+01
9.135092720601148408e-02,1.481153127423679994e-01,1.833799687744111040e+01
8.361340967501981747e-02,1.512014935291735307e-01,3.259916448060439365e+01
8.590629704374395936e-02,1.643989737810691576e-01,2.531957931433762710e+01
9.660555012287262711e-02,1.505843425928716506e-01,7.769213561712072114e+00
9.573920203771142667e-02,1.538340918725232265e-01,6.619808992192559138e+00
1.070651743924458665e-01,1.635434271972769082e-01,1.543769997555630091e+01
8.600459812506276724e-02,1.660157116390773013e-01,2.892170284599826147e+01
1.030789213072758198e-01,1.610377992519802792e-01,1.704705242630840445e+01
9.047005765475331363e-02,1.395588849788273744e-01,1.448594232976855345e+01
1.092081543683217915e-01,1.722793480626899632e-01,2.442185819122256163e+01
9.740759501441620394e-02,1.508274626351198411e-01,3.058533907942902985e+01
1.006691280072278122e-01,1.685156659674295065e-01,9.738670625589513463e+00
1.104473302154299619e-01,1.881234965565619366e-01,1.132623479126953647e+01
1.055101857952357308e-01,1.804654893116341974e-01,1.089269780968234969e+01
1.080167617217018122e-01,1.711209257701418185e-01,8.119607003404701118e+01
1.028881459865091524e-01,1.811950818303805222e-01,1.114008038937304867e+01
1.175429467968174824e-01,1.647476881012908123e-01,1.278290129758071103e+01
9.038700028317815660e-02,1.469979445010152208e-01,1.876995874197350034e+01
1.024508221706253580e-01,1.432036878997302032e-01,1.117703746817608135e+01
1.024568052253863326e-01,1.399889929026789104e-01,1.172451743824352199e+01
8.251781905267353834e-02,1.480309197856184145e-01,6.248279444123646442e+00
9.264154361678814120e-02,1.512597330981328703e-01,1.062517237241570633e+01
1.003156281474601036e-01,1.551693477955442546e-01,1.352198830311691680e+01
1.055308889688877649e-01,1.336928636192016295e-01,6.088655338398768713e+00
9.526127080890380017e-02,1.422566032468911001e-01,8.901847845146235727e+00
8.758960752219800694e-02,1.481040191431247099e-01,1.147252427477774717e+01
8.470505456879687256e-02,1.459982710509406534e-01,1.387271174719240641e+01
7.355152096414648011e-02,1.638746085403786079e-01,8.714521026693581973e+00
9.336669708654438127e-02,1.620315551085712569e-01,1.328774337731241317e+01
9.594097250755111161e-02,1.580498936203453275e-01,1.303476808694541944e+01
9.356422025460919834e-02,1.726080751642141142e-01,2.816086453649395693e+01
9.763594507480909124e-02,1.439168226355086178e-01,9.334250621181308105e+00
9.389961193379083026e-02,1.527526508491456325e-01,1.568041296458570599e+01
9.522756313707014808e-02,1.651215175353752118e-01,7.137473474211967428e+00
1.068162219498992316e-01,1.512469259773737418e-01,2.084801464123256309e+01
8.738655896330538297e-02,1.708784632166811535e-01,1.655485262251194456e+01
8.915139426511665965e-02,1.686240469499727390e-01,1.327812706493252115e+01
9.277346748315057345e-02,1.491534785297439214e-01,1.261512889298303186e+01
8.674865712742996227e-02,1.537015460424789870e-01,1.304911523787071559e+01
1.145484716253088314e-01,1.677406118605886398e-01,8.932881853937292504e+00
1.109623112946960810e-01,1.515759801474960144e-01,3.212010698493638472e+01
6.002118409112301711e-02,1.950293851807946843e-01,2.297043704309068701e+01
1.086431084609812275e-01,1.393926067768492538e-01,2.282486747954056838e+01
1.042662183266797188e-01,1.570369976111922472e-01,8.246906405047667477e+00
1.070721746434061261e-01,1.549662026601264508e-01,1.241233185201719635e+01
8.494742836614660453e-02,1.504617645540676230e-01,1.046775494434419151e+01
9.217079243267184419e-02,1.493749496065936433e-01,9.539092016732531931e+00
8.599466913572995086e-02,1.630005765416907559e-01,2.579665945552412509e+01
9.917256245421111893e-02,1.594541987348649936e-01,1.462999244611129335e+01
9.295190979943721010e-02,1.480524355582786555e-01,1.309684782580469964e+01
1.038825852233006275e-01,1.378720482198577124e-01,6.619832458225474170e+00
1.020036180211304072e-01,1.473409311909836816e-01,1.081700105669474787e+01
9.916427181665257717e-02,1.415641525104937848e-01,1.018483072335062545e+01
9.839792187584135708e-02,1.500744903302089761e-01,9.355941557877599735e+00
1.019369902628849828e-01,1.632920525117538546e-01,2.487228050078881125e+01
8.812612325449147022e-02,1.665326615408969924e-01,1.030368354839878542e+01
1.067969772046645505e-01,1.606811979372388122e-01,1.770939922553961310e+01
8.106864017595186156e-02,1.490757183953702047e-01,2.361333073766601132e+01
9.729309066944133444e-02,1.751036064422389626e-01,1.579599718828870181e+01
1.056146029264827813e-01,1.565396446748518466e-01,7.260252969958827407e+00
8.762520760212728910e-02,1.503939287136830671e-01,2.375883386080306536e+01
8.999840682386424373e-02,1.584142803699277180e-01,1.414513636680872466e+01
8.537963310900360814e-02,1.705878989438124327e-01,2.327325266066702980e+01
8.158625383327221259e-02,1.539217822888808429e-01,1.755140953328601583e+01
8.355515525000409283e-02,1.701948689592600317e-01,2.155588019085596230e+01
8.247789034768314431e-02,1.526944187036438638e-01,9.172831340760932761e+00
8.999531328704750421e-02,1.558457914319019422e-01,2.072912063595372345e+01
8.397420043658074262e-02,1.567096168159409220e-01,1.873544646433107630e+01
7.944874290330741773e-02,1.696909277947274419e-01,1.448537310052178739e+01
8.979669389146209546e-02,1.584202742312488255e-01,3.578842873582317452e+01
8.754348858271972234e-02,1.600955530446907527e-01,9.325088372390638369e+00
7.958022328295435988e-02,1.325822784073870386e-01,9.252488332729718934e+00
1.052110657022664875e-01,1.706171778051076837e-01,4.916563966583695588e+01
1.042616487731266584e-01,1.690116532872988631e-01,4.652191981403216658e+01
1.013036826760576187e-01,1.759947463941062551e-01,4.411580013457537319e+01
1.103764551780241909e-01,1.518472216715669454e-01,8.250861647483525019e+00
1.098785397786100904e-01,1.533062085322700885e-01,7.948283554678079454e+00
9.430809761591188445e-02,1.753289915509115005e-01,2.439137075909474817e+01
9.328204003578340064e-02,1.521161174666627591e-01,1.743266359232539031e+01
9.931359547147683431e-02,1.473178533212725072e-01,1.230565938865148645e+01
6.760423806275155101e-02,1.501132316516240461e-01,1.376790860270447325e+01
6.747006838030007725e-02,1.636419230631085409e-01,1.011234302374919203e+01
1.151803045769470429e-01,1.506367320943683141e-01,1.697496017098397658e+01
7.630530075747465890e-02,1.562848156951712753e-01,1.232534061164116501e+01
9.624660240854078508e-02,1.584383240559747441e-01,1.616514918802823075e+01
1.068167861724095696e-01,1.493149234001460435e-01,9.097027593970075543e+00
1.115289573700940645e-01,1.476920984620249122e-01,9.722476995127081523e+00
1.155913036268405997e-01,1.563077965719576190e-01,1.186609219732861220e+01
8.964368584013017449e-02,1.432203548741841637e-01,8.681381549361425698e+00
9.469249882245815708e-02,1.496419972014774724e-01,9.465674093811934142e+00
1.158573683423514133e-01,1.526562207808280502e-01,1.316725419638517103e+01
1.040868071978556797e-01,1.381383902411517373e-01,1.796736160703428808e+01
8.355700908542272598e-02,1.786729138441193465e-01,2.188941745998017652e+01
7.339758055563042061e-02,1.657820435786052093e-01,3.479856574648050582e+01
7.825624595499036662e-02,1.567053442610822633e-01,1.016733850280125395e+01
8.437626000004053162e-02,1.615590397681614387e-01,2.467481022433999271e+01
1.036386082545412979e-01,1.565202530767182132e-01,1.180169367909872769e+01
7.676008658345663538e-02,1.644213537604659048e-01,1.313034849713350205e+01
8.034082793515584520e-02,1.554178775375061605e-01,2.081593169858382097e+01
1.193766395410797848e-01,1.457139991318023853e-01,1.094060004765812266e+01
1.193995652577382049e-01,1.501705514442990275e-01,1.366867641638330433e+01
8.804040657669429115e-02,1.594179253853349743e-01,1.948362026360146260e+01
9.721812629073618706e-02,1.822962526739342060e-01,1.432183941838854935e+01
9.308937704433778437e-02,1.534883008558470263e-01,1.476064786364278625e+01
1.070205303182137774e-01,1.684436800269815682e-01,2.172950169063029691e+01
8.947510488179467869e-02,1.426994757549889248e-01,7.295090929872014129e+00
1.003043964338570654e-01,1.738846791342240350e-01,2.745208858142733277e+01
7.753170790384661393e-02,1.565027534164790401e-01,4.344073835456279653e+01
7.676834429306554630e-02,1.558288905065796370e-01,4.610742295928123013e+01
9.931069008220455574e-02,1.537040398342045255e-01,1.437032293550880091e+01
1.053906159048746405e-01,1.511242436783283294e-01,1.765197067974651191e+01
1.060899925995225368e-01,1.683582471240173684e-01,1.098490246375379087e+01
9.133722233744752395e-02,1.465910009006164139e-01,2.922277035079841312e+01
7.054776434335942314e-02,1.737132149498692713e-01,1.414578427081038114e+01
8.092930324062269642e-02,1.551075240912238029e-01,1.994942188259500071e+01
1.001869151047525136e-01,1.665394878281653834e-01,1.883235771858214136e+01
7.813991468252472206e-02,1.783085062993795822e-01,1.459503179518159399e+01
6.817425763641266068e-02,1.778970810290546045e-01,4.113892905703725944e+01
8.077537972057233229e-02,1.566792435856680099e-01,1.902604459193118913e+01
1.069349214464089398e-01,1.617932430579175629e-01,1.554254240619512117e+01
1.042557374877763759e-01,1.587583340744123384e-01,1.471199435062969485e+01
9.440129295966732947e-02,1.516302624946337108e-01,1.107792515287302315e+01
1.133565029425802895e-01,1.446658940006986804e-01,1.007681674322523513e+01
1.112425501767457109e-01,1.388068309648778642e-01,1.060669384162821594e+01
8.401662057811343232e-02,1.630697018100130680e-01,1.612509197492644475e+01
1.136463533344752447e-01,1.563102813606123132e-01,1.740120174515936213e+01
1.119300063248292593e-01,1.528876280438396518e-01,1.550967421995151163e+01
1.039483447106497871e-01,1.665495968378851721e-01,1.857596405061606859e+01
1.002628196878610212e-01,1.461291758408130026e-01,2.185594724744141715e+01
7.487623330313238068e-02,1.786781407673229405e-01,3.028562590161183721e+01
1.017915391170768069e-01,1.355649931015636689e-01,6.638935037730467670e+00
7.599146896764320813e-02,1.432683944186312064e-01,1.164150787769834317e+01
7.772457941149052418e-02,1.604015827535287264e-01,1.212410847483050524e+01
8.839229639687538886e-02,1.621117418940954125e-01,1.196580874808930339e+01
8.962225856004887858e-02,1.472491010584067450e-01,1.633186670241862615e+01
1.088147895935246134e-01,1.615039164519124770e-01,1.057691914550320789e+01
8.539564525979556620e-02,1.596028086769380183e-01,4.452866481362084983e+01
9.293734629500155497e-02,1.716630808825158061e-01,1.307796919355928189e+01
7.147726872841972390e-02,1.580512642694706649e-01,2.028705208205693467e+01
9.985790254488603745e-02,1.471270739939894712e-01,9.682365286935537441e+00
1.071057760653502805e-01,1.486530577378439300e-01,7.925244508538525245e+00
8.537291825829831926e-02,1.689525446877503667e-01,2.492887572760434267e+01
1.072560447701699227e-01,1.502045288534671341e-01,1.215813481883560776e+01
9.330516531383048484e-02,1.627549184815555439e-01,7.706486948695672190e+00
9.752000634332876061e-02,1.504489263118045372e-01,1.473167896630906704e+01
1.013739445529123623e-01,1.584179773229855981e-01,1.121013275895591299e+01
9.722498481141871041e-02,1.588502969259350805e-01,1.135887115511501122e+01
1.003331275951187124e-01,1.345609101206089175e-01,5.743528000633457253e+00
1.087155546839976422e-01,1.369823113463579933e-01,7.364434301557138518e+00
1.047255415734158479e-01,1.392307251004072655e-01,7.304188379251283614e+00
9.037120263487269378e-02,1.645120053856750086e-01,2.237697520708904975e+01
9.061408583949197293e-02,1.564650849691370527e-01,1.511548959246668211e+01
9.585543988238418023e-02,1.524300218607582413e-01,4.164511515998282221e+01
1.046593755579719454e-01,1.565256223655399903e-01,1.864226604982270885e+01
9.074837993759315991e-02,1.501107638175515346e-01,2.255183240448755910e+01
9.548548911490851998e-02,1.570304689913018803e-01,1.127730896681859640e+01
9.825679241868176539e-02,1.474925707818300069e-01,7.272652237602865277e+00
9.825679241868176539e-02,1.474925707818300069e-01,7.272652237602865277e+00
1.043258175778280228e-01,1.521298287814647765e-01,9.990833113833604173e+00
1.061850293942693813e-01,1.595456284148240034e-01,1.184010621009959863e+01
1.125779049616192351e-01,1.639897854794337140e-01,1.033641491565080095e+01
9.360185168945620027e-02,1.306000864636740200e-01,5.940023109517973410e+00
9.675111960726014149e-02,1.453276019184703283e-01,5.395013461817717904e+00
1.086656164974090372e-01,1.492467902152836701e-01,1.067788958429119894e+01
9.763885398679809924e-02,1.618212882723023271e-01,7.877278471857664499e+00
7.148398900581318105e-02,1.636416931514042550e-01,6.033642618034313898e+01
7.839200052692670007e-02,1.602130476112722524e-01,4.616755472655356130e+01
8.427501125074507438e-02,1.616833409889633366e-01,1.893716337053169596e+01
8.477817354136699124e-02,1.743260075651212604e-01,2.105271937916964120e+01
1.079502644913439419e-01,1.819668131615628237e-01,2.415867043141629722e+01
1.003566625306461096e-01,1.605761848745075326e-01,3.613601038127369236e+01
6.227138658819035555e-02,1.404087038246268349e-01,1.706627803930018672e+01
1.195641534639948489e-01,1.657716546954682291e-01,1.006368511066346372e+01
9.886194342336251939e-02,1.504630554735854886e-01,2.423664304657922486e+01
9.233340085473346059e-02,1.519796635904885895e-01,1.455910266839877565e+01
1.080896933712188202e-01,1.566828649576178512e-01,1.620428388572125655e+01
8.396445584088445269e-02,1.570373286954827585e-01,1.400938871330721192e+01
7.234224444222266126e-02,1.509116326636652239e-01,1.459893747247154394e+01
1.120830985920139578e-01,1.769866093399891371e-01,2.173844813194354231e+01
1.044536833077118476e-01,1.819722433053909960e-01,2.327698294767981579e+01
7.954677569497733969e-02,1.480023680228097771e-01,1.071101318129355917e+01
7.605159312559239826e-02,1.709941657997028075e-01,2.012041194770204200e+01
1.162157962064861438e-01,1.521583071207237570e-01,1.751657111450485615e+01
1.093051593634788848e-01,1.868118557231510657e-01,2.531057767202264230e+01
1.065737302218061899e-01,1.730339371145338534e-01,3.038159677755281862e+01
1.046717441209057964e-01,1.714392387011025309e-01,3.693561798830002374e+01
8.211802306829037168e-02,1.616046832139347855e-01,1.644325890383516509e+01
8.242910840663228433e-02,1.465943930550784036e-01,1.822092590879571716e+01
1.100692354160439784e-01,1.606701161412499579e-01,1.130582055750398851e+01
1.119329115047388856e-01,1.555738653805132099e-01,1.321046133554984436e+01
9.378024320218304732e-02,1.599333717223168361e-01,2.471964253126430222e+01
9.089215147435962538e-02,1.584285364054630330e-01,1.258604068545641219e+01
9.552882799301339045e-02,1.794193197209873747e-01,3.032844317614163643e+01
9.343567729197660432e-02,1.400847997610249474e-01,9.110101940365236572e+00
1.030500643958275064e-01,1.468793140338229275e-01,1.094405828491257360e+01
8.255505749187999620e-02,1.384264457071970045e-01,9.246197625119499719e+00
8.006486828204656403e-02,1.713449376994524431e-01,2.821896505616560447e+01
9.796411702418018896e-02,1.614574037447313315e-01,8.983390598031483876e+00
9.477229608489785850e-02,1.632444249612701181e-01,7.576512752519652061e+00
1.173142477945319506e-01,1.499310413973375389e-01,2.866912180667239340e+01
1.034125994726993181e-01,1.630226798244469033e-01,6.199005050202136147e+01
9.029846285813927786e-02,1.682879511816852136e-01,3.463619399765509144e+01
9.111159855637257499e-02,1.672419518437430197e-01,4.025486959986267266e+01
9.726512256106631393e-02,1.600134750960796326e-01,1.545283865446764082e+01
8.600169232962903698e-02,1.555219486010570029e-01,1.622340865802534893e+01
9.484425103584055716e-02,1.696361001668919011e-01,2.477323679699594905e+01
9.344122430171251936e-02,1.399530038159217393e-01,8.187966061609278867e+00
9.344122430171251936e-02,1.399530038159217393e-01,8.187966061609278867e+00
9.743256492501888022e-02,1.591822197468495126e-01,1.685483557964838397e+01
8.449615649025757347e-02,1.603172173314189042e-01,1.323193679649281229e+01
9.802201296426761579e-02,1.659460956280704169e-01,3.577359976098153282e+01
1.014586553501653221e-01,1.637299574251496193e-01,1.392318827495776823e+01
9.936110293677610783e-02,1.559408902844671985e-01,2.017145557272963785e+01
1.129513453956266372e-01,1.622844829320449489e-01,1.517517755469025964e+01
7.259142669877631515e-02,1.608622572706508436e-01,1.988624498231929039e+01
9.536269633074456742e-02,1.610353738616452091e-01,1.102466770022749287e+01
8.922048378284518078e-02,1.631790097287674490e-01,1.322958895950574032e+01
8.216295783122920526e-02,1.509856965178185684e-01,1.595129332059119776e+01
8.689953213238754692e-02,1.543373012020305135e-01,1.591290793302026962e+01
9.044747908701494810e-02,1.724639755261830054e-01,1.141494282003038130e+01
9.327783319208189650e-02,1.526735686167056960e-01,3.533528990977876560e+01
9.327783319208189650e-02,1.526735686167056960e-01,3.533528990977876560e+01
1.035684056385681312e-01,1.405049849644252058e-01,1.172309206184393737e+01
8.344109620332237909e-02,1.715022120590390386e-01,1.461519451907423850e+01
9.475307444183259098e-02,1.625642268860420514e-01,2.175616484428617881e+01
9.457255398542065150e-02,1.473351418847468619e-01,8.732843010089041513e+00
1.095655651259261482e-01,1.346786959446143184e-01,1.231133365510063271e+01
1.120919084507580321e-01,1.340364319357978118e-01,1.657880057283630038e+01
1.092957577705363087e-01,1.546071216687579797e-01,7.776192393701203187e+00
9.362426839643678278e-02,1.358270320088926231e-01,1.522890556129005546e+01
9.070252405743915725e-02,1.415055135429911792e-01,1.059986478309442326e+01
9.937385343958905770e-02,1.433687770395303818e-01,1.635898833418718112e+01
1.144834900552286344e-01,1.589023074825785808e-01,7.536683184592454232e+00
9.012420997773654130e-02,1.704124121914221412e-01,1.308114140594400610e+01
9.473170756216210686e-02,1.486602877571127357e-01,1.457691556877160544e+01
9.478845046585676615e-02,1.568626915930311783e-01,7.986443629720670678e+00
8.198983186857677907e-02,1.502226812973306846e-01,1.702291384295884669e+01
8.144533923950691978e-02,1.647658091426295601e-01,1.895183533112269103e+01
8.047312254692842726e-02,1.523381541234386516e-01,2.095300334861300229e+01
6.574893747242192832e-02,1.564007315557489897e-01,6.580954121580532501e+00
8.664854172525865428e-02,1.724795566103633493e-01,6.113645506556701292e+01
6.785474758846118948e-02,1.794995101572690599e-01,2.657920057784340528e+01
9.229577839642018333e-02,1.373808301373510843e-01,7.408560501907292206e+00
1.080318590012217667e-01,1.563936803262677977e-01,1.318544416851479895e+01
1.029478711094674731e-01,1.556904057022688026e-01,1.987327024064679648e+01
9.685558196953900079e-02,1.586305977140321510e-01,1.770244160645417253e+01
8.399436572787195854e-02,1.536503677957109515e-01,1.579285591127910671e+01
8.921036553135593128e-02,1.508545311043292259e-01,2.085346584131133341e+01
1.006232491633284043e-01,1.598949975251650335e-01,2.108739417206811240e+01
8.144717252197794521e-02,1.464296486723801471e-01,1.484100840999666282e+01
7.953786737997206591e-02,1.711654624772871724e-01,1.778933916439395091e+01
8.472854167786388058e-02,1.547731438315455288e-01,1.997436291655364116e+01
7.881814083442371943e-02,1.683291949484353456e-01,1.393603463363134232e+01
7.848353924137772830e-02,1.718734768305561211e-01,3.806905151585947067e+01
8.212105222050124220e-02,1.679021845971893634e-01,3.435668662031164189e+01
7.303360016052944104e-02,1.662192647277489221e-01,1.664726032977418058e+01
1.346482060269993397e-01,1.525907356424394123e-01,1.355514588853796454e+01
1.020533009509925065e-01,1.603057900588064355e-01,2.464933544395508846e+01
6.676843246281556621e-02,1.605030267904040686e-01,1.405402980381916045e+01
8.976548650182020195e-02,1.458153080076295127e-01,2.087489485721088300e+01
8.017375066192844457e-02,1.530727403202975234e-01,1.211999473242721770e+01
1.114800476981780003e-01,1.448675111950085970e-01,1.824203689337221590e+01
8.508179335529648946e-02,1.484457508076541532e-01,8.477402350307151835e+00
8.526513292087677109e-02,1.515846829575673016e-01,2.223756573822801030e+01
9.036234027581206696e-02,1.616263122927666662e-01,1.951549571578192399e+01
7.901756320488108332e-02,1.434201948092454493e-01,8.631204372576434025e+00
1.020160124497895004e-01,1.629534140722552482e-01,1.683921970973258908e+01
9.746762608670914152e-02,1.641450164437683323e-01,9.056334783625574758e+00
1.048812775542745102e-01,1.535323797504959120e-01,2.722959103358430966e+01
1.090048289653279684e-01,1.594755882454273466e-01,1.039998085521120785e+01
1.043034433850153903e-01,1.605133859581130695e-01,2.439740357257257131e+01
8.371027305342361446e-02,1.667808124130310543e-01,1.690320223503518093e+01
8.134558847549745730e-02,1.650321910215180876e-01,2.910580319331302590e+01
9.858165541289172495e-02,1.470303580547823730e-01,8.870304400407846401e+00
1.213179134590297026e-01,1.451285744916091802e-01,8.270080412964759375e+00
9.357391551757444914e-02,1.299835132141052285e-01,6.541124801150466794e+00
9.480434242303810433e-02,1.435012158522246117e-01,8.049673165960605559e+00
1.104223113942829626e-01,1.376861585639894692e-01,4.435210134504654178e+00
1.187641498426237896e-01,1.403105245238038534e-01,8.090555426176575082e+00
9.978780683553539754e-02,1.356220874843672430e-01,6.294038100089025534e+00
1.096340215378874272e-01,1.566990886480880973e-01,1.509993094279156800e+01
9.193589895733288164e-02,1.580183002236791034e-01,1.958366529518455579e+01
8.877727094508135186e-02,1.622469890180034124e-01,3.845865966871678410e+01
9.615279618633393310e-02,1.540443653512560407e-01,5.956381944352211022e+00
9.553090813656170410e-02,1.563496345870265536e-01,2.427622713055765047e+01
1.010121147918715684e-01,1.562262166514555295e-01,9.474981561488021953e+00
9.980216185339886581e-02,1.593204474225834444e-01,1.533835088599750485e+01
1.095889152897768504e-01,1.694182235827251248e-01,1.646124814579791362e+01
8.510171266543396784e-02,1.467517108282918314e-01,1.451733329904676495e+01
8.080700061773730958e-02,1.696216265980190208e-01,2.841268262863017924e+01
1.084018598350409840e-01,1.725648446852648676e-01,4.393735978232687245e+01
1.261554474291364247e-01,1.451488533599926689e-01,1.246371837216352318e+01
1.129668192799672677e-01,1.500381241808736443e-01,7.029267188156409496e+00
1.234070936737822477e-01,1.641441416511517370e-01,1.538510139811063482e+01
7.688301463328826857e-02,1.597539001029509853e-01,2.372448545444200363e+01
9.023207108119749020e-02,1.639067381003636303e-01,1.756183332172292921e+01
8.631526530032453126e-02,1.629058614320307019e-01,2.904741348434530224e+01
9.760543008588343228e-02,1.552893670761525680e-01,1.357245651523233576e+01
9.482920924971577348e-02,1.861472076176141077e-01,2.847821725042822649e+01
1.177966642281459975e-01,1.640044053503851296e-01,5.481006050456699796e+01
7.070283807630689532e-02,1.493251044654421988e-01,1.209362218357240515e+01
8.987914763864265910e-02,1.616486821028250143e-01,1.443241936884547805e+01
8.500297246522808825e-02,1.596838354054654630e-01,1.412565507301508561e+01
9.773047507027160519e-02,1.528951067590211821e-01,1.609767512107099918e+01
9.435085248191053819e-02,1.517929204425311485e-01,1.121678844417899867e+01
9.848403923604952259e-02,1.632003202817079168e-01,1.003374943070654446e+01
1.008619249481747249e-01,1.464131055549057203e-01,9.508316723457930664e+00
1.061505801900722717e-01,1.543011489817255055e-01,1.204169875982810289e+01
1.061505801900722717e-01,1.543011489817255055e-01,1.204169875982810289e+01
9.262951087825700702e-02,1.432984612002809188e-01,1.897270012571549103e+01
1.112233119147000432e-01,1.548575009300765526e-01,1.778822238874725770e+01
9.681578606388267783e-02,1.750711477730046706e-01,1.650212457476717276e+01
1.076333151628911106e-01,1.616919872354531662e-01,1.903689685976896584e+01
1.075716576480207354e-01,1.539797331605926856e-01,2.888699014246649099e+01
1.062499186873365198e-01,1.581508775468401795e-01,1.315729891224485115e+01
9.101391868641210692e-02,1.596881824673513639e-01,1.343864809402966998e+01
9.028505750609767955e-02,1.635110937407187326e-01,1.596373141605064028e+01
9.301558860610008306e-02,1.554541570726515332e-01,1.006273893139683828e+01
9.326586758951775635e-02,1.688968475297517591e-01,2.139555652537316988e+01
1.131948591523557340e-01,1.470138488879186578e-01,1.028738601817883058e+01
7.687486192136731844e-02,1.652266818224283895e-01,8.711687271810655275e+00
1.277931440196302115e-01,1.606157937580324768e-01,4.133208446294539584e+01
8.147386531034056523e-02,1.793250628046864359e-01,1.389559467383711144e+01
9.087633414811177590e-02,1.645135264882348625e-01,5.895277036122580938e+01
7.409670180564967290e-02,1.642951199168603549e-01,8.353575155218047499e+00
9.711347173518507236e-02,1.584726991987445710e-01,7.049125280680009098e+00
7.512332749113286023e-02,1.547989378744379918e-01,1.943936846713808819e+01
7.214874080835899373e-02,1.483136300110628469e-01,2.807934166931953257e+01
9.268517878028292856e-02,1.459292817100882877e-01,1.945172459872905080e+01
9.268517878028292856e-02,1.459292817100882877e-01,1.945172459872905080e+01
1.094129873983147316e-01,1.813281099884019310e-01,3.397934847544826198e+01
1.247947371549355394e-01,1.572272951289440945e-01,1.795571283189796574e+01
7.418909431259905485e-02,1.630673327153858709e-01,1.688144524627535503e+01
7.940949353158541224e-02,1.779480848674882265e-01,8.886939235998973174e+00
8.361615276235186134e-02,1.599750318008961170e-01,7.800811366721150364e+01
9.715785960638308183e-02,1.693966708050099468e-01,2.523983465751764399e+01
7.577628860926341470e-02,1.507304777636741255e-01,1.315835711149944842e+01
1.047628711145974917e-01,1.722726378106732847e-01,2.591779374656492152e+01
1.076314100179890654e-01,1.511083952440346878e-01,2.794740030333386827e+01
7.770295869748873596e-02,1.599842037244685045e-01,1.377073425480714342e+01
9.162123475768250980e-02,1.635048244311477772e-01,1.480156748574789027e+01
9.162123475768250980e-02,1.635048244311477772e-01,1.480156748574789027e+01
8.282657805003838802e-02,1.553889054969341266e-01,9.355063308914017384e+00
1.025854891203239611e-01,1.445298178868395789e-01,2.031468333133977566e+01
1.039904779647042588e-01,1.560462447281227294e-01,9.172381453833743592e+00
8.389790159746092491e-02,1.581039852276367452e-01,5.727524901431608129e+01
8.716684577726831196e-02,1.605355817950913089e-01,6.482126523453822564e+00
8.184203510534933390e-02,1.549776748026358841e-01,1.983702663119019149e+01
7.750945720980578768e-02,1.582187051076326678e-01,5.717389088894346827e+01
8.207982850287036392e-02,1.699197600922242035e-01,2.564371772454657972e+01
9.364346525316741277e-02,1.537450722330775954e-01,1.671751416304885041e+01
8.962789919375170611e-02,1.675791353464151923e-01,2.091324966615967185e+01
8.563177448204981057e-02,1.470824691259453865e-01,1.016798534472399496e+01
9.905419557188073487e-02,1.533293952116308589e-01,1.929585562921363717e+01
9.082003896380215491e-02,1.642930727144734648e-01,1.687803264358022659e+01
9.731478835895823742e-02,1.505917149025791102e-01,1.730914456900633525e+01
1.016467764046984773e-01,1.630443363873513296e-01,1.963248743264861673e+01
9.386990702346539872e-02,1.587208688985822236e-01,7.898224485371768466e+00
8.264563639367517034e-02,1.403305412886169667e-01,1.455979993996241184e+01
9.399073108748867700e-02,1.647215119684049545e-01,1.100352148061083035e+01
7.362778664065623702e-02,1.628556131032941612e-01,4.620685909019803717e+01
7.135882733610247886e-02,1.802374800860412352e-01,3.476155679909116003e+01
8.894238250121289102e-02,1.510960769975107643e-01,9.267863024519598980e+00
1.016863626331697273e-01,1.594745395534558352e-01,2.144215541471265851e+01
9.440226222135708611e-02,1.680742124223154610e-01,2.421707709300732958e+01
1.030333335610175149e-01,1.585998898375442501e-01,1.797328303352661294e+01
1.002704104083269460e-01,1.599926321021747921e-01,1.352580790051670334e+01
8.932123411842983474e-02,1.542652378769378274e-01,1.825813902182186510e+01
1.119601601379958261e-01,1.626112579343765852e-01,2.569184203812954337e+01
9.586703714871382120e-02,1.450547245190269841e-01,1.065925339199004362e+01
9.123522666118288882e-02,1.477243480254126495e-01,1.015443643502736215e+01
1.033429921534139290e-01,1.701622849372457225e-01,2.763261462493013809e+01
1.011276464805826586e-01,1.594845136117719331e-01,1.681608669839353354e+01
9.024726792615254956e-02,1.602557721425524329e-01,1.049866342363890048e+01
8.539356453847959938e-02,1.491986826550283918e-01,1.993106929931241211e+01
1.084242161649800890e-01,1.597377792009453956e-01,5.653218342210585945e+00
9.806773378655132822e-02,1.640561603751363728e-01,4.365158739250823317e+01
9.802411153321274884e-02,1.574568841881831549e-01,1.742309831270807763e+01
8.686579914111791645e-02,1.596098011404781247e-01,1.244555953462461595e+01
1.121648160962725321e-01,1.604464384844248859e-01,1.104946155150986797e+01
9.547376812495572684e-02,1.686333218069349382e-01,1.524304270123137428e+01
8.357316505041781363e-02,1.626399448250862856e-01,6.589447828594288126e+00
8.731131237188279048e-02,1.669374756861502218e-01,1.840185593419781540e+01
7.595287967013937547e-02,1.468752571167963872e-01,1.078144173103334325e+01
1.033633418290031275e-01,1.416509424046697996e-01,9.843367433901095254e+00
9.790004506114612093e-02,1.392778614416025629e-01,6.788500906735168705e+00
9.480879409130305024e-02,1.386506074105479103e-01,9.257076848546446968e+00
8.962134945715032053e-02,1.573906981893784529e-01,1.679305017724431792e+01
7.050976809908866827e-02,1.759322511907860653e-01,3.347537931411788747e+01
9.187680702684379586e-02,1.670396153007668860e-01,2.364431519539233761e+01
8.367946896300051951e-02,1.579405891500372250e-01,2.660006525130034660e+01
1.075438464454282622e-01,1.316636793671757122e-01,7.026958124632841418e+00
9.799017200315006393e-02,1.354239170585803120e-01,5.511089468136805891e+00
9.799017200315006393e-02,1.354239170585803120e-01,5.511089468136805891e+00
9.844653466756986271e-02,1.642583406109885402e-01,3.391789170409438725e+01
9.487372920094874762e-02,1.468832790610253014e-01,1.360089847774490579e+01
9.170031547497639601e-02,1.381876498767580508e-01,1.198985816762427170e+01
9.218572922781033407e-02,1.931357131643205993e-01,2.370809048809832831e+01
1.210951138194872601e-01,1.609851632200370863e-01,2.472335728129805688e+01
1.070284132946198452e-01,1.710401542251852869e-01,2.054599937824223588e+01
9.642342976883452876e-02,1.627517674641838774e-01,2.450248423566193523e+01
9.564619615755073911e-02,1.555471668765431581e-01,1.094196238943855803e+01
8.638519626582416566e-02,1.564639733348656414e-01,1.220492433080783279e+01
8.378188238458016135e-02,1.512664032270003012e-01,1.131103517687987825e+01
1.046198946948629638e-01,1.678590333835168480e-01,1.048905888210037141e+01
9.834493554806955640e-02,1.645467160197484902e-01,8.175641322140482004e+00
9.485021320520937993e-02,1.686650325332118561e-01,1.823500579020331713e+01
1.035683850604346284e-01,1.507535207351622941e-01,1.554901600986699428e+01
9.602895398553520923e-02,1.552595967469128369e-01,1.010460318049182327e+01
1.047909450734046122e-01,1.243181124686689176e-01,6.602552809083426233e+00
8.137503255056960372e-02,1.297170760047841043e-01,5.677804554223164324e+00
1.062955510365700823e-01,1.567319642491826759e-01,1.484143920409888295e+01
1.002409506382239135e-01,1.594929486040787825e-01,4.181213343850442499e+01
1.209845580050959157e-01,1.703050835321624767e-01,9.456727770319734105e+00
1.028869738113380589e-01,1.801193372695825967e-01,8.753618979090171948e+00
8.666741484827189534e-02,1.493178125571815729e-01,4.803708811002354651e+01
9.207016267680967481e-02,1.521788573155813951e-01,2.429696320486476324e+01
9.272959057116560155e-02,1.507959936736297524e-01,2.115680335115739297e+01
9.312172754018330223e-02,1.589578397154934319e-01,1.492562797427928878e+01
9.968186490478912753e-02,1.652569976212211467e-01,1.277297083764110042e+01
1.121332118825056345e-01,1.388542949236977464e-01,1.051355460993331903e+01
1.051909223010501354e-01,1.294699460112309630e-01,3.597198871405854703e+00
9.758574798312313892e-02,1.320320263110619508e-01,4.765125364552593723e+00
1.089113220947104388e-01,1.453372722514592319e-01,6.493826795947855501e+00
8.460534739568154050e-02,1.324871708581313867e-01,1.434929242181464026e+01
1.110914934613277255e-01,1.523738944605452506e-01,4.003888612217588516e+00
1.081369502249855952e-01,1.407499199063382278e-01,7.393234036956553012e+00
8.733574075671463044e-02,1.570164821786305953e-01,1.205040036824950533e+01
8.897416829249822634e-02,1.508900430946215065e-01,1.446347623224836099e+01
9.228389705842024449e-02,1.982424698811459385e-01,1.869889951442932130e+01
9.710529438829107463e-02,1.570836980986791420e-01,1.358168678299376708e+01
7.612244651567731668e-02,1.655547545925097341e-01,2.879608406681987276e+01
1.009022369566671268e-01,1.406071340650786039e-01,1.462306195844192658e+01
1.026156003836118658e-01,1.469156673908603161e-01,1.099756087001557781e+01
1.222960721931009853e-01,1.403679086833087286e-01,6.164068582072791180e+00
1.173371842756622679e-01,1.494608766167490055e-01,9.240459766385189511e+00
9.199937153863606276e-02,1.457462748287619292e-01,9.050270331439307370e+00
1.015401561445443274e-01,1.519350470729570468e-01,7.536133488514857426e+00
1.036653670946173222e-01,1.815050820064347259e-01,2.299955850796673928e+01
8.347206127605509562e-02,1.388438497089615475e-01,1.454651655901929352e+01
8.777451298781938083e-02,1.316652128358052065e-01,1.125636360401587055e+01
1.034786578206386282e-01,1.325398701536289192e-01,4.480344069401102303e+00
9.320742653104019393e-02,1.383738204791478132e-01,5.419677692556662763e+00
1.006619809123761866e-01,1.766381946899520661e-01,3.764243954696139127e+01
1.023429581280014683e-01,1.608700481148119255e-01,3.376045045502959852e+01
9.043034391627688406e-02,1.627809278560647388e-01,2.689388563157067935e+01
7.837141840723807484e-02,1.572516693159190793e-01,9.266890944014168241e+00
6.575213332828615254e-02,1.477147354816910896e-01,1.090693310254335913e+01
9.314094492327761043e-02,1.524980384962095203e-01,2.438462735710188056e+01
9.597181278648493630e-02,1.648680048343354743e-01,2.201936201763345480e+01
8.784782581795930190e-02,1.810939373562601984e-01,2.565047399296985020e+01
1.017228169942170773e-01,1.481267298800162668e-01,4.904210858583482491e+00
8.244630078278028518e-02,1.638083601056968819e-01,6.326481043589667763e+01
1.213946083646445934e-01,1.726211490618846656e-01,8.601451727504240807e+00
1.163318316541650382e-01,1.427021520086044493e-01,1.503196456709707540e+01
7.471572436365925274e-02,1.635996322638745559e-01,1.023124662613949454e+01
7.542816883579331333e-02,1.582356661775895512e-01,9.693853906248115493e+00
9.810324367437892046e-02,1.665135672693490720e-01,1.232763161564639276e+01
8.690695816845393773e-02,1.607671042727125132e-01,2.087742126677942522e+01
7.187145938687787561e-02,1.551362624956073855e-01,2.033868363069472451e+01
6.853530961882828287e-02,1.537366382261422526e-01,2.214316947558080884e+01
8.172178038236746489e-02,1.818950294722547212e-01,1.828633551553062020e+01
9.395654830492736198e-02,1.613307878526765993e-01,1.301404938879792716e+01
7.312794466543849625e-02,1.512867232965606767e-01,9.305367849445772777e+00
9.773902638750375793e-02,1.616123746397670757e-01,1.180422475511507585e+01
1.042797203840980236e-01,1.585796474244073329e-01,2.703066723384164405e+01
8.768591177304874140e-02,1.695070360547866473e-01,1.835616280043981519e+01
8.768591177304874140e-02,1.695070360547866473e-01,1.835616280043981519e+01
8.006687101136547580e-02,1.604765395385660542e-01,2.268078274779094627e+01
9.349737599894006324e-02,1.509100236275076334e-01,9.503210483212367166e+00
8.479347812751336644e-02,1.637707145114700447e-01,1.428018957716322568e+01
1.095694980363859233e-01,1.522434734149183122e-01,2.358780669934116503e+01
1.045104276047683495e-01,1.539944959086645138e-01,9.861290512626625926e+00
8.971947774280110421e-02,1.563826159112685910e-01,2.140395416118253635e+01
9.105532628351561963e-02,1.449586946982933666e-01,2.860733313447451920e+01
8.723885199297407023e-02,1.668350049293545467e-01,3.390582173181724102e+01
8.828673441923638732e-02,1.568078173055269808e-01,2.226795854707958000e+01
8.765668186604072543e-02,1.669338258616111792e-01,1.963362299340906603e+01
9.922304170335236040e-02,1.326492963293858240e-01,5.544767589445340761e+00
1.239181438478738767e-01,1.357122023753951079e-01,7.390102240855504157e+00
8.862139464035409531e-02,1.383083035340564315e-01,7.529879163728164571e+00
9.541661995881085823e-02,1.379461525108102715e-01,4.319096427345254341e+00
9.178206240221641055e-02,1.462443804035155337e-01,6.154417035096104271e+00
6.194831691963695319e-02,1.694617317452741523e-01,2.179013166985153305e+01
1.135018029515253851e-01,1.500919212181599793e-01,8.432578090584826214e+00
9.007484527329534529e-02,1.522300327925965591e-01,1.207249883709530280e+01
1.000877483683215163e-01,1.583207597614577355e-01,1.867983909807920995e+01
9.420075812850359220e-02,1.672204965349471661e-01,4.638259685922458431e+01
8.557148494668076477e-02,1.808989647584450244e-01,2.545297330316545370e+01
9.703434828097405596e-02,1.526265400978437659e-01,3.410545450149287205e+01
8.303817030590771031e-02,1.752582378786294304e-01,1.070987927514887161e+01
8.370179194505876497e-02,1.780479410270403018e-01,2.823009009678761316e+01
8.684977402304147609e-02,1.533670722424952115e-01,3.012018790657645084e+01
9.416153599142586261e-02,1.613739982836500386e-01,9.083774524890948499e+00
9.106816098504458279e-02,1.622121753867728222e-01,2.896553952176101987e+01
8.285816225658332312e-02,1.470852435789107848e-01,4.220483850154463568e+01
1.018096812813762270e-01,1.613089515745018410e-01,2.613578245584509929e+01
8.085349918835342542e-02,1.650247165265772142e-01,1.227959416632372935e+01
1.022726139992585909e-01,1.419418711770834007e-01,1.307599707988387117e+01
1.058916172355433283e-01,1.441300809694874563e-01,5.993185636330332855e+00
8.782684695888576254e-02,1.605706157598782435e-01,1.451965598153086390e+01
1.032157749123926299e-01,1.629748546747243343e-01,2.549420409738108972e+01
9.632406854361935666e-02,1.651643298017679284e-01,2.640224412336189275e+01
9.803818411830138302e-02,1.556207931772017050e-01,1.169059759917260344e+01
7.400059264099252687e-02,1.510471249626771928e-01,2.051155111535033271e+01
9.935994433800672543e-02,1.506644641589724443e-01,1.628103690224472189e+01
8.697616613293553123e-02,1.653308617030314898e-01,1.775781179637583307e+01
1.055362582249885911e-01,1.692549866702670325e-01,2.348611644886947758e+01
1.032701284256957591e-01,1.510984800375461679e-01,9.765343955005041821e+00
9.266960754294632785e-02,1.630905586675505947e-01,1.081309211833169215e+01
8.570321611359764391e-02,1.572629023544925841e-01,3.792771331519228539e+01
1.036706381839698071e-01,1.710400820166267377e-01,9.535437791564492116e+00
8.730427817532819545e-02,1.699808380126326124e-01,2.134621043616416713e+01
6.350699269580901973e-02,1.581141492830142603e-01,3.134156451911507801e+01
6.416427799102904228e-02,1.590453784097516921e-01,2.609233935404500571e+01
1.113578448726419701e-01,1.667806387405884327e-01,1.820165535663631928e+01
8.392665149959027682e-02,1.615754532765879270e-01,2.174670900008430507e+01
9.549567496629203511e-02,1.562774755173909902e-01,2.437736997754701918e+01
8.968183806130604341e-02,1.382366695808434354e-01,1.280751192094634128e+01
1.054318938697696301e-01,1.418239494842480353e-01,2.016672544241576759e+01
8.033016387820811344e-02,1.566886723380754298e-01,1.058931723946130710e+01
1.145519462405551053e-01,1.384026134041428657e-01,6.055977172850937507e+00
9.413785843284466770e-02,1.536515664740475406e-01,1.506310707433334706e+01
9.668031659229063546e-02,1.609403856904929597e-01,1.900336957898850798e+01
8.453531468123898218e-02,1.619529145948134519e-01,2.217334168916316273e+01
8.908226626096987788e-02,1.510334862026560254e-01,1.543826900858734419e+01
9.622771593615990493e-02,1.503988663362511025e-01,1.088758491982400756e+01
9.231693532828259829e-02,1.493076252134634130e-01,8.430781175718873754e+00
9.798012915039830406e-02,1.442295059850180750e-01,1.490073244319318135e+01
9.502575438054609858e-02,1.544407315344747955e-01,9.761432288544622082e+00
8.279755857092947757e-02,1.624269944539112331e-01,2.081103991570947187e+01
9.149388925707349629e-02,1.658001498772109783e-01,1.228540765144954783e+01
8.902507434166509470e-02,1.629955183076378100e-01,2.478219203710193597e+01
9.916667237011887737e-02,1.531619775166664088e-01,1.132486883937166411e+01
8.975082770284868727e-02,1.644408496508840412e-01,2.523456492168059029e+01
8.461203217222228179e-02,1.590446193302324784e-01,8.802019926210764567e+00
1.237845929343543705e-01,1.600059607557395847e-01,2.986974652788657636e+01
6.762640630885204118e-02,1.576127045373856839e-01,1.115637240994278123e+01
1.081514025059102241e-01,1.562656135675412339e-01,1.934931603715726567e+01
9.867406488434232736e-02,1.665074506302982038e-01,1.135478277971205863e+01
1.054570213285734304e-01,1.644089884580278438e-01,1.306310000348818967e+01
9.746969111955700038e-02,1.689135888963782806e-01,1.151019547151935640e+01
1.059390989059933730e-01,1.428434832555198764e-01,1.511765291486240947e+01
9.935484346958625701e-02,1.418832494554882473e-01,1.077222736940046310e+01
8.040001963539428198e-02,1.369966427679956689e-01,8.826844107714354237e+00
1.127419912560201631e-01,1.505364765313301212e-01,1.446779265475122145e+01
1.157941823930827285e-01,1.649460113782221793e-01,1.486741525531524566e+01
8.429089250578586379e-02,1.468662368949308072e-01,1.224223994038656649e+01
9.683138058188579811e-02,1.705810232210430155e-01,6.372593196794911563e+01
7.129083682678385991e-02,1.641652408472774327e-01,1.114201165643353875e+01
9.972665702393715415e-02,1.606626729938500642e-01,4.152914352305855061e+01
1.032534787871504378e-01,1.640763069261866602e-01,2.319376395920743406e+01
1.000552484358246674e-01,1.659614466948715061e-01,3.993396993899572323e+01
8.782261027029840406e-02,1.515045049512542263e-01,3.228845100501668242e+01
8.888626273291115598e-02,1.699954607574475363e-01,1.413019004573042281e+01
9.515516677337713947e-02,1.519322437175274210e-01,2.583466116806635426e+01
9.566542357795866647e-02,1.433789545960681144e-01,1.872256145858748511e+01
1.110369461163689397e-01,1.446322630327091241e-01,7.384531851764760013e+00
1.016207729799177978e-01,1.419267802888081464e-01,8.834955428080457196e+00
9.873775804797986499e-02,1.656756276205660905e-01,1.235224643215713947e+01
8.604570238716166553e-02,1.370964851257993056e-01,1.099349926673389177e+01
8.091297009091119596e-02,1.606391525071775850e-01,1.196707741909941980e+01
1.206046533699640932e-01,1.670174730759744208e-01,3.373257579582540444e+01
1.153589686156889227e-01,1.694256055763326552e-01,2.757276859555946658e+01
1.052941089910730266e-01,1.665177348898521092e-01,2.223323433692040041e+01
8.910149797834215901e-02,1.476936970904144941e-01,1.855052338792235389e+01
7.795340755172414093e-02,1.746943363538079885e-01,1.850095938739106316e+01
9.328020271114315087e-02,1.677257320850845113e-01,1.902268837152550773e+01
9.855291376069300058e-02,1.967821858564073323e-01,2.706889677407652783e+01
1.015670739367668940e-01,1.739657950210564685e-01,1.472689717268927012e+01
1.057637119691729327e-01,1.672823716118201909e-01,3.654226815408574680e+01
8.252755215036573777e-02,1.631607139604637768e-01,2.172981862943898435e+01
1.008735982084080218e-01,1.696678623662198071e-01,2.167395977689906417e+01
9.548997950382466515e-02,1.635809728035379496e-01,1.377108961367206064e+01
8.499837426538518759e-02,1.458803556138371649e-01,1.637080455712888849e+01
8.882908382550490367e-02,1.583421525720344614e-01,1.308988359069625318e+01
9.841198175137923221e-02,1.485624971219897672e-01,1.653460448623432910e+01
9.892081505780456196e-02,1.470467328291058529e-01,1.785117954790282369e+01
9.029986642236474681e-02,1.947520681795740782e-01,3.495740405013553698e+01
9.698558903255556640e-02,1.684158483351098634e-01,1.707463445871221097e+01
8.668151434203805183e-02,1.498918321589317315e-01,2.585221322887147721e+01
9.247609122099048617e-02,1.602360698783980020e-01,8.677494148658931650e+00
8.835330727886185620e-02,1.527324818551145102e-01,1.707533543466440307e+01
9.466207019721807614e-02,1.604248848481594492e-01,1.038299935067890978e+01
9.466207019721807614e-02,1.604248848481594492e-01,1.038299935067890978e+01
1.069552314561046102e-01,1.577227828825865097e-01,3.094579515869442687e+01
1.161050038803230350e-01,1.633810731695136409e-01,1.380664928885524567e+01
1.194442893229602093e-01,1.647120737657562783e-01,1.331976556635210152e+01
8.814539728416227737e-02,1.509625637854027924e-01,2.218004146694855550e+01
8.127898637005480376e-02,1.753718082998917405e-01,1.067153521605386501e+01
9.262591483399908177e-02,1.800097614443138538e-01,1.324944222631980750e+01
9.023560668806443474e-02,1.766885148236854164e-01,1.575345055753429158e+01
8.134086465322579174e-02,1.575191008224591516e-01,2.587659539668142372e+01
8.731476398163479091e-02,1.791901377740834911e-01,2.386956487236325586e+01
8.188895874423365862e-02,1.711546173284643479e-01,2.194123292141522441e+01
1.089670825705893881e-01,1.412167934739511355e-01,1.004336670309079516e+01
1.047438412705709448e-01,1.465134845482557457e-01,1.269258984815108882e+01
9.183375611228500324e-02,1.503490368104348496e-01,8.597004407007055704e+00
1.008690105846964252e-01,1.391628495817909261e-01,9.573311991843171498e+00
7.571232706583233552e-02,1.494521279034879968e-01,7.908864645298415041e+00
7.740458895068984269e-02,1.535425569418981950e-01,1.118288574798333279e+01
1.047092658351071043e-01,1.566193648586617360e-01,1.125377914427823178e+01
9.529070154613981936e-02,1.594408095204309095e-01,1.765789298965024301e+01
9.900818192654138594e-02,1.539039173729244703e-01,1.166047982147297191e+01
1.204728202121387870e-01,1.439172397495392663e-01,1.723119760331363182e+01
1.119549668176925139e-01,1.606986657999534274e-01,2.632711530703373271e+01
1.130245867343944999e-01,1.735138601860688745e-01,1.338046197585240549e+01
6.865663967289636904e-02,1.381470226809003443e-01,1.593445043916086057e+01
8.126870928446511266e-02,1.680598763339698209e-01,2.338402732789714022e+01
1.040119151773397366e-01,1.332090708475190122e-01,9.352210690658631975e+00
8.869552030982226498e-02,1.581505183074679577e-01,4.479255319652306611e+01
1.117077565875701783e-01,1.557335042350685428e-01,2.398474168701368114e+01
7.463368417592716741e-02,1.452804557873396130e-01,2.954449148528907187e+01
7.698799694630831247e-02,1.498288290081285778e-01,2.755483389907652381e+01
7.151706917531101826e-02,1.449541249517023178e-01,2.154822614867048358e+01
7.019924981806588415e-02,1.484947775204250309e-01,1.114299867758828633e+01
9.359642298471065880e-02,1.573414504411823345e-01,1.378262544738951156e+01
1.231231431788423619e-01,1.651832451940984103e-01,2.209177219263318648e+01
1.234561240721333830e-01,1.596136602119813674e-01,8.816754434941248775e+00
9.307737084795859872e-02,1.408015448588296470e-01,7.056512413861535826e+00
1.084688553426114699e-01,1.427165207167017946e-01,4.537121455126183811e+00
9.521248880565871819e-02,1.435376796354740914e-01,1.015278420770619228e+01
1.042207039301490251e-01,1.481849000148333095e-01,9.144576204547423259e+00
1.126623674218391880e-01,1.411211454440343405e-01,4.930532653199735549e+00
1.150345203847207010e-01,1.435617313347926360e-01,4.544300737672450907e+00
1.000173325029168891e-01,1.480085521388798397e-01,9.521887642665593177e+00
9.541072894893533329e-02,1.487843876008753397e-01,1.761202529238443404e+01
7.225476904417305057e-02,1.488512337113363226e-01,1.442355426278441755e+01
6.829157790106314685e-02,1.542161109653377160e-01,6.771344541048914145e+00
8.391957867274826843e-02,1.431049722473063390e-01,1.166155379230187350e+01
9.776399143590901175e-02,1.502054238335501501e-01,7.320973213850764161e+00
8.819262997611114485e-02,1.476496096701609417e-01,1.466266902280950113e+01
8.122125153567989753e-02,1.409354733456703312e-01,7.718416537699765989e+00
9.789608823963577566e-02,1.715166774042828357e-01,3.031832523536107971e+01
9.295419696699018519e-02,1.407738807592598951e-01,1.510643024676155122e+01
8.591665032402734381e-02,1.695254791044122356e-01,1.506141105362100951e+01
1.042324631862818346e-01,1.433483318382330063e-01,8.107089822784150357e+00
8.010364494733786256e-02,1.570189617258668791e-01,2.008405175991647340e+01
1.207764308712760970e-01,1.546355754067991750e-01,9.963197410192469405e+00
8.876792943799606539e-02,1.666822403278969689e-01,2.032462449606705590e+01
8.719929957960675937e-02,1.491929530892129596e-01,1.286434366602588319e+01
9.049072441863016680e-02,1.691658703942562347e-01,1.343339757404113044e+01
1.268980405713047155e-01,1.459656272959820034e-01,1.163489510136714244e+01
5.529199497473751002e-02,1.564089493953302046e-01,3.937768713725009206e+01
1.084382346663765040e-01,1.629797320535432970e-01,1.744335503334206194e+01
1.036624032640359599e-01,1.615114598339181251e-01,1.817091926439098870e+01
8.763234838886704847e-02,1.547396412449200398e-01,4.903671456186090793e+00
8.470962033336811026e-02,1.451968558515492336e-01,1.771647583630198497e+01
8.651859538018866203e-02,1.627193116461725098e-01,7.270415488420735706e+00
9.801408644272895099e-02,1.521277573956711926e-01,8.373707784467308457e+00
8.485719785047222963e-02,1.665213782564887723e-01,2.071614991524959137e+01
1.081137096962759975e-01,1.477081784567493838e-01,1.022241024940043275e+01
1.016893010099441802e-01,1.537256135048928607e-01,9.495597554876734847e+00
8.535706720125664504e-02,1.576651430436512291e-01,2.833557592858958074e+01
1.076295208481313215e-01,1.498995669331348035e-01,6.709830088804247694e+00
8.978883194559102165e-02,1.454723520471553622e-01,1.813089592888427504e+01
7.080715114684528466e-02,1.595351450324319631e-01,2.273525681727834424e+01
1.074238974713736111e-01,1.563459570116929598e-01,1.209971178892044641e+01
1.057680710881258590e-01,1.638364465025345384e-01,2.260679790457086824e+01
9.516371106349894027e-02,1.480698522519760529e-01,1.118054875113626068e+01
9.887365297029548916e-02,1.481805153722703383e-01,1.149297571371260673e+01
9.545288131541433685e-02,1.656710759593005011e-01,1.101503678353630988e+01
1.151669678673316877e-01,1.499217975401109515e-01,6.202166343361713530e+01
9.483741002120713026e-02,1.611424034220157731e-01,4.516181871131433923e+01
9.645295642196283215e-02,1.585693326564064642e-01,1.576404905677972579e+01
8.422180247891279670e-02,1.468417501571112893e-01,2.769680675864578845e+01
1.012711198050321032e-01,1.462183280018018172e-01,3.409775581187650317e+01
8.131767267868507398e-02,1.787337553478831609e-01,1.470238462629996512e+01
8.567608038170237972e-02,1.490709427790785080e-01,3.077340507986254892e+01
9.203576020713064021e-02,1.596723247105816257e-01,7.178482256671666839e+00
8.238469059421785201e-02,1.498069586135642173e-01,2.036570034441256283e+01
9.048167695365066932e-02,1.798522815662208785e-01,4.014540264693052052e+01
7.984338342477406703e-02,1.721961578242653113e-01,8.338824064183985030e+00
9.528160151619043117e-02,1.419620105834505652e-01,1.319351992115368688e+01
9.968863333824062867e-02,1.437181449736645300e-01,9.156894807764768274e+00
1.071177934037045865e-01,1.315709792150747959e-01,9.974657082165734323e+00
9.777196348376245016e-02,1.431216314508064469e-01,8.618834811475053925e+00
1.056235217790374298e-01,1.426896135673478005e-01,8.605136088033805919e+00
8.837201616966113005e-02,1.345718176481539019e-01,5.782368526880519610e+00
1.059318985475081326e-01,1.323147896031963144e-01,7.814113141385464090e+00
1.070484612458285356e-01,1.563606264793543921e-01,7.469703181272736359e+00
8.079809517819346032e-02,1.538519237169620468e-01,3.130299569544097338e+01
8.726250852762783283e-02,1.695528488122402533e-01,1.906175398881250160e+01
8.726250852762783283e-02,1.695528488122402533e-01,1.906175398881250160e+01
8.118098846830330839e-02,1.634607721816682402e-01,3.636386276317355026e+01
8.911769413133667495e-02,1.625000043663444860e-01,1.326139778187334173e+01
8.898039325150793044e-02,1.569118126984923867e-01,2.562517163469917492e+01
1.163920688636391615e-01,1.693367116117971971e-01,1.842734895032488041e+01
8.756245570308522630e-02,1.590695458449955246e-01,3.402882985541628358e+01
7.664182307629134605e-02,1.736197051950672532e-01,2.115081789087536990e+01
7.455203089534676031e-02,1.745381304651468790e-01,1.767954751800016311e+01
8.272112916658384829e-02,1.625393362978239664e-01,1.303512865741442006e+01
1.128942339560278368e-01,1.604267048292320752e-01,2.168358933316984505e+01
9.054620452737024983e-02,1.605318951840443709e-01,1.332167150062043426e+01
9.562925372435765459e-02,1.428373946012376217e-01,1.068446572300087993e+01
1.075072426215545468e-01,1.657938485717560251e-01,2.287779333977698215e+01
9.274191638744605504e-02,1.603930694005516189e-01,8.006813393224863518e+00
9.989527767812253489e-02,1.563430168000057296e-01,3.632106943762558160e+01
7.540580028555715630e-02,1.465363901916763301e-01,1.454412733801565061e+01
6.545525172176275275e-02,1.456730437996474614e-01,1.301160341617881322e+01
9.446293183308009100e-02,1.376131410012537970e-01,1.124281216787715465e+01
1.058578606565270669e-01,1.502401126341889603e-01,7.642436231323476825e+00
8.626546345863804477e-02,1.577491652591894722e-01,1.015565922839721402e+01
7.667818637807677362e-02,1.513731715627801844e-01,1.731155341055328023e+01
1.009299410971487565e-01,1.578389172629623138e-01,3.332382543409046605e+01
9.081871803883652394e-02,1.614625062827199919e-01,1.348192097684439261e+01
1.091729083421922319e-01,1.631539029344430680e-01,2.866606898887700083e+01
9.263792599135324546e-02,1.780601887374822223e-01,1.845586333737619000e+01
9.897437091841009005e-02,1.323496612790424631e-01,7.944626496462070975e+00
7.084780979548525870e-02,1.608084823756468218e-01,4.039173947729840819e+01
7.602715970900617015e-02,1.784555940554267695e-01,1.663552901918369997e+01
6.945299472691429665e-02,1.640851191939896869e-01,1.543235049622215271e+01
9.139223007697705459e-02,1.498953471350538968e-01,8.810581011939371265e+00
9.794383817035368089e-02,1.456150443757681656e-01,1.461298187976796292e+01
1.037715411155362144e-01,1.560765912726480298e-01,2.373727448118966876e+01
1.037715411155362144e-01,1.560765912726480298e-01,2.373727448118966876e+01
8.683262845551686926e-02,1.620535610973003193e-01,1.252123842507991469e+01
9.658095002379660232e-02,1.538772083832658510e-01,1.080918172129084809e+01
9.134612870369260285e-02,1.516739957506747782e-01,1.298972184958919840e+01
9.665423717572267648e-02,1.441206493661210952e-01,9.040236755536142255e+00
1.058849737380970213e-01,1.372837015886004541e-01,1.104953321035585745e+01
1.265646960498068851e-01,1.609586614770976420e-01,7.801963979907943880e+00
1.101270245245111745e-01,1.532754742377057944e-01,1.070195123282661065e+01
9.879130309381535524e-02,1.565474657721175056e-01,6.744023908055945427e+00
9.906983195985634427e-02,1.476492726369088015e-01,1.013647509598854413e+01
7.363634412187018696e-02,1.595756369741956893e-01,1.150384528713829724e+01
9.859802718760085627e-02,1.617823348123971217e-01,1.077046134296300295e+01
1.137689211921942417e-01,1.658985775475626534e-01,1.709708935207813596e+01
9.857521367336605222e-02,1.611657669489635347e-01,2.249330612242158267e+01
1.004399320381147293e-01,1.510847299678168554e-01,1.316663446959260142e+01
9.864603587332310131e-02,1.626740389211228099e-01,9.978077859110406678e+00
9.698953105704093136e-02,1.544054612568775409e-01,1.765441873801098893e+01
1.129470030548826581e-01,1.517814577267425913e-01,1.164470979146384799e+01
9.996185502515551879e-02,1.700650473347637970e-01,1.695517036094078733e+01
9.953777606719793614e-02,1.365261534059105941e-01,2.186760736251478932e+01
9.904892011652134676e-02,1.349641042700296667e-01,5.934214782269593869e+00
9.122182202624222469e-02,1.457565568092378250e-01,1.352632804674593103e+01
8.718674522519340164e-02,1.724806648669247044e-01,1.103614395904232168e+02
9.357906922985975706e-02,1.406844659583527390e-01,3.845518983617872699e+00
9.174869433993472490e-02,1.402593550755120710e-01,3.468399798977906734e+00
1.028102689921765317e-01,1.767896318277705492e-01,2.218375598757644340e+01
8.843609728500453904e-02,1.585533153120101679e-01,1.000035938963785576e+01
1.047744411235132095e-01,1.752194715236641276e-01,3.651756926873925124e+01
1.149268318669416644e-01,1.434276654494525405e-01,6.282654135644162530e+00
1.109551537791708259e-01,1.377868696203907173e-01,5.872938474709423318e+00
9.164807432142405008e-02,1.670510790162414716e-01,3.045325816033962596e+01
9.158858157520483045e-02,1.531652683738660148e-01,1.077286156918864357e+01
8.450127519815561761e-02,1.601640568204952264e-01,1.568004658369264348e+01
9.381427386774396360e-02,1.641878060330580202e-01,3.492984091368911237e+01
9.999395363389108893e-02,1.410361524665671995e-01,5.704059083421704202e+00
1.064335788067396760e-01,1.510646940252047543e-01,1.636503655077284947e+01
9.610645044787012592e-02,1.565630170054774506e-01,8.863519406314299687e+00
1.042025056606532413e-01,1.522219993238872471e-01,2.188279700538809180e+01
8.333799313170076051e-02,1.608449704341100295e-01,7.425092359795585573e+00
9.000182811565216046e-02,1.482895219948627830e-01,5.428119261313890220e+00
8.699445690931646713e-02,1.530021778102264862e-01,7.885769429190649049e+00
1.027104860125852420e-01,1.348570906701572758e-01,1.377671234626260244e+01
1.068015059246873316e-01,1.325208337298921235e-01,4.365834785516350181e+00
8.420876951622950635e-02,1.381203248835481956e-01,1.110587913673995786e+01
9.605386826213659079e-02,1.470880056131073088e-01,1.274668776719140517e+01
1.030952236607889511e-01,1.516964421340574742e-01,1.568920860403894579e+01
1.101095652356518517e-01,1.528503824325192773e-01,8.964962025666585177e+00
9.868221274395269638e-02,1.440663575858698309e-01,1.291834738136603633e+01
6.760153975434801676e-02,1.609190338856424374e-01,9.346070993924442405e+00
7.078386392724857201e-02,1.381063647435010477e-01,1.007493969459591909e+01
1.146437685679539131e-01,1.581123460637374467e-01,6.989475368993823601e+00
1.051879455321626522e-01,1.417977047629377374e-01,1.349381690318708316e+01
6.478377767169221646e-02,1.718119668237139686e-01,1.717842455513283539e+01
1.004141580227224800e-01,1.563329761222395087e-01,2.945223595931489413e+01
8.577961436682732255e-02,1.641773671142462421e-01,1.413420071691058943e+01
9.254380961403116390e-02,1.624231227067073069e-01,4.050041673854685342e+01
1.045097620684648509e-01,1.717696684292220055e-01,1.926017180529946415e+01
1.013243304944276141e-01,1.668790214999722188e-01,1.283431624352071942e+01
1.014590909349159936e-01,1.718918155477608678e-01,2.773613360730642441e+01
1.074233167262530902e-01,1.628078407520341941e-01,2.003209558464261164e+01
9.218867325908025601e-02,1.323267685833343643e-01,1.300870227498993259e+01
1.083727923072229371e-01,1.769159859775320254e-01,4.556834490987341724e+01
1.081169729131051110e-01,1.673379297192836568e-01,3.177608183606325909e+01
1.119247528216729265e-01,1.627852755605141422e-01,1.979456968478787005e+01
9.396130073996840359e-02,1.617714036640223729e-01,1.726995269958684887e+01
9.396130073996840359e-02,1.617714036640223729e-01,1.726995269958684887e+01
9.534999884562403438e-02,1.562796153936368837e-01,7.610430820281961495e+00
1.049016534653351707e-01,1.545351772373772248e-01,2.455332656056264540e+01
8.696798163673020998e-02,1.536864215776133080e-01,3.744899568170789195e+01
8.601488704648424521e-02,1.722522251938818361e-01,2.100629094727769086e+01
1.054539460203591933e-01,1.435121594498426634e-01,8.826471621202870210e+00
1.096726002482894535e-01,1.437257028745605458e-01,1.228009439903306088e+01
7.871989641925186687e-02,1.682484229762497285e-01,1.919312964056427262e+01
6.590509246494997975e-02,1.714336972287318073e-01,3.379380491808925058e+01
6.501386300252499917e-02,1.534597394155621797e-01,1.600057303712619117e+01
8.906592849091403419e-02,1.556721633606960031e-01,2.049408461255875125e+01
8.475022866727863202e-02,1.836037601448760603e-01,1.313778126704562688e+01
8.656186879033145321e-02,1.600909997280053065e-01,3.299089837822042171e+01
7.743142181249319800e-02,1.553090797100357967e-01,9.668071300272032431e+00
9.540533064883999215e-02,1.594225252823231742e-01,2.806067276727053539e+01
8.087804063287881706e-02,1.742864057130060484e-01,1.983450194177949655e+01
8.306001776755565780e-02,1.486993088161688015e-01,1.723987994164581750e+01
1.132520647927413582e-01,1.757303047401839458e-01,1.998252841013571768e+01
6.453890150857244379e-02,1.495915033406709227e-01,1.783077272140851477e+01
1.065880432150390356e-01,1.662884286690910485e-01,1.436762950590239285e+01
7.862231138415259890e-02,1.601821670346260940e-01,2.087189482584112099e+01
1.047216627439505610e-01,1.545527454601836326e-01,1.167257819996794943e+01
8.151211922784881714e-02,1.806902952987187172e-01,1.372600450265638194e+01
8.630621278284252018e-02,1.773203173118685916e-01,2.538639008890695337e+01
1.025529349868300605e-01,1.578374784483795867e-01,2.399382135380434278e+01
7.838825943075768132e-02,1.648719798436572848e-01,1.603189209050919573e+01
6.696418339257302621e-02,1.572253489084062539e-01,1.601359892945666985e+01
6.283580071087532803e-02,1.536147943329769783e-01,1.605166510343584818e+01
8.127866577118078584e-02,1.709453911577913932e-01,1.056316115040504755e+01
9.195973290017382673e-02,1.536209609017192279e-01,2.189890894557815670e+01
8.752107852372545405e-02,1.770788211773271781e-01,2.592753104269709752e+01
9.348407525887768299e-02,1.654738576281802598e-01,2.753160975597171500e+01
1.078065774467047294e-01,1.478307723365335502e-01,1.725753209340729910e+01
9.221390149461360097e-02,1.705080948987299228e-01,1.423961443546262373e+01
9.051197977005100148e-02,1.471063720210430414e-01,1.986322349265298470e+01
8.563398342412387176e-02,1.576187082113054694e-01,1.535541123224629878e+01
1.038591890748022800e-01,1.305666048416738445e-01,5.109544227263675964e+00
1.031928951474366113e-01,1.477155999678630982e-01,1.285381733779891000e+01
9.537995397585309620e-02,1.522386103644152444e-01,1.506334981151943175e+01
9.233014254113061647e-02,1.589587116263835032e-01,1.178579848269579777e+01
1.138463211671963127e-01,1.678885515400087847e-01,1.462325834604808961e+01
1.097466457979758420e-01,1.592481298850929594e-01,3.814319793919495538e+01
8.513975275644729279e-02,1.612760708190870140e-01,8.374668564097888179e+00
9.623174413644426661e-02,1.731297178893772271e-01,7.029400217353705216e+01
8.561092955104226965e-02,1.664550186505729112e-01,1.639756441674017040e+01
9.832769164832735886e-02,1.491617471577144916e-01,7.251111882827664168e+00
9.832769164832735886e-02,1.491617471577144916e-01,7.251111882827664168e+00
9.842910283779093827e-02,1.613143781282023737e-01,2.169425965902962616e+01
9.834987934371061669e-02,1.381579891681680716e-01,1.049353100604055555e+01
9.544880167244469693e-02,1.742507943107084734e-01,1.707605767304088573e+01
