Y,basis,deflator,rival,T33,certain31,gift,unfunded,shortfall,top,floor_broken,tips_paid_total,tips_min_payment,real_T33
1872,flat_shiller_gs10,0.75,REC,192811.61,150000.00,171405.80,False,0.00,173436.10,,,,256439.19
1872,flat_shiller_gs10,0.75,R1,206999.43,206999.43,206999.43,False,0.00,206999.43,,,,275308.97
1872,flat_shiller_gs10,0.75,R3,162131.75,0.00,81065.87,False,0.00,85931.52,,,,215635.01
1872,flat_shiller_gs10,0.75,R2,73197.37,0.00,36598.68,False,0.00,71169.65,,,,97352.41
1872,flat_shiller_gs10,0.75,R4,84751.78,0.00,42375.89,False,0.00,70398.60,,,,112719.76
1872,flat_shiller_gs10,0.75,R4b,78496.76,0.00,39248.38,False,0.00,72713.70,,,,104400.59
1872,flat_shiller_gs10,0.75,R5,170844.52,0.00,85422.26,False,0.00,86256.86,False,,,227222.99
1872,flat_shiller_gs10,0.75,R5m5,157986.90,0.00,78993.45,False,0.00,80655.37,False,,,210122.38
1872,flat_shiller_gs10,0.75,R6,192811.61,150000.00,171405.80,True,107935.48,173436.10,,392064.52,35061.98,256439.19
1873,flat_shiller_gs10,0.63,REC,203857.22,150000.00,175711.69,False,0.00,175711.69,,,,322379.23
1873,flat_shiller_gs10,0.63,R1,213951.37,213951.37,213951.37,False,0.00,213951.37,,,,338342.10
1873,flat_shiller_gs10,0.63,R3,179409.27,0.00,86450.10,False,0.00,86450.10,,,,283717.31
1873,flat_shiller_gs10,0.63,R2,71003.29,0.00,35501.64,False,0.00,45891.22,,,,112284.40
1873,flat_shiller_gs10,0.63,R4,68580.37,0.00,34290.19,False,0.00,47597.07,,,,108452.81
1873,flat_shiller_gs10,0.63,R4b,62182.34,0.00,31091.17,False,0.00,43888.36,,,,98334.97
1873,flat_shiller_gs10,0.63,R5,183450.99,0.00,86667.98,False,0.00,86667.98,False,,,290108.88
1873,flat_shiller_gs10,0.63,R5m5,167505.96,0.00,79722.90,False,0.00,79722.90,False,,,264893.45
1873,flat_shiller_gs10,0.63,R6,203857.22,150000.00,175711.69,True,107935.48,175711.69,,392064.52,35061.98,322379.23
1874,flat_shiller_gs10,0.80,REC,212277.83,150000.00,171028.93,False,0.00,171028.93,,,,266388.44
1874,flat_shiller_gs10,0.80,R1,206010.17,206010.17,206010.17,False,0.00,206010.17,,,,258523.12
1874,flat_shiller_gs10,0.80,R3,207372.56,0.00,79352.50,False,0.00,79352.50,,,,260232.79
1874,flat_shiller_gs10,0.80,R2,176147.94,0.00,37526.97,False,0.00,37526.97,,,,221048.87
1874,flat_shiller_gs10,0.80,R4,107448.50,0.00,40136.44,False,0.00,40136.44,,,,134837.62
1874,flat_shiller_gs10,0.80,R4b,138837.67,0.00,35985.59,False,0.00,35985.59,,,,174228.04
1874,flat_shiller_gs10,0.80,R5,207388.96,0.00,81293.66,False,0.00,81293.66,False,,,260253.37
1874,flat_shiller_gs10,0.80,R5m5,190588.94,0.00,75168.99,False,0.00,75168.99,False,,,239170.96
1874,flat_shiller_gs10,0.80,R6,212277.83,150000.00,171028.93,True,107935.48,171028.93,,392064.52,35061.98,266388.44
1875,flat_shiller_gs10,0.83,REC,197949.94,150000.00,164553.64,False,0.00,164553.64,,,,239519.64
1875,flat_shiller_gs10,0.83,R1,186986.52,186986.52,186986.52,False,0.00,186986.52,,,,226253.89
1875,flat_shiller_gs10,0.83,R3,210952.03,0.00,74562.95,False,0.00,74562.95,,,,255252.18
1875,flat_shiller_gs10,0.83,R2,226642.01,0.00,38452.71,False,0.00,38452.71,,,,274237.07
1875,flat_shiller_gs10,0.83,R4,139505.31,0.00,36917.49,False,0.00,36917.49,,,,168801.57
1875,flat_shiller_gs10,0.83,R4b,209121.22,0.00,37719.55,False,0.00,37719.55,,,,253036.90
1875,flat_shiller_gs10,0.83,R5,205594.47,0.00,78176.95,False,0.00,78176.95,False,,,248769.53
1875,flat_shiller_gs10,0.83,R5m5,199779.82,0.00,74185.33,False,0.00,74185.33,False,,,241733.79
1875,flat_shiller_gs10,0.83,R6,197949.94,150000.00,164553.64,True,107935.48,164553.64,,392064.52,35061.98,239519.64
1876,flat_shiller_gs10,0.93,REC,176280.35,150000.00,159778.89,False,0.00,159778.89,,,,189460.24
1876,flat_shiller_gs10,0.93,R1,166906.54,166906.54,166906.54,False,0.00,166906.54,,,,179385.59
1876,flat_shiller_gs10,0.93,R3,212131.64,0.00,86020.75,False,0.00,86020.75,,,,227992.01
1876,flat_shiller_gs10,0.93,R2,263501.83,0.00,85739.65,False,0.00,85739.65,,,,283202.99
1876,flat_shiller_gs10,0.93,R4,171915.07,0.00,68257.27,False,0.00,68257.27,,,,184768.59
1876,flat_shiller_gs10,0.93,R4b,276542.56,0.00,96949.49,False,0.00,96949.49,,,,297218.73
1876,flat_shiller_gs10,0.93,R5,196992.65,0.00,81551.85,False,0.00,81551.85,False,,,211721.13
1876,flat_shiller_gs10,0.93,R5m5,219707.06,0.00,82805.05,False,0.00,82805.05,False,,,236133.82
1876,flat_shiller_gs10,0.93,R6,176280.35,150000.00,159778.89,True,107935.48,159778.89,,392064.52,35061.98,189460.24
1877,flat_shiller_gs10,0.93,REC,166861.68,150000.00,157499.45,False,0.00,157499.45,,,,179574.77
1877,flat_shiller_gs10,0.93,R1,160441.54,160441.54,160441.54,False,0.00,160441.54,,,,172665.48
1877,flat_shiller_gs10,0.93,R3,212235.03,0.00,97089.28,False,0.00,97089.28,,,,228405.08
1877,flat_shiller_gs10,0.93,R2,297376.37,0.00,133411.95,False,0.00,133411.95,,,,320033.29
1877,flat_shiller_gs10,0.93,R4,246521.47,0.00,116211.09,False,0.00,116211.09,,,,265303.78
1877,flat_shiller_gs10,0.93,R4b,349451.40,0.00,155195.31,False,0.00,155195.31,,,,376075.89
1877,flat_shiller_gs10,0.93,R5,183524.43,0.00,83646.78,False,0.00,83646.78,False,,,197507.05
1877,flat_shiller_gs10,0.93,R5m5,207623.96,0.00,92596.42,False,0.00,92596.42,False,,,223442.70
1877,flat_shiller_gs10,0.93,R6,166861.68,150000.00,157499.45,True,107935.48,157499.45,,392064.52,35061.98,179574.77
1878,flat_shiller_gs10,0.97,REC,157582.39,150000.00,153791.20,False,0.00,153803.62,,,,162457.09
1878,flat_shiller_gs10,0.97,R1,155069.29,155069.29,155069.29,False,0.00,155069.29,,,,159866.25
1878,flat_shiller_gs10,0.97,R3,196210.88,0.00,96020.81,False,0.00,96020.81,,,,202280.53
1878,flat_shiller_gs10,0.97,R2,297723.22,0.00,148861.61,False,0.00,155906.00,,,,306933.08
1878,flat_shiller_gs10,0.97,R4,291096.93,0.00,145129.60,False,0.00,145129.60,,,,300101.81
1878,flat_shiller_gs10,0.97,R4b,362384.48,0.00,181192.24,False,0.00,185031.15,,,,373594.59
1878,flat_shiller_gs10,0.97,R5,162506.24,0.00,77154.73,False,0.00,77154.73,False,,,167533.26
1878,flat_shiller_gs10,0.97,R5m5,168476.98,0.00,82709.60,False,0.00,82709.60,False,,,173688.69
1878,flat_shiller_gs10,0.97,R6,157582.39,150000.00,153791.20,True,107935.48,153803.62,,392064.52,35061.98,162457.09
1879,flat_shiller_gs10,1.01,REC,148608.87,148608.87,148608.87,False,0.00,148608.87,,,,146900.34
1879,flat_shiller_gs10,1.01,R1,148608.87,148608.87,148608.87,False,0.00,148608.87,,,,146900.34
1879,flat_shiller_gs10,1.01,R3,148780.64,0.00,74390.32,False,0.00,76387.84,,,,147070.14
1879,flat_shiller_gs10,1.01,R2,203381.67,0.00,101690.84,False,0.00,125966.66,,,,201043.44
1879,flat_shiller_gs10,1.01,R4,232359.52,0.00,116179.76,False,0.00,127751.83,,,,229688.14
1879,flat_shiller_gs10,1.01,R4b,251171.74,0.00,125585.87,False,0.00,145349.43,,,,248284.07
1879,flat_shiller_gs10,1.01,R5,147792.93,0.00,68766.02,False,0.00,68766.02,True,,,146093.79
1879,flat_shiller_gs10,1.01,R5m5,147792.93,0.00,68766.02,False,0.00,68766.02,True,,,146093.79
1879,flat_shiller_gs10,1.01,R6,148608.87,148608.87,148608.87,True,106496.60,148608.87,,393503.40,35061.98,146900.34
1880,flat_shiller_gs10,0.84,REC,137990.62,137990.62,137990.62,False,0.00,137990.62,,,,163663.26
1880,flat_shiller_gs10,0.84,R1,137990.62,137990.62,137990.62,False,0.00,137990.62,,,,163663.26
1880,flat_shiller_gs10,0.84,R3,136119.27,0.00,63277.28,False,0.00,63277.28,,,,161443.76
1880,flat_shiller_gs10,0.84,R2,150111.73,0.00,71485.80,False,0.00,71485.80,,,,178039.46
1880,flat_shiller_gs10,0.84,R4,140238.73,0.00,70119.37,False,0.00,75176.55,,,,166329.62
1880,flat_shiller_gs10,0.84,R4b,145525.41,0.00,72762.71,False,0.00,76449.44,,,,172599.87
1880,flat_shiller_gs10,0.84,R5,136266.76,0.00,63457.88,False,0.00,63457.88,True,,,161618.68
1880,flat_shiller_gs10,0.84,R5m5,136266.76,0.00,63457.88,False,0.00,63457.88,True,,,161618.68
1880,flat_shiller_gs10,0.84,R6,137990.62,137990.62,137990.62,True,107935.48,137990.62,,392064.52,35061.98,163663.26
1881,flat_shiller_gs10,0.82,REC,124771.35,124771.35,124771.35,False,0.00,124771.35,,,,152160.49
1881,flat_shiller_gs10,0.82,R1,124771.35,124771.35,124771.35,False,0.00,124771.35,,,,152160.49
1881,flat_shiller_gs10,0.82,R3,123896.69,0.00,51639.34,False,0.00,51639.34,,,,151093.83
1881,flat_shiller_gs10,0.82,R2,129788.99,0.00,32653.81,False,0.00,32653.81,,,,158279.57
1881,flat_shiller_gs10,0.82,R4,99613.59,0.00,37744.63,False,0.00,37744.63,,,,121480.24
1881,flat_shiller_gs10,0.82,R4b,113870.47,0.00,30285.36,False,0.00,30285.36,,,,138866.71
1881,flat_shiller_gs10,0.82,R5,124424.42,0.00,58011.21,False,0.00,58011.21,True,,,151737.41
1881,flat_shiller_gs10,0.82,R5m5,124424.42,0.00,58011.21,False,0.00,58011.21,True,,,151737.41
1881,flat_shiller_gs10,0.82,R6,124771.35,124771.35,124771.35,True,107935.48,124771.35,,392064.52,35061.98,152160.49
1882,flat_shiller_gs10,0.81,REC,121730.52,121730.52,121730.52,False,0.00,121730.52,,,,149714.23
1882,flat_shiller_gs10,0.81,R1,121730.52,121730.52,121730.52,False,0.00,121730.52,,,,149714.23
1882,flat_shiller_gs10,0.81,R3,119012.87,0.00,55117.57,False,0.00,55117.57,,,,146371.85
1882,flat_shiller_gs10,0.81,R2,102582.93,0.00,43028.81,False,0.00,43028.81,,,,126164.95
1882,flat_shiller_gs10,0.81,R4,80243.45,0.00,38270.20,False,0.00,38270.20,,,,98690.01
1882,flat_shiller_gs10,0.81,R4b,103805.78,0.00,43027.23,False,0.00,43027.23,,,,127668.90
1882,flat_shiller_gs10,0.81,R5,122039.23,0.00,56949.19,False,0.00,56949.19,True,,,150093.92
1882,flat_shiller_gs10,0.81,R5m5,122039.23,0.00,56949.19,False,0.00,56949.19,True,,,150093.92
1882,flat_shiller_gs10,0.81,R6,121730.52,121730.52,121730.52,True,107935.48,121730.52,,392064.52,35061.98,149714.23
1883,flat_shiller_gs10,0.83,REC,122034.25,122034.25,122034.25,False,0.00,122034.25,,,,147283.10
1883,flat_shiller_gs10,0.83,R1,122034.25,122034.25,122034.25,False,0.00,122034.25,,,,147283.10
1883,flat_shiller_gs10,0.83,R3,123879.15,0.00,59301.93,False,0.00,59301.93,,,,149509.71
1883,flat_shiller_gs10,0.83,R2,115533.04,0.00,57766.52,False,0.00,61147.04,,,,139436.78
1883,flat_shiller_gs10,0.83,R4,94097.04,0.00,47048.52,False,0.00,52729.46,,,,113565.69
1883,flat_shiller_gs10,0.83,R4b,122645.88,0.00,61322.94,False,0.00,65979.71,,,,148021.27
1883,flat_shiller_gs10,0.83,R5,122044.23,0.00,56928.26,False,0.00,56928.26,True,,,147295.14
1883,flat_shiller_gs10,0.83,R5m5,122044.23,0.00,56928.26,False,0.00,56928.26,True,,,147295.14
1883,flat_shiller_gs10,0.83,R6,122034.25,122034.25,122034.25,True,107935.48,122034.25,,392064.52,35061.98,147283.10
1884,flat_shiller_gs10,0.85,REC,120775.58,120775.58,120775.58,False,0.00,120775.58,,,,142867.99
1884,flat_shiller_gs10,0.85,R1,120775.58,120775.58,120775.58,False,0.00,120775.58,,,,142867.99
1884,flat_shiller_gs10,0.85,R3,134767.60,0.00,60947.74,False,0.00,60947.74,,,,159419.45
1884,flat_shiller_gs10,0.85,R2,151182.52,0.00,64798.34,False,0.00,64798.34,,,,178837.01
1884,flat_shiller_gs10,0.85,R4,122110.02,0.00,61055.01,False,0.00,62322.22,,,,144446.53
1884,flat_shiller_gs10,0.85,R4b,155288.31,0.00,71122.05,False,0.00,71122.05,,,,183693.83
1884,flat_shiller_gs10,0.85,R5,120269.56,0.00,56010.66,False,0.00,56010.66,True,,,142269.41
1884,flat_shiller_gs10,0.85,R5m5,120269.56,0.00,56010.66,False,0.00,56010.66,True,,,142269.41
1884,flat_shiller_gs10,0.85,R6,120775.58,120775.58,120775.58,True,107935.48,120775.58,,392064.52,35061.98,142867.99
1885,flat_shiller_gs10,0.95,REC,115567.83,115567.83,115567.83,False,0.00,115567.83,,,,121137.32
1885,flat_shiller_gs10,0.95,R1,115567.83,115567.83,115567.83,False,0.00,115567.83,,,,121137.32
1885,flat_shiller_gs10,0.95,R3,112507.09,0.00,55198.46,False,0.00,55198.46,,,,117929.08
1885,flat_shiller_gs10,0.95,R2,125949.76,0.00,62974.88,False,0.00,70494.17,,,,132019.59
1885,flat_shiller_gs10,0.95,R4,123267.38,0.00,61633.69,False,0.00,70551.78,,,,129207.94
1885,flat_shiller_gs10,0.95,R4b,148185.83,0.00,74092.91,False,0.00,78565.35,,,,155327.26
1885,flat_shiller_gs10,0.95,R5,115065.46,0.00,53636.65,False,0.00,53636.65,True,,,120610.75
1885,flat_shiller_gs10,0.95,R5m5,115065.46,0.00,53636.65,False,0.00,53636.65,True,,,120610.75
1885,flat_shiller_gs10,0.95,R6,115567.83,115567.83,115567.83,True,107935.48,115567.83,,392064.52,35061.98,121137.32
1886,flat_shiller_gs10,0.92,REC,111022.21,111022.21,111022.21,False,0.00,111022.21,,,,120859.27
1886,flat_shiller_gs10,0.92,R1,111022.21,111022.21,111022.21,False,0.00,111022.21,,,,120859.27
1886,flat_shiller_gs10,0.92,R3,107540.34,0.00,51634.17,False,0.00,51634.17,,,,117068.89
1886,flat_shiller_gs10,0.92,R2,115810.05,0.00,57905.03,False,0.00,59604.97,,,,126071.34
1886,flat_shiller_gs10,0.92,R4,90959.45,0.00,45479.73,False,0.00,55399.49,,,,99018.87
1886,flat_shiller_gs10,0.92,R4b,116625.45,0.00,58312.72,False,0.00,65963.25,,,,126958.98
1886,flat_shiller_gs10,0.92,R5,112260.11,0.00,52345.19,False,0.00,52345.19,True,,,122206.86
1886,flat_shiller_gs10,0.92,R5m5,112260.11,0.00,52345.19,False,0.00,52345.19,True,,,122206.86
1886,flat_shiller_gs10,0.92,R6,111022.21,111022.21,111022.21,True,107935.48,111022.21,,392064.52,35061.98,120859.27
1887,flat_shiller_gs10,0.98,REC,118177.54,118177.54,118177.54,False,0.00,118177.54,,,,121131.75
1887,flat_shiller_gs10,0.98,R1,118177.54,118177.54,118177.54,False,0.00,118177.54,,,,121131.75
1887,flat_shiller_gs10,0.98,R3,117703.03,0.00,52514.73,False,0.00,52514.73,,,,120645.37
1887,flat_shiller_gs10,0.98,R2,109519.00,0.00,39514.73,False,0.00,39514.73,,,,112256.76
1887,flat_shiller_gs10,0.98,R4,82564.11,0.00,39847.65,False,0.00,39847.65,,,,84628.05
1887,flat_shiller_gs10,0.98,R4b,108494.41,0.00,41326.90,False,0.00,41326.90,,,,111206.56
1887,flat_shiller_gs10,0.98,R5,119398.89,0.00,55502.36,False,0.00,55502.36,True,,,122383.63
1887,flat_shiller_gs10,0.98,R5m5,119398.89,0.00,55502.36,False,0.00,55502.36,True,,,122383.63
1887,flat_shiller_gs10,0.98,R6,118177.54,118177.54,118177.54,True,106630.82,118177.54,,393369.18,35917.16,121131.75
1888,flat_shiller_gs10,0.85,REC,122127.53,122127.53,122127.53,False,0.00,122127.53,,,,143582.43
1888,flat_shiller_gs10,0.85,R1,122127.53,122127.53,122127.53,False,0.00,122127.53,,,,143582.43
1888,flat_shiller_gs10,0.85,R3,112075.44,0.00,56037.72,False,0.00,56821.74,,,,131764.43
1888,flat_shiller_gs10,0.85,R2,75626.34,0.00,37813.17,False,0.00,55179.91,,,,88912.09
1888,flat_shiller_gs10,0.85,R4,81888.50,0.00,40944.25,False,0.00,50990.88,,,,96274.36
1888,flat_shiller_gs10,0.85,R4b,99192.58,0.00,49596.29,False,0.00,61367.55,,,,116618.36
1888,flat_shiller_gs10,0.85,R5,121185.09,0.00,56371.28,False,0.00,56371.28,True,,,142474.43
1888,flat_shiller_gs10,0.85,R5m5,121185.09,0.00,56371.28,False,0.00,56371.28,True,,,142474.43
1888,flat_shiller_gs10,0.85,R6,122127.53,122127.53,122127.53,True,106726.54,122127.53,,393273.46,35951.09,143582.43
1889,flat_shiller_gs10,0.79,REC,113267.64,113267.64,113267.64,False,0.00,113267.64,,,,142815.70
1889,flat_shiller_gs10,0.79,R1,113267.64,113267.64,113267.64,False,0.00,113267.64,,,,142815.70
1889,flat_shiller_gs10,0.79,R3,102499.93,0.00,51249.96,False,0.00,51638.48,,,,129239.02
1889,flat_shiller_gs10,0.79,R2,68385.67,0.00,34192.84,False,0.00,53792.98,,,,86225.40
1889,flat_shiller_gs10,0.79,R4,71029.98,0.00,35514.99,False,0.00,49335.97,,,,89559.53
1889,flat_shiller_gs10,0.79,R4b,78315.34,0.00,39157.67,False,0.00,60004.57,,,,98745.42
1889,flat_shiller_gs10,0.79,R5,113303.21,0.00,52731.59,False,0.00,52731.59,True,,,142860.55
1889,flat_shiller_gs10,0.79,R5m5,113303.21,0.00,52731.59,False,0.00,52731.59,True,,,142860.55
1889,flat_shiller_gs10,0.79,R6,113267.64,113267.64,113267.64,True,106695.88,113267.64,,393304.12,35061.98,142815.70
1890,flat_shiller_gs10,0.87,REC,113844.59,113844.59,113844.59,False,0.00,113844.59,,,,131482.42
1890,flat_shiller_gs10,0.87,R1,113844.59,113844.59,113844.59,False,0.00,113844.59,,,,131482.42
1890,flat_shiller_gs10,0.87,R3,110897.25,0.00,50838.28,False,0.00,50838.28,,,,128078.46
1890,flat_shiller_gs10,0.87,R2,80762.62,0.00,35049.67,False,0.00,35049.67,,,,93275.10
1890,flat_shiller_gs10,0.87,R4,71136.06,0.00,35568.03,False,0.00,38683.02,,,,82157.11
1890,flat_shiller_gs10,0.87,R4b,74825.95,0.00,35496.74,False,0.00,35496.74,,,,86418.66
1890,flat_shiller_gs10,0.87,R5,115292.11,0.00,53609.12,False,0.00,53609.12,True,,,133154.21
1890,flat_shiller_gs10,0.87,R5m5,115292.11,0.00,53609.12,False,0.00,53609.12,True,,,133154.21
1890,flat_shiller_gs10,0.87,R6,113844.59,113844.59,113844.59,True,98626.65,113844.59,,401373.35,37266.37,131482.42
1891,flat_shiller_gs10,0.84,REC,121469.67,121469.67,121469.67,False,0.00,121469.67,,,,144028.46
1891,flat_shiller_gs10,0.84,R1,121469.67,121469.67,121469.67,False,0.00,121469.67,,,,144028.46
1891,flat_shiller_gs10,0.84,R3,114457.59,0.00,52320.90,False,0.00,52320.90,,,,135714.13
1891,flat_shiller_gs10,0.84,R2,100345.13,0.00,42051.30,False,0.00,42051.30,,,,118980.76
1891,flat_shiller_gs10,0.84,R4,87797.32,0.00,43898.66,False,0.00,44516.66,,,,104102.63
1891,flat_shiller_gs10,0.84,R4b,99573.83,0.00,43327.64,False,0.00,43327.64,,,,118066.23
1891,flat_shiller_gs10,0.84,R5,121385.95,0.00,56684.85,False,0.00,56684.85,True,,,143929.19
1891,flat_shiller_gs10,0.84,R5m5,121385.95,0.00,56684.85,False,0.00,56684.85,True,,,143929.19
1891,flat_shiller_gs10,0.84,R6,121469.67,121469.67,121469.67,True,98262.21,121469.67,,401737.79,37596.41,144028.46
1892,flat_shiller_gs10,0.89,REC,121996.80,121996.80,121996.80,False,0.00,121996.80,,,,137682.19
1892,flat_shiller_gs10,0.89,R1,121996.80,121996.80,121996.80,False,0.00,121996.80,,,,137682.19
1892,flat_shiller_gs10,0.89,R3,119320.59,0.00,52689.94,False,0.00,52689.94,,,,134661.90
1892,flat_shiller_gs10,0.89,R2,107556.23,0.00,39013.95,False,0.00,39013.95,,,,121384.98
1892,flat_shiller_gs10,0.89,R4,75670.48,0.00,35603.02,False,0.00,35603.02,,,,85399.60
1892,flat_shiller_gs10,0.89,R4b,98796.73,0.00,39415.51,False,0.00,39415.51,,,,111499.24
1892,flat_shiller_gs10,0.89,R5,122824.17,0.00,57269.02,False,0.00,57269.02,True,,,138615.94
1892,flat_shiller_gs10,0.89,R5m5,122824.17,0.00,57269.02,False,0.00,57269.02,True,,,138615.94
1892,flat_shiller_gs10,0.89,R6,121996.80,121996.80,121996.80,True,78677.92,121996.80,,421322.08,40501.69,137682.19
1893,flat_shiller_gs10,0.89,REC,127421.69,127421.69,127421.69,False,0.00,127421.69,,,,143573.90
1893,flat_shiller_gs10,0.89,R1,127421.69,127421.69,127421.69,False,0.00,127421.69,,,,143573.90
1893,flat_shiller_gs10,0.89,R3,144719.35,0.00,60579.99,False,0.00,60579.99,,,,163064.25
1893,flat_shiller_gs10,0.89,R2,154688.00,0.00,45738.35,False,0.00,45738.35,,,,174296.55
1893,flat_shiller_gs10,0.89,R4,98915.63,0.00,41537.42,False,0.00,41537.42,,,,111454.36
1893,flat_shiller_gs10,0.89,R4b,143378.66,0.00,47649.83,False,0.00,47649.83,,,,161553.61
1893,flat_shiller_gs10,0.89,R5,126937.51,0.00,59420.67,False,0.00,59420.67,True,,,143028.35
1893,flat_shiller_gs10,0.89,R5m5,126937.51,0.00,59420.67,False,0.00,59420.67,True,,,143028.35
1893,flat_shiller_gs10,0.89,R6,127421.69,127421.69,127421.69,True,76990.83,127421.69,,423009.17,40321.35,143573.90
1894,flat_shiller_gs10,1.12,REC,123389.00,123389.00,123389.00,False,0.00,123389.00,,,,110009.49
1894,flat_shiller_gs10,1.12,R1,123389.00,123389.00,123389.00,False,0.00,123389.00,,,,110009.49
1894,flat_shiller_gs10,1.12,R3,145502.23,0.00,61655.44,False,0.00,61655.44,,,,129724.90
1894,flat_shiller_gs10,1.12,R2,209122.35,0.00,70867.51,False,0.00,70867.51,,,,186446.46
1894,flat_shiller_gs10,1.12,R4,154198.01,0.00,65301.68,False,0.00,65301.68,,,,137477.76
1894,flat_shiller_gs10,1.12,R4b,220215.39,0.00,79411.52,False,0.00,79411.52,,,,196336.64
1894,flat_shiller_gs10,1.12,R5,121855.35,0.00,57082.73,False,0.00,57082.73,True,,,108642.13
1894,flat_shiller_gs10,1.12,R5m5,121855.35,0.00,57082.73,False,0.00,57082.73,True,,,108642.13
1894,flat_shiller_gs10,1.12,R6,123389.00,123389.00,123389.00,True,34765.26,123389.00,,465234.74,44696.08,110009.49
1895,flat_shiller_gs10,1.16,REC,115227.02,115227.02,115227.02,False,0.00,115227.02,,,,99383.42
1895,flat_shiller_gs10,1.16,R1,115227.02,115227.02,115227.02,False,0.00,115227.02,,,,99383.42
1895,flat_shiller_gs10,1.16,R3,139741.01,0.00,60284.09,False,0.00,60284.09,,,,120526.77
1895,flat_shiller_gs10,1.16,R2,232764.62,0.00,83326.47,False,0.00,83326.47,,,,200759.73
1895,flat_shiller_gs10,1.16,R4,173246.58,0.00,73762.50,False,0.00,73762.50,,,,149425.36
1895,flat_shiller_gs10,1.16,R4b,250217.26,0.00,96596.22,False,0.00,96596.22,,,,215812.65
1895,flat_shiller_gs10,1.16,R5,115800.73,0.00,54437.74,False,0.00,54437.74,True,,,99878.25
1895,flat_shiller_gs10,1.16,R5m5,115800.73,0.00,54437.74,False,0.00,54437.74,True,,,99878.25
1895,flat_shiller_gs10,1.16,R6,115227.02,115227.02,115227.02,True,1446.19,115227.02,,510802.07,49140.78,99383.42
1896,flat_shiller_gs10,1.18,REC,118955.77,118955.77,118955.77,False,0.00,118955.77,,,,100546.02
1896,flat_shiller_gs10,1.18,R1,118955.77,118955.77,118955.77,False,0.00,118955.77,,,,100546.02
1896,flat_shiller_gs10,1.18,R3,150230.84,0.00,64308.59,False,0.00,64308.59,,,,126980.92
1896,flat_shiller_gs10,1.18,R2,254894.84,0.00,90572.08,False,0.00,90572.08,,,,215446.99
1896,flat_shiller_gs10,1.18,R4,186153.54,0.00,82987.52,False,0.00,82987.52,,,,157344.18
1896,flat_shiller_gs10,1.18,R4b,270217.74,0.00,104675.25,False,0.00,104675.25,,,,228398.49
1896,flat_shiller_gs10,1.18,R5,117684.43,0.00,55255.29,False,0.00,55255.29,True,,,99471.44
1896,flat_shiller_gs10,1.18,R5m5,117684.43,0.00,55255.29,False,0.00,55255.29,True,,,99471.44
1896,flat_shiller_gs10,1.18,R6,118955.77,118955.77,118955.77,True,4419.74,118955.77,,506147.17,47901.36,100546.02
1897,flat_shiller_gs10,1.29,REC,110708.92,110708.92,110708.92,False,0.00,110708.92,,,,86107.08
1897,flat_shiller_gs10,1.29,R1,110708.92,110708.92,110708.92,False,0.00,110708.92,,,,86107.08
1897,flat_shiller_gs10,1.29,R3,134936.87,0.00,60008.23,False,0.00,60008.23,,,,104951.08
1897,flat_shiller_gs10,1.29,R2,247457.94,0.00,97222.23,False,0.00,97222.23,,,,192467.61
1897,flat_shiller_gs10,1.29,R4,194195.33,0.00,90346.35,False,0.00,90346.35,,,,151041.07
1897,flat_shiller_gs10,1.29,R4b,277119.33,0.00,113769.37,False,0.00,113769.37,,,,215537.62
1897,flat_shiller_gs10,1.29,R5,110501.78,0.00,51832.98,False,0.00,51832.98,True,,,85945.97
1897,flat_shiller_gs10,1.29,R5m5,110501.78,0.00,51832.98,False,0.00,51832.98,True,,,85945.97
1897,flat_shiller_gs10,1.29,R6,110708.92,110708.92,110708.92,True,2598.12,110708.92,,519943.28,47584.14,86107.08
1898,flat_shiller_gs10,1.21,REC,106594.51,106594.51,106594.51,False,0.00,106594.51,,,,87783.72
1898,flat_shiller_gs10,1.21,R1,106594.51,106594.51,106594.51,False,0.00,106594.51,,,,87783.72
1898,flat_shiller_gs10,1.21,R3,115448.39,0.00,57176.87,False,0.00,57176.87,,,,95075.15
1898,flat_shiller_gs10,1.21,R2,173377.77,0.00,86688.88,False,0.00,95153.17,,,,142781.70
1898,flat_shiller_gs10,1.21,R4,162193.68,0.00,81096.84,False,0.00,86397.97,,,,133571.27
1898,flat_shiller_gs10,1.21,R4b,217001.13,0.00,108500.56,False,0.00,112439.47,,,,178706.82
1898,flat_shiller_gs10,1.21,R5,105520.58,0.00,49385.70,False,0.00,49385.70,True,,,86899.30
1898,flat_shiller_gs10,1.21,R5m5,105520.58,0.00,49385.70,False,0.00,49385.70,True,,,86899.30
1898,flat_shiller_gs10,1.21,R6,106594.51,106594.51,106594.51,True,1209.21,106594.51,,526352.65,48790.79,87783.72
1899,flat_shiller_gs10,1.25,REC,97286.12,97286.12,97286.12,False,0.00,97286.12,,,,77610.59
1899,flat_shiller_gs10,1.25,R1,97286.12,97286.12,97286.12,False,0.00,97286.12,,,,77610.59
1899,flat_shiller_gs10,1.25,R3,111683.62,0.00,50734.92,False,0.00,50734.92,,,,89096.28
1899,flat_shiller_gs10,1.25,R2,199457.89,0.00,82975.97,False,0.00,82975.97,,,,159118.73
1899,flat_shiller_gs10,1.25,R4,150749.89,0.00,75374.94,False,0.00,77168.68,,,,120261.62
1899,flat_shiller_gs10,1.25,R4b,204360.63,0.00,96760.23,False,0.00,96760.23,,,,163029.91
1899,flat_shiller_gs10,1.25,R5,98278.88,0.00,45883.61,False,0.00,45883.61,True,,,78402.57
1899,flat_shiller_gs10,1.25,R5m5,98278.88,0.00,45883.61,False,0.00,45883.61,True,,,78402.57
1899,flat_shiller_gs10,1.25,R6,97286.12,97286.12,97286.12,True,686.29,97286.12,,530078.92,49313.71,77610.59
1900,flat_shiller_gs10,1.07,REC,98795.74,98795.74,98795.74,False,0.00,98795.74,,,,92135.71
1900,flat_shiller_gs10,1.07,R1,98795.74,98795.74,98795.74,False,0.00,98795.74,,,,92135.71
1900,flat_shiller_gs10,1.07,R3,116050.79,0.00,46160.45,False,0.00,46160.45,,,,108227.57
1900,flat_shiller_gs10,1.07,R2,217173.67,0.00,55908.21,False,0.00,55908.21,,,,202533.54
1900,flat_shiller_gs10,1.07,R4,151565.47,0.00,58892.99,False,0.00,58892.99,,,,141348.12
1900,flat_shiller_gs10,1.07,R4b,214913.75,0.00,62541.14,False,0.00,62541.14,,,,200425.96
1900,flat_shiller_gs10,1.07,R5,99109.96,0.00,46291.30,False,0.00,46291.30,True,,,92428.75
1900,flat_shiller_gs10,1.07,R5m5,99109.96,0.00,46291.30,False,0.00,46291.30,True,,,92428.75
1900,flat_shiller_gs10,1.07,R6,98795.74,98795.74,98795.74,True,38673.92,98795.74,,461499.40,43236.72,92135.71
1901,flat_shiller_gs10,1.17,REC,97548.02,97548.02,97548.02,False,0.00,97548.02,,,,83019.71
1901,flat_shiller_gs10,1.17,R1,97548.02,97548.02,97548.02,False,0.00,97548.02,,,,83019.71
1901,flat_shiller_gs10,1.17,R3,112531.12,0.00,47866.92,False,0.00,47866.92,,,,95771.30
1901,flat_shiller_gs10,1.17,R2,210125.75,0.00,70050.42,False,0.00,70050.42,,,,178830.67
1901,flat_shiller_gs10,1.17,R4,147937.32,0.00,62471.70,False,0.00,62471.70,,,,125904.27
1901,flat_shiller_gs10,1.17,R4b,225124.82,0.00,80684.83,False,0.00,80684.83,,,,191595.85
1901,flat_shiller_gs10,1.17,R5,98982.85,0.00,46044.92,False,0.00,46044.92,True,,,84240.83
1901,flat_shiller_gs10,1.17,R5m5,98982.85,0.00,46044.92,False,0.00,46044.92,True,,,84240.83
1901,flat_shiller_gs10,1.17,R6,97548.02,97548.02,97548.02,True,16058.56,97548.02,,488284.37,45968.50,83019.71
1902,flat_shiller_gs10,1.10,REC,101706.41,101706.41,101706.41,False,0.00,101706.41,,,,92862.07
1902,flat_shiller_gs10,1.10,R1,101706.41,101706.41,101706.41,False,0.00,101706.41,,,,92862.07
1902,flat_shiller_gs10,1.10,R3,99513.31,0.00,49756.65,False,0.00,52617.49,,,,90859.68
1902,flat_shiller_gs10,1.10,R2,107454.81,0.00,53727.40,False,0.00,79385.68,,,,98110.59
1902,flat_shiller_gs10,1.10,R4,108446.38,0.00,54223.19,False,0.00,66600.93,,,,99015.93
1902,flat_shiller_gs10,1.10,R4b,152271.52,0.00,76135.76,False,0.00,92220.36,,,,139030.06
1902,flat_shiller_gs10,1.10,R5,103454.66,0.00,48028.81,False,0.00,48028.81,True,,,94458.29
1902,flat_shiller_gs10,1.10,R5m5,103454.66,0.00,48028.81,False,0.00,48028.81,True,,,94458.29
1902,flat_shiller_gs10,1.10,R6,101706.41,101706.41,101706.41,True,25450.69,101706.41,,477333.16,44854.35,92862.07
1903,flat_shiller_gs10,1.06,REC,107248.18,107248.18,107248.18,False,0.00,107248.18,,,,101603.32
1903,flat_shiller_gs10,1.06,R1,107248.18,107248.18,107248.18,False,0.00,107248.18,,,,101603.32
1903,flat_shiller_gs10,1.06,R3,126381.27,0.00,60624.98,False,0.00,60624.98,,,,119729.36
1903,flat_shiller_gs10,1.06,R2,186407.19,0.00,93203.60,False,0.00,94912.47,,,,176595.90
1903,flat_shiller_gs10,1.06,R4,145550.50,0.00,72775.25,False,0.00,85721.21,,,,137889.64
1903,flat_shiller_gs10,1.06,R4b,192272.56,0.00,96136.28,False,0.00,111241.03,,,,182152.55
1903,flat_shiller_gs10,1.06,R5,108516.83,0.00,50390.09,False,0.00,50390.09,True,,,102805.19
1903,flat_shiller_gs10,1.06,R5m5,108516.83,0.00,50390.09,False,0.00,50390.09,True,,,102805.19
1903,flat_shiller_gs10,1.06,R6,107248.18,107248.18,107248.18,True,39229.16,107248.18,,466866.09,42830.20,101603.32
1904,flat_shiller_gs10,1.24,REC,111840.80,111840.80,111840.80,False,0.00,111840.80,,,,90537.42
1904,flat_shiller_gs10,1.24,R1,111840.80,111840.80,111840.80,False,0.00,111840.80,,,,90537.42
1904,flat_shiller_gs10,1.24,R3,127188.91,0.00,49279.93,False,0.00,49279.93,,,,102962.04
1904,flat_shiller_gs10,1.24,R2,238076.74,0.00,59711.54,False,0.00,59711.54,,,,192728.02
1904,flat_shiller_gs10,1.24,R4,180301.86,0.00,68939.30,False,0.00,68939.30,,,,145958.06
1904,flat_shiller_gs10,1.24,R4b,234773.09,0.00,65971.76,False,0.00,65971.76,,,,190053.64
1904,flat_shiller_gs10,1.24,R5,113012.40,0.00,52305.93,False,0.00,52305.93,True,,,91485.86
1904,flat_shiller_gs10,1.24,R5m5,113012.40,0.00,52305.93,False,0.00,52305.93,True,,,91485.86
1904,flat_shiller_gs10,1.24,R6,111840.80,111840.80,111840.80,True,10938.27,111840.80,,528068.44,46399.69,90537.42
1905,flat_shiller_gs10,1.09,REC,114525.30,114525.30,114525.30,False,0.00,114525.30,,,,105079.96
1905,flat_shiller_gs10,1.09,R1,114525.30,114525.30,114525.30,False,0.00,114525.30,,,,105079.96
1905,flat_shiller_gs10,1.09,R3,117363.70,0.00,53602.64,False,0.00,53602.64,,,,107684.27
1905,flat_shiller_gs10,1.09,R2,161003.85,0.00,68573.78,False,0.00,68573.78,,,,147725.25
1905,flat_shiller_gs10,1.09,R4,132934.94,0.00,62940.96,False,0.00,62940.96,,,,121971.29
1905,flat_shiller_gs10,1.09,R4b,183589.29,0.00,76662.61,False,0.00,76662.61,,,,168447.98
1905,flat_shiller_gs10,1.09,R5,114970.73,0.00,53242.74,False,0.00,53242.74,True,,,105488.66
1905,flat_shiller_gs10,1.09,R5m5,114970.73,0.00,53242.74,False,0.00,53242.74,True,,,105488.66
1905,flat_shiller_gs10,1.09,R6,114525.30,114525.30,114525.30,True,17382.75,114525.30,,542300.19,45344.17,105079.96
1906,flat_shiller_gs10,1.07,REC,114672.62,114672.62,114672.62,False,0.00,114672.62,,,,107429.69
1906,flat_shiller_gs10,1.07,R1,114672.62,114672.62,114672.62,False,0.00,114672.62,,,,107429.69
1906,flat_shiller_gs10,1.07,R3,113221.93,0.00,54965.25,False,0.00,54965.25,,,,106070.63
1906,flat_shiller_gs10,1.07,R2,131570.50,0.00,65785.25,False,0.00,72595.35,,,,123260.27
1906,flat_shiller_gs10,1.07,R4,105308.49,0.00,52654.24,False,0.00,59846.47,,,,98657.01
1906,flat_shiller_gs10,1.07,R4b,146726.55,0.00,73363.28,False,0.00,81622.28,,,,137459.04
1906,flat_shiller_gs10,1.07,R5,116731.82,0.00,53961.37,False,0.00,53961.37,True,,,109358.83
1906,flat_shiller_gs10,1.07,R5m5,116731.82,0.00,53961.37,False,0.00,53961.37,True,,,109358.83
1906,flat_shiller_gs10,1.07,R6,114672.62,114672.62,114672.62,True,9240.96,114672.62,,587284.49,46409.53,107429.69
1907,flat_shiller_gs10,1.09,REC,125778.28,125778.28,125778.28,False,0.00,125778.28,,,,115913.43
1907,flat_shiller_gs10,1.09,R1,125778.28,125778.28,125778.28,False,0.00,125778.28,,,,115913.43
1907,flat_shiller_gs10,1.09,R3,144662.02,0.00,66721.99,False,0.00,66721.99,,,,133316.10
1907,flat_shiller_gs10,1.09,R2,164164.71,0.00,71636.74,False,0.00,71636.74,,,,151289.19
1907,flat_shiller_gs10,1.09,R4,138918.85,0.00,68369.30,False,0.00,68369.30,,,,128023.37
1907,flat_shiller_gs10,1.09,R4b,174634.35,0.00,79621.55,False,0.00,79621.55,,,,160937.68
1907,flat_shiller_gs10,1.09,R5,127621.50,0.00,58823.76,False,0.00,58823.76,True,,,117612.08
1907,flat_shiller_gs10,1.09,R5m5,127621.50,0.00,58823.76,False,0.00,58823.76,True,,,117612.08
1907,flat_shiller_gs10,1.09,R6,125778.28,125778.28,125778.28,True,11711.91,125778.28,,592403.62,46729.27,115913.43
1908,flat_shiller_gs10,1.14,REC,132639.48,132639.48,132639.48,False,0.00,132639.48,,,,116105.07
1908,flat_shiller_gs10,1.14,R1,132639.48,132639.48,132639.48,False,0.00,132639.48,,,,116105.07
1908,flat_shiller_gs10,1.14,R3,126688.62,0.00,62550.13,False,0.00,62550.13,,,,110896.02
1908,flat_shiller_gs10,1.14,R2,155785.35,0.00,77892.68,False,0.00,89055.52,,,,136365.64
1908,flat_shiller_gs10,1.14,R4,163498.61,0.00,81749.30,False,0.00,90657.68,,,,143117.39
1908,flat_shiller_gs10,1.14,R4b,188285.71,0.00,94142.85,False,0.00,101342.40,,,,164814.61
1908,flat_shiller_gs10,1.14,R5,132442.08,0.00,61123.31,False,0.00,61123.31,True,,,115932.27
1908,flat_shiller_gs10,1.14,R5m5,132442.08,0.00,61123.31,False,0.00,61123.31,True,,,115932.27
1908,flat_shiller_gs10,1.14,R6,132639.48,132639.48,132639.48,True,2464.57,132639.48,,638337.73,48850.50,116105.07
1909,flat_shiller_gs10,1.12,REC,129642.03,129642.03,129642.03,False,0.00,129642.03,,,,116021.22
1909,flat_shiller_gs10,1.12,R1,129642.03,129642.03,129642.03,False,0.00,129642.03,,,,116021.22
1909,flat_shiller_gs10,1.12,R3,109096.11,0.00,54548.05,False,0.00,57660.64,,,,97633.95
1909,flat_shiller_gs10,1.12,R2,70740.68,0.00,35370.34,False,0.00,68460.83,,,,63308.33
1909,flat_shiller_gs10,1.12,R4,84793.71,0.00,42396.85,False,0.00,65984.12,,,,75884.88
1909,flat_shiller_gs10,1.12,R4b,86273.55,0.00,43136.78,False,0.00,74122.96,,,,77209.24
1909,flat_shiller_gs10,1.12,R5,130982.27,0.00,60017.76,False,0.00,60017.76,True,,,117220.65
1909,flat_shiller_gs10,1.12,R5m5,130982.27,0.00,60017.76,False,0.00,60017.76,True,,,117220.65
1909,flat_shiller_gs10,1.12,R6,129642.03,129642.03,129642.03,True,3010.22,129642.03,,651052.16,48407.24,116021.22
1910,flat_shiller_gs10,1.03,REC,136122.40,136122.40,136122.40,False,0.00,136122.40,,,,132029.98
1910,flat_shiller_gs10,1.03,R1,136122.40,136122.40,136122.40,False,0.00,136122.40,,,,132029.98
1910,flat_shiller_gs10,1.03,R3,130881.74,0.00,58755.37,False,0.00,58755.37,,,,126946.88
1910,flat_shiller_gs10,1.03,R2,101652.91,0.00,41491.34,False,0.00,41491.34,,,,98596.79
1910,flat_shiller_gs10,1.03,R4,75593.36,0.00,37796.68,False,0.00,42787.19,,,,73320.70
1910,flat_shiller_gs10,1.03,R4b,83457.66,0.00,41362.76,False,0.00,41362.76,,,,80948.57
1910,flat_shiller_gs10,1.03,R5,136832.54,0.00,63021.29,False,0.00,63021.29,True,,,132718.77
1910,flat_shiller_gs10,1.03,R5m5,136832.54,0.00,63021.29,False,0.00,63021.29,True,,,132718.77
1910,flat_shiller_gs10,1.03,R6,136122.40,136122.40,136122.40,True,5849.47,136122.40,,619030.83,44825.88,132029.98
1911,flat_shiller_gs10,1.26,REC,139125.27,139125.27,139125.27,False,0.00,139125.27,,,,110689.64
1911,flat_shiller_gs10,1.26,R1,139125.27,139125.27,139125.27,False,0.00,139125.27,,,,110689.64
1911,flat_shiller_gs10,1.26,R3,138404.41,0.00,56563.77,False,0.00,56563.77,,,,110116.11
1911,flat_shiller_gs10,1.26,R2,138892.72,0.00,35319.78,False,0.00,35319.78,,,,110504.62
1911,flat_shiller_gs10,1.26,R4,100253.77,0.00,39209.53,False,0.00,39209.53,,,,79763.03
1911,flat_shiller_gs10,1.26,R4b,126182.16,0.00,34135.24,False,0.00,34135.24,,,,100391.95
1911,flat_shiller_gs10,1.26,R5,139648.85,0.00,64199.74,False,0.00,64199.74,True,,,111106.20
1911,flat_shiller_gs10,1.26,R5m5,139648.85,0.00,64199.74,False,0.00,64199.74,True,,,111106.20
1911,flat_shiller_gs10,1.26,R6,139125.27,139125.27,139125.27,False,0.00,139125.27,,704607.83,54647.57,110689.64
1912,flat_shiller_gs10,1.52,REC,144189.89,144189.89,144189.89,False,0.00,144189.89,,,,95132.13
1912,flat_shiller_gs10,1.52,R1,144189.89,144189.89,144189.89,False,0.00,144189.89,,,,95132.13
1912,flat_shiller_gs10,1.52,R3,124431.57,0.00,62215.79,False,0.00,62518.07,,,,82096.19
1912,flat_shiller_gs10,1.52,R2,84097.88,0.00,42048.94,False,0.00,55120.78,,,,55485.24
1912,flat_shiller_gs10,1.52,R4,79929.73,0.00,39964.86,False,0.00,48200.65,,,,52735.22
1912,flat_shiller_gs10,1.52,R4b,103304.73,0.00,51652.37,False,0.00,58730.80,,,,68157.34
1912,flat_shiller_gs10,1.52,R5,147022.85,0.00,67821.36,False,0.00,67821.36,True,,,97001.24
1912,flat_shiller_gs10,1.52,R5m5,147022.85,0.00,67821.36,False,0.00,67821.36,True,,,97001.24
1912,flat_shiller_gs10,1.52,R6,144189.89,144189.89,144189.89,False,0.00,144189.89,,748321.66,65899.08,95132.13
1913,flat_shiller_gs10,1.70,REC,159797.67,150000.00,154680.95,False,0.00,154680.95,,,,93988.47
1913,flat_shiller_gs10,1.70,R1,158848.08,158848.08,158848.08,False,0.00,158848.08,,,,93429.95
1913,flat_shiller_gs10,1.70,R3,160498.12,0.00,77461.71,False,0.00,77461.71,,,,94400.46
1913,flat_shiller_gs10,1.70,R2,130818.12,0.00,65409.06,False,0.00,70431.00,,,,76943.52
1913,flat_shiller_gs10,1.70,R4,96633.40,0.00,48316.70,False,0.00,60822.71,,,,56837.04
1913,flat_shiller_gs10,1.70,R4b,127630.83,0.00,63815.41,False,0.00,77087.12,,,,75068.85
1913,flat_shiller_gs10,1.70,R5,158515.19,0.00,73911.45,False,0.00,73911.45,False,,,93234.15
1913,flat_shiller_gs10,1.70,R5m5,155606.47,0.00,74398.69,False,0.00,74398.69,False,,,91523.33
1913,flat_shiller_gs10,1.70,R6,159797.67,150000.00,154680.95,False,0.00,154680.95,,713430.15,62502.18,93988.47
1914,flat_shiller_gs10,1.89,REC,148197.43,148197.43,148197.43,False,0.00,148197.43,,,,78411.28
1914,flat_shiller_gs10,1.89,R1,148197.43,148197.43,148197.43,False,0.00,148197.43,,,,78411.28
1914,flat_shiller_gs10,1.89,R3,160825.70,0.00,68277.38,False,0.00,68277.38,,,,85092.90
1914,flat_shiller_gs10,1.89,R2,184810.52,0.00,62275.82,False,0.00,62275.82,,,,97783.27
1914,flat_shiller_gs10,1.89,R4,152583.23,0.00,65580.10,False,0.00,65580.10,,,,80731.81
1914,flat_shiller_gs10,1.89,R4b,187500.77,0.00,66250.22,False,0.00,66250.22,,,,99206.68
1914,flat_shiller_gs10,1.89,R5,148988.86,0.00,68047.73,False,0.00,68047.73,True,,,78830.03
1914,flat_shiller_gs10,1.89,R5m5,148988.86,0.00,68047.73,False,0.00,68047.73,True,,,78830.03
1914,flat_shiller_gs10,1.89,R6,148197.43,148197.43,148197.43,False,0.00,148197.43,,695566.48,59956.09,78411.28
1915,flat_shiller_gs10,1.92,REC,149655.27,149655.27,149655.27,False,0.00,149655.27,,,,77913.26
1915,flat_shiller_gs10,1.92,R1,149655.27,149655.27,149655.27,False,0.00,149655.27,,,,77913.26
1915,flat_shiller_gs10,1.92,R3,120996.99,0.00,60498.50,False,0.00,68240.61,,,,62993.24
1915,flat_shiller_gs10,1.92,R2,79741.85,0.00,39870.92,False,0.00,83718.21,,,,41515.06
1915,flat_shiller_gs10,1.92,R4,118946.77,0.00,59473.38,False,0.00,80168.05,,,,61925.85
1915,flat_shiller_gs10,1.92,R4b,125719.36,0.00,62859.68,False,0.00,93556.34,,,,65451.78
1915,flat_shiller_gs10,1.92,R5,148969.02,0.00,68129.24,False,0.00,68129.24,True,,,77555.98
1915,flat_shiller_gs10,1.92,R5m5,148969.02,0.00,68129.24,False,0.00,68129.24,True,,,77555.98
1915,flat_shiller_gs10,1.92,R6,149655.27,149655.27,149655.27,False,0.00,149655.27,,681689.63,59709.61,77913.26
1916,flat_shiller_gs10,1.68,REC,143802.27,143802.27,143802.27,False,0.00,143802.27,,,,85616.28
1916,flat_shiller_gs10,1.68,R1,143802.27,143802.27,143802.27,False,0.00,143802.27,,,,85616.28
1916,flat_shiller_gs10,1.68,R3,116165.19,0.00,58082.59,False,0.00,63808.31,,,,69161.85
1916,flat_shiller_gs10,1.68,R2,51128.07,0.00,25564.03,False,0.00,73013.67,,,,30440.37
1916,flat_shiller_gs10,1.68,R4,73093.93,0.00,36546.97,False,0.00,67043.68,,,,43518.30
1916,flat_shiller_gs10,1.68,R4b,58468.49,0.00,29234.25,False,0.00,78687.77,,,,34810.68
1916,flat_shiller_gs10,1.68,R5,145142.95,0.00,65821.03,False,0.00,65821.03,True,,,86414.49
1916,flat_shiller_gs10,1.68,R5m5,145142.95,0.00,65821.03,False,0.00,65821.03,True,,,86414.49
1916,flat_shiller_gs10,1.68,R6,143802.27,143802.27,143802.27,False,0.00,143802.27,,655531.64,54805.74,85616.28
1917,flat_shiller_gs10,1.46,REC,154119.35,150000.00,151476.32,False,0.00,151476.32,,,,105785.94
1917,flat_shiller_gs10,1.46,R1,153876.85,153876.85,153876.85,False,0.00,153876.85,,,,105619.49
1917,flat_shiller_gs10,1.46,R3,155382.31,0.00,60968.53,False,0.00,60968.53,,,,106652.82
1917,flat_shiller_gs10,1.46,R2,123492.58,0.00,28693.22,False,0.00,28693.22,,,,84764.03
1917,flat_shiller_gs10,1.46,R4,97924.33,0.00,38631.85,False,0.00,38631.85,,,,67214.25
1917,flat_shiller_gs10,1.46,R4b,89008.01,0.00,23581.77,False,0.00,23581.77,,,,61094.18
1917,flat_shiller_gs10,1.46,R5,152441.19,0.00,68450.16,False,0.00,68450.16,False,,,104634.06
1917,flat_shiller_gs10,1.46,R5m5,144432.60,0.00,65355.84,False,0.00,65355.84,True,,,99137.05
1917,flat_shiller_gs10,1.46,R6,154119.35,150000.00,151476.32,True,5972.47,151476.32,,573835.80,44129.80,105785.94
1918,flat_shiller_gs10,1.26,REC,175477.73,150000.00,155850.17,False,0.00,155850.17,,,,138961.86
1918,flat_shiller_gs10,1.26,R1,166569.32,166569.32,166569.32,False,0.00,166569.32,,,,131907.24
1918,flat_shiller_gs10,1.26,R3,216408.72,0.00,64106.88,False,0.00,64106.88,,,,171375.36
1918,flat_shiller_gs10,1.26,R2,363714.78,0.00,40685.70,False,0.00,40685.70,,,,288027.90
1918,flat_shiller_gs10,1.26,R4,189636.60,0.00,47049.29,False,0.00,47049.29,,,,150174.35
1918,flat_shiller_gs10,1.26,R4b,277336.56,0.00,37228.20,False,0.00,37228.20,,,,219624.48
1918,flat_shiller_gs10,1.26,R5,164060.84,0.00,70215.61,False,0.00,70215.61,False,,,129920.76
1918,flat_shiller_gs10,1.26,R5m5,140562.48,0.00,64572.91,False,0.00,64572.91,True,,,111312.26
1918,flat_shiller_gs10,1.26,R6,175477.73,150000.00,155850.17,True,37569.85,155850.17,,477724.83,35061.98,138961.86
1919,flat_shiller_gs10,1.05,REC,178462.84,150000.00,157374.40,False,0.00,157374.40,,,,170209.95
1919,flat_shiller_gs10,1.05,R1,168066.51,168066.51,168066.51,False,0.00,168066.51,,,,160294.39
1919,flat_shiller_gs10,1.05,R3,220900.09,0.00,70687.14,False,0.00,70687.14,,,,210684.72
1919,flat_shiller_gs10,1.05,R2,355454.04,0.00,58473.66,False,0.00,58473.66,,,,339016.32
1919,flat_shiller_gs10,1.05,R4,191898.14,0.00,48011.47,False,0.00,48011.47,,,,183023.95
1919,flat_shiller_gs10,1.05,R4b,339258.84,0.00,57680.71,False,0.00,57680.71,,,,323570.05
1919,flat_shiller_gs10,1.05,R5,168444.22,0.00,71162.44,False,0.00,71162.44,False,,,160654.63
1919,flat_shiller_gs10,1.05,R5m5,140908.35,0.00,64686.12,False,0.00,64686.12,True,,,134392.14
1919,flat_shiller_gs10,1.05,R6,178462.84,150000.00,157374.40,True,94151.59,157374.40,,405848.41,35061.98,170209.95
1920,flat_shiller_gs10,0.95,REC,244283.59,150000.00,184979.79,False,0.00,184979.79,,,,257930.43
1920,flat_shiller_gs10,0.95,R1,187591.52,187591.52,187591.52,False,0.00,187591.52,,,,198071.27
1920,flat_shiller_gs10,0.95,R3,327397.75,0.00,133639.78,False,0.00,133639.78,,,,345687.74
1920,flat_shiller_gs10,0.95,R2,471704.19,0.00,172623.58,False,0.00,172623.58,,,,498055.83
1920,flat_shiller_gs10,0.95,R4,292067.20,0.00,127512.41,False,0.00,127512.41,,,,308383.46
1920,flat_shiller_gs10,0.95,R4b,513744.43,0.00,202243.23,False,0.00,202243.23,,,,542444.63
1920,flat_shiller_gs10,0.95,R5,474099.32,0.00,153447.53,False,0.00,153447.53,False,,,500584.76
1920,flat_shiller_gs10,0.95,R5m5,684905.35,0.00,218253.37,False,0.00,218253.37,False,,,723167.41
1920,flat_shiller_gs10,0.95,R6,244283.59,150000.00,184979.79,True,107935.48,184979.79,,392064.52,35061.98,257930.43
1921,flat_shiller_gs10,0.91,REC,250595.72,150000.00,185025.66,False,0.00,185025.66,,,,274663.87
1921,flat_shiller_gs10,0.91,R1,185180.29,185180.29,185180.29,False,0.00,185180.29,,,,202965.70
1921,flat_shiller_gs10,0.91,R3,351215.80,0.00,138043.25,False,0.00,138043.25,,,,384947.88
1921,flat_shiller_gs10,0.91,R2,676664.41,0.00,239548.81,False,0.00,239548.81,,,,741653.80
1921,flat_shiller_gs10,0.91,R4,494955.17,0.00,211586.32,False,0.00,211586.32,,,,542492.51
1921,flat_shiller_gs10,0.91,R4b,774844.28,0.00,293388.84,False,0.00,293388.84,,,,849263.22
1921,flat_shiller_gs10,0.91,R5,543957.29,0.00,156871.20,False,0.00,156871.20,False,,,596200.98
1921,flat_shiller_gs10,0.91,R5m5,788527.44,0.00,228655.35,False,0.00,228655.35,False,,,864260.57
1921,flat_shiller_gs10,0.91,R6,250595.72,150000.00,185025.66,True,107935.48,185025.66,,392064.52,35061.98,274663.87
1922,flat_shiller_gs10,1.00,REC,163818.14,150000.00,154415.33,False,0.00,154415.33,,,,163818.02
1922,flat_shiller_gs10,1.00,R1,154743.83,154743.83,154743.83,False,0.00,154743.83,,,,154743.71
1922,flat_shiller_gs10,1.00,R3,295242.37,0.00,109727.77,False,0.00,109727.77,,,,295242.16
1922,flat_shiller_gs10,1.00,R2,754185.20,0.00,242535.95,False,0.00,242535.95,,,,754184.65
1922,flat_shiller_gs10,1.00,R4,557146.23,0.00,227929.99,False,0.00,227929.99,,,,557145.83
1922,flat_shiller_gs10,1.00,R4b,851634.80,0.00,302598.56,False,0.00,302598.56,,,,851634.18
1922,flat_shiller_gs10,1.00,R5,218897.14,0.00,82183.48,False,0.00,82183.48,False,,,218896.98
1922,flat_shiller_gs10,1.00,R5m5,354331.15,0.00,93548.23,False,0.00,93548.23,False,,,354330.89
1922,flat_shiller_gs10,1.00,R6,163818.14,150000.00,154415.33,True,107935.45,154415.33,,392064.55,35061.98,163818.02
1923,flat_shiller_gs10,1.01,REC,160352.34,150000.00,152950.60,False,0.00,152950.60,,,,158476.87
1923,flat_shiller_gs10,1.01,R1,154442.43,154442.43,154442.43,False,0.00,154442.43,,,,152636.08
1923,flat_shiller_gs10,1.01,R3,253814.20,0.00,87776.49,False,0.00,87776.49,,,,250845.61
1923,flat_shiller_gs10,1.01,R2,733111.65,0.00,198830.01,False,0.00,198830.01,,,,724537.23
1923,flat_shiller_gs10,1.01,R4,505350.44,0.00,187072.93,False,0.00,187072.93,,,,499439.90
1923,flat_shiller_gs10,1.01,R4b,800304.81,0.00,246366.51,False,0.00,246366.51,,,,790944.50
1923,flat_shiller_gs10,1.01,R5,177018.54,0.00,73879.07,False,0.00,73879.07,False,,,174948.15
1923,flat_shiller_gs10,1.01,R5m5,223645.06,0.00,76072.49,False,0.00,76072.49,False,,,221029.33
1923,flat_shiller_gs10,1.01,R6,160352.34,150000.00,152950.60,True,106666.85,152950.60,,393333.15,35061.98,158476.87
1924,flat_shiller_gs10,0.99,REC,140946.08,140946.08,140946.08,False,0.00,140946.08,,,,141765.57
1924,flat_shiller_gs10,0.99,R1,140946.08,140946.08,140946.08,False,0.00,140946.08,,,,141765.57
1924,flat_shiller_gs10,0.99,R3,205274.65,0.00,88143.77,False,0.00,88143.77,,,,206468.16
1924,flat_shiller_gs10,0.99,R2,404442.08,0.00,157083.76,False,0.00,157083.76,,,,406793.61
1924,flat_shiller_gs10,0.99,R4,330866.67,0.00,135634.80,False,0.00,135634.80,,,,332790.41
1924,flat_shiller_gs10,0.99,R4b,509410.33,0.00,191176.56,False,0.00,191176.56,,,,512372.17
1924,flat_shiller_gs10,0.99,R5,139914.27,0.00,65486.66,False,0.00,65486.66,True,,,140727.77
1924,flat_shiller_gs10,0.99,R5m5,139914.27,0.00,65486.66,False,0.00,65486.66,True,,,140727.77
1924,flat_shiller_gs10,0.99,R6,140946.08,140946.08,140946.08,True,107935.48,140946.08,,392064.52,35061.98,141765.57
1925,flat_shiller_gs10,0.93,REC,131555.09,131555.09,131555.09,False,0.00,131555.09,,,,141360.41
1925,flat_shiller_gs10,0.93,R1,131555.09,131555.09,131555.09,False,0.00,131555.09,,,,141360.41
1925,flat_shiller_gs10,0.93,R3,151638.48,0.00,75819.24,False,0.00,89879.61,,,,162940.69
1925,flat_shiller_gs10,0.93,R2,238236.22,0.00,119118.11,False,0.00,198453.65,,,,255992.90
1925,flat_shiller_gs10,0.93,R4,296872.58,0.00,148436.29,False,0.00,169952.43,,,,318999.65
1925,flat_shiller_gs10,0.93,R4b,366139.71,0.00,183069.86,False,0.00,246569.00,,,,393429.53
1925,flat_shiller_gs10,0.93,R5,130523.74,0.00,60830.87,False,0.00,60830.87,True,,,140252.19
1925,flat_shiller_gs10,0.93,R5m5,130523.74,0.00,60830.87,False,0.00,60830.87,True,,,140252.19
1925,flat_shiller_gs10,0.93,R6,131555.09,131555.09,131555.09,True,107935.48,131555.09,,392064.52,35061.98,141360.41
1926,flat_shiller_gs10,0.82,REC,121573.56,121573.56,121573.56,False,0.00,121573.56,,,,149052.51
1926,flat_shiller_gs10,0.82,R1,121573.56,121573.56,121573.56,False,0.00,121573.56,,,,149052.51
1926,flat_shiller_gs10,0.82,R3,97896.49,0.00,48948.24,False,0.00,71361.16,,,,120023.78
1926,flat_shiller_gs10,0.82,R2,36264.78,0.00,18132.39,False,0.00,134789.88,,,,44461.61
1926,flat_shiller_gs10,0.82,R4,178782.42,0.00,89391.21,False,0.00,136634.94,,,,219192.15
1926,flat_shiller_gs10,0.82,R4b,116904.66,0.00,58452.33,False,0.00,159242.52,,,,143328.32
1926,flat_shiller_gs10,0.82,R5,119967.63,0.00,56021.22,False,0.00,56021.22,True,,,147083.61
1926,flat_shiller_gs10,0.82,R5m5,119967.63,0.00,56021.22,False,0.00,56021.22,True,,,147083.61
1926,flat_shiller_gs10,0.82,R6,121573.56,121573.56,121573.56,True,107935.48,121573.56,,392064.52,35061.98,149052.51
1927,flat_shiller_gs10,0.74,REC,108195.69,108195.69,108195.69,False,0.00,108195.69,,,,146188.14
1927,flat_shiller_gs10,0.74,R1,108195.69,108195.69,108195.69,False,0.00,108195.69,,,,146188.14
1927,flat_shiller_gs10,0.74,R3,72461.05,0.00,36230.52,False,0.00,47140.30,,,,97905.44
1927,flat_shiller_gs10,0.74,R2,-35341.32,0.00,0.00,True,35341.32,56579.91,,,,-47751.28
1927,flat_shiller_gs10,0.74,R4,81015.79,0.00,40507.90,False,0.00,78872.98,,,,109464.14
1927,flat_shiller_gs10,0.74,R4b,-28748.30,0.00,0.00,True,28748.30,55490.63,,,,-38843.15
1927,flat_shiller_gs10,0.74,R5,108273.75,0.00,50674.81,False,0.00,50674.81,True,,,146293.62
1927,flat_shiller_gs10,0.74,R5m5,108273.75,0.00,50674.81,False,0.00,50674.81,True,,,146293.62
1927,flat_shiller_gs10,0.74,R6,108195.69,108195.69,108195.69,True,107935.48,108195.69,,392064.52,35061.98,146188.14
1928,flat_shiller_gs10,0.76,REC,110168.42,110168.42,110168.42,False,0.00,110168.42,,,,144387.39
1928,flat_shiller_gs10,0.76,R1,110168.42,110168.42,110168.42,False,0.00,110168.42,,,,144387.39
1928,flat_shiller_gs10,0.76,R3,78597.08,0.00,30296.39,False,0.00,30296.39,,,,103009.80
1928,flat_shiller_gs10,0.76,R2,270.89,0.00,0.00,False,0.00,0.00,,,,355.03
1928,flat_shiller_gs10,0.76,R4,-1333.90,0.00,0.00,True,1333.90,0.00,,,,-1748.22
1928,flat_shiller_gs10,0.76,R4b,-76655.06,0.00,0.00,True,76655.06,0.00,,,,-100464.59
1928,flat_shiller_gs10,0.76,R5,111543.55,0.00,52137.31,False,0.00,52137.31,True,,,146189.65
1928,flat_shiller_gs10,0.76,R5m5,111543.55,0.00,52137.31,False,0.00,52137.31,True,,,146189.65
1928,flat_shiller_gs10,0.76,R6,110168.42,110168.42,110168.42,True,107935.48,110168.42,,392064.52,35061.98,144387.39
1929,flat_shiller_gs10,0.78,REC,118008.74,118008.74,118008.74,False,0.00,118008.74,,,,150593.12
1929,flat_shiller_gs10,0.78,R1,118008.74,118008.74,118008.74,False,0.00,118008.74,,,,150593.12
1929,flat_shiller_gs10,0.78,R3,96082.52,0.00,34002.11,False,0.00,34002.11,,,,122612.66
1929,flat_shiller_gs10,0.78,R2,-25806.75,0.00,0.00,True,25806.75,0.00,,,,-32932.46
1929,flat_shiller_gs10,0.78,R4,-58160.65,0.00,0.00,True,58160.65,0.00,,,,-74219.87
1929,flat_shiller_gs10,0.78,R4b,-88182.33,0.00,0.00,True,88182.33,0.00,,,,-112531.09
1929,flat_shiller_gs10,0.78,R5,115730.92,0.00,54431.54,False,0.00,54431.54,True,,,147686.36
1929,flat_shiller_gs10,0.78,R5m5,115730.92,0.00,54431.54,False,0.00,54431.54,True,,,147686.36
1929,flat_shiller_gs10,0.78,R6,118008.74,118008.74,118008.74,True,107320.30,118008.74,,392679.70,35677.16,150593.12
1930,flat_shiller_gs10,0.80,REC,106335.14,106335.14,106335.14,False,0.00,106335.14,,,,132533.52
1930,flat_shiller_gs10,0.80,R1,106335.14,106335.14,106335.14,False,0.00,106335.14,,,,132533.52
1930,flat_shiller_gs10,0.80,R3,118500.15,0.00,45533.85,False,0.00,45533.85,,,,147695.68
1930,flat_shiller_gs10,0.80,R2,97566.02,0.00,3103.89,False,0.00,3103.89,,,,121603.90
1930,flat_shiller_gs10,0.80,R4,-2507.04,0.00,0.00,True,2507.04,0.00,,,,-3124.71
1930,flat_shiller_gs10,0.80,R4b,37628.70,0.00,0.00,False,0.00,0.00,,,,46899.50
1930,flat_shiller_gs10,0.80,R5,105910.16,0.00,50062.07,False,0.00,50062.07,True,,,132003.84
1930,flat_shiller_gs10,0.80,R5m5,105910.16,0.00,50062.07,False,0.00,50062.07,True,,,132003.84
1930,flat_shiller_gs10,0.80,R6,106335.14,106335.14,106335.14,True,106294.22,106335.14,,393705.78,36285.15,132533.52
1931,flat_shiller_gs10,0.87,REC,111261.65,111261.65,111261.65,False,0.00,111261.65,,,,127950.80
1931,flat_shiller_gs10,0.87,R1,111261.65,111261.65,111261.65,False,0.00,111261.65,,,,127950.80
1931,flat_shiller_gs10,0.87,R3,183763.97,0.00,64801.77,False,0.00,64801.77,,,,211328.40
1931,flat_shiller_gs10,0.87,R2,312507.06,0.00,57347.32,False,0.00,57347.32,,,,359382.85
1931,flat_shiller_gs10,0.87,R4,155990.72,0.00,40761.36,False,0.00,40761.36,,,,179389.19
1931,flat_shiller_gs10,0.87,R4b,283543.88,0.00,58309.47,False,0.00,58309.47,,,,326075.22
1931,flat_shiller_gs10,0.87,R5,112520.45,0.00,53279.88,False,0.00,53279.88,True,,,129398.42
1931,flat_shiller_gs10,0.87,R5m5,112520.45,0.00,53279.88,False,0.00,53279.88,True,,,129398.42
1931,flat_shiller_gs10,0.87,R6,111261.65,111261.65,111261.65,True,94712.96,111261.65,,405287.04,38710.28,127950.80
1932,flat_shiller_gs10,0.99,REC,121316.37,121316.37,121316.37,False,0.00,121316.37,,,,123001.23
1932,flat_shiller_gs10,0.99,R1,121316.37,121316.37,121316.37,False,0.00,121316.37,,,,123001.23
1932,flat_shiller_gs10,0.99,R3,176336.62,0.00,88080.49,False,0.00,88080.49,,,,178785.62
1932,flat_shiller_gs10,0.99,R2,315026.01,0.00,157513.00,False,0.00,169346.88,,,,319401.16
1932,flat_shiller_gs10,0.99,R4,305792.55,0.00,146586.41,False,0.00,146586.41,,,,310039.46
1932,flat_shiller_gs10,0.99,R4b,437983.05,0.00,205590.19,False,0.00,205590.19,,,,444065.86
1932,flat_shiller_gs10,0.99,R5,118500.55,0.00,56246.51,False,0.00,56246.51,True,,,120146.31
1932,flat_shiller_gs10,0.99,R5m5,118500.55,0.00,56246.51,False,0.00,56246.51,True,,,120146.31
1932,flat_shiller_gs10,0.99,R6,121316.37,121316.37,121316.37,True,60266.98,121316.37,,441365.51,40575.90,123001.23
1933,flat_shiller_gs10,1.07,REC,105205.24,105205.24,105205.24,False,0.00,105205.24,,,,98441.97
1933,flat_shiller_gs10,1.07,R1,105205.24,105205.24,105205.24,False,0.00,105205.24,,,,98441.97
1933,flat_shiller_gs10,1.07,R3,129464.08,0.00,64732.04,False,0.00,68817.23,,,,121141.31
1933,flat_shiller_gs10,1.07,R2,328412.78,0.00,164206.39,False,0.00,203297.97,,,,307300.31
1933,flat_shiller_gs10,1.07,R4,314433.84,0.00,157216.92,False,0.00,181149.65,,,,294220.02
1933,flat_shiller_gs10,1.07,R4b,403955.87,0.00,201977.93,False,0.00,254777.77,,,,377987.00
1933,flat_shiller_gs10,1.07,R5,103027.63,0.00,49054.04,False,0.00,49054.04,True,,,96404.35
1933,flat_shiller_gs10,1.07,R5m5,103027.63,0.00,49054.04,False,0.00,49054.04,True,,,96404.35
1933,flat_shiller_gs10,1.07,R6,105205.24,105205.24,105205.24,True,15441.67,105205.24,,511306.52,44684.65,98441.97
1934,flat_shiller_gs10,1.06,REC,94947.57,94947.57,94947.57,False,0.00,94947.57,,,,89521.96
1934,flat_shiller_gs10,1.06,R1,94947.57,94947.57,94947.57,False,0.00,94947.57,,,,89521.96
1934,flat_shiller_gs10,1.06,R3,112383.34,0.00,50087.11,False,0.00,50087.11,,,,105961.40
1934,flat_shiller_gs10,1.06,R2,187147.72,0.00,73019.18,False,0.00,73019.18,,,,176453.51
1934,flat_shiller_gs10,1.06,R4,190236.26,0.00,84501.51,False,0.00,84501.51,,,,179365.56
1934,flat_shiller_gs10,1.06,R4b,206052.22,0.00,81067.25,False,0.00,81067.25,,,,194277.74
1934,flat_shiller_gs10,1.06,R5,91791.22,0.00,43909.39,False,0.00,43909.39,True,,,86545.98
1934,flat_shiller_gs10,1.06,R5m5,91791.22,0.00,43909.39,False,0.00,43909.39,True,,,86545.98
1934,flat_shiller_gs10,1.06,R6,94947.57,94947.57,94947.57,True,9760.89,94947.57,,536529.46,45376.55,89521.96
1935,flat_shiller_gs10,1.05,REC,80890.85,80890.85,80890.85,False,0.00,80890.85,,,,76874.99
1935,flat_shiller_gs10,1.05,R1,80890.85,80890.85,80890.85,False,0.00,80890.85,,,,76874.99
1935,flat_shiller_gs10,1.05,R3,80402.13,0.00,39133.31,False,0.00,39133.31,,,,76410.53
1935,flat_shiller_gs10,1.05,R2,121025.91,0.00,60512.95,False,0.00,66988.72,,,,115017.53
1935,flat_shiller_gs10,1.05,R4,137636.06,0.00,68818.03,False,0.00,71019.73,,,,130803.06
1935,flat_shiller_gs10,1.05,R4b,142001.68,0.00,71000.84,False,0.00,75423.66,,,,134951.96
1935,flat_shiller_gs10,1.05,R5,78447.25,0.00,37851.71,False,0.00,37851.71,True,,,74552.71
1935,flat_shiller_gs10,1.05,R5m5,78447.25,0.00,37851.71,False,0.00,37851.71,True,,,74552.71
1935,flat_shiller_gs10,1.05,R6,80890.85,80890.85,80890.85,True,5113.03,80890.85,,556573.42,45749.47,76874.99
1936,flat_shiller_gs10,1.12,REC,75718.90,75718.90,75718.90,False,0.00,75718.90,,,,67414.25
1936,flat_shiller_gs10,1.12,R1,75718.90,75718.90,75718.90,False,0.00,75718.90,,,,67414.25
1936,flat_shiller_gs10,1.12,R3,63615.30,0.00,31774.15,False,0.00,31774.15,,,,56638.14
1936,flat_shiller_gs10,1.12,R2,30815.47,0.00,15407.74,False,0.00,22530.36,,,,27435.71
1936,flat_shiller_gs10,1.12,R4,32840.02,0.00,16420.01,False,0.00,21651.11,,,,29238.21
1936,flat_shiller_gs10,1.12,R4b,26909.32,0.00,13454.66,False,0.00,20726.32,,,,23957.97
1936,flat_shiller_gs10,1.12,R5,75522.21,0.00,35849.14,False,0.00,35849.14,True,,,67239.13
1936,flat_shiller_gs10,1.12,R5m5,75522.21,0.00,35849.14,False,0.00,35849.14,True,,,67239.13
1936,flat_shiller_gs10,1.12,R6,75718.90,75718.90,75718.90,True,1165.77,75718.90,,571572.81,48834.23,67414.25
1937,flat_shiller_gs10,1.21,REC,75838.48,75838.48,75838.48,False,0.00,75838.48,,,,62824.78
1937,flat_shiller_gs10,1.21,R1,75838.48,75838.48,75838.48,False,0.00,75838.48,,,,62824.78
1937,flat_shiller_gs10,1.21,R3,82865.44,0.00,37818.10,False,0.00,37818.10,,,,68645.93
1937,flat_shiller_gs10,1.21,R2,53485.49,0.00,8556.67,False,0.00,8556.67,,,,44307.51
1937,flat_shiller_gs10,1.21,R4,24083.02,0.00,7906.11,False,0.00,7906.11,,,,19950.43
1937,flat_shiller_gs10,1.21,R4b,31698.39,0.00,4812.60,False,0.00,4812.60,,,,26259.02
1937,flat_shiller_gs10,1.21,R5,74849.77,0.00,35399.08,False,0.00,35399.08,True,,,62005.72
1937,flat_shiller_gs10,1.21,R5m5,74849.77,0.00,35399.08,False,0.00,35399.08,True,,,62005.72
1937,flat_shiller_gs10,1.21,R6,75838.48,75838.48,75838.48,False,0.00,75838.48,,594144.27,52484.43,62824.78
1938,flat_shiller_gs10,1.21,REC,69447.69,69447.69,69447.69,False,0.00,69447.69,,,,57473.91
1938,flat_shiller_gs10,1.21,R1,69447.69,69447.69,69447.69,False,0.00,69447.69,,,,57473.91
1938,flat_shiller_gs10,1.21,R3,78327.32,0.00,31502.20,False,0.00,31502.20,,,,64822.56
1938,flat_shiller_gs10,1.21,R2,159059.04,0.00,30455.15,False,0.00,30455.15,,,,131634.98
1938,flat_shiller_gs10,1.21,R4,98991.94,0.00,32075.02,False,0.00,32075.02,,,,81924.31
1938,flat_shiller_gs10,1.21,R4b,143271.42,0.00,32266.24,False,0.00,32266.24,,,,118569.37
1938,flat_shiller_gs10,1.21,R5,68351.27,0.00,32509.25,False,0.00,32509.25,True,,,56566.53
1938,flat_shiller_gs10,1.21,R5m5,68351.27,0.00,32509.25,False,0.00,32509.25,True,,,56566.53
1938,flat_shiller_gs10,1.21,R6,69447.69,69447.69,69447.69,False,0.00,69447.69,,604400.28,52471.03,57473.91
1939,flat_shiller_gs10,1.27,REC,60379.68,60379.68,60379.68,False,0.00,60379.68,,,,47489.57
1939,flat_shiller_gs10,1.27,R1,60379.68,60379.68,60379.68,False,0.00,60379.68,,,,47489.57
1939,flat_shiller_gs10,1.27,R3,73461.85,0.00,29910.37,False,0.00,29910.37,,,,57778.90
1939,flat_shiller_gs10,1.27,R2,166253.72,0.00,37376.42,False,0.00,37376.42,,,,130761.17
1939,flat_shiller_gs10,1.27,R4,92727.59,0.00,30346.46,False,0.00,30346.46,,,,72931.71
1939,flat_shiller_gs10,1.27,R4b,161431.43,0.00,41332.04,False,0.00,41332.04,,,,126968.36
1939,flat_shiller_gs10,1.27,R5,59765.78,0.00,28572.08,False,0.00,28572.08,True,,,47006.73
1939,flat_shiller_gs10,1.27,R5m5,59765.78,0.00,28572.08,False,0.00,28572.08,True,,,47006.73
1939,flat_shiller_gs10,1.27,R6,60379.68,60379.68,60379.68,False,0.00,60379.68,,648758.93,55224.28,47489.57
1940,flat_shiller_gs10,1.30,REC,52292.11,52292.11,52292.11,False,0.00,52292.11,,,,40224.64
1940,flat_shiller_gs10,1.30,R1,52292.11,52292.11,52292.11,False,0.00,52292.11,,,,40224.64
1940,flat_shiller_gs10,1.30,R3,71504.87,0.00,29287.74,False,0.00,29287.74,,,,55003.66
1940,flat_shiller_gs10,1.30,R2,226321.78,0.00,65004.70,False,0.00,65004.70,,,,174093.42
1940,flat_shiller_gs10,1.30,R4,134761.01,0.00,51797.31,False,0.00,51797.31,,,,103662.16
1940,flat_shiller_gs10,1.30,R4b,234897.29,0.00,77057.49,False,0.00,77057.49,,,,180689.95
1940,flat_shiller_gs10,1.30,R5,51099.09,0.00,24730.64,False,0.00,24730.64,True,,,39306.94
1940,flat_shiller_gs10,1.30,R5m5,51099.09,0.00,24730.64,False,0.00,24730.64,True,,,39306.94
1940,flat_shiller_gs10,1.30,R6,52292.11,52292.11,52292.11,False,0.00,52292.11,,674718.60,56521.77,40224.64
1941,flat_shiller_gs10,1.52,REC,46879.29,46879.29,46879.29,False,0.00,46879.29,,,,30744.05
1941,flat_shiller_gs10,1.52,R1,46879.29,46879.29,46879.29,False,0.00,46879.29,,,,30744.05
1941,flat_shiller_gs10,1.52,R3,59962.67,0.00,28142.30,False,0.00,28142.30,,,,39324.29
1941,flat_shiller_gs10,1.52,R2,192435.82,0.00,87849.23,False,0.00,87849.23,,,,126201.89
1941,flat_shiller_gs10,1.52,R4,167141.30,0.00,75949.88,False,0.00,75949.88,,,,109613.42
1941,flat_shiller_gs10,1.52,R4b,249927.33,0.00,107384.85,False,0.00,107384.85,,,,163905.56
1941,flat_shiller_gs10,1.52,R5,50192.03,0.00,24105.88,False,0.00,24105.88,True,,,32916.58
1941,flat_shiller_gs10,1.52,R5m5,50192.03,0.00,24105.88,False,0.00,24105.88,True,,,32916.58
1941,flat_shiller_gs10,1.52,R6,46879.29,46879.29,46879.29,False,0.00,46879.29,,695308.92,66296.69,30744.05
1942,flat_shiller_gs10,1.51,REC,66526.65,66526.65,66526.65,False,0.00,66526.65,,,,44066.74
1942,flat_shiller_gs10,1.51,R1,66526.65,66526.65,66526.65,False,0.00,66526.65,,,,44066.74
1942,flat_shiller_gs10,1.51,R3,77050.08,0.00,38525.04,False,0.00,40473.78,,,,51037.38
1942,flat_shiller_gs10,1.51,R2,178982.25,0.00,89491.12,False,0.00,112711.11,,,,118556.46
1942,flat_shiller_gs10,1.51,R4,180408.27,0.00,90204.13,False,0.00,100793.92,,,,119501.04
1942,flat_shiller_gs10,1.51,R4b,231430.81,0.00,115715.41,False,0.00,139372.71,,,,153297.98
1942,flat_shiller_gs10,1.51,R5,66597.78,0.00,31556.94,False,0.00,31556.94,True,,,44113.85
1942,flat_shiller_gs10,1.51,R5m5,66597.78,0.00,31556.94,False,0.00,31556.94,True,,,44113.85
1942,flat_shiller_gs10,1.51,R6,66526.65,66526.65,66526.65,False,0.00,66526.65,,648471.58,62160.69,44066.74
1943,flat_shiller_gs10,1.43,REC,67001.06,67001.06,67001.06,False,0.00,67001.06,,,,46984.08
1943,flat_shiller_gs10,1.43,R1,67001.06,67001.06,67001.06,False,0.00,67001.06,,,,46984.08
1943,flat_shiller_gs10,1.43,R3,69193.44,0.00,34433.84,False,0.00,34433.84,,,,48521.48
1943,flat_shiller_gs10,1.43,R2,116350.57,0.00,58175.28,False,0.00,66146.21,,,,81590.12
1943,flat_shiller_gs10,1.43,R4,130373.01,0.00,65186.51,False,0.00,70064.38,,,,91423.27
1943,flat_shiller_gs10,1.43,R4b,140776.53,0.00,70388.27,False,0.00,77286.55,,,,98718.67
1943,flat_shiller_gs10,1.43,R5,66711.56,0.00,31810.94,False,0.00,31810.94,True,,,46781.07
1943,flat_shiller_gs10,1.43,R5m5,66711.56,0.00,31810.94,False,0.00,31810.94,True,,,46781.07
1943,flat_shiller_gs10,1.43,R6,67001.06,67001.06,67001.06,False,0.00,67001.06,,606396.57,58445.48,46984.08
1944,flat_shiller_gs10,1.36,REC,66427.52,66427.52,66427.52,False,0.00,66427.52,,,,48976.17
1944,flat_shiller_gs10,1.36,R1,66427.52,66427.52,66427.52,False,0.00,66427.52,,,,48976.17
1944,flat_shiller_gs10,1.36,R3,78837.39,0.00,31477.89,False,0.00,31477.89,,,,58125.81
1944,flat_shiller_gs10,1.36,R2,183768.78,0.00,39480.97,False,0.00,39480.97,,,,135490.39
1944,flat_shiller_gs10,1.36,R4,122785.00,0.00,44073.82,False,0.00,44073.82,,,,90527.82
1944,flat_shiller_gs10,1.36,R4b,155337.81,0.00,43136.89,False,0.00,43136.89,,,,114528.60
1944,flat_shiller_gs10,1.36,R5,65552.22,0.00,31362.60,False,0.00,31362.60,True,,,48330.82
1944,flat_shiller_gs10,1.36,R5m5,65552.22,0.00,31362.60,False,0.00,31362.60,True,,,48330.82
1944,flat_shiller_gs10,1.36,R6,66427.52,66427.52,66427.52,False,0.00,66427.52,,599768.18,58182.59,48976.17
1945,flat_shiller_gs10,1.40,REC,60592.38,60592.38,60592.38,False,0.00,60592.38,,,,43141.75
1945,flat_shiller_gs10,1.40,R1,60592.38,60592.38,60592.38,False,0.00,60592.38,,,,43141.75
1945,flat_shiller_gs10,1.40,R3,74050.39,0.00,25995.92,False,0.00,25995.92,,,,52723.85
1945,flat_shiller_gs10,1.40,R2,213405.64,0.00,15839.69,False,0.00,15839.69,,,,151944.73
1945,flat_shiller_gs10,1.40,R4,113729.21,0.00,18112.74,False,0.00,18112.74,,,,80975.15
1945,flat_shiller_gs10,1.40,R4b,183145.91,0.00,14263.22,False,0.00,14263.22,,,,130399.81
1945,flat_shiller_gs10,1.40,R5,60366.61,0.00,28469.97,False,0.00,28469.97,True,,,42981.00
1945,flat_shiller_gs10,1.40,R5m5,60366.61,0.00,28469.97,False,0.00,28469.97,True,,,42981.00
1945,flat_shiller_gs10,1.40,R6,60592.38,60592.38,60592.38,False,0.00,60592.38,,599332.61,57911.45,43141.75
1946,flat_shiller_gs10,1.46,REC,54168.51,54168.51,54168.51,False,0.00,54168.51,,,,37202.51
1946,flat_shiller_gs10,1.46,R1,54168.51,54168.51,54168.51,False,0.00,54168.51,,,,37202.51
1946,flat_shiller_gs10,1.46,R3,80513.25,0.00,30349.86,False,0.00,30349.86,,,,55295.87
1946,flat_shiller_gs10,1.46,R2,277292.20,0.00,56425.73,False,0.00,56425.73,,,,190442.10
1946,flat_shiller_gs10,1.46,R4,136892.29,0.00,40023.21,False,0.00,40023.21,,,,94016.54
1946,flat_shiller_gs10,1.46,R4b,263963.23,0.00,63852.96,False,0.00,63852.96,,,,181287.87
1946,flat_shiller_gs10,1.46,R5,55944.35,0.00,26195.60,False,0.00,26195.60,True,,,38422.14
1946,flat_shiller_gs10,1.46,R5m5,55944.35,0.00,26195.60,False,0.00,26195.60,True,,,38422.14
1946,flat_shiller_gs10,1.46,R6,54168.51,54168.51,54168.51,False,0.00,54168.51,,596571.65,57409.23,37202.51
1947,flat_shiller_gs10,1.24,REC,58165.99,58165.99,58165.99,False,0.00,58165.99,,,,46837.78
1947,flat_shiller_gs10,1.24,R1,58165.99,58165.99,58165.99,False,0.00,58165.99,,,,46837.78
1947,flat_shiller_gs10,1.24,R3,97046.27,0.00,36886.99,False,0.00,36886.99,,,,78145.87
1947,flat_shiller_gs10,1.24,R2,403577.98,0.00,108930.90,False,0.00,108930.90,,,,324978.51
1947,flat_shiller_gs10,1.24,R4,244609.12,0.00,87179.39,False,0.00,87179.39,,,,196969.88
1947,flat_shiller_gs10,1.24,R4b,432887.43,0.00,131543.54,False,0.00,131543.54,,,,348579.75
1947,flat_shiller_gs10,1.24,R5,60738.95,0.00,28504.16,False,0.00,28504.16,True,,,48909.64
1947,flat_shiller_gs10,1.24,R5m5,60738.95,0.00,28504.16,False,0.00,28504.16,True,,,48909.64
1947,flat_shiller_gs10,1.24,R6,58165.99,58165.99,58165.99,True,1246.37,58165.99,,511253.59,48923.71,46837.78
1948,flat_shiller_gs10,1.15,REC,64353.47,64353.47,64353.47,False,0.00,64353.47,,,,55980.31
1948,flat_shiller_gs10,1.15,R1,64353.47,64353.47,64353.47,False,0.00,64353.47,,,,55980.31
1948,flat_shiller_gs10,1.15,R3,114706.81,0.00,47461.24,False,0.00,47461.24,,,,99782.08
1948,flat_shiller_gs10,1.15,R2,451971.44,0.00,161550.59,False,0.00,161550.59,,,,393164.55
1948,flat_shiller_gs10,1.15,R4,334141.41,0.00,137772.83,False,0.00,137772.83,,,,290665.62
1948,flat_shiller_gs10,1.15,R4b,538258.37,0.00,201941.81,False,0.00,201941.81,,,,468224.52
1948,flat_shiller_gs10,1.15,R5,63909.12,0.00,30536.18,False,0.00,30536.18,True,,,55593.78
1948,flat_shiller_gs10,1.15,R5m5,63909.12,0.00,30536.18,False,0.00,30536.18,True,,,55593.78
1948,flat_shiller_gs10,1.15,R6,64353.47,64353.47,64353.47,True,24158.39,64353.47,,475841.61,45550.61,55980.31
1949,flat_shiller_gs10,1.11,REC,59412.77,59412.77,59412.77,False,0.00,59412.77,,,,53627.26
1949,flat_shiller_gs10,1.11,R1,59412.77,59412.77,59412.77,False,0.00,59412.77,,,,53627.26
1949,flat_shiller_gs10,1.11,R3,112352.59,0.00,39811.47,False,0.00,39811.47,,,,101411.89
1949,flat_shiller_gs10,1.11,R2,663735.60,0.00,184063.82,False,0.00,184063.82,,,,599102.18
1949,flat_shiller_gs10,1.11,R4,436982.59,0.00,166360.08,False,0.00,166360.08,,,,394429.98
1949,flat_shiller_gs10,1.11,R4b,706759.89,0.00,232989.65,False,0.00,232989.65,,,,637936.84
1949,flat_shiller_gs10,1.11,R5,60361.54,0.00,28802.85,False,0.00,28802.85,True,,,54483.63
1949,flat_shiller_gs10,1.11,R5m5,60361.54,0.00,28802.85,False,0.00,28802.85,True,,,54483.63
1949,flat_shiller_gs10,1.11,R6,59412.77,59412.77,59412.77,True,31556.38,59412.77,,468443.62,44954.95,53627.26
1950,flat_shiller_gs10,1.14,REC,62012.78,62012.78,62012.78,False,0.00,62012.78,,,,54608.28
1950,flat_shiller_gs10,1.14,R1,62012.78,62012.78,62012.78,False,0.00,62012.78,,,,54608.28
1950,flat_shiller_gs10,1.14,R3,116694.45,0.00,38314.65,False,0.00,38314.65,,,,102760.81
1950,flat_shiller_gs10,1.14,R2,610527.04,0.00,131445.33,False,0.00,131445.33,,,,537628.41
1950,flat_shiller_gs10,1.14,R4,391863.85,0.00,124129.05,False,0.00,124129.05,,,,345074.21
1950,flat_shiller_gs10,1.14,R4b,655752.40,0.00,162551.84,False,0.00,162551.84,,,,577453.73
1950,flat_shiller_gs10,1.14,R5,64815.04,0.00,30309.56,False,0.00,30309.56,True,,,57075.94
1950,flat_shiller_gs10,1.14,R5m5,64815.04,0.00,30309.56,False,0.00,30309.56,True,,,57075.94
1950,flat_shiller_gs10,1.14,R6,62012.78,62012.78,62012.78,True,14091.95,62012.78,,485908.05,46353.11,54608.28
1951,flat_shiller_gs10,1.10,REC,72620.17,72620.17,72620.17,False,0.00,72620.17,,,,65779.13
1951,flat_shiller_gs10,1.10,R1,72620.17,72620.17,72620.17,False,0.00,72620.17,,,,65779.13
1951,flat_shiller_gs10,1.10,R3,122251.00,0.00,50865.48,False,0.00,50865.48,,,,110734.59
1951,flat_shiller_gs10,1.10,R2,525133.85,0.00,185832.52,False,0.00,185832.52,,,,475664.69
1951,flat_shiller_gs10,1.10,R4,374353.43,0.00,156281.17,False,0.00,156281.17,,,,339088.23
1951,flat_shiller_gs10,1.10,R4b,623776.94,0.00,232888.55,False,0.00,232888.55,,,,565015.31
1951,flat_shiller_gs10,1.10,R5,75300.13,0.00,34807.47,False,0.00,34807.47,True,,,68206.63
1951,flat_shiller_gs10,1.10,R5m5,75300.13,0.00,34807.47,False,0.00,34807.47,True,,,68206.63
1951,flat_shiller_gs10,1.10,R6,72620.17,72620.17,72620.17,True,33351.62,72620.17,,466648.38,44598.83,65779.13
1952,flat_shiller_gs10,1.07,REC,78193.09,78193.09,78193.09,False,0.00,78193.09,,,,72961.83
1952,flat_shiller_gs10,1.07,R1,78193.09,78193.09,78193.09,False,0.00,78193.09,,,,72961.83
1952,flat_shiller_gs10,1.07,R3,114022.28,0.00,55224.83,False,0.00,55224.83,,,,106393.97
1952,flat_shiller_gs10,1.07,R2,382626.19,0.00,189029.68,False,0.00,189029.68,,,,357027.77
1952,flat_shiller_gs10,1.07,R4,337083.66,0.00,159495.90,False,0.00,159495.90,,,,314532.12
1952,flat_shiller_gs10,1.07,R4b,499914.96,0.00,236619.02,False,0.00,236619.02,,,,466469.69
1952,flat_shiller_gs10,1.07,R5,79923.99,0.00,37522.06,False,0.00,37522.06,True,,,74576.92
1952,flat_shiller_gs10,1.07,R5m5,79923.99,0.00,37522.06,False,0.00,37522.06,True,,,74576.92
1952,flat_shiller_gs10,1.07,R6,78193.09,78193.09,78193.09,True,51972.86,78193.09,,448027.14,43141.31,72961.83
1953,flat_shiller_gs10,1.08,REC,80979.68,80979.68,80979.68,False,0.00,80979.68,,,,74815.06
1953,flat_shiller_gs10,1.08,R1,80979.68,80979.68,80979.68,False,0.00,80979.68,,,,74815.06
1953,flat_shiller_gs10,1.08,R3,137649.39,0.00,56958.01,False,0.00,56958.01,,,,127170.75
1953,flat_shiller_gs10,1.08,R2,480218.33,0.00,171712.52,False,0.00,171712.52,,,,443661.44
1953,flat_shiller_gs10,1.08,R4,367699.43,0.00,159412.56,False,0.00,159412.56,,,,339708.11
1953,flat_shiller_gs10,1.08,R4b,517265.74,0.00,212324.60,False,0.00,212324.60,,,,477888.60
1953,flat_shiller_gs10,1.08,R5,81824.12,0.00,37652.02,False,0.00,37652.02,True,,,75595.21
1953,flat_shiller_gs10,1.08,R5m5,81824.12,0.00,37652.02,False,0.00,37652.02,True,,,75595.21
1953,flat_shiller_gs10,1.08,R6,80979.68,80979.68,80979.68,True,47427.19,80979.68,,452572.81,43895.32,74815.06
1954,flat_shiller_gs10,1.09,REC,68528.35,68528.35,68528.35,False,0.00,68528.35,,,,62701.07
1954,flat_shiller_gs10,1.09,R1,68528.35,68528.35,68528.35,False,0.00,68528.35,,,,62701.07
1954,flat_shiller_gs10,1.09,R3,101041.04,0.00,35790.47,False,0.00,35790.47,,,,92449.06
1954,flat_shiller_gs10,1.09,R2,506164.99,0.00,118499.10,False,0.00,118499.10,,,,463123.44
1954,flat_shiller_gs10,1.09,R4,370540.89,0.00,127531.55,False,0.00,127531.55,,,,339032.08
1954,flat_shiller_gs10,1.09,R4b,526766.03,0.00,140966.95,False,0.00,140966.95,,,,481972.67
1954,flat_shiller_gs10,1.09,R5,74459.42,0.00,33251.25,False,0.00,33251.25,True,,,68127.79
1954,flat_shiller_gs10,1.09,R5m5,74459.42,0.00,33251.25,False,0.00,33251.25,True,,,68127.79
1954,flat_shiller_gs10,1.09,R6,68528.35,68528.35,68528.35,True,41499.90,68528.35,,458500.10,44656.21,62701.07
1955,flat_shiller_gs10,1.12,REC,76100.30,76100.30,76100.30,False,0.00,76100.30,,,,68183.80
1955,flat_shiller_gs10,1.12,R1,76100.30,76100.30,76100.30,False,0.00,76100.30,,,,68183.80
1955,flat_shiller_gs10,1.12,R3,102681.04,0.00,41611.94,False,0.00,41611.94,,,,91999.43
1955,flat_shiller_gs10,1.12,R2,345249.61,0.00,117165.28,False,0.00,117165.28,,,,309334.29
1955,flat_shiller_gs10,1.12,R4,264786.24,0.00,103359.98,False,0.00,103359.98,,,,237241.29
1955,flat_shiller_gs10,1.12,R4b,395269.95,0.00,136984.58,False,0.00,136984.58,,,,354151.16
1955,flat_shiller_gs10,1.12,R5,80286.09,0.00,37225.36,False,0.00,37225.36,True,,,71934.16
1955,flat_shiller_gs10,1.12,R5m5,80286.09,0.00,37225.36,False,0.00,37225.36,True,,,71934.16
1955,flat_shiller_gs10,1.12,R6,76100.30,76100.30,76100.30,True,26418.56,76100.30,,473581.44,46104.37,68183.80
1956,flat_shiller_gs10,1.12,REC,92268.31,92268.31,92268.31,False,0.00,92268.31,,,,82426.34
1956,flat_shiller_gs10,1.12,R1,92268.31,92268.31,92268.31,False,0.00,92268.31,,,,82426.34
1956,flat_shiller_gs10,1.12,R3,130823.61,0.00,54317.14,False,0.00,54317.14,,,,116869.07
1956,flat_shiller_gs10,1.12,R2,353751.30,0.00,135871.84,False,0.00,135871.84,,,,316017.77
1956,flat_shiller_gs10,1.12,R4,255009.37,0.00,113004.94,False,0.00,113004.94,,,,227808.33
1956,flat_shiller_gs10,1.12,R4b,382726.70,0.00,158676.42,False,0.00,158676.42,,,,341902.45
1956,flat_shiller_gs10,1.12,R5,96926.10,0.00,44705.25,False,0.00,44705.25,True,,,86587.29
1956,flat_shiller_gs10,1.12,R5m5,96926.10,0.00,44705.25,False,0.00,44705.25,True,,,86587.29
1956,flat_shiller_gs10,1.12,R6,92268.31,92268.31,92268.31,True,16855.72,92268.31,,485786.96,47060.04,82426.34
1957,flat_shiller_gs10,1.10,REC,110810.02,110810.02,110810.02,False,0.00,110810.02,,,,100603.87
1957,flat_shiller_gs10,1.10,R1,110810.02,110810.02,110810.02,False,0.00,110810.02,,,,100603.87
1957,flat_shiller_gs10,1.10,R3,156393.39,0.00,71749.99,False,0.00,71749.99,,,,141988.79
1957,flat_shiller_gs10,1.10,R2,303995.09,0.00,139347.77,False,0.00,139347.77,,,,275995.64
1957,flat_shiller_gs10,1.10,R4,288627.28,0.00,131310.22,False,0.00,131310.22,,,,262043.28
1957,flat_shiller_gs10,1.10,R4b,374191.24,0.00,162179.14,False,0.00,162179.14,,,,339726.38
1957,flat_shiller_gs10,1.10,R5,109211.54,0.00,50733.12,False,0.00,50733.12,True,,,99152.62
1957,flat_shiller_gs10,1.10,R5m5,109211.54,0.00,50733.12,False,0.00,50733.12,True,,,99152.62
1957,flat_shiller_gs10,1.10,R6,110810.02,110810.02,110810.02,True,17460.05,110810.02,,486936.80,46750.48,100603.87
1958,flat_shiller_gs10,1.09,REC,104622.33,104622.33,104622.33,False,0.00,104622.33,,,,96157.86
1958,flat_shiller_gs10,1.09,R1,104622.33,104622.33,104622.33,False,0.00,104622.33,,,,96157.86
1958,flat_shiller_gs10,1.09,R3,128318.00,0.00,59747.08,False,0.00,59747.08,,,,117936.43
1958,flat_shiller_gs10,1.09,R2,350078.63,0.00,163360.39,False,0.00,163360.39,,,,321755.51
1958,flat_shiller_gs10,1.09,R4,323390.56,0.00,156182.80,False,0.00,156182.80,,,,297226.64
1958,flat_shiller_gs10,1.09,R4b,397735.58,0.00,195729.39,False,0.00,195729.39,,,,365556.77
1958,flat_shiller_gs10,1.09,R5,110990.27,0.00,51865.49,False,0.00,51865.49,True,,,102010.60
1958,flat_shiller_gs10,1.09,R5m5,110990.27,0.00,51865.49,False,0.00,51865.49,True,,,102010.60
1958,flat_shiller_gs10,1.09,R6,104622.33,104622.33,104622.33,True,16806.29,104622.33,,489485.81,46485.62,96157.86
1959,flat_shiller_gs10,1.08,REC,147002.23,147002.23,147002.23,False,0.00,147002.23,,,,136165.71
1959,flat_shiller_gs10,1.08,R1,147002.23,147002.23,147002.23,False,0.00,147002.23,,,,136165.71
1959,flat_shiller_gs10,1.08,R3,161492.68,0.00,67946.55,False,0.00,67946.55,,,,149587.97
1959,flat_shiller_gs10,1.08,R2,266178.98,0.00,89772.82,False,0.00,89772.82,,,,246557.14
1959,flat_shiller_gs10,1.08,R4,237134.92,0.00,94915.13,False,0.00,94915.13,,,,219654.11
1959,flat_shiller_gs10,1.08,R4b,276165.84,0.00,97064.31,False,0.00,97064.31,,,,255807.80
1959,flat_shiller_gs10,1.08,R5,151694.87,0.00,70838.98,False,0.00,70838.98,False,,,140512.42
1959,flat_shiller_gs10,1.08,R5m5,151361.56,0.00,70652.51,False,0.00,70652.51,False,,,140203.68
1959,flat_shiller_gs10,1.08,R6,147002.23,147002.23,147002.23,True,12743.36,147002.23,,501110.28,46742.82,136165.71
1960,flat_shiller_gs10,1.08,REC,170896.90,150000.00,158827.45,False,0.00,158827.45,,,,157999.19
1960,flat_shiller_gs10,1.08,R1,166622.58,166622.58,166622.58,False,0.00,166622.58,,,,154047.45
1960,flat_shiller_gs10,1.08,R3,189396.89,0.00,83538.29,False,0.00,83538.29,,,,175102.96
1960,flat_shiller_gs10,1.08,R2,235881.44,0.00,90522.12,False,0.00,90522.12,,,,218079.30
1960,flat_shiller_gs10,1.08,R4,202888.49,0.00,86671.60,False,0.00,86671.60,,,,187576.34
1960,flat_shiller_gs10,1.08,R4b,242679.56,0.00,96840.70,False,0.00,96840.70,,,,224364.35
1960,flat_shiller_gs10,1.08,R5,171605.07,0.00,76813.98,False,0.00,76813.98,False,,,158653.91
1960,flat_shiller_gs10,1.08,R5m5,170854.42,0.00,75352.61,False,0.00,75352.61,False,,,157959.91
1960,flat_shiller_gs10,1.08,R6,170896.90,150000.00,158827.45,True,8570.84,158827.45,,519165.38,47027.42,157999.19
1961,flat_shiller_gs10,1.10,REC,132529.77,132529.77,132529.77,False,0.00,132529.77,,,,120042.26
1961,flat_shiller_gs10,1.10,R1,132529.77,132529.77,132529.77,False,0.00,132529.77,,,,120042.26
1961,flat_shiller_gs10,1.10,R3,130037.52,0.00,62933.45,False,0.00,62933.45,,,,117784.84
1961,flat_shiller_gs10,1.10,R2,169763.48,0.00,84881.74,False,0.00,86784.71,,,,153767.65
1961,flat_shiller_gs10,1.10,R4,173980.65,0.00,81731.33,False,0.00,81731.33,,,,157587.46
1961,flat_shiller_gs10,1.10,R4b,196415.70,0.00,93422.84,False,0.00,93422.84,,,,177908.59
1961,flat_shiller_gs10,1.10,R5,135412.91,0.00,62410.19,False,0.00,62410.19,True,,,122653.74
1961,flat_shiller_gs10,1.10,R5m5,135412.91,0.00,62410.19,False,0.00,62410.19,True,,,122653.74
1961,flat_shiller_gs10,1.10,R6,132529.77,132529.77,132529.77,True,4217.88,132529.77,,542398.40,48001.09,120042.26
1962,fred_cmt,1.13,REC,138349.68,138349.68,138349.68,False,0.00,138349.68,,,,122433.41
1962,fred_cmt,1.13,R1,138349.68,138349.68,138349.68,False,0.00,138349.68,,,,122433.41
1962,fred_cmt,1.13,R3,160621.41,0.00,73234.03,False,0.00,73234.03,,,,142142.92
1962,fred_cmt,1.13,R2,211252.36,0.00,89886.14,False,0.00,89886.14,,,,186949.09
1962,fred_cmt,1.13,R4,177603.80,0.00,84128.16,False,0.00,84128.16,,,,157171.58
1962,fred_cmt,1.13,R4b,204691.70,0.00,96230.15,False,0.00,96230.15,,,,181143.19
1962,fred_cmt,1.13,R5,138420.32,0.00,62579.72,False,0.00,62579.72,True,,,122495.92
1962,fred_cmt,1.13,R5m5,138420.32,0.00,62579.72,False,0.00,62579.72,True,,,122495.92
1962,fred_cmt,1.13,R6,138349.68,138349.68,138349.68,True,869.63,138349.68,,571038.63,49130.37,122433.41
1963,fred_cmt,1.17,REC,134154.44,134154.44,134154.44,False,0.00,134154.44,,,,114881.53
1963,fred_cmt,1.17,R1,134154.44,134154.44,134154.44,False,0.00,134154.44,,,,114881.53
1963,fred_cmt,1.17,R3,151559.12,0.00,60732.52,False,0.00,60732.52,,,,129785.82
1963,fred_cmt,1.17,R2,278158.14,0.00,80154.84,False,0.00,80154.84,,,,238197.36
1963,fred_cmt,1.17,R4,232461.45,0.00,85638.40,False,0.00,85638.40,,,,199065.55
1963,fred_cmt,1.17,R4b,273532.72,0.00,83694.82,False,0.00,83694.82,,,,234236.43
1963,fred_cmt,1.17,R5,135722.71,0.00,61195.67,False,0.00,61195.67,True,,,116224.50
1963,fred_cmt,1.17,R5m5,135722.71,0.00,61195.67,False,0.00,61195.67,True,,,116224.50
1963,fred_cmt,1.17,R6,134154.44,134154.44,134154.44,False,0.00,134154.44,,599167.08,50772.27,114881.53
1964,fred_cmt,1.22,REC,146788.56,146788.56,146788.56,False,0.00,146788.56,,,,120312.03
1964,fred_cmt,1.22,R1,146788.56,146788.56,146788.56,False,0.00,146788.56,,,,120312.03
1964,fred_cmt,1.22,R3,156540.06,0.00,69693.51,False,0.00,69693.51,,,,128304.64
1964,fred_cmt,1.22,R2,249915.06,0.00,96086.87,False,0.00,96086.87,,,,204837.41
1964,fred_cmt,1.22,R4,217667.53,0.00,90433.60,False,0.00,90433.60,,,,178406.42
1964,fred_cmt,1.22,R4b,262591.49,0.00,102102.90,False,0.00,102102.90,,,,215227.36
1964,fred_cmt,1.22,R5,147595.15,0.00,65865.28,False,0.00,65865.28,True,,,120973.13
1964,fred_cmt,1.22,R5m5,147595.15,0.00,65865.28,False,0.00,65865.28,True,,,120973.13
1964,fred_cmt,1.22,R6,146788.56,146788.56,146788.56,False,0.00,146788.56,,629442.51,53046.28,120312.03
1965,fred_cmt,1.28,REC,155679.16,150000.00,152789.07,False,0.00,152789.07,,,,122039.89
1965,fred_cmt,1.28,R1,155488.91,155488.91,155488.91,False,0.00,155488.91,,,,121890.74
1965,fred_cmt,1.28,R3,158165.70,0.00,74533.85,False,0.00,74533.85,,,,123989.13
1965,fred_cmt,1.28,R2,214632.97,0.00,107316.48,False,0.00,112003.89,,,,168254.91
1965,fred_cmt,1.28,R4,217840.26,0.00,102268.15,False,0.00,102268.15,,,,170769.16
1965,fred_cmt,1.28,R4b,245484.95,0.00,120246.15,False,0.00,120246.15,,,,192440.37
1965,fred_cmt,1.28,R5,156246.43,0.00,70150.98,False,0.00,70150.98,False,,,122484.58
1965,fred_cmt,1.28,R5m5,154271.80,0.00,70204.75,False,0.00,70204.75,False,,,120936.63
1965,fred_cmt,1.28,R6,155679.16,150000.00,152789.07,False,0.00,152789.07,,670916.17,55462.63,122039.89
1966,fred_cmt,1.29,REC,177713.73,150000.00,161815.29,False,0.00,161815.29,,,,137501.14
1966,fred_cmt,1.29,R1,171321.65,171321.65,171321.65,False,0.00,171321.65,,,,132555.45
1966,fred_cmt,1.29,R3,202315.18,0.00,85426.81,False,0.00,85426.81,,,,156535.84
1966,fred_cmt,1.29,R2,265807.73,0.00,122751.19,False,0.00,122751.19,,,,205661.46
1966,fred_cmt,1.29,R4,253509.36,0.00,118601.79,False,0.00,118601.79,,,,196145.94
1966,fred_cmt,1.29,R4b,273637.79,0.00,131081.65,False,0.00,131081.65,,,,211719.76
1966,fred_cmt,1.29,R5,192388.76,0.00,85909.25,False,0.00,85909.25,False,,,148855.54
1966,fred_cmt,1.29,R5m5,193820.17,0.00,96910.08,False,0.00,98937.69,False,,,149963.06
1966,fred_cmt,1.29,R6,177713.73,150000.00,161815.29,False,0.00,161815.29,,713667.53,56193.55,137501.14
1967,fred_cmt,1.29,REC,190463.23,150000.00,163962.42,False,0.00,163962.42,,,,147440.96
1967,fred_cmt,1.29,R1,181339.79,181339.79,181339.79,False,0.00,181339.79,,,,140378.35
1967,fred_cmt,1.29,R3,211736.57,0.00,80968.27,False,0.00,80968.27,,,,163909.04
1967,fred_cmt,1.29,R2,363035.75,0.00,115573.42,False,0.00,115573.42,,,,281032.41
1967,fred_cmt,1.29,R4,309742.16,0.00,123215.66,False,0.00,123215.66,,,,239776.90
1967,fred_cmt,1.29,R4b,348540.91,0.00,120357.28,False,0.00,120357.28,,,,269811.70
1967,fred_cmt,1.29,R5,215289.04,0.00,82245.22,False,0.00,82245.22,False,,,166659.07
1967,fred_cmt,1.29,R5m5,210252.71,0.00,77160.76,False,0.00,77160.76,False,,,162760.35
1967,fred_cmt,1.29,R6,190463.23,150000.00,163962.42,False,0.00,163962.42,,751118.30,56164.87,147440.96
1968,fred_cmt,1.36,REC,227985.75,150000.00,182654.92,False,0.00,182654.92,,,,167288.21
1968,fred_cmt,1.36,R1,224430.15,224430.15,224430.15,False,0.00,224430.15,,,,164679.24
1968,fred_cmt,1.36,R3,229394.59,0.00,99153.87,False,0.00,99153.87,,,,168321.97
1968,fred_cmt,1.36,R2,290499.91,0.00,113385.11,False,0.00,113385.11,,,,213158.98
1968,fred_cmt,1.36,R4,275473.61,0.00,112376.99,False,0.00,112376.99,,,,202133.20
1968,fred_cmt,1.36,R4b,308024.66,0.00,115709.85,False,0.00,115709.85,,,,226018.05
1968,fred_cmt,1.36,R5,222704.86,0.00,95794.77,False,0.00,95794.77,False,,,163413.27
1968,fred_cmt,1.36,R5m5,192351.83,0.00,84436.43,False,0.00,84436.43,False,,,141141.25
1968,fred_cmt,1.36,R6,227985.75,150000.00,182654.92,False,0.00,182654.92,,791802.49,59253.52,167288.21
1969,fred_cmt,1.46,REC,232347.51,150000.00,191173.75,False,0.00,205407.85,,,,158927.46
1969,fred_cmt,1.46,R1,263016.72,263016.72,263016.72,False,0.00,263016.72,,,,179905.43
1969,fred_cmt,1.46,R3,214469.53,0.00,107234.76,False,0.00,121585.39,,,,146698.79
1969,fred_cmt,1.46,R2,176274.53,0.00,88137.27,False,0.00,140233.58,,,,120573.12
1969,fred_cmt,1.46,R4,234377.78,0.00,117188.89,False,0.00,126674.74,,,,160316.18
1969,fred_cmt,1.46,R4b,224757.66,0.00,112378.83,False,0.00,147666.81,,,,153735.94
1969,fred_cmt,1.46,R5,167301.10,0.00,83650.55,False,0.00,120269.70,False,,,114435.22
1969,fred_cmt,1.46,R5m5,134139.11,0.00,67069.56,False,0.00,99165.20,True,,,91752.17
1969,fred_cmt,1.46,R6,232347.51,150000.00,191173.75,False,0.00,205407.85,,816598.97,63563.95,158927.46
1970,fred_cmt,1.47,REC,301098.93,150000.00,223936.32,False,0.00,223936.32,,,,204530.29
1970,fred_cmt,1.47,R1,291603.69,291603.69,291603.69,False,0.00,291603.69,,,,198080.37
1970,fred_cmt,1.47,R3,305282.01,0.00,142520.94,False,0.00,142520.94,,,,207371.77
1970,fred_cmt,1.47,R2,280522.20,0.00,137950.65,False,0.00,137950.65,,,,190552.95
1970,fred_cmt,1.47,R4,274406.16,0.00,136838.92,False,0.00,136838.92,,,,186398.44
1970,fred_cmt,1.47,R4b,259901.99,0.00,129950.99,False,0.00,142429.18,,,,176546.06
1970,fred_cmt,1.47,R5,226900.69,0.00,113450.34,False,0.00,166149.98,False,,,154128.96
1970,fred_cmt,1.47,R5m5,285274.23,0.00,142637.11,False,0.00,186889.76,False,,,193780.90
1970,fred_cmt,1.47,R6,301098.93,150000.00,223936.32,False,0.00,223936.32,,824270.40,64006.39,204530.29
1971,fred_cmt,1.46,REC,253821.55,150000.00,184351.85,False,0.00,184351.85,,,,173575.54
1971,fred_cmt,1.46,R1,247734.63,247734.63,247734.63,False,0.00,247734.63,,,,169413.01
1971,fred_cmt,1.46,R3,263858.31,0.00,96511.50,False,0.00,96511.50,,,,180439.17
1971,fred_cmt,1.46,R2,295777.44,0.00,88628.03,False,0.00,88628.03,,,,202267.02
1971,fred_cmt,1.46,R4,288389.96,0.00,107544.34,False,0.00,107544.34,,,,197215.10
1971,fred_cmt,1.46,R4b,273555.39,0.00,82042.61,False,0.00,82042.61,,,,187070.50
1971,fred_cmt,1.46,R5,200655.96,0.00,76440.98,False,0.00,76440.98,False,,,137218.32
1971,fred_cmt,1.46,R5m5,121880.95,0.00,53126.31,False,0.00,53126.31,True,,,83348.13
1971,fred_cmt,1.46,R6,253821.55,150000.00,184351.85,False,0.00,184351.85,,833943.42,63578.72,173575.54
1972,fred_cmt,1.51,REC,224925.15,150000.00,182452.85,False,0.00,182452.85,,,,148863.48
1972,fred_cmt,1.51,R1,239435.18,239435.18,239435.18,False,0.00,239435.18,,,,158466.74
1972,fred_cmt,1.51,R3,217118.53,0.00,94465.38,False,0.00,94465.38,,,,143696.79
1972,fred_cmt,1.51,R2,243499.37,0.00,107636.30,False,0.00,107636.30,,,,161156.57
1972,fred_cmt,1.51,R4,236676.82,0.00,105064.86,False,0.00,105064.86,,,,156641.16
1972,fred_cmt,1.51,R4b,239961.40,0.00,105030.27,False,0.00,105030.27,,,,158815.01
1972,fred_cmt,1.51,R5,177098.07,0.00,77530.46,False,0.00,77530.46,False,,,117209.82
1972,fred_cmt,1.51,R5m5,131777.49,0.00,57873.64,False,0.00,57873.64,True,,,87215.04
1972,fred_cmt,1.51,R6,224925.15,150000.00,182452.85,False,0.00,182452.85,,858379.46,65693.38,148863.48
1973,fred_cmt,1.59,REC,258817.15,150000.00,195774.35,False,0.00,195774.35,,,,162477.49
1973,fred_cmt,1.59,R1,259454.71,259454.71,259454.71,False,0.00,259454.71,,,,162877.73
1973,fred_cmt,1.59,R3,256094.38,0.00,112301.99,False,0.00,112301.99,,,,160768.22
1973,fred_cmt,1.59,R2,272096.43,0.00,102670.36,False,0.00,102670.36,,,,170813.81
1973,fred_cmt,1.59,R4,225208.82,0.00,93983.65,False,0.00,93983.65,,,,141379.21
1973,fred_cmt,1.59,R4b,245031.47,0.00,97587.61,False,0.00,97587.61,,,,153823.26
1973,fred_cmt,1.59,R5,208405.33,0.00,87434.00,False,0.00,87434.00,False,,,130830.49
1973,fred_cmt,1.59,R5m5,120009.33,0.00,53111.91,False,0.00,53111.91,True,,,75338.19
1973,fred_cmt,1.59,R6,258817.15,150000.00,195774.35,False,0.00,195774.35,,880368.62,69258.27,162477.49
1974,fred_cmt,1.66,REC,352714.33,150000.00,225767.07,False,0.00,225767.07,,,,212456.41
1974,fred_cmt,1.66,R1,291184.28,291184.28,291184.28,False,0.00,291184.28,,,,175393.97
1974,fred_cmt,1.66,R3,351905.46,0.00,142510.46,False,0.00,142510.46,,,,211969.19
1974,fred_cmt,1.66,R2,382197.96,0.00,131355.42,False,0.00,131355.42,,,,230215.79
1974,fred_cmt,1.66,R4,327517.41,0.00,128694.14,False,0.00,128694.14,,,,197279.12
1974,fred_cmt,1.66,R4b,374578.32,0.00,132765.35,False,0.00,132765.35,,,,225626.12
1974,fred_cmt,1.66,R5,535297.73,0.00,168467.37,False,0.00,168467.37,False,,,322434.97
1974,fred_cmt,1.66,R5m5,608574.54,0.00,193679.57,False,0.00,193679.57,False,,,366573.03
1974,fred_cmt,1.66,R6,352714.33,150000.00,225767.07,False,0.00,225767.07,,855679.87,72181.36,212456.41
1975,fred_cmt,1.66,REC,371549.53,150000.00,226501.34,False,0.00,226501.34,,,,223446.49
1975,fred_cmt,1.66,R1,312324.46,312324.46,312324.46,False,0.00,312324.46,,,,187829.08
1975,fred_cmt,1.66,R3,363420.28,0.00,139427.24,False,0.00,139427.24,,,,218557.63
1975,fred_cmt,1.66,R2,549531.93,0.00,184764.12,False,0.00,184764.12,,,,330483.48
1975,fred_cmt,1.66,R4,452151.63,0.00,179615.49,False,0.00,179615.49,,,,271919.86
1975,fred_cmt,1.66,R4b,553884.17,0.00,199849.17,False,0.00,199849.17,,,,333100.87
1975,fred_cmt,1.66,R5,564018.54,0.00,157944.84,False,0.00,157944.84,False,,,339195.59
1975,fred_cmt,1.66,R5m5,602988.14,0.00,170223.62,False,0.00,170223.62,False,,,362631.55
1975,fred_cmt,1.66,R6,371549.53,150000.00,226501.34,False,0.00,226501.34,,799529.48,72296.12,223446.49
1976,fred_cmt,1.69,REC,335125.44,150000.00,226864.96,False,0.00,226864.96,,,,197866.64
1976,fred_cmt,1.69,R1,303096.16,303096.16,303096.16,False,0.00,303096.16,,,,178955.73
1976,fred_cmt,1.69,R3,338326.89,0.00,141595.75,False,0.00,141595.75,,,,199756.85
1976,fred_cmt,1.69,R2,438291.13,0.00,171486.91,False,0.00,171486.91,,,,258778.30
1976,fred_cmt,1.69,R4,420397.84,0.00,163205.84,False,0.00,163205.84,,,,248213.64
1976,fred_cmt,1.69,R4b,485702.72,0.00,181074.88,False,0.00,181074.88,,,,286771.32
1976,fred_cmt,1.69,R5,487422.94,0.00,189454.06,False,0.00,189454.06,False,,,287786.98
1976,fred_cmt,1.69,R5m5,521966.79,0.00,203796.83,False,0.00,203796.83,False,,,308182.55
1976,fred_cmt,1.69,R6,335125.44,150000.00,226864.96,False,0.00,226864.96,,781057.22,73638.78,197866.64
1977,fred_cmt,1.68,REC,324681.38,150000.00,232968.85,False,0.00,232968.85,,,,193611.29
1977,fred_cmt,1.68,R1,290608.15,290608.15,290608.15,False,0.00,290608.15,,,,173293.03
1977,fred_cmt,1.68,R3,343456.73,0.00,146851.77,False,0.00,146851.77,,,,204807.26
1977,fred_cmt,1.68,R2,439093.30,0.00,209336.82,False,0.00,209336.82,,,,261836.46
1977,fred_cmt,1.68,R4,467678.54,0.00,193745.54,False,0.00,193745.54,,,,278882.17
1977,fred_cmt,1.68,R4b,500213.27,0.00,228874.34,False,0.00,228874.34,,,,298283.01
1977,fred_cmt,1.68,R5,413354.87,0.00,206677.43,False,0.00,233932.53,False,,,246488.33
1977,fred_cmt,1.68,R5m5,465664.84,0.00,232832.42,False,0.00,258778.33,False,,,277681.38
1977,fred_cmt,1.68,R6,324681.38,150000.00,232968.85,False,0.00,232968.85,,774014.21,72911.91,193611.29
1978,fred_cmt,1.63,REC,390948.41,150000.00,238747.42,False,0.00,238747.42,,,,239663.31
1978,fred_cmt,1.63,R1,352125.59,352125.59,352125.59,False,0.00,352125.59,,,,215863.73
1978,fred_cmt,1.63,R3,397579.98,0.00,148781.48,False,0.00,148781.48,,,,243728.67
1978,fred_cmt,1.63,R2,535208.79,0.00,207561.93,False,0.00,207561.93,,,,328099.32
1978,fred_cmt,1.63,R4,524291.80,0.00,212927.76,False,0.00,212927.76,,,,321406.88
1978,fred_cmt,1.63,R4b,535744.95,0.00,216925.04,False,0.00,216925.04,,,,328428.01
1978,fred_cmt,1.63,R5,493642.69,0.00,187209.39,False,0.00,187209.39,False,,,302618.04
1978,fred_cmt,1.63,R5m5,508270.57,0.00,192597.20,False,0.00,192597.20,False,,,311585.37
1978,fred_cmt,1.63,R6,390948.41,150000.00,238747.42,False,0.00,238747.42,,753106.75,70923.42,239663.31
1979,fred_cmt,1.56,REC,433819.62,150000.00,259401.55,False,0.00,259401.55,,,,278913.31
1979,fred_cmt,1.56,R1,419611.24,419611.24,419611.24,False,0.00,419611.24,,,,269778.39
1979,fred_cmt,1.56,R3,440494.69,0.00,175503.34,False,0.00,175503.34,,,,283204.88
1979,fred_cmt,1.56,R2,510141.94,0.00,194114.58,False,0.00,194114.58,,,,327982.81
1979,fred_cmt,1.56,R4,522989.31,0.00,206730.82,False,0.00,206730.82,,,,336242.70
1979,fred_cmt,1.56,R4b,517090.15,0.00,193434.87,False,0.00,193434.87,,,,332449.99
1979,fred_cmt,1.56,R5,461312.72,0.00,164490.16,False,0.00,164490.16,False,,,296589.30
1979,fred_cmt,1.56,R5m5,464805.21,0.00,165836.38,False,0.00,165836.38,False,,,298834.71
1979,fred_cmt,1.56,R6,433819.62,150000.00,259401.55,False,0.00,259401.55,,716425.22,67625.69,278913.31
1980,fred_cmt,1.43,REC,549846.03,150000.00,277652.21,False,0.00,277652.21,,,,385847.56
1980,fred_cmt,1.43,R1,509513.67,509513.67,509513.67,False,0.00,509513.67,,,,357544.83
1980,fred_cmt,1.43,R3,558186.36,0.00,190385.21,False,0.00,190385.21,,,,391700.28
1980,fred_cmt,1.43,R2,645521.43,0.00,213716.44,False,0.00,213716.44,,,,452986.57
1980,fred_cmt,1.43,R4,557614.51,0.00,209630.68,False,0.00,209630.68,,,,391298.99
1980,fred_cmt,1.43,R4b,602071.65,0.00,214454.34,False,0.00,214454.34,,,,422496.24
1980,fred_cmt,1.43,R5,565377.18,0.00,168438.44,False,0.00,168438.44,False,,,396746.35
1980,fred_cmt,1.43,R5m5,641803.60,0.00,190713.85,False,0.00,190713.85,False,,,450377.64
1980,fred_cmt,1.43,R6,549846.03,150000.00,277652.21,False,0.00,277652.21,,654976.37,61200.30,385847.56
1981,fred_cmt,1.28,REC,843845.74,150000.00,322165.45,False,0.00,322165.45,,,,659038.88
1981,fred_cmt,1.28,R1,612971.72,612971.72,612971.72,False,0.00,612971.72,,,,478727.54
1981,fred_cmt,1.28,R3,793291.32,0.00,229125.02,False,0.00,229125.02,,,,619556.15
1981,fred_cmt,1.28,R2,759866.93,0.00,200279.78,False,0.00,200279.78,,,,593451.89
1981,fred_cmt,1.28,R4,602265.06,0.00,197309.35,False,0.00,197309.35,,,,470365.69
1981,fred_cmt,1.28,R4b,702456.29,0.00,194495.38,False,0.00,194495.38,,,,548614.50
1981,fred_cmt,1.28,R5,890568.74,0.00,186383.11,False,0.00,186383.11,False,,,695529.29
1981,fred_cmt,1.28,R5m5,882636.77,0.00,184414.93,False,0.00,184414.93,False,,,689334.46
1981,fred_cmt,1.28,R6,843845.74,150000.00,322165.45,False,0.00,322165.45,,602182.57,55670.33,659038.88
1982,fred_cmt,1.23,REC,903803.11,150000.00,389548.63,False,0.00,389548.63,,,,736199.35
1982,fred_cmt,1.23,R1,553665.14,553665.14,553665.14,False,0.00,553665.14,,,,450991.94
1982,fred_cmt,1.23,R3,815566.35,0.00,291342.80,False,0.00,291342.80,,,,664325.46
1982,fred_cmt,1.23,R2,821817.38,0.00,272819.81,False,0.00,272819.81,,,,669417.28
1982,fred_cmt,1.23,R4,656331.73,0.00,254417.48,False,0.00,254417.48,,,,534619.75
1982,fred_cmt,1.23,R4b,832846.02,0.00,288477.99,False,0.00,288477.99,,,,678400.74
1982,fred_cmt,1.23,R5,1098251.63,0.00,314181.15,False,0.00,314181.15,False,,,894588.80
1982,fred_cmt,1.23,R5m5,1098251.63,0.00,314181.15,False,0.00,314181.15,False,,,894588.80
1982,fred_cmt,1.23,R6,903803.11,150000.00,389548.63,False,0.00,389548.63,,573052.12,53376.51,736199.35
1983,fred_cmt,1.23,REC,703440.76,150000.00,356069.24,False,0.00,356069.24,,,,569757.37
1983,fred_cmt,1.23,R1,483288.13,483288.13,483288.13,False,0.00,483288.13,,,,391443.02
1983,fred_cmt,1.23,R3,647499.23,0.00,262165.74,False,0.00,262165.74,,,,524447.09
1983,fred_cmt,1.23,R2,804990.86,0.00,302407.11,False,0.00,302407.11,,,,652008.67
1983,fred_cmt,1.23,R4,668724.02,0.00,278677.41,False,0.00,278677.41,,,,541638.27
1983,fred_cmt,1.23,R4b,862652.70,0.00,333727.98,False,0.00,333727.98,,,,698712.33
1983,fred_cmt,1.23,R5,1013518.86,0.00,342537.12,False,0.00,342537.12,False,,,820907.56
1983,fred_cmt,1.23,R5m5,1061179.99,0.00,360283.36,False,0.00,360283.36,False,,,859511.07
1983,fred_cmt,1.23,R6,703440.76,150000.00,356069.24,False,0.00,356069.24,,570569.30,53679.61,569757.37
1984,fred_cmt,1.24,REC,904256.44,150000.00,404066.59,False,0.00,404066.59,,,,726416.50
1984,fred_cmt,1.24,R1,522637.07,522637.07,522637.07,False,0.00,522637.07,,,,419850.14
1984,fred_cmt,1.24,R3,798313.94,0.00,290536.57,False,0.00,290536.57,,,,641309.69
1984,fred_cmt,1.24,R2,871268.92,0.00,299727.06,False,0.00,299727.06,,,,699916.63
1984,fred_cmt,1.24,R4,733529.71,0.00,279579.88,False,0.00,279579.88,,,,589266.56
1984,fred_cmt,1.24,R4b,933553.57,0.00,333739.10,False,0.00,333739.10,,,,749951.77
1984,fred_cmt,1.24,R5,1275927.02,0.00,402556.29,False,0.00,402556.29,False,,,1024990.70
1984,fred_cmt,1.24,R5m5,1249682.83,0.00,393716.09,False,0.00,393716.09,False,,,1003907.95
1984,fred_cmt,1.24,R6,904256.44,150000.00,404066.59,False,0.00,404066.59,,566792.11,54122.48,726416.50
1985,fred_cmt,1.27,REC,608814.36,150000.00,337708.45,False,0.00,337708.45,,,,479133.87
1985,fred_cmt,1.27,R1,457836.01,457836.01,457836.01,False,0.00,457836.01,,,,360314.66
1985,fred_cmt,1.27,R3,587572.28,0.00,240643.77,False,0.00,240643.77,,,,462416.46
1985,fred_cmt,1.27,R2,705561.43,0.00,293976.96,False,0.00,293976.96,,,,555273.33
1985,fred_cmt,1.27,R4,690289.20,0.00,284687.17,False,0.00,284687.17,,,,543254.16
1985,fred_cmt,1.27,R4b,821808.83,0.00,331157.54,False,0.00,331157.54,,,,646759.45
1985,fred_cmt,1.27,R5,937862.01,0.00,388543.32,False,0.00,388543.32,False,,,738092.73
1985,fred_cmt,1.27,R5m5,961435.59,0.00,398187.65,False,0.00,398187.65,False,,,756645.02
1985,fred_cmt,1.27,R6,608814.36,150000.00,337708.45,False,0.00,337708.45,,561167.86,55245.87,479133.87
1986,fred_cmt,1.26,REC,448258.32,150000.00,275359.36,False,0.00,275359.36,,,,355290.83
1986,fred_cmt,1.26,R1,353313.26,353313.26,353313.26,False,0.00,353313.26,,,,280037.10
1986,fred_cmt,1.26,R3,455165.19,0.00,191358.73,False,0.00,191358.73,,,,360765.24
1986,fred_cmt,1.26,R2,564983.35,0.00,244998.65,False,0.00,244998.65,,,,447807.43
1986,fred_cmt,1.26,R4,527002.88,0.00,234791.63,False,0.00,234791.63,,,,417704.00
1986,fred_cmt,1.26,R4b,607767.21,0.00,272863.89,False,0.00,272863.89,,,,481718.04
1986,fred_cmt,1.26,R5,680296.72,0.00,293359.18,False,0.00,293359.18,False,,,539205.14
1986,fred_cmt,1.26,R5m5,698041.06,0.00,300817.21,False,0.00,300817.21,False,,,553269.35
1986,fred_cmt,1.26,R6,448258.32,150000.00,275359.36,False,0.00,275359.36,,555016.40,54854.99,355290.83
1987,fred_cmt,1.28,REC,344316.80,150000.00,227584.85,False,0.00,227584.85,,,,268125.21
1987,fred_cmt,1.28,R1,312599.54,312599.54,312599.54,False,0.00,312599.54,,,,243426.46
1987,fred_cmt,1.28,R3,353025.34,0.00,144373.98,False,0.00,144373.98,,,,274906.70
1987,fred_cmt,1.28,R2,414843.44,0.00,172702.70,False,0.00,172702.70,,,,323045.48
1987,fred_cmt,1.28,R4,414767.54,0.00,177499.75,False,0.00,177499.75,,,,322986.38
1987,fred_cmt,1.28,R4b,445133.86,0.00,181565.99,False,0.00,181565.99,,,,346633.14
1987,fred_cmt,1.28,R5,354557.02,0.00,144510.08,False,0.00,144510.08,False,,,276099.45
1987,fred_cmt,1.28,R5m5,387602.85,0.00,154015.16,False,0.00,154015.16,False,,,301832.78
1987,fred_cmt,1.28,R6,344316.80,150000.00,227584.85,False,0.00,227584.85,,562766.83,55833.18,268125.21
1988,fred_cmt,1.26,REC,436375.00,150000.00,264752.09,False,0.00,264752.09,,,,345388.45
1988,fred_cmt,1.26,R1,385862.84,385862.84,385862.84,False,0.00,385862.84,,,,305408.36
1988,fred_cmt,1.26,R3,434955.75,0.00,179271.37,False,0.00,179271.37,,,,344265.12
1988,fred_cmt,1.26,R2,457744.79,0.00,183746.50,False,0.00,183746.50,,,,362302.53
1988,fred_cmt,1.26,R4,419241.89,0.00,180353.64,False,0.00,180353.64,,,,331827.69
1988,fred_cmt,1.26,R4b,458384.03,0.00,193168.19,False,0.00,193168.19,,,,362808.48
1988,fred_cmt,1.26,R5,459143.06,0.00,180961.79,False,0.00,180961.79,False,,,363409.25
1988,fred_cmt,1.26,R5m5,486129.94,0.00,185295.06,False,0.00,185295.06,False,,,384769.22
1988,fred_cmt,1.26,R6,436375.00,150000.00,264752.09,False,0.00,264752.09,,552114.47,54931.80,345388.45
1989,fred_cmt,1.24,REC,382579.69,150000.00,242092.76,False,0.00,242092.76,,,,307954.65
1989,fred_cmt,1.24,R1,373750.87,373750.87,373750.87,False,0.00,373750.87,,,,300847.96
1989,fred_cmt,1.24,R3,371537.51,0.00,157060.88,False,0.00,157060.88,,,,299066.33
1989,fred_cmt,1.24,R2,382254.49,0.00,144728.76,False,0.00,144728.76,,,,307692.89
1989,fred_cmt,1.24,R4,344301.58,0.00,145653.83,False,0.00,145653.83,,,,277142.97
1989,fred_cmt,1.24,R4b,379959.53,0.00,146350.28,False,0.00,146350.28,,,,305845.57
1989,fred_cmt,1.24,R5,382873.50,0.00,138235.39,False,0.00,138235.39,False,,,308191.15
1989,fred_cmt,1.24,R5m5,415663.70,0.00,137949.46,False,0.00,137949.46,False,,,334585.38
1989,fred_cmt,1.24,R6,382579.69,150000.00,242092.76,False,0.00,242092.76,,541284.39,53625.98,307954.65
1990,treasury_par,1.22,REC,393080.11,150000.00,245407.33,False,0.00,245407.33,,,,322914.40
1990,treasury_par,1.22,R1,327914.63,327914.63,327914.63,False,0.00,327914.63,,,,269381.11
1990,treasury_par,1.22,R3,396561.40,0.00,163430.81,False,0.00,163430.81,,,,325774.27
1990,treasury_par,1.22,R2,387037.43,0.00,146598.39,False,0.00,146598.39,,,,317950.35
1990,treasury_par,1.22,R4,333824.71,0.00,138903.57,False,0.00,138903.57,,,,274236.23
1990,treasury_par,1.22,R4b,387274.78,0.00,152160.53,False,0.00,152160.53,,,,318145.34
1990,treasury_par,1.22,R5,505671.37,0.00,179065.97,False,0.00,179065.97,False,,,415407.87
1990,treasury_par,1.22,R5m5,535403.65,0.00,189392.14,False,0.00,189392.14,False,,,439832.86
1990,treasury_par,1.22,R6,393080.11,150000.00,245407.33,False,0.00,245407.33,,529807.92,52543.96,322914.40
1991,treasury_par,1.19,REC,371216.38,150000.00,224340.18,False,0.00,224340.18,,,,313169.71
1991,treasury_par,1.19,R1,305764.51,305764.51,305764.51,False,0.00,305764.51,,,,257952.47
1991,treasury_par,1.19,R3,380313.47,0.00,139595.23,False,0.00,139595.23,,,,320844.30
1991,treasury_par,1.19,R2,454396.56,0.00,152022.42,False,0.00,152022.42,,,,383343.10
1991,treasury_par,1.19,R4,373711.48,0.00,146868.34,False,0.00,146868.34,,,,315274.65
1991,treasury_par,1.19,R4b,454444.47,0.00,161124.65,False,0.00,161124.65,,,,383383.51
1991,treasury_par,1.19,R5,535287.03,0.00,156035.00,False,0.00,156035.00,False,,,451584.82
1991,treasury_par,1.19,R5m5,571425.40,0.00,165296.93,False,0.00,165296.93,False,,,482072.27
1991,treasury_par,1.19,R6,371216.38,150000.00,224340.18,False,0.00,224340.18,,511882.16,50765.88,313169.71
1992,treasury_par,1.17,REC,351452.47,150000.00,219295.57,False,0.00,219295.57,,,,300466.65
1992,treasury_par,1.17,R1,267360.35,267360.35,267360.35,False,0.00,267360.35,,,,228573.92
1992,treasury_par,1.17,R3,375296.96,0.00,143123.00,False,0.00,143123.00,,,,320851.98
1992,treasury_par,1.17,R2,462775.80,0.00,148820.60,False,0.00,148820.60,,,,395640.11
1992,treasury_par,1.17,R4,368421.43,0.00,141511.97,False,0.00,141511.97,,,,314973.89
1992,treasury_par,1.17,R4b,469062.61,0.00,159451.98,False,0.00,159451.98,,,,401014.88
1992,treasury_par,1.17,R5,605531.90,0.00,171445.90,False,0.00,171445.90,False,,,517686.33
1992,treasury_par,1.17,R5m5,689789.71,0.00,194786.60,False,0.00,194786.60,False,,,589720.71
1992,treasury_par,1.17,R6,351452.47,150000.00,219295.57,False,0.00,219295.57,,508773.34,50485.71,300466.65
1993,treasury_par,1.16,REC,330549.23,150000.00,211088.59,False,0.00,211088.59,,,,286180.20
1993,treasury_par,1.16,R1,253896.72,253896.72,253896.72,False,0.00,253896.72,,,,219816.62
1993,treasury_par,1.16,R3,364631.82,0.00,134481.19,False,0.00,134481.19,,,,315687.94
1993,treasury_par,1.16,R2,522071.52,0.00,174866.21,False,0.00,174866.21,,,,451994.79
1993,treasury_par,1.16,R4,424472.59,0.00,163707.58,False,0.00,163707.58,,,,367496.39
1993,treasury_par,1.16,R4b,553358.86,0.00,193569.35,False,0.00,193569.35,,,,479082.49
1993,treasury_par,1.16,R5,568792.40,0.00,165986.09,False,0.00,165986.09,False,,,492444.41
1993,treasury_par,1.16,R5m5,674035.00,0.00,197827.28,False,0.00,197827.28,False,,,583560.48
1993,treasury_par,1.16,R6,330549.23,150000.00,211088.59,False,0.00,211088.59,,507673.72,50219.03,286180.20
1994,treasury_par,1.15,REC,360961.07,150000.00,219052.03,False,0.00,219052.03,,,,312704.08
1994,treasury_par,1.15,R1,261454.20,261454.20,261454.20,False,0.00,261454.20,,,,226500.31
1994,treasury_par,1.15,R3,379275.65,0.00,141421.08,False,0.00,141421.08,,,,328570.17
1994,treasury_par,1.15,R2,574624.79,0.00,179789.09,False,0.00,179789.09,,,,497803.03
1994,treasury_par,1.15,R4,426044.12,0.00,166581.67,False,0.00,166581.67,,,,369086.16
1994,treasury_par,1.15,R4b,580963.09,0.00,200264.87,False,0.00,200264.87,,,,503293.96
1994,treasury_par,1.15,R5,675663.83,0.00,172482.39,False,0.00,172482.39,False,,,585334.13
1994,treasury_par,1.15,R5m5,767979.29,0.00,199447.73,False,0.00,199447.73,False,,,665307.91
1994,treasury_par,1.15,R6,360961.07,150000.00,219052.03,False,0.00,219052.03,,506547.49,50133.48,312704.08
1995,treasury_par,1.16,REC,370140.78,150000.00,248192.74,False,0.00,248192.74,,,,318448.58
1995,treasury_par,1.16,R1,294648.75,294648.75,294648.75,False,0.00,294648.75,,,,253499.42
1995,treasury_par,1.16,R3,390462.95,0.00,173565.80,False,0.00,173565.80,,,,335932.64
1995,treasury_par,1.16,R2,473310.85,0.00,204180.13,False,0.00,204180.13,,,,407210.38
1995,treasury_par,1.16,R4,458348.54,0.00,192887.03,False,0.00,192887.03,,,,394337.63
1995,treasury_par,1.16,R4b,572955.98,0.00,229557.90,False,0.00,229557.90,,,,492939.51
1995,treasury_par,1.16,R5,591555.93,0.00,258273.73,False,0.00,258273.73,False,,,508941.87
1995,treasury_par,1.16,R5m5,652433.45,0.00,285427.86,False,0.00,285427.86,False,,,561317.51
1995,treasury_par,1.16,R6,370140.78,150000.00,248192.74,True,45.83,248192.74,,505804.71,49954.17,318448.58
1996,treasury_par,1.15,REC,232154.56,150000.00,191077.28,False,0.00,203515.64,,,,201673.54
1996,treasury_par,1.15,R1,228150.22,228150.22,228150.22,False,0.00,228150.22,,,,198194.96
1996,treasury_par,1.15,R3,239646.11,0.00,119823.05,False,0.00,130781.84,,,,208181.48
1996,treasury_par,1.15,R2,284832.54,0.00,142416.27,False,0.00,212080.34,,,,247435.10
1996,treasury_par,1.15,R4,348514.56,0.00,174257.28,False,0.00,192040.04,,,,302755.91
1996,treasury_par,1.15,R4b,374864.17,0.00,187432.09,False,0.00,244951.47,,,,325645.93
1996,treasury_par,1.15,R5,191262.94,0.00,95631.47,False,0.00,174555.57,False,,,166150.84
1996,treasury_par,1.15,R5m5,204068.08,0.00,102034.04,False,0.00,233133.37,False,,,177274.71
1996,treasury_par,1.15,R6,232154.56,150000.00,191077.28,True,154.36,203515.64,,504806.91,49845.64,201673.54
1997,treasury_par,1.14,REC,226676.55,150000.00,188338.28,False,0.00,204163.14,,,,198733.58
1997,treasury_par,1.14,R1,254646.45,254646.45,254646.45,False,0.00,254646.45,,,,223255.55
1997,treasury_par,1.14,R3,220439.48,0.00,110219.74,False,0.00,127235.37,,,,193265.37
1997,treasury_par,1.14,R2,131893.86,0.00,65946.93,False,0.00,141971.96,,,,115634.98
1997,treasury_par,1.14,R4,249727.24,0.00,124863.62,False,0.00,150023.99,,,,218942.74
1997,treasury_par,1.14,R4b,181041.84,0.00,90520.92,False,0.00,151302.80,,,,158724.36
1997,treasury_par,1.14,R5,160237.51,0.00,80118.76,False,0.00,106273.30,False,,,140484.64
1997,treasury_par,1.14,R5m5,142620.80,0.00,71310.40,False,0.00,145352.10,True,,,125039.58
1997,treasury_par,1.14,R6,226676.55,150000.00,188338.28,True,1658.58,204163.14,,500672.95,49363.76,198733.58
1998,treasury_par,1.14,REC,202236.80,150000.00,173761.72,False,0.00,173761.72,,,,176998.35
1998,treasury_par,1.14,R1,211543.36,211543.36,211543.36,False,0.00,211543.36,,,,185143.48
1998,treasury_par,1.14,R3,198706.23,0.00,88958.33,False,0.00,88958.33,,,,173908.39
1998,treasury_par,1.14,R2,157474.57,0.00,77731.42,False,0.00,77731.42,,,,137822.30
1998,treasury_par,1.14,R4,175189.26,0.00,87594.63,False,0.00,95251.27,,,,153326.25
1998,treasury_par,1.14,R4b,114836.05,0.00,57418.03,False,0.00,72805.00,,,,100504.92
1998,treasury_par,1.14,R5,156940.86,0.00,77352.94,False,0.00,77352.94,False,,,137355.19
1998,treasury_par,1.14,R5m5,144183.24,0.00,67764.13,False,0.00,67764.13,True,,,126189.67
1998,treasury_par,1.14,R6,202236.80,150000.00,173761.72,True,413.48,173761.72,,504169.82,49677.85,176998.35
1999,treasury_par,1.16,REC,183690.79,150000.00,160758.27,False,0.00,160758.27,,,,158207.61
1999,treasury_par,1.16,R1,196734.95,196734.95,196734.95,False,0.00,196734.95,,,,169442.18
1999,treasury_par,1.16,R3,163709.45,0.00,60951.00,False,0.00,60951.00,,,,140998.26
1999,treasury_par,1.16,R2,137110.14,0.00,9703.20,False,0.00,9703.20,,,,118089.04
1999,treasury_par,1.16,R4,106918.65,0.00,27819.07,False,0.00,27819.07,,,,92085.97
1999,treasury_par,1.16,R4b,79005.33,0.00,0.00,False,0.00,0.00,,,,68045.03
1999,treasury_par,1.16,R5,153274.19,0.00,72926.12,False,0.00,72926.12,False,,,132010.67
1999,treasury_par,1.16,R5m5,133725.50,0.00,64658.42,False,0.00,64658.42,True,,,115173.94
1999,treasury_par,1.16,R6,183690.79,150000.00,160758.27,True,145.45,160758.27,,507955.38,49854.55,158207.61
2000,treasury_par,1.17,REC,242305.43,150000.00,186203.88,False,0.00,186203.88,,,,207215.38
2000,treasury_par,1.17,R1,246498.99,246498.99,246498.99,False,0.00,246498.99,,,,210801.64
2000,treasury_par,1.17,R3,242174.19,0.00,101992.84,False,0.00,101992.84,,,,207103.14
2000,treasury_par,1.17,R2,132810.59,0.00,35150.42,False,0.00,35150.42,,,,113577.30
2000,treasury_par,1.17,R4,81914.76,0.00,26941.90,False,0.00,26941.90,,,,70052.08
2000,treasury_par,1.17,R4b,97244.88,0.00,22580.11,False,0.00,22580.11,,,,83162.13
2000,treasury_par,1.17,R5,173949.23,0.00,78918.25,False,0.00,78918.25,False,,,148758.35
2000,treasury_par,1.17,R5m5,145191.93,0.00,69868.04,False,0.00,69868.04,True,,,124165.61
2000,treasury_par,1.17,R6,242305.43,150000.00,186203.88,True,1299.24,186203.88,,505207.16,48918.44,207215.38
2001,treasury_par,1.16,REC,199019.22,150000.00,168309.94,False,0.00,168309.94,,,,171602.13
2001,treasury_par,1.16,R1,185499.10,185499.10,185499.10,False,0.00,185499.10,,,,159944.55
2001,treasury_par,1.16,R3,226989.04,0.00,92525.65,False,0.00,92525.65,,,,195718.80
2001,treasury_par,1.16,R2,245508.97,0.00,72002.45,False,0.00,72002.45,,,,211687.40
2001,treasury_par,1.16,R4,155825.47,0.00,56428.59,False,0.00,56428.59,,,,134358.79
2001,treasury_par,1.16,R4b,220938.33,0.00,71036.39,False,0.00,71036.39,,,,190501.64
2001,treasury_par,1.16,R5,176450.20,0.00,77166.15,False,0.00,77166.15,False,,,152142.24
2001,treasury_par,1.16,R5m5,130978.92,0.00,61491.23,False,0.00,61491.23,True,,,112935.13
2001,treasury_par,1.16,R6,199019.22,150000.00,168309.94,True,4655.51,168309.94,,497770.81,47661.11,171602.13
2002,treasury_par,1.19,REC,219875.54,150000.00,175409.01,False,0.00,175409.01,,,,184977.57
2002,treasury_par,1.19,R1,184634.16,184634.16,184634.16,False,0.00,184634.16,,,,155329.59
2002,treasury_par,1.19,R3,288039.36,0.00,113679.12,False,0.00,113679.12,,,,242322.63
2002,treasury_par,1.19,R2,343351.50,0.00,114640.26,False,0.00,114640.26,,,,288855.80
2002,treasury_par,1.19,R4,268271.89,0.00,104692.54,False,0.00,104692.54,,,,225692.59
2002,treasury_par,1.19,R4b,367919.30,0.00,126949.46,False,0.00,126949.46,,,,309524.27
2002,treasury_par,1.19,R5,336660.52,0.00,117283.49,False,0.00,117283.49,False,,,283226.79
2002,treasury_par,1.19,R5m5,512040.27,0.00,151903.06,False,0.00,151903.06,False,,,430770.80
2002,treasury_par,1.19,R6,219875.54,150000.00,175409.01,True,5172.54,175409.01,,499068.54,47906.52,184977.57
2003,treasury_par,1.16,REC,146407.57,146407.57,146407.57,False,0.00,146407.57,,,,125982.70
2003,treasury_par,1.16,R1,146407.57,146407.57,146407.57,False,0.00,146407.57,,,,125982.70
2003,treasury_par,1.16,R3,151383.21,0.00,75691.61,False,0.00,84807.89,,,,130264.20
2003,treasury_par,1.16,R2,162491.82,0.00,81245.91,False,0.00,161847.45,,,,139823.07
2003,treasury_par,1.16,R4,282133.14,0.00,141066.57,False,0.00,151392.44,,,,242773.60
2003,treasury_par,1.16,R4b,297473.86,0.00,148736.93,False,0.00,191270.96,,,,255974.18
2003,treasury_par,1.16,R5,147344.10,0.00,67104.40,False,0.00,67104.40,True,,,126788.57
2003,treasury_par,1.16,R5m5,147344.10,0.00,67104.40,False,0.00,67104.40,True,,,126788.57
2003,treasury_par,1.16,R6,146407.57,146407.57,146407.57,True,7147.10,146407.57,,495347.24,47781.21,125982.70
2004,treasury_par,1.17,REC,159566.53,150000.00,154783.27,False,0.00,155950.64,,,,136180.67
2004,treasury_par,1.17,R1,159504.05,159504.05,159504.05,False,0.00,159504.05,,,,136127.34
2004,treasury_par,1.17,R3,170054.99,0.00,85027.49,False,0.00,90037.11,,,,145131.95
2004,treasury_par,1.17,R2,175817.26,0.00,87908.63,False,0.00,126812.98,,,,150049.71
2004,treasury_par,1.17,R4,183747.91,0.00,91873.95,False,0.00,120028.85,,,,156818.05
2004,treasury_par,1.17,R4b,168243.11,0.00,84121.55,False,0.00,144427.94,,,,143585.62
2004,treasury_par,1.17,R5,145838.89,0.00,72919.44,False,0.00,76461.50,True,,,124464.93
2004,treasury_par,1.17,R5m5,128794.97,0.00,64397.48,False,0.00,78722.84,True,,,109918.94
2004,treasury_par,1.17,R6,159566.53,150000.00,154783.27,True,8035.47,155950.64,,494964.50,47795.61,136180.67
2005,treasury_par,1.15,REC,156973.48,150000.00,152351.37,False,0.00,152351.37,,,,136290.60
2005,treasury_par,1.15,R1,156883.36,156883.36,156883.36,False,0.00,156883.36,,,,136212.36
2005,treasury_par,1.15,R3,166668.76,0.00,65294.09,False,0.00,65294.09,,,,144708.43
2005,treasury_par,1.15,R2,163538.17,0.00,22016.44,False,0.00,22016.44,,,,141990.33
2005,treasury_par,1.15,R4,152002.20,0.00,50817.00,False,0.00,50817.00,,,,131974.34
2005,treasury_par,1.15,R4b,118880.03,0.00,8187.95,False,0.00,8187.95,,,,103216.36
2005,treasury_par,1.15,R5,147439.56,0.00,72443.87,False,0.00,72443.87,True,,,128012.87
2005,treasury_par,1.15,R5m5,138737.14,0.00,68211.42,False,0.00,68211.42,True,,,120457.09
2005,treasury_par,1.15,R6,156973.48,150000.00,152351.37,True,12780.15,152351.37,,487761.64,47346.38,136290.60
2006,treasury_par,1.15,REC,159597.42,150000.00,154403.86,False,0.00,154403.86,,,,139178.87
2006,treasury_par,1.15,R1,162312.58,162312.58,162312.58,False,0.00,162312.58,,,,141546.66
2006,treasury_par,1.15,R3,148573.04,0.00,67103.55,False,0.00,67103.55,,,,129564.93
2006,treasury_par,1.15,R2,95144.54,0.00,47572.27,False,0.00,53593.28,,,,82971.96
2006,treasury_par,1.15,R4,107319.15,0.00,53648.59,False,0.00,53648.59,,,,93588.97
2006,treasury_par,1.15,R4b,93331.18,0.00,46665.59,False,0.00,46950.47,,,,81390.59
2006,treasury_par,1.15,R5,144187.16,0.00,70799.22,False,0.00,70799.22,True,,,125740.17
2006,treasury_par,1.15,R5m5,130471.15,0.00,64713.91,False,0.00,64713.91,True,,,113778.96
2006,treasury_par,1.15,R6,159597.42,150000.00,154403.86,True,20133.18,154403.86,,479866.82,46406.14,139178.87
2007,treasury_par,1.14,REC,160059.21,150000.00,154531.79,False,0.00,154531.79,,,,140678.72
2007,treasury_par,1.14,R1,161711.64,161711.64,161711.64,False,0.00,161711.64,,,,142131.06
2007,treasury_par,1.14,R3,157897.20,0.00,71217.69,False,0.00,71217.69,,,,138778.49
2007,treasury_par,1.14,R2,73755.58,0.00,36877.79,False,0.00,37589.31,,,,64825.01
2007,treasury_par,1.14,R4,39744.96,0.00,19872.48,False,0.00,26243.00,,,,34932.51
2007,treasury_par,1.14,R4b,42242.47,0.00,21121.24,False,0.00,29375.14,,,,37127.62
2007,treasury_par,1.14,R5,144776.86,0.00,71715.09,False,0.00,71715.09,True,,,127246.80
2007,treasury_par,1.14,R5m5,132859.26,0.00,66299.71,False,0.00,66299.71,True,,,116772.22
2007,treasury_par,1.14,R6,160059.21,150000.00,154531.79,True,22064.55,154531.79,,477935.45,46403.93,140678.72
2008,treasury_par,1.11,REC,121071.91,121071.91,121071.91,False,0.00,121071.91,,,,109116.52
2008,treasury_par,1.11,R1,121071.91,121071.91,121071.91,False,0.00,121071.91,,,,109116.52
2008,treasury_par,1.11,R3,181355.81,0.00,71659.97,False,0.00,71659.97,,,,163447.61
2008,treasury_par,1.11,R2,183248.51,0.00,25684.89,False,0.00,25684.89,,,,165153.42
2008,treasury_par,1.11,R4,86184.21,0.00,24631.43,False,0.00,24631.43,,,,77673.85
2008,treasury_par,1.11,R4b,135846.98,0.00,21223.93,False,0.00,21223.93,,,,122432.61
2008,treasury_par,1.11,R5,111360.76,0.00,55386.44,False,0.00,55386.44,True,,,100364.31
2008,treasury_par,1.11,R5m5,111360.76,0.00,55386.44,False,0.00,55386.44,True,,,100364.31
2008,treasury_par,1.11,R6,121071.91,121071.91,121071.91,True,28831.65,121071.91,,471168.35,45705.91,109116.52
2009,treasury_par,1.12,REC,76505.74,76505.74,76505.74,False,0.00,76505.74,,,,68495.93
2009,treasury_par,1.12,R1,76505.74,76505.74,76505.74,False,0.00,76505.74,,,,68495.93
2009,treasury_par,1.12,R3,99881.78,0.00,40779.86,False,0.00,40779.86,,,,89424.62
2009,treasury_par,1.12,R2,278130.98,0.00,73863.39,False,0.00,73863.39,,,,249011.94
2009,treasury_par,1.12,R4,208835.08,0.00,73008.98,False,0.00,73008.98,,,,186971.01
2009,treasury_par,1.12,R4b,310622.97,0.00,87955.91,False,0.00,87955.91,,,,278102.16
2009,treasury_par,1.12,R5,81719.64,0.00,40827.26,False,0.00,40827.26,True,,,73163.97
2009,treasury_par,1.12,R5m5,81719.64,0.00,40827.26,False,0.00,40827.26,True,,,73163.97
2009,treasury_par,1.12,R6,76505.74,76505.74,76505.74,True,17989.64,76505.74,,483924.79,46803.72,68495.93
2010,treasury_par,1.10,REC,125284.17,125284.17,125284.17,False,0.00,125284.17,,,,114385.46
2010,treasury_par,1.10,R1,125284.17,125284.17,125284.17,False,0.00,125284.17,,,,114385.46
2010,treasury_par,1.10,R3,154475.14,0.00,72445.11,False,0.00,72445.11,,,,141037.05
2010,treasury_par,1.10,R2,190682.34,0.00,90702.32,False,0.00,90702.32,,,,174094.52
2010,treasury_par,1.10,R4,146103.31,0.00,70357.86,False,0.00,70357.86,,,,133393.51
2010,treasury_par,1.10,R4b,225712.22,0.00,106817.07,False,0.00,106817.07,,,,206077.09
2010,treasury_par,1.10,R5,120393.33,0.00,60196.66,False,0.00,60395.67,True,,,109920.08
2010,treasury_par,1.10,R5m5,120393.33,0.00,60196.66,False,0.00,60395.67,True,,,109920.08
2010,treasury_par,1.10,R6,125284.17,125284.17,125284.17,True,17630.61,125284.17,,485332.16,46691.63,114385.46
2011,treasury_par,1.10,REC,97341.03,97341.03,97341.03,False,0.00,97341.03,,,,88369.12
2011,treasury_par,1.10,R1,97341.03,97341.03,97341.03,False,0.00,97341.03,,,,88369.12
2011,treasury_par,1.10,R3,132470.52,0.00,62581.78,False,0.00,62581.78,,,,120260.73
2011,treasury_par,1.10,R2,186613.29,0.00,82002.55,False,0.00,82002.55,,,,169413.16
2011,treasury_par,1.10,R4,145559.21,0.00,71365.32,False,0.00,71365.32,,,,132143.03
2011,treasury_par,1.10,R4b,209651.88,0.00,97886.98,False,0.00,97886.98,,,,190328.29
2011,treasury_par,1.10,R5,83114.44,0.00,41391.57,False,0.00,41391.57,True,,,75453.79
2011,treasury_par,1.10,R5m5,83114.44,0.00,41391.57,False,0.00,41391.57,True,,,75453.79
2011,treasury_par,1.10,R6,97341.03,97341.03,97341.03,True,12794.36,97341.03,,493544.47,47132.99,88369.12
2012,treasury_par,1.09,REC,40738.41,40738.41,40738.41,False,0.00,40738.41,,,,37292.62
2012,treasury_par,1.09,R1,40738.41,40738.41,40738.41,False,0.00,40738.41,,,,37292.62
2012,treasury_par,1.09,R3,58811.35,0.00,24108.25,False,0.00,24108.25,,,,53836.89
2012,treasury_par,1.09,R2,265130.98,0.00,74092.03,False,0.00,74092.03,,,,242705.31
2012,treasury_par,1.09,R4,195046.80,0.00,75257.53,False,0.00,75257.53,,,,178549.09
2012,treasury_par,1.09,R4b,276353.93,0.00,91082.38,False,0.00,91082.38,,,,252978.99
2012,treasury_par,1.09,R5,36786.66,0.00,18334.44,False,0.00,18334.44,True,,,33675.12
2012,treasury_par,1.09,R5m5,36786.66,0.00,18334.44,False,0.00,18334.44,True,,,33675.12
2013,treasury_par,1.09,REC,45976.08,45976.08,45976.08,False,0.00,45976.08,,,,42017.39
2013,treasury_par,1.09,R1,45976.08,45976.08,45976.08,False,0.00,45976.08,,,,42017.39
2013,treasury_par,1.09,R3,52433.78,0.00,23730.63,False,0.00,23730.63,,,,47919.06
2013,treasury_par,1.09,R2,167286.00,0.00,61032.66,False,0.00,61032.66,,,,152882.14
2013,treasury_par,1.09,R4,149485.54,0.00,59557.66,False,0.00,59557.66,,,,136614.36
2013,treasury_par,1.09,R4b,206227.84,0.00,73103.45,False,0.00,73103.45,,,,188470.96
2013,treasury_par,1.09,R5,49250.70,0.00,24231.13,False,0.00,24231.13,True,,,45010.06
2013,treasury_par,1.09,R5m5,49250.70,0.00,24231.13,False,0.00,24231.13,True,,,45010.06
2014,treasury_par,1.10,REC,87712.57,87712.57,87712.57,False,0.00,87712.57,,,,79546.29
2014,treasury_par,1.10,R1,87712.57,87712.57,87712.57,False,0.00,87712.57,,,,79546.29
2014,treasury_par,1.10,R3,112367.27,0.00,49572.05,False,0.00,49572.05,,,,101905.57
2014,treasury_par,1.10,R2,186345.22,0.00,71092.57,False,0.00,71092.57,,,,168995.97
2014,treasury_par,1.10,R4,127796.73,0.00,57654.35,False,0.00,57654.35,,,,115898.50
2014,treasury_par,1.10,R4b,189614.52,0.00,83286.88,False,0.00,83286.88,,,,171960.89
2014,treasury_par,1.10,R5,73416.17,0.00,36261.59,False,0.00,36261.59,True,,,66580.92
2014,treasury_par,1.10,R5m5,73416.17,0.00,36261.59,False,0.00,36261.59,True,,,66580.92
2015,treasury_par,1.11,REC,51010.42,51010.42,51010.42,False,0.00,51010.42,,,,45984.86
2015,treasury_par,1.11,R1,51010.42,51010.42,51010.42,False,0.00,51010.42,,,,45984.86
2015,treasury_par,1.11,R3,72364.59,0.00,27269.37,False,0.00,27269.37,,,,65235.22
2015,treasury_par,1.11,R2,208837.13,0.00,49977.07,False,0.00,49977.07,,,,188262.45
2015,treasury_par,1.11,R4,146938.34,0.00,49627.90,False,0.00,49627.90,,,,132461.95
2015,treasury_par,1.11,R4b,214564.97,0.00,56929.75,False,0.00,56929.75,,,,193425.98
2015,treasury_par,1.11,R5,44928.74,0.00,22464.37,False,0.00,24600.66,True,,,40502.35
2015,treasury_par,1.11,R5m5,44928.74,0.00,22464.37,False,0.00,24600.66,True,,,40502.35
2016,treasury_par,1.18,REC,58340.05,58340.05,58340.05,False,0.00,58340.05,,,,49493.48
2016,treasury_par,1.18,R1,58340.05,58340.05,58340.05,False,0.00,58340.05,,,,49493.48
2016,treasury_par,1.18,R3,86926.94,0.00,34740.22,False,0.00,34740.22,,,,73745.51
2016,treasury_par,1.18,R2,294283.70,0.00,82309.32,False,0.00,82309.32,,,,249659.09
2016,treasury_par,1.18,R4,194929.94,0.00,74921.27,False,0.00,74921.27,,,,165371.14
2016,treasury_par,1.18,R4b,299361.43,0.00,97815.33,False,0.00,97815.33,,,,253966.84
2016,treasury_par,1.18,R5,55157.40,0.00,27430.95,False,0.00,27430.95,True,,,46793.44
2016,treasury_par,1.18,R5m5,55157.40,0.00,27430.95,False,0.00,27430.95,True,,,46793.44
2017,treasury_par,1.23,REC,68114.69,68114.69,68114.69,False,0.00,68114.69,,,,55408.45
2017,treasury_par,1.23,R1,68114.69,68114.69,68114.69,False,0.00,68114.69,,,,55408.45
2017,treasury_par,1.23,R3,74792.20,0.00,37396.10,False,0.00,38613.68,,,,60840.33
2017,treasury_par,1.23,R2,186176.41,0.00,75435.20,False,0.00,75435.20,,,,151446.73
2017,treasury_par,1.23,R4,155226.58,0.00,66385.85,False,0.00,66385.85,,,,126270.34
2017,treasury_par,1.23,R4b,228640.71,0.00,90270.98,False,0.00,90270.98,,,,185989.66
2017,treasury_par,1.23,R5,69071.46,0.00,30503.68,False,0.00,30503.68,True,,,56186.74
2017,treasury_par,1.23,R5m5,69071.46,0.00,30503.68,False,0.00,30503.68,True,,,56186.74
2018,treasury_par,1.24,REC,68743.92,68743.92,68743.92,False,0.00,68743.92,,,,55247.76
2018,treasury_par,1.24,R1,68743.92,68743.92,68743.92,False,0.00,68743.92,,,,55247.76
2018,treasury_par,1.24,R3,89811.19,0.00,44905.60,False,0.00,45126.91,,,,72179.00
2018,treasury_par,1.24,R2,221833.00,0.00,96565.61,False,0.00,96565.61,,,,178281.60
2018,treasury_par,1.24,R4,169069.48,0.00,79245.90,False,0.00,79245.90,,,,135876.89
2018,treasury_par,1.24,R4b,241999.25,0.00,117081.09,False,0.00,117081.09,,,,194488.72
2018,treasury_par,1.24,R5,72564.19,0.00,33122.52,False,0.00,33122.52,True,,,58318.02
2018,treasury_par,1.24,R5m5,72564.19,0.00,33122.52,False,0.00,33122.52,True,,,58318.02
2019,treasury_par,1.26,REC,69110.88,69110.88,69110.88,False,0.00,69110.88,,,,55014.77
2019,treasury_par,1.26,R1,69110.88,69110.88,69110.88,False,0.00,69110.88,,,,55014.77
2019,treasury_par,1.26,R3,87877.49,0.00,34443.83,False,0.00,34443.83,,,,69953.67
2019,treasury_par,1.26,R2,283184.98,0.00,77153.64,False,0.00,77153.64,,,,225425.54
2019,treasury_par,1.26,R4,218802.24,0.00,78903.62,False,0.00,78903.62,,,,174174.53
2019,treasury_par,1.26,R4b,296447.28,0.00,90270.59,False,0.00,90270.59,,,,235982.81
2019,treasury_par,1.26,R5,69473.21,0.00,30958.00,False,0.00,30958.00,True,,,55303.20
2019,treasury_par,1.26,R5m5,69473.21,0.00,30958.00,False,0.00,30958.00,True,,,55303.20
2020,treasury_par,1.26,REC,29497.94,29497.94,29497.94,False,0.00,29497.94,,,,23391.79
2020,treasury_par,1.26,R1,29497.94,29497.94,29497.94,False,0.00,29497.94,,,,23391.79
2020,treasury_par,1.26,R3,41568.56,0.00,16130.25,False,0.00,16130.25,,,,32963.75
2020,treasury_par,1.26,R2,271341.10,0.00,74393.29,False,0.00,74393.29,,,,215172.74
2020,treasury_par,1.26,R4,193197.95,0.00,69880.10,False,0.00,69880.10,,,,153205.44
2020,treasury_par,1.26,R4b,283099.69,0.00,87186.07,False,0.00,87186.07,,,,224497.27
2020,treasury_par,1.26,R5,33117.44,0.00,15058.04,False,0.00,15058.04,True,,,26262.03
2020,treasury_par,1.26,R5m5,33117.44,0.00,15058.04,False,0.00,15058.04,True,,,26262.03
