Price,Adj Close,Adj Close,Adj Close,Adj Close,Adj Close,Adj Close,Close,Close,Close,Close,Close,Close,High,High,High,High,High,High,Low,Low,Low,Low,Low,Low,Open,Open,Open,Open,Open,Open,Volume,Volume,Volume,Volume,Volume,Volume
Ticker,GLD,SPY,VNQ,VT,VTI,VXUS,GLD,SPY,VNQ,VT,VTI,VXUS,GLD,SPY,VNQ,VT,VTI,VXUS,GLD,SPY,VNQ,VT,VTI,VXUS,GLD,SPY,VNQ,VT,VTI,VXUS,GLD,SPY,VNQ,VT,VTI,VXUS
Date,,,,,,,,,,,,,,,,,,,,,,,,,,,,,,,,,,,,
2008-06-01,91.4000015258789,91.83808135986328,27.510425567626953,33.760223388671875,46.25687789916992,,91.4000015258789,127.9800033569336,58.41999816894531,49.540000915527344,64.08999633789062,,91.9000015258789,140.88999938964844,67.41999816894531,51.720001220703125,70.625,,84.83000183105469,127.04000091552734,57.72999954223633,49.2599983215332,63.83000183105469,,87.47000122070312,139.8300018310547,66.66999816894531,49.91999816894531,69.98500061035156,,215821900,5408930000,10699000,66500,24325000,
2008-07-01,90.08000183105469,91.01284790039062,28.367481231689453,32.853851318359375,45.96815490722656,,90.08000183105469,126.83000183105469,60.2400016784668,48.209999084472656,63.689998626708984,,97.5,129.16000366210938,63.20000076293945,49.689998626708984,64.8499984741211,,88.08000183105469,120.0199966430664,53.189998626708984,46.34000015258789,60.09000015258789,,92.52999877929688,126.5199966430664,56.88999938964844,49.130001068115234,63.4900016784668,,340996500,7156206800,82577600,743400,45319400,
2008-08-01,81.70999908447266,92.41935729980469,29.04088020324707,32.24734115600586,46.639400482177734,,81.70999908447266,128.7899932861328,61.66999816894531,47.31999969482422,64.62000274658203,,90.44999694824219,131.50999450683594,64.5199966430664,50.02000045776367,66.01000213623047,,76.61000061035156,124.76000213623047,58.380001068115234,46.13999938964844,62.61000061035156,,89.5,127.12000274658203,60.27000045776367,48.189998626708984,63.86000061035156,,295035600,4344355500,64977900,719900,31130500,
2008-09-01,85.06999969482422,83.71588897705078,29.004953384399414,29.310192108154297,42.32942581176758,,85.06999969482422,115.98999786376953,60.79999923706055,43.0099983215332,58.36000061035156,,92.0,130.7100067138672,68.94999694824219,47.689998626708984,65.69999694824219,,72.51000213623047,110.52999877929688,55.83000183105469,35.849998474121094,55.88999938964844,,78.16000366210938,130.02999877929688,62.0,47.31999969482422,65.36000061035156,,510577600,8105188900,69565900,1610800,53017700,
2008-10-01,71.33999633789062,69.88712310791016,19.802553176879883,23.02700424194336,34.93120193481445,,71.33999633789062,96.83000183105469,41.5099983215332,33.790000915527344,48.15999984741211,,90.83999633789062,116.69000244140625,60.5,42.83000183105469,58.52000045776367,,66.0,83.58000183105469,32.529998779296875,29.0,41.400001525878906,,86.2300033569336,115.2699966430664,60.5,41.59000015258789,58.290000915527344,,433752300,11882352200,81280200,3581500,173103100,
2008-11-01,80.30999755859375,65.02251434326172,15.303927421569824,21.459606170654297,32.131473541259766,,80.30999755859375,90.08999633789062,32.08000183105469,31.489999771118164,44.29999923706055,,81.72000122070312,100.86000061035156,42.540000915527344,35.9900016784668,49.88999938964844,,68.80999755859375,74.33999633789062,22.520000457763672,26.600000381469727,36.31999969482422,,71.55000305175781,96.77999877929688,41.400001525878906,34.650001525878906,48.060001373291016,,223472600,8762237000,100577600,2968700,390381200,
2008-12-01,86.5199966430664,65.65953063964844,17.861351013183594,22.62087631225586,32.698951721191406,,86.5199966430664,90.23999786376953,36.45000076293945,32.97999954223633,44.7400016784668,,87.0999984741211,92.43000030517578,39.220001220703125,34.65999984741211,45.689998626708984,,72.91000366210938,81.86000061035156,25.450000762939453,28.75,40.20000076293945,,77.1500015258789,87.51000213623047,31.280000686645508,30.920000076293945,43.09000015258789,,241672800,6919927700,48442300,5222400,200234000,
2009-01-01,91.30999755859375,60.267913818359375,14.730098724365234,20.165374755859375,30.067840576171875,,91.30999755859375,82.83000183105469,30.059999465942383,29.399999618530273,41.13999938964844,,91.48999786376953,94.44999694824219,36.75,34.75,46.86000061035156,,78.87000274658203,80.05000305175781,28.65999984741211,28.3700008392334,40.0,,85.93000030517578,90.44000244140625,36.630001068115234,32.97999954223633,44.880001068115234,,308724900,6872039400,60678400,2530800,158467900,
2009-02-01,92.62999725341797,53.79222106933594,11.706658363342285,18.244863510131836,26.903181076049805,,92.62999725341797,73.93000030517578,23.889999389648438,26.600000381469727,36.810001373291016,,98.98999786376953,87.73999786376953,31.639999389648438,31.489999771118164,43.650001525878906,,86.0,73.80999755859375,23.18000030517578,26.299999237060547,36.65999984741211,,89.87999725341797,81.56999969482422,29.3700008392334,29.0,40.540000915527344,,503436200,7275092500,79691200,2075400,139680100,
2009-03-01,90.27999877929688,58.273681640625,12.132946968078613,19.856714248657227,29.128658294677734,,90.27999877929688,79.5199966430664,24.280000686645508,28.950000762939453,39.58000183105469,,94.7699966430664,83.30000305175781,27.270000457763672,30.450000762939453,41.45000076293945,,86.83000183105469,67.0999984741211,19.950000762939453,24.360000610351562,33.2599983215332,,93.4000015258789,72.5199966430664,23.559999465942383,26.229999542236328,36.040000915527344,,459903600,8813959700,69303000,2912800,130255000,
2009-04-01,87.2699966430664,64.06294250488281,15.855783462524414,22.250492095947266,32.33002853393555,,87.2699966430664,87.41999816894531,31.729999542236328,32.439998626708984,43.93000030517578,,91.37999725341797,89.0199966430664,33.0,32.9900016784668,44.790000915527344,,84.91999816894531,78.33000183105469,23.59000015258789,28.290000915527344,38.95000076293945,,91.33999633789062,78.52999877929688,23.850000381469727,28.290000915527344,39.11000061035156,,268886000,6023006600,94192200,1748000,77365100,
2009-05-01,96.19999694824219,67.80763244628906,16.270545959472656,24.609983444213867,34.09627914428711,,96.19999694824219,92.52999877929688,32.560001373291016,35.880001068115234,46.33000183105469,,96.3499984741211,93.69999694824219,33.619998931884766,35.880001068115234,46.7400016784668,,86.69000244140625,86.72000122070312,29.0,32.310001373291016,43.59000015258789,,86.75,87.44000244140625,31.760000228881836,32.7400016784668,43.93000030517578,,270773800,5195735600,74050600,2101900,63575500,
2009-06-01,91.18000030517578,67.76321411132812,15.750380516052246,24.184730529785156,34.22153091430664,,91.18000030517578,91.94999694824219,31.010000228881836,35.2599983215332,46.27000045776367,,96.97000122070312,96.11000061035156,35.099998474121094,37.25,48.310001373291016,,89.94999694824219,88.8499984741211,29.56999969482422,34.119998931884766,44.7400016784668,,96.47000122070312,93.66999816894531,33.34000015258789,35.959999084472656,46.959999084472656,,299689100,5054855000,52703500,1561400,48864500,
2009-07-01,93.3499984741211,72.81874084472656,17.446796417236328,26.63337516784668,36.86931228637695,,93.3499984741211,98.80999755859375,34.349998474121094,38.83000183105469,49.849998474121094,,94.02999877929688,99.83000183105469,34.90999984741211,39.06999969482422,50.31999969482422,,88.81999969482422,87.0,27.81999969482422,33.439998626708984,43.599998474121094,,92.30999755859375,92.33999633789062,31.229999542236328,35.83000183105469,46.5,,204130700,4295844600,44814900,3090600,42620500,
2009-08-01,93.4000015258789,75.50865173339844,19.94573211669922,27.34671974182129,38.23760223388672,,93.4000015258789,102.45999908447266,39.27000045776367,39.869998931884766,51.70000076293945,,95.25,104.3499984741211,40.900001525878906,40.79999923706055,52.709999084472656,,91.27999877929688,98.11000061035156,34.43000030517578,37.81999969482422,49.470001220703125,,94.13999938964844,99.8499984741211,35.09000015258789,39.560001373291016,50.279998779296875,,154745600,3957574800,83862700,3410100,35494100,
2009-09-01,98.8499984741211,78.18595886230469,21.26070785522461,28.78023338317871,39.818138122558594,,98.8499984741211,105.58999633789062,41.45000076293945,41.959999084472656,53.59000015258789,,100.08000183105469,108.05999755859375,45.2400016784668,43.0,55.06999969482422,,93.05999755859375,99.56999969482422,36.18000030517578,38.72999954223633,50.189998626708984,,93.41000366210938,101.94999694824219,38.970001220703125,39.810001373291016,51.41999816894531,,327528800,3777956700,67563400,2895900,33497900,
2009-10-01,102.52999877929688,76.68281555175781,20.311792373657227,28.05318260192871,38.77048110961914,,102.52999877929688,103.55999755859375,39.599998474121094,40.900001525878906,52.18000030517578,,104.69999694824219,110.30999755859375,42.380001068115234,44.060001373291016,55.849998474121094,,97.73999786376953,101.98999786376953,38.470001220703125,40.0,51.56999969482422,,98.83999633789062,103.0,41.36000061035156,41.810001373291016,53.400001525878906,,357924600,4481700800,76966800,4532500,38266100,
2009-11-01,115.63999938964844,81.40703582763672,21.645397186279297,29.548442840576172,40.977237701416016,,115.63999938964844,109.94000244140625,42.20000076293945,43.08000183105469,55.150001525878906,,116.87999725341797,111.73999786376953,43.5099983215332,47.43000030517578,56.220001220703125,,103.25,103.08000183105469,38.439998626708984,40.630001068115234,51.79999923706055,,103.5,104.12999725341797,39.70000076293945,41.130001068115234,52.470001220703125,,403445300,3430866200,53448600,3237200,37259200,
2009-12-01,107.30999755859375,82.96197509765625,23.244281768798828,30.009702682495117,42.15047073364258,,107.30999755859375,111.44000244140625,44.7400016784668,43.09000015258789,56.369998931884766,,119.54000091552734,113.02999877929688,46.63999938964844,44.5099983215332,57.25,,105.30999755859375,109.0199966430664,42.18000030517578,42.54999923706055,54.939998626708984,,117.30000305175781,110.91999816894531,42.630001068115234,43.880001068115234,55.68000030517578,,569725200,2883885800,47683200,3126000,36961800,
2010-01-01,105.95999908447266,79.94690704345703,21.961015701293945,28.477521896362305,40.647491455078125,,105.95999908447266,107.38999938964844,42.27000045776367,40.88999938964844,54.36000061035156,,113.58999633789062,115.13999938964844,45.630001068115234,44.93000030517578,58.349998474121094,,105.18000030517578,107.22000122070312,41.86000061035156,40.70000076293945,54.279998779296875,,109.81999969482422,112.37000274658203,45.220001220703125,43.72999954223633,56.86000061035156,,347218200,3706842300,59791000,6440000,44463300,
2010-02-01,109.43000030517578,82.44083404541016,23.187145233154297,29.06951332092285,42.04578399658203,,109.43000030517578,110.73999786376953,44.630001068115234,41.7400016784668,56.22999954223633,,110.38999938964844,111.58000183105469,45.119998931884766,42.369998931884766,56.720001220703125,,102.27999877929688,104.58000183105469,40.33000183105469,39.22999954223633,52.81999969482422,,106.63999938964844,108.1500015258789,42.59000015258789,41.29999923706055,54.720001220703125,,368010500,4451912400,58118800,2728300,40649700,
2010-03-01,108.94999694824219,87.45980072021484,25.549171447753906,31.005615234375,44.73495864868164,,108.94999694824219,117.0,48.810001373291016,44.52000045776367,59.59000015258789,,112.18000030517578,118.16999816894531,50.5,44.70000076293945,60.16999816894531,,106.23999786376953,111.16999816894531,44.72999954223633,41.880001068115234,56.470001220703125,,109.4800033569336,111.19999694824219,44.900001525878906,41.900001525878906,56.4900016784668,,326092400,3899688500,58754600,4694200,46139800,
2010-04-01,115.36000061035156,88.81283569335938,27.375961303710938,30.866315841674805,45.71086502075195,,115.36000061035156,118.80999755859375,52.29999923706055,44.31999969482422,60.88999938964844,,115.69999694824219,122.12000274658203,54.36000061035156,46.54999923706055,62.650001525878906,,109.91999816894531,117.0999984741211,48.61000061035156,43.79999923706055,59.630001068115234,,109.97000122070312,117.80000305175781,49.16999816894531,44.97999954223633,60.0099983215332,,274413100,3887089700,58159500,2608400,29872900,
2010-05-01,118.87999725341797,81.75624084472656,25.915571212768555,27.815898895263672,42.10746383666992,,118.87999725341797,109.37000274658203,49.5099983215332,39.939998626708984,56.09000015258789,,122.23999786376953,120.68000030517578,54.349998474121094,44.86000061035156,61.81999969482422,,113.30999755859375,104.37999725341797,45.0,37.93000030517578,29.760000228881836,,115.91000366210938,119.37999725341797,52.7599983215332,44.5,61.150001525878906,,504968200,7413878800,84316700,3736700,56280400,
2010-06-01,121.68000030517578,77.52610778808594,24.564781188964844,27.035890579223633,39.648155212402344,,121.68000030517578,103.22000122070312,46.4900016784668,38.81999969482422,52.560001373291016,,123.55999755859375,113.19999694824219,52.150001525878906,42.34000015258789,58.130001068115234,,117.05000305175781,102.87999725341797,45.22999954223633,38.439998626708984,52.41999816894531,,119.87999725341797,108.3499984741211,48.84000015258789,39.59000015258789,55.43000030517578,,326007600,5706059600,78490500,1727900,49950900,
2010-07-01,115.48999786376953,82.8211669921875,26.921396255493164,29.522186279296875,42.43167495727539,,115.48999786376953,110.2699966430664,50.95000076293945,42.38999938964844,56.25,,121.02999877929688,112.29000091552734,51.81999969482422,42.88999938964844,57.380001068115234,,113.08000183105469,101.12999725341797,43.959999084472656,38.310001373291016,51.459999084472656,,120.91000366210938,103.1500015258789,46.52000045776367,39.0099983215332,52.5,,275523100,4725402000,67021200,1687700,39708600,
2010-08-01,122.08000183105469,79.09583282470703,26.577938079833984,28.345195770263672,40.43267059326172,,122.08000183105469,105.30999755859375,50.29999923706055,40.70000076293945,53.599998474121094,,122.94999694824219,113.18000030517578,52.810001373291016,43.68000030517578,57.650001525878906,,115.19999694824219,104.29000091552734,48.11000061035156,40.08000183105469,52.97999954223633,,116.12000274658203,111.98999786376953,51.779998779296875,43.18000030517578,57.15999984741211,,214805800,4541971600,49065200,1467800,38699200,
2010-09-01,127.91000366210938,86.17925262451172,27.766155242919922,31.19366455078125,44.25908660888672,,127.91000366210938,114.12999725341797,52.08000183105469,44.790000915527344,58.369998931884766,,128.27999877929688,115.79000091552734,54.849998474121094,45.33000183105469,59.20000076293945,,121.1500015258789,106.66000366210938,50.880001068115234,41.45000076293945,54.25,,122.1500015258789,106.7300033569336,50.88999938964844,41.540000915527344,54.25,,269515300,4035642500,44821500,1777600,41757300,
2010-10-01,132.6199951171875,89.47146606445312,29.083030700683594,32.37762451171875,46.04096221923828,,132.6199951171875,118.48999786376953,54.54999923706055,46.4900016784668,60.720001220703125,,134.85000610351562,119.76000213623047,56.18000030517578,47.029998779296875,61.29999923706055,,127.91000366210938,113.18000030517578,51.689998626708984,44.52000045776367,57.849998474121094,,127.91000366210938,114.98999786376953,52.38999938964844,45.189998626708984,58.849998474121094,,365035100,3767490800,42152700,1884400,40163300,
2010-11-01,135.4199981689453,89.47146606445312,28.544557571411133,31.520980834960938,46.276039123535156,,135.4199981689453,118.48999786376953,53.540000915527344,45.2599983215332,61.029998779296875,,139.14999389648438,122.94999694824219,57.650001525878906,48.36000061035156,63.099998474121094,,129.47999572753906,117.58999633789062,51.619998931884766,45.029998779296875,60.31999969482422,,132.85000610351562,119.06999969482422,54.810001373291016,46.54999923706055,61.040000915527344,,407549300,3983708900,37579700,1930400,30401100,
2010-12-01,138.72000122070312,95.45283508300781,29.843538284301758,33.935726165771484,49.49656295776367,,138.72000122070312,125.75,55.369998931884766,47.79999923706055,64.93000030517578,,139.5399932861328,126.19999694824219,55.75,48.29999923706055,65.16000366210938,,132.86000061035156,120.19000244140625,52.75,46.119998931884766,61.91999816894531,,135.7100067138672,120.19999694824219,54.20000076293945,46.150001525878906,61.91999816894531,,305529800,2722749900,39338400,2407600,108380700,
2011-01-01,129.8699951171875,97.67688751220703,30.813701629638672,34.41140365600586,50.51044845581055,31.441694259643555,129.8699951171875,128.67999267578125,57.16999816894531,48.470001220703125,66.26000213623047,49.880001068115234,139.0,130.35000610351562,57.599998474121094,49.150001525878906,67.18000030517578,53.83000183105469,127.80000305175781,125.69999694824219,54.41999816894531,47.150001525878906,65.04000091552734,49.2599983215332,138.6699981689453,126.70999908447266,55.7599983215332,48.20000076293945,65.36000061035156,50.06999969482422,353019800,2860314700,33458200,2547200,40269100,87000.0
2011-02-01,137.66000366210938,101.06996154785156,32.263572692871094,35.41954040527344,52.37809753417969,32.17289352416992,137.66000366210938,133.14999389648438,59.86000061035156,49.88999938964844,68.70999908447266,51.040000915527344,138.1999969482422,134.69000244140625,59.86000061035156,50.36000061035156,69.62999725341797,55.91999816894531,129.27999877929688,129.3800048828125,56.7599983215332,48.54999923706055,66.69000244140625,49.54999923706055,130.52000427246094,129.4600067138672,57.5099983215332,48.88999938964844,66.72000122070312,50.619998931884766,238786500,2820073500,28594500,1429600,42064700,992900.0
2011-03-01,139.86000061035156,101.08206939697266,31.74390983581543,35.39823532104492,52.597320556640625,32.090946197509766,139.86000061035156,132.58999633789062,58.470001220703125,49.86000061035156,68.70999908447266,50.90999984741211,141.27999877929688,133.69000244140625,60.0,50.27000045776367,69.0,51.75,135.22999572753906,125.27999877929688,55.72999954223633,45.959999084472656,64.75,46.189998626708984,138.57000732421875,133.57000732421875,59.83000183105469,50.11000061035156,68.94000244140625,51.380001068115234,306448400,4787459400,47023800,2646500,45664600,1439700.0
2011-04-01,152.3699951171875,104.00952911376953,33.568084716796875,36.938838958740234,54.120635986328125,33.75507736206055,152.3699951171875,136.42999267578125,61.83000183105469,52.029998779296875,70.69999694824219,53.54999923706055,153.02999877929688,136.57000732421875,62.380001068115234,52.130001068115234,70.80000305175781,53.68000030517578,137.72000122070312,129.50999450683594,57.099998474121094,48.75,67.06999969482422,49.90999984741211,138.64999389648438,133.41000366210938,58.779998779296875,50.130001068115234,69.18000030517578,51.060001373291016,303490300,2812718500,35259100,1631800,29630200,840700.0
2011-05-01,149.63999938964844,102.8431625366211,34.02954864501953,36.10108184814453,53.546531677246094,32.74020004272461,149.63999938964844,134.89999389648438,62.68000030517578,50.849998474121094,69.94999694824219,51.939998626708984,153.61000061035156,137.17999267578125,62.70000076293945,52.349998474121094,71.11000061035156,53.91999816894531,142.5500030517578,131.3800048828125,59.720001220703125,48.779998779296875,67.88999938964844,49.470001220703125,151.4600067138672,137.07000732421875,62.130001068115234,52.25,71.04000091552734,53.75,382778500,3337607300,34298300,1614700,31677900,1134300.0
2011-06-01,146.0,101.10819244384766,32.90682601928711,35.618316650390625,52.582908630371094,32.34309005737305,146.0,131.97000122070312,60.099998474121094,50.16999816894531,68.4000015258789,51.310001373291016,151.86000061035156,134.9199981689453,62.61000061035156,50.7599983215332,69.80999755859375,51.95000076293945,145.1999969482422,126.19000244140625,57.81999969482422,47.38999938964844,65.18000030517578,48.36000061035156,149.66000366210938,134.50999450683594,62.540000915527344,50.72999954223633,69.7699966430664,51.95000076293945,291338100,4710433400,42225100,2302500,49901900,1155100.0
2011-07-01,158.2899932861328,99.0855712890625,33.42152786254883,34.85157012939453,51.391353607177734,31.775774002075195,158.2899932861328,129.3300018310547,61.040000915527344,49.09000015258789,66.8499984741211,50.40999984741211,159.25,135.6999969482422,63.31999969482422,51.02000045776367,70.41999816894531,51.880001068115234,143.97000122070312,127.97000122070312,59.959999084472656,48.349998474121094,66.22000122070312,49.08000183105469,144.75999450683594,132.08999633789062,60.27000045776367,50.150001525878906,68.43000030517578,51.13999938964844,328150200,3840768000,34963400,2191600,47640600,2581100.0
2011-08-01,177.72000122070312,93.63829040527344,31.543466567993164,32.32414245605469,48.26250457763672,29.090505599975586,177.72000122070312,122.22000122070312,57.61000061035156,45.529998779296875,62.779998779296875,46.150001525878906,184.82000732421875,130.9600067138672,62.0,49.869998931884766,67.76000213623047,51.189998626708984,156.77999877929688,110.2699966430664,48.720001220703125,41.689998626708984,56.41999816894531,42.47999954223633,157.47000122070312,130.83999633789062,61.77000045776367,49.869998931884766,67.66000366210938,51.189998626708984,768547400,9050451800,90734500,5501800,107978800,2531000.0
2011-09-01,158.05999755859375,87.1378402709961,28.123544692993164,28.859573364257812,44.608062744140625,25.409286499023438,158.05999755859375,113.1500015258789,50.869998931884766,40.650001525878906,57.720001220703125,40.310001373291016,185.85000610351562,123.4000015258789,57.959999084472656,45.9900016784668,63.38999938964844,46.52000045776367,154.19000244140625,111.30000305175781,50.650001525878906,39.720001220703125,57.130001068115234,39.25,177.44000244140625,122.29000091552734,57.5,45.599998474121094,62.810001373291016,46.11000061035156,496007600,6188283200,54834000,5916100,63660600,2370400.0
2011-10-01,167.33999633789062,96.64869689941406,32.14276885986328,32.111148834228516,49.6778678894043,28.01261329650879,167.33999633789062,125.5,58.13999938964844,45.22999954223633,64.27999877929688,44.439998626708984,170.2899932861328,129.4199981689453,59.119998931884766,47.4900016784668,66.3499984741211,47.20000076293945,155.27000427246094,107.43000030517578,47.099998474121094,38.66999816894531,54.58000183105469,38.02000045776367,161.08999633789062,112.48999786376953,50.34000015258789,40.5,57.380001068115234,39.880001068115234,271385800,5721102000,60425700,4280600,60259100,4023800.0
2011-11-01,170.1300048828125,96.25593566894531,30.920978546142578,31.71358871459961,49.49238586425781,27.420085906982422,170.1300048828125,124.98999786376953,55.93000030517578,44.66999816894531,64.04000091552734,43.5,175.4600067138672,128.02000427246094,58.4900016784668,46.09000015258789,65.66000366210938,45.029998779296875,162.07000732421875,116.19999694824219,51.88999938964844,40.75,59.45000076293945,39.220001220703125,164.02999877929688,122.02999877929688,56.349998474121094,43.869998931884766,62.400001525878906,43.13999938964844,285132800,5013586000,40705700,3442900,38256600,2027600.0
2011-12-01,151.99000549316406,97.26164245605469,32.42074203491211,31.387603759765625,49.97595977783203,26.60382843017578,151.99000549316406,125.5,58.0,43.18000030517578,64.30000305175781,40.900001525878906,170.8000030517578,127.26000213623047,58.869998931884766,45.33000183105469,65.25,43.959999084472656,148.27000427246094,120.02999877929688,54.29999923706055,42.11000061035156,61.7599983215332,40.0,169.85000610351562,124.8499984741211,55.90999984741211,44.540000915527344,63.95000076293945,43.20000076293945,292635000,3848636100,34587700,5228500,44730500,3958800.0
2012-01-01,169.30999755859375,101.77212524414062,34.48896789550781,33.10309600830078,52.50974655151367,28.555212020874023,169.30999755859375,131.32000732421875,61.70000076293945,45.540000915527344,67.55999755859375,43.900001525878906,169.86000061035156,133.39999389648438,62.119998931884766,46.209999084472656,68.5999984741211,44.470001220703125,154.5500030517578,126.43000030517578,57.029998779296875,43.310001373291016,64.58000183105469,40.81999969482422,154.75999450683594,127.76000213623047,59.04999923706055,44.0099983215332,65.41000366210938,41.720001220703125,223453900,2883821400,37191500,3663500,39381500,2344400.0
2012-02-01,164.2899932861328,106.18959045410156,34.09209442138672,34.680477142333984,54.72483825683594,29.85612678527832,164.2899932861328,137.02000427246094,60.9900016784668,47.709999084472656,70.41000366210938,45.900001525878906,174.0,138.19000244140625,63.349998474121094,48.31999969482422,71.19000244140625,46.68000030517578,164.0,132.1300048828125,60.779998779296875,46.0,68.02999877929688,44.380001068115234,169.75,132.2899932861328,62.209999084472656,46.06999969482422,68.12999725341797,44.41999816894531,259837600,2894582000,43676600,2866100,54666300,2570900.0
2012-03-01,162.1199951171875,109.60501861572266,35.86492919921875,35.08753204345703,56.40364074707031,29.69351577758789,162.1199951171875,140.80999755859375,63.650001525878906,48.27000045776367,72.26000213623047,45.650001525878906,167.72000122070312,141.8300018310547,63.970001220703125,48.959999084472656,72.98999786376953,46.619998931884766,158.1300048828125,134.36000061035156,60.650001525878906,46.20000076293945,68.97000122070312,44.11000061035156,166.10000610351562,137.30999755859375,61.04999923706055,47.88999938964844,70.66999816894531,46.2599983215332,272582900,3057516200,45843900,5626800,39714100,3352100.0
2012-04-01,161.8800048828125,108.87335205078125,36.890464782714844,34.6732063293457,56.04457473754883,29.07558822631836,161.8800048828125,139.8699951171875,65.47000122070312,47.70000076293945,71.80000305175781,44.70000076293945,163.55999755859375,142.2100067138672,65.76000213623047,48.970001220703125,73.05999755859375,46.36000061035156,156.5800018310547,135.75999450683594,60.84000015258789,46.02000045776367,69.56999969482422,43.2599983215332,161.9600067138672,140.63999938964844,63.72999954223633,48.22999954223633,72.26000213623047,45.65999984741211,198905400,3035644100,44864300,4256100,38133000,2113500.0
2012-05-01,151.6199951171875,102.33488464355469,35.22821807861328,31.576595306396484,52.55545425415039,25.927352905273438,151.6199951171875,131.47000122070312,62.52000045776367,43.439998626708984,67.33000183105469,39.86000061035156,162.17999267578125,141.66000366210938,66.69000244140625,48.20000076293945,72.79000091552734,45.189998626708984,148.52999877929688,129.5500030517578,60.90999984741211,43.06999969482422,66.30000305175781,39.40999984741211,162.08999633789062,139.7899932861328,65.55000305175781,47.599998474121094,71.80000305175781,44.709999084472656,256298600,4004156100,47361600,4431200,40132200,2416600.0
2012-06-01,155.19000244140625,106.4877700805664,37.171783447265625,33.19760513305664,54.681400299072266,27.47542953491211,155.19000244140625,136.10000610351562,65.43000030517578,45.66999816894531,69.69999694824219,42.2400016784668,159.1999969482422,136.27000427246094,65.47000122070312,45.68000030517578,69.98999786376953,42.2400016784668,150.14999389648438,127.13999938964844,60.13999938964844,42.189998626708984,64.94000244140625,38.810001373291016,155.41000366210938,129.41000366210938,61.599998474121094,42.849998474121094,66.23999786376953,39.209999084472656,237977300,3644886200,51999500,2982800,42379700,4282500.0
2012-07-01,156.49000549316406,107.74745178222656,37.9160041809082,33.437442779541016,55.15995407104492,27.559999465942383,156.49000549316406,137.7100067138672,66.73999786376953,46.0,70.30999755859375,42.369998931884766,157.9600067138672,139.33999633789062,67.70999908447266,46.43000030517578,71.05000305175781,42.97999954223633,150.85000610351562,132.60000610351562,64.93000030517578,43.95000076293945,67.81999969482422,40.220001220703125,154.6699981689453,136.47999572753906,65.94000244140625,45.7400016784668,69.87000274658203,42.33000183105469,155221000,2864743300,37159300,2319800,28766400,2029400.0
2012-08-01,164.22000122070312,110.4467544555664,37.910316467285156,34.26613235473633,56.65052795410156,28.275516510009766,164.22000122070312,141.16000366210938,66.7300033569336,47.13999938964844,72.20999908447266,43.470001220703125,164.22000122070312,143.08999633789062,67.55000305175781,48.08000183105469,73.11000061035156,44.70000076293945,153.61000061035156,135.5800018310547,65.30000305175781,45.09000015258789,69.02999877929688,41.630001068115234,155.17999267578125,138.6999969482422,67.12000274658203,46.22999954223633,70.66999816894531,42.72999954223633,190757200,2413590900,39574300,2458400,28654300,5041700.0
2012-09-01,171.88999938964844,113.24674224853516,37.20398712158203,35.330909729003906,58.06190872192383,29.239288330078125,171.88999938964844,143.97000122070312,64.97000122070312,48.029998779296875,73.6500015258789,44.209999084472656,173.17999267578125,148.11000061035156,69.19999694824219,50.34000015258789,75.91000366210938,46.79999923706055,163.66000366210938,140.1300048828125,64.58999633789062,46.849998474121094,71.62000274658203,42.91999816894531,164.11000061035156,141.0399932861328,66.73999786376953,47.16999816894531,72.13999938964844,43.400001525878906,229736700,2391233500,61408400,4248400,31581600,2256300.0
2012-10-01,166.8300018310547,111.18588256835938,36.86613464355469,35.11760330200195,57.013397216796875,29.47739028930664,166.8300018310547,141.35000610351562,64.37999725341797,47.7400016784668,72.31999969482422,44.56999969482422,174.07000732421875,147.16000366210938,66.31999969482422,49.349998474121094,75.25,45.7400016784668,164.60000610351562,140.38999938964844,63.400001525878906,47.40999984741211,71.80000305175781,43.81999969482422,172.8300018310547,144.52000427246094,65.0999984741211,48.27000045776367,73.98999786376953,44.779998779296875,165237600,2719915500,47588200,3203400,34593900,3185500.0
2012-11-01,166.0500030517578,111.81509399414062,36.7687873840332,35.65459060668945,57.45488357543945,30.085845947265625,166.0500030517578,142.14999389648438,64.20999908447266,48.470001220703125,72.87999725341797,45.4900016784668,170.00999450683594,143.72000122070312,65.56999969482422,48.599998474121094,73.62999725341797,45.61000061035156,162.3000030517578,134.6999969482422,61.65999984741211,45.83000183105469,68.9000015258789,43.029998779296875,167.02000427246094,141.64999389648438,64.5,48.0099983215332,72.54000091552734,44.779998779296875,173575600,3032769100,54429400,6043600,43130600,3628800.0
2012-12-01,162.02000427246094,112.81407928466797,38.13759231567383,36.7626953125,58.197669982910156,31.55609893798828,162.02000427246094,142.41000366210938,65.80000305175781,49.41999816894531,73.27999877929688,47.06999969482422,166.94000244140625,145.5800018310547,66.55999755859375,50.130001068115234,74.87999725341797,48.25,158.38999938964844,139.5399932861328,64.12999725341797,48.279998779296875,71.81999969482422,45.45000076293945,166.11000061035156,142.8000030517578,64.4800033569336,48.790000915527344,73.2699966430664,45.75,200021700,2889875900,50012600,6369000,56318500,4758500.0
2013-01-01,161.1999969482422,118.58909606933594,39.56340789794922,38.2355842590332,61.35057067871094,32.31367111206055,161.1999969482422,149.6999969482422,68.26000213623047,51.400001525878906,77.25,48.20000076293945,164.39999389648438,150.94000244140625,69.33000183105469,51.75,77.83000183105469,48.41999816894531,158.88999938964844,144.72999572753906,66.20999908447266,49.84000015258789,74.5,46.93000030517578,163.49000549316406,145.11000061035156,66.93000030517578,50.220001220703125,74.52999877929688,47.91999816894531,222470200,2587140200,51706400,9996500,49813700,5054500.0
2013-02-01,153.0,120.10218048095703,40.04446792602539,38.116573333740234,62.13683319091797,31.944942474365234,153.0,151.61000061035156,69.08999633789062,51.2400016784668,78.23999786376953,47.650001525878906,162.9600067138672,153.27999877929688,70.06999969482422,52.130001068115234,79.16000366210938,48.720001220703125,150.83999633789062,148.72999572753906,68.02999877929688,50.36000061035156,76.66999816894531,46.83000183105469,162.66000366210938,150.64999389648438,68.62000274658203,51.7400016784668,77.77999877929688,48.560001373291016,241668700,2581459300,50827200,5334600,38816800,3970400.0
2013-03-01,154.4499969482422,124.66259765625,41.19460678100586,39.01358413696289,64.59030151367188,32.243831634521484,154.4499969482422,156.6699981689453,70.52999877929688,52.279998779296875,80.95999908447266,47.970001220703125,156.42999267578125,156.85000610351562,70.73999786376953,52.70000076293945,81.0199966430664,48.70000076293945,151.39999389648438,150.41000366210938,68.55999755859375,50.849998474121094,77.51000213623047,47.279998779296875,153.16000366210938,151.08999633789062,68.91000366210938,51.0,77.95999908447266,47.40999984741211,160615100,2330972300,50762200,6645800,34736600,3622400.0
2013-04-01,142.77000427246094,127.05764770507812,43.96894073486328,40.05830764770508,65.62744140625,33.37306213378906,142.77000427246094,159.67999267578125,75.27999877929688,53.68000030517578,82.26000213623047,49.650001525878906,154.92999267578125,159.72000122070312,75.29000091552734,53.68000030517578,82.30000305175781,49.75,130.50999450683594,153.5500030517578,70.11000061035156,51.06999969482422,78.93000030517578,46.849998474121094,154.57000732421875,156.58999633789062,70.66000366210938,52.22999954223633,80.94999694824219,47.810001373291016,454473800,2907035000,53433200,4933600,39212700,3833000.0
2013-05-01,133.9199981689453,130.05746459960938,41.34061813354492,39.83445358276367,67.23103332519531,32.270713806152344,133.9199981689453,163.4499969482422,70.77999877929688,53.380001068115234,84.2699966430664,48.0099983215332,142.80999755859375,169.07000732421875,78.86000061035156,55.93000030517578,87.08999633789062,51.09000015258789,130.85000610351562,158.10000610351562,70.75,53.099998474121094,81.37999725341797,48.0099983215332,140.58999633789062,159.3300018310547,75.38999938964844,53.5099983215332,82.11000061035156,49.81999969482422,278779500,2781596000,72839000,6230900,42203000,4020200.0
2013-06-01,119.11000061035156,128.32186889648438,40.521305084228516,38.77029800415039,66.26512145996094,31.111093521118164,119.11000061035156,160.4199981689453,68.72000122070312,51.5099983215332,82.66999816894531,45.68000030517578,137.6199951171875,165.99000549316406,71.5,53.90999984741211,85.5199966430664,48.70000076293945,114.68000030517578,155.72999572753906,64.27999877929688,49.75,80.19000244140625,43.91999816894531,134.77000427246094,163.8300018310547,70.76000213623047,53.45000076293945,84.44999694824219,48.25,254151000,3533321800,110962000,5370400,61826100,5869000.0
2013-07-01,127.95999908447266,134.95315551757812,40.88688278198242,40.77241516113281,70.0725326538086,32.54814910888672,127.95999908447266,168.7100067138672,69.33999633789062,54.16999816894531,87.41999816894531,47.790000915527344,130.13999938964844,169.86000061035156,72.86000061035156,54.880001068115234,88.0,48.81999969482422,116.73999786376953,160.22000122070312,67.37000274658203,51.27000045776367,82.83000183105469,45.29999923706055,119.94000244140625,161.25999450683594,69.26000213623047,51.91999816894531,83.29000091552734,46.220001220703125,191322900,2330904500,58248800,5099300,47132600,4714300.0
2013-08-01,134.6199951171875,130.9056396484375,38.03293228149414,39.77136993408203,67.94839477539062,31.914752960205078,134.6199951171875,163.64999389648438,64.5,52.84000015258789,84.7699966430664,46.86000061035156,137.5500030517578,170.97000122070312,69.80999755859375,55.119998931884766,88.69000244140625,49.13999938964844,123.55000305175781,163.0500030517578,63.470001220703125,52.75,84.5999984741211,46.86000061035156,127.83999633789062,169.99000549316406,69.61000061035156,54.72999954223633,88.0999984741211,48.25,194596100,2283131700,70399600,4948100,45063300,4578700.0
2013-09-01,128.17999267578125,135.04832458496094,39.35719680786133,41.99362564086914,70.5964126586914,34.31077575683594,128.17999267578125,168.00999450683594,66.13999938964844,55.54999923706055,87.6500015258789,50.150001525878906,136.7899932861328,173.60000610351562,70.06999969482422,57.20000076293945,90.2300033569336,51.77000045776367,125.1500015258789,163.6999969482422,63.400001525878906,53.189998626708984,84.83999633789062,47.47999954223633,135.4600067138672,165.22999572753906,64.75,53.52000045776367,85.7699966430664,47.709999084472656,203875800,2226749600,73282700,5131700,43307200,3747900.0
2013-10-01,127.73999786376953,141.30194091796875,41.13642501831055,43.55091094970703,73.60874938964844,35.569644927978516,127.73999786376953,175.7899932861328,69.12999725341797,57.61000061035156,91.38999938964844,51.9900016784668,131.44000244140625,177.50999450683594,71.12999725341797,58.34000015258789,92.4000015258789,52.84000015258789,121.8499984741211,164.52999877929688,65.4000015258789,54.54999923706055,85.62999725341797,49.56999969482422,125.25,168.13999938964844,66.1500015258789,55.65999984741211,87.73999786376953,50.34000015258789,203478400,2901739000,69727000,8107700,67666200,5917600.0
2013-11-01,120.69999694824219,145.48983764648438,38.97635269165039,44.223716735839844,75.59818267822266,35.61752700805664,120.69999694824219,181.0,65.5,58.5,93.86000061035156,52.060001373291016,127.5199966430664,181.75,69.94999694824219,58.7400016784668,94.33999633789062,52.459999084472656,119.12999725341797,174.75999450683594,65.4000015258789,56.869998931884766,90.5999984741211,50.619998931884766,126.86000061035156,176.02000427246094,69.41000366210938,57.599998474121094,91.44000244140625,51.79999923706055,130629300,1930952900,52018700,4791100,43403300,4462500.0
2013-12-01,116.12000274658203,149.26185607910156,39.01605987548828,45.1951904296875,77.66464233398438,36.16012954711914,116.12000274658203,184.69000244140625,64.55999755859375,59.400001525878906,95.91999816894531,52.380001068115234,122.31999969482422,184.69000244140625,66.51000213623047,59.439998626708984,96.0,52.459999084472656,114.45999908447266,177.32000732421875,63.959999084472656,56.900001525878906,92.16000366210938,50.29999923706055,119.19999694824219,181.08999633789062,65.43000030517578,58.45000076293945,94.05999755859375,52.0,185368200,2232775900,66444700,7187700,68232900,4456400.0
2014-01-01,120.08999633789062,144.00064086914062,40.684024810791016,43.186527252197266,75.20320892333984,34.20644760131836,120.08999633789062,178.17999267578125,67.31999969482422,56.7599983215332,92.87999725341797,49.54999923706055,122.51000213623047,184.94000244140625,67.62000274658203,59.38999938964844,96.36000061035156,52.279998779296875,117.11000061035156,176.8800048828125,64.05000305175781,56.400001525878906,92.18000030517578,49.25,117.93000030517578,183.97999572753906,64.27999877929688,59.0,95.76000213623047,51.83000183105469,152949800,2530650900,68138100,8755700,84208200,6606100.0
2014-02-01,127.62000274658203,150.55491638183594,42.74482727050781,45.43867492675781,78.86298370361328,36.11869430541992,127.62000274658203,186.2899932861328,70.7300033569336,59.720001220703125,97.4000015258789,52.31999969482422,129.52999877929688,187.14999389648438,70.98999786376953,60.029998779296875,97.86000061035156,52.529998779296875,120.31999969482422,173.7100067138672,65.98999786376953,55.529998779296875,90.38999938964844,48.599998474121094,120.47000122070312,177.97000122070312,67.22000122070312,56.91999816894531,92.83999633789062,49.599998474121094,156504800,2394184600,82899000,6144300,56538100,5207400.0
2014-03-01,123.61000061035156,151.8039093017578,42.95722579956055,45.65977096557617,79.26467895507812,36.29676055908203,123.61000061035156,187.00999450683594,70.62000274658203,59.66999816894531,97.47000122070312,52.20000076293945,133.69000244140625,189.02000427246094,72.01000213623047,60.43000030517578,98.8499984741211,52.91999816894531,123.56999969482422,183.75,68.79000091552734,58.31999969482422,95.69000244140625,50.52000045776367,130.0,184.64999389648438,70.29000091552734,58.93000030517578,96.56999969482422,51.5099983215332,182522600,2554084300,80879900,7562200,57314600,4637200.0
2014-04-01,124.22000122070312,152.85906982421875,44.36844253540039,45.9964714050293,79.31344604492188,36.75567626953125,124.22000122070312,188.30999755859375,72.94000244140625,60.11000061035156,97.52999877929688,52.86000061035156,128.25,189.6999969482422,72.98999786376953,60.43000030517578,98.8499984741211,52.970001220703125,122.83999633789062,181.30999755859375,70.12999725341797,58.040000915527344,94.02999877929688,51.220001220703125,123.70999908447266,187.6199951171875,70.7699966430664,59.88999938964844,97.88999938964844,52.540000915527344,127851700,2345902000,68785200,7717300,60159200,5941900.0
2014-05-01,120.43000030517578,156.4064483642578,45.432952880859375,46.93767166137695,80.98058319091797,37.464927673339844,120.43000030517578,192.67999267578125,74.69000244140625,61.34000015258789,99.58000183105469,53.880001068115234,126.62999725341797,192.8000030517578,75.0199966430664,61.470001220703125,99.68000030517578,54.08000183105469,119.62000274658203,186.00999450683594,72.30999755859375,59.75,96.16000366210938,52.58000183105469,123.16999816894531,188.22000122070312,73.05999755859375,60.220001220703125,97.41000366210938,52.95000076293945,113286900,1781093800,59941900,3961900,31401800,5271500.0
2014-06-01,128.0399932861328,159.6354217529297,45.94822311401367,47.973323822021484,83.10325622558594,38.169700622558594,128.0399932861328,195.72000122070312,74.83999633789062,62.22999954223633,101.7699966430664,54.290000915527344,128.0399932861328,196.60000610351562,76.7699966430664,62.779998779296875,102.25,55.220001220703125,119.41999816894531,191.97000122070312,73.6500015258789,61.2599983215332,99.16000366210938,53.70000076293945,119.93000030517578,192.9499969482422,74.91999816894531,61.4900016784668,99.80000305175781,54.16999816894531,139939600,1675047300,65971500,6207600,36786300,6864500.0
2014-07-01,123.38999938964844,157.49032592773438,45.985069274902344,47.13306427001953,81.44561767578125,37.508819580078125,123.38999938964844,193.08999633789062,74.9000015258789,61.13999938964844,99.73999786376953,53.349998474121094,129.2100067138672,199.05999755859375,76.87999725341797,63.119998931884766,103.0,55.06999969482422,123.2300033569336,192.97000122070312,74.30999755859375,61.119998931884766,99.73999786376953,53.33000183105469,127.98999786376953,196.1999969482422,74.88999938964844,62.47999954223633,102.06999969482422,54.7400016784668,140606000,1893710200,59277200,6181700,34090000,5576600.0
2014-08-01,123.86000061035156,163.70542907714844,47.3848762512207,48.381935119628906,84.82622528076172,37.944732666015625,123.86000061035156,200.7100067138672,77.18000030517578,62.7599983215332,103.87999725341797,53.970001220703125,126.80999755859375,200.82000732421875,77.83999633789062,62.869998931884766,103.95999908447266,54.2599983215332,122.44999694824219,190.5500030517578,74.0,60.09000015258789,98.55999755859375,52.11000061035156,124.54000091552734,192.55999755859375,74.88999938964844,61.130001068115234,99.55000305175781,53.34000015258789,118179700,1829885000,47424400,5176900,46034900,5144600.0
2014-09-01,116.20999908447266,161.4468536376953,44.52254867553711,46.76795959472656,83.0477294921875,36.04578399658203,116.20999908447266,197.02000427246094,71.8499984741211,60.380001068115234,101.23999786376953,51.0,122.66000366210938,201.89999389648438,78.08000183105469,63.349998474121094,104.58999633789062,54.61000061035156,115.8499984741211,196.0500030517578,71.08999633789062,60.060001373291016,100.9000015258789,50.81999969482422,121.97000122070312,200.97000122070312,77.05000305175781,62.880001068115234,104.04000091552734,53.95000076293945,140533100,2106462700,75046600,5999200,42236800,5633300.0
2014-10-01,112.66000366210938,165.2490997314453,48.946922302246094,47.2094612121582,85.32817077636719,36.01749801635742,112.66000366210938,201.66000366210938,78.98999786376953,60.95000076293945,104.0199966430664,50.959999084472656,120.5,201.82000732421875,79.05000305175781,60.9900016784668,104.19999694824219,50.970001220703125,111.66000366210938,181.9199981689453,71.31999969482422,55.77000045776367,93.58000183105469,47.0,116.61000061035156,196.6999969482422,71.5999984741211,60.08000183105469,101.11000061035156,50.86000061035156,155183900,3943068000,93672300,11440800,82853100,11244000.0
2014-11-01,112.11000061035156,169.78883361816406,49.92599105834961,47.80586624145508,87.44456481933594,35.83374786376953,112.11000061035156,207.1999969482422,80.56999969482422,61.720001220703125,106.5999984741211,50.70000076293945,115.95999908447266,207.8699951171875,81.44000244140625,62.119998931884766,107.06999969482422,51.31999969482422,109.66999816894531,200.05999755859375,78.05999755859375,60.15999984741211,103.1500015258789,49.7400016784668,112.38999938964844,201.9199981689453,79.02999877929688,60.88999938964844,104.19000244140625,50.66999816894531,147594200,1571091800,58834200,6429700,39784800,7719000.0
2014-12-01,113.58000183105469,169.35812377929688,50.87655258178711,46.858421325683594,87.41107177734375,34.4470100402832,113.58000183105469,205.5399932861328,81.0,60.119998931884766,106.0,48.34000015258789,118.98999786376953,212.97000122070312,83.08999633789062,62.0,107.70999908447266,50.689998626708984,112.41000366210938,197.86000061035156,79.16999816894531,58.13999938964844,101.80000305175781,47.099998474121094,113.80000305175781,206.39999389648438,80.5,61.540000915527344,106.5,50.61000061035156,153722200,3045171000,92391000,12610300,82042000,12843400.0
2015-01-01,123.44999694824219,164.34019470214844,54.3625373840332,46.09461212158203,85.01964569091797,34.539649963378906,123.44999694824219,199.4499969482422,86.55000305175781,59.13999938964844,103.0999984741211,48.470001220703125,125.58000183105469,206.8800048828125,89.2699966430664,60.72999954223633,106.72000122070312,49.54999923706055,112.31999969482422,198.5500030517578,81.33999633789062,58.0099983215332,102.41999816894531,46.61000061035156,112.48999786376953,206.3800048828125,81.69999694824219,60.15999984741211,106.48999786376953,48.34000015258789,198034100,3183506000,98662800,10092200,74157900,11713600.0
2015-02-01,116.16000366210938,173.5768585205078,52.365169525146484,48.838134765625,89.90143585205078,36.534915924072266,116.16000366210938,210.66000366210938,83.37000274658203,62.65999984741211,109.0199966430664,51.27000045776367,123.16000366210938,212.24000549316406,87.79000091552734,62.900001525878906,109.77999877929688,51.459999084472656,114.29000091552734,197.86000061035156,82.43000030517578,59.09000015258789,102.25,48.7400016784668,121.83999633789062,200.0500030517578,86.52999877929688,59.52000045776367,103.48999786376953,48.900001525878906,125686200,1901638100,95072700,7004600,53521900,9516500.0
2015-03-01,113.66000366210938,170.85072326660156,53.272071838378906,48.24535369873047,88.85601043701172,35.989540100097656,113.66000366210938,206.42999267578125,84.30999755859375,61.59000015258789,107.25,50.349998474121094,116.63999938964844,212.05999755859375,87.61000061035156,63.16999816894531,110.08999633789062,51.75,109.7699966430664,204.1199951171875,80.22000122070312,60.38999938964844,105.9800033569336,49.0099983215332,116.5,210.77999877929688,83.58000183105469,62.709999084472656,109.11000061035156,51.279998779296875,133483100,2749923000,99575200,7976700,58712900,11486000.0
2015-04-01,113.47000122070312,172.53094482421875,50.15701675415039,49.475181579589844,89.40282440185547,37.71933364868164,113.47000122070312,208.4600067138672,79.37999725341797,63.15999984741211,107.91000366210938,52.77000045776367,117.47000122070312,212.47999572753906,86.0,64.44000244140625,110.27999877929688,53.88999938964844,112.7699966430664,204.50999450683594,78.88999938964844,61.22999954223633,106.38999938964844,50.38999938964844,114.55999755859375,206.38999938964844,84.37000274658203,61.790000915527344,107.33999633789062,50.720001220703125,106636600,2036685200,81097900,6947400,56948600,9926100.0
2015-05-01,114.0999984741211,174.74899291992188,50.00535583496094,49.639678955078125,90.56269836425781,37.3762321472168,114.0999984741211,211.13999938964844,79.13999938964844,63.369998931884766,109.30999755859375,52.290000915527344,117.87999725341797,213.77999877929688,81.56999969482422,64.58999633789062,110.68000030517578,53.939998626708984,112.27999877929688,206.75999450683594,77.72000122070312,62.599998474121094,107.01000213623047,52.060001373291016,112.41999816894531,209.39999389648438,79.47000122070312,63.54999923706055,108.4000015258789,53.0099983215332,99097100,1892519900,88165300,6004400,43874400,8414900.0
2015-06-01,112.37000274658203,171.19944763183594,47.6707878112793,48.53754806518555,89.04590606689453,36.35527038574219,112.37000274658203,205.85000610351562,74.69000244140625,61.52000045776367,107.0199966430664,50.33000183105469,115.61000061035156,213.33999633789062,80.26000213623047,64.12999725341797,110.9000015258789,52.810001373291016,111.56999969482422,205.27999877929688,74.5,61.2400016784668,106.6500015258789,50.15999984741211,115.0199966430664,211.94000244140625,79.38999938964844,63.650001525878906,109.80000305175781,52.5099983215332,110267600,2535242600,101210400,9658300,54243000,9279100.0
2015-07-01,104.93000030517578,175.06671142578125,50.421627044677734,48.78212356567383,90.56024932861328,36.153018951416016,104.93000030517578,210.5,79.0,61.83000183105469,108.83999633789062,50.04999923706055,112.58000183105469,213.17999267578125,79.62999725341797,62.810001373291016,110.20999908447266,51.029998779296875,103.43000030517578,204.11000061035156,74.36000061035156,59.86000061035156,105.91000366210938,48.099998474121094,112.12000274658203,207.72999572753906,74.37999725341797,62.33000183105469,108.0199966430664,50.86000061035156,157498100,2452758000,83202000,12632900,59875400,19084800.0
2015-08-01,108.81999969482422,164.3963623046875,47.24953079223633,45.54734420776367,85.04374694824219,33.46592330932617,108.81999969482422,197.6699981689453,74.02999877929688,57.72999954223633,102.20999908447266,46.33000183105469,112.12000274658203,211.30999755859375,80.83000183105469,62.11000061035156,109.33999633789062,50.439998626708984,103.77999877929688,182.39999389648438,72.25,53.099998474121094,93.0,43.11000061035156,104.58999633789062,210.4600067138672,79.2699966430664,61.849998474121094,108.98999786376953,49.970001220703125,151171700,3734926900,91513100,19873800,96894400,15953400.0
2015-09-01,106.86000061035156,160.20159912109375,48.69526290893555,43.85710906982422,82.55794525146484,32.17734146118164,106.86000061035156,191.6300048828125,75.54000091552734,55.310001373291016,98.72000122070312,44.31999969482422,110.81999969482422,202.88999938964844,77.73999786376953,59.09000015258789,105.0199966430664,47.150001525878906,105.2699966430664,186.92999267578125,71.66999816894531,54.04999923706055,96.37000274658203,43.04999923706055,109.62999725341797,193.1199951171875,73.29000091552734,57.15999984741211,99.94999694824219,45.18000030517578,113791100,3279512900,87292500,11646600,85764400,15554800.0
2015-10-01,109.30000305175781,173.8282928466797,51.49938201904297,47.052635192871094,89.08934020996094,34.18842697143555,109.30000305175781,207.92999267578125,79.88999938964844,59.34000015258789,106.52999877929688,47.09000015258789,113.98999786376953,209.44000244140625,81.7699966430664,59.97999954223633,107.27999877929688,48.130001068115234,106.62999725341797,189.1199951171875,75.04000091552734,54.95000076293945,97.37999725341797,44.08000183105469,106.9800033569336,192.0800018310547,75.66000366210938,55.75,98.95999908447266,44.630001068115234,131532500,2536184400,84705000,11352900,51492200,16757400.0
2015-11-01,101.91999816894531,174.46371459960938,51.177066802978516,47.01299285888672,89.62455749511719,33.73828887939453,101.91999816894531,208.69000244140625,79.38999938964844,59.290000915527344,107.16999816894531,46.470001220703125,108.83999633789062,211.66000366210938,81.5999984741211,60.459999084472656,108.56999969482422,47.86000061035156,100.98999786376953,202.17999267578125,76.12000274658203,57.66999816894531,103.69000244140625,45.5099983215332,108.63999938964844,208.32000732421875,80.06999969482422,59.56999969482422,106.77999877929688,47.369998931884766,106869000,1924512800,80265400,10651300,46636300,12671300.0
2015-12-01,101.45999908447266,171.448486328125,52.1141357421875,45.986202239990234,87.72142791748047,33.006961822509766,101.45999908447266,203.8699951171875,79.7300033569336,57.619998931884766,104.30000305175781,45.11000061035156,104.20999908447266,211.0,80.91000366210938,59.93000030517578,108.2699966430664,46.959999084472656,100.2300033569336,199.8300018310547,77.06999969482422,56.349998474121094,102.18000030517578,43.97999954223633,102.30000305175781,209.44000244140625,79.5,59.52000045776367,107.58999633789062,46.689998626708984,124503700,2924882300,91975000,29610100,80603800,21850000.0
2016-01-01,106.94999694824219,162.91270446777344,50.323158264160156,43.28865051269531,82.70037078857422,31.206987380981445,106.94999694824219,193.72000122070312,76.98999786376953,54.2400016784668,98.33000183105469,42.650001525878906,107.93000030517578,201.89999389648438,80.54000091552734,56.75,103.18000030517578,44.47999954223633,102.48999786376953,181.02000427246094,72.33000183105469,50.41999816894531,91.79000091552734,39.31999969482422,103.12999725341797,200.49000549316406,79.06999969482422,56.59000015258789,102.58000183105469,44.47999954223633,139712800,3712950900,118618300,27634400,115170300,29932300.0
2016-02-01,118.63999938964844,162.77810668945312,50.140140533447266,42.809783935546875,82.69193267822266,30.43869400024414,118.63999938964844,193.55999755859375,76.70999908447266,53.63999938964844,98.31999969482422,41.599998474121094,120.83999633789062,196.67999267578125,77.77999877929688,54.4900016784668,99.76000213623047,42.63999938964844,107.3499984741211,181.08999633789062,70.88999938964844,50.34000015258789,91.58000183105469,39.40999984741211,107.54000091552734,192.52999877929688,76.5199966430664,53.90999984741211,97.75,42.310001373291016,314968700,2920730800,88688200,27185100,76383600,21058000.0
2016-03-01,117.63999938964844,173.7275390625,55.38750076293945,46.2227897644043,88.57127380371094,32.973777770996094,117.63999938964844,205.52000427246094,83.80000305175781,57.689998626708984,104.81999969482422,44.91999816894531,122.37000274658203,206.8699951171875,83.91000366210938,57.970001220703125,105.38999938964844,45.5099983215332,116.16000366210938,194.4499969482422,76.63999938964844,54.099998474121094,98.83999633789062,42.189998626708984,118.73999786376953,195.00999450683594,76.77999877929688,54.20000076293945,99.12999725341797,42.25,259670200,2323306500,80968400,19906000,65327600,19133900.0
2016-04-01,123.6500015258789,174.41224670410156,54.08546447753906,46.68750762939453,89.1542739868164,33.68581008911133,123.6500015258789,206.3300018310547,81.83000183105469,58.27000045776367,105.51000213623047,45.88999938964844,123.93000030517578,210.9199981689453,84.01000213623047,59.560001373291016,107.63999938964844,47.02000045776367,115.0,203.08999633789062,80.68000030517578,56.220001220703125,103.44000244140625,43.40999984741211,116.08000183105469,204.35000610351562,83.62999725341797,57.0,104.30000305175781,44.02000045776367,222989100,1910635600,70280400,14559600,48652200,14851700.0
2016-05-01,116.05999755859375,177.3793182373047,55.301597595214844,46.99197006225586,90.70059204101562,33.35548400878906,116.05999755859375,209.83999633789062,83.66999816894531,58.650001525878906,107.33999633789062,45.439998626708984,123.95999908447266,210.69000244140625,86.81999969482422,58.939998626708984,107.69000244140625,46.220001220703125,115.29000091552734,202.77999877929688,80.95999908447266,56.63999938964844,103.37000274658203,44.09000015258789,123.77999877929688,206.9199981689453,81.77999877929688,58.45000076293945,105.80000305175781,46.09000015258789,201083100,1828530900,78273300,7907500,51264200,15021000.0
2016-06-01,126.47000122070312,177.99583435058594,59.13310623168945,46.90494918823242,90.94861602783203,33.05098342895508,126.47000122070312,209.47999572753906,88.66999816894531,58.06999969482422,107.16000366210938,44.47999954223633,127.05000305175781,212.52000427246094,88.66999816894531,60.0,108.93000030517578,46.97999954223633,115.19999694824219,198.64999389648438,83.29000091552734,54.75,101.51000213623047,41.599998474121094,115.97000122070312,209.1199951171875,83.37999725341797,58.459999084472656,107.0,45.2599983215332,307601400,2612406900,88715800,18085300,61626300,22867000.0
2016-07-01,128.97999572753906,184.48757934570312,61.65398025512695,48.851600646972656,94.56416320800781,34.54452896118164,128.97999572753906,217.1199951171875,92.44999694824219,60.47999954223633,111.41999816894531,46.4900016784668,131.14999389648438,217.5399932861328,92.91999816894531,60.54999923706055,111.62000274658203,46.540000915527344,125.11000061035156,207.05999755859375,87.87999725341797,56.93000030517578,105.87999725341797,43.06999969482422,127.66000366210938,209.47999572753906,88.97000122070312,58.119998931884766,107.16000366210938,44.560001373291016,259546000,1648453700,66045800,10151800,44259000,15318200.0
2016-08-01,124.77999877929688,184.70849609375,59.33319091796875,49.021209716796875,94.75936889648438,34.700565338134766,124.77999877929688,217.3800048828125,88.97000122070312,60.689998626708984,111.6500015258789,46.70000076293945,130.5500030517578,219.60000610351562,92.75,61.58000183105469,112.77999877929688,47.70000076293945,124.63999938964844,214.25,87.58999633789062,59.61000061035156,109.94999694824219,45.66999816894531,128.57000732421875,217.19000244140625,92.33000183105469,60.40999984741211,111.4000015258789,46.4900016784668,215783900,1519703200,92169700,12168400,35978700,13031900.0
2016-09-01,125.63999938964844,184.71922302246094,58.24587631225586,49.40287399291992,94.94802856445312,35.28373718261719,125.63999938964844,216.3000030517578,86.73999786376953,60.849998474121094,111.33000183105469,47.209999084472656,129.0800018310547,219.22000122070312,90.80000305175781,61.9900016784668,112.75,48.220001220703125,124.55000305175781,212.30999755859375,84.12999725341797,59.189998626708984,108.56999969482422,45.7599983215332,124.66999816894531,217.3699951171875,89.06999969482422,60.79999923706055,111.7699966430664,46.86000061035156,213473800,2292393000,102158400,11550600,48063700,14571800.0
2016-10-01,121.94000244140625,181.51675415039062,54.90180969238281,48.428611755371094,92.86708068847656,34.61109924316406,121.94000244140625,212.5500030517578,81.76000213623047,59.650001525878906,108.88999938964844,46.310001373291016,125.45999908447266,216.6999969482422,86.29000091552734,60.97999954223633,111.44000244140625,47.41999816894531,118.41999816894531,211.2100067138672,80.04000091552734,59.08000183105469,108.47000122070312,45.56999969482422,125.31999969482422,215.82000732421875,86.01000213623047,60.689998626708984,111.08999633789062,47.189998626708984,181298100,1725687400,98264800,12886300,40599800,9342500.0
2016-11-01,111.75,188.2035369873047,53.981868743896484,49.00505065917969,97.03753662109375,33.91604232788086,111.75,220.3800048828125,80.38999938964844,60.36000061035156,113.77999877929688,45.380001068115234,124.76000213623047,221.82000732421875,81.7300033569336,60.709999084472656,114.55000305175781,46.47999954223633,111.5,208.3800048828125,76.9800033569336,58.400001525878906,106.69000244140625,44.68000030517578,122.80000305175781,212.92999267578125,81.4000015258789,59.77000045776367,109.0999984741211,46.41999816894531,247890600,2073824400,128388400,13366800,69435500,15386500.0
2016-12-01,109.61000061035156,192.0187225341797,56.58222579956055,49.89392852783203,98.96531677246094,34.58304977416992,109.61000061035156,223.52999877929688,82.52999877929688,61.0,115.31999969482422,45.880001068115234,112.5,228.33999633789062,84.26000213623047,62.61000061035156,117.79000091552734,47.099998474121094,107.0,219.14999389648438,78.76000213623047,59.970001220703125,113.06999969482422,45.13999938964844,111.11000061035156,220.72999572753906,79.91999816894531,60.36000061035156,114.02999877929688,45.439998626708984,159862800,1821910200,96180900,26900200,60923800,18412700.0
2017-01-01,115.55000305175781,195.45484924316406,56.47251892089844,51.3907356262207,100.80183410644531,35.99260330200195,115.55000305175781,227.52999877929688,82.37000274658203,62.83000183105469,117.45999908447266,47.75,116.16999816894531,229.7100067138672,84.69999694824219,63.38999938964844,118.62000274658203,48.209999084472656,109.37000274658203,223.8800048828125,81.56999969482422,61.2400016784668,115.48999786376953,46.060001373291016,109.62000274658203,225.0399932861328,82.9800033569336,61.45000076293945,116.1500015258789,46.150001525878906,150545100,1482408500,94874600,12636500,48051100,18171500.0
2017-02-01,119.2300033569336,203.1345672607422,58.45389938354492,52.77302551269531,104.52633666992188,36.475013732910156,119.2300033569336,236.47000122070312,85.26000213623047,64.5199966430664,121.80000305175781,48.38999938964844,120.4000015258789,237.30999755859375,86.16000366210938,65.19000244140625,122.36000061035156,49.150001525878906,114.13999938964844,226.82000732421875,81.31999969482422,62.7400016784668,117.0199966430664,47.7400016784668,114.66000366210938,227.52999877929688,82.27999877929688,63.06999969482422,117.86000061035156,48.040000915527344,150265000,1365136600,70198700,21832600,40730300,12992500.0
2017-03-01,118.72000122070312,203.38853454589844,57.03718185424805,53.552223205566406,104.5840835571289,37.56830596923828,118.72000122070312,235.74000549316406,82.58999633789062,65.22000122070312,121.31999969482422,49.68000030517578,120.08000183105469,240.32000732421875,85.48999786376953,65.95999908447266,123.7300033569336,50.22999954223633,114.0199966430664,231.61000061035156,79.9800033569336,64.23999786376953,118.88999938964844,48.15999984741211,117.9800033569336,238.38999938964844,85.0,65.04000091552734,122.80999755859375,48.7599983215332,172556100,1921474100,113420100,23085000,56449700,15733200.0
2017-04-01,120.7699966430664,205.40737915039062,57.17530059814453,54.42259216308594,105.6961441040039,38.339630126953125,120.7699966430664,238.0800018310547,82.79000091552734,66.27999877929688,122.61000061035156,50.70000076293945,123.06999969482422,239.52999877929688,85.72000122070312,66.62000274658203,123.44999694824219,50.959999084472656,118.4000015258789,232.50999450683594,82.31999969482422,64.47000122070312,119.55000305175781,49.04999923706055,118.69000244140625,235.8000030517578,82.36000061035156,65.29000091552734,121.44999694824219,49.68000030517578,176157400,1549613700,81135700,13028000,44638400,12353800.0
2017-05-01,120.62000274658203,208.3062744140625,56.76095199584961,55.481807708740234,106.76506042480469,39.47394943237305,120.62000274658203,241.44000244140625,82.19000244140625,67.56999969482422,123.8499984741211,52.20000076293945,121.2300033569336,242.0800018310547,83.6500015258789,67.8499984741211,124.2699966430664,52.54999923706055,115.55999755859375,235.42999267578125,80.69999694824219,66.0999984741211,120.8499984741211,50.83000183105469,120.20999908447266,238.67999267578125,83.1500015258789,66.47000122070312,122.93000030517578,50.91999816894531,160072400,1492547000,98725200,18571400,44574100,18036200.0
2017-06-01,118.0199966430664,209.63418579101562,58.0281867980957,55.83202362060547,107.77644348144531,39.72312927246094,118.0199966430664,241.8000030517578,83.2300033569336,67.52999877929688,124.44999694824219,51.970001220703125,123.30999755859375,245.00999450683594,85.38999938964844,68.62000274658203,126.3499984741211,53.04999923706055,117.91000366210938,239.9600067138672,81.76000213623047,67.0199966430664,123.4800033569336,51.540000915527344,120.16999816894531,241.97000122070312,81.95999908447266,67.58000183105469,124.16999816894531,52.400001525878906,160832400,1572753000,93467200,24392400,47247300,18016000.0
2017-07-01,120.75,213.94302368164062,58.746307373046875,57.31195831298828,109.80294036865234,41.06074142456055,120.75,246.77000427246094,84.26000213623047,69.31999969482422,126.79000091552734,53.720001220703125,120.86000061035156,248.0,84.7300033569336,69.61000061035156,127.5999984741211,53.88999938964844,114.80000305175781,240.33999633789062,80.58000183105469,67.0199966430664,123.55999755859375,51.47999954223633,116.54000091552734,242.8800048828125,83.55999755859375,67.7699966430664,124.98999786376953,52.099998474121094,128516200,1055908800,63756900,11476600,36743500,16319400.0
2017-08-01,125.81999969482422,214.5672149658203,58.59292984008789,57.55170440673828,109.96749114990234,41.28239440917969,125.81999969482422,247.49000549316406,84.04000091552734,69.61000061035156,126.9800033569336,54.0099983215332,125.87000274658203,248.91000366210938,85.0,69.91000366210938,127.72000122070312,54.18000030517578,118.97000122070312,241.8300018310547,81.7300033569336,68.16000366210938,123.79000091552734,52.810001373291016,120.44000244140625,247.4600067138672,84.5199966430664,69.68000030517578,127.18000030517578,54.130001068115234,179580900,1557031500,55338900,16977700,43312100,16160900.0
2017-09-01,121.58000183105469,218.89065551757812,58.52610397338867,58.76468276977539,112.6507797241211,42.059452056884766,121.58000183105469,251.22999572753906,83.08999633789062,70.72000122070312,129.52000427246094,54.72999954223633,128.32000732421875,251.32000732421875,85.80000305175781,71.0999984741211,129.55999755859375,55.279998779296875,121.55000305175781,244.9499969482422,82.06999969482422,69.0199966430664,125.69000244140625,53.54999923706055,126.01000213623047,247.9199981689453,84.05999755859375,69.83000183105469,127.2300033569336,54.2599983215332,174234300,1286405100,70001300,16368000,34356600,11830000.0
2017-10-01,120.66999816894531,224.04861450195312,57.8991813659668,60.002803802490234,115.09480285644531,42.912479400634766,120.66999816894531,257.1499938964844,82.19999694824219,72.20999908447266,132.3300018310547,55.84000015258789,123.97000122070312,257.8900146484375,85.0,72.29000091552734,132.67999267578125,56.04999923706055,119.77999877929688,251.2899932861328,81.33999633789062,70.6500015258789,129.5500030517578,54.619998931884766,121.16999816894531,251.49000549316406,83.22000122070312,70.70999908447266,129.63999938964844,54.68000030517578,137821900,1320624600,71910400,13943900,45623500,13521300.0
2017-11-01,121.0999984741211,230.8969268798828,59.4417724609375,61.14118576049805,118.58248138427734,43.18144607543945,121.0999984741211,265.010009765625,84.38999938964844,73.58000183105469,136.33999633789062,56.189998626708984,123.33000183105469,266.04998779296875,85.4800033569336,73.83000183105469,136.9199981689453,56.75,120.18000030517578,255.6300048828125,82.1500015258789,71.33000183105469,131.2100067138672,54.880001068115234,120.9800033569336,258.0400085449219,82.33999633789062,72.5,132.8300018310547,56.20000076293945,121999200,1365620900,73385100,15100300,51557600,12011200.0
2017-12-01,123.6500015258789,233.69708251953125,59.35414505004883,62.116111755371094,119.9592514038086,44.07796096801758,123.6500015258789,266.8599853515625,82.9800033569336,74.26000213623047,137.25,56.810001373291016,124.08999633789062,268.6000061035156,86.13999938964844,74.69999694824219,138.72000122070312,57.040000915527344,117.4000015258789,260.760009765625,81.18000030517578,72.66999816894531,134.0399932861328,55.369998931884766,120.94000244140625,264.760009765625,84.48999786376953,73.5,136.27999877929688,56.04999923706055,145856700,1715222900,91535200,18062200,47008100,14315400.0
2018-01-01,127.6500015258789,246.8680877685547,56.829185485839844,65.52056121826172,126.23474884033203,46.5995979309082,127.6500015258789,281.8999938964844,79.44999694824219,78.33000183105469,144.42999267578125,60.060001373291016,129.50999450683594,286.6300048828125,83.16999816894531,79.73999786376953,146.8699951171875,61.16999816894531,124.0999984741211,267.3999938964844,77.91999816894531,74.51000213623047,137.44000244140625,57.09000015258789,124.66000366210938,267.8399963378906,83.04000091552734,74.55000305175781,137.75,57.16999816894531,184868100,1985506700,113314100,27138800,62220300,30287300.0
2018-02-01,125.0,237.89195251464844,52.46596908569336,62.609642028808594,121.4887924194336,44.15554428100586,125.0,271.6499938964844,73.3499984741211,74.8499984741211,139.0,56.90999984741211,128.6999969482422,283.05999755859375,79.73999786376953,78.55000305175781,145.02000427246094,60.15999984741211,124.38999938964844,252.9199981689453,72.05000305175781,70.55999755859375,129.83999633789062,54.20000076293945,127.18000030517578,281.07000732421875,79.08999633789062,78.08000183105469,143.97999572753906,59.86000061035156,176366400,2923722000,168821800,53242200,83283100,22106900.0
2018-03-01,125.79000091552734,231.37120056152344,54.507293701171875,61.808868408203125,119.10381317138672,43.989097595214844,125.79000091552734,263.1499938964844,75.47000122070312,73.62999725341797,135.72000122070312,56.54999923706055,128.5800018310547,280.4100036621094,76.66000366210938,76.9800033569336,144.13999938964844,57.939998626708984,123.58000183105469,257.8299865722656,72.62000274658203,72.25,133.02999877929688,55.31999969482422,124.1500015258789,271.4100036621094,73.19000244140625,74.83000183105469,139.07000732421875,56.88999938964844,143350600,2323561800,141198400,25067400,61542800,14466100.0
2018-04-01,124.58999633789062,232.56700134277344,54.95509338378906,62.0691032409668,119.63914489746094,44.19133758544922,124.58999633789062,264.510009765625,76.08999633789062,73.94000244140625,136.3300018310547,56.810001373291016,129.47000122070312,271.29998779296875,76.70999908447266,75.55000305175781,139.85000610351562,57.79999923706055,124.19000244140625,254.6699981689453,73.55000305175781,71.5999984741211,131.25999450683594,55.25,126.6500015258789,262.54998779296875,75.33999633789062,73.38999938964844,135.2899932861328,56.25,148538100,1998466500,112218300,22642200,54901800,13850400.0
2018-05-01,123.0999984741211,238.22044372558594,56.97736358642578,62.4216423034668,122.89492797851562,43.467918395996094,123.0999984741211,270.94000244140625,78.88999938964844,74.36000061035156,140.0399932861328,55.880001068115234,125.58999633789062,274.25,79.4000015258789,76.05999755859375,141.66000366210938,57.869998931884766,121.97000122070312,259.04998779296875,75.5,72.73999786376953,133.66000366210938,55.150001525878906,123.9000015258789,263.8699951171875,76.08000183105469,73.88999938964844,136.0399932861328,56.720001220703125,136939000,1606397200,93478400,18385600,35896100,12651700.0
2018-06-01,118.6500015258789,239.59039306640625,59.37163162231445,62.05001449584961,123.75956726074219,42.54450607299805,118.6500015258789,271.2799987792969,81.44999694824219,73.37000274658203,140.42999267578125,54.099998474121094,123.86000061035156,279.4800109863281,81.80000305175781,76.36000061035156,144.66000366210938,57.060001373291016,118.01000213623047,268.489990234375,78.43000030517578,72.38999938964844,138.99000549316406,53.20000076293945,122.58000183105469,272.4100036621094,78.58999633789062,74.8499984741211,140.92999267578125,56.25,133529400,1599001000,115031400,24950900,43805700,15404200.0
2018-07-01,115.98999786376953,248.46646118164062,59.72882843017578,63.834476470947266,127.86641693115234,43.62973403930664,115.98999786376953,281.3299865722656,81.94000244140625,75.4800033569336,145.08999633789062,55.47999954223633,119.7300033569336,284.3699951171875,83.16000366210938,76.05000305175781,146.74000549316406,55.66999816894531,115.12000274658203,269.239990234375,79.98999786376953,72.55000305175781,139.42999267578125,53.25,118.18000030517578,269.510009765625,81.5199966430664,72.6500015258789,139.55999755859375,53.349998474121094,130595500,1266892500,107574400,19171300,43863400,13800600.0
2018-08-01,113.51000213623047,256.3973388671875,61.266876220703125,64.38417053222656,132.25521850585938,42.58383560180664,113.51000213623047,290.30999755859375,84.05000305175781,76.12999725341797,150.07000732421875,54.150001525878906,115.69999694824219,291.739990234375,84.55000305175781,76.83000183105469,150.77000427246094,55.41999816894531,111.05999755859375,279.1600036621094,81.12999725341797,73.29000091552734,144.0800018310547,52.25,115.62999725341797,281.55999755859375,81.3499984741211,75.43000030517578,145.19000244140625,55.380001068115234,148356600,1308443700,90618000,35475800,48207300,14350400.0
2018-09-01,112.76000213623047,257.921875,59.63449478149414,64.43522644042969,132.51455688476562,42.67498779296875,112.76000213623047,290.7200012207031,80.68000030517578,75.83000183105469,149.64999389648438,54.0,114.77999877929688,293.94000244140625,84.06999969482422,76.97000122070312,151.83999633789062,54.83000183105469,111.8499984741211,286.7099914550781,79.18000030517578,74.36000061035156,148.1300048828125,52.20000076293945,112.75,289.8399963378906,83.86000061035156,75.6500015258789,149.88999938964844,53.5,97355900,1228103300,94412300,28486600,41556400,15388700.0
2018-10-01,115.1500015258789,240.0983123779297,57.890098571777344,59.39630889892578,122.69440460205078,39.02389907836914,115.1500015258789,270.6300048828125,78.31999969482422,69.9000015258789,138.55999755859375,49.380001068115234,117.6500015258789,293.2099914550781,80.81999969482422,76.31999969482422,150.77000427246094,54.29999923706055,111.9000015258789,259.8500061035156,75.37999725341797,67.4800033569336,133.07000732421875,47.93000030517578,112.4000015258789,292.1099853515625,80.5999984741211,76.26000213623047,150.4199981689453,54.2400016784668,228476300,3024345800,168456100,58978200,102555400,27285100.0
2018-11-01,115.54000091552734,244.55203247070312,60.59540939331055,60.424476623535156,125.16498565673828,39.67982482910156,115.54000091552734,275.6499938964844,81.9800033569336,71.11000061035156,141.35000610351562,50.209999084472656,117.06999969482422,281.2200012207031,82.05000305175781,72.6500015258789,144.05999755859375,51.36000061035156,113.41999816894531,263.07000732421875,77.1500015258789,68.37999725341797,134.63999938964844,48.689998626708984,116.33000183105469,271.6000061035156,78.37999725341797,70.41000366210938,139.0399932861328,49.900001525878906,186729200,2021061200,114197000,48684500,65616800,21635200.0
2018-12-01,121.25,223.01959228515625,55.77689743041992,56.05168533325195,113.67967224121094,37.71751403808594,121.25,249.9199981689453,74.56999969482422,65.45999908447266,127.62999725341797,47.220001220703125,121.26000213623047,280.3999938964844,83.30999755859375,72.37999725341797,144.0,51.099998474121094,116.30000305175781,233.75999450683594,71.08000183105469,62.13999938964844,119.3499984741211,45.59000015258789,116.5999984741211,280.2799987792969,82.4800033569336,72.36000061035156,143.60000610351562,50.9900016784668,178898300,3102780500,213633400,104539900,153337500,56426600.0
2019-01-01,124.75,240.875732421875,62.38907241821289,60.52999496459961,123.38825225830078,40.6090087890625,124.75,269.92999267578125,83.41000366210938,70.69000244140625,138.52999877929688,50.84000015258789,125.2300033569336,270.4700012207031,83.47000122070312,70.87000274658203,138.77000427246094,50.93000030517578,120.69000244140625,243.6699981689453,72.52999877929688,64.19999694824219,124.56999969482422,46.4900016784668,121.3499984741211,245.97999572753906,73.55999755859375,64.5199966430664,125.75,46.599998474121094,195173300,2048691700,151841800,64270200,84377600,21547800.0
2019-02-01,123.98999786376953,248.68389892578125,62.8228874206543,62.23399353027344,127.77940368652344,41.27198028564453,123.98999786376953,278.67999267578125,83.98999786376953,72.68000030517578,143.4600067138672,51.66999816894531,127.20999908447266,281.30999755859375,85.44999694824219,73.31999969482422,144.8800048828125,52.22999954223633,123.19000244140625,267.8299865722656,81.72000122070312,69.88999938964844,137.1199951171875,49.810001373291016,124.88999938964844,270.1499938964844,83.48999786376953,70.7699966430664,138.6999969482422,50.84000015258789,141982900,1371716300,142887900,53058200,55106400,21715500.0
2019-03-01,122.01000213623047,253.18528747558594,65.4718017578125,62.896602630615234,129.58963012695312,41.5895881652832,122.01000213623047,282.4800109863281,86.91000366210938,73.16999816894531,144.7100067138672,51.900001525878906,125.11000061035156,285.17999267578125,87.41999816894531,74.30999755859375,146.83999633789062,52.97999954223633,121.02999877929688,272.4200134277344,82.81999969482422,71.08000183105469,139.9199981689453,50.56999969482422,123.4800033569336,280.44000244140625,83.94000244140625,73.0999984741211,144.3800048828125,51.91999816894531,168879600,1678081300,147869500,65571400,62211500,21232700.0
2019-04-01,121.19999694824219,263.5284118652344,65.36631774902344,65.07996368408203,134.6761474609375,42.74351501464844,121.19999694824219,294.0199890136719,86.7699966430664,75.70999908447266,150.38999938964844,53.34000015258789,123.7699966430664,294.45001220703125,88.13999938964844,75.7699966430664,150.69000244140625,53.72999954223633,119.55000305175781,284.3999938964844,83.77999877929688,73.76000213623047,145.58999633789062,52.349998474121094,122.4000015258789,284.70001220703125,87.0,73.76000213623047,145.75999450683594,52.36000061035156,124262100,1209204700,105284800,36114300,51257400,22513500.0
2019-05-01,123.33000183105469,246.7229766845703,65.45672607421875,61.19459915161133,125.98973083496094,40.42763900756836,123.33000183105469,275.2699890136719,86.88999938964844,71.19000244140625,140.69000244140625,50.45000076293945,123.4000015258789,294.95001220703125,88.58999633789062,75.98999786376953,150.8699951171875,53.58000183105469,119.54000091552734,275.239990234375,84.95999908447266,70.91999816894531,140.60000610351562,50.130001068115234,121.02999877929688,294.7200012207031,86.7699966430664,75.91000366210938,150.8000030517578,53.45000076293945,140574200,1845593200,105994700,51576200,58560500,24842700.0
2019-06-01,133.1999969482422,263.8915710449219,66.47411346435547,65.09274291992188,134.90736389160156,42.76034164428711,133.1999969482422,293.0,87.4000015258789,75.16000366210938,150.08999633789062,52.75,135.5500030517578,296.30999755859375,91.8499984741211,75.56999969482422,150.94000244140625,53.5099983215332,123.9000015258789,273.0899963378906,85.94999694824219,71.01000213623047,139.6199951171875,50.58000183105469,124.08999633789062,275.30999755859375,87.19999694824219,71.33999633789062,140.69000244140625,50.72999954223633,205599200,1340435600,106185400,39545700,51269500,26989100.0
2019-07-01,133.2100067138672,267.8815002441406,67.60736846923828,65.09274291992188,136.81292724609375,41.909183502197266,133.2100067138672,297.42999267578125,88.88999938964844,75.16000366210938,152.2100067138672,51.70000076293945,136.6300048828125,302.2300109863281,91.0,76.54000091552734,154.50999450683594,53.45000076293945,130.5500030517578,294.3299865722656,86.33000183105469,74.58000183105469,150.50999450683594,51.310001373291016,131.55999755859375,296.67999267578125,87.9800033569336,76.0199966430664,151.85000610351562,53.349998474121094,226367100,1110102300,110612600,31608300,47958700,31017700.0
2019-08-01,143.75,263.3962097167969,70.14009094238281,63.72434997558594,133.9635467529297,41.00129699707031,143.75,292.45001220703125,92.22000122070312,73.58000183105469,149.0399932861328,50.58000183105469,145.67999267578125,300.8699951171875,92.55000305175781,75.91000366210938,153.85000610351562,52.16999816894531,132.30999755859375,281.7200012207031,86.44999694824219,71.19000244140625,143.8699951171875,48.970001220703125,132.4199981689453,297.6000061035156,89.01000213623047,75.30000305175781,152.2899932861328,51.7599983215332,322877500,2034004800,100972200,45599400,70309200,44100300.0
2019-09-01,138.8699951171875,268.5212707519531,71.49175262451172,65.1724624633789,136.34716796875,42.11817932128906,138.8699951171875,296.7699890136719,93.25,74.81999969482422,151.0,51.65999984741211,146.82000732421875,302.6300048828125,94.06999969482422,76.44000244140625,154.1300048828125,52.869998931884766,138.02999877929688,289.2699890136719,91.23999786376953,72.81999969482422,147.3699951171875,50.15999984741211,144.9600067138672,290.57000732421875,92.19999694824219,73.05999755859375,147.99000549316406,50.2400016784668,233678500,1303830000,90812700,32674800,54763000,28903700.0
2019-10-01,142.42999267578125,274.4569396972656,72.29673767089844,66.99299621582031,139.21861267089844,43.561256408691406,142.42999267578125,303.3299865722656,94.30000305175781,76.91000366210938,154.17999267578125,53.43000030517578,143.25,304.54998779296875,95.48999786376953,77.22000122070312,154.94000244140625,53.599998474121094,137.8000030517578,284.82000732421875,91.38999938964844,72.25,144.89999389648438,50.209999084472656,138.07000732421875,297.739990234375,93.19999694824219,74.94000244140625,151.5,51.56999969482422,178417600,1386748300,84281600,45699200,54488600,32877200.0
2019-11-01,137.86000061035156,284.3917541503906,71.35375213623047,68.70895385742188,144.49191284179688,43.99336624145508,137.86000061035156,314.30999755859375,93.06999969482422,78.87999725341797,160.02000427246094,53.959999084472656,142.89999389648438,315.4800109863281,94.79000091552734,79.38999938964844,160.74000549316406,54.61000061035156,136.19000244140625,304.739990234375,90.5199966430664,77.33000183105469,154.9199981689453,53.650001525878906,142.2100067138672,304.9200134277344,94.41000366210938,77.33000183105469,155.0,53.790000915527344,139229300,1037123500,98605700,25999700,44788200,27904900.0
2019-12-01,142.89999389648438,292.6548156738281,71.90245819091797,71.08129119873047,148.5436553955078,45.919517517089844,142.89999389648438,321.8599853515625,92.79000091552734,80.98999786376953,163.6199951171875,55.689998626708984,143.60000610351562,323.79998779296875,93.37000274658203,81.41000366210938,164.67999267578125,56.040000915527344,137.3000030517578,307.1300048828125,89.22000122070312,77.30999755859375,156.3800048828125,53.13999938964844,137.32000732421875,314.5899963378906,92.69999694824219,78.9000015258789,160.25999450683594,54.0,121345200,1285175800,115389300,37902000,58994500,33880900.0
2020-01-01,149.3300018310547,292.5367126464844,72.78583526611328,69.97545623779297,148.45285034179688,44.36110305786133,149.3300018310547,321.7300109863281,93.93000030517578,79.7300033569336,163.52000427246094,53.79999923706055,149.67999267578125,332.95001220703125,96.1500015258789,83.08000183105469,169.32000732421875,56.65999984741211,143.39999389648438,320.3599853515625,90.8499984741211,79.41000366210938,162.8300018310547,53.5099983215332,143.86000061035156,323.5400085449219,93.19000244140625,81.43000030517578,164.67999267578125,56.16999816894531,194652300,1392003800,98448400,44495500,69496000,43800500.0
2020-02-01,148.3800048828125,269.37774658203125,67.6715316772461,64.92015838623047,136.578125,41.43393325805664,148.3800048828125,296.260009765625,87.33000183105469,73.97000122070312,150.44000244140625,50.25,158.52999877929688,339.0799865722656,99.72000122070312,83.2300033569336,172.55999755859375,55.880001068115234,145.8000030517578,285.5400085449219,84.66000366210938,71.48999786376953,145.3000030517578,48.720001220703125,148.66000366210938,323.3500061035156,93.87999725341797,80.0,164.35000610351562,53.90999984741211,254781400,2110214900,119825600,44682000,106039000,47526500.0
2020-03-01,148.0500030517578,235.740234375,54.54877853393555,55.33500671386719,117.6132583618164,34.69612121582031,148.0500030517578,257.75,69.8499984741211,62.79999923706055,128.91000366210938,41.959999084472656,159.3699951171875,313.8399963378906,94.4000015258789,77.18000030517578,159.3000030517578,51.709999084472656,136.1199951171875,218.25999450683594,55.58000183105469,53.70000076293945,109.48999786376953,36.41999816894531,150.0,298.2099914550781,87.6500015258789,74.05999755859375,151.41000366210938,50.08000183105469,457459900,5926017600,298513300,117625500,269776200,176915000.0
2020-04-01,158.8000030517578,265.67535400390625,59.43746566772461,61.07118606567383,133.05966186523438,37.333892822265625,158.8000030517578,290.4800109863281,76.11000061035156,69.30999755859375,145.83999633789062,45.150001525878906,164.4199981689453,294.8800048828125,79.98999786376953,70.66000366210938,148.5399932861328,46.209999084472656,147.85000610351562,243.89999389648438,63.27000045776367,59.630001068115234,121.7699966430664,40.13999938964844,148.1999969482422,247.97999572753906,66.51000213623047,60.70000076293945,124.12999725341797,40.869998931884766,260294400,2819312300,182121800,57135500,132785600,104968000.0
2020-05-01,162.91000366210938,278.3335876464844,60.46832275390625,64.25206756591797,140.239990234375,39.20265197753906,162.91000366210938,304.32000732421875,77.43000030517578,72.91999816894531,153.7100067138672,47.40999984741211,164.9600067138672,306.8399963378906,78.81999969482422,73.63999938964844,155.19000244140625,47.86000061035156,157.8000030517578,272.989990234375,66.2699966430664,66.16000366210938,138.3699951171875,43.34000015258789,158.0,285.30999755859375,74.08000183105469,68.06999969482422,143.1199951171875,44.34000015258789,235361000,1910460500,144158700,45820500,87693300,67451200.0
2020-06-01,167.3699951171875,283.26971435546875,61.93463897705078,66.2253646850586,143.4629364013672,40.866355895996094,167.3699951171875,308.3599853515625,78.52999877929688,74.80000305175781,156.52999877929688,49.16999816894531,167.99000549316406,323.4100036621094,86.80000305175781,78.44000244140625,164.1999969482422,51.439998626708984,157.0399932861328,296.739990234375,75.66000366210938,72.2699966430664,149.85000610351562,47.790000915527344,162.9199981689453,303.6199951171875,77.36000061035156,73.13999938964844,153.6199951171875,47.849998474121094,222122700,2358674500,146935800,50768900,103493900,75788000.0
2020-07-01,185.42999267578125,299.9520263671875,64.19023132324219,69.73141479492188,151.7024688720703,42.56184387207031,185.42999267578125,326.5199890136719,81.38999938964844,78.76000213623047,165.52000427246094,51.209999084472656,186.13999938964844,327.2300109863281,82.06999969482422,79.7300033569336,166.1999969482422,52.709999084472656,165.33999633789062,309.07000732421875,76.6500015258789,74.91999816894531,156.61000061035156,49.189998626708984,167.0500030517578,309.57000732421875,78.80000305175781,75.02999877929688,156.89999389648438,49.20000076293945,305156400,1505145300,100164500,34653100,61547400,50717300.0
2020-08-01,184.8300018310547,320.8876953125,64.47415161132812,73.91918182373047,162.48072814941406,44.44849395751953,184.8300018310547,349.30999755859375,81.75,83.48999786376953,177.27999877929688,53.47999954223633,194.4499969482422,351.29998779296875,83.47000122070312,83.98999786376953,178.13999938964844,54.150001525878906,179.0399932861328,327.7300109863281,79.37999725341797,79.18000030517578,166.14999389648438,51.4900016784668,185.0500030517578,328.32000732421875,81.41999816894531,79.29000091552734,166.47000122070312,51.630001068115234,389593200,1045563300,78309800,19741000,62221700,46697800.0
2020-09-01,177.1199951171875,308.8724670410156,62.756378173828125,71.7522201538086,156.7328643798828,43.636390686035156,177.1199951171875,334.8900146484375,78.95999908447266,80.63999938964844,170.30999755859375,52.16999816894531,186.99000549316406,358.75,84.48999786376953,85.19000244140625,181.6699981689453,54.290000915527344,173.77000427246094,319.79998779296875,75.72000122070312,77.63999938964844,162.85000610351562,50.720001220703125,186.99000549316406,350.2099914550781,81.47000122070312,83.68000030517578,177.69000244140625,53.650001525878906,219862100,1814712700,93899900,33025600,71112500,65802900.0
2020-10-01,176.1999969482422,301.1712951660156,60.87273025512695,70.28407287597656,153.6775665283203,42.63267135620117,176.1999969482422,326.5400085449219,76.58999633789062,78.98999786376953,166.99000549316406,50.970001220703125,181.30999755859375,354.0199890136719,83.87999725341797,84.88999938964844,180.63999938964844,54.41999816894531,174.8300018310547,322.6000061035156,75.45999908447266,78.27999877929688,165.02000427246094,50.689998626708984,178.7100067138672,337.69000244140625,79.27999877929688,81.26000213623047,171.72000122070312,52.540000915527344,172289000,1629016100,90996800,29704600,62846300,57006400.0
2020-11-01,166.6699981689453,333.93170166015625,66.7621078491211,78.9772720336914,171.8162384033203,48.010902404785156,166.6699981689453,362.05999755859375,84.0,88.76000213623047,186.6999969482422,57.400001525878906,183.52999877929688,364.3800048828125,88.29000091552734,89.86000061035156,188.3699951171875,58.709999084472656,166.02999877929688,327.239990234375,76.87999725341797,79.2699966430664,167.16000366210938,51.310001373291016,177.4499969482422,330.20001220703125,77.4000015258789,79.86000061035156,168.7899932861328,51.63999938964844,222246500,1535244300,92410400,27913000,80250000,62727200.0
2020-12-01,178.36000061035156,346.30328369140625,68.58741760253906,82.8720932006836,179.8509521484375,50.816810607910156,178.36000061035156,373.8800048828125,84.93000030517578,92.58000183105469,194.63999938964844,60.15999984741211,178.39999389648438,378.4599914550781,86.7699966430664,92.9000015258789,194.9499969482422,60.81999969482422,169.3000030517578,362.0299987792969,83.2300033569336,89.52999877929688,187.8000030517578,58.209999084472656,169.75999450683594,365.57000732421875,84.95999908447266,89.9000015258789,189.1699981689453,58.459999084472656,177576400,1344541500,83498200,28421400,84840200,83609200.0
2021-01-01,172.61000061035156,342.7742919921875,68.61163330078125,82.6841049194336,179.25035095214844,50.943511962890625,172.61000061035156,370.07000732421875,84.95999908447266,92.37000274658203,193.99000549316406,60.310001373291016,183.2100067138672,385.8500061035156,87.30999755859375,96.41999816894531,202.33999633789062,63.279998779296875,170.97999572753906,364.82000732421875,81.2300033569336,91.27999877929688,189.75999450683594,60.04999923706055,181.97000122070312,375.30999755859375,85.19999694824219,93.44000244140625,195.38999938964844,61.20000076293945,210951400,1402265400,111243400,46092800,95306100,76664400.0
2021-02-01,161.80999755859375,352.3053283691406,70.9616928100586,84.89511108398438,184.87759399414062,52.117637634277344,161.80999755859375,380.3599853515625,87.87000274658203,94.83999633789062,200.0800018310547,61.70000076293945,175.25999450683594,394.1700134277344,91.44999694824219,99.19000244140625,208.38999938964844,64.97000122070312,160.9499969482422,370.3800048828125,84.41999816894531,92.94999694824219,194.52999877929688,60.970001220703125,175.02000427246094,373.7200012207031,85.4800033569336,93.41999816894531,195.8800048828125,61.22999954223633,181008600,1307806200,75646800,26865600,77506300,64815300.0
2021-03-01,159.9600067138672,368.29974365234375,74.61766815185547,87.31538391113281,191.62176513671875,53.09210205078125,159.9600067138672,396.3299865722656,91.86000061035156,97.29000091552734,206.69000244140625,62.70000076293945,164.14999389648438,398.1199951171875,93.19999694824219,98.77999877929688,209.3000030517578,64.0,157.1300048828125,371.8800048828125,84.44999694824219,92.94999694824219,194.11000061035156,61.150001525878906,163.02999877929688,385.5899963378906,88.87000274658203,96.13999938964844,203.14999389648438,62.599998474121094,214111100,2401715800,103013500,59513100,102216200,84634500.0
2021-04-01,165.66000366210938,387.7866516113281,80.4824447631836,90.92322540283203,201.2729034423828,54.56547164916992,165.66000366210938,417.29998779296875,99.08000183105469,101.30999755859375,217.10000610351562,64.44000244140625,168.38999938964844,420.7200012207031,99.30000305175781,102.77999877929688,219.64999389648438,65.61000061035156,161.27999877929688,398.17999267578125,92.0,97.91000366210938,207.55999755859375,63.15999984741211,161.55999755859375,398.3999938964844,92.33999633789062,97.93000030517578,207.99000549316406,63.2599983215332,143030700,1462106600,90267000,33771800,83498600,61861800.0
2021-05-01,178.3800048828125,390.3327941894531,81.13227844238281,92.35919189453125,202.19070434570312,56.24205017089844,178.3800048828125,420.0400085449219,99.87999725341797,102.91000366210938,218.08999633789062,66.41999816894531,178.61000061035156,422.82000732421875,100.16999816894531,103.18000030517578,218.99000549316406,66.66000366210938,165.5,404.0,94.63999938964844,98.56999969482422,209.2100067138672,63.439998626708984,167.61000061035156,419.42999267578125,99.55999755859375,101.94999694824219,218.57000732421875,64.80999755859375,199082500,1547235900,86332500,38581100,79672000,61954400.0
2021-06-01,165.6300048828125,399.0869445800781,83.27216339111328,93.45092010498047,207.2090606689453,56.0562629699707,165.6300048828125,428.05999755859375,101.79000091552734,103.61000061035156,222.82000732421875,65.68000030517578,178.85000610351562,428.7799987792969,105.7699966430664,104.51000213623047,223.39999389648438,67.51000213623047,164.00999450683594,414.70001220703125,100.01000213623047,101.55999755859375,216.0800018310547,65.0999984741211,178.75999450683594,422.57000732421875,100.37000274658203,103.81999969482422,219.52999877929688,67.30000305175781,207522500,1282152400,88689200,32203400,69154400,62587500.0
2021-07-01,169.82000732421875,408.8297119140625,86.95352172851562,94.02816009521484,210.80789184570312,55.42469787597656,169.82000732421875,438.510009765625,106.29000091552734,104.25,226.69000244140625,64.94000244140625,171.52000427246094,441.79998779296875,107.72000122070312,105.0999984741211,228.75,65.9000015258789,165.5,421.9700012207031,101.51000213623047,100.87999725341797,217.82000732421875,63.36000061035156,166.64999389648438,428.8699951171875,102.02999877929688,103.73999786376953,223.39999389648438,65.7300033569336,145195500,1422104700,96340600,67487700,76921700,53222400.0
2021-08-01,169.69000244140625,420.99639892578125,88.8269271850586,96.15677642822266,216.8339080810547,56.23549270629883,169.69000244140625,451.55999755859375,108.58000183105469,106.61000061035156,233.1699981689453,65.88999938964844,171.39999389648438,453.07000732421875,108.70999908447266,106.77999877929688,233.97000122070312,66.05000305175781,160.67999267578125,436.1000061035156,104.8499984741211,102.83000183105469,224.39999389648438,63.5,169.3000030517578,440.3399963378906,106.87000274658203,104.8499984741211,227.85000610351562,65.4800033569336,165504300,1254001400,74709300,31293600,68525500,50695200.0
2021-09-01,164.22000122070312,401.3756408691406,83.78023529052734,92.20690155029297,207.1540985107422,54.28746032714844,164.22000122070312,429.1400146484375,101.77999877929688,101.83000183105469,222.05999755859375,63.2599983215332,171.5500030517578,454.04998779296875,111.05999755859375,107.73999786376953,234.64999389648438,67.12999725341797,160.97000122070312,428.7799987792969,101.77999877929688,101.69000244140625,221.94000244140625,63.09000015258789,169.94000244140625,452.55999755859375,108.83999633789062,107.06999969482422,233.82000732421875,66.33000183105469,160613200,1745559600,109439100,44285100,77916600,65003300.0
2021-10-01,166.64999389648438,429.5376281738281,89.7563247680664,96.95170593261719,221.00726318359375,55.84933090209961,166.64999389648438,459.25,109.04000091552734,107.06999969482422,236.91000366210938,65.08000183105469,169.5399932861328,459.55999755859375,110.30000305175781,107.62999725341797,237.19000244140625,65.87000274658203,163.47000122070312,426.3599853515625,101.0,100.69999694824219,220.5399932861328,62.0099983215332,164.27000427246094,430.9800109863281,102.44000244140625,102.08000183105469,223.10000610351562,63.349998474121094,136138300,1508665200,87536500,36029100,63214700,54932400.0
2021-11-01,165.5,426.08642578125,87.86306762695312,94.41631317138672,217.77952575683594,53.47221755981445,165.5,455.55999755859375,106.73999786376953,104.2699966430664,233.4499969482422,62.310001373291016,174.6699981689453,473.5400085449219,111.29000091552734,109.38999938964844,243.60000610351562,66.22000122070312,164.3800048828125,455.29998779296875,106.6500015258789,103.8499984741211,233.10000610351562,61.77000045776367,167.3800048828125,460.29998779296875,109.30000305175781,107.41999816894531,237.75,65.37999725341797,162163400,1335351500,75127000,40042800,77295900,62778400.0
2021-12-01,170.9600067138672,445.79193115234375,96.3907241821289,98.00972747802734,226.04002380371094,55.38242721557617,170.9600067138672,474.9599914550781,116.01000213623047,107.43000030517578,241.44000244140625,63.56999969482422,171.0399932861328,479.0,116.70999908447266,108.18000030517578,243.77999877929688,64.38999938964844,163.8000030517578,448.9200134277344,104.94999694824219,102.55999755859375,229.02000427246094,61.130001068115234,166.83999633789062,461.6400146484375,107.73999786376953,105.5999984741211,236.41000366210938,63.18000030517578,151214100,1927433900,129687300,66477300,89511000,89807000.0
2022-01-01,168.08999633789062,422.2802734375,88.27298736572266,93.52116394042969,212.34317016601562,53.81426239013672,168.08999633789062,449.9100036621094,106.23999786376953,102.51000213623047,226.80999755859375,61.77000045776367,173.14999389648438,479.9800109863281,116.23999786376953,108.58000183105469,244.05999755859375,64.83000183105469,166.3699951171875,420.760009765625,100.62000274658203,97.19999694824219,212.10000610351562,59.70000076293945,168.86000061035156,476.29998779296875,116.20999908447266,107.91000366210938,242.4199981689453,63.900001525878906,211125100,2485167800,144909900,71026400,119550700,105628500.0
2022-02-01,178.3800048828125,409.8157958984375,85.19872283935547,90.93018341064453,207.06288146972656,52.28094482421875,178.3800048828125,436.6300048828125,102.54000091552734,99.66999816894531,221.1699981689453,60.0099983215332,182.60000610351562,458.1199951171875,107.5199966430664,104.94999694824219,231.80999755859375,63.47999954223633,167.02999877929688,410.6400146484375,97.70999908447266,94.5199966430664,207.0,57.790000915527344,168.57000732421875,450.67999267578125,106.1500015258789,102.86000061035156,227.94000244140625,62.099998474121094,254601300,2297975100,115345200,94573200,95583800,98843900.0
2022-03-01,180.64999389648438,425.220947265625,90.53549194335938,92.64461517333984,213.81301879882812,52.13259506225586,180.64999389648438,451.6400146484375,108.37000274658203,101.29000091552734,227.6699981689453,59.7400016784668,193.3000030517578,462.07000732421875,110.69000244140625,103.4800033569336,233.36000061035156,61.02000045776367,176.69000244140625,415.1199951171875,101.44999694824219,93.19000244140625,209.27000427246094,55.150001525878906,179.0500030517578,435.0400085449219,102.80000305175781,99.37999725341797,220.6199951171875,59.7599983215332,377087100,2380929500,128072800,72254400,108176300,121594400.0
2022-04-01,176.91000366210938,387.89971923828125,86.83454132080078,85.1445083618164,194.28842163085938,48.74667739868164,176.91000366210938,412.0,103.94000244140625,93.08999633789062,206.8800048828125,55.86000061035156,186.10000610351562,457.8299865722656,113.41000366210938,102.80000305175781,230.8800048828125,60.90999984741211,175.5,411.2099914550781,103.68000030517578,92.98999786376953,206.7100067138672,55.16999816894531,179.5500030517578,453.30999755859375,108.87000274658203,101.91999816894531,228.66000366210938,60.369998931884766,195348400,1856757400,114746000,58337900,83356400,83861800.0
2022-05-01,171.13999938964844,388.7753601074219,82.76599884033203,85.56526184082031,193.80003356933594,49.48843765258789,171.13999938964844,412.92999267578125,99.06999969482422,93.55000305175781,206.36000061035156,56.709999084472656,177.61000061035156,429.6600036621094,104.54000091552734,96.2699966430664,215.91000366210938,57.099998474121094,168.00999450683594,380.5400085449219,92.87999725341797,86.63999938964844,190.66000366210938,52.2400016784668,173.61000061035156,412.07000732421875,103.87000274658203,92.97000122070312,207.14999389648438,55.689998626708984,179911400,2418478100,147907100,101778800,116251100,127364300.0
2022-06-01,168.4600067138672,356.7167663574219,76.6008529663086,78.61585998535156,177.84783935546875,45.55965042114258,168.4600067138672,377.25,91.11000061035156,85.33999633789062,188.6199951171875,51.61000061035156,174.94000244140625,417.44000244140625,99.6500015258789,94.7300033569336,209.1999969482422,57.290000915527344,168.24000549316406,362.1700134277344,86.62999725341797,83.23999786376953,181.6699981689453,50.59000015258789,172.2100067138672,415.1700134277344,99.4000015258789,94.1500015258789,207.6699981689453,56.970001220703125,145735200,1958611900,127668800,59241500,106137600,113226500.0
2022-07-01,164.10000610351562,389.5658874511719,83.20074462890625,84.10625457763672,194.470947265625,47.21925735473633,164.10000610351562,411.989990234375,98.95999908447266,91.30000305175781,206.25,53.4900016784668,168.67999267578125,413.0299987792969,99.31999969482422,91.36000061035156,206.77999877929688,53.4900016784668,158.02999877929688,371.0400085449219,89.44999694824219,82.75,185.5800018310547,49.02000045776367,167.13999938964844,376.55999755859375,90.97000122070312,84.83999633789062,188.19000244140625,50.97999954223633,134877000,1437748400,80779000,49281700,62247100,88970500.0
2022-08-01,159.27000427246094,373.67083740234375,78.19829559326172,80.69779968261719,187.22015380859375,45.100616455078125,159.27000427246094,395.17999267578125,93.01000213623047,87.5999984741211,198.55999755859375,51.09000015258789,167.97999572753906,431.7300109863281,102.37000274658203,94.80000305175781,217.1999969482422,54.599998474121094,159.25999450683594,395.0400085449219,92.80000305175781,87.58000183105469,198.5,51.08000183105469,164.97999572753906,409.1499938964844,98.44999694824219,90.94999694824219,204.97000122070312,53.29999923706055,110217900,1443394400,75714200,30792400,67305900,93490900.0
2022-09-01,154.6699981689453,339.12646484375,68.13314819335938,73.0081558227539,169.9387969970703,40.63302230834961,154.6699981689453,357.17999267578125,80.16999816894531,78.87999725341797,179.47000122070312,45.77000045776367,161.6199951171875,411.7300109863281,96.91999816894531,90.69999694824219,206.99000549316406,52.290000915527344,151.02999877929688,357.0400085449219,78.7300033569336,78.87000274658203,179.27999877929688,45.349998474121094,158.1699981689453,392.8900146484375,92.44999694824219,86.94000244140625,197.39999389648438,50.439998626708984,139879400,1998908600,128425700,44334800,101180700,150530800.0
2022-10-01,151.91000366210938,366.689208984375,70.521240234375,77.66370391845703,183.72555541992188,42.0179443359375,151.91000366210938,386.2099914550781,82.9800033569336,83.91000366210938,194.02999877929688,47.33000183105469,161.0800018310547,389.5199890136719,83.87000274658203,84.62000274658203,195.52999877929688,48.459999084472656,151.27000427246094,348.1099853515625,74.66000366210938,76.80000305175781,174.83999633789062,44.41999816894531,155.44000244140625,361.0799865722656,81.4000015258789,79.80999755859375,181.52000427246094,46.209999084472656,118402700,2024732000,133054800,60654000,90046300,139053600.0
2022-11-01,164.80999755859375,387.0740051269531,74.85552215576172,84.09634399414062,193.222900390625,47.49543762207031,164.80999755859375,407.67999267578125,88.08000183105469,90.86000061035156,204.05999755859375,53.5,166.22999572753906,407.67999267578125,88.13999938964844,90.87000274658203,204.10000610351562,53.66999816894531,150.57000732421875,368.7900085449219,79.02999877929688,81.08000183105469,185.1300048828125,46.68000030517578,153.82000732421875,390.1400146484375,83.87999725341797,85.12999725341797,196.0,48.369998931884766,114967900,1745985300,107919000,46491400,91878200,100183300.0
2022-12-01,169.63999938964844,364.7676086425781,71.0870590209961,80.36467742919922,181.90921020507812,46.47677230834961,169.63999938964844,382.42999267578125,82.4800033569336,86.19000244140625,191.19000244140625,51.720001220703125,170.61000061035156,410.489990234375,89.47000122070312,91.88999938964844,205.6300048828125,54.5,164.32000732421875,374.7699890136719,80.48999786376953,84.81999969482422,187.3800048828125,51.16999816894531,167.47999572753906,408.7699890136719,88.72000122070312,91.2699966430664,204.8300018310547,53.90999984741211,106815500,1735973600,114129300,75127000,97533700,93585800.0
2023-01-01,179.41000366210938,387.7068786621094,78.48188781738281,86.50927734375,194.50650024414062,50.51158142089844,179.41000366210938,406.4800109863281,91.05999755859375,92.77999877929688,204.42999267578125,56.209999084472656,181.22000122070312,408.1600036621094,91.16999816894531,93.23999786376953,205.0500030517578,56.709999084472656,169.7899932861328,377.8299865722656,81.66000366210938,85.70999908447266,188.92999267578125,51.86000061035156,171.32000732421875,384.3699951171875,83.16999816894531,86.87999725341797,192.3800048828125,52.2400016784668,118786700,1575450100,106908300,54605500,70013800,65739600.0
2023-02-01,169.77999877929688,377.9589538574219,73.87950134277344,83.7586669921875,189.8348388671875,48.354896545410156,169.77999877929688,396.260009765625,85.72000122070312,89.83000183105469,199.52000427246094,53.810001373291016,181.72999572753906,418.30999755859375,94.52999877929688,94.87000274658203,210.8800048828125,56.95000076293945,168.19000244140625,393.6400146484375,85.2699966430664,89.19000244140625,198.16000366210938,53.41999816894531,179.75,405.2099914550781,90.56999969482422,92.68000030517578,203.91000366210938,56.27000045776367,113802300,1603094700,93678700,39233300,55379100,53553400.0
2023-03-01,183.22000122070312,391.9727478027344,72.28705596923828,86.14593505859375,194.973876953125,49.727943420410156,183.22000122070312,409.3900146484375,83.04000091552734,92.08999633789062,204.10000610351562,55.209999084472656,186.24000549316406,409.70001220703125,87.41000366210938,92.25,204.97999572753906,55.31999969482422,168.52000427246094,380.6499938964844,76.22000122070312,86.12999725341797,190.17999267578125,51.5,170.9499969482422,395.4100036621094,85.12000274658203,90.16999816894531,199.3800048828125,54.470001220703125,223186600,2515995800,164792900,53201100,76463200,62126100.0
2023-04-01,184.8000030517578,398.2344665527344,72.51338958740234,87.3713607788086,197.07553100585938,50.6646842956543,184.8000030517578,415.92999267578125,83.30000305175781,93.4000015258789,206.3000030517578,56.25,190.41000366210938,415.94000244140625,83.9800033569336,93.77999877929688,206.8300018310547,56.630001068115234,183.22000122070312,403.7799987792969,80.29000091552734,91.2300033569336,200.41000366210938,55.0,183.85000610351562,408.8500061035156,82.94000244140625,92.0999984741211,203.72000122070312,55.29999923706055,170988100,1395780500,99978400,25614000,52402400,41882400.0
2023-05-01,182.32000732421875,400.07293701171875,69.6407241821289,86.31431579589844,197.91616821289062,48.89028549194336,182.32000732421875,417.8500061035156,80.0,92.2699966430664,207.17999267578125,54.279998779296875,191.36000061035156,422.5799865722656,83.62000274658203,94.16999816894531,209.67999267578125,56.689998626708984,180.08999633789062,403.739990234375,77.80999755859375,91.3499984741211,200.1999969482422,53.900001525878906,186.0500030517578,415.4700012207031,83.30999755859375,93.30000305175781,206.0,56.22999954223633,182184900,1780909100,108724000,30248200,52889900,50676500.0
2023-06-01,178.27000427246094,425.9975280761719,73.56108856201172,91.3274154663086,211.23333740234375,51.05918884277344,178.27000427246094,443.2799987792969,83.55999755859375,96.9800033569336,220.27999877929688,56.08000183105469,184.2100067138672,444.29998779296875,84.68000030517578,98.48999786376953,221.4199981689453,57.9900016784668,175.7899932861328,416.7900085449219,79.1500015258789,92.33999633789062,206.64999389648438,54.52000045776367,182.80999755859375,418.0899963378906,79.9000015258789,92.55000305175781,207.3000030517578,54.52000045776367,133968200,1749901500,90130300,27182900,63099700,49336900.0
2023-07-01,182.35000610351562,439.9417724609375,75.05768585205078,94.72698974609375,218.971923828125,53.04401779174805,182.35000610351562,457.7900085449219,85.26000213623047,100.58999633789062,228.35000610351562,58.2599983215332,184.22999572753906,459.44000244140625,87.31999969482422,100.7300033569336,228.97000122070312,58.41999816894531,176.66000366210938,437.05999755859375,82.36000061035156,94.97000122070312,216.8300018310547,54.5099983215332,178.61000061035156,442.9200134277344,83.43000030517578,97.05999755859375,220.27999877929688,56.290000915527344,99844800,1374698500,107321700,22519100,55903100,37934100.0
2023-08-01,180.02000427246094,432.7918395996094,72.52229309082031,92.03369903564453,214.74302673339844,50.71321105957031,180.02000427246094,450.3500061035156,82.37999725341797,97.7300033569336,223.94000244140625,55.70000076293945,181.3800048828125,457.25,85.41999816894531,100.20999908447266,228.0,57.849998474121094,174.92999267578125,433.010009765625,79.04000091552734,94.2300033569336,215.02999877929688,54.04999923706055,180.85000610351562,456.2699890136719,85.04000091552734,100.08000183105469,227.64999389648438,57.709999084472656,140384300,1754892500,89694300,30583900,65991200,45296200.0
2023-09-01,171.4499969482422,412.2625427246094,67.25445556640625,88.11787414550781,204.43307495117188,48.987979888916016,171.4499969482422,427.4800109863281,75.66000366210938,93.18000030517578,212.41000366210938,53.52000045776367,181.1199951171875,453.6700134277344,83.16999816894531,98.63999938964844,225.77999877929688,56.349998474121094,171.27000427246094,422.2900085449219,74.8499984741211,92.12999725341797,209.83999633789062,52.959999084472656,180.8000030517578,453.1700134277344,82.9000015258789,98.52999877929688,225.33999633789062,56.290000915527344,122800000,1588981600,86557800,30307700,59180400,45004800.0
2023-10-01,184.08999633789062,403.31292724609375,64.81885528564453,85.54563903808594,199.02410888671875,47.34040451049805,184.08999633789062,418.20001220703125,72.91999816894531,90.45999908447266,206.7899932861328,51.720001220703125,186.36000061035156,438.1400146484375,77.27999877929688,94.70999908447266,217.3800048828125,54.13999938964844,168.3000030517578,409.2099914550781,70.61000061035156,88.73999786376953,202.44000244140625,50.95000076293945,170.22999572753906,426.6199951171875,75.41000366210938,92.98999786376953,212.1999969482422,53.25,222528100,1999294400,140389500,56229900,80482900,63227900.0
2023-11-01,188.75,440.153076171875,72.65011596679688,93.25286865234375,217.7628936767578,51.23965835571289,188.75,456.3999938964844,81.7300033569336,98.61000061035156,226.25999450683594,55.97999954223633,189.99000549316406,458.32000732421875,81.93000030517578,98.9000015258789,227.19000244140625,56.13999938964844,179.11000061035156,418.6499938964844,72.54000091552734,90.5199966430664,206.8699951171875,51.75,183.91000366210938,419.20001220703125,73.0199966430664,90.6500015258789,207.13999938964844,51.83000183105469,143757900,1500017600,104804000,35170700,65160500,49262200.0
2023-12-01,191.1699981689453,460.2484130859375,79.51216888427734,98.06241607666016,229.29103088378906,53.849388122558594,191.1699981689453,475.30999755859375,88.36000061035156,102.87999725341797,237.22000122070312,57.959999084472656,193.17999267578125,477.54998779296875,90.08999633789062,103.4000015258789,238.74000549316406,58.18000030517578,183.14999389648438,454.30999755859375,81.41999816894531,98.33000183105469,225.58999633789062,55.650001525878906,188.80999755859375,455.7699890136719,81.66000366210938,98.45999908447266,225.99000549316406,55.810001373291016,153605600,1643624300,107737100,37526900,77457100,67545600.0
2024-01-01,188.4499969482422,467.5785217285156,75.4897689819336,98.06241607666016,231.85244750976562,52.92959976196289,188.4499969482422,482.8800048828125,83.88999938964844,102.87999725341797,239.8699951171875,56.970001220703125,191.88999938964844,491.6199951171875,89.26000213623047,104.4000015258789,244.33999633789062,57.7599983215332,185.4499969482422,466.42999267578125,83.7300033569336,100.13999938964844,232.39999389648438,55.400001525878906,191.44000244140625,472.1600036621094,88.05000305175781,102.08999633789062,235.64999389648438,57.45000076293945,124735600,1700872500,99342000,49626500,74828200,67783200.0
2024-02-01,189.30999755859375,491.98004150390625,76.9835433959961,102.46607971191406,244.13763427734375,54.47187423706055,189.30999755859375,508.0799865722656,85.55000305175781,107.5,252.5800018310547,58.630001068115234,191.36000061035156,510.1300048828125,86.0,107.79000091552734,253.3000030517578,59.04999923706055,183.77999877929688,483.79998779296875,81.54000091552734,103.02999877929688,240.0399932861328,56.47999954223633,189.7100067138672,484.6300048828125,83.80000305175781,103.26000213623047,240.89999389648438,57.16999816894531,118520300,1393307200,106306700,35109700,60155500,56443200.0
2024-03-01,205.72000122070312,508.0687255859375,78.48552703857422,105.73381805419922,252.0957794189453,56.23379135131836,205.72000122070312,523.0700073242188,86.4800033569336,110.5,259.8999938964844,60.29999923706055,206.0500030517578,524.6099853515625,88.06999969482422,110.69999694824219,261.07000732421875,60.5099983215332,189.44000244140625,504.9100036621094,83.69000244140625,107.08000183105469,250.91000366210938,58.77000045776367,190.27000427246094,508.9800109863281,85.41999816894531,107.77999877929688,253.0399932861328,58.9900016784668,162616600,1473501100,87358900,36607300,64908700,78784500.0
2024-04-01,211.8699951171875,487.5835266113281,72.25059509277344,101.94464111328125,241.14480590820312,54.92819595336914,211.8699951171875,501.9800109863281,79.61000061035156,106.54000091552734,248.61000061035156,58.900001525878906,225.08999633789062,524.3800048828125,86.73999786376953,110.73999786376953,260.3800048828125,60.70000076293945,206.2899932861328,493.8599853515625,78.2699966430664,104.63999938964844,244.57000732421875,57.68000030517578,208.67999267578125,523.8300170898438,86.73999786376953,110.63999938964844,260.32000732421875,60.45000076293945,254338500,1593138700,112743100,44951300,69259200,64443900.0
2024-05-01,215.3000030517578,512.2454223632812,75.5450210571289,106.63329315185547,252.61959838867188,57.13838195800781,215.3000030517578,527.3699951171875,83.23999786376953,111.44000244140625,260.44000244140625,61.27000045776367,225.66000366210938,533.0700073242188,85.41999816894531,112.91999816894531,263.9200134277344,62.349998474121094,210.7100067138672,499.54998779296875,79.37000274658203,106.0999984741211,247.60000610351562,58.72999954223633,212.9600067138672,501.3800048828125,79.5,106.41999816894531,248.4600067138672,58.880001068115234,141706000,1153206200,82025100,26100200,60986200,73139700.0
2024-06-01,215.00999450683594,530.3175659179688,76.96194458007812,108.32451629638672,260.3975830078125,56.684288024902344,215.00999450683594,544.219970703125,83.76000213623047,112.62999725341797,267.510009765625,60.29999923706055,219.97000122070312,550.280029296875,85.45999908447266,113.81999969482422,270.4100036621094,61.88999938964844,211.5399932861328,522.5999755859375,82.0999984741211,110.72000122070312,258.0799865722656,59.970001220703125,215.9199981689453,529.02001953125,83.69000244140625,111.91000366210938,261.6600036621094,61.56999969482422,108735300,888367600,57175100,23095600,49292300,49688300.0
2024-07-01,226.5500030517578,536.7392578125,83.07221984863281,110.46926879882812,265.3230285644531,58.1695442199707,226.5500030517578,550.8099975585938,90.41000366210938,114.86000061035156,272.57000732421875,61.880001068115234,229.64999389648438,565.1599731445312,91.54000091552734,117.26000213623047,279.2099914550781,63.099998474121094,214.49000549316406,537.4500122070312,82.47000122070312,111.86000061035156,265.95001220703125,60.08000183105469,215.25,545.6300048828125,83.69000244140625,113.0999984741211,268.489990234375,60.619998931884766,138673000,1038465500,74617300,27928500,63276900,49534500.0
2024-08-01,231.2899932861328,549.2802734375,87.40911865234375,113.04683685302734,270.978515625,59.5702018737793,231.2899932861328,563.6799926757812,95.12999725341797,117.54000091552734,278.3800048828125,63.369998931884766,234.00999450683594,564.2000122070312,95.37000274658203,117.5999984741211,278.5299987792969,63.540000915527344,220.11000061035156,510.2699890136719,88.2699966430664,105.9000015258789,251.0,56.90999984741211,226.74000549316406,552.5700073242188,91.45999908447266,114.73999786376953,273.25,61.290000915527344,147220700,1244599000,92711700,25529200,66499400,64810500.0
2024-09-01,243.05999755859375,560.8177490234375,90.26712799072266,115.5299072265625,276.4817810058594,61.118614196777344,243.05999755859375,573.760009765625,97.41999816894531,119.69999694824219,283.1600036621094,64.73999786376953,247.3699951171875,574.7100219726562,99.58000183105469,120.43000030517578,284.3500061035156,65.5199966430664,228.52000427246094,539.4400024414062,94.19000244140625,112.48999786376953,265.9200134277344,60.880001068115234,232.9499969482422,558.3499755859375,94.22000122070312,116.69000244140625,275.7200012207031,63.189998626708984,130608100,1044988300,83705800,24086200,52992700,59851200.0
2024-10-01,253.50999450683594,555.8133544921875,87.23721313476562,113.0108413696289,274.4019775390625,58.390281677246094,253.50999450683594,568.6400146484375,94.1500015258789,117.08999633789062,281.0299987792969,61.849998474121094,257.7099914550781,586.1199951171875,97.80000305175781,120.81999969482422,289.70001220703125,64.87999725341797,240.6300048828125,565.27001953125,93.43000030517578,117.02999877929688,278.8699951171875,61.400001525878906,245.1999969482422,573.4000244140625,97.62999725341797,119.72000122070312,283.0,64.87000274658203,145957700,976068800,75643400,29733600,67068400,65456300.0
2024-11-01,245.58999633789062,588.9584350585938,90.95279693603516,117.69187927246094,292.78790283203125,58.25811767578125,245.58999633789062,602.5499877929688,98.16000366210938,121.94000244140625,299.8599853515625,61.709999084472656,254.86000061035156,603.3499755859375,99.19999694824219,122.06999969482422,300.3800048828125,63.20000076293945,236.1300048828125,567.8900146484375,92.37000274658203,117.25,280.8699951171875,60.290000915527344,254.3300018310547,571.3200073242188,94.68000030517578,117.76000213623047,282.5199890136719,62.08000183105469,152567400,901760600,67872300,28579200,62056600,83120300.0
2024-12-01,242.1300048828125,574.7879638671875,83.33806610107422,114.23599243164062,283.8857727050781,56.58441162109375,242.1300048828125,586.0800170898438,89.08000183105469,117.4800033569336,289.80999755859375,58.93000030517578,251.25999450683594,609.0700073242188,97.73999786376953,123.63999938964844,302.95001220703125,63.16999816894531,238.72999572753906,580.9099731445312,87.44000244140625,116.38999938964844,288.1099853515625,58.290000915527344,244.4600067138672,602.969970703125,97.66000366210938,122.0999984741211,300.29998779296875,61.709999084472656,115478400,1059516700,75454600,32501000,66917200,79637400.0
2025-01-01,258.55999755859375,590.2246704101562,84.71331024169922,117.72685241699219,292.4961242675781,58.495208740234375,258.55999755859375,601.8200073242188,90.55000305175781,121.06999969482422,298.6000061035156,60.91999816894531,259.989990234375,610.780029296875,91.94999694824219,122.66000366210938,302.6700134277344,61.790000915527344,242.0500030517578,575.3499755859375,85.27999877929688,115.13999938964844,284.6300048828125,57.58000183105469,244.22000122070312,589.3900146484375,89.08999633789062,117.9800033569336,291.45001220703125,59.06999969482422,141384500,995501600,81128500,59105500,66180600,78148200.0
2025-02-01,263.2699890136719,582.7318725585938,87.84735870361328,117.24067687988281,286.97137451171875,59.58023452758789,263.2699890136719,594.1799926757812,93.9000015258789,120.56999969482422,292.9599914550781,62.04999923706055,272.32000732421875,613.22998046875,93.94000244140625,123.9800033569336,303.3900146484375,63.529998779296875,259.5199890136719,582.4400024414062,88.91999816894531,118.75,287.3500061035156,59.75,259.75,592.6699829101562,89.75,119.22000122070312,293.32000732421875,59.88999938964844,178992600,871641300,60440200,36550800,59360700,67758500.0
2025-03-01,288.1400146484375,550.2625732421875,85.57406616210938,113.11651611328125,270.1683044433594,59.80684280395508,288.1400146484375,559.3900146484375,90.54000091552734,115.94999694824219,274.8399963378906,62.099998474121094,288.3900146484375,597.3400268554688,94.94999694824219,121.73999786376953,294.7200012207031,64.70999908447266,265.07000732421875,546.8699951171875,88.29000091552734,113.83000183105469,268.7300109863281,61.439998626708984,265.07000732421875,596.1799926757812,94.04000091552734,121.48999786376953,293.9100036621094,62.939998626708984,181005700,1496591400,71625400,41441800,85943700,99747700.0
2025-04-01,303.7699890136719,545.49169921875,83.48528289794922,113.75064086914062,268.1826171875,61.50184631347656,303.7699890136719,554.5399780273438,88.33000183105469,116.5999984741211,272.82000732421875,63.86000061035156,317.6300048828125,567.4199829101562,91.27999877929688,117.37000274658203,279.25,64.04000091552734,272.5799865722656,481.79998779296875,76.91999816894531,100.88999938964844,236.4199981689453,54.97999954223633,288.5400085449219,557.4500122070312,90.79000091552734,115.55999755859375,273.8999938964844,62.09000015258789,354296400,2237015100,98136800,69576100,130498200,122598200.0
2025-05-01,303.6000061035156,579.7730102539062,84.42098236083984,120.35519409179688,284.95263671875,64.4681167602539,303.6000061035156,589.3900146484375,89.31999969482422,123.37000274658203,289.8800048828125,66.94000244140625,315.6199951171875,595.5399780273438,90.43000030517578,124.0999984741211,293.1300048828125,67.48999786376953,291.7799987792969,556.0399780273438,86.36000061035156,116.87000274658203,273.5799865722656,63.63999938964844,297.4100036621094,560.3699951171875,88.63999938964844,117.66999816894531,275.2799987792969,63.9900016784668,235215100,1402172600,56342900,45874100,64853800,82362400.0
2025-06-01,304.8299865722656,609.5653686523438,85.00221252441406,125.9795913696289,299.6658020019531,67.01934051513672,304.8299865722656,617.8499755859375,89.05999755859375,128.52000427246094,303.92999267578125,69.08999633789062,317.6000061035156,619.219970703125,91.7699966430664,128.67999267578125,304.5299987792969,69.1500015258789,299.8900146484375,585.0599975585938,87.18000030517578,122.69999694824219,287.5799865722656,66.25,309.2099914550781,587.760009765625,88.62999725341797,123.20999908447266,289.3399963378906,67.19000244140625,199565100,1495410200,67031600,51069000,58622500,98513400.0
2025-07-01,302.9599914550781,623.6045532226562,85.07856750488281,127.3617172241211,306.5281982421875,66.41792297363281,302.9599914550781,632.0800170898438,89.13999938964844,129.92999267578125,310.8900146484375,68.47000122070312,316.239990234375,639.8499755859375,92.18000030517578,132.07000732421875,314.8399963378906,71.08000183105469,300.9599914550781,615.52001953125,88.76000213623047,128.1199951171875,302.79998779296875,68.36000061035156,308.55999755859375,616.3599853515625,88.87999725341797,128.27999877929688,303.0400085449219,69.0199966430664,202604000,1479850800,81671300,54035700,78611900,90288700.0
2025-08-01,318.07000732421875,636.400634765625,88.03732299804688,131.1258087158203,313.7356262207031,69.23101806640625,318.07000732421875,645.0499877929688,92.23999786376953,133.77000427246094,318.20001220703125,71.37000274658203,318.0899963378906,649.47998046875,92.62000274658203,134.66000366210938,320.3999938964844,72.45999908447266,305.19000244140625,619.2899780273438,88.08000183105469,127.79000091552734,304.3999938964844,67.8499984741211,308.6099853515625,626.2999877929688,90.02999877929688,129.0800018310547,307.9800109863281,68.41000366210938,178573800,1424047400,65945300,56404800,78851000,82209100.0
2025-09-01,355.4700012207031,659.0695190429688,88.08806610107422,135.54647827148438,324.4652099609375,71.6080093383789,355.4700012207031,666.1799926757812,91.41999816894531,137.8000030517578,328.1700134277344,73.45999908447266,355.57000732421875,667.3400268554688,93.58000183105469,138.35000610351562,330.3599853515625,74.20999908447266,320.239990234375,634.9199829101562,90.05999755859375,131.88999938964844,313.29998779296875,70.36000061035156,320.82000732421875,637.5,91.41000366210938,132.30999755859375,314.5199890136719,70.43000030517578,301997100,1606348500,67798100,61901200,74811500,95469000.0
2025-10-01,368.1199951171875,674.7799682617188,85.92971801757812,138.29086303710938,331.63336181640625,72.74851989746094,368.1199951171875,682.0599975585938,89.18000030517578,140.58999633789062,335.4200134277344,74.62999725341797,403.29998779296875,689.7000122070312,92.93000030517578,142.2100067138672,339.05999755859375,75.75,351.3999938964844,652.8400268554688,88.08000183105469,135.11000061035156,321.6199951171875,72.08000183105469,356.1700134277344,663.1699829101562,91.37000274658203,137.66000366210938,326.92999267578125,73.77999877929688,553024300,1781815100,79345300,66029600,111049200,116263000.0
2025-11-01,387.8800048828125,676.0958251953125,88.010986328125,138.5859375,332.5133056640625,73.05070495605469,387.8800048828125,683.3900146484375,91.33999633789062,140.88999938964844,336.30999755859375,74.94000244140625,388.17999267578125,685.7999877929688,91.5999984741211,141.6300048828125,337.1400146484375,75.88999938964844,361.3900146484375,650.8499755859375,87.86000061035156,134.47999572753906,319.44000244140625,72.11000061035156,368.9100036621094,685.6699829101562,88.19999694824219,141.10000610351562,337.0,74.8499984741211,209285300,1664668300,73760700,71097100,69399800,88918500.0
2025-12-01,396.30999755859375,676.635009765625,86.04283142089844,139.86358642578125,332.4253234863281,74.88880920410156,396.30999755859375,681.9199829101562,88.48999786376953,141.05999755859375,335.2699890136719,75.44000244140625,418.45001220703125,691.6599731445312,90.80999755859375,142.66000366210938,340.3299865722656,76.25,382.9100036621094,671.2000122070312,87.4800033569336,139.3300018310547,330.6300048828125,74.5,390.6099853515625,678.8099975585938,90.44999694824219,140.1699981689453,333.9599914550781,74.75,232084800,1656188700,80014300,65886000,83103100,151359200.0
2026-01-01,444.95001220703125,686.6071166992188,88.28895568847656,144.2163543701172,337.6803283691406,79.0779800415039,444.95001220703125,691.969970703125,90.80000305175781,145.4499969482422,340.57000732421875,79.66000366210938,509.70001220703125,697.8400268554688,92.81999969482422,147.47999572753906,344.4200134277344,81.44000244140625,396.25,676.5700073242188,87.83999633789062,141.3800048828125,334.6000061035156,76.13999938964844,401.6199951171875,685.7100219726562,88.37000274658203,142.25999450683594,337.1499938964844,76.3499984741211,524008900,1600537800,88697400,110159400,144353500,203140100.0
2026-02-01,483.75,680.6734619140625,93.0437240600586,146.58609008789062,335.8956298828125,83.19766235351562,483.75,685.989990234375,95.69000244140625,147.83999633789062,338.7699890136719,83.80999755859375,483.8999938964844,697.1400146484375,96.2300033569336,149.07000732421875,344.29998779296875,84.27999877929688,422.54998779296875,675.780029296875,89.06999969482422,143.1199951171875,333.19000244140625,79.16000366210938,434.010009765625,689.5800170898438,90.9000015258789,145.17999267578125,339.54998779296875,79.45999908447266,307033000,1614970000,76826300,98977600,120249000,195502000.0
2026-03-01,430.2900085449219,647.0621337890625,87.16899871826172,137.4689483642578,319.0845642089844,76.62606048583984,430.2900085449219,650.3400268554688,88.69999694824219,138.32000732421875,320.80999755859375,77.11000061035156,492.1499938964844,688.6199951171875,96.19999694824219,147.4600067138672,340.1300048828125,82.7300033569336,399.20001220703125,629.280029296875,86.83999633789062,133.64999389648438,310.3999938964844,74.30000305175781,490.1000061035156,678.7000122070312,95.19999694824219,145.47000122070312,335.010009765625,81.83999633789062,346662900,2237624600,102672600,148704000,142525900,209490200.0
2026-04-01,423.6600036621094,715.0377197265625,94.66730499267578,150.2696990966797,352.2750549316406,82.5387191772461,423.6600036621094,718.6599731445312,96.33000183105469,151.1999969482422,354.17999267578125,83.05999755859375,448.70001220703125,719.7899780273438,97.05999755859375,151.44000244140625,354.69000244140625,84.4800033569336,414.1600036621094,645.1099853515625,88.44000244140625,136.97999572753906,318.2300109863281,76.0999984741211,435.0,653.9000244140625,88.69999694824219,139.33999633789062,322.9100036621094,77.87999725341797,157128700,1196537500,61837600,67770700,75922100,130666300.0
2026-05-01,417.1199951171875,752.6671142578125,94.04817199707031,157.14710998535156,370.5363464355469,85.51988983154297,417.1199951171875,756.47998046875,95.69999694824219,158.1199951171875,372.5400085449219,86.05999755859375,437.4200134277344,758.0800170898438,97.70999908447266,158.52999877929688,373.1300048828125,86.55999755859375,404.29998779296875,714.989990234375,93.77999877929688,150.00999450683594,352.5299987792969,81.94000244140625,421.4100036621094,721.25,96.5999984741211,151.60000610351562,355.55999755859375,83.04000091552734,120353900,945132300,61353000,53964800,64121200,128146700.0
2026-06-01,368.3800048828125,744.9202270507812,95.60083770751953,156.54782104492188,369.1084899902344,85.33582305908203,368.3800048828125,746.77001953125,96.43000030517578,156.9499969482422,370.0400085449219,85.48999786376953,414.3999938964844,760.4000244140625,99.1500015258789,159.41000366210938,374.70001220703125,88.62000274658203,363.32000732421875,716.5800170898438,93.68000030517578,151.1999969482422,356.2799987792969,82.22000122070312,409.8599853515625,755.3599853515625,95.12999725341797,158.0399932861328,372.17999267578125,85.83000183105469,173343700,1314920000,72091300,87696700,79643800,143901100.0
2026-07-01,371.5400085449219,745.1796264648438,98.09916687011719,155.4606170654297,367.2830810546875,84.43743896484375,371.5400085449219,747.030029296875,98.94999694824219,155.86000061035156,368.2099914550781,84.58999633789062,383.6000061035156,755.5800170898438,101.80000305175781,158.0399932861328,372.9700012207031,86.22000122070312,363.6000061035156,729.0999755859375,96.48999786376953,152.1300048828125,360.20001220703125,82.06999969482422,371.2099914550781,745.0,96.5199966430664,156.19000244140625,369.3399963378906,84.55000305175781,143899700,1064946100,70059100,53120800,68843800,106589300.0
2026-08-01,408.4200134277344,765.1499633789062,95.61075592041016,160.1385955810547,377.19805908203125,87.16252136230469,408.4200134277344,767.0499877929688,96.44000244140625,160.5500030517578,378.1499938964844,87.31999969482422,429.4200134277344,779.3699951171875,99.66000366210938,162.7100067138672,385.1199951171875,88.44999694824219,368.6400146484375,748.7999877929688,95.94000244140625,156.19000244140625,369.0,84.41000366210938,370.1000061035156,749.4400024414062,99.01000213623047,156.39999389648438,369.5,84.66000366210938,243062800,833955700,57266300,49319500,64557800,104385300.0
2026-09-01,380.9551086425781,762.8499145507812,90.24500274658203,158.02000427246094,374.4750061035156,85.21499633789062,380.9551086425781,762.8499145507812,90.24500274658203,158.02000427246094,374.4750061035156,85.21499633789062,413.5400085449219,775.1400146484375,96.95999908447266,161.97000122070312,382.05999755859375,88.52999877929688,380.32000732421875,749.5999755859375,89.9800033569336,156.47999572753906,368.92999267578125,84.94000244140625,398.2900085449219,762.010009765625,96.56999969482422,159.60000610351562,375.79998779296875,87.0,166069985,775956909,66873974,40630239,49839269,101603599.0
