ticker,date,open,high,low,close,adj_close,volume
IBTM,2026-03-30,22.860000610351562,22.895000457763672,22.860000610351562,22.875,22.42445182800293,74300.0
IBTM,2026-03-31,22.940000534057617,22.959999084472656,22.899999618530273,22.93000030517578,22.47836685180664,186200.0
IBTM,2026-04-01,22.829999923706055,22.8700008392334,22.812999725341797,22.825000762939453,22.449844360351562,102100.0
IBTM,2026-04-02,22.829999923706055,22.8799991607666,22.81999969482422,22.864999771118164,22.489187240600586,255200.0
IBTM,2026-04-06,22.799999237060547,22.84000015258789,22.790000915527344,22.815000534057617,22.440006256103516,108300.0
IBTM,2026-04-07,22.81999969482422,22.8799991607666,22.770000457763672,22.864999771118164,22.489187240600586,118500.0
IBTM,2026-04-08,22.959999084472656,22.959999084472656,22.889999389648438,22.90999984741211,22.533449172973633,95200.0
IBTM,2026-04-09,22.899999618530273,22.950000762939453,22.864999771118164,22.90999984741211,22.533449172973633,83700.0
IBTM,2026-04-10,22.920000076293945,22.920000076293945,22.8700008392334,22.875,22.499019622802734,94800.0
IBTM,2026-04-13,22.889999389648438,22.920000076293945,22.860000610351562,22.915000915527344,22.53836441040039,99100.0
IBTM,2026-04-14,22.90999984741211,22.98699951171875,22.90999984741211,22.985000610351562,22.607213973999023,94900.0
IBTM,2026-04-15,22.969999313354492,22.969999313354492,22.93000030517578,22.94499969482422,22.567869186401367,207600.0
IBTM,2026-04-16,22.959999084472656,22.959999084472656,22.90999984741211,22.924999237060547,22.54819679260254,109000.0
IBTM,2026-04-17,23.014999389648438,23.045000076293945,23.010000228881836,23.024999618530273,22.646554946899414,143200.0
IBTM,2026-04-20,23.020000457763672,23.020000457763672,22.979999542236328,23.014999389648438,22.63671875,112200.0
IBTM,2026-04-21,22.969999313354492,22.979999542236328,22.90999984741211,22.924999237060547,22.54819679260254,320400.0
IBTM,2026-04-22,22.969999313354492,22.969999313354492,22.920000076293945,22.934999465942383,22.558034896850586,105800.0
IBTM,2026-04-23,22.940000534057617,22.950000762939453,22.8700008392334,22.905000686645508,22.528528213500977,141100.0
IBTM,2026-04-24,22.8799991607666,22.950000762939453,22.8799991607666,22.94499969482422,22.567869186401367,77200.0
IBTM,2026-04-27,22.90999984741211,22.940000534057617,22.899999618530273,22.915000915527344,22.53836441040039,101500.0
IBTM,2026-04-28,22.8799991607666,22.889999389648438,22.864999771118164,22.889999389648438,22.51377296447754,70800.0
IBTM,2026-04-29,22.84000015258789,22.84000015258789,22.764999389648438,22.78499984741211,22.41050148010254,82400.0
IBTM,2026-04-30,22.84000015258789,22.84600067138672,22.815000534057617,22.816999435424805,22.44197654724121,107000.0
IBTM,2026-05-01,22.75,22.825000762939453,22.75,22.764999389648438,22.46368408203125,107000.0
IBTM,2026-05-04,22.729999542236328,22.738000869750977,22.670000076293945,22.704999923706055,22.404478073120117,107800.0
IBTM,2026-05-05,22.709999084472656,22.7450008392334,22.709999084472656,22.725000381469727,22.42421531677246,175000.0
IBTM,2026-05-06,22.799999237060547,22.81999969482422,22.790000915527344,22.815000534057617,22.51302146911621,99200.0
IBTM,2026-05-07,22.860000610351562,22.860000610351562,22.760000228881836,22.770000457763672,22.468618392944336,159900.0
IBTM,2026-05-08,22.829999923706055,22.834999084472656,22.799999237060547,22.805999755859375,22.504138946533203,62900.0
IBTM,2026-05-11,22.780000686645508,22.790000915527344,22.739999771118164,22.7450008392334,22.44394874572754,73100.0
IBTM,2026-05-12,22.700000762939453,22.70800018310547,22.684999465942383,22.684999465942383,22.384740829467773,72700.0
IBTM,2026-05-13,22.68000030517578,22.700000762939453,22.649999618530273,22.69499969482422,22.394611358642578,121500.0
IBTM,2026-05-14,22.729999542236328,22.729999542236328,22.65999984741211,22.66699981689453,22.366981506347656,160000.0
IBTM,2026-05-15,22.559999465942383,22.575000762939453,22.530000686645508,22.53499984741211,22.23672866821289,79600.0
IBTM,2026-05-18,22.549999237060547,22.575000762939453,22.5049991607666,22.540000915527344,22.241662979125977,140800.0
IBTM,2026-05-19,22.469999313354492,22.489999771118164,22.430999755859375,22.46500015258789,22.16765594482422,159900.0
IBTM,2026-05-20,22.469999313354492,22.594999313354492,22.469999313354492,22.582000732421875,22.28310775756836,256700.0
IBTM,2026-05-21,22.520000457763672,22.594999313354492,22.493999481201172,22.584999084472656,22.28606414794922,251000.0
IBTM,2026-05-22,22.610000610351562,22.614999771118164,22.549999237060547,22.56999969482422,22.271265029907227,221800.0
IBTM,2026-05-26,22.68000030517578,22.68000030517578,22.639999389648438,22.665000915527344,22.365007400512695,73300.0
IBTM,2026-05-27,22.68000030517578,22.70800018310547,22.670000076293945,22.684999465942383,22.384740829467773,148400.0
IBTM,2026-05-28,22.68000030517578,22.729999542236328,22.676000595092773,22.71500015258789,22.414342880249023,88800.0
IBTM,2026-05-29,22.739999771118164,22.756999969482422,22.719999313354492,22.735000610351562,22.43408203125,88500.0
IBTM,2026-06-01,22.59000015258789,22.635000228881836,22.562999725341797,22.625,22.400419235229492,103200.0
IBTM,2026-06-02,22.649999618530273,22.649999618530273,22.621999740600586,22.635000228881836,22.410320281982422,116100.0
IBTM,2026-06-03,22.579999923706055,22.610000610351562,22.579999923706055,22.594999313354492,22.370716094970703,69600.0
IBTM,2026-06-04,22.639999389648438,22.656999588012695,22.610000610351562,22.625,22.400419235229492,155300.0
IBTM,2026-06-05,22.540000915527344,22.54599952697754,22.510000228881836,22.530000686645508,22.30636215209961,138400.0
IBTM,2026-06-08,22.549999237060547,22.565000534057617,22.510000228881836,22.514999389648438,22.2915096282959,66200.0
IBTM,2026-06-09,22.549999237060547,22.575000762939453,22.530000686645508,22.55500030517578,22.331113815307617,126900.0
IBTM,2026-06-10,22.559999465942383,22.579999923706055,22.530000686645508,22.545000076293945,22.321212768554688,156600.0
IBTM,2026-06-11,22.559999465942383,22.674999237060547,22.55500030517578,22.674999237060547,22.449922561645508,174200.0
IBTM,2026-06-12,22.6200008392334,22.645000457763672,22.600000381469727,22.625999450683594,22.401409149169922,79900.0
IBTM,2026-06-15,22.68000030517578,22.69499969482422,22.649999618530273,22.655000686645508,22.43012046813965,65400.0
IBTM,2026-06-16,22.65999984741211,22.719999313354492,22.65999984741211,22.704999923706055,22.479623794555664,178200.0
IBTM,2026-06-17,22.690000534057617,22.709999084472656,22.56999969482422,22.575000762939453,22.350915908813477,98600.0
IBTM,2026-06-18,22.639999389648438,22.684999465942383,22.6299991607666,22.639999389648438,22.415267944335938,76200.0
IBTM,2026-06-22,22.59000015258789,22.600000381469727,22.565000534057617,22.56999969482422,22.345964431762695,105200.0
IBTM,2026-06-23,22.600000381469727,22.6299991607666,22.5939998626709,22.604999542236328,22.380615234375,350000.0
IBTM,2026-06-24,22.68000030517578,22.719999313354492,22.674999237060547,22.71500015258789,22.48952293395996,96100.0
IBTM,2026-06-25,22.739999771118164,22.770000457763672,22.719999313354492,22.735000610351562,22.509326934814453,81200.0
IBTM,2026-06-26,22.739999771118164,22.790000915527344,22.739999771118164,22.780000686645508,22.55388069152832,58300.0
IBTM,2026-06-29,22.770000457763672,22.790000915527344,22.760000228881836,22.78499984741211,22.55883026123047,87100.0
IBTM,2026-06-30,22.75,22.75,22.69499969482422,22.69499969482422,22.469724655151367,416800.0
IBTM,2026-07-01,22.59000015258789,22.625,22.59000015258789,22.594999313354492,22.44290542602539,86200.0
IBTM,2026-07-02,22.610000610351562,22.63800048828125,22.59000015258789,22.625,22.472702026367188,197800.0
IBTM,2026-07-06,22.6200008392334,22.635000228881836,22.600000381469727,22.6299991607666,22.4776668548584,93000.0
IBTM,2026-07-07,22.600000381469727,22.600000381469727,22.540000915527344,22.545000076293945,22.39324188232422,74300.0
IBTM,2026-07-08,22.510000228881836,22.520000457763672,22.469999313354492,22.510000228881836,22.358478546142578,115800.0
IBTM,2026-07-09,22.530000686645508,22.56999969482422,22.520999908447266,22.545000076293945,22.39324188232422,115600.0
IBTM,2026-07-10,22.549999237060547,22.559999465942383,22.520000457763672,22.530000686645508,22.37834358215332,62800.0
IBTM,2026-07-13,22.5,22.5049991607666,22.450000762939453,22.454999923706055,22.30384635925293,50000.0
IBTM,2026-07-14,22.520000457763672,22.549999237060547,22.5049991607666,22.510000228881836,22.358478546142578,56000.0
IBTM,2026-07-15,22.540000915527344,22.59000015258789,22.540000915527344,22.575000762939453,22.42304039001465,88300.0
IBTM,2026-07-16,22.540000915527344,22.56999969482422,22.530000686645508,22.565000534057617,22.41310691833496,68100.0
IBTM,2026-07-17,22.614999771118164,22.6299991607666,22.56999969482422,22.575000762939453,22.42304039001465,64300.0
IBTM,2026-07-20,22.559999465942383,22.559999465942383,22.503000259399414,22.524999618530273,22.373376846313477,45100.0
IBTM,2026-07-21,22.5,22.5,22.459999084472656,22.475000381469727,22.323713302612305,140000.0
IBTM,2026-07-22,22.468000411987305,22.468000411987305,22.420000076293945,22.424999237060547,22.274049758911133,129500.0
IBTM,2026-07-23,22.3799991607666,22.389999389648438,22.364999771118164,22.385000228881836,22.23431968688965,196800.0
IBTM,2026-07-24,22.399999618530273,22.450000762939453,22.399999618530273,22.424999237060547,22.274049758911133,113600.0
IBTM,2026-07-27,22.450000762939453,22.479999542236328,22.440000534057617,22.46500015258789,22.31378173828125,60700.0
IBTM,2026-07-28,22.479999542236328,22.540000915527344,22.479999542236328,22.510000228881836,22.358478546142578,62200.0
IBTM,2026-07-29,22.479999542236328,22.524999618530273,22.44099998474121,22.475000381469727,22.323713302612305,99800.0
IBTM,2026-07-30,22.489999771118164,22.5,22.461000442504883,22.47599983215332,22.324705123901367,74700.0
IBTM,2026-07-31,22.43000030517578,22.440000534057617,22.389999389648438,22.43000030517578,22.279016494750977,145700.0
IBTM,2026-08-03,22.389999389648438,22.399999618530273,22.3700008392334,22.399999618530273,22.323863983154297,110900.0
IBTM,2026-08-04,22.459999084472656,22.479999542236328,22.450000762939453,22.475000381469727,22.398609161376953,411700.0
IBTM,2026-08-05,22.469999313354492,22.489999771118164,22.450000762939453,22.489999771118164,22.413557052612305,150000.0
IBTM,2026-08-06,22.459999084472656,22.459999084472656,22.405000686645508,22.415000915527344,22.33881378173828,112500.0
IBTM,2026-08-07,22.489999771118164,22.489999771118164,22.450000762939453,22.469999313354492,22.393625259399414,83900.0
IBTM,2026-08-10,22.420000076293945,22.43000030517578,22.389999389648438,22.399999618530273,22.323863983154297,87400.0
IBTM,2026-08-11,22.420000076293945,22.440000534057617,22.389999389648438,22.40999984741211,22.333829879760742,104400.0
IBTM,2026-08-12,22.479999542236328,22.479999542236328,22.43000030517578,22.43000030517578,22.353761672973633,97600.0
IBTM,2026-08-13,22.510000228881836,22.548999786376953,22.5,22.510000228881836,22.433488845825195,134500.0
IBTM,2026-08-14,22.510000228881836,22.514999389648438,22.459999084472656,22.459999084472656,22.38365936279297,86700.0
IBTM,2026-08-17,22.459999084472656,22.469999313354492,22.440000534057617,22.440000534057617,22.363727569580078,98200.0
IBTM,2026-08-18,22.43000030517578,22.469999313354492,22.43000030517578,22.450000762939453,22.373693466186523,79800.0
IBTM,2026-08-19,22.520000457763672,22.520000457763672,22.469999313354492,22.520000457763672,22.443456649780273,69300.0
IBTM,2026-08-20,22.450000762939453,22.46500015258789,22.430999755859375,22.459999084472656,22.38365936279297,101800.0
IBTM,2026-08-21,22.440000534057617,22.450000762939453,22.40999984741211,22.420000076293945,22.343795776367188,62700.0
IBTM,2026-08-24,22.440000534057617,22.459999084472656,22.434999465942383,22.440000534057617,22.363727569580078,73800.0
IBTM,2026-08-25,22.5,22.540000915527344,22.490999221801758,22.530000686645508,22.45342254638672,109100.0
IBTM,2026-08-26,22.479999542236328,22.5,22.475000381469727,22.489999771118164,22.413557052612305,197700.0
IBTM,2026-08-27,22.5,22.510000228881836,22.46500015258789,22.46500015258789,22.388643264770508,77500.0
IBTM,2026-08-28,22.469999313354492,22.489999771118164,22.3799991607666,22.389999389648438,22.31389617919922,111400.0
IBTM,2026-08-31,22.3700008392334,22.3799991607666,22.354999542236328,22.360000610351562,22.284000396728516,163000.0
IBTM,2026-09-01,22.260000228881836,22.2810001373291,22.239999771118164,22.2450008392334,22.2450008392334,165700.0
IBTM,2026-09-02,22.25,22.260000228881836,22.225000381469727,22.249000549316406,22.249000549316406,511800.0
IBTM,2026-09-03,22.309999465942383,22.309999465942383,22.270000457763672,22.274999618530273,22.274999618530273,129200.0
IBTM,2026-09-04,22.270000457763672,22.28700065612793,22.2549991607666,22.256999969482422,22.256999969482422,211400.0
IBTM,2026-09-08,22.270000457763672,22.270000457763672,22.219999313354492,22.25,22.25,131200.0
IBTM,2026-09-09,22.229000091552734,22.239999771118164,22.18000030517578,22.19499969482422,22.19499969482422,203400.0
IBTM,2026-09-10,22.09000015258789,22.100000381469727,22.045000076293945,22.054000854492188,22.054000854492188,119200.0
IBTM,2026-09-11,22.06999969482422,22.09000015258789,22.010000228881836,22.014999389648438,22.014999389648438,156500.0
IBTM,2026-09-14,22.0,22.055999755859375,21.96500015258789,22.003000259399414,22.003000259399414,117000.0
IBTM,2026-09-15,21.979999542236328,21.9950008392334,21.959999084472656,21.985000610351562,21.985000610351562,180300.0
IBTM,2026-09-16,22.0,22.049999237060547,21.940000534057617,21.951000213623047,21.951000213623047,141300.0
IBTM,2026-09-17,22.030000686645508,22.040000915527344,22.01099967956543,22.03499984741211,22.03499984741211,103500.0
IBTM,2026-09-18,21.979999542236328,21.979999542236328,21.954999923706055,21.954999923706055,21.954999923706055,88300.0
IBTM,2026-09-21,22.010000228881836,22.020000457763672,21.989999771118164,22.0049991607666,22.0049991607666,85700.0
IBTM,2026-09-22,22.010000228881836,22.02899932861328,21.979999542236328,22.014999389648438,22.014999389648438,101000.0
IBTM,2026-09-23,21.979999542236328,21.979999542236328,21.795000076293945,21.834999084472656,21.834999084472656,172000.0
IBTM,2026-09-24,21.850000381469727,21.868999481201172,21.770000457763672,21.774999618530273,21.774999618530273,280500.0
IBTM,2026-09-25,21.799999237060547,21.850000381469727,21.760000228881836,21.850000381469727,21.850000381469727,1275300.0
IBTM,2026-09-28,21.760000228881836,21.78499984741211,21.709999084472656,21.7549991607666,21.7549991607666,268100.0
IBTM,2026-09-29,21.739999771118164,21.75,21.719999313354492,21.75,21.75,25596.0
IBTO,2026-03-30,24.299999237060547,24.350000381469727,24.290000915527344,24.325000762939453,23.82305145263672,66900.0
IBTO,2026-03-31,24.389999389648438,24.423999786376953,24.350000381469727,24.389999389648438,23.88671112060547,75200.0
IBTO,2026-04-01,24.280000686645508,24.325000762939453,24.260000228881836,24.264999389648438,23.846416473388672,50100.0
IBTO,2026-04-02,24.260000228881836,24.34000015258789,24.260000228881836,24.315000534057617,23.895553588867188,53100.0
IBTO,2026-04-06,24.260000228881836,24.28499984741211,24.2450008392334,24.2549991607666,23.836589813232422,61600.0
IBTO,2026-04-07,24.270000457763672,24.325000762939453,24.200000762939453,24.31999969482422,23.900468826293945,112600.0
IBTO,2026-04-08,24.43000030517578,24.43000030517578,24.350000381469727,24.3700008392334,23.94960594177246,63800.0
IBTO,2026-04-09,24.350000381469727,24.40999984741211,24.31999969482422,24.3700008392334,23.94960594177246,29000.0
IBTO,2026-04-10,24.350000381469727,24.3700008392334,24.325000762939453,24.34000015258789,23.920124053955078,45300.0
IBTO,2026-04-13,24.31999969482422,24.3799991607666,24.30500030517578,24.375,23.95452117919922,32100.0
IBTO,2026-04-14,24.3700008392334,24.454999923706055,24.364999771118164,24.454999923706055,24.033138275146484,35000.0
IBTO,2026-04-15,24.43000030517578,24.43000030517578,24.38599967956543,24.405000686645508,23.98400115966797,99100.0
IBTO,2026-04-16,24.420000076293945,24.424999237060547,24.3700008392334,24.375,23.95452117919922,27400.0
IBTO,2026-04-17,24.485000610351562,24.514999389648438,24.479999542236328,24.492000579833984,24.069501876831055,111800.0
IBTO,2026-04-20,24.479999542236328,24.489999771118164,24.44499969482422,24.475000381469727,24.05279541015625,45800.0
IBTO,2026-04-21,24.434999465942383,24.44499969482422,24.375,24.375,23.95452117919922,250900.0
IBTO,2026-04-22,24.420000076293945,24.43000030517578,24.389999389648438,24.395000457763672,23.97417640686035,34200.0
IBTO,2026-04-23,24.399999618530273,24.40999984741211,24.309999465942383,24.354999542236328,23.934865951538086,44900.0
IBTO,2026-04-24,24.334999084472656,24.40999984741211,24.334999084472656,24.395000457763672,23.97417640686035,18500.0
IBTO,2026-04-27,24.3799991607666,24.399999618530273,24.34000015258789,24.35700035095215,23.936832427978516,71400.0
IBTO,2026-04-28,24.329999923706055,24.334999084472656,24.299999237060547,24.325000762939453,23.90538215637207,50600.0
IBTO,2026-04-29,24.270000457763672,24.270000457763672,24.204999923706055,24.225000381469727,23.807109832763672,78100.0
IBTO,2026-04-30,24.280000686645508,24.28499984741211,24.240999221801758,24.246999740600586,23.8287296295166,43700.0
IBTO,2026-05-01,24.190000534057617,24.264999389648438,24.170000076293945,24.19499969482422,23.858308792114258,48000.0
IBTO,2026-05-04,24.15999984741211,24.165000915527344,24.075000762939453,24.1299991607666,23.794214248657227,45400.0
IBTO,2026-05-05,24.149999618530273,24.170000076293945,24.139999389648438,24.145000457763672,23.809005737304688,77600.0
IBTO,2026-05-06,24.239999771118164,24.260000228881836,24.225000381469727,24.2549991607666,23.9174747467041,67800.0
IBTO,2026-05-07,24.299999237060547,24.299999237060547,24.18000030517578,24.200000762939453,23.86324119567871,70400.0
IBTO,2026-05-08,24.25,24.270000457763672,24.239999771118164,24.2450008392334,23.907615661621094,53400.0
IBTO,2026-05-11,24.229999542236328,24.229999542236328,24.170000076293945,24.174999237060547,23.83858871459961,57100.0
IBTO,2026-05-12,24.1299991607666,24.1299991607666,24.094999313354492,24.104999542236328,23.769561767578125,80600.0
IBTO,2026-05-13,24.09000015258789,24.1200008392334,24.05500030517578,24.104999542236328,23.769561767578125,87700.0
IBTO,2026-05-14,24.15999984741211,24.15999984741211,24.084999084472656,24.084999084472656,23.749839782714844,85500.0
IBTO,2026-05-15,23.959999084472656,23.959999084472656,23.90999984741211,23.915000915527344,23.58220863342285,44500.0
IBTO,2026-05-18,23.940000534057617,23.975000381469727,23.885000228881836,23.92300033569336,23.59009552001953,81900.0
IBTO,2026-05-19,23.84000015258789,23.854999542236328,23.799999237060547,23.834999084472656,23.503320693969727,117700.0
IBTO,2026-05-20,23.84000015258789,23.989999771118164,23.84000015258789,23.959999084472656,23.6265811920166,118300.0
IBTO,2026-05-21,23.90999984741211,23.989999771118164,23.885000228881836,23.975000381469727,23.641372680664062,78400.0
IBTO,2026-05-22,24.020000457763672,24.020000457763672,23.93899917602539,23.985000610351562,23.651233673095703,55600.0
IBTO,2026-05-26,24.09000015258789,24.09000015258789,24.05500030517578,24.084999084472656,23.749839782714844,28800.0
IBTO,2026-05-27,24.100000381469727,24.1299991607666,24.090999603271484,24.094999313354492,23.759702682495117,121400.0
IBTO,2026-05-28,24.100000381469727,24.15999984741211,24.09000015258789,24.135000228881836,23.79914665222168,63900.0
IBTO,2026-05-29,24.170000076293945,24.190000534057617,24.149999618530273,24.155000686645508,23.81886863708496,51200.0
IBTO,2026-06-01,23.989999771118164,24.045000076293945,23.959999084472656,24.045000076293945,23.79313850402832,39500.0
IBTO,2026-06-02,24.06999969482422,24.06999969482422,24.040000915527344,24.05500030517578,23.803035736083984,55000.0
IBTO,2026-06-03,24.0,24.030000686645508,23.979999542236328,24.0049991607666,23.753555297851562,37100.0
IBTO,2026-06-04,24.049999237060547,24.059999465942383,24.02400016784668,24.03499984741211,23.783245086669922,66300.0
IBTO,2026-06-05,23.940000534057617,23.940000534057617,23.90999984741211,23.920000076293945,23.669448852539062,45900.0
IBTO,2026-06-08,23.959999084472656,23.96500015258789,23.899999618530273,23.905000686645508,23.654605865478516,48600.0
IBTO,2026-06-09,23.93000030517578,23.969999313354492,23.920000076293945,23.954999923706055,23.704082489013672,69700.0
IBTO,2026-06-10,23.969999313354492,23.989999771118164,23.923999786376953,23.934999465942383,23.684289932250977,107600.0
IBTO,2026-06-11,23.959999084472656,24.097000122070312,23.950000762939453,24.084999084472656,23.832717895507812,53800.0
IBTO,2026-06-12,24.040000915527344,24.059999465942383,24.010000228881836,24.040000915527344,23.788192749023438,52000.0
IBTO,2026-06-15,24.09000015258789,24.110000610351562,24.059999465942383,24.06999969482422,23.81787872314453,67100.0
IBTO,2026-06-16,24.09000015258789,24.145000457763672,24.09000015258789,24.125,23.87230110168457,83100.0
IBTO,2026-06-17,24.114999771118164,24.135000228881836,23.989999771118164,23.990999221801758,23.739704132080078,78500.0
IBTO,2026-06-18,24.079999923706055,24.1200008392334,24.059999465942383,24.059999465942383,23.807979583740234,43000.0
IBTO,2026-06-22,24.010000228881836,24.018999099731445,23.979999542236328,23.989999771118164,23.73871421813965,109300.0
IBTO,2026-06-23,24.030000686645508,24.049999237060547,24.0049991607666,24.014999389648438,23.763452529907227,76900.0
IBTO,2026-06-24,24.110000610351562,24.15999984741211,24.110000610351562,24.152999877929688,23.900009155273438,50700.0
IBTO,2026-06-25,24.190000534057617,24.215999603271484,24.170000076293945,24.18000030517578,23.926725387573242,88000.0
IBTO,2026-06-26,24.190000534057617,24.239999771118164,24.190000534057617,24.229999542236328,23.976200103759766,63500.0
IBTO,2026-06-29,24.21500015258789,24.239999771118164,24.204999923706055,24.239999771118164,23.98609733581543,41000.0
IBTO,2026-06-30,24.200000762939453,24.200000762939453,24.1200008392334,24.131999969482422,23.879226684570312,73500.0
IBTO,2026-07-01,23.989999771118164,24.040000915527344,23.989999771118164,24.0049991607666,23.833553314208984,40400.0
IBTO,2026-07-02,24.030000686645508,24.049999237060547,24.0,24.03499984741211,23.86334228515625,40000.0
IBTO,2026-07-06,24.040000915527344,24.049999237060547,24.000999450683594,24.045000076293945,23.87327003479004,78800.0
IBTO,2026-07-07,24.010000228881836,24.010000228881836,23.940000534057617,23.94499969482422,23.773984909057617,57100.0
IBTO,2026-07-08,23.899999618530273,23.90999984741211,23.854999542236328,23.899999618530273,23.729305267333984,67400.0
IBTO,2026-07-09,23.90999984741211,23.969999313354492,23.90999984741211,23.940000534057617,23.769020080566406,82400.0
IBTO,2026-07-10,23.950000762939453,23.95800018310547,23.90999984741211,23.924999237060547,23.754125595092773,28400.0
IBTO,2026-07-13,23.889999389648438,23.889999389648438,23.829999923706055,23.834999084472656,23.664770126342773,66600.0
IBTO,2026-07-14,23.920000076293945,23.940000534057617,23.889999389648438,23.905000686645508,23.734270095825195,92300.0
IBTO,2026-07-15,23.920000076293945,23.989999771118164,23.920000076293945,23.96500015258789,23.793842315673828,82800.0
IBTO,2026-07-16,23.920000076293945,23.959999084472656,23.90999984741211,23.954999923706055,23.783912658691406,38500.0
IBTO,2026-07-17,24.0,24.024999618530273,23.96500015258789,23.975000381469727,23.803770065307617,37100.0
IBTO,2026-07-20,23.940000534057617,23.940000534057617,23.889999389648438,23.905000686645508,23.734270095825195,37800.0
IBTO,2026-07-21,23.8700008392334,23.8700008392334,23.841999053955078,23.854000091552734,23.683635711669922,77600.0
IBTO,2026-07-22,23.850000381469727,23.850000381469727,23.799999237060547,23.80500030517578,23.63498306274414,110900.0
IBTO,2026-07-23,23.739999771118164,23.760000228881836,23.733999252319336,23.7549991607666,23.58534049987793,73300.0
IBTO,2026-07-24,23.777999877929688,23.827999114990234,23.774999618530273,23.795000076293945,23.62505531311035,96400.0
IBTO,2026-07-27,23.829999923706055,23.860000610351562,23.81999969482422,23.844999313354492,23.674697875976562,478500.0
IBTO,2026-07-28,23.860000610351562,23.93000030517578,23.860000610351562,23.905000686645508,23.734270095825195,400300.0
IBTO,2026-07-29,23.8700008392334,23.895000457763672,23.820999145507812,23.834999084472656,23.664770126342773,433100.0
IBTO,2026-07-30,23.850000381469727,23.8700008392334,23.829999923706055,23.844999313354492,23.674697875976562,66000.0
IBTO,2026-07-31,23.790000915527344,23.799999237060547,23.729999542236328,23.780000686645508,23.61016273498535,99900.0
IBTO,2026-08-03,23.729999542236328,23.760000228881836,23.729999542236328,23.7450008392334,23.66098403930664,246900.0
IBTO,2026-08-04,23.81999969482422,23.854999542236328,23.81999969482422,23.844999313354492,23.76062774658203,143500.0
IBTO,2026-08-05,23.84000015258789,23.8700008392334,23.820999145507812,23.854999542236328,23.770593643188477,170500.0
IBTO,2026-08-06,23.829999923706055,23.829999923706055,23.770000457763672,23.77899932861328,23.694862365722656,214000.0
IBTO,2026-08-07,23.8700008392334,23.8700008392334,23.809999465942383,23.84000015258789,23.755647659301758,48200.0
IBTO,2026-08-10,23.790000915527344,23.790000915527344,23.7450008392334,23.7450008392334,23.66098403930664,71300.0
IBTO,2026-08-11,23.780000686645508,23.799999237060547,23.770000457763672,23.774999618530273,23.690876007080078,47300.0
IBTO,2026-08-12,23.829999923706055,23.829999923706055,23.791000366210938,23.795000076293945,23.710805892944336,96500.0
IBTO,2026-08-13,23.8799991607666,23.920000076293945,23.8700008392334,23.875,23.790523529052734,43700.0
IBTO,2026-08-14,23.8700008392334,23.889999389648438,23.81100082397461,23.825000762939453,23.740699768066406,53800.0
IBTO,2026-08-17,23.799999237060547,23.82900047302246,23.790000915527344,23.795000076293945,23.710805892944336,93700.0
IBTO,2026-08-18,23.780000686645508,23.81999969482422,23.780000686645508,23.80500030517578,23.72076988220215,67300.0
IBTO,2026-08-19,23.899999618530273,23.899999618530273,23.839000701904297,23.878000259399414,23.79351234436035,60300.0
IBTO,2026-08-20,23.809999465942383,23.829999923706055,23.790000915527344,23.809999465942383,23.725751876831055,69900.0
IBTO,2026-08-21,23.795000076293945,23.799999237060547,23.76099967956543,23.764999389648438,23.680912017822266,62400.0
IBTO,2026-08-24,23.791000366210938,23.825000762939453,23.791000366210938,23.80500030517578,23.72076988220215,65800.0
IBTO,2026-08-25,23.860000610351562,23.920000076293945,23.860000610351562,23.917999267578125,23.833370208740234,107200.0
IBTO,2026-08-26,23.864999771118164,23.875,23.850000381469727,23.864999771118164,23.78055763244629,53200.0
IBTO,2026-08-27,23.860000610351562,23.875,23.829999923706055,23.844999313354492,23.76062774658203,56400.0
IBTO,2026-08-28,23.829999923706055,23.849000930786133,23.739999771118164,23.7450008392334,23.66098403930664,80300.0
IBTO,2026-08-31,23.729000091552734,23.739999771118164,23.700000762939453,23.739999771118164,23.6560001373291,124100.0
IBTO,2026-09-01,23.600000381469727,23.6299991607666,23.559999465942383,23.56999969482422,23.56999969482422,496700.0
IBTO,2026-09-02,23.600000381469727,23.600000381469727,23.565000534057617,23.58799934387207,23.58799934387207,309700.0
IBTO,2026-09-03,23.65999984741211,23.65999984741211,23.610000610351562,23.614999771118164,23.614999771118164,247500.0
IBTO,2026-09-04,23.610000610351562,23.63800048828125,23.600000381469727,23.604999542236328,23.604999542236328,101200.0
IBTO,2026-09-08,23.608999252319336,23.608999252319336,23.559999465942383,23.59000015258789,23.59000015258789,175000.0
IBTO,2026-09-09,23.559999465942383,23.579999923706055,23.5049991607666,23.524999618530273,23.524999618530273,146900.0
IBTO,2026-09-10,23.420000076293945,23.420000076293945,23.350000381469727,23.354999542236328,23.354999542236328,1283300.0
IBTO,2026-09-11,23.389999389648438,23.39900016784668,23.315000534057617,23.325000762939453,23.325000762939453,305200.0
IBTO,2026-09-14,23.309999465942383,23.3700008392334,23.264999389648438,23.295000076293945,23.295000076293945,243900.0
IBTO,2026-09-15,23.280000686645508,23.298999786376953,23.260000228881836,23.274999618530273,23.274999618530273,159500.0
IBTO,2026-09-16,23.31999969482422,23.364999771118164,23.235000610351562,23.2450008392334,23.2450008392334,105000.0
IBTO,2026-09-17,23.350000381469727,23.360000610351562,23.325000762939453,23.354999542236328,23.354999542236328,156600.0
IBTO,2026-09-18,23.280000686645508,23.288000106811523,23.260000228881836,23.264999389648438,23.264999389648438,49300.0
IBTO,2026-09-21,23.31999969482422,23.34000015258789,23.302000045776367,23.325000762939453,23.325000762939453,66600.0
IBTO,2026-09-22,23.329999923706055,23.350000381469727,23.290000915527344,23.334999084472656,23.334999084472656,116300.0
IBTO,2026-09-23,23.28499984741211,23.28499984741211,23.075000762939453,23.1200008392334,23.1200008392334,137800.0
IBTO,2026-09-24,23.139999389648438,23.159000396728516,23.030000686645508,23.03499984741211,23.03499984741211,276300.0
IBTO,2026-09-25,23.06999969482422,23.114999771118164,23.020000457763672,23.114999771118164,23.114999771118164,102500.0
IBTO,2026-09-28,23.010000228881836,23.045000076293945,22.959999084472656,23.014999389648438,23.014999389648438,1012300.0
IBTO,2026-09-29,23.009000778198242,23.010000228881836,22.969999313354492,22.9950008392334,22.9950008392334,40508.0
IBTP,2026-03-30,25.559999465942383,25.60700035095215,25.55299949645996,25.575000762939453,25.062660217285156,25500.0
IBTP,2026-03-31,25.649999618530273,25.66900062561035,25.604999542236328,25.6299991607666,25.116558074951172,31800.0
IBTP,2026-04-01,25.545000076293945,25.579999923706055,25.514999389648438,25.524999618530273,25.098859786987305,35800.0
IBTP,2026-04-02,25.510000228881836,25.600000381469727,25.510000228881836,25.575000762939453,25.148025512695312,22800.0
IBTP,2026-04-06,25.510000228881836,25.545000076293945,25.489999771118164,25.514999389648438,25.089025497436523,23400.0
IBTP,2026-04-07,25.530000686645508,25.584999084472656,25.450000762939453,25.579999923706055,25.152942657470703,31400.0
IBTP,2026-04-08,25.700000762939453,25.700000762939453,25.610000610351562,25.635000228881836,25.207021713256836,28000.0
IBTP,2026-04-09,25.610000610351562,25.670000076293945,25.575000762939453,25.6299991607666,25.20210838317871,21000.0
IBTP,2026-04-10,25.614999771118164,25.6299991607666,25.572999954223633,25.584999084472656,25.157855987548828,16200.0
IBTP,2026-04-13,25.59000015258789,25.63599967956543,25.56800079345703,25.635000228881836,25.207021713256836,35200.0
IBTP,2026-04-14,25.625,25.71500015258789,25.625,25.71500015258789,25.285688400268555,21400.0
IBTP,2026-04-15,25.690000534057617,25.690000534057617,25.645000457763672,25.665000915527344,25.236522674560547,23000.0
IBTP,2026-04-16,25.684999465942383,25.684999465942383,25.614999771118164,25.625,25.197193145751953,14200.0
IBTP,2026-04-17,25.756999969482422,25.780000686645508,25.739999771118164,25.7549991607666,25.32501792907715,20700.0
IBTP,2026-04-20,25.7450008392334,25.746000289916992,25.700000762939453,25.7450008392334,25.315187454223633,31300.0
IBTP,2026-04-21,25.700000762939453,25.704999923706055,25.6299991607666,25.634000778198242,25.20604133605957,115500.0
IBTP,2026-04-22,25.68000030517578,25.695999145507812,25.639999389648438,25.645000457763672,25.216856002807617,23400.0
IBTP,2026-04-23,25.65999984741211,25.67799949645996,25.559999465942383,25.614999771118164,25.18735694885254,22600.0
IBTP,2026-04-24,25.579999923706055,25.66200065612793,25.579999923706055,25.655000686645508,25.2266902923584,19100.0
IBTP,2026-04-27,25.6299991607666,25.649999618530273,25.600000381469727,25.604999542236328,25.17752456665039,24700.0
IBTP,2026-04-28,25.56999969482422,25.579999923706055,25.540000915527344,25.575000762939453,25.148025512695312,550000.0
IBTP,2026-04-29,25.510000228881836,25.510000228881836,25.440000534057617,25.459999084472656,25.034944534301758,37500.0
IBTP,2026-04-30,25.510000228881836,25.530000686645508,25.489999771118164,25.510000228881836,25.084108352661133,52100.0
IBTP,2026-05-01,25.420000076293945,25.514999389648438,25.420000076293945,25.445999145507812,25.09989356994629,17600.0
IBTP,2026-05-04,25.405000686645508,25.40999984741211,25.31999969482422,25.360000610351562,25.015064239501953,31400.0
IBTP,2026-05-05,25.389999389648438,25.420000076293945,25.3799991607666,25.385000228881836,25.039722442626953,55600.0
IBTP,2026-05-06,25.479999542236328,25.520000457763672,25.479999542236328,25.514999389648438,25.16795539855957,34800.0
IBTP,2026-05-07,25.56999969482422,25.56999969482422,25.43000030517578,25.440000534057617,25.093975067138672,61800.0
IBTP,2026-05-08,25.520000457763672,25.53499984741211,25.489999771118164,25.5049991607666,25.15808868408203,35100.0
IBTP,2026-05-11,25.479999542236328,25.479999542236328,25.420000076293945,25.424999237060547,25.079177856445312,24500.0
IBTP,2026-05-12,25.354999542236328,25.360000610351562,25.329999923706055,25.334999084472656,24.990402221679688,42600.0
IBTP,2026-05-13,25.336000442504883,25.347000122070312,25.290000915527344,25.334999084472656,24.990402221679688,41400.0
IBTP,2026-05-14,25.399999618530273,25.399999618530273,25.315000534057617,25.315000534057617,24.970674514770508,43600.0
IBTP,2026-05-15,25.149999618530273,25.18000030517578,25.1200008392334,25.125,24.78325843811035,78300.0
IBTP,2026-05-18,25.15999984741211,25.18000030517578,25.09000015258789,25.131000518798828,24.7891788482666,54900.0
IBTP,2026-05-19,25.030000686645508,25.04599952697754,24.979999542236328,25.014999389648438,24.674753189086914,90000.0
IBTP,2026-05-20,25.03700065612793,25.200000762939453,25.023000717163086,25.176000595092773,24.83356475830078,67400.0
IBTP,2026-05-21,25.094999313354492,25.200000762939453,25.075000762939453,25.19499969482422,24.852306365966797,107200.0
IBTP,2026-05-22,25.239999771118164,25.239999771118164,25.152000427246094,25.222000122070312,24.87894058227539,53500.0
IBTP,2026-05-26,25.34000015258789,25.34000015258789,25.290000915527344,25.315000534057617,24.970674514770508,45900.0
IBTP,2026-05-27,25.34000015258789,25.3700008392334,25.31999969482422,25.32900047302246,24.98448371887207,74700.0
IBTP,2026-05-28,25.329999923706055,25.399999618530273,25.325000762939453,25.385000228881836,25.039722442626953,49500.0
IBTP,2026-05-29,25.420000076293945,25.434999465942383,25.395000457763672,25.400999069213867,25.055503845214844,31300.0
IBTP,2026-06-01,25.239999771118164,25.299999237060547,25.19499969482422,25.29400062561035,25.03472137451172,55200.0
IBTP,2026-06-02,25.31999969482422,25.329999923706055,25.295000076293945,25.30500030517578,25.04560661315918,40800.0
IBTP,2026-06-03,25.239999771118164,25.266000747680664,25.219999313354492,25.2450008392334,24.986225128173828,37900.0
IBTP,2026-06-04,25.299999237060547,25.31999969482422,25.270999908447266,25.274999618530273,25.015914916992188,68800.0
IBTP,2026-06-05,25.170000076293945,25.18000030517578,25.139999389648438,25.145000457763672,24.88724708557129,46700.0
IBTP,2026-06-08,25.190000534057617,25.204999923706055,25.110000610351562,25.135000228881836,24.877349853515625,46600.0
IBTP,2026-06-09,25.170000076293945,25.200000762939453,25.155000686645508,25.184999465942383,24.926837921142578,63000.0
IBTP,2026-06-10,25.200000762939453,25.21500015258789,25.145000457763672,25.165000915527344,24.907045364379883,83500.0
IBTP,2026-06-11,25.19499969482422,25.336999893188477,25.184999465942383,25.334999084472656,25.075300216674805,50800.0
IBTP,2026-06-12,25.270000457763672,25.309999465942383,25.253999710083008,25.28499984741211,25.02581214904785,29800.0
IBTP,2026-06-15,25.350000381469727,25.367000579833984,25.309999465942383,25.315000534057617,25.055505752563477,46800.0
IBTP,2026-06-16,25.329999923706055,25.40999984741211,25.329999923706055,25.385000228881836,25.124788284301758,55000.0
IBTP,2026-06-17,25.3799991607666,25.389999389648438,25.2450008392334,25.2450008392334,24.986225128173828,365200.0
IBTP,2026-06-18,25.34000015258789,25.385000228881836,25.31999969482422,25.325000762939453,25.065404891967773,33300.0
IBTP,2026-06-22,25.260000228881836,25.270000457763672,25.229999542236328,25.243000030517578,24.984243392944336,31400.0
IBTP,2026-06-23,25.270000457763672,25.309999465942383,25.263999938964844,25.274999618530273,25.015914916992188,40400.0
IBTP,2026-06-24,25.389999389648438,25.440000534057617,25.384000778198242,25.424999237060547,25.164377212524414,42400.0
IBTP,2026-06-25,25.459999084472656,25.4950008392334,25.440000534057617,25.44499969482422,25.184171676635742,20900.0
IBTP,2026-06-26,25.479999542236328,25.511999130249023,25.479999542236328,25.5049991607666,25.24355697631836,40300.0
IBTP,2026-06-29,25.510000228881836,25.514999389648438,25.483999252319336,25.514999389648438,25.253456115722656,24700.0
IBTP,2026-06-30,25.469999313354492,25.469999313354492,25.385000228881836,25.385000228881836,25.124788284301758,45100.0
IBTP,2026-07-01,25.239999771118164,25.288000106811523,25.239999771118164,25.2450008392334,25.07016944885254,41400.0
IBTP,2026-07-02,25.260000228881836,25.299999237060547,25.239999771118164,25.270000457763672,25.094995498657227,48600.0
IBTP,2026-07-06,25.280000686645508,25.28499984741211,25.2549991607666,25.28499984741211,25.10988998413086,38200.0
IBTP,2026-07-07,25.25,25.25,25.15999984741211,25.167999267578125,24.99370002746582,43700.0
IBTP,2026-07-08,25.1299991607666,25.138999938964844,25.075000762939453,25.114999771118164,24.941068649291992,60300.0
IBTP,2026-07-09,25.139999389648438,25.204999923706055,25.139999389648438,25.16699981689453,24.992708206176758,55900.0
IBTP,2026-07-10,25.18000030517578,25.18000030517578,25.131000518798828,25.155000686645508,24.980792999267578,19300.0
IBTP,2026-07-13,25.1200008392334,25.1200008392334,25.049999237060547,25.05500030517578,24.881484985351562,48700.0
IBTP,2026-07-14,25.1299991607666,25.18000030517578,25.104999542236328,25.1299991607666,24.955963134765625,33200.0
IBTP,2026-07-15,25.139999389648438,25.209999084472656,25.139999389648438,25.19099998474121,25.016542434692383,38600.0
IBTP,2026-07-16,25.139999389648438,25.174999237060547,25.135000228881836,25.174999237060547,25.000652313232422,17300.0
IBTP,2026-07-17,25.25,25.25,25.201000213623047,25.204999923706055,25.030445098876953,20000.0
IBTP,2026-07-20,25.165000915527344,25.165000915527344,25.104999542236328,25.135000228881836,24.96092987060547,32300.0
IBTP,2026-07-21,25.084999084472656,25.094999313354492,25.05500030517578,25.065000534057617,24.891414642333984,69000.0
IBTP,2026-07-22,25.059999465942383,25.059999465942383,25.000999450683594,25.0049991607666,24.831829071044922,44300.0
IBTP,2026-07-23,24.940000534057617,24.954999923706055,24.92799949645996,24.94499969482422,24.772245407104492,155300.0
IBTP,2026-07-24,24.969999313354492,25.040000915527344,24.969999313354492,24.9950008392334,24.821901321411133,68500.0
IBTP,2026-07-27,25.040000915527344,25.075000762939453,25.024999618530273,25.059999465942383,24.886449813842773,32700.0
IBTP,2026-07-28,25.09000015258789,25.149999618530273,25.084999084472656,25.125,24.950998306274414,72000.0
IBTP,2026-07-29,25.09000015258789,25.118999481201172,25.030000686645508,25.03499984741211,24.861621856689453,61700.0
IBTP,2026-07-30,25.059999465942383,25.06999969482422,25.030000686645508,25.052000045776367,24.878503799438477,31700.0
IBTP,2026-07-31,24.979999542236328,24.989999771118164,24.920000076293945,24.968000411987305,24.795085906982422,77700.0
IBTP,2026-08-03,24.93000030517578,24.958999633789062,24.920000076293945,24.94499969482422,24.857866287231445,172200.0
IBTP,2026-08-04,25.030000686645508,25.059999465942383,25.024999618530273,25.047000885009766,24.959510803222656,41700.0
IBTP,2026-08-05,25.040000915527344,25.06999969482422,25.02199935913086,25.065000534057617,24.977447509765625,20600.0
IBTP,2026-08-06,25.030000686645508,25.03499984741211,24.9689998626709,24.981000900268555,24.893741607666016,40900.0
IBTP,2026-08-07,25.06999969482422,25.06999969482422,25.010000228881836,25.03499984741211,24.947551727294922,15400.0
IBTP,2026-08-10,24.979999542236328,24.979999542236328,24.93000030517578,24.934999465942383,24.847900390625,64400.0
IBTP,2026-08-11,24.969999313354492,24.989999771118164,24.95400047302246,24.95800018310547,24.870820999145508,17800.0
IBTP,2026-08-12,25.030000686645508,25.030000686645508,24.975000381469727,24.985000610351562,24.897727966308594,24700.0
IBTP,2026-08-13,25.084999084472656,25.128999710083008,25.06999969482422,25.075000762939453,24.98741340637207,31300.0
IBTP,2026-08-14,25.06999969482422,25.06999969482422,25.0,25.011999130249023,24.924631118774414,37500.0
IBTP,2026-08-17,24.989999771118164,25.010000228881836,24.959999084472656,24.975000381469727,24.88776206970215,68700.0
IBTP,2026-08-18,24.950000762939453,25.0,24.950000762939453,24.98900032043457,24.901714324951172,38000.0
IBTP,2026-08-19,25.09000015258789,25.094999313354492,25.030000686645508,25.089000701904297,25.00136375427246,53000.0
IBTP,2026-08-20,24.979999542236328,25.030000686645508,24.969999313354492,24.9950008392334,24.90769386291504,27300.0
IBTP,2026-08-21,24.979999542236328,24.979999542236328,24.940000534057617,24.950000762939453,24.862850189208984,45500.0
IBTP,2026-08-24,24.986000061035156,25.020000457763672,24.986000061035156,25.0049991607666,24.91765594482422,51200.0
IBTP,2026-08-25,25.075000762939453,25.135000228881836,25.06100082397461,25.128000259399414,25.04022789001465,70400.0
IBTP,2026-08-26,25.079999923706055,25.084999084472656,25.05500030517578,25.06599998474121,24.978445053100586,37700.0
IBTP,2026-08-27,25.059999465942383,25.09000015258789,25.040000915527344,25.045000076293945,24.957517623901367,44600.0
IBTP,2026-08-28,25.045000076293945,25.04800033569336,24.93000030517578,24.937000274658203,24.849895477294922,56400.0
IBTP,2026-08-31,24.913000106811523,24.91900062561035,24.889999389648438,24.906999588012695,24.81999969482422,49100.0
IBTP,2026-09-01,24.790000915527344,24.81999969482422,24.739999771118164,24.7549991607666,24.7549991607666,471100.0
IBTP,2026-09-02,24.760000228881836,24.780000686645508,24.7450008392334,24.774999618530273,24.774999618530273,227000.0
IBTP,2026-09-03,24.850000381469727,24.850000381469727,24.80500030517578,24.80500030517578,24.80500030517578,181500.0
IBTP,2026-09-04,24.799999237060547,24.82900047302246,24.790000915527344,24.795000076293945,24.795000076293945,33900.0
IBTP,2026-09-08,24.799999237060547,24.799999237060547,24.739999771118164,24.764999389648438,24.764999389648438,122800.0
IBTP,2026-09-09,24.7450008392334,24.760000228881836,24.68199920654297,24.69499969482422,24.69499969482422,128200.0
IBTP,2026-09-10,24.56999969482422,24.579999923706055,24.5,24.516000747680664,24.516000747680664,26600.0
IBTP,2026-09-11,24.559999465942383,24.559999465942383,24.46500015258789,24.475000381469727,24.475000381469727,229500.0
IBTP,2026-09-14,24.459999084472656,24.530000686645508,24.415000915527344,24.454999923706055,24.454999923706055,61300.0
IBTP,2026-09-15,24.43000030517578,24.440000534057617,24.399999618530273,24.43000030517578,24.43000030517578,113400.0
IBTP,2026-09-16,24.469999313354492,24.520000457763672,24.389999389648438,24.395000457763672,24.395000457763672,94000.0
IBTP,2026-09-17,24.510000228881836,24.530000686645508,24.489999771118164,24.524999618530273,24.524999618530273,53500.0
IBTP,2026-09-18,24.450000762939453,24.450000762939453,24.410999298095703,24.415000915527344,24.415000915527344,75600.0
IBTP,2026-09-21,24.489999771118164,24.5,24.461999893188477,24.4950008392334,24.4950008392334,69400.0
IBTP,2026-09-22,24.510000228881836,24.524999618530273,24.454999923706055,24.499000549316406,24.499000549316406,59000.0
IBTP,2026-09-23,24.440000534057617,24.440000534057617,24.204999923706055,24.260000228881836,24.260000228881836,74600.0
IBTP,2026-09-24,24.28499984741211,24.290000915527344,24.139999389648438,24.145000457763672,24.145000457763672,110800.0
IBTP,2026-09-25,24.15999984741211,24.225000381469727,24.118000030517578,24.224000930786133,24.224000930786133,51000.0
IBTP,2026-09-28,24.100000381469727,24.13800048828125,24.040000915527344,24.10099983215332,24.10099983215332,101400.0
IBTP,2026-09-29,24.079999923706055,24.09000015258789,24.05500030517578,24.084999084472656,24.084999084472656,11658.0
IBTQ,2026-03-30,25.200000762939453,25.264999389648438,25.200000762939453,25.235000610351562,24.74052619934082,16300.0
IBTQ,2026-03-31,25.308000564575195,25.334999084472656,25.25,25.304000854492188,24.80817413330078,33900.0
IBTQ,2026-04-01,25.204999923706055,25.239999771118164,25.18000030517578,25.190000534057617,24.778663635253906,75700.0
IBTQ,2026-04-02,25.15999984741211,25.260000228881836,25.15999984741211,25.2450008392334,24.832765579223633,12900.0
IBTQ,2026-04-06,25.18000030517578,25.21500015258789,25.149999618530273,25.184999465942383,24.77374267578125,513600.0
IBTQ,2026-04-07,25.200000762939453,25.239999771118164,25.118000030517578,25.229999542236328,24.818008422851562,100000.0
IBTQ,2026-04-08,25.3700008392334,25.3700008392334,25.270000457763672,25.30500030517578,24.891786575317383,29100.0
IBTQ,2026-04-09,25.270000457763672,25.34000015258789,25.229999542236328,25.290000915527344,24.877033233642578,35400.0
IBTQ,2026-04-10,25.270000457763672,25.288000106811523,25.229999542236328,25.260000228881836,24.847522735595703,20300.0
IBTQ,2026-04-13,25.239999771118164,25.295000076293945,25.209999084472656,25.292999267578125,24.879980087280273,54600.0
IBTQ,2026-04-14,25.299999237060547,25.385000228881836,25.28499984741211,25.385000228881836,24.97047996520996,23000.0
IBTQ,2026-04-15,25.360000610351562,25.360000610351562,25.309999465942383,25.325000762939453,24.911460876464844,37400.0
IBTQ,2026-04-16,25.34000015258789,25.350000381469727,25.260000228881836,25.280000686645508,24.86719512939453,37600.0
IBTQ,2026-04-17,25.405000686645508,25.440000534057617,25.389999389648438,25.415000915527344,24.999990463256836,41700.0
IBTQ,2026-04-20,25.391000747680664,25.409000396728516,25.364999771118164,25.405000686645508,24.99015235900879,25900.0
IBTQ,2026-04-21,25.34000015258789,25.360000610351562,25.270000457763672,25.2810001373291,24.86817741394043,26500.0
IBTQ,2026-04-22,25.350000381469727,25.350000381469727,25.299999237060547,25.30500030517578,24.891786575317383,25400.0
IBTQ,2026-04-23,25.31999969482422,25.329999923706055,25.21500015258789,25.264999389648438,24.85243797302246,25100.0
IBTQ,2026-04-24,25.229999542236328,25.31999969482422,25.219999313354492,25.31999969482422,24.90654182434082,36000.0
IBTQ,2026-04-27,25.274999618530273,25.299999237060547,25.229999542236328,25.2549991607666,24.842601776123047,36800.0
IBTQ,2026-04-28,25.219999313354492,25.229999542236328,25.190000534057617,25.225000381469727,24.813091278076172,2121300.0
IBTQ,2026-04-29,25.15999984741211,25.15999984741211,25.100000381469727,25.113000869750977,24.702922821044922,54300.0
IBTQ,2026-04-30,25.16900062561035,25.18000030517578,25.1299991607666,25.136999130249023,24.726530075073242,81300.0
IBTQ,2026-05-01,25.09000015258789,25.190000534057617,25.084999084472656,25.11400032043457,24.766963958740234,26300.0
IBTQ,2026-05-04,25.06999969482422,25.06999969482422,24.983999252319336,25.014999389648438,24.669328689575195,62800.0
IBTQ,2026-05-05,25.049999237060547,25.079999923706055,25.049999237060547,25.059999465942383,24.713708877563477,90800.0
IBTQ,2026-05-06,25.15999984741211,25.190000534057617,25.1560001373291,25.190000534057617,24.8419132232666,64800.0
IBTQ,2026-05-07,25.239999771118164,25.239999771118164,25.100000381469727,25.100000381469727,24.753158569335938,96400.0
IBTQ,2026-05-08,25.190000534057617,25.200000762939453,25.15999984741211,25.15999984741211,24.812328338623047,59600.0
IBTQ,2026-05-11,25.149999618530273,25.149999618530273,25.083999633789062,25.09000015258789,24.743295669555664,34700.0
IBTQ,2026-05-12,25.030000686645508,25.030000686645508,24.989999771118164,24.989999771118164,24.644676208496094,34800.0
IBTQ,2026-05-13,24.9950008392334,25.0,24.94499969482422,24.979999542236328,24.634815216064453,68600.0
IBTQ,2026-05-14,25.049999237060547,25.049999237060547,24.975000381469727,24.975000381469727,24.629884719848633,68000.0
IBTQ,2026-05-15,24.80500030517578,24.825000762939453,24.764999389648438,24.766000747680664,24.42377281188965,80300.0
IBTQ,2026-05-18,24.795000076293945,24.80500030517578,24.719999313354492,24.770999908447266,24.428701400756836,53700.0
IBTQ,2026-05-19,24.65999984741211,24.684999465942383,24.614999771118164,24.655000686645508,24.314306259155273,160900.0
IBTQ,2026-05-20,24.670000076293945,24.84000015258789,24.670000076293945,24.825000762939453,24.481956481933594,53700.0
IBTQ,2026-05-21,24.760000228881836,24.860000610351562,24.739999771118164,24.844999313354492,24.501680374145508,138000.0
IBTQ,2026-05-22,24.920000076293945,24.920000076293945,24.80900001525879,24.899999618530273,24.555919647216797,104500.0
IBTQ,2026-05-26,25.010000228881836,25.010000228881836,24.959999084472656,24.979000091552734,24.63382911682129,31000.0
IBTQ,2026-05-27,25.010000228881836,25.040000915527344,24.989999771118164,25.0049991607666,24.659467697143555,51000.0
IBTQ,2026-05-28,25.010000228881836,25.079999923706055,24.989999771118164,25.05500030517578,24.70878028869629,71800.0
IBTQ,2026-05-29,25.09000015258789,25.117000579833984,25.059999465942383,25.084999084472656,24.73836326599121,50200.0
IBTQ,2026-06-01,24.899999618530273,24.96500015258789,24.8700008392334,24.96500015258789,24.705705642700195,46800.0
IBTQ,2026-06-02,24.9950008392334,25.0,24.969999313354492,24.985000610351562,24.725500106811523,28800.0
IBTQ,2026-06-03,24.920000076293945,24.940000534057617,24.891000747680664,24.915000915527344,24.656227111816406,27000.0
IBTQ,2026-06-04,24.979999542236328,24.979999542236328,24.950000762939453,24.954999923706055,24.695812225341797,61500.0
IBTQ,2026-06-05,24.84000015258789,24.850000381469727,24.809999465942383,24.809999465942383,24.552316665649414,30700.0
IBTQ,2026-06-08,24.8799991607666,24.8799991607666,24.790000915527344,24.799999237060547,24.54241943359375,30800.0
IBTQ,2026-06-09,24.84000015258789,24.8700008392334,24.81999969482422,24.864999771118164,24.60674476623535,41600.0
IBTQ,2026-06-10,24.8700008392334,24.885000228881836,24.81999969482422,24.829999923706055,24.57210922241211,64500.0
IBTQ,2026-06-11,24.8799991607666,25.020000457763672,24.860000610351562,25.014999389648438,24.755186080932617,26600.0
IBTQ,2026-06-12,24.959999084472656,24.969999313354492,24.920000076293945,24.959999084472656,24.70075798034668,32700.0
IBTQ,2026-06-15,25.030000686645508,25.042999267578125,24.982999801635742,24.9950008392334,24.735397338867188,40400.0
IBTQ,2026-06-16,25.010000228881836,25.09000015258789,25.010000228881836,25.075000762939453,24.814565658569336,45900.0
IBTQ,2026-06-17,25.059999465942383,25.079999923706055,24.940000534057617,24.94499969482422,24.685914993286133,71000.0
IBTQ,2026-06-18,25.040000915527344,25.079999923706055,25.020000457763672,25.020000457763672,24.760135650634766,122600.0
IBTQ,2026-06-22,24.959999084472656,24.959999084472656,24.913000106811523,24.934999465942383,24.67601776123047,30400.0
IBTQ,2026-06-23,24.983999252319336,24.9950008392334,24.950000762939453,24.959999084472656,24.70075798034668,36200.0
IBTQ,2026-06-24,25.079999923706055,25.13800048828125,25.077999114990234,25.125,24.864044189453125,31400.0
IBTQ,2026-06-25,25.165000915527344,25.19499969482422,25.139999389648438,25.139999389648438,24.878887176513672,29000.0
IBTQ,2026-06-26,25.165000915527344,25.21500015258789,25.165000915527344,25.200000762939453,24.938268661499023,17600.0
IBTQ,2026-06-29,25.200000762939453,25.219999313354492,25.18400001525879,25.200000762939453,24.938268661499023,31100.0
IBTQ,2026-06-30,25.170000076293945,25.170000076293945,25.079999923706055,25.084999084472656,24.824459075927734,42500.0
IBTQ,2026-07-01,24.969999313354492,24.97100067138672,24.93000030517578,24.944000244140625,24.76786231994629,41700.0
IBTQ,2026-07-02,24.950000762939453,24.989999771118164,24.93000030517578,24.959999084472656,24.783748626708984,35800.0
IBTQ,2026-07-06,24.965999603271484,24.975000381469727,24.940000534057617,24.975000381469727,24.798643112182617,31100.0
IBTQ,2026-07-07,24.920000076293945,24.920000076293945,24.84000015258789,24.844999313354492,24.6695613861084,35900.0
IBTQ,2026-07-08,24.799999237060547,24.809999465942383,24.75,24.788000106811523,24.612964630126953,44600.0
IBTQ,2026-07-09,24.815000534057617,24.875,24.809999465942383,24.844999313354492,24.6695613861084,18600.0
IBTQ,2026-07-10,24.850000381469727,24.850000381469727,24.801000595092773,24.825000762939453,24.649703979492188,15400.0
IBTQ,2026-07-13,24.78499984741211,24.788000106811523,24.725000381469727,24.725000381469727,24.5504093170166,23500.0
IBTQ,2026-07-14,24.809999465942383,24.84000015258789,24.7810001373291,24.795000076293945,24.619915008544922,18400.0
IBTQ,2026-07-15,24.809999465942383,24.878000259399414,24.809999465942383,24.854000091552734,24.678497314453125,36300.0
IBTQ,2026-07-16,24.799999237060547,24.847999572753906,24.799999237060547,24.834999084472656,24.659631729125977,18200.0
IBTQ,2026-07-17,24.91900062561035,24.93000030517578,24.8700008392334,24.875,24.699350357055664,33300.0
IBTQ,2026-07-20,24.825000762939453,24.825000762939453,24.770000457763672,24.795000076293945,24.619915008544922,30800.0
IBTQ,2026-07-21,24.760000228881836,24.760000228881836,24.722999572753906,24.735000610351562,24.560338973999023,22800.0
IBTQ,2026-07-22,24.704999923706055,24.71500015258789,24.670000076293945,24.674999237060547,24.500761032104492,58900.0
IBTQ,2026-07-23,24.59000015258789,24.615999221801758,24.59000015258789,24.610000610351562,24.436222076416016,65200.0
IBTQ,2026-07-24,24.639999389648438,24.700000762939453,24.639999389648438,24.655000686645508,24.48090362548828,40200.0
IBTQ,2026-07-27,24.690000534057617,24.729999542236328,24.690000534057617,24.709999084472656,24.53551483154297,396900.0
IBTQ,2026-07-28,24.739999771118164,24.81999969482422,24.739999771118164,24.795000076293945,24.619915008544922,91700.0
IBTQ,2026-07-29,24.75,24.78499984741211,24.68000030517578,24.684999465942383,24.510692596435547,56300.0
IBTQ,2026-07-30,24.690000534057617,24.71500015258789,24.665000915527344,24.704999923706055,24.530550003051758,42300.0
IBTQ,2026-07-31,24.6200008392334,24.6299991607666,24.565000534057617,24.6299991607666,24.456079483032227,104000.0
IBTQ,2026-08-03,24.57900047302246,24.599000930786133,24.56999969482422,24.575000762939453,24.48896598815918,83200.0
IBTQ,2026-08-04,24.674999237060547,24.709999084472656,24.670000076293945,24.69499969482422,24.608543395996094,29300.0
IBTQ,2026-08-05,24.680999755859375,24.729000091552734,24.68000030517578,24.70599937438965,24.619504928588867,15700.0
IBTQ,2026-08-06,24.68000030517578,24.687000274658203,24.614999771118164,24.625,24.538789749145508,35000.0
IBTQ,2026-08-07,24.71500015258789,24.71500015258789,24.649999618530273,24.68199920654297,24.59558868408203,31700.0
IBTQ,2026-08-10,24.621000289916992,24.625,24.579999923706055,24.584999084472656,24.49892807006836,78100.0
IBTQ,2026-08-11,24.6299991607666,24.635000228881836,24.600000381469727,24.610000610351562,24.523841857910156,35400.0
IBTQ,2026-08-12,24.670000076293945,24.670000076293945,24.618999481201172,24.625,24.538789749145508,34600.0
IBTQ,2026-08-13,24.71500015258789,24.760000228881836,24.709999084472656,24.71500015258789,24.628475189208984,23600.0
IBTQ,2026-08-14,24.690000534057617,24.7189998626709,24.6299991607666,24.645000457763672,24.558719635009766,40100.0
IBTQ,2026-08-17,24.6200008392334,24.639999389648438,24.579999923706055,24.600000381469727,24.513877868652344,61200.0
IBTQ,2026-08-18,24.56999969482422,24.6299991607666,24.565000534057617,24.614999771118164,24.528823852539062,58500.0
IBTQ,2026-08-19,24.729999542236328,24.739999771118164,24.674999237060547,24.733999252319336,24.64740753173828,45600.0
IBTQ,2026-08-20,24.6299991607666,24.670000076293945,24.6200008392334,24.639999389648438,24.553735733032227,44400.0
IBTQ,2026-08-21,24.611000061035156,24.6200008392334,24.56999969482422,24.583999633789062,24.49793243408203,49300.0
IBTQ,2026-08-24,24.639999389648438,24.665000915527344,24.635000228881836,24.639999389648438,24.553735733032227,41200.0
IBTQ,2026-08-25,24.71500015258789,24.780000686645508,24.701000213623047,24.780000686645508,24.693246841430664,67300.0
IBTQ,2026-08-26,24.729999542236328,24.729999542236328,24.700000762939453,24.71500015258789,24.628475189208984,51700.0
IBTQ,2026-08-27,24.729000091552734,24.729999542236328,24.684999465942383,24.69499969482422,24.608543395996094,24400.0
IBTQ,2026-08-28,24.690000534057617,24.700000762939453,24.59000015258789,24.594999313354492,24.508893966674805,46500.0
IBTQ,2026-08-31,24.56999969482422,24.56999969482422,24.540000915527344,24.565000534057617,24.479000091552734,45600.0
IBTQ,2026-09-01,24.43000030517578,24.469999313354492,24.399999618530273,24.405000686645508,24.405000686645508,102800.0
IBTQ,2026-09-02,24.405000686645508,24.43000030517578,24.385000228881836,24.416000366210938,24.416000366210938,117800.0
IBTQ,2026-09-03,24.489999771118164,24.5,24.44499969482422,24.450000762939453,24.450000762939453,187200.0
IBTQ,2026-09-04,24.459999084472656,24.475000381469727,24.434999465942383,24.434999465942383,24.434999465942383,228900.0
IBTQ,2026-09-08,24.43000030517578,24.440000534057617,24.389999389648438,24.415000915527344,24.415000915527344,66300.0
IBTQ,2026-09-09,24.399999618530273,24.409000396728516,24.31999969482422,24.360000610351562,24.360000610351562,57700.0
IBTQ,2026-09-10,24.209999084472656,24.21500015258789,24.135000228881836,24.150999069213867,24.150999069213867,18300.0
IBTQ,2026-09-11,24.209999084472656,24.209999084472656,24.100000381469727,24.104999542236328,24.104999542236328,235700.0
IBTQ,2026-09-14,24.09000015258789,24.160999298095703,24.03499984741211,24.094999313354492,24.094999313354492,82300.0
IBTQ,2026-09-15,24.059999465942383,24.09000015258789,24.045000076293945,24.065000534057617,24.065000534057617,140900.0
IBTQ,2026-09-16,24.100000381469727,24.165000915527344,24.030000686645508,24.04400062561035,24.04400062561035,63300.0
IBTQ,2026-09-17,24.149999618530273,24.18000030517578,24.1299991607666,24.174999237060547,24.174999237060547,97800.0
IBTQ,2026-09-18,24.09000015258789,24.09000015258789,24.049999237060547,24.059999465942383,24.059999465942383,32000.0
IBTQ,2026-09-21,24.139999389648438,24.149999618530273,24.114999771118164,24.149999618530273,24.149999618530273,82200.0
IBTQ,2026-09-22,24.149999618530273,24.18000030517578,24.110000610351562,24.155000686645508,24.155000686645508,144800.0
IBTQ,2026-09-23,24.100000381469727,24.100000381469727,23.84000015258789,23.881000518798828,23.881000518798828,90900.0
IBTQ,2026-09-24,23.905000686645508,23.920000076293945,23.7549991607666,23.7549991607666,23.7549991607666,184400.0
IBTQ,2026-09-25,23.770000457763672,23.829999923706055,23.7189998626709,23.825000762939453,23.825000762939453,45200.0
IBTQ,2026-09-28,23.700000762939453,23.729999542236328,23.6299991607666,23.69499969482422,23.69499969482422,92200.0
IBTQ,2026-09-29,23.690000534057617,23.690000534057617,23.645000457763672,23.665000915527344,23.665000915527344,7349.0
IBTR,2026-03-30,24.959999084472656,25.0,24.950000762939453,24.979999542236328,24.58214569091797,6500.0
IBTR,2026-03-31,25.040000915527344,25.079999923706055,25.030000686645508,25.040000915527344,24.641191482543945,1200.0
IBTR,2026-04-01,25.059999465942383,25.059999465942383,25.0,25.010000228881836,24.61166763305664,1900.0
IBTR,2026-04-02,24.989999771118164,25.079999923706055,24.979999542236328,25.06999969482422,24.670711517333984,10600.0
IBTR,2026-04-06,25.0,25.020000457763672,25.0,25.020000457763672,24.62150764465332,1500.0
IBTR,2026-04-07,24.989999771118164,25.040000915527344,24.920000076293945,25.040000915527344,24.641191482543945,4800.0
IBTR,2026-04-08,25.15999984741211,25.15999984741211,25.100000381469727,25.110000610351562,24.71007537841797,5100.0
IBTR,2026-04-09,25.100000381469727,25.15999984741211,25.06999969482422,25.110000610351562,24.71007537841797,2400.0
IBTR,2026-04-10,25.09000015258789,25.100000381469727,25.059999465942383,25.06999969482422,24.670711517333984,2200.0
IBTR,2026-04-13,25.06999969482422,25.110000610351562,25.040000915527344,25.110000610351562,24.71007537841797,500.0
IBTR,2026-04-14,25.110000610351562,25.200000762939453,25.110000610351562,25.200000762939453,24.798641204833984,1500.0
IBTR,2026-04-15,25.15999984741211,25.15999984741211,25.1200008392334,25.1299991607666,24.729755401611328,4300.0
IBTR,2026-04-16,25.139999389648438,25.139999389648438,25.079999923706055,25.079999923706055,24.680553436279297,300.0
IBTR,2026-04-17,25.219999313354492,25.260000228881836,25.219999313354492,25.229999542236328,24.82816505432129,1500.0
IBTR,2026-04-20,25.229999542236328,25.229999542236328,25.18000030517578,25.219999313354492,24.818323135375977,600.0
IBTR,2026-04-21,25.170000076293945,25.170000076293945,25.09000015258789,25.09000015258789,24.690391540527344,800.0
IBTR,2026-04-22,25.170000076293945,25.170000076293945,25.1200008392334,25.1200008392334,24.71991539001465,2600.0
IBTR,2026-04-23,25.149999618530273,25.149999618530273,25.079999923706055,25.079999923706055,24.680553436279297,500.0
IBTR,2026-04-24,25.040000915527344,25.1299991607666,25.040000915527344,25.1299991607666,24.729755401611328,4300.0
IBTR,2026-04-27,25.100000381469727,25.100000381469727,25.049999237060547,25.059999465942383,24.66086769104004,3100.0
IBTR,2026-04-28,25.040000915527344,25.040000915527344,25.040000915527344,25.040000915527344,24.641191482543945,100.0
IBTR,2026-04-29,24.950000762939453,24.950000762939453,24.920000076293945,24.920000076293945,24.523101806640625,2600.0
IBTR,2026-04-30,24.979999542236328,24.989999771118164,24.959999084472656,24.959999084472656,24.562463760375977,1900.0
IBTR,2026-05-01,24.950000762939453,24.950000762939453,24.889999389648438,24.889999389648438,24.58616828918457,1800.0
IBTR,2026-05-04,24.850000381469727,24.850000381469727,24.780000686645508,24.790000915527344,24.487390518188477,7100.0
IBTR,2026-05-05,24.81999969482422,24.860000610351562,24.81999969482422,24.829999923706055,24.52690315246582,5400.0
IBTR,2026-05-06,24.979999542236328,24.979999542236328,24.959999084472656,24.969999313354492,24.665193557739258,3900.0
IBTR,2026-05-07,24.8799991607666,24.8799991607666,24.8799991607666,24.8799991607666,24.576290130615234,100.0
IBTR,2026-05-08,24.969999313354492,25.06999969482422,24.940000534057617,24.950000762939453,24.64543914794922,12000.0
IBTR,2026-05-11,24.920000076293945,24.920000076293945,24.8700008392334,24.8700008392334,24.566417694091797,7400.0
IBTR,2026-05-12,24.790000915527344,24.799999237060547,24.770000457763672,24.770000457763672,24.467634201049805,8500.0
IBTR,2026-05-13,24.760000228881836,24.770000457763672,24.739999771118164,24.760000228881836,24.4577579498291,6000.0
IBTR,2026-05-14,24.829999923706055,24.829999923706055,24.780000686645508,24.780000686645508,24.47751235961914,24700.0
IBTR,2026-05-15,24.579999923706055,24.600000381469727,24.540000915527344,24.540000915527344,24.24044418334961,8100.0
IBTR,2026-05-18,24.600000381469727,24.600000381469727,24.5,24.540000915527344,24.24044418334961,8600.0
IBTR,2026-05-19,24.43000030517578,24.450000762939453,24.389999389648438,24.40999984741211,24.112030029296875,15200.0
IBTR,2026-05-20,24.489999771118164,24.610000610351562,24.43000030517578,24.610000610351562,24.309587478637695,6900.0
IBTR,2026-05-21,24.520000457763672,24.6200008392334,24.510000228881836,24.6200008392334,24.319467544555664,2000.0
IBTR,2026-05-22,24.649999618530273,24.65999984741211,24.600000381469727,24.649999618530273,24.349098205566406,18200.0
IBTR,2026-05-26,24.799999237060547,24.799999237060547,24.739999771118164,24.760000228881836,24.4577579498291,1200.0
IBTR,2026-05-27,24.809999465942383,24.81999969482422,24.799999237060547,24.799999237060547,24.49726676940918,7000.0
IBTR,2026-05-28,24.780000686645508,24.860000610351562,24.780000686645508,24.860000610351562,24.556537628173828,2700.0
IBTR,2026-05-29,24.860000610351562,24.90999984741211,24.850000381469727,24.850000381469727,24.546659469604492,42600.0
IBTR,2026-06-01,24.690000534057617,24.770000457763672,24.670000076293945,24.770000457763672,24.538734436035156,10300.0
IBTR,2026-06-02,24.81999969482422,24.81999969482422,24.790000915527344,24.790000915527344,24.55854606628418,2200.0
IBTR,2026-06-03,24.739999771118164,24.739999771118164,24.700000762939453,24.729999542236328,24.49910545349121,6700.0
IBTR,2026-06-04,24.780000686645508,24.790000915527344,24.760000228881836,24.760000228881836,24.528827667236328,2300.0
IBTR,2026-06-05,24.649999618530273,24.649999618530273,24.6299991607666,24.639999389648438,24.40994644165039,3200.0
IBTR,2026-06-08,24.639999389648438,24.639999389648438,24.600000381469727,24.600000381469727,24.37032127380371,46300.0
IBTR,2026-06-09,24.639999389648438,24.670000076293945,24.6299991607666,24.670000076293945,24.439668655395508,6300.0
IBTR,2026-06-10,24.690000534057617,24.690000534057617,24.6299991607666,24.639999389648438,24.40994644165039,21100.0
IBTR,2026-06-11,24.700000762939453,24.829999923706055,24.68000030517578,24.81999969482422,24.588266372680664,6900.0
IBTR,2026-06-12,24.760000228881836,24.790000915527344,24.739999771118164,24.770000457763672,24.538734436035156,25200.0
IBTR,2026-06-15,24.84000015258789,24.850000381469727,24.799999237060547,24.809999465942383,24.578359603881836,5300.0
IBTR,2026-06-16,24.829999923706055,24.889999389648438,24.829999923706055,24.8700008392334,24.637800216674805,5400.0
IBTR,2026-06-17,24.8700008392334,24.889999389648438,24.760000228881836,24.760000228881836,24.528827667236328,1700.0
IBTR,2026-06-18,24.8799991607666,24.899999618530273,24.84000015258789,24.84000015258789,24.608078002929688,8700.0
IBTR,2026-06-22,24.780000686645508,24.780000686645508,24.739999771118164,24.75,24.518918991088867,24800.0
IBTR,2026-06-23,24.790000915527344,24.790000915527344,24.770000457763672,24.780000686645508,24.54863929748535,300.0
IBTR,2026-06-24,24.8700008392334,24.969999313354492,24.8700008392334,24.950000762939453,24.71705436706543,7200.0
IBTR,2026-06-25,25.020000457763672,25.020000457763672,24.969999313354492,24.969999313354492,24.73686408996582,400.0
IBTR,2026-06-26,24.989999771118164,25.030000686645508,24.989999771118164,25.030000686645508,24.796306610107422,3600.0
IBTR,2026-06-29,25.030000686645508,25.049999237060547,25.020000457763672,25.040000915527344,24.80621337890625,1500.0
IBTR,2026-06-30,24.989999771118164,24.989999771118164,24.899999618530273,24.899999618530273,24.66752052307129,2900.0
IBTR,2026-07-01,24.770000457763672,24.790000915527344,24.760000228881836,24.760000228881836,24.60788917541504,6700.0
IBTR,2026-07-02,24.770000457763672,24.799999237060547,24.739999771118164,24.780000686645508,24.627765655517578,7900.0
IBTR,2026-07-06,24.770000457763672,24.790000915527344,24.75,24.790000915527344,24.637704849243164,9400.0
IBTR,2026-07-07,24.700000762939453,24.719999313354492,24.65999984741211,24.65999984741211,24.508501052856445,6200.0
IBTR,2026-07-08,24.600000381469727,24.600000381469727,24.559999465942383,24.59000015258789,24.438932418823242,7700.0
IBTR,2026-07-09,24.6200008392334,24.68000030517578,24.6200008392334,24.65999984741211,24.508501052856445,10600.0
IBTR,2026-07-10,24.65999984741211,24.65999984741211,24.6200008392334,24.6299991607666,24.47868537902832,3200.0
IBTR,2026-07-13,24.610000610351562,24.610000610351562,24.530000686645508,24.530000686645508,24.379302978515625,16200.0
IBTR,2026-07-14,24.6200008392334,24.639999389648438,24.59000015258789,24.59000015258789,24.438932418823242,28300.0
IBTR,2026-07-15,24.65999984741211,24.65999984741211,24.649999618530273,24.649999618530273,24.498563766479492,5600.0
IBTR,2026-07-16,24.59000015258789,24.639999389648438,24.579999923706055,24.6299991607666,24.47868537902832,7500.0
IBTR,2026-07-17,24.729999542236328,24.739999771118164,24.670000076293945,24.670000076293945,24.518442153930664,11100.0
IBTR,2026-07-20,24.65999984741211,24.65999984741211,24.56999969482422,24.59000015258789,24.438932418823242,2600.0
IBTR,2026-07-21,24.549999237060547,24.559999465942383,24.530000686645508,24.540000915527344,24.389240264892578,3900.0
IBTR,2026-07-22,24.489999771118164,24.489999771118164,24.489999771118164,24.489999771118164,24.33954620361328,4600.0
IBTR,2026-07-23,24.450000762939453,24.450000762939453,24.3799991607666,24.40999984741211,24.260038375854492,134200.0
IBTR,2026-07-24,24.469999313354492,24.489999771118164,24.440000534057617,24.440000534057617,24.289854049682617,12500.0
IBTR,2026-07-27,24.489999771118164,24.520000457763672,24.489999771118164,24.510000228881836,24.35942268371582,3300.0
IBTR,2026-07-28,24.579999923706055,24.6200008392334,24.579999923706055,24.600000381469727,24.448871612548828,12100.0
IBTR,2026-07-29,24.559999465942383,24.559999465942383,24.469999313354492,24.469999313354492,24.319669723510742,2400.0
IBTR,2026-07-30,24.5,24.5,24.469999313354492,24.479999542236328,24.329608917236328,3200.0
IBTR,2026-07-31,24.440000534057617,24.440000534057617,24.34000015258789,24.389999389648438,24.240161895751953,18000.0
IBTR,2026-08-03,24.399999618530273,24.399999618530273,24.3799991607666,24.389999389648438,24.30693244934082,9100.0
IBTR,2026-08-04,24.489999771118164,24.520000457763672,24.489999771118164,24.510000228881836,24.426523208618164,20000.0
IBTR,2026-08-05,24.5,24.520000457763672,24.5,24.520000457763672,24.43648910522461,2100.0
IBTR,2026-08-06,24.489999771118164,24.5,24.440000534057617,24.440000534057617,24.356761932373047,11600.0
IBTR,2026-08-07,24.520000457763672,24.520000457763672,24.489999771118164,24.489999771118164,24.406591415405273,1000.0
IBTR,2026-08-10,24.43000030517578,24.43000030517578,24.3700008392334,24.3700008392334,24.28700065612793,16600.0
IBTR,2026-08-11,24.43000030517578,24.43000030517578,24.40999984741211,24.40999984741211,24.32686424255371,4000.0
IBTR,2026-08-12,24.450000762939453,24.450000762939453,24.420000076293945,24.420000076293945,24.336830139160156,5400.0
IBTR,2026-08-13,24.520000457763672,24.56999969482422,24.510000228881836,24.510000228881836,24.426523208618164,5000.0
IBTR,2026-08-14,24.5,24.5,24.420000076293945,24.440000534057617,24.356761932373047,18600.0
IBTR,2026-08-17,24.40999984741211,24.440000534057617,24.3799991607666,24.3799991607666,24.296964645385742,23700.0
IBTR,2026-08-18,24.389999389648438,24.420000076293945,24.389999389648438,24.420000076293945,24.336830139160156,24400.0
IBTR,2026-08-19,24.520000457763672,24.540000915527344,24.489999771118164,24.530000686645508,24.446456909179688,15100.0
IBTR,2026-08-20,24.420000076293945,24.469999313354492,24.420000076293945,24.43000030517578,24.3467960357666,3000.0
IBTR,2026-08-21,24.40999984741211,24.40999984741211,24.3799991607666,24.3799991607666,24.296964645385742,6700.0
IBTR,2026-08-24,24.43000030517578,25.149999618530273,24.43000030517578,24.440000534057617,24.356761932373047,2800.0
IBTR,2026-08-25,24.56999969482422,24.59000015258789,24.56999969482422,24.59000015258789,24.506250381469727,11000.0
IBTR,2026-08-26,24.540000915527344,24.540000915527344,24.510000228881836,24.530000686645508,24.446456909179688,4400.0
IBTR,2026-08-27,24.540000915527344,24.549999237060547,24.5,24.510000228881836,24.426523208618164,29400.0
IBTR,2026-08-28,24.510000228881836,24.510000228881836,24.40999984741211,24.420000076293945,24.336830139160156,12700.0
IBTR,2026-08-31,24.469999313354492,24.469999313354492,24.360000610351562,24.3700008392334,24.28700065612793,7700.0
IBTR,2026-09-01,24.25,24.270000457763672,24.209999084472656,24.209999084472656,24.209999084472656,14500.0
IBTR,2026-09-02,24.229999542236328,24.229999542236328,24.209999084472656,24.229999542236328,24.229999542236328,18500.0
IBTR,2026-09-03,24.299999237060547,24.309999465942383,24.260000228881836,24.260000228881836,24.260000228881836,7600.0
IBTR,2026-09-04,24.309999465942383,24.309999465942383,24.25,24.260000228881836,24.260000228881836,8800.0
IBTR,2026-09-08,24.25,24.25,24.200000762939453,24.229999542236328,24.229999542236328,9500.0
IBTR,2026-09-09,24.229999542236328,24.229999542236328,24.1299991607666,24.15999984741211,24.15999984741211,31300.0
IBTR,2026-09-10,24.020000457763672,24.040000915527344,23.93000030517578,23.950000762939453,23.950000762939453,78400.0
IBTR,2026-09-11,24.020000457763672,24.020000457763672,23.940000534057617,23.940000534057617,23.940000534057617,82300.0
IBTR,2026-09-14,23.899999618530273,23.979999542236328,23.860000610351562,23.899999618530273,23.899999618530273,35700.0
IBTR,2026-09-15,23.8700008392334,23.889999389648438,23.84000015258789,23.8799991607666,23.8799991607666,121900.0
IBTR,2026-09-16,23.90999984741211,23.969999313354492,23.850000381469727,23.8700008392334,23.8700008392334,574900.0
IBTR,2026-09-17,23.969999313354492,24.0,23.950000762939453,23.989999771118164,23.989999771118164,20000.0
IBTR,2026-09-18,23.90999984741211,23.90999984741211,23.8799991607666,23.889999389648438,23.889999389648438,43800.0
IBTR,2026-09-21,23.959999084472656,23.979999542236328,23.950000762939453,23.969999313354492,23.969999313354492,17000.0
IBTR,2026-09-22,23.989999771118164,23.989999771118164,23.940000534057617,23.989999771118164,23.989999771118164,28800.0
IBTR,2026-09-23,23.899999618530273,23.899999618530273,23.65999984741211,23.700000762939453,23.700000762939453,63800.0
IBTR,2026-09-24,23.719999313354492,23.729999542236328,23.579999923706055,23.59000015258789,23.59000015258789,155400.0
IBTR,2026-09-25,23.56999969482422,23.6299991607666,23.5,23.6299991607666,23.6299991607666,85100.0
IBTR,2026-09-28,23.479999542236328,23.520000457763672,23.43000030517578,23.489999771118164,23.489999771118164,45900.0
IBTR,2026-09-29,23.479999542236328,23.479999542236328,23.43000030517578,23.459999084472656,23.459999084472656,8759.0
VT,2026-03-30,135.83999633789062,135.94000244140625,133.64999389648438,134.19000244140625,133.36436462402344,4883100.0
VT,2026-03-31,135.74000549316406,138.47999572753906,135.42999267578125,138.32000732421875,137.4689483642578,8261900.0
VT,2026-04-01,139.33999633789062,140.49000549316406,139.22999572753906,139.69000244140625,138.8305206298828,3990700.0
VT,2026-04-02,137.24000549316406,139.91000366210938,136.97999572753906,139.3699951171875,138.51248168945312,2973800.0
VT,2026-04-06,139.86000061035156,140.30999755859375,139.42999267578125,140.07000732421875,139.20819091796875,2548900.0
VT,2026-04-07,139.52000427246094,140.25999450683594,138.2899932861328,140.1300048828125,139.26780700683594,3542000.0
VT,2026-04-08,144.7100067138672,145.2899932861328,143.72999572753906,144.5800018310547,143.6904296875,6111500.0
VT,2026-04-09,143.85000610351562,145.35000610351562,143.57000732421875,144.9499969482422,144.0581512451172,3965000.0
VT,2026-04-10,145.3800048828125,145.66000366210938,144.72000122070312,144.97999572753906,144.0879669189453,2317400.0
VT,2026-04-13,144.42999267578125,146.4600067138672,144.1699981689453,146.39999389648438,145.49923706054688,4455900.0
VT,2026-04-14,146.94000244140625,148.17999267578125,146.94000244140625,148.08999633789062,147.1788330078125,3059500.0
VT,2026-04-15,147.88999938964844,148.7100067138672,147.72999572753906,148.6199951171875,147.70558166503906,2622700.0
VT,2026-04-16,148.92999267578125,149.10000610351562,148.35000610351562,148.7899932861328,147.87452697753906,2329000.0
VT,2026-04-17,150.25999450683594,151.44000244140625,150.1300048828125,150.83999633789062,149.9119110107422,3111100.0
VT,2026-04-20,150.25,150.5800018310547,149.77000427246094,150.47999572753906,149.5541229248047,3183300.0
VT,2026-04-21,150.52000427246094,150.69000244140625,148.52000427246094,148.75999450683594,147.84471130371094,2473100.0
VT,2026-04-22,149.86000061035156,150.1300048828125,149.66000366210938,150.10000610351562,149.1764678955078,1863900.0
VT,2026-04-23,149.7100067138672,150.14999389648438,147.6999969482422,149.14999389648438,148.23231506347656,3382900.0
VT,2026-04-24,149.72000122070312,150.4199981689453,149.27999877929688,150.33999633789062,149.4149932861328,4861300.0
VT,2026-04-27,150.35000610351562,150.5500030517578,149.9199981689453,150.32000732421875,149.39512634277344,2892900.0
VT,2026-04-28,149.61000061035156,149.83999633789062,148.88999938964844,149.4600067138672,148.54042053222656,1857100.0
VT,2026-04-29,149.50999450683594,149.50999450683594,148.3000030517578,148.94000244140625,148.0236053466797,2203600.0
VT,2026-04-30,149.83999633789062,151.3800048828125,149.39999389648438,151.1999969482422,150.2696990966797,4025100.0
VT,2026-05-01,151.60000610351562,152.39999389648438,151.3300018310547,151.44000244140625,150.5082244873047,2817700.0
VT,2026-05-04,151.2899932861328,151.72000122070312,150.00999450683594,150.55999755859375,149.63363647460938,2609800.0
VT,2026-05-05,151.6699981689453,152.42999267578125,151.5500030517578,152.1199951171875,151.1840362548828,2451800.0
VT,2026-05-06,154.1300048828125,155.1699981689453,153.91000366210938,155.05999755859375,154.10594177246094,2151100.0
VT,2026-05-07,155.27000427246094,155.30999755859375,153.4499969482422,153.72000122070312,152.77420043945312,2744800.0
VT,2026-05-08,154.94000244140625,155.27000427246094,154.6999969482422,155.17999267578125,154.22520446777344,2360700.0
VT,2026-05-11,155.3300018310547,155.6300048828125,155.0,155.32000732421875,154.36436462402344,2164600.0
VT,2026-05-12,154.24000549316406,154.50999450683594,152.97999572753906,154.35000610351562,153.4003143310547,2307800.0
VT,2026-05-13,154.4199981689453,155.57000732421875,154.00999450683594,155.39999389648438,154.44384765625,1550500.0
VT,2026-05-14,155.55999755859375,156.4199981689453,155.35000610351562,156.02000427246094,155.06004333496094,2520100.0
VT,2026-05-15,154.19000244140625,154.3000030517578,153.22000122070312,153.52000427246094,152.575439453125,3071500.0
VT,2026-05-18,154.02000427246094,154.41000366210938,152.61000061035156,153.7100067138672,152.76426696777344,2650000.0
VT,2026-05-19,152.72000122070312,153.5,152.02999877929688,152.6300048828125,151.69090270996094,2543900.0
VT,2026-05-20,152.94000244140625,154.77000427246094,152.72000122070312,154.6300048828125,153.6785888671875,2038400.0
VT,2026-05-21,154.11000061035156,155.7100067138672,153.72000122070312,155.2100067138672,154.25503540039062,2375200.0
VT,2026-05-22,155.6999969482422,156.2899932861328,155.32000732421875,155.57000732421875,154.61282348632812,2565600.0
VT,2026-05-26,157.3800048828125,157.6300048828125,156.89999389648438,157.3800048828125,156.41168212890625,2407900.0
VT,2026-05-27,157.5,157.58999633789062,156.72999572753906,157.16000366210938,156.1930389404297,4252100.0
VT,2026-05-28,156.72000122070312,158.00999450683594,156.47000122070312,157.8699951171875,156.89865112304688,3263200.0
VT,2026-05-29,158.13999938964844,158.52999877929688,157.8000030517578,158.1199951171875,157.14710998535156,5118100.0
VT,2026-06-01,158.0399932861328,159.1699981689453,157.5,158.60000610351562,157.62417602539062,3407100.0
VT,2026-06-02,158.64999389648438,159.41000366210938,158.4199981689453,159.35000610351562,158.36956787109375,2967600.0
VT,2026-06-03,159.0,159.0,157.80999755859375,157.9499969482422,156.97816467285156,3336600.0
VT,2026-06-04,157.57000732421875,158.75,157.4600067138672,158.5399932861328,157.5645294189453,2216100.0
VT,2026-06-05,157.08999633789062,157.08999633789062,153.22999572753906,153.67999267578125,152.73443603515625,3986400.0
VT,2026-06-08,155.16000366210938,155.60000610351562,154.2100067138672,154.47999572753906,153.52952575683594,5059000.0
VT,2026-06-09,155.74000549316406,156.55999755859375,151.1999969482422,154.3000030517578,153.3506317138672,5115600.0
VT,2026-06-10,153.3699951171875,154.57000732421875,151.8800048828125,151.9199981689453,150.9852752685547,5763500.0
VT,2026-06-11,152.9199981689453,155.8800048828125,152.24000549316406,155.61000061035156,154.65257263183594,4852900.0
VT,2026-06-12,155.89999389648438,156.83999633789062,154.9199981689453,156.2899932861328,155.32838439941406,8980200.0
VT,2026-06-15,158.75999450683594,159.1999969482422,158.5,158.72000122070312,157.74343872070312,4689200.0
VT,2026-06-16,158.88999938964844,159.1699981689453,157.9199981689453,157.99000549316406,157.01792907714844,6737700.0
VT,2026-06-17,158.4600067138672,158.86000061035156,156.1300048828125,156.41000366210938,155.44766235351562,3620600.0
VT,2026-06-18,157.7899932861328,157.9499969482422,157.1199951171875,157.66000366210938,157.25601196289062,1976600.0
VT,2026-06-22,157.88999938964844,158.42999267578125,157.27000427246094,157.55999755859375,157.15625,2718900.0
VT,2026-06-23,154.4199981689453,155.60000610351562,154.2100067138672,154.3300018310547,153.93453979492188,3432200.0
VT,2026-06-24,154.5800018310547,155.33999633789062,153.6699981689453,154.25999450683594,153.86471557617188,3436800.0
VT,2026-06-25,155.83999633789062,156.69000244140625,154.0,154.85000610351562,154.4532012939453,3836700.0
VT,2026-06-26,153.6199951171875,155.13999938964844,153.25999450683594,153.9499969482422,153.55551147460938,4824200.0
VT,2026-06-29,155.16000366210938,155.91000366210938,153.8800048828125,155.8300018310547,155.43069458007812,2903400.0
VT,2026-06-30,155.99000549316406,157.1999969482422,155.86000061035156,156.9499969482422,156.54782104492188,3835400.0
VT,2026-07-01,156.19000244140625,156.99000549316406,155.6999969482422,156.1199951171875,155.71994018554688,3083300.0
VT,2026-07-02,156.77999877929688,157.7899932861328,154.97999572753906,156.1699981689453,155.7698211669922,2264400.0
VT,2026-07-06,157.25999450683594,158.0399932861328,157.05999755859375,157.80999755859375,157.40560913085938,2578500.0
VT,2026-07-07,157.27999877929688,157.44000244140625,155.9499969482422,156.33999633789062,155.9393768310547,1929500.0
VT,2026-07-08,155.14999389648438,155.9199981689453,154.25999450683594,155.80999755859375,155.41073608398438,1900400.0
VT,2026-07-09,156.3300018310547,157.24000549316406,156.0500030517578,157.0,156.59768676757812,1660600.0
VT,2026-07-10,157.2100067138672,157.72999572753906,156.2899932861328,157.6300048828125,157.22608947753906,1760500.0
VT,2026-07-13,156.7100067138672,156.94000244140625,155.57000732421875,155.80999755859375,155.41073608398438,2388400.0
VT,2026-07-14,156.63999938964844,157.25999450683594,156.3300018310547,156.77999877929688,156.3782501220703,1744200.0
VT,2026-07-15,157.25,157.50999450683594,156.2100067138672,157.2899932861328,156.88694763183594,1960600.0
VT,2026-07-16,156.4499969482422,156.9499969482422,155.66000366210938,156.1300048828125,155.7299346923828,1890000.0
VT,2026-07-17,154.24000549316406,155.42999267578125,153.85000610351562,154.77999877929688,154.3833770751953,2361300.0
VT,2026-07-20,155.38999938964844,155.69000244140625,154.17999267578125,154.2899932861328,153.89463806152344,2124200.0
VT,2026-07-21,155.5500030517578,156.3000030517578,155.10000610351562,156.13999938964844,155.73989868164062,1458800.0
VT,2026-07-22,155.86000061035156,156.49000549316406,155.77999877929688,156.02000427246094,155.62020874023438,1448600.0
VT,2026-07-23,154.27000427246094,155.10000610351562,153.55999755859375,154.30999755859375,153.91458129882812,2084500.0
VT,2026-07-24,154.39999389648438,155.2899932861328,153.8800048828125,154.1999969482422,153.80487060546875,2944200.0
VT,2026-07-27,155.47999572753906,155.74000549316406,153.67999267578125,154.4499969482422,154.05422973632812,4989400.0
VT,2026-07-28,153.8800048828125,154.82000732421875,153.24000549316406,154.35000610351562,153.95448303222656,2579800.0
VT,2026-07-29,153.97999572753906,154.97999572753906,152.1300048828125,152.22000122070312,151.82994079589844,4036100.0
VT,2026-07-30,153.97999572753906,155.57000732421875,153.77000427246094,155.4499969482422,155.05166625976562,2716700.0
VT,2026-07-31,155.97999572753906,156.25,154.25,155.86000061035156,155.4606170654297,3216800.0
VT,2026-08-03,156.39999389648438,157.72000122070312,156.19000244140625,157.61000061035156,157.2061309814453,2439300.0
VT,2026-08-04,158.58999633789062,160.77999877929688,158.50999450683594,160.4499969482422,160.03884887695312,2839000.0
VT,2026-08-05,161.33999633789062,162.0,160.1199951171875,160.1699981689453,159.7595672607422,2386000.0
VT,2026-08-06,160.10000610351562,160.67999267578125,159.77000427246094,159.9199981689453,159.5102081298828,4295900.0
VT,2026-08-07,161.00999450683594,161.3800048828125,160.52999877929688,161.3000030517578,160.8866729736328,2952700.0
VT,2026-08-10,161.0,161.35000610351562,160.85000610351562,160.97000122070312,160.55752563476562,2425900.0
VT,2026-08-11,161.4499969482422,161.5399932861328,160.5399932861328,160.82000732421875,160.4079132080078,1646000.0
VT,2026-08-12,161.89999389648438,162.0,161.3300018310547,161.52999877929688,161.1160888671875,3041600.0
VT,2026-08-13,161.9199981689453,162.67999267578125,161.82000732421875,162.38999938964844,161.973876953125,2324400.0
VT,2026-08-14,162.55999755859375,162.7100067138672,162.00999450683594,162.25,161.83424377441406,1925400.0
VT,2026-08-17,162.27000427246094,162.55999755859375,161.77000427246094,161.8300018310547,161.41531372070312,3566300.0
VT,2026-08-18,160.80999755859375,161.02999877929688,160.0,160.05999755859375,159.6498565673828,1975500.0
VT,2026-08-19,161.00999450683594,161.3699951171875,160.5399932861328,160.6999969482422,160.2882080078125,2481500.0
VT,2026-08-20,160.3300018310547,160.8300018310547,159.80999755859375,159.92999267578125,159.52017211914062,2072600.0
VT,2026-08-21,160.89999389648438,161.1699981689453,160.4600067138672,160.77000427246094,160.3580322265625,1548400.0
VT,2026-08-24,160.47999572753906,160.5,159.77999877929688,160.10000610351562,159.68975830078125,1824900.0
VT,2026-08-25,160.8800048828125,161.0500030517578,160.32000732421875,160.99000549316406,160.5774688720703,2568700.0
VT,2026-08-26,160.92999267578125,161.2899932861328,160.5800018310547,160.8699951171875,160.45777893066406,1373000.0
VT,2026-08-27,161.16000366210938,161.75999450683594,160.9199981689453,161.57000732421875,161.15599060058594,2014900.0
VT,2026-08-28,161.77000427246094,162.1999969482422,160.75999450683594,161.00999450683594,160.597412109375,1592800.0
VT,2026-08-31,160.97000122070312,161.0,160.1699981689453,160.5500030517578,160.1385955810547,2024700.0
VT,2026-09-01,159.60000610351562,160.14999389648438,158.91000366210938,159.30999755859375,158.90176391601562,1965200.0
VT,2026-09-02,159.5,160.1999969482422,159.44000244140625,160.11000061035156,159.69972229003906,1621900.0
VT,2026-09-03,160.89999389648438,161.9199981689453,160.6199951171875,161.75999450683594,161.34548950195312,1588400.0
VT,2026-09-04,161.36000061035156,161.97000122070312,161.36000061035156,161.72999572753906,161.31556701660156,1529500.0
VT,2026-09-08,161.6999969482422,161.74000549316406,160.80999755859375,160.9199981689453,160.5076446533203,1620100.0
VT,2026-09-09,160.64999389648438,160.6999969482422,159.6999969482422,159.88999938964844,159.48028564453125,1676400.0
VT,2026-09-10,159.05999755859375,159.2100067138672,158.41000366210938,158.52999877929688,158.12376403808594,1593200.0
VT,2026-09-11,160.02000427246094,160.33999633789062,159.75999450683594,159.94000244140625,159.53016662597656,2083900.0
VT,2026-09-14,158.6300048828125,159.39999389648438,158.0800018310547,158.72999572753906,158.32325744628906,2604100.0
VT,2026-09-15,158.5500030517578,158.6999969482422,157.66000366210938,158.02999877929688,157.6250457763672,2692000.0
VT,2026-09-16,158.6699981689453,159.02000427246094,156.47999572753906,157.41000366210938,157.00665283203125,1969700.0
VT,2026-09-17,159.3699951171875,159.5,158.94000244140625,159.22000122070312,158.81201171875,1452800.0
VT,2026-09-18,158.55999755859375,158.6300048828125,157.88999938964844,158.5500030517578,158.5500030517578,3030900.0
VT,2026-09-21,159.97999572753906,161.1999969482422,159.77000427246094,160.88999938964844,160.88999938964844,2519400.0
VT,2026-09-22,161.08999633789062,161.5500030517578,160.72999572753906,161.24000549316406,161.24000549316406,3841400.0
VT,2026-09-23,160.66000366210938,160.66000366210938,159.10000610351562,159.3300018310547,159.3300018310547,4290100.0
VT,2026-09-24,158.6699981689453,159.5,158.25,159.0500030517578,159.0500030517578,2058500.0
VT,2026-09-25,159.5500030517578,160.25,159.0399932861328,160.02999877929688,160.02999877929688,2843500.0
VT,2026-09-28,159.24000549316406,159.5800018310547,158.24000549316406,158.80999755859375,158.80999755859375,2629900.0
VT,2026-09-29,158.75,158.80999755859375,158.36000061035156,158.52999877929688,158.52999877929688,1630160.0
VTI,2026-03-30,315.8999938964844,316.0,310.3999938964844,311.67999267578125,310.0036315917969,6510900.0
VTI,2026-03-31,315.3500061035156,321.5199890136719,314.75,320.80999755859375,319.0845642089844,6764000.0
VTI,2026-04-01,322.9100036621094,325.0899963378906,322.2799987792969,323.239990234375,321.50146484375,5540500.0
VTI,2026-04-02,318.9700012207031,324.8999938964844,318.2300109863281,323.760009765625,322.0187072753906,3653400.0
VTI,2026-04-06,323.95001220703125,325.6199951171875,323.5899963378906,325.2099914550781,323.46087646484375,4401900.0
VTI,2026-04-07,324.2200012207031,325.5799865722656,321.4700012207031,325.42999267578125,323.6796875,3567500.0
VTI,2026-04-08,334.19000244140625,334.4800109863281,331.5799865722656,333.70001220703125,331.9052429199219,5384300.0
VTI,2026-04-09,333.30999755859375,336.1300048828125,332.44000244140625,335.45001220703125,333.64581298828125,3436800.0
VTI,2026-04-10,336.1300048828125,336.54998779296875,334.57000732421875,335.04998779296875,333.2479553222656,2581300.0
VTI,2026-04-13,333.94000244140625,338.739990234375,333.6400146484375,338.6700134277344,336.8485107421875,3027300.0
VTI,2026-04-14,339.79998779296875,342.7799987792969,339.6000061035156,342.6499938964844,340.80706787109375,3380500.0
VTI,2026-04-15,343.25,345.4100036621094,342.6099853515625,345.239990234375,343.3831481933594,3978500.0
VTI,2026-04-16,345.70001220703125,346.6400146484375,344.55999755859375,346.0299987792969,344.1689147949219,3837300.0
VTI,2026-04-17,348.42999267578125,351.75,348.17999267578125,350.5299987792969,348.6446838378906,4258500.0
VTI,2026-04-20,349.8999938964844,350.6099853515625,348.8399963378906,350.2099914550781,348.326416015625,4054100.0
VTI,2026-04-21,351.04998779296875,351.739990234375,347.1700134277344,347.8399963378906,345.9691467285156,4910100.0
VTI,2026-04-22,350.30999755859375,351.30999755859375,349.95001220703125,351.2200012207031,349.33099365234375,2486000.0
VTI,2026-04-23,350.5199890136719,351.69000244140625,346.54998779296875,349.79998779296875,347.91864013671875,3366700.0
VTI,2026-04-24,350.8699951171875,352.3699951171875,349.6700134277344,352.04998779296875,350.1565246582031,2705700.0
VTI,2026-04-27,352.0,352.80999755859375,351.2799987792969,352.5299987792969,350.6339416503906,2814200.0
VTI,2026-04-28,351.19000244140625,351.6099853515625,349.489990234375,350.6300048828125,348.7441711425781,3071600.0
VTI,2026-04-29,350.4599914550781,350.69000244140625,348.6700134277344,350.2099914550781,348.326416015625,2742500.0
VTI,2026-04-30,351.54998779296875,354.69000244140625,350.0199890136719,354.17999267578125,352.2750549316406,2723400.0
VTI,2026-05-01,355.55999755859375,357.1499938964844,355.0799865722656,355.2900085449219,353.3791198730469,3752000.0
VTI,2026-05-04,355.0799865722656,356.1700134277344,352.5299987792969,353.9800109863281,352.076171875,3012400.0
VTI,2026-05-05,355.7900085449219,357.5799865722656,355.7699890136719,356.989990234375,355.0699768066406,2722200.0
VTI,2026-05-06,359.4599914550781,362.2699890136719,359.1199951171875,361.8599853515625,359.91375732421875,3794300.0
VTI,2026-05-07,362.6199951171875,362.7200012207031,359.3800048828125,360.20001220703125,358.2627258300781,3500900.0
VTI,2026-05-08,362.010009765625,363.1300048828125,361.4700012207031,362.8699951171875,360.9183044433594,2867400.0
VTI,2026-05-11,362.6099853515625,364.4800109863281,362.4200134277344,363.6300048828125,361.67425537109375,3672200.0
VTI,2026-05-12,362.5199890136719,363.1600036621094,359.6199951171875,362.7900085449219,360.8387756347656,3067500.0
VTI,2026-05-13,363.2200012207031,365.3999938964844,361.3599853515625,364.7099914550781,362.7484436035156,3305300.0
VTI,2026-05-14,365.5,368.25,365.4200134277344,367.3999938964844,365.4239807128906,2931700.0
VTI,2026-05-15,364.5299987792969,364.92999267578125,362.2799987792969,362.739990234375,360.7890319824219,3404000.0
VTI,2026-05-18,363.3399963378906,364.07000732421875,359.9800109863281,362.3599853515625,360.41107177734375,3577600.0
VTI,2026-05-19,360.6499938964844,361.9700012207031,358.79998779296875,360.05999755859375,358.1234436035156,3169400.0
VTI,2026-05-20,361.20001220703125,364.3900146484375,360.20001220703125,364.19000244140625,362.23126220703125,3153000.0
VTI,2026-05-21,362.79998779296875,366.07000732421875,362.1300048828125,365.0899963378906,363.1263732910156,2766300.0
VTI,2026-05-22,366.80999755859375,368.29998779296875,366.0899963378906,366.7900085449219,364.8172607421875,2642200.0
VTI,2026-05-26,368.9800109863281,370.239990234375,368.3999938964844,369.4599914550781,367.472900390625,3566700.0
VTI,2026-05-27,369.5,370.04998779296875,368.3999938964844,369.3599853515625,367.3734130859375,3097800.0
VTI,2026-05-28,369.5299987792969,371.9200134277344,368.75,371.6600036621094,369.6610412597656,2956100.0
VTI,2026-05-29,372.0400085449219,373.1300048828125,371.3500061035156,372.5400085449219,370.5363464355469,3162200.0
VTI,2026-06-01,372.17999267578125,374.44000244140625,371.4800109863281,373.3999938964844,371.3916931152344,6894700.0
VTI,2026-06-02,372.8800048828125,374.70001220703125,372.6300048828125,374.3599853515625,372.3465270996094,2700700.0
VTI,2026-06-03,373.8500061035156,373.95001220703125,371.32000732421875,371.6499938964844,369.6510925292969,3409600.0
VTI,2026-06-04,370.6199951171875,373.989990234375,370.3599853515625,373.3800048828125,371.371826171875,3125600.0
VTI,2026-06-05,370.9800109863281,371.17999267578125,362.4599914550781,363.3800048828125,361.42559814453125,5205400.0
VTI,2026-06-08,366.69000244140625,367.5799865722656,364.0400085449219,364.4700012207031,362.50970458984375,5431900.0
VTI,2026-06-09,366.70001220703125,368.6600036621094,356.2799987792969,363.6700134277344,361.7140197753906,4687900.0
VTI,2026-06-10,361.8699951171875,364.55999755859375,357.8999938964844,358.0400085449219,356.11431884765625,3389800.0
VTI,2026-06-11,359.6300048828125,365.5,357.75,364.29998779296875,362.34063720703125,3964200.0
VTI,2026-06-12,366.17999267578125,367.92999267578125,363.2300109863281,366.3599853515625,364.3895568847656,3230600.0
VTI,2026-06-15,371.79998779296875,373.6400146484375,371.54998779296875,372.5299987792969,370.5263977050781,3561000.0
VTI,2026-06-16,372.7900085449219,373.1600036621094,370.1000061035156,370.3699951171875,368.37799072265625,2805800.0
VTI,2026-06-17,370.7799987792969,371.5199890136719,365.0799865722656,365.760009765625,363.79278564453125,4766800.0
VTI,2026-06-18,370.55999755859375,370.6199951171875,368.3399963378906,369.989990234375,368.0000305175781,3413600.0
VTI,2026-06-22,370.2799987792969,371.55999755859375,368.19000244140625,368.80999755859375,366.82635498046875,3295200.0
VTI,2026-06-23,363.2699890136719,366.6600036621094,362.8699951171875,363.70001220703125,361.743896484375,3175500.0
VTI,2026-06-24,364.7900085449219,367.1199951171875,362.6300048828125,363.6499938964844,361.6941223144531,3036000.0
VTI,2026-06-25,366.4800109863281,366.8299865722656,362.30999755859375,363.9800109863281,362.0223693847656,2758000.0
VTI,2026-06-26,360.8800048828125,364.7900085449219,359.95001220703125,362.2200012207031,361.30816650390625,2739400.0
VTI,2026-06-29,365.1499938964844,367.3900146484375,362.54998779296875,367.1199951171875,366.1958312988281,3829900.0
VTI,2026-06-30,367.30999755859375,370.6099853515625,367.0899963378906,370.0400085449219,369.1084899902344,4222200.0
VTI,2026-07-01,369.3399963378906,371.3800048828125,367.8399963378906,369.2699890136719,368.3404235839844,2852400.0
VTI,2026-07-02,370.3900146484375,372.239990234375,366.17999267578125,368.760009765625,367.83172607421875,3114000.0
VTI,2026-07-06,370.3299865722656,372.2799987792969,369.9599914550781,371.6700134277344,370.7344055175781,3271300.0
VTI,2026-07-07,371.30999755859375,371.75,368.4800109863281,369.6099853515625,368.6795654296875,2881600.0
VTI,2026-07-08,367.6099853515625,368.5799865722656,365.30999755859375,368.25,367.322998046875,3864300.0
VTI,2026-07-09,369.4700012207031,371.8500061035156,368.70001220703125,371.45001220703125,370.51495361328125,5484300.0
VTI,2026-07-10,372.0,372.9700012207031,369.5199890136719,372.69000244140625,371.7518005371094,2765900.0
VTI,2026-07-13,371.5899963378906,372.2200012207031,369.25,369.7799987792969,368.84912109375,2931000.0
VTI,2026-07-14,371.0,371.9700012207031,369.75,371.1600036621094,370.2256774902344,3403900.0
VTI,2026-07-15,372.29998779296875,372.9599914550781,370.239990234375,372.4200134277344,371.4825134277344,2913900.0
VTI,2026-07-16,371.54998779296875,372.55999755859375,369.19000244140625,370.5799865722656,369.6470947265625,3215100.0
VTI,2026-07-17,366.4800109863281,369.0799865722656,365.7200012207031,367.010009765625,366.08612060546875,3155000.0
VTI,2026-07-20,368.75,369.6400146484375,366.0799865722656,366.25,365.3280334472656,2863100.0
VTI,2026-07-21,368.1499938964844,369.8500061035156,367.3399963378906,369.45001220703125,368.5199890136719,2139900.0
VTI,2026-07-22,368.80999755859375,370.1600036621094,368.57000732421875,368.8699951171875,367.9414367675781,2389200.0
VTI,2026-07-23,365.1300048828125,366.760009765625,363.1000061035156,364.69000244140625,363.7719421386719,3276300.0
VTI,2026-07-24,364.8999938964844,367.29998779296875,364.1000061035156,364.79998779296875,363.88165283203125,2609700.0
VTI,2026-07-27,367.67999267578125,368.32000732421875,363.6099853515625,365.17999267578125,364.2607116699219,2864800.0
VTI,2026-07-28,365.0199890136719,366.8999938964844,363.54998779296875,365.989990234375,365.06866455078125,2629100.0
VTI,2026-07-29,365.5899963378906,366.8800048828125,360.20001220703125,360.4200134277344,359.5127258300781,4143100.0
VTI,2026-07-30,363.80999755859375,366.5799865722656,362.6400146484375,366.2699890136719,365.34796142578125,2877400.0
VTI,2026-07-31,367.79998779296875,369.3399963378906,363.95001220703125,368.2099914550781,367.2830810546875,3198500.0
VTI,2026-08-03,369.5,374.260009765625,369.0,373.8399963378906,372.89892578125,3429600.0
VTI,2026-08-04,375.3500061035156,381.739990234375,375.29998779296875,380.82000732421875,379.8613586425781,3302400.0
VTI,2026-08-05,382.82000732421875,383.2900085449219,379.55999755859375,379.6499938964844,378.69427490234375,2840700.0
VTI,2026-08-06,379.82000732421875,380.94000244140625,378.6400146484375,379.07000732421875,378.1157531738281,3090000.0
VTI,2026-08-07,380.69000244140625,382.07000732421875,379.92999267578125,381.7799987792969,380.8189392089844,2317900.0
VTI,2026-08-10,381.6300048828125,382.6600036621094,381.1000061035156,381.6300048828125,380.6693115234375,5170900.0
VTI,2026-08-11,382.510009765625,382.6000061035156,380.19000244140625,380.6499938964844,379.6917724609375,3900100.0
VTI,2026-08-12,382.75,382.82000732421875,381.1300048828125,381.8299865722656,380.8688049316406,2795900.0
VTI,2026-08-13,383.0299987792969,385.1199951171875,382.6400146484375,384.29998779296875,383.33258056640625,2324200.0
VTI,2026-08-14,384.6700134277344,384.8999938964844,383.3299865722656,383.8500061035156,382.88372802734375,2306100.0
VTI,2026-08-17,383.760009765625,384.04998779296875,382.010009765625,382.1300048828125,381.1680603027344,3529800.0
VTI,2026-08-18,380.1000061035156,380.489990234375,378.8999938964844,379.0400085449219,378.0858459472656,3842200.0
VTI,2026-08-19,380.7099914550781,381.6700134277344,379.57000732421875,379.989990234375,379.0334167480469,2688100.0
VTI,2026-08-20,378.5,379.3699951171875,376.3900146484375,376.5799865722656,375.63201904296875,3428100.0
VTI,2026-08-21,378.8399963378906,379.2300109863281,377.4200134277344,378.239990234375,377.287841796875,2830000.0
VTI,2026-08-24,377.9200134277344,378.0,376.4800109863281,377.07000732421875,376.12078857421875,2963600.0
VTI,2026-08-25,378.5,378.6000061035156,376.8999938964844,378.1499938964844,377.19805908203125,2640000.0
VTI,2026-08-26,377.69000244140625,378.8999938964844,377.2799987792969,378.2300109863281,377.2778625488281,2249300.0
VTI,2026-08-27,379.5,381.20001220703125,378.8599853515625,380.6300048828125,379.67181396484375,2911400.0
VTI,2026-08-28,381.0299987792969,382.25,378.8800048828125,379.3599853515625,378.4049987792969,2812400.0
VTI,2026-08-31,378.4800109863281,378.5799865722656,376.9700012207031,378.1499938964844,377.19805908203125,3185100.0
VTI,2026-09-01,375.79998779296875,376.82000732421875,374.1499938964844,375.1700134277344,374.2255859375,3159500.0
VTI,2026-09-02,375.70001220703125,377.5299987792969,375.2799987792969,376.8800048828125,375.9312744140625,2470600.0
VTI,2026-09-03,378.5,381.32000732421875,378.1600036621094,380.92999267578125,379.9710693359375,2562600.0
VTI,2026-09-04,380.2099914550781,380.67999267578125,379.1300048828125,379.7300109863281,378.77410888671875,2629300.0
VTI,2026-09-08,379.3399963378906,379.57000732421875,377.2799987792969,377.6000061035156,376.6494445800781,4287400.0
VTI,2026-09-09,376.8399963378906,377.0,375.0199890136719,375.55999755859375,374.6145935058594,2550300.0
VTI,2026-09-10,373.1000061035156,374.5400085449219,372.75,373.239990234375,372.3004150390625,3305800.0
VTI,2026-09-11,376.510009765625,377.29998779296875,375.92999267578125,376.30999755859375,375.3627014160156,2647300.0
VTI,2026-09-14,373.9700012207031,376.05999755859375,373.2799987792969,374.67999267578125,373.7367858886719,3038200.0
VTI,2026-09-15,374.2900085449219,374.6700134277344,372.20001220703125,372.8399963378906,371.90142822265625,2826400.0
VTI,2026-09-16,373.7900085449219,374.9800109863281,368.92999267578125,371.260009765625,370.3254089355469,3345300.0
VTI,2026-09-17,375.7900085449219,376.2200012207031,374.1700134277344,375.3399963378906,374.3951416015625,2264500.0
VTI,2026-09-18,375.94000244140625,375.94000244140625,373.75,375.42999267578125,374.4848937988281,2289400.0
VTI,2026-09-21,377.8900146484375,381.7699890136719,377.6400146484375,381.1000061035156,380.1406555175781,3086500.0
VTI,2026-09-22,381.7099914550781,382.05999755859375,380.7799987792969,381.2699890136719,380.3102111816406,2597000.0
VTI,2026-09-23,381.0899963378906,381.239990234375,377.80999755859375,378.2300109863281,377.2778625488281,2575600.0
VTI,2026-09-24,376.3599853515625,378.80999755859375,376.0299987792969,378.0799865722656,377.12823486328125,2598300.0
VTI,2026-09-25,378.6300048828125,380.3299865722656,377.4599914550781,379.7699890136719,378.81396484375,2808400.0
VTI,2026-09-28,377.25,377.8500061035156,375.010009765625,375.8399963378906,375.8399963378906,3930400.0
VTI,2026-09-29,376.70001220703125,376.80999755859375,375.4150085449219,375.6000061035156,375.6000061035156,928863.0
VXUS,2026-03-30,75.31999969482422,75.37000274658203,74.30000305175781,74.62999725341797,74.16162872314453,7972400.0
VXUS,2026-03-31,75.44999694824219,77.11000061035156,75.23999786376953,77.11000061035156,76.62606811523438,9827200.0
VXUS,2026-04-01,77.87999725341797,78.62999725341797,77.7300033569336,78.01000213623047,77.52041625976562,9879100.0
VXUS,2026-04-02,76.29000091552734,77.87000274658203,76.0999984741211,77.4800033569336,76.99374389648438,7689000.0
VXUS,2026-04-06,77.66999816894531,78.0999984741211,77.62999725341797,77.97000122070312,77.48066711425781,5640300.0
VXUS,2026-04-07,77.56999969482422,78.08999633789062,76.7699966430664,78.0199966430664,77.53034973144531,7637300.0
VXUS,2026-04-08,81.5999984741211,81.69999694824219,80.66999816894531,81.2300033569336,80.72021484375,6998100.0
VXUS,2026-04-09,80.4800033569336,81.4000015258789,80.2300033569336,81.06999969482422,80.56121063232422,6239000.0
VXUS,2026-04-10,81.5199966430664,81.69000244140625,81.0199966430664,81.2699966430664,80.75994873046875,4511200.0
VXUS,2026-04-13,80.6500015258789,81.93000030517578,80.5999984741211,81.88999938964844,81.37606811523438,5458000.0
VXUS,2026-04-14,82.36000061035156,82.9000015258789,82.29000091552734,82.80999755859375,82.29029083251953,5323700.0
VXUS,2026-04-15,82.58999633789062,82.72000122070312,82.37000274658203,82.6500015258789,82.13129425048828,6148000.0
VXUS,2026-04-16,82.91000366210938,82.94999694824219,82.41999816894531,82.62999725341797,82.11141967773438,5260300.0
VXUS,2026-04-17,83.9000015258789,84.4800033569336,83.66000366210938,83.75,83.22439575195312,8887000.0
VXUS,2026-04-20,83.30999755859375,83.4800033569336,82.94000244140625,83.4800033569336,82.95609283447266,6090600.0
VXUS,2026-04-21,83.12999725341797,83.26000213623047,81.79000091552734,81.87999725341797,81.36612701416016,7502300.0
VXUS,2026-04-22,82.66000366210938,82.68000030517578,82.31999969482422,82.58999633789062,82.07167053222656,4469200.0
VXUS,2026-04-23,82.25,82.4800033569336,80.9000015258789,81.72000122070312,81.20713806152344,6718300.0
VXUS,2026-04-24,82.18000030517578,82.62000274658203,81.95999908447266,82.48999786376953,81.97229766845703,5378700.0
VXUS,2026-04-27,82.62999725341797,82.73999786376953,82.23999786376953,82.33999633789062,81.82323455810547,5066600.0
VXUS,2026-04-28,81.79000091552734,82.0999984741211,81.51000213623047,81.88999938964844,81.37606811523438,4522100.0
VXUS,2026-04-29,81.62999725341797,81.72000122070312,80.87999725341797,81.2300033569336,80.72021484375,5171900.0
VXUS,2026-04-30,82.1500015258789,83.25,81.95999908447266,83.05999755859375,82.5387191772461,6075600.0
VXUS,2026-05-01,83.04000091552734,83.58999633789062,82.9000015258789,82.97000122070312,82.44928741455078,7254600.0
VXUS,2026-05-04,82.75,83.06999969482422,81.94000244140625,82.25,81.73381042480469,5653700.0
VXUS,2026-05-05,83.12000274658203,83.55000305175781,82.9000015258789,83.41000366210938,82.88652801513672,4971100.0
VXUS,2026-05-06,85.2300033569336,85.66999816894531,85.0199966430664,85.62000274658203,85.08265686035156,6289800.0
VXUS,2026-05-07,85.73999786376953,85.77999877929688,84.22000122070312,84.25,83.72125244140625,11073500.0
VXUS,2026-05-08,85.12999725341797,85.44999694824219,85.02999877929688,85.43000030517578,84.89385223388672,6934100.0
VXUS,2026-05-11,85.37000274658203,85.5999984741211,85.25,85.38999938964844,84.85409545898438,6528700.0
VXUS,2026-05-12,84.30000305175781,84.47000122070312,83.48999786376953,84.2300033569336,83.70137786865234,6230900.0
VXUS,2026-05-13,84.41000366210938,85.12000274658203,84.2699966430664,85.08000183105469,84.54605102539062,4883200.0
VXUS,2026-05-14,85.0,85.23999786376953,84.73999786376953,85.0199966430664,84.48641967773438,5611600.0
VXUS,2026-05-15,83.38999938964844,83.5,82.87999725341797,83.11000061035156,82.58840942382812,6941900.0
VXUS,2026-05-18,83.81999969482422,83.87000274658203,82.83999633789062,83.52999877929688,83.00577545166016,5883300.0
VXUS,2026-05-19,82.70999908447266,83.3499984741211,82.38999938964844,82.80000305175781,82.28035736083984,5081500.0
VXUS,2026-05-20,82.94999694824219,84.29000091552734,82.87000274658203,84.16999816894531,83.64175415039062,4912400.0
VXUS,2026-05-21,83.69999694824219,84.91999816894531,83.4800033569336,84.58000183105469,84.04918670654297,9571400.0
VXUS,2026-05-22,84.66999816894531,84.95999908447266,84.33999633789062,84.45999908447266,83.929931640625,8580200.0
VXUS,2026-05-26,85.98999786376953,86.25,85.77999877929688,86.11000061035156,85.569580078125,5553800.0
VXUS,2026-05-27,86.16000366210938,86.2699966430664,85.58000183105469,85.8499984741211,85.31121063232422,5412300.0
VXUS,2026-05-28,85.25,86.18000030517578,85.08000183105469,85.98999786376953,85.45032501220703,5449400.0
VXUS,2026-05-29,86.2300033569336,86.55999755859375,85.97000122070312,86.05999755859375,85.51988983154297,5329300.0
VXUS,2026-06-01,85.83000183105469,86.72000122070312,85.58999633789062,86.30999755859375,85.76832580566406,6867900.0
VXUS,2026-06-02,86.54000091552734,87.05999755859375,86.5,86.95999908447266,86.41424560546875,5807100.0
VXUS,2026-06-03,86.58999633789062,86.61000061035156,85.97000122070312,86.0999984741211,85.55963897705078,5472300.0
VXUS,2026-06-04,85.77999877929688,86.38999938964844,85.68000030517578,86.25,85.70870208740234,3908600.0
VXUS,2026-06-05,85.0,85.01000213623047,82.80999755859375,83.02999877929688,82.5089111328125,9163600.0
VXUS,2026-06-08,84.16000366210938,84.31999969482422,83.55999755859375,83.73999786376953,83.21444702148438,6327800.0
VXUS,2026-06-09,84.8499984741211,85.12999725341797,82.22000122070312,83.81999969482422,83.29395294189453,6615100.0
VXUS,2026-06-10,83.23999786376953,83.94999694824219,82.52999877929688,82.58999633789062,82.07167053222656,6255700.0
VXUS,2026-06-11,83.45999908447266,85.43000030517578,83.13999938964844,85.33999633789062,84.80440521240234,5903500.0
VXUS,2026-06-12,85.33999633789062,85.94999694824219,84.87999725341797,85.68000030517578,85.14228057861328,4627900.0
VXUS,2026-06-15,87.25,87.54000091552734,86.86000061035156,86.9800033569336,86.43412017822266,7042600.0
VXUS,2026-06-16,87.0999984741211,87.25,86.55000305175781,86.62999725341797,86.08631134033203,11968200.0
VXUS,2026-06-17,87.33000183105469,87.6500015258789,86.02999877929688,86.1500015258789,85.60933685302734,8612300.0
VXUS,2026-06-18,86.80999755859375,86.97000122070312,86.55999755859375,86.7699966430664,86.61351013183594,4669900.0
VXUS,2026-06-22,87.11000061035156,88.62000274658203,86.88999938964844,87.05999755859375,86.90299224853516,8038200.0
VXUS,2026-06-23,84.33000183105469,85.0999984741211,84.27999877929688,84.41000366210938,84.25777435302734,9742000.0
VXUS,2026-06-24,84.43000030517578,84.5999984741211,83.91000366210938,84.33999633789062,84.1878890991211,5153900.0
VXUS,2026-06-25,85.62000274658203,85.7300033569336,84.56999969482422,85.08000183105469,84.92656707763672,4825000.0
VXUS,2026-06-26,84.13999938964844,84.9000015258789,83.95999908447266,84.4800033569336,84.32764434814453,13442800.0
VXUS,2026-06-29,84.62000274658203,84.98999786376953,83.80999755859375,84.93000030517578,84.7768325805664,4964500.0
VXUS,2026-06-30,85.0,85.62000274658203,84.91000366210938,85.48999786376953,85.33582305908203,4492200.0
VXUS,2026-07-01,84.55000305175781,85.05999755859375,84.41999816894531,84.52999877929688,84.37755584716797,5344200.0
VXUS,2026-07-02,85.31999969482422,85.88999938964844,84.13999938964844,84.83999633789062,84.6869888305664,6087400.0
VXUS,2026-07-06,85.77999877929688,86.22000122070312,85.7300033569336,86.16999816894531,86.01459503173828,5775100.0
VXUS,2026-07-07,85.30999755859375,85.45999908447266,84.4000015258789,84.6500015258789,84.4973373413086,5534000.0
VXUS,2026-07-08,83.83999633789062,84.45999908447266,83.36000061035156,84.44000244140625,84.2877197265625,5992700.0
VXUS,2026-07-09,84.63999938964844,85.12999725341797,84.61000061035156,84.9000015258789,84.74688720703125,4172700.0
VXUS,2026-07-10,85.11000061035156,85.4800033569336,84.66999816894531,85.33999633789062,85.18608856201172,4431800.0
VXUS,2026-07-13,84.37000274658203,84.48999786376953,83.66000366210938,83.77999877929688,83.62890625,5745400.0
VXUS,2026-07-14,84.6500015258789,85.08999633789062,84.56999969482422,84.66000366210938,84.50732421875,5131000.0
VXUS,2026-07-15,84.95999908447266,85.16999816894531,84.20999908447266,84.98999786376953,84.83672332763672,4227100.0
VXUS,2026-07-16,84.08999633789062,84.47000122070312,83.83000183105469,84.05999755859375,83.90840148925781,4562900.0
VXUS,2026-07-17,82.75,83.69000244140625,82.55999755859375,83.37000274658203,83.21965026855469,6265100.0
VXUS,2026-07-20,83.61000061035156,83.80000305175781,82.93000030517578,83.06999969482422,82.9201889038086,4655100.0
VXUS,2026-07-21,84.0199966430664,84.55999755859375,83.70999908447266,84.44999694824219,84.29769134521484,4015700.0
VXUS,2026-07-22,84.37999725341797,84.69999694824219,84.37999725341797,84.45999908447266,84.30767822265625,3323900.0
VXUS,2026-07-23,83.48999786376953,83.9800033569336,83.1500015258789,83.62000274658203,83.46920013427734,4218600.0
VXUS,2026-07-24,83.66000366210938,84.01000213623047,83.27999877929688,83.4000015258789,83.24959564208984,4189200.0
VXUS,2026-07-27,84.29000091552734,84.33000183105469,83.29000091552734,83.79000091552734,83.63888549804688,4515100.0
VXUS,2026-07-28,82.83999633789062,83.5999984741211,82.5999984741211,83.25,83.09986114501953,4338200.0
VXUS,2026-07-29,82.87000274658203,83.86000061035156,82.06999969482422,82.38999938964844,82.24140930175781,5338100.0
VXUS,2026-07-30,83.8499984741211,84.83000183105469,83.58000183105469,84.7699966430664,84.61711883544922,4618800.0
VXUS,2026-07-31,85.0,85.05999755859375,83.8499984741211,84.58999633789062,84.43743896484375,4107200.0
VXUS,2026-08-03,84.66000366210938,85.06999969482422,84.41000366210938,85.0199966430664,84.86666870117188,4997000.0
VXUS,2026-08-04,85.88999938964844,86.58000183105469,85.76000213623047,86.44999694824219,86.2940902709961,5248500.0
VXUS,2026-08-05,86.87999725341797,87.02999877929688,86.4800033569336,86.51000213623047,86.35398864746094,4634700.0
VXUS,2026-08-06,86.30999755859375,86.79000091552734,86.11000061035156,86.31999969482422,86.16432189941406,3965700.0
VXUS,2026-08-07,87.41999816894531,87.4800033569336,86.83000183105469,87.20999908447266,87.05271911621094,4400300.0
VXUS,2026-08-10,86.94999694824219,87.0,86.7300033569336,86.83000183105469,86.67340850830078,11486600.0
VXUS,2026-08-11,87.23999786376953,87.31999969482422,86.7300033569336,86.91999816894531,86.76324462890625,4730500.0
VXUS,2026-08-12,87.80000305175781,87.88999938964844,87.37000274658203,87.54000091552734,87.38212585449219,4471100.0
VXUS,2026-08-13,87.58000183105469,87.9000015258789,87.55000305175781,87.72000122070312,87.56179809570312,4022300.0
VXUS,2026-08-14,87.91000366210938,88.0,87.54000091552734,87.69999694824219,87.54183197021484,4390900.0
VXUS,2026-08-17,87.91999816894531,88.26000213623047,87.80000305175781,87.87000274658203,87.71153259277344,5036200.0
VXUS,2026-08-18,87.04000091552734,87.23999786376953,86.41000366210938,86.44000244140625,86.28411102294922,5246000.0
VXUS,2026-08-19,87.2699966430664,87.30000305175781,86.7699966430664,86.97000122070312,86.81315612792969,4130800.0
VXUS,2026-08-20,86.88999938964844,87.41000366210938,86.80999755859375,87.02999877929688,86.873046875,4168600.0
VXUS,2026-08-21,87.80000305175781,87.9000015258789,87.58999633789062,87.70999908447266,87.55181884765625,4044400.0
VXUS,2026-08-24,87.33999633789062,87.37999725341797,86.94000244140625,87.19999694824219,87.04273223876953,4610900.0
VXUS,2026-08-25,87.79000091552734,88.13999938964844,87.58999633789062,88.12000274658203,87.9610824584961,5659700.0
VXUS,2026-08-26,88.0999984741211,88.23999786376953,87.76000213623047,87.81999969482422,87.66162109375,4280100.0
VXUS,2026-08-27,87.94999694824219,87.9800033569336,87.58000183105469,87.93000030517578,87.77142333984375,4519200.0
VXUS,2026-08-28,88.19000244140625,88.44999694824219,87.33999633789062,87.5199966430664,87.3621597290039,4897000.0
VXUS,2026-08-31,87.7699966430664,87.83999633789062,87.16000366210938,87.31999969482422,87.16252136230469,5444800.0
VXUS,2026-09-01,87.0,87.3499984741211,86.48999786376953,86.70999908447266,86.55361938476562,4913200.0
VXUS,2026-09-02,86.87000274658203,87.16000366210938,86.76000213623047,87.16000366210938,87.00281524658203,3727200.0
VXUS,2026-09-03,87.62000274658203,88.05999755859375,87.33000183105469,87.97000122070312,87.81134796142578,4366800.0
VXUS,2026-09-04,87.83999633789062,88.5,87.80000305175781,88.41000366210938,88.25055694580078,6584000.0
VXUS,2026-09-08,88.44999694824219,88.52999877929688,88.04000091552734,88.08000183105469,87.92115020751953,5147100.0
VXUS,2026-09-09,87.87999725341797,87.97000122070312,87.30000305175781,87.41000366210938,87.25236511230469,5199200.0
VXUS,2026-09-10,86.66000366210938,86.81999969482422,86.19000244140625,86.27999877929688,86.12439727783203,5665600.0
VXUS,2026-09-11,87.37999725341797,87.41000366210938,87.0,87.13999938964844,86.98284912109375,5335000.0
VXUS,2026-09-14,85.9000015258789,86.52999877929688,85.70999908447266,86.04000091552734,85.88483428955078,5734900.0
VXUS,2026-09-15,85.87999725341797,85.91000366210938,85.37999725341797,85.69000244140625,85.53546142578125,5299400.0
VXUS,2026-09-16,86.19999694824219,86.36000061035156,84.94000244140625,85.41000366210938,85.25597381591797,5218900.0
VXUS,2026-09-17,86.5,86.69000244140625,86.38999938964844,86.5,86.34400177001953,13152500.0
VXUS,2026-09-18,85.81999969482422,85.91999816894531,85.5,85.87999725341797,85.87999725341797,4797600.0
VXUS,2026-09-21,86.87000274658203,87.2699966430664,86.62000274658203,87.1500015258789,87.1500015258789,5051000.0
VXUS,2026-09-22,87.1500015258789,87.68000030517578,86.94999694824219,87.48999786376953,87.48999786376953,6760700.0
VXUS,2026-09-23,86.68000030517578,86.69999694824219,85.72000122070312,85.91999816894531,85.91999816894531,6194800.0
VXUS,2026-09-24,85.69999694824219,85.94000244140625,85.1500015258789,85.58999633789062,85.58999633789062,5628700.0
VXUS,2026-09-25,86.05999755859375,86.45999908447266,85.77999877929688,86.3499984741211,86.3499984741211,4235200.0
VXUS,2026-09-28,85.75,86.1500015258789,85.25,85.75,85.75,6663300.0
VXUS,2026-09-29,85.51000213623047,85.625,85.2699966430664,85.54499816894531,85.54499816894531,1703381.0
ACWI,2026-03-30,135.75999450683594,135.8699951171875,133.64999389648438,134.19000244140625,133.32382202148438,4458600.0
ACWI,2026-03-31,135.72999572753906,138.52000427246094,135.4499969482422,138.3699951171875,137.47683715820312,9946300.0
ACWI,2026-04-01,139.5399932861328,140.49000549316406,139.24000549316406,139.6699981689453,138.76844787597656,7240300.0
ACWI,2026-04-02,137.30999755859375,139.97000122070312,137.07000732421875,139.44000244140625,138.53993225097656,3515800.0
ACWI,2026-04-06,139.72000122070312,140.39999389648438,139.52000427246094,140.14999389648438,139.24534606933594,2980600.0
ACWI,2026-04-07,139.63999938964844,140.27999877929688,138.35000610351562,140.1999969482422,139.29502868652344,3498400.0
ACWI,2026-04-08,145.0800018310547,145.42999267578125,143.72999572753906,144.6199951171875,143.68649291992188,3983600.0
ACWI,2026-04-09,144.1699981689453,145.38999938964844,143.6699981689453,145.07000732421875,144.1335906982422,1766300.0
ACWI,2026-04-10,145.4199981689453,145.69000244140625,144.80999755859375,145.0399932861328,144.10377502441406,3870300.0
ACWI,2026-04-13,144.3300018310547,146.44000244140625,144.25,146.41000366210938,145.46495056152344,8912500.0
ACWI,2026-04-14,146.83999633789062,148.19000244140625,146.83999633789062,148.11000061035156,147.15396118164062,1635600.0
ACWI,2026-04-15,148.0,148.86000061035156,147.88999938964844,148.8000030517578,147.8395233154297,2763500.0
ACWI,2026-04-16,149.07000732421875,149.33999633789062,148.4499969482422,148.89999389648438,147.93885803222656,4669300.0
ACWI,2026-04-17,150.38999938964844,151.4199981689453,150.2100067138672,150.89999389648438,149.9259490966797,3021500.0
ACWI,2026-04-20,150.2899932861328,150.60000610351562,149.75999450683594,150.41000366210938,149.43911743164062,3310000.0
ACWI,2026-04-21,150.36000061035156,150.64999389648438,148.52999877929688,148.74000549316406,147.7799072265625,3359400.0
ACWI,2026-04-22,149.86000061035156,151.47000122070312,149.66000366210938,150.1699981689453,149.20066833496094,2079600.0
ACWI,2026-04-23,149.7100067138672,150.27000427246094,147.8800048828125,149.25,148.28660583496094,6046500.0
ACWI,2026-04-24,149.8000030517578,150.85000610351562,149.5500030517578,150.49000549316406,149.51861572265625,4702700.0
ACWI,2026-04-27,150.4199981689453,150.69000244140625,150.0800018310547,150.50999450683594,149.53846740722656,2850000.0
ACWI,2026-04-28,149.6999969482422,149.9499969482422,149.05999755859375,149.6199951171875,148.6542205810547,3572700.0
ACWI,2026-04-29,149.5399932861328,149.5399932861328,148.4600067138672,149.13999938964844,148.1773223876953,3350300.0
ACWI,2026-04-30,150.22000122070312,151.6699981689453,149.5800018310547,151.5399932861328,150.5618133544922,5417200.0
ACWI,2026-05-01,151.6999969482422,152.5800018310547,151.25999450683594,151.66000366210938,150.68106079101562,2440000.0
ACWI,2026-05-04,151.33999633789062,151.8699951171875,150.17999267578125,150.6999969482422,149.7272491455078,5229500.0
ACWI,2026-05-05,151.86000061035156,152.60000610351562,151.6999969482422,152.35000610351562,151.36660766601562,4058900.0
ACWI,2026-05-06,154.2899932861328,155.47000122070312,154.1199951171875,155.39999389648438,154.39691162109375,3434200.0
ACWI,2026-05-07,155.47000122070312,155.61000061035156,153.69000244140625,153.92999267578125,152.93638610839844,5164000.0
ACWI,2026-05-08,154.9199981689453,155.47000122070312,154.91000366210938,155.3800048828125,154.37704467773438,1953100.0
ACWI,2026-05-11,155.24000549316406,155.8300018310547,155.1999969482422,155.52999877929688,154.5260772705078,2474900.0
ACWI,2026-05-12,154.5800018310547,154.82000732421875,153.33999633789062,154.64999389648438,153.65174865722656,3420900.0
ACWI,2026-05-13,154.67999267578125,156.0800018310547,154.42999267578125,155.8800048828125,154.87380981445312,2295600.0
ACWI,2026-05-14,155.99000549316406,156.97999572753906,155.89999389648438,156.64999389648438,155.6388397216797,3028700.0
ACWI,2026-05-15,154.74000549316406,154.89999389648438,153.77999877929688,154.0800018310547,153.08543395996094,2253700.0
ACWI,2026-05-18,154.92999267578125,154.97000122070312,153.22000122070312,154.35000610351562,153.35369873046875,2684900.0
ACWI,2026-05-19,153.25,154.1699981689453,152.6699981689453,153.14999389648438,152.1614227294922,4022900.0
ACWI,2026-05-20,153.8699951171875,155.3699951171875,153.36000061035156,155.10000610351562,154.09884643554688,5289400.0
ACWI,2026-05-21,154.42999267578125,156.1999969482422,154.25,155.69000244140625,154.68504333496094,2182900.0
ACWI,2026-05-22,156.3800048828125,156.77000427246094,155.8300018310547,155.99000549316406,154.9831085205078,2320300.0
ACWI,2026-05-26,157.55999755859375,158.0,157.25999450683594,157.83999633789062,156.82115173339844,3247000.0
ACWI,2026-05-27,157.88999938964844,158.0,157.19000244140625,157.63999938964844,156.62245178222656,1877600.0
ACWI,2026-05-28,157.22000122070312,158.47000122070312,156.89999389648438,158.25,157.228515625,2948400.0
ACWI,2026-05-29,158.77000427246094,159.0500030517578,158.2899932861328,158.5399932861328,157.51663208007812,4155600.0
ACWI,2026-06-01,158.60000610351562,159.6699981689453,157.94000244140625,159.10000610351562,158.07302856445312,3016300.0
ACWI,2026-06-02,159.02999877929688,160.02999877929688,159.02999877929688,159.97000122070312,158.93740844726562,4033000.0
ACWI,2026-06-03,159.69000244140625,159.6999969482422,158.4600067138672,158.64999389648438,157.6259307861328,2164400.0
ACWI,2026-06-04,158.1999969482422,159.35000610351562,157.80999755859375,159.1300048828125,158.10284423828125,1715200.0
ACWI,2026-06-05,157.6300048828125,157.64999389648438,152.82000732421875,154.38999938964844,153.3934326171875,3763300.0
ACWI,2026-06-08,155.74000549316406,156.07000732421875,154.66000366210938,154.9199981689453,153.92001342773438,3645300.0
ACWI,2026-06-09,156.22000122070312,156.83999633789062,151.6300048828125,154.60000610351562,153.60208129882812,3305900.0
ACWI,2026-06-10,153.55999755859375,154.8699951171875,152.2100067138672,152.24000549316406,151.25730895996094,2994800.0
ACWI,2026-06-11,153.19000244140625,156.1199951171875,152.49000549316406,155.8300018310547,154.8241424560547,5605300.0
ACWI,2026-06-12,156.0500030517578,156.99000549316406,155.11000061035156,156.47000122070312,155.4600067138672,4850300.0
ACWI,2026-06-15,157.92999267578125,158.47000122070312,157.77000427246094,158.0399932861328,158.0399932861328,2738900.0
ACWI,2026-06-16,158.2899932861328,158.42999267578125,157.2100067138672,157.33999633789062,157.33999633789062,2667500.0
ACWI,2026-06-17,157.9199981689453,158.22999572753906,155.6199951171875,155.80999755859375,155.80999755859375,8198300.0
ACWI,2026-06-18,157.8300018310547,158.0399932861328,157.05999755859375,157.74000549316406,157.74000549316406,5935000.0
ACWI,2026-06-22,158.4600067138672,158.52999877929688,157.27999877929688,157.58999633789062,157.58999633789062,2909700.0
ACWI,2026-06-23,154.42999267578125,155.61000061035156,153.42999267578125,154.44000244140625,154.44000244140625,2946300.0
ACWI,2026-06-24,154.33999633789062,155.3300018310547,153.6999969482422,154.22999572753906,154.22999572753906,3260800.0
ACWI,2026-06-25,155.88999938964844,156.00999450683594,153.9499969482422,154.6999969482422,154.6999969482422,3331000.0
ACWI,2026-06-26,153.5399932861328,155.02999877929688,153.0500030517578,154.27999877929688,154.27999877929688,2769700.0
ACWI,2026-06-29,154.97000122070312,155.8800048828125,153.77000427246094,155.82000732421875,155.82000732421875,1214900.0
ACWI,2026-06-30,155.72999572753906,157.1199951171875,155.61000061035156,156.97000122070312,156.97000122070312,3191000.0
ACWI,2026-07-01,156.1699981689453,156.8800048828125,155.64999389648438,156.1199951171875,156.1199951171875,4128900.0
ACWI,2026-07-02,156.88999938964844,157.77000427246094,155.02999877929688,156.14999389648438,156.14999389648438,3202400.0
ACWI,2026-07-06,157.25,158.1199951171875,157.1199951171875,157.97000122070312,157.97000122070312,3335200.0
ACWI,2026-07-07,157.41000366210938,157.5500030517578,156.05999755859375,156.4600067138672,156.4600067138672,1342200.0
ACWI,2026-07-08,155.6300048828125,155.9600067138672,154.4199981689453,155.89999389648438,155.89999389648438,8363900.0
ACWI,2026-07-09,156.50999450683594,157.25999450683594,156.08999633789062,157.02000427246094,157.02000427246094,1709000.0
ACWI,2026-07-10,157.22000122070312,157.7899932861328,156.2899932861328,157.67999267578125,157.67999267578125,2306200.0
ACWI,2026-07-13,156.8300018310547,156.99000549316406,155.67999267578125,155.94000244140625,155.94000244140625,2143500.0
ACWI,2026-07-14,156.75,157.39999389648438,156.4600067138672,156.94000244140625,156.94000244140625,1987300.0
ACWI,2026-07-15,157.58999633789062,157.66000366210938,156.36000061035156,157.52000427246094,157.52000427246094,2590100.0
ACWI,2026-07-16,156.4499969482422,157.05999755859375,155.7899932861328,156.36000061035156,156.36000061035156,3653200.0
ACWI,2026-07-17,154.3699951171875,155.58999633789062,153.89999389648438,155.0,155.0,5062900.0
ACWI,2026-07-20,155.7100067138672,155.85000610351562,154.36000061035156,154.47999572753906,154.47999572753906,6395100.0
ACWI,2026-07-21,155.77999877929688,156.5,155.27000427246094,156.2899932861328,156.2899932861328,2328100.0
ACWI,2026-07-22,156.19000244140625,156.6300048828125,156.00999450683594,156.19000244140625,156.19000244140625,1124000.0
ACWI,2026-07-23,154.3699951171875,155.19000244140625,153.67999267578125,154.33999633789062,154.33999633789062,1243800.0
ACWI,2026-07-24,154.25999450683594,155.3800048828125,154.02000427246094,154.3000030517578,154.3000030517578,2232400.0
ACWI,2026-07-27,155.69000244140625,155.7899932861328,153.85000610351562,154.61000061035156,154.61000061035156,2723700.0
ACWI,2026-07-28,153.9600067138672,154.97000122070312,153.35000610351562,154.5399932861328,154.5399932861328,2029200.0
ACWI,2026-07-29,154.16000366210938,155.33999633789062,151.4199981689453,152.47000122070312,152.47000122070312,2624900.0
ACWI,2026-07-30,154.33999633789062,155.77999877929688,153.97000122070312,155.66000366210938,155.66000366210938,3333100.0
ACWI,2026-07-31,156.25,156.58999633789062,154.49000549316406,156.42999267578125,156.42999267578125,3181400.0
ACWI,2026-08-03,156.63999938964844,158.0399932861328,156.50999450683594,157.94000244140625,157.94000244140625,2049100.0
ACWI,2026-08-04,158.82000732421875,160.9600067138672,158.61000061035156,160.6300048828125,160.6300048828125,4807000.0
ACWI,2026-08-05,161.4499969482422,161.72000122070312,160.4199981689453,160.5,160.5,2383300.0
ACWI,2026-08-06,160.3000030517578,160.80999755859375,159.16000366210938,160.10000610351562,160.10000610351562,1807100.0
ACWI,2026-08-07,161.25,161.55999755859375,160.66000366210938,161.44000244140625,161.44000244140625,2164900.0
ACWI,2026-08-10,161.17999267578125,161.52000427246094,160.94000244140625,161.10000610351562,161.10000610351562,1535400.0
ACWI,2026-08-11,161.5,161.61000061035156,160.6199951171875,160.88999938964844,160.88999938964844,1518500.0
ACWI,2026-08-12,162.14999389648438,162.14999389648438,161.3800048828125,161.64999389648438,161.64999389648438,1853500.0
ACWI,2026-08-13,162.0500030517578,162.8000030517578,161.86000061035156,162.47999572753906,162.47999572753906,1106100.0
ACWI,2026-08-14,162.67999267578125,162.74000549316406,161.00999450683594,162.2899932861328,162.2899932861328,2839800.0
ACWI,2026-08-17,162.5800018310547,162.5800018310547,161.8300018310547,161.8300018310547,161.8300018310547,2259300.0
ACWI,2026-08-18,160.80999755859375,160.97999572753906,160.05999755859375,160.0800018310547,160.0800018310547,2352200.0
ACWI,2026-08-19,161.0,161.25,160.5,160.6999969482422,160.6999969482422,1532800.0
ACWI,2026-08-20,160.1999969482422,160.89999389648438,159.83999633789062,159.97000122070312,159.97000122070312,2669300.0
ACWI,2026-08-21,160.8000030517578,161.1999969482422,160.49000549316406,160.80999755859375,160.80999755859375,1721500.0
ACWI,2026-08-24,160.5,160.5,159.8300018310547,160.1999969482422,160.1999969482422,929600.0
ACWI,2026-08-25,160.89999389648438,161.13999938964844,160.33999633789062,161.0800018310547,161.0800018310547,1688100.0
ACWI,2026-08-26,160.99000549316406,161.27000427246094,160.52000427246094,160.89999389648438,160.89999389648438,1792900.0
ACWI,2026-08-27,161.44000244140625,161.7899932861328,160.94000244140625,161.52999877929688,161.52999877929688,2863100.0
ACWI,2026-08-28,161.9600067138672,162.30999755859375,160.88999938964844,161.08999633789062,161.08999633789062,1535300.0
ACWI,2026-08-31,161.11000061035156,161.1300048828125,160.25999450683594,160.67999267578125,160.67999267578125,2622400.0
ACWI,2026-09-01,159.8800048828125,160.2100067138672,159.02000427246094,159.4199981689453,159.4199981689453,2485500.0
ACWI,2026-09-02,159.52999877929688,160.3000030517578,159.42999267578125,160.16000366210938,160.16000366210938,1817200.0
ACWI,2026-09-03,161.0,162.1300048828125,160.72000122070312,161.94000244140625,161.94000244140625,1755700.0
ACWI,2026-09-04,161.61000061035156,162.0800018310547,161.5500030517578,161.88999938964844,161.88999938964844,1659900.0
ACWI,2026-09-08,161.97000122070312,161.99000549316406,161.00999450683594,161.1300048828125,161.1300048828125,1536000.0
ACWI,2026-09-09,160.8000030517578,160.80999755859375,159.92999267578125,160.14999389648438,160.14999389648438,899200.0
ACWI,2026-09-10,159.14999389648438,159.4499969482422,158.6999969482422,158.7899932861328,158.7899932861328,1233700.0
ACWI,2026-09-11,160.3699951171875,160.69000244140625,160.02999877929688,160.25,160.25,2206000.0
ACWI,2026-09-14,158.74000549316406,159.66000366210938,158.35000610351562,158.9600067138672,158.9600067138672,1470700.0
ACWI,2026-09-15,158.91000366210938,158.91000366210938,157.9199981689453,158.1999969482422,158.1999969482422,2049300.0
ACWI,2026-09-16,158.9600067138672,159.25,156.67999267578125,157.61000061035156,157.61000061035156,1766200.0
ACWI,2026-09-17,159.77000427246094,159.77000427246094,159.19000244140625,159.57000732421875,159.57000732421875,1369300.0
ACWI,2026-09-18,159.36000061035156,159.41000366210938,158.63999938964844,159.2899932861328,159.2899932861328,1597100.0
ACWI,2026-09-21,160.66000366210938,162.0800018310547,160.5,161.85000610351562,161.85000610351562,1277600.0
ACWI,2026-09-22,162.0399932861328,162.4600067138672,161.58999633789062,162.1999969482422,162.1999969482422,2788600.0
ACWI,2026-09-23,161.61000061035156,161.6699981689453,159.97999572753906,160.22000122070312,160.22000122070312,3010500.0
ACWI,2026-09-24,159.42999267578125,160.4499969482422,159.1699981689453,160.0800018310547,160.0800018310547,1568400.0
ACWI,2026-09-25,160.52000427246094,161.2100067138672,160.00999450683594,161.0500030517578,161.0500030517578,1205100.0
ACWI,2026-09-28,160.17999267578125,160.61000061035156,159.24000549316406,159.67999267578125,159.67999267578125,3096300.0
ACWI,2026-09-29,159.8800048828125,159.88999938964844,159.36000061035156,159.5399932861328,159.5399932861328,907562.0
IEF,2026-03-30,95.19999694824219,95.38999938964844,95.12999725341797,95.2699966430664,93.357421875,15430000.0
IEF,2026-03-31,95.54000091552734,95.68000030517578,95.3499984741211,95.44000244140625,93.52401733398438,18649700.0
IEF,2026-04-01,95.08000183105469,95.29000091552734,95.0199966430664,95.04000091552734,93.44242095947266,13557600.0
IEF,2026-04-02,95.02999877929688,95.38999938964844,95.01000213623047,95.26000213623047,93.6587142944336,13171300.0
IEF,2026-04-06,95.0,95.18000030517578,94.91000366210938,95.01000213623047,93.41292572021484,6104900.0
IEF,2026-04-07,95.06999969482422,95.29000091552734,94.76000213623047,95.25,93.64888763427734,6737500.0
IEF,2026-04-08,95.72000122070312,95.7300033569336,95.37000274658203,95.45999908447266,93.85536193847656,12107400.0
IEF,2026-04-09,95.37000274658203,95.6500015258789,95.2300033569336,95.43000030517578,93.82586669921875,11065900.0
IEF,2026-04-10,95.43000030517578,95.45999908447266,95.26000213623047,95.2699966430664,93.66854095458984,4404800.0
IEF,2026-04-13,95.2699966430664,95.48999786376953,95.16999816894531,95.4800033569336,93.87501525878906,4300200.0
IEF,2026-04-14,95.44000244140625,95.80000305175781,95.41000366210938,95.79000091552734,94.1798095703125,5239800.0
IEF,2026-04-15,95.69000244140625,95.69999694824219,95.5,95.58000183105469,93.97333526611328,5592900.0
IEF,2026-04-16,95.66999816894531,95.69999694824219,95.37999725341797,95.41000366210938,93.80619812011719,6618900.0
IEF,2026-04-17,95.88999938964844,96.05000305175781,95.83999633789062,95.93000030517578,94.31745147705078,6912900.0
IEF,2026-04-20,95.91000366210938,95.91999816894531,95.70999908447266,95.83999633789062,94.22896575927734,3868800.0
IEF,2026-04-21,95.69000244140625,95.75,95.41000366210938,95.41999816894531,93.8160171508789,4872900.0
IEF,2026-04-22,95.68000030517578,95.70999908447266,95.5,95.5199966430664,93.91433715820312,4121400.0
IEF,2026-04-23,95.55999755859375,95.62999725341797,95.19000244140625,95.37000274658203,93.7668685913086,6795600.0
IEF,2026-04-24,95.29000091552734,95.58999633789062,95.20999908447266,95.55999755859375,93.95366668701172,5490000.0
IEF,2026-04-27,95.41999816894531,95.52999877929688,95.27999877929688,95.33999633789062,93.73736572265625,4055500.0
IEF,2026-04-28,95.19000244140625,95.2699966430664,95.11000061035156,95.25,93.64888763427734,4867700.0
IEF,2026-04-29,95.02999877929688,95.02999877929688,94.69999694824219,94.80000305175781,93.2064437866211,7200300.0
IEF,2026-04-30,95.04000091552734,95.08999633789062,94.87000274658203,94.9800033569336,93.38343048095703,10382400.0
IEF,2026-05-01,94.69000244140625,95.04000091552734,94.62000274658203,94.73999786376953,93.45443725585938,5359200.0
IEF,2026-05-04,94.58999633789062,94.5999984741211,94.22000122070312,94.38999938964844,93.10919189453125,6593900.0
IEF,2026-05-05,94.5,94.63999938964844,94.47000122070312,94.52999877929688,93.2472915649414,11281600.0
IEF,2026-05-06,94.93000030517578,95.02999877929688,94.86000061035156,95.0,93.71092224121094,9031100.0
IEF,2026-05-07,95.18000030517578,95.18000030517578,94.69000244140625,94.70999908447266,93.42485046386719,5610100.0
IEF,2026-05-08,95.04000091552734,95.08999633789062,94.91999816894531,94.95999908447266,93.67146301269531,3215100.0
IEF,2026-05-11,94.86000061035156,94.87999725341797,94.63999938964844,94.63999938964844,93.35580444335938,4025400.0
IEF,2026-05-12,94.41999816894531,94.43000030517578,94.30000305175781,94.31999969482422,93.04014587402344,5686700.0
IEF,2026-05-13,94.30000305175781,94.37999725341797,94.11000061035156,94.31999969482422,93.04014587402344,3459200.0
IEF,2026-05-14,94.54000091552734,94.55999755859375,94.25,94.26000213623047,92.98095703125,5167300.0
IEF,2026-05-15,93.72000122070312,93.75,93.48999786376953,93.51000213623047,92.24114227294922,12498700.0
IEF,2026-05-18,93.62000274658203,93.75,93.33999633789062,93.47000122070312,92.2016830444336,8422900.0
IEF,2026-05-19,93.12999725341797,93.2699966430664,92.94999694824219,93.11000061035156,91.84657287597656,10069800.0
IEF,2026-05-20,93.16999816894531,93.80999755859375,93.1500015258789,93.73999786376953,92.46800994873047,14892500.0
IEF,2026-05-21,93.47000122070312,93.83999633789062,93.30999755859375,93.80000305175781,92.52720642089844,7762000.0
IEF,2026-05-22,93.95999908447266,93.98999786376953,93.62999725341797,93.87999725341797,92.60611724853516,6321900.0
IEF,2026-05-26,94.33999633789062,94.3499984741211,94.12999725341797,94.27999877929688,93.00068664550781,5494400.0
IEF,2026-05-27,94.3499984741211,94.4800033569336,94.29000091552734,94.31999969482422,93.04014587402344,5958800.0
IEF,2026-05-28,94.3499984741211,94.66999816894531,94.29000091552734,94.54000091552734,93.25716400146484,5938300.0
IEF,2026-05-29,94.63999938964844,94.73999786376953,94.52999877929688,94.6500015258789,93.36566925048828,9639700.0
IEF,2026-06-01,93.91000366210938,94.19999694824219,93.80999755859375,94.16999816894531,93.20433807373047,8054100.0
IEF,2026-06-02,94.33000183105469,94.33000183105469,94.16000366210938,94.23999786376953,93.27362060546875,15426600.0
IEF,2026-06-03,93.98999786376953,94.0999984741211,93.91000366210938,94.0,93.03607940673828,7056500.0
IEF,2026-06-04,94.19999694824219,94.27999877929688,94.08999633789062,94.12000274658203,93.15486145019531,4417900.0
IEF,2026-06-05,93.70999908447266,93.79000091552734,93.58999633789062,93.62000274658203,92.65998077392578,9880800.0
IEF,2026-06-08,93.80000305175781,93.86000061035156,93.5199966430664,93.5199966430664,92.56099700927734,5352200.0
IEF,2026-06-09,93.70999908447266,93.8499984741211,93.61000061035156,93.77999877929688,92.8183364868164,8007300.0
IEF,2026-06-10,93.81999969482422,93.9000015258789,93.5999984741211,93.69000244140625,92.72926330566406,5804900.0
IEF,2026-06-11,93.80999755859375,94.37999725341797,93.75,94.33999633789062,93.37259674072266,11281600.0
IEF,2026-06-12,94.16000366210938,94.2699966430664,94.0199966430664,94.18000030517578,93.21424102783203,8861800.0
IEF,2026-06-15,94.38999938964844,94.47000122070312,94.26000213623047,94.27999877929688,93.31321716308594,3787600.0
IEF,2026-06-16,94.37999725341797,94.62000274658203,94.3499984741211,94.5199966430664,93.55075073242188,4675000.0
IEF,2026-06-17,94.52999877929688,94.58000183105469,94.01000213623047,94.0199966430664,93.05587005615234,11508300.0
IEF,2026-06-18,94.43000030517578,94.5999984741211,94.33000183105469,94.36000061035156,93.39238739013672,6836500.0
IEF,2026-06-22,94.11000061035156,94.12999725341797,93.97000122070312,94.0,93.03607940673828,4572200.0
IEF,2026-06-23,94.16000366210938,94.26000213623047,94.08999633789062,94.12000274658203,93.15486145019531,6504600.0
IEF,2026-06-24,94.56999969482422,94.77999877929688,94.55999755859375,94.7300033569336,93.75859832763672,5179800.0
IEF,2026-06-25,94.86000061035156,95.0199966430664,94.77999877929688,94.79000091552734,93.81798553466797,5630500.0
IEF,2026-06-26,94.83000183105469,95.08000183105469,94.83000183105469,95.02999877929688,94.0555191040039,5584100.0
IEF,2026-06-29,94.9800033569336,95.06999969482422,94.93000030517578,95.05999755859375,94.085205078125,5901500.0
IEF,2026-06-30,94.87999725341797,94.9000015258789,94.55000305175781,94.56999969482422,93.6002426147461,8034000.0
IEF,2026-07-01,94.04000091552734,94.19999694824219,94.0,94.02999877929688,93.37284088134766,7890500.0
IEF,2026-07-02,94.08999633789062,94.26000213623047,94.02999877929688,94.12000274658203,93.46221160888672,7605500.0
IEF,2026-07-06,94.13999938964844,94.19000244140625,94.02999877929688,94.18000030517578,93.52178955078125,4600500.0
IEF,2026-07-07,94.0,94.0199966430664,93.69000244140625,93.69999694824219,93.04513549804688,5813600.0
IEF,2026-07-08,93.52999877929688,93.58999633789062,93.36000061035156,93.51000213623047,92.85647583007812,5509600.0
IEF,2026-07-09,93.58999633789062,93.8499984741211,93.58999633789062,93.70999908447266,93.0550765991211,3223100.0
IEF,2026-07-10,93.73999786376953,93.77999877929688,93.58999633789062,93.62999725341797,92.97563171386719,6507600.0
IEF,2026-07-13,93.5,93.5199966430664,93.26000213623047,93.29000091552734,92.63800811767578,5769700.0
IEF,2026-07-14,93.5999984741211,93.79000091552734,93.45999908447266,93.55000305175781,92.89619445800781,5315900.0
IEF,2026-07-15,93.63999938964844,93.87000274658203,93.63999938964844,93.77999877929688,93.12458801269531,6735500.0
IEF,2026-07-16,93.58000183105469,93.75,93.54000091552734,93.72000122070312,93.06500244140625,4841200.0
IEF,2026-07-17,93.95999908447266,94.0999984741211,93.81999969482422,93.83999633789062,93.18416595458984,7561300.0
IEF,2026-07-20,93.73999786376953,93.76000213623047,93.44000244140625,93.54000091552734,92.88626861572266,3784800.0
IEF,2026-07-21,93.4000015258789,93.41999816894531,93.26000213623047,93.30999755859375,92.65786743164062,2786200.0
IEF,2026-07-22,93.27999877929688,93.29000091552734,93.08000183105469,93.0999984741211,92.44933319091797,3428200.0
IEF,2026-07-23,92.80000305175781,92.9000015258789,92.76000213623047,92.8499984741211,92.20108032226562,5002200.0
IEF,2026-07-24,92.98999786376953,93.22000122070312,92.94000244140625,93.02999877929688,92.37982940673828,5092700.0
IEF,2026-07-27,93.20999908447266,93.3499984741211,93.13999938964844,93.27999877929688,92.62808227539062,4046300.0
IEF,2026-07-28,93.37000274658203,93.66000366210938,93.37000274658203,93.55999755859375,92.90612030029297,3320700.0
IEF,2026-07-29,93.41000366210938,93.52999877929688,93.16000366210938,93.16999816894531,92.51884460449219,5391000.0
IEF,2026-07-30,93.23999786376953,93.31999969482422,93.12000274658203,93.20999908447266,92.55856323242188,3973000.0
IEF,2026-07-31,92.9800033569336,92.9800033569336,92.7300033569336,92.94999694824219,92.30037689208984,8490100.0
IEF,2026-08-03,92.80000305175781,92.87000274658203,92.69000244140625,92.81999969482422,92.48770904541016,5758500.0
IEF,2026-08-04,93.1500015258789,93.2699966430664,93.0999984741211,93.25,92.91617584228516,5461600.0
IEF,2026-08-05,93.20999908447266,93.33000183105469,93.12999725341797,93.30999755859375,92.9759521484375,5609200.0
IEF,2026-08-06,93.16000366210938,93.19000244140625,92.9000015258789,92.94999694824219,92.61724090576172,4831900.0
IEF,2026-08-07,93.29000091552734,93.31999969482422,93.05999755859375,93.16999816894531,92.83645629882812,55016600.0
IEF,2026-08-10,92.95999908447266,92.9800033569336,92.76000213623047,92.76000213623047,92.42793273925781,8610100.0
IEF,2026-08-11,92.94999694824219,93.05000305175781,92.87000274658203,92.87000274658203,92.53753662109375,5052200.0
IEF,2026-08-12,93.1500015258789,93.16000366210938,92.93000030517578,92.95999908447266,92.62721252441406,4810300.0
IEF,2026-08-13,93.30999755859375,93.51000213623047,93.27999877929688,93.30000305175781,92.96599578857422,7637900.0
IEF,2026-08-14,93.29000091552734,93.33000183105469,93.0,93.04000091552734,92.70692443847656,4659900.0
IEF,2026-08-17,92.95999908447266,93.04000091552734,92.83000183105469,92.83999633789062,92.50763702392578,4755400.0
IEF,2026-08-18,92.80000305175781,93.01000213623047,92.72000122070312,92.93000030517578,92.59732055664062,6312600.0
IEF,2026-08-19,93.3499984741211,93.38999938964844,93.12000274658203,93.37999725341797,93.04570770263672,7762300.0
IEF,2026-08-20,93.0,93.16999816894531,92.91999816894531,93.0,92.66706848144531,4956800.0
IEF,2026-08-21,92.94999694824219,92.97000122070312,92.7699966430664,92.81999969482422,92.48770904541016,4508700.0
IEF,2026-08-24,92.94999694824219,93.13999938964844,92.94000244140625,93.01000213623047,92.67703247070312,5809600.0
IEF,2026-08-25,93.30999755859375,93.54000091552734,93.26000213623047,93.51000213623047,93.17524719238281,7753500.0
IEF,2026-08-26,93.33999633789062,93.36000061035156,93.2300033569336,93.31999969482422,92.98592376708984,5671200.0
IEF,2026-08-27,93.30999755859375,93.37000274658203,93.16000366210938,93.2300033569336,92.89624786376953,10555700.0
IEF,2026-08-28,93.18000030517578,93.4000015258789,92.81999969482422,92.8499984741211,92.5176010131836,8008400.0
IEF,2026-08-31,92.75,92.75,92.62000274658203,92.73999786376953,92.40799713134766,8136100.0
IEF,2026-09-01,92.19000244140625,92.37000274658203,92.06999969482422,92.0999984741211,92.0999984741211,8030400.0
IEF,2026-09-02,92.16999816894531,92.19999694824219,92.04000091552734,92.18000030517578,92.18000030517578,6075800.0
IEF,2026-09-03,92.4800033569336,92.48999786376953,92.2699966430664,92.27999877929688,92.27999877929688,7194800.0
IEF,2026-09-04,92.26000213623047,92.4000015258789,92.22000122070312,92.25,92.25,3011600.0
IEF,2026-09-08,92.29000091552734,92.29000091552734,92.04000091552734,92.16000366210938,92.16000366210938,3481200.0
IEF,2026-09-09,92.08999633789062,92.16000366210938,91.77999877929688,91.9000015258789,91.9000015258789,5440600.0
IEF,2026-09-10,91.37000274658203,91.4800033569336,91.11000061035156,91.18000030517578,91.18000030517578,9840800.0
IEF,2026-09-11,91.33000183105469,91.41999816894531,90.9800033569336,91.01000213623047,91.01000213623047,8728500.0
IEF,2026-09-14,90.94000244140625,91.25,90.75,90.93000030517578,90.93000030517578,8884700.0
IEF,2026-09-15,90.83999633789062,90.91999816894531,90.75,90.81999969482422,90.81999969482422,9403700.0
IEF,2026-09-16,91.0,91.27999877929688,90.69999694824219,90.7300033569336,90.7300033569336,13144400.0
IEF,2026-09-17,91.16999816894531,91.26000213623047,91.08999633789062,91.25,91.25,8137600.0
IEF,2026-09-18,90.94000244140625,90.94000244140625,90.79000091552734,90.80000305175781,90.80000305175781,6721300.0
IEF,2026-09-21,91.12000274658203,91.16999816894531,91.01000213623047,91.1500015258789,91.1500015258789,8832400.0
IEF,2026-09-22,91.18000030517578,91.25,90.97000122070312,91.16000366210938,91.16000366210938,8941200.0
IEF,2026-09-23,90.95999908447266,90.97000122070312,89.98999786376953,90.19000244140625,90.19000244140625,14504900.0
IEF,2026-09-24,90.27999877929688,90.33999633789062,89.69000244140625,89.69000244140625,89.69000244140625,11008900.0
IEF,2026-09-25,89.79000091552734,90.0199966430664,89.54000091552734,90.0,90.0,17320200.0
IEF,2026-09-28,89.5199966430664,89.69000244140625,89.29000091552734,89.52999877929688,89.52999877929688,11366200.0
IEF,2026-09-29,89.49500274658203,89.50440216064453,89.33350372314453,89.45500183105469,89.45500183105469,2392793.0
TLH,2026-03-30,100.54000091552734,100.83999633789062,100.4000015258789,100.62999725341797,98.34053039550781,1470700.0
TLH,2026-03-31,100.87999725341797,101.16000366210938,100.58999633789062,100.72000122070312,98.428466796875,2399900.0
TLH,2026-04-01,100.25,100.66000366210938,100.19999694824219,100.23999786376953,98.34115600585938,2450700.0
TLH,2026-04-02,100.18000030517578,100.86000061035156,100.1500015258789,100.69999694824219,98.79244232177734,844700.0
TLH,2026-04-06,100.36000061035156,100.70999908447266,100.2699966430664,100.52999877929688,98.62567138671875,1085900.0
TLH,2026-04-07,100.47000122070312,100.62999725341797,99.86000061035156,100.56999969482422,98.66490936279297,822800.0
TLH,2026-04-08,101.4000015258789,101.44000244140625,100.80999755859375,100.94000244140625,99.02790069580078,869800.0
TLH,2026-04-09,100.76000213623047,101.23999786376953,100.5,100.86000061035156,98.94940948486328,683200.0
TLH,2026-04-10,100.76000213623047,100.80999755859375,100.45999908447266,100.58000183105469,98.67472839355469,1553200.0
TLH,2026-04-13,100.5,100.91999816894531,100.33999633789062,100.87000274658203,98.959228515625,2196800.0
TLH,2026-04-14,100.8499984741211,101.41999816894531,100.80000305175781,101.38999938964844,99.46937561035156,615500.0
TLH,2026-04-15,101.2300033569336,101.23999786376953,100.94000244140625,101.02999877929688,99.1161880493164,1143600.0
TLH,2026-04-16,101.1500015258789,101.18000030517578,100.45999908447266,100.54000091552734,98.6354751586914,958800.0
TLH,2026-04-17,101.33000183105469,101.55000305175781,101.19999694824219,101.37000274658203,99.44976043701172,679100.0
TLH,2026-04-20,101.4000015258789,101.41999816894531,101.0199966430664,101.33999633789062,99.42031860351562,618000.0
TLH,2026-04-21,101.16999816894531,101.29000091552734,100.72000122070312,100.72000122070312,98.81207275390625,1300000.0
TLH,2026-04-22,101.20999908447266,101.30000305175781,100.86000061035156,100.91999816894531,99.00827026367188,597600.0
TLH,2026-04-23,100.9800033569336,101.18000030517578,100.36000061035156,100.69999694824219,98.79244232177734,1020600.0
TLH,2026-04-24,100.58000183105469,101.01000213623047,100.41000366210938,100.94000244140625,99.02790069580078,848400.0
TLH,2026-04-27,100.73999786376953,100.87999725341797,100.44000244140625,100.58000183105469,98.67472839355469,655600.0
TLH,2026-04-28,100.31999969482422,100.52999877929688,100.16999816894531,100.52999877929688,98.62567138671875,1595500.0
TLH,2026-04-29,100.11000061035156,100.11000061035156,99.63999938964844,99.77999877929688,97.88987731933594,1479400.0
TLH,2026-04-30,100.05999755859375,100.05999755859375,99.6500015258789,99.83000183105469,97.93891906738281,971000.0
TLH,2026-05-01,99.62999725341797,100.19000244140625,99.5,99.75,98.21363830566406,1063000.0
TLH,2026-05-04,99.48999786376953,99.51000213623047,98.87999725341797,99.08999633789062,97.56379699707031,1103300.0
TLH,2026-05-05,99.29000091552734,99.55000305175781,99.22000122070312,99.5,97.96747589111328,764600.0
TLH,2026-05-06,100.19999694824219,100.36000061035156,100.08000183105469,100.27999877929688,98.73546600341797,789300.0
TLH,2026-05-07,100.56999969482422,100.56999969482422,99.79000091552734,99.83999633789062,98.30223846435547,885200.0
TLH,2026-05-08,100.30000305175781,100.4800033569336,100.20999908447266,100.26000213623047,98.71577453613281,606500.0
TLH,2026-05-11,100.08999633789062,100.12999725341797,99.7300033569336,99.7699966430664,98.23331451416016,583000.0
TLH,2026-05-12,99.33999633789062,99.3499984741211,99.11000061035156,99.16000366210938,97.63272094726562,1043200.0
TLH,2026-05-13,99.12000274658203,99.23999786376953,98.80000305175781,99.05999755859375,97.53426361083984,955700.0
TLH,2026-05-14,99.52999877929688,99.61000061035156,99.0999984741211,99.12999725341797,97.60317993164062,466300.0
TLH,2026-05-15,98.08000183105469,98.12999725341797,97.73999786376953,97.81999969482422,96.31336212158203,1665400.0
TLH,2026-05-18,97.91999816894531,98.12000274658203,97.5,97.72000122070312,96.21489715576172,2230200.0
TLH,2026-05-19,97.12999725341797,97.37000274658203,96.88999938964844,97.12999725341797,95.63397979736328,1984500.0
TLH,2026-05-20,97.22000122070312,98.18000030517578,97.19999694824219,98.08999633789062,96.5792007446289,2896100.0
TLH,2026-05-21,97.75,98.37000274658203,97.4800033569336,98.33999633789062,96.8253402709961,1420700.0
TLH,2026-05-22,98.7300033569336,98.75,98.25,98.7300033569336,97.20934295654297,1152100.0
TLH,2026-05-26,99.45999908447266,99.5,99.02999877929688,99.23999786376953,97.71148681640625,788000.0
TLH,2026-05-27,99.44000244140625,99.6500015258789,99.31999969482422,99.41999816894531,97.88871002197266,858700.0
TLH,2026-05-28,99.52999877929688,99.97000122070312,99.41000366210938,99.81999969482422,98.28255462646484,15514800.0
TLH,2026-05-29,99.95999908447266,100.11000061035156,99.73999786376953,99.91000366210938,98.37116241455078,2197700.0
TLH,2026-06-01,98.97000122070312,99.55000305175781,98.83000183105469,99.4800033569336,98.35237884521484,1649100.0
TLH,2026-06-02,99.83000183105469,99.83000183105469,99.52999877929688,99.66999816894531,98.54022979736328,881400.0
TLH,2026-06-03,99.25,99.41999816894531,99.08999633789062,99.29000091552734,98.1645278930664,650600.0
TLH,2026-06-04,99.58999633789062,99.68000030517578,99.38999938964844,99.47000122070312,98.34249114990234,741600.0
TLH,2026-06-05,98.88999938964844,99.16999816894531,98.81999969482422,98.8499984741211,97.72952270507812,777300.0
TLH,2026-06-08,99.11000061035156,99.19999694824219,98.52999877929688,98.52999877929688,97.41313934326172,743200.0
TLH,2026-06-09,98.86000061035156,99.05999755859375,98.69000244140625,98.98999786376953,97.86793518066406,862800.0
TLH,2026-06-10,99.04000091552734,99.19000244140625,98.62000274658203,98.79000091552734,97.67020416259766,803300.0
TLH,2026-06-11,99.04000091552734,99.95999908447266,98.94000244140625,99.9000015258789,98.76761627197266,1441400.0
TLH,2026-06-12,99.58000183105469,99.73999786376953,99.33999633789062,99.63999938964844,98.51056671142578,729500.0
TLH,2026-06-15,99.94000244140625,100.08999633789062,99.69000244140625,99.69999694824219,98.56988525390625,512800.0
TLH,2026-06-16,99.94999694824219,100.33999633789062,99.91999816894531,100.16999816894531,99.03455352783203,635900.0
TLH,2026-06-17,100.27999877929688,100.44000244140625,99.88999938964844,99.94999694824219,98.81704711914062,2093800.0
TLH,2026-06-18,100.70999908447266,100.87999725341797,100.41000366210938,100.47000122070312,99.33116149902344,625800.0
TLH,2026-06-22,100.04000091552734,100.05999755859375,99.72000122070312,99.83999633789062,98.70829010009766,868200.0
TLH,2026-06-23,99.94000244140625,100.19999694824219,99.91999816894531,100.0199966430664,98.8862533569336,1127700.0
TLH,2026-06-24,100.87999725341797,101.19000244140625,100.87000274658203,101.0999984741211,99.95401000976562,567000.0
TLH,2026-06-25,101.33000183105469,101.55000305175781,101.06999969482422,101.11000061035156,99.96390533447266,629100.0
TLH,2026-06-26,100.9000015258789,101.26000213623047,100.9000015258789,101.2300033569336,100.0825424194336,368800.0
TLH,2026-06-29,101.25,101.41000366210938,101.18000030517578,101.31999969482422,100.17152404785156,591400.0
TLH,2026-06-30,101.05000305175781,101.08999633789062,100.30999755859375,100.3499984741211,99.21251678466797,956800.0
TLH,2026-07-01,99.44999694824219,99.73999786376953,99.37000274658203,99.5199966430664,98.74913024902344,983500.0
TLH,2026-07-02,99.41000366210938,99.7699966430664,99.37999725341797,99.56999969482422,98.79874420166016,575800.0
TLH,2026-07-06,99.5,99.54000091552734,99.25,99.52999877929688,98.7590560913086,563800.0
TLH,2026-07-07,99.22000122070312,99.26000213623047,98.63999938964844,98.63999938964844,97.8759536743164,679500.0
TLH,2026-07-08,98.37000274658203,98.48999786376953,98.08999633789062,98.38999938964844,97.62788391113281,757900.0
TLH,2026-07-09,98.37000274658203,98.77999877929688,98.36000061035156,98.55000305175781,97.78665161132812,759900.0
TLH,2026-07-10,98.5999984741211,98.69999694824219,98.37000274658203,98.5,97.7370376586914,660800.0
TLH,2026-07-13,98.2300033569336,98.30000305175781,97.94999694824219,97.9800033569336,97.22106170654297,554600.0
TLH,2026-07-14,98.30000305175781,98.58999633789062,98.13999938964844,98.20999908447266,97.44927978515625,916300.0
TLH,2026-07-15,98.29000091552734,98.61000061035156,98.27999877929688,98.47000122070312,97.70726776123047,1493000.0
TLH,2026-07-16,98.06999969482422,98.44999694824219,98.01000213623047,98.44999694824219,97.68742370605469,526400.0
TLH,2026-07-17,98.83999633789062,99.04000091552734,98.66999816894531,98.68000030517578,97.91564178466797,589400.0
TLH,2026-07-20,98.48999786376953,98.5199966430664,97.98999786376953,98.12999725341797,97.3698959350586,640300.0
TLH,2026-07-21,97.91999816894531,97.94000244140625,97.63999938964844,97.80000305175781,97.0424575805664,537100.0
TLH,2026-07-22,97.73999786376953,97.7699966430664,97.44999694824219,97.4800033569336,96.72494506835938,748700.0
TLH,2026-07-23,97.0,97.16999816894531,96.94000244140625,97.0999984741211,96.3478775024414,1009000.0
TLH,2026-07-24,97.29000091552734,97.6500015258789,97.22000122070312,97.30999755859375,96.5562515258789,768100.0
TLH,2026-07-27,97.75,97.87999725341797,97.55999755859375,97.77999877929688,97.0226058959961,762800.0
TLH,2026-07-28,97.93000030517578,98.4000015258789,97.91999816894531,98.27999877929688,97.51873779296875,2044000.0
TLH,2026-07-29,98.0999984741211,98.16999816894531,97.05000305175781,97.11000061035156,96.35780334472656,1053300.0
TLH,2026-07-30,97.11000061035156,97.2300033569336,96.87000274658203,97.08999633789062,96.33795166015625,1790500.0
TLH,2026-07-31,96.70999908447266,96.72000122070312,96.18000030517578,96.54000091552734,95.7922134399414,1768400.0
TLH,2026-08-03,96.51000213623047,96.61000061035156,96.29000091552734,96.5199966430664,96.14984130859375,1728500.0
TLH,2026-08-04,97.0,97.26000213623047,96.94999694824219,97.23999786376953,96.86708068847656,1094500.0
TLH,2026-08-05,97.30000305175781,97.48999786376953,97.16000366210938,97.36000061035156,96.98662567138672,1639200.0
TLH,2026-08-06,97.12000274658203,97.22000122070312,96.73999786376953,96.83000183105469,96.45865631103516,710600.0
TLH,2026-08-07,97.19000244140625,97.25,96.83999633789062,97.05000305175781,96.67781066894531,1309900.0
TLH,2026-08-10,96.73999786376953,96.76000213623047,96.38999938964844,96.38999938964844,96.02033996582031,1171800.0
TLH,2026-08-11,96.66000366210938,96.83999633789062,96.52999877929688,96.55999755859375,96.18968963623047,1054700.0
TLH,2026-08-12,96.88999938964844,96.91000366210938,96.54000091552734,96.56999969482422,96.19965362548828,977200.0
TLH,2026-08-13,97.12999725341797,97.5199966430664,97.05000305175781,97.13999938964844,96.76746368408203,1333700.0
TLH,2026-08-14,96.8499984741211,96.9800033569336,96.45999908447266,96.5999984741211,96.22953796386719,1061600.0
TLH,2026-08-17,96.37999725341797,96.51000213623047,96.0199966430664,96.08000183105469,95.71153259277344,981400.0
TLH,2026-08-18,95.94000244140625,96.41999816894531,95.83999633789062,96.33000183105469,95.9605712890625,984400.0
TLH,2026-08-19,97.41999816894531,97.62999725341797,97.16999816894531,97.62999725341797,97.25558471679688,2007800.0
TLH,2026-08-20,96.95999908447266,97.33000183105469,96.81999969482422,97.01000213623047,96.63796997070312,1561800.0
TLH,2026-08-21,96.87000274658203,96.94999694824219,96.55999755859375,96.69000244140625,96.3191909790039,843600.0
TLH,2026-08-24,97.05999755859375,97.41000366210938,97.04000091552734,97.13999938964844,96.76746368408203,848800.0
TLH,2026-08-25,97.68000030517578,97.98999786376953,97.54000091552734,97.9800033569336,97.604248046875,1048900.0
TLH,2026-08-26,97.76000213623047,97.77999877929688,97.52999877929688,97.77999877929688,97.40501403808594,764500.0
TLH,2026-08-27,97.66000366210938,97.81999969482422,97.45999908447266,97.61000061035156,97.23566436767578,720700.0
TLH,2026-08-28,97.51000213623047,97.94000244140625,97.2300033569336,97.29000091552734,96.9168930053711,1180700.0
TLH,2026-08-31,96.97000122070312,97.0,96.69999694824219,97.0,96.62800598144531,1741900.0
TLH,2026-09-01,96.30000305175781,96.7300033569336,96.16999816894531,96.2300033569336,96.2300033569336,1235300.0
TLH,2026-09-02,96.33999633789062,96.44000244140625,96.12000274658203,96.33000183105469,96.33000183105469,1080700.0
TLH,2026-09-03,96.80000305175781,96.83000183105469,96.5,96.5,96.5,1117500.0
TLH,2026-09-04,96.66999816894531,96.86000061035156,96.56999969482422,96.61000061035156,96.61000061035156,859700.0
TLH,2026-09-08,96.80000305175781,96.80999755859375,96.30000305175781,96.5199966430664,96.5199966430664,1202800.0
TLH,2026-09-09,96.48999786376953,96.5999984741211,95.76000213623047,96.16000366210938,96.16000366210938,1473300.0
TLH,2026-09-10,95.37999725341797,95.66999816894531,94.94000244140625,95.04000091552734,95.04000091552734,1567300.0
TLH,2026-09-11,95.5,95.66000366210938,94.97000122070312,95.01000213623047,95.01000213623047,1349300.0
TLH,2026-09-14,94.91000366210938,95.47000122070312,94.62000274658203,95.02999877929688,95.02999877929688,1500500.0
TLH,2026-09-15,94.79000091552734,94.9800033569336,94.66000366210938,94.81999969482422,94.81999969482422,1670800.0
TLH,2026-09-16,95.12000274658203,95.62000274658203,94.88999938964844,94.93000030517578,94.93000030517578,2291800.0
TLH,2026-09-17,95.61000061035156,95.83999633789062,95.5,95.83000183105469,95.83000183105469,1071600.0
TLH,2026-09-18,95.45999908447266,95.45999908447266,95.11000061035156,95.16000366210938,95.16000366210938,1109800.0
TLH,2026-09-21,95.69999694824219,95.79000091552734,95.52999877929688,95.79000091552734,95.79000091552734,935700.0
TLH,2026-09-22,95.87000274658203,95.97000122070312,95.55999755859375,95.80999755859375,95.80999755859375,7466600.0
TLH,2026-09-23,95.4800033569336,95.51000213623047,94.11000061035156,94.33999633789062,94.33999633789062,2691000.0
TLH,2026-09-24,94.31999969482422,94.47000122070312,93.33000183105469,93.33999633789062,93.33999633789062,3174500.0
TLH,2026-09-25,93.30000305175781,93.44999694824219,92.83000183105469,93.37999725341797,93.37999725341797,5908800.0
TLH,2026-09-28,92.69000244140625,92.94000244140625,92.36000061035156,92.75,92.75,4450800.0
TLH,2026-09-29,92.66999816894531,92.66999816894531,92.37989807128906,92.5199966430664,92.5199966430664,558544.0
VGIT,2026-03-30,59.40999984741211,59.5,59.380001068115234,59.43000030517578,58.26313400268555,2664500.0
VGIT,2026-03-31,59.58000183105469,59.650001525878906,59.5,59.54999923706055,58.380775451660156,4953200.0
VGIT,2026-04-01,59.31999969482422,59.40999984741211,59.279998779296875,59.310001373291016,58.33749771118164,3270900.0
VGIT,2026-04-02,59.29999923706055,59.45000076293945,59.29999923706055,59.38999938964844,58.41618728637695,13322300.0
VGIT,2026-04-06,59.27000045776367,59.34000015258789,59.220001220703125,59.279998779296875,58.30799102783203,2519700.0
VGIT,2026-04-07,59.290000915527344,59.40999984741211,59.15999984741211,59.38999938964844,58.41618728637695,2953900.0
VGIT,2026-04-08,59.61000061035156,59.61000061035156,59.45000076293945,59.4900016784668,58.51454544067383,2344000.0
VGIT,2026-04-09,59.470001220703125,59.59000015258789,59.400001525878906,59.5,58.52438735961914,1636900.0
VGIT,2026-04-10,59.5,59.5099983215332,59.40999984741211,59.43000030517578,58.455528259277344,2069200.0
VGIT,2026-04-13,59.41999816894531,59.529998779296875,59.380001068115234,59.529998779296875,58.553890228271484,1798700.0
VGIT,2026-04-14,59.5099983215332,59.66999816894531,59.4900016784668,59.65999984741211,58.6817626953125,2789600.0
VGIT,2026-04-15,59.630001068115234,59.630001068115234,59.540000915527344,59.59000015258789,58.61290740966797,1665600.0
VGIT,2026-04-16,59.619998931884766,59.619998931884766,59.5,59.529998779296875,58.553890228271484,2242800.0
VGIT,2026-04-17,59.72999954223633,59.81999969482422,59.709999084472656,59.7599983215332,58.78011703491211,2077700.0
VGIT,2026-04-20,59.75,59.75,59.65999984741211,59.720001220703125,58.740779876708984,1798800.0
VGIT,2026-04-21,59.650001525878906,59.65999984741211,59.5099983215332,59.52000045776367,58.5440559387207,2088300.0
VGIT,2026-04-22,59.619998931884766,59.630001068115234,59.540000915527344,59.560001373291016,58.583404541015625,4995600.0
VGIT,2026-04-23,59.560001373291016,59.59000015258789,59.400001525878906,59.47999954223633,58.50471115112305,2356700.0
VGIT,2026-04-24,59.439998626708984,59.599998474121094,59.40999984741211,59.58000183105469,58.60307312011719,5077000.0
VGIT,2026-04-27,59.540000915527344,59.58000183105469,59.470001220703125,59.5099983215332,58.534217834472656,3622500.0
VGIT,2026-04-28,59.43000030517578,59.459999084472656,59.38999938964844,59.439998626708984,58.46536636352539,2391000.0
VGIT,2026-04-29,59.34000015258789,59.34000015258789,59.16999816894531,59.22999954223633,58.258811950683594,3254000.0
VGIT,2026-04-30,59.34000015258789,59.369998931884766,59.279998779296875,59.290000915527344,58.31782531738281,3118000.0
VGIT,2026-05-01,59.150001525878906,59.29999923706055,59.11000061035156,59.15999984741211,58.37406921386719,3143400.0
VGIT,2026-05-04,59.09000015258789,59.099998474121094,58.90999984741211,59.0099983215332,58.22605895996094,2119300.0
VGIT,2026-05-05,59.04999923706055,59.11000061035156,59.040000915527344,59.040000915527344,58.25566482543945,2194400.0
VGIT,2026-05-06,59.2400016784668,59.290000915527344,59.209999084472656,59.2599983215332,58.47273635864258,2630800.0
VGIT,2026-05-07,59.36000061035156,59.369998931884766,59.119998931884766,59.150001525878906,58.36420440673828,1770600.0
VGIT,2026-05-08,59.279998779296875,59.310001373291016,59.22999954223633,59.2400016784668,58.45301055908203,2603300.0
VGIT,2026-05-11,59.209999084472656,59.220001220703125,59.099998474121094,59.11000061035156,58.32473373413086,2218300.0
VGIT,2026-05-12,59.0,59.0,58.95000076293945,58.970001220703125,58.18659210205078,2122900.0
VGIT,2026-05-13,58.95000076293945,58.9900016784668,58.869998931884766,58.97999954223633,58.19646072387695,2810700.0
VGIT,2026-05-14,59.04999923706055,59.06999969482422,58.91999816894531,58.91999816894531,58.13725662231445,2791100.0
VGIT,2026-05-15,58.70000076293945,58.709999084472656,58.599998474121094,58.619998931884766,57.841243743896484,3584400.0
VGIT,2026-05-18,58.65999984741211,58.72999954223633,58.54999923706055,58.619998931884766,57.841243743896484,5365500.0
VGIT,2026-05-19,58.470001220703125,58.52000045776367,58.369998931884766,58.459999084472656,57.68336486816406,3728000.0
VGIT,2026-05-20,58.470001220703125,58.77000045776367,58.459999084472656,58.720001220703125,57.93991470336914,4347400.0
VGIT,2026-05-21,58.59000015258789,58.7599983215332,58.52000045776367,58.75,57.96951675415039,2973100.0
VGIT,2026-05-22,58.81999969482422,58.81999969482422,58.630001068115234,58.72999954223633,57.94977951049805,3783600.0
VGIT,2026-05-26,58.93000030517578,58.939998626708984,58.84000015258789,58.93000030517578,58.14712142944336,2519600.0
VGIT,2026-05-27,58.95000076293945,59.0099983215332,58.93000030517578,58.95000076293945,58.1668586730957,2569400.0
VGIT,2026-05-28,58.939998626708984,59.099998474121094,58.91999816894531,59.029998779296875,58.245792388916016,2400200.0
VGIT,2026-05-29,59.08000183105469,59.13999938964844,59.040000915527344,59.09000015258789,58.304996490478516,2721900.0
VGIT,2026-06-01,58.70000076293945,58.83000183105469,58.650001525878906,58.810001373291016,58.21986770629883,5040600.0
VGIT,2026-06-02,58.86000061035156,58.869998931884766,58.790000915527344,58.83000183105469,58.239662170410156,4244600.0
VGIT,2026-06-03,58.709999084472656,58.77000045776367,58.68000030517578,58.720001220703125,58.130767822265625,4656800.0
VGIT,2026-06-04,58.83000183105469,58.86000061035156,58.779998779296875,58.79999923706055,58.2099609375,2159300.0
VGIT,2026-06-05,58.59000015258789,58.61000061035156,58.52000045776367,58.560001373291016,57.972373962402344,2682700.0
VGIT,2026-06-08,58.63999938964844,58.65999984741211,58.52000045776367,58.529998779296875,57.94267272949219,2492300.0
VGIT,2026-06-09,58.599998474121094,58.66999816894531,58.56999969482422,58.63999938964844,58.05156707763672,11798200.0
VGIT,2026-06-10,58.65999984741211,58.689998626708984,58.56999969482422,58.59000015258789,58.002071380615234,5057800.0
VGIT,2026-06-11,58.63999938964844,58.90999984741211,58.61000061035156,58.88999938964844,58.2990608215332,3832600.0
VGIT,2026-06-12,58.81999969482422,58.86000061035156,58.75,58.81999969482422,58.22976303100586,3840700.0
VGIT,2026-06-15,58.93000030517578,58.970001220703125,58.869998931884766,58.880001068115234,58.289161682128906,2989300.0
VGIT,2026-06-16,58.90999984741211,59.02000045776367,58.900001525878906,58.97999954223633,58.38815689086914,2359400.0
VGIT,2026-06-17,58.959999084472656,58.9900016784668,58.66999816894531,58.68000030517578,58.09116744995117,3551600.0
VGIT,2026-06-18,58.86000061035156,58.939998626708984,58.81999969482422,58.84000015258789,58.24956512451172,2159000.0
VGIT,2026-06-22,58.720001220703125,58.7400016784668,58.66999816894531,58.689998626708984,58.10106658935547,2280300.0
VGIT,2026-06-23,58.77000045776367,58.810001373291016,58.7400016784668,58.7599983215332,58.17036056518555,2344200.0
VGIT,2026-06-24,58.91999816894531,59.02000045776367,58.91999816894531,59.0,58.407955169677734,2284300.0
VGIT,2026-06-25,59.08000183105469,59.13999938964844,59.029998779296875,59.04999923706055,58.457454681396484,1673100.0
VGIT,2026-06-26,59.08000183105469,59.189998626708984,59.08000183105469,59.15999984741211,58.566349029541016,1899400.0
VGIT,2026-06-29,59.130001068115234,59.16999816894531,59.11000061035156,59.16999816894531,58.57624816894531,2618500.0
VGIT,2026-06-30,59.099998474121094,59.099998474121094,58.959999084472656,58.97999954223633,58.38815689086914,2421300.0
VGIT,2026-07-01,58.70000076293945,58.779998779296875,58.689998626708984,58.70000076293945,58.296791076660156,4521400.0
VGIT,2026-07-02,58.75,58.81999969482422,58.720001220703125,58.79999923706055,58.39610290527344,3035400.0
VGIT,2026-07-06,58.779998779296875,58.810001373291016,58.72999954223633,58.810001373291016,58.406036376953125,2690400.0
VGIT,2026-07-07,58.72999954223633,58.7400016784668,58.59000015258789,58.61000061035156,58.2074089050293,2375200.0
VGIT,2026-07-08,58.52000045776367,58.540000915527344,58.43000030517578,58.52000045776367,58.11802673339844,2898200.0
VGIT,2026-07-09,58.560001373291016,58.66999816894531,58.54999923706055,58.61000061035156,58.2074089050293,2730800.0
VGIT,2026-07-10,58.619998931884766,58.630001068115234,58.540000915527344,58.560001373291016,58.157752990722656,2792200.0
VGIT,2026-07-13,58.5,58.5099983215332,58.380001068115234,58.400001525878906,57.99885177612305,2438600.0
VGIT,2026-07-14,58.56999969482422,58.650001525878906,58.4900016784668,58.54999923706055,58.14781951904297,2633900.0
VGIT,2026-07-15,58.61000061035156,58.720001220703125,58.599998474121094,58.66999816894531,58.26699447631836,2588500.0
VGIT,2026-07-16,58.58000183105469,58.65999984741211,58.56999969482422,58.650001525878906,58.247135162353516,2052900.0
VGIT,2026-07-17,58.75,58.810001373291016,58.66999816894531,58.68000030517578,58.27692794799805,2267000.0
VGIT,2026-07-20,58.630001068115234,58.63999938964844,58.5099983215332,58.560001373291016,58.157752990722656,3298300.0
VGIT,2026-07-21,58.4900016784668,58.5,58.41999816894531,58.439998626708984,58.03857421875,1827700.0
VGIT,2026-07-22,58.43000030517578,58.43000030517578,58.33000183105469,58.34000015258789,57.93926239013672,1899300.0
VGIT,2026-07-23,58.209999084472656,58.25,58.18000030517578,58.22999954223633,57.83001708984375,2192200.0
VGIT,2026-07-24,58.290000915527344,58.38999938964844,58.27000045776367,58.31999969482422,57.91939926147461,1593700.0
VGIT,2026-07-27,58.369998931884766,58.45000076293945,58.349998474121094,58.400001525878906,57.99885177612305,2309800.0
VGIT,2026-07-28,58.459999084472656,58.58000183105469,58.459999084472656,58.540000915527344,58.13788986206055,2020400.0
VGIT,2026-07-29,58.459999084472656,58.560001373291016,58.369998931884766,58.43000030517578,58.02864456176758,2306600.0
VGIT,2026-07-30,58.4900016784668,58.5099983215332,58.41999816894531,58.45000076293945,58.04850769042969,2368600.0
VGIT,2026-07-31,58.349998474121094,58.36000061035156,58.25,58.349998474121094,57.949195861816406,2806200.0
VGIT,2026-08-03,58.2400016784668,58.279998779296875,58.189998626708984,58.25,58.04385757446289,2997100.0
VGIT,2026-08-04,58.400001525878906,58.459999084472656,58.380001068115234,58.43000030517578,58.22322082519531,3103300.0
VGIT,2026-08-05,58.40999984741211,58.470001220703125,58.369998931884766,58.459999084472656,58.25311279296875,3649600.0
VGIT,2026-08-06,58.400001525878906,58.400001525878906,58.27000045776367,58.310001373291016,58.1036491394043,2895700.0
VGIT,2026-08-07,58.47999954223633,58.4900016784668,58.380001068115234,58.41999816894531,58.2132568359375,5189200.0
VGIT,2026-08-10,58.33000183105469,58.34000015258789,58.25,58.2599983215332,58.0538215637207,2397100.0
VGIT,2026-08-11,58.34000015258789,58.380001068115234,58.29999923706055,58.310001373291016,58.1036491394043,2010300.0
VGIT,2026-08-12,58.439998626708984,58.45000076293945,58.349998474121094,58.36000061035156,58.15346908569336,2225700.0
VGIT,2026-08-13,58.529998779296875,58.61000061035156,58.5099983215332,58.529998779296875,58.32286834716797,4349800.0
VGIT,2026-08-14,58.540000915527344,58.560001373291016,58.400001525878906,58.43000030517578,58.22322082519531,2348800.0
VGIT,2026-08-17,58.400001525878906,58.439998626708984,58.36000061035156,58.380001068115234,58.17340087890625,4177400.0
VGIT,2026-08-18,58.34000015258789,58.43000030517578,58.31999969482422,58.400001525878906,58.193328857421875,4054700.0
VGIT,2026-08-19,58.529998779296875,58.540000915527344,58.41999816894531,58.540000915527344,58.33283233642578,8170900.0
VGIT,2026-08-20,58.380001068115234,58.439998626708984,58.349998474121094,58.38999938964844,58.1833610534668,3696900.0
VGIT,2026-08-21,58.369998931884766,58.380001068115234,58.290000915527344,58.31999969482422,58.113609313964844,4955600.0
VGIT,2026-08-24,58.36000061035156,58.43000030517578,58.349998474121094,58.369998931884766,58.16343307495117,4606000.0
VGIT,2026-08-25,58.5,58.599998474121094,58.4900016784668,58.59000015258789,58.38265609741211,21088300.0
VGIT,2026-08-26,58.5099983215332,58.52000045776367,58.45000076293945,58.5,58.292972564697266,22722900.0
VGIT,2026-08-27,58.5,58.540000915527344,58.43000030517578,58.459999084472656,58.25311279296875,14336100.0
VGIT,2026-08-28,58.45000076293945,58.540000915527344,58.220001220703125,58.2400016784668,58.033897399902344,9568600.0
VGIT,2026-08-31,58.220001220703125,58.220001220703125,58.16999816894531,58.209999084472656,58.003997802734375,5984300.0
VGIT,2026-09-01,57.90999984741211,57.9900016784668,57.849998474121094,57.869998931884766,57.869998931884766,6113300.0
VGIT,2026-09-02,57.900001525878906,57.91999816894531,57.84000015258789,57.91999816894531,57.91999816894531,3131100.0
VGIT,2026-09-03,58.04999923706055,58.04999923706055,57.959999084472656,57.970001220703125,57.970001220703125,3762100.0
VGIT,2026-09-04,57.939998626708984,57.9900016784668,57.91999816894531,57.93000030517578,57.93000030517578,2427900.0
VGIT,2026-09-08,57.95000076293945,57.95000076293945,57.84000015258789,57.880001068115234,57.880001068115234,2744400.0
VGIT,2026-09-09,57.849998474121094,57.88999938964844,57.7400016784668,57.7599983215332,57.7599983215332,2993000.0
VGIT,2026-09-10,57.540000915527344,57.56999969482422,57.40999984741211,57.439998626708984,57.439998626708984,4788100.0
VGIT,2026-09-11,57.47999954223633,57.52000045776367,57.31999969482422,57.34000015258789,57.34000015258789,3717500.0
VGIT,2026-09-14,57.290000915527344,57.439998626708984,57.209999084472656,57.279998779296875,57.279998779296875,5437700.0
VGIT,2026-09-15,57.25,57.290000915527344,57.220001220703125,57.2400016784668,57.2400016784668,5554000.0
VGIT,2026-09-16,57.33000183105469,57.439998626708984,57.15999984741211,57.16999816894531,57.16999816894531,5246300.0
VGIT,2026-09-17,57.36000061035156,57.400001525878906,57.33000183105469,57.400001525878906,57.400001525878906,6868500.0
VGIT,2026-09-18,57.2400016784668,57.2400016784668,57.18000030517578,57.18000030517578,57.18000030517578,6310300.0
VGIT,2026-09-21,57.310001373291016,57.34000015258789,57.27000045776367,57.310001373291016,57.310001373291016,5968300.0
VGIT,2026-09-22,57.34000015258789,57.369998931884766,57.2400016784668,57.31999969482422,57.31999969482422,5267200.0
VGIT,2026-09-23,57.220001220703125,57.2400016784668,56.790000915527344,56.88999938964844,56.88999938964844,4334600.0
VGIT,2026-09-24,56.959999084472656,56.97999954223633,56.709999084472656,56.709999084472656,56.709999084472656,6691400.0
VGIT,2026-09-25,56.79999923706055,56.91999816894531,56.709999084472656,56.900001525878906,56.900001525878906,4523300.0
VGIT,2026-09-28,56.70000076293945,56.779998779296875,56.599998474121094,56.70000076293945,56.70000076293945,4616400.0
VGIT,2026-09-29,56.67900085449219,56.695899963378906,56.61009979248047,56.6776008605957,56.6776008605957,1449708.0
SPTI,2026-03-30,28.59000015258789,28.639999389648438,28.579999923706055,28.610000610351562,28.05447006225586,1591200.0
SPTI,2026-03-31,28.68000030517578,28.709999084472656,28.639999389648438,28.65999984741211,28.103500366210938,2432900.0
SPTI,2026-04-01,28.549999237060547,28.600000381469727,28.530000686645508,28.540000915527344,28.076942443847656,3927800.0
SPTI,2026-04-02,28.540000915527344,28.6200008392334,28.540000915527344,28.579999923706055,28.11629295349121,5159100.0
SPTI,2026-04-06,28.530000686645508,28.559999465942383,28.5,28.540000915527344,28.076942443847656,2013200.0
SPTI,2026-04-07,28.540000915527344,28.600000381469727,28.479999542236328,28.579999923706055,28.11629295349121,2323400.0
SPTI,2026-04-08,28.690000534057617,28.690000534057617,28.610000610351562,28.639999389648438,28.175317764282227,2113100.0
SPTI,2026-04-09,28.610000610351562,28.68000030517578,28.59000015258789,28.639999389648438,28.175317764282227,1928500.0
SPTI,2026-04-10,28.639999389648438,28.649999618530273,28.59000015258789,28.610000610351562,28.14580726623535,3629500.0
SPTI,2026-04-13,28.600000381469727,28.65999984741211,28.579999923706055,28.65999984741211,28.19499397277832,1827500.0
SPTI,2026-04-14,28.639999389648438,28.719999313354492,28.6299991607666,28.719999313354492,28.254018783569336,1396600.0
SPTI,2026-04-15,28.690000534057617,28.700000762939453,28.649999618530273,28.670000076293945,28.204832077026367,2841200.0
SPTI,2026-04-16,28.700000762939453,28.700000762939453,28.639999389648438,28.65999984741211,28.19499397277832,1432100.0
SPTI,2026-04-17,28.760000228881836,28.790000915527344,28.739999771118164,28.760000228881836,28.293371200561523,2595100.0
SPTI,2026-04-20,28.760000228881836,28.760000228881836,28.719999313354492,28.739999771118164,28.273693084716797,1871700.0
SPTI,2026-04-21,28.709999084472656,28.719999313354492,28.639999389648438,28.649999618530273,28.185155868530273,1852800.0
SPTI,2026-04-22,28.700000762939453,28.700000762939453,28.65999984741211,28.670000076293945,28.204832077026367,1428500.0
SPTI,2026-04-23,28.670000076293945,28.690000534057617,28.59000015258789,28.6299991607666,28.16547966003418,1424500.0
SPTI,2026-04-24,28.6200008392334,28.690000534057617,28.600000381469727,28.670000076293945,28.204832077026367,1326700.0
SPTI,2026-04-27,28.649999618530273,28.68000030517578,28.6299991607666,28.649999618530273,28.185155868530273,3360900.0
SPTI,2026-04-28,28.610000610351562,28.6200008392334,28.579999923706055,28.600000381469727,28.135967254638672,1337100.0
SPTI,2026-04-29,28.549999237060547,28.559999465942383,28.489999771118164,28.5,28.03759002685547,1712800.0
SPTI,2026-04-30,28.559999465942383,28.579999923706055,28.540000915527344,28.549999237060547,28.086776733398438,1711700.0
SPTI,2026-05-01,28.469999313354492,28.549999237060547,28.450000762939453,28.479999542236328,28.106515884399414,3311500.0
SPTI,2026-05-04,28.43000030517578,28.440000534057617,28.360000610351562,28.399999618530273,28.027565002441406,4802200.0
SPTI,2026-05-05,28.420000076293945,28.450000762939453,28.40999984741211,28.420000076293945,28.047304153442383,2938900.0
SPTI,2026-05-06,28.520000457763672,28.540000915527344,28.5,28.530000686645508,28.155860900878906,2008100.0
SPTI,2026-05-07,28.56999969482422,28.579999923706055,28.459999084472656,28.469999313354492,28.096647262573242,1881400.0
SPTI,2026-05-08,28.540000915527344,28.549999237060547,28.510000228881836,28.520000457763672,28.145992279052734,2943200.0
SPTI,2026-05-11,28.5,28.5,28.440000534057617,28.450000762939453,28.0769100189209,1471400.0
SPTI,2026-05-12,28.399999618530273,28.399999618530273,28.3700008392334,28.389999389648438,28.017696380615234,1466600.0
SPTI,2026-05-13,28.3700008392334,28.399999618530273,28.329999923706055,28.389999389648438,28.017696380615234,1368700.0
SPTI,2026-05-14,28.420000076293945,28.43000030517578,28.360000610351562,28.3700008392334,27.99795913696289,1470700.0
SPTI,2026-05-15,28.25,28.260000228881836,28.209999084472656,28.219999313354492,27.849925994873047,2025500.0
SPTI,2026-05-18,28.239999771118164,28.270000457763672,28.18000030517578,28.219999313354492,27.849925994873047,3563600.0
SPTI,2026-05-19,28.139999389648438,28.170000076293945,28.09000015258789,28.139999389648438,27.770977020263672,2847700.0
SPTI,2026-05-20,28.139999389648438,28.280000686645508,28.139999389648438,28.260000228881836,27.889400482177734,6304500.0
SPTI,2026-05-21,28.209999084472656,28.290000915527344,28.170000076293945,28.270000457763672,27.89927101135254,2461900.0
SPTI,2026-05-22,28.309999465942383,28.309999465942383,28.219999313354492,28.270000457763672,27.89927101135254,2112300.0
SPTI,2026-05-26,28.3700008392334,28.3700008392334,28.31999969482422,28.350000381469727,27.978221893310547,1788300.0
SPTI,2026-05-27,28.3700008392334,28.399999618530273,28.360000610351562,28.360000610351562,27.988088607788086,1590000.0
SPTI,2026-05-28,28.3700008392334,28.440000534057617,28.360000610351562,28.40999984741211,28.037431716918945,3092500.0
SPTI,2026-05-29,28.43000030517578,28.469999313354492,28.420000076293945,28.440000534057617,28.067041397094727,3062400.0
SPTI,2026-06-01,28.260000228881836,28.309999465942383,28.229999542236328,28.309999465942383,28.030405044555664,1900600.0
SPTI,2026-06-02,28.34000015258789,28.34000015258789,28.299999237060547,28.31999969482422,28.040306091308594,2046100.0
SPTI,2026-06-03,28.260000228881836,28.290000915527344,28.239999771118164,28.270000457763672,27.990802764892578,2464900.0
SPTI,2026-06-04,28.31999969482422,28.34000015258789,28.290000915527344,28.299999237060547,28.020503997802734,2631600.0
SPTI,2026-06-05,28.200000762939453,28.209999084472656,28.170000076293945,28.18000030517578,27.901689529418945,2320200.0
SPTI,2026-06-08,28.229999542236328,28.239999771118164,28.170000076293945,28.18000030517578,27.901689529418945,1927400.0
SPTI,2026-06-09,28.209999084472656,28.239999771118164,28.18000030517578,28.219999313354492,27.941295623779297,2148100.0
SPTI,2026-06-10,28.239999771118164,28.25,28.190000534057617,28.209999084472656,27.9313907623291,2208100.0
SPTI,2026-06-11,28.219999313354492,28.360000610351562,28.209999084472656,28.350000381469727,28.070011138916016,3676200.0
SPTI,2026-06-12,28.309999465942383,28.329999923706055,28.270000457763672,28.299999237060547,28.020503997802734,3461100.0
SPTI,2026-06-15,28.3700008392334,28.3799991607666,28.329999923706055,28.329999923706055,28.050207138061523,1471600.0
SPTI,2026-06-16,28.360000610351562,28.40999984741211,28.350000381469727,28.389999389648438,28.109615325927734,1596100.0
SPTI,2026-06-17,28.3799991607666,28.389999389648438,28.239999771118164,28.239999771118164,27.961097717285156,3040800.0
SPTI,2026-06-18,28.31999969482422,28.3700008392334,28.309999465942383,28.309999465942383,28.030405044555664,1764900.0
SPTI,2026-06-22,28.270000457763672,28.280000686645508,28.239999771118164,28.239999771118164,27.961097717285156,2043800.0
SPTI,2026-06-23,28.290000915527344,28.309999465942383,28.270000457763672,28.280000686645508,28.000701904296875,2791700.0
SPTI,2026-06-24,28.3700008392334,28.40999984741211,28.360000610351562,28.389999389648438,28.109615325927734,2421100.0
SPTI,2026-06-25,28.43000030517578,28.469999313354492,28.40999984741211,28.43000030517578,28.149221420288086,3641500.0
SPTI,2026-06-26,28.450000762939453,28.489999771118164,28.440000534057617,28.479999542236328,28.1987247467041,6357300.0
SPTI,2026-06-29,28.459999084472656,28.479999542236328,28.450000762939453,28.469999313354492,28.188825607299805,2382800.0
SPTI,2026-06-30,28.440000534057617,28.450000762939453,28.3799991607666,28.389999389648438,28.109615325927734,2021500.0
SPTI,2026-07-01,28.260000228881836,28.290000915527344,28.239999771118164,28.260000228881836,28.070877075195312,8559800.0
SPTI,2026-07-02,28.270000457763672,28.309999465942383,28.260000228881836,28.290000915527344,28.100677490234375,3433500.0
SPTI,2026-07-06,28.299999237060547,28.309999465942383,28.270000457763672,28.309999465942383,28.120540618896484,2103100.0
SPTI,2026-07-07,28.270000457763672,28.270000457763672,28.200000762939453,28.200000762939453,28.01127815246582,1716500.0
SPTI,2026-07-08,28.170000076293945,28.18000030517578,28.1200008392334,28.15999984741211,27.97154426574707,1393700.0
SPTI,2026-07-09,28.18000030517578,28.239999771118164,28.18000030517578,28.209999084472656,28.021209716796875,963400.0
SPTI,2026-07-10,28.219999313354492,28.219999313354492,28.18000030517578,28.190000534057617,28.001346588134766,1793600.0
SPTI,2026-07-13,28.15999984741211,28.15999984741211,28.100000381469727,28.110000610351562,27.9218807220459,1114900.0
SPTI,2026-07-14,28.190000534057617,28.229999542236328,28.149999618530273,28.170000076293945,27.98147964477539,2412600.0
SPTI,2026-07-15,28.209999084472656,28.260000228881836,28.209999084472656,28.229999542236328,28.04107666015625,4387100.0
SPTI,2026-07-16,28.200000762939453,28.229999542236328,28.190000534057617,28.219999313354492,28.031143188476562,1413100.0
SPTI,2026-07-17,28.280000686645508,28.309999465942383,28.239999771118164,28.25,28.060943603515625,1047900.0
SPTI,2026-07-20,28.219999313354492,28.229999542236328,28.15999984741211,28.190000534057617,28.001346588134766,1730500.0
SPTI,2026-07-21,28.15999984741211,28.15999984741211,28.1200008392334,28.1200008392334,27.931814193725586,1885400.0
SPTI,2026-07-22,28.1299991607666,28.1299991607666,28.06999969482422,28.079999923706055,27.892080307006836,1121200.0
SPTI,2026-07-23,28.020000457763672,28.040000915527344,28.0,28.020000457763672,27.832483291625977,1357700.0
SPTI,2026-07-24,28.059999465942383,28.100000381469727,28.049999237060547,28.059999465942383,27.87221336364746,1054300.0
SPTI,2026-07-27,28.09000015258789,28.1299991607666,28.079999923706055,28.110000610351562,27.9218807220459,1530000.0
SPTI,2026-07-28,28.139999389648438,28.200000762939453,28.139999389648438,28.18000030517578,27.991411209106445,5779200.0
SPTI,2026-07-29,28.139999389648438,28.190000534057617,28.100000381469727,28.1299991607666,27.94174575805664,1312400.0
SPTI,2026-07-30,28.149999618530273,28.170000076293945,28.1200008392334,28.139999389648438,27.951679229736328,915500.0
SPTI,2026-07-31,28.09000015258789,28.09000015258789,28.040000915527344,28.079999923706055,27.892080307006836,1843000.0
SPTI,2026-08-03,28.030000686645508,28.040000915527344,28.010000228881836,28.030000686645508,27.93593406677246,2827100.0
SPTI,2026-08-04,28.110000610351562,28.139999389648438,28.100000381469727,28.1299991607666,28.03559684753418,1722100.0
SPTI,2026-08-05,28.110000610351562,28.149999618530273,28.100000381469727,28.139999389648438,28.045564651489258,1493500.0
SPTI,2026-08-06,28.110000610351562,28.110000610351562,28.049999237060547,28.059999465942383,27.965831756591797,1541200.0
SPTI,2026-08-07,28.139999389648438,28.149999618530273,28.100000381469727,28.1200008392334,28.025632858276367,1410800.0
SPTI,2026-08-10,28.079999923706055,28.079999923706055,28.040000915527344,28.040000915527344,27.945899963378906,2976800.0
SPTI,2026-08-11,28.079999923706055,28.100000381469727,28.059999465942383,28.06999969482422,27.975799560546875,1330700.0
SPTI,2026-08-12,28.1299991607666,28.1299991607666,28.079999923706055,28.09000015258789,27.9957332611084,1279500.0
SPTI,2026-08-13,28.170000076293945,28.209999084472656,28.15999984741211,28.170000076293945,28.075464248657227,1754700.0
SPTI,2026-08-14,28.170000076293945,28.190000534057617,28.110000610351562,28.1200008392334,28.025632858276367,1267800.0
SPTI,2026-08-17,28.110000610351562,28.1299991607666,28.09000015258789,28.100000381469727,28.005699157714844,1353100.0
SPTI,2026-08-18,28.079999923706055,28.1200008392334,28.06999969482422,28.110000610351562,28.01566505432129,1193300.0
SPTI,2026-08-19,28.18000030517578,28.18000030517578,28.1200008392334,28.18000030517578,28.085430145263672,1292000.0
SPTI,2026-08-20,28.100000381469727,28.1299991607666,28.09000015258789,28.110000610351562,28.01566505432129,1485200.0
SPTI,2026-08-21,28.100000381469727,28.100000381469727,28.059999465942383,28.06999969482422,27.975799560546875,1349000.0
SPTI,2026-08-24,28.079999923706055,28.1200008392334,28.079999923706055,28.100000381469727,28.005699157714844,3614200.0
SPTI,2026-08-25,28.15999984741211,28.209999084472656,28.149999618530273,28.209999084472656,28.115327835083008,1042000.0
SPTI,2026-08-26,28.15999984741211,28.170000076293945,28.1299991607666,28.149999618530273,28.055530548095703,1792300.0
SPTI,2026-08-27,28.15999984741211,28.170000076293945,28.1200008392334,28.139999389648438,28.045564651489258,1641700.0
SPTI,2026-08-28,28.1299991607666,28.170000076293945,28.030000686645508,28.040000915527344,27.945899963378906,2513400.0
SPTI,2026-08-31,28.030000686645508,28.030000686645508,28.0,28.010000228881836,27.916000366210938,1672700.0
SPTI,2026-09-01,27.8799991607666,27.920000076293945,27.850000381469727,27.860000610351562,27.860000610351562,3129100.0
SPTI,2026-09-02,27.8799991607666,27.8799991607666,27.84000015258789,27.8700008392334,27.8700008392334,4351700.0
SPTI,2026-09-03,27.940000534057617,27.950000762939453,27.899999618530273,27.90999984741211,27.90999984741211,2111100.0
SPTI,2026-09-04,27.899999618530273,27.920000076293945,27.8799991607666,27.899999618530273,27.899999618530273,1809300.0
SPTI,2026-09-08,27.899999618530273,27.899999618530273,27.84000015258789,27.860000610351562,27.860000610351562,1075700.0
SPTI,2026-09-09,27.860000610351562,27.8700008392334,27.799999237060547,27.809999465942383,27.809999465942383,1654500.0
SPTI,2026-09-10,27.690000534057617,27.739999771118164,27.6299991607666,27.649999618530273,27.649999618530273,2030900.0
SPTI,2026-09-11,27.68000030517578,27.690000534057617,27.59000015258789,27.610000610351562,27.610000610351562,1982800.0
SPTI,2026-09-14,27.56999969482422,27.649999618530273,27.540000915527344,27.579999923706055,27.579999923706055,4047000.0
SPTI,2026-09-15,27.56999969482422,27.579999923706055,27.540000915527344,27.549999237060547,27.549999237060547,5954800.0
SPTI,2026-09-16,27.600000381469727,27.68000030517578,27.520000457763672,27.520000457763672,27.520000457763672,2796100.0
SPTI,2026-09-17,27.6200008392334,27.6299991607666,27.59000015258789,27.6200008392334,27.6200008392334,3397800.0
SPTI,2026-09-18,27.559999465942383,27.559999465942383,27.520000457763672,27.530000686645508,27.530000686645508,2162200.0
SPTI,2026-09-21,27.59000015258789,27.600000381469727,27.56999969482422,27.59000015258789,27.59000015258789,4539200.0
SPTI,2026-09-22,27.59000015258789,27.6200008392334,27.549999237060547,27.600000381469727,27.600000381469727,2737700.0
SPTI,2026-09-23,27.559999465942383,27.559999465942383,27.34000015258789,27.399999618530273,27.399999618530273,3036300.0
SPTI,2026-09-24,27.420000076293945,27.43000030517578,27.309999465942383,27.309999465942383,27.309999465942383,2182300.0
SPTI,2026-09-25,27.34000015258789,27.40999984741211,27.299999237060547,27.399999618530273,27.399999618530273,2254700.0
SPTI,2026-09-28,27.299999237060547,27.34000015258789,27.239999771118164,27.299999237060547,27.299999237060547,3238100.0
SPTI,2026-09-29,27.290000915527344,27.295900344848633,27.2549991607666,27.28499984741211,27.28499984741211,288951.0
SGOV,2026-03-30,100.6500015258789,100.66000366210938,100.6500015258789,100.66000366210938,98.87369537353516,19102700.0
SGOV,2026-03-31,100.66000366210938,100.66999816894531,100.66000366210938,100.66000366210938,98.87369537353516,36976800.0
SGOV,2026-04-01,100.38999938964844,100.38999938964844,100.37999725341797,100.38999938964844,98.89634704589844,41267300.0
SGOV,2026-04-02,100.41999816894531,100.43000030517578,100.41999816894531,100.43000030517578,98.93575286865234,22593000.0
SGOV,2026-04-06,100.43499755859375,100.44000244140625,100.43000030517578,100.44000244140625,98.94561004638672,23234700.0
SGOV,2026-04-07,100.44000244140625,100.44999694824219,100.44000244140625,100.44999694824219,98.95545196533203,18849600.0
SGOV,2026-04-08,100.45999908447266,100.45999908447266,100.44999694824219,100.44999694824219,98.95545196533203,24241600.0
SGOV,2026-04-09,100.47000122070312,100.47000122070312,100.45999908447266,100.45999908447266,98.96530151367188,17796600.0
SGOV,2026-04-10,100.48999786376953,100.5,100.48999786376953,100.5,99.00471496582031,18783100.0
SGOV,2026-04-13,100.5,100.51000213623047,100.5,100.51000213623047,99.01456451416016,20215500.0
SGOV,2026-04-14,100.51000213623047,100.5199966430664,100.51000213623047,100.51000213623047,99.01456451416016,29929400.0
SGOV,2026-04-15,100.5199966430664,100.52999877929688,100.5199966430664,100.52999877929688,99.03425598144531,19787100.0
SGOV,2026-04-16,100.52999877929688,100.54000091552734,100.52999877929688,100.52999877929688,99.03425598144531,16656100.0
SGOV,2026-04-17,100.55999755859375,100.56999969482422,100.55999755859375,100.55999755859375,99.06382751464844,20660500.0
SGOV,2026-04-20,100.56999969482422,100.58000183105469,100.56999969482422,100.56999969482422,99.07367706298828,19208900.0
SGOV,2026-04-21,100.58000183105469,100.58999633789062,100.58000183105469,100.58999633789062,99.09336853027344,14009800.0
SGOV,2026-04-22,100.5999984741211,100.5999984741211,100.58999633789062,100.5999984741211,99.10321807861328,15070100.0
SGOV,2026-04-23,100.61000061035156,100.61000061035156,100.5999984741211,100.61000061035156,99.11306762695312,14592900.0
SGOV,2026-04-24,100.63999938964844,100.63999938964844,100.62999725341797,100.63999938964844,99.14262390136719,16816700.0
SGOV,2026-04-27,100.6500015258789,100.6500015258789,100.63999938964844,100.63999938964844,99.14262390136719,14295900.0
SGOV,2026-04-28,100.66000366210938,100.66000366210938,100.6500015258789,100.66000366210938,99.1623306274414,13302600.0
SGOV,2026-04-29,100.66000366210938,100.66999816894531,100.6500015258789,100.66999816894531,99.17218017578125,15120100.0
SGOV,2026-04-30,100.66999816894531,100.68000030517578,100.66999816894531,100.66999816894531,99.17218017578125,26075200.0
SGOV,2026-05-01,100.41000366210938,100.41000366210938,100.4000015258789,100.41000366210938,99.20972442626953,33809700.0
SGOV,2026-05-04,100.41999816894531,100.41999816894531,100.41000366210938,100.41999816894531,99.2196044921875,20782300.0
SGOV,2026-05-05,100.43000030517578,100.43000030517578,100.41999816894531,100.43000030517578,99.22948455810547,17147100.0
SGOV,2026-05-06,100.44000244140625,100.44000244140625,100.43000030517578,100.44000244140625,99.23936462402344,20551200.0
SGOV,2026-05-07,100.44999694824219,100.44999694824219,100.44000244140625,100.44999694824219,99.2492446899414,17277100.0
SGOV,2026-05-08,100.4800033569336,100.4800033569336,100.47000122070312,100.4800033569336,99.27888488769531,20272100.0
SGOV,2026-05-11,100.48999786376953,100.48999786376953,100.4800033569336,100.48999786376953,99.28876495361328,21436300.0
SGOV,2026-05-12,100.48999786376953,100.5,100.48999786376953,100.5,99.29864501953125,18313600.0
SGOV,2026-05-13,100.51000213623047,100.51000213623047,100.5,100.51000213623047,99.30852508544922,16770500.0
SGOV,2026-05-14,100.5199966430664,100.5199966430664,100.51000213623047,100.5199966430664,99.31841278076172,15723900.0
SGOV,2026-05-15,100.55000305175781,100.55000305175781,100.54000091552734,100.55000305175781,99.34805297851562,18242400.0
SGOV,2026-05-18,100.55999755859375,100.55999755859375,100.55000305175781,100.55999755859375,99.35792541503906,23561200.0
SGOV,2026-05-19,100.56999969482422,100.56999969482422,100.55999755859375,100.56999969482422,99.36781311035156,20454400.0
SGOV,2026-05-20,100.58000183105469,100.58000183105469,100.56999969482422,100.58000183105469,99.37770080566406,16940900.0
SGOV,2026-05-21,100.58999633789062,100.58999633789062,100.58000183105469,100.58000183105469,99.37770080566406,17360100.0
SGOV,2026-05-22,100.625,100.62999725341797,100.62000274658203,100.62999725341797,99.42708587646484,18433400.0
SGOV,2026-05-26,100.63999938964844,100.63999938964844,100.62999725341797,100.63999938964844,99.43697357177734,21664500.0
SGOV,2026-05-27,100.63999938964844,100.6500015258789,100.63999938964844,100.6500015258789,99.44686126708984,15484000.0
SGOV,2026-05-28,100.65799713134766,100.66000366210938,100.6500015258789,100.6500015258789,99.44686126708984,16617000.0
SGOV,2026-05-29,100.66999816894531,100.68000030517578,100.66999816894531,100.66999816894531,99.46661376953125,34224400.0
SGOV,2026-06-01,100.4000015258789,100.4000015258789,100.38999938964844,100.4000015258789,99.495361328125,39897700.0
SGOV,2026-06-02,100.40899658203125,100.41000366210938,100.4000015258789,100.4000015258789,99.495361328125,22215700.0
SGOV,2026-06-03,100.41999816894531,100.41999816894531,100.41000366210938,100.41000366210938,99.5052719116211,19999200.0
SGOV,2026-06-04,100.42500305175781,100.43000030517578,100.41999816894531,100.41999816894531,99.51517486572266,18801700.0
SGOV,2026-06-05,100.45500183105469,100.45999908447266,100.44000244140625,100.44999694824219,99.54490661621094,27836900.0
SGOV,2026-06-08,100.44999694824219,100.47000122070312,100.44999694824219,100.45999908447266,99.55481719970703,24095700.0
SGOV,2026-06-09,100.47000122070312,100.47000122070312,100.45999908447266,100.47000122070312,99.56472778320312,25747500.0
SGOV,2026-06-10,100.4749984741211,100.4800033569336,100.47000122070312,100.4800033569336,99.57463836669922,20362200.0
SGOV,2026-06-11,100.48999786376953,100.48999786376953,100.4800033569336,100.48999786376953,99.58454132080078,24927700.0
SGOV,2026-06-12,100.5199966430664,100.5199966430664,100.51000213623047,100.51000213623047,99.60436248779297,23146500.0
SGOV,2026-06-15,100.5250015258789,100.52999877929688,100.5199966430664,100.52999877929688,99.62418365478516,25230700.0
SGOV,2026-06-16,100.54000091552734,100.54000091552734,100.52999877929688,100.54000091552734,99.63409423828125,20341800.0
SGOV,2026-06-17,100.55000305175781,100.55999755859375,100.54000091552734,100.55000305175781,99.64400482177734,15975200.0
SGOV,2026-06-18,100.58999633789062,100.58999633789062,100.58000183105469,100.58999633789062,99.68363952636719,18597700.0
SGOV,2026-06-22,100.59500122070312,100.5999984741211,100.58999633789062,100.5999984741211,99.69355010986328,20317300.0
SGOV,2026-06-23,100.5999984741211,100.61000061035156,100.5999984741211,100.61000061035156,99.70346069335938,18545300.0
SGOV,2026-06-24,100.62000274658203,100.62000274658203,100.61000061035156,100.62000274658203,99.71337127685547,18011800.0
SGOV,2026-06-25,100.62000274658203,100.62999725341797,100.62000274658203,100.62999725341797,99.72327423095703,17871400.0
SGOV,2026-06-26,100.6500015258789,100.66000366210938,100.6500015258789,100.6500015258789,99.74310302734375,14153400.0
SGOV,2026-06-29,100.66000366210938,100.66999816894531,100.66000366210938,100.66999816894531,99.7629165649414,18821000.0
SGOV,2026-06-30,100.66999816894531,100.68000030517578,100.66999816894531,100.66999816894531,99.7629165649414,28940600.0
SGOV,2026-07-01,100.3949966430664,100.4000015258789,100.38999938964844,100.4000015258789,99.78876495361328,38244700.0
SGOV,2026-07-02,100.43000030517578,100.44000244140625,100.43000030517578,100.44000244140625,99.82852172851562,22627800.0
SGOV,2026-07-06,100.44000244140625,100.44999694824219,100.44000244140625,100.44000244140625,99.82852172851562,20795500.0
SGOV,2026-07-07,100.44999694824219,100.45999908447266,100.44999694824219,100.45999908447266,99.84839630126953,18518200.0
SGOV,2026-07-08,100.45999908447266,100.47000122070312,100.45999908447266,100.47000122070312,99.85833740234375,19251300.0
SGOV,2026-07-09,100.4800033569336,100.4800033569336,100.47000122070312,100.4800033569336,99.86827850341797,15296600.0
SGOV,2026-07-10,100.5,100.51000213623047,100.5,100.5,99.88815307617188,15612400.0
SGOV,2026-07-13,100.51000213623047,100.5199966430664,100.51000213623047,100.5199966430664,99.90802764892578,15894500.0
SGOV,2026-07-14,100.52999877929688,100.52999877929688,100.5199966430664,100.5199966430664,99.90802764892578,14999500.0
SGOV,2026-07-15,100.53500366210938,100.54000091552734,100.52999877929688,100.54000091552734,99.92790985107422,15943300.0
SGOV,2026-07-16,100.54499816894531,100.55000305175781,100.54000091552734,100.55000305175781,99.93785095214844,16153800.0
SGOV,2026-07-17,100.58000183105469,100.58000183105469,100.56999969482422,100.58000183105469,99.96766662597656,20866500.0
SGOV,2026-07-20,100.58000183105469,100.58999633789062,100.58000183105469,100.58999633789062,99.97760009765625,19114500.0
SGOV,2026-07-21,100.58999633789062,100.5999984741211,100.58999633789062,100.5999984741211,99.98754119873047,14626500.0
SGOV,2026-07-22,100.5999984741211,100.61000061035156,100.5999984741211,100.5999984741211,99.98754119873047,12644400.0
SGOV,2026-07-23,100.61000061035156,100.62000274658203,100.5999984741211,100.61000061035156,99.99748229980469,20047400.0
SGOV,2026-07-24,100.62999725341797,100.63999938964844,100.62999725341797,100.63999938964844,100.02729797363281,14982400.0
SGOV,2026-07-27,100.63999938964844,100.6500015258789,100.63999938964844,100.6500015258789,100.03723907470703,15942200.0
SGOV,2026-07-28,100.6500015258789,100.66000366210938,100.6500015258789,100.66000366210938,100.04718017578125,16048900.0
SGOV,2026-07-29,100.66999816894531,100.68000030517578,100.66000366210938,100.68000030517578,100.06705474853516,16931200.0
SGOV,2026-07-30,100.68000030517578,100.69000244140625,100.68000030517578,100.69000244140625,100.0770034790039,23298900.0
SGOV,2026-07-31,100.70999908447266,100.72000122070312,100.70999908447266,100.70999908447266,100.09687805175781,28605400.0
SGOV,2026-08-03,100.42500305175781,100.43000030517578,100.41999816894531,100.41999816894531,100.11382293701172,35522800.0
SGOV,2026-08-04,100.42500305175781,100.43000030517578,100.41999816894531,100.43000030517578,100.12379455566406,25526800.0
SGOV,2026-08-05,100.44000244140625,100.44999694824219,100.44000244140625,100.44999694824219,100.14373016357422,21347100.0
SGOV,2026-08-06,100.45500183105469,100.45999908447266,100.44999694824219,100.45999908447266,100.15370178222656,18761200.0
SGOV,2026-08-07,100.4800033569336,100.48999786376953,100.4800033569336,100.4800033569336,100.17364501953125,20930500.0
SGOV,2026-08-10,100.49800109863281,100.5,100.48999786376953,100.5,100.1935806274414,18970500.0
SGOV,2026-08-11,100.51000213623047,100.51000213623047,100.5,100.51000213623047,100.20355224609375,14663500.0
SGOV,2026-08-12,100.51000213623047,100.5199966430664,100.51000213623047,100.5199966430664,100.21351623535156,21273300.0
SGOV,2026-08-13,100.5199966430664,100.52999877929688,100.5199966430664,100.52999877929688,100.2234878540039,15134700.0
SGOV,2026-08-14,100.55999755859375,100.55999755859375,100.55000305175781,100.55999755859375,100.2533950805664,15620900.0
SGOV,2026-08-17,100.56500244140625,100.56999969482422,100.55999755859375,100.55999755859375,100.2533950805664,18951900.0
SGOV,2026-08-18,100.56999969482422,100.58000183105469,100.56999969482422,100.56999969482422,100.26336669921875,18806600.0
SGOV,2026-08-19,100.58000183105469,100.58999633789062,100.58000183105469,100.58999633789062,100.2833023071289,20087700.0
SGOV,2026-08-20,100.5979995727539,100.5999984741211,100.58999633789062,100.58999633789062,100.2833023071289,19762400.0
SGOV,2026-08-21,100.62000274658203,100.62999725341797,100.62000274658203,100.62999725341797,100.32318115234375,18794300.0
SGOV,2026-08-24,100.63800048828125,100.63999938964844,100.62999725341797,100.63999938964844,100.3331527709961,19292700.0
SGOV,2026-08-25,100.6449966430664,100.6500015258789,100.63999938964844,100.63999938964844,100.3331527709961,18014000.0
SGOV,2026-08-26,100.6500015258789,100.66000366210938,100.6500015258789,100.6500015258789,100.34312438964844,14591600.0
SGOV,2026-08-27,100.66000366210938,100.66999816894531,100.66000366210938,100.66000366210938,100.35309600830078,20320500.0
SGOV,2026-08-28,100.69999694824219,100.69999694824219,100.69000244140625,100.69000244140625,100.38300323486328,24992700.0
SGOV,2026-08-31,100.69499969482422,100.69999694824219,100.69000244140625,100.69000244140625,100.38300323486328,33942200.0
SGOV,2026-09-01,100.40499877929688,100.41000366210938,100.4000015258789,100.41000366210938,100.41000366210938,43943700.0
SGOV,2026-09-02,100.41000366210938,100.41999816894531,100.41000366210938,100.41999816894531,100.41999816894531,21524700.0
SGOV,2026-09-03,100.43000030517578,100.43000030517578,100.41999816894531,100.43000030517578,100.43000030517578,21303400.0
SGOV,2026-09-04,100.45999908447266,100.47000122070312,100.45999908447266,100.47000122070312,100.47000122070312,20900000.0
SGOV,2026-09-08,100.4800033569336,100.4800033569336,100.47000122070312,100.4800033569336,100.4800033569336,26518300.0
SGOV,2026-09-09,100.4800033569336,100.48999786376953,100.4800033569336,100.48999786376953,100.48999786376953,19136700.0
SGOV,2026-09-10,100.48999786376953,100.5,100.48999786376953,100.5,100.5,20396400.0
SGOV,2026-09-11,100.51499938964844,100.5199966430664,100.51000213623047,100.5199966430664,100.5199966430664,19549800.0
SGOV,2026-09-14,100.5199966430664,100.52999877929688,100.5199966430664,100.52999877929688,100.52999877929688,21031500.0
SGOV,2026-09-15,100.52999877929688,100.54000091552734,100.52999877929688,100.52999877929688,100.52999877929688,18929500.0
SGOV,2026-09-16,100.54000091552734,100.55000305175781,100.54000091552734,100.55000305175781,100.55000305175781,18618300.0
SGOV,2026-09-17,100.55999755859375,100.55999755859375,100.55000305175781,100.55999755859375,100.55999755859375,19387800.0
SGOV,2026-09-18,100.58999633789062,100.58999633789062,100.58000183105469,100.58999633789062,100.58999633789062,18170500.0
SGOV,2026-09-21,100.58999633789062,100.5999984741211,100.58999633789062,100.5999984741211,100.5999984741211,24225000.0
SGOV,2026-09-22,100.61000061035156,100.61000061035156,100.5999984741211,100.61000061035156,100.61000061035156,19568000.0
SGOV,2026-09-23,100.62000274658203,100.62000274658203,100.61000061035156,100.62000274658203,100.62000274658203,21036200.0
SGOV,2026-09-24,100.62000274658203,100.62999725341797,100.62000274658203,100.62000274658203,100.62000274658203,19302000.0
SGOV,2026-09-25,100.6500015258789,100.66000366210938,100.6500015258789,100.66000366210938,100.66000366210938,20394300.0
SGOV,2026-09-28,100.66500091552734,100.66999816894531,100.66000366210938,100.66999816894531,100.66999816894531,20809900.0
SGOV,2026-09-29,100.66999816894531,100.68000030517578,100.66999816894531,100.68000030517578,100.68000030517578,6644233.0
IBTN,2026-03-30,25.799999237060547,25.799999237060547,25.600000381469727,25.600000381469727,25.378952026367188,1600.0
IBTN,2026-03-31,25.600000381469727,25.600000381469727,25.600000381469727,25.600000381469727,25.378952026367188,0.0
IBTN,2026-04-01,25.600000381469727,25.600000381469727,25.600000381469727,25.600000381469727,25.378952026367188,0.0
IBTN,2026-04-02,25.6299991607666,25.68400001525879,25.559999465942383,25.68400001525879,25.46222686767578,1300.0
IBTN,2026-04-06,25.63800048828125,25.63800048828125,25.63800048828125,25.63800048828125,25.416624069213867,100.0
IBTN,2026-04-07,25.649999618530273,25.649999618530273,25.649999618530273,25.649999618530273,25.42852020263672,500.0
IBTN,2026-04-08,25.649999618530273,25.649999618530273,25.649999618530273,25.649999618530273,25.42852020263672,0.0
IBTN,2026-04-09,25.899999618530273,25.899999618530273,25.899999618530273,25.899999618530273,25.676361083984375,200.0
IBTN,2026-04-10,25.719999313354492,25.719999313354492,25.719999313354492,25.719999313354492,25.497915267944336,400.0
IBTN,2026-04-13,25.649999618530273,25.670000076293945,25.489999771118164,25.489999771118164,25.269901275634766,3900.0
IBTN,2026-04-14,25.610000610351562,25.610000610351562,25.600000381469727,25.600000381469727,25.378952026367188,1900.0
IBTN,2026-04-15,25.8700008392334,25.8700008392334,25.8700008392334,25.8700008392334,25.646621704101562,100.0
IBTN,2026-04-16,25.8700008392334,25.8700008392334,25.8700008392334,25.8700008392334,25.646621704101562,0.0
IBTN,2026-04-17,25.799999237060547,25.799999237060547,25.799999237060547,25.799999237060547,25.577224731445312,1000.0
IBTN,2026-04-20,25.920000076293945,25.92799949645996,25.920000076293945,25.92799949645996,25.704118728637695,500.0
IBTN,2026-04-21,25.829999923706055,25.829999923706055,25.829999923706055,25.829999923706055,25.606964111328125,100.0
IBTN,2026-04-22,25.940000534057617,25.961999893188477,25.940000534057617,25.950000762939453,25.72593116760254,500.0
IBTN,2026-04-23,25.989999771118164,26.239999771118164,25.989999771118164,26.239999771118164,26.013425827026367,400.0
IBTN,2026-04-24,26.350000381469727,26.350000381469727,26.350000381469727,26.350000381469727,26.12247657775879,200.0
IBTN,2026-04-27,26.280000686645508,26.280000686645508,26.280000686645508,26.280000686645508,26.053081512451172,100.0
IBTN,2026-04-28,26.25,26.299999237060547,26.25,26.299999237060547,26.072906494140625,1800.0
IBTN,2026-04-29,26.350000381469727,26.350000381469727,26.350000381469727,26.350000381469727,26.12247657775879,500.0
IBTN,2026-04-30,26.350000381469727,26.350000381469727,26.350000381469727,26.350000381469727,26.12247657775879,2100.0
IBTN,2026-05-01,26.5,26.549999237060547,26.5,26.549999237060547,26.32074737548828,2700.0
IBTN,2026-05-04,26.59000015258789,26.75,26.59000015258789,26.75,26.51902198791504,1800.0
IBTN,2026-05-05,26.75,26.75,26.75,26.75,26.51902198791504,0.0
IBTN,2026-05-06,26.75,26.75,26.75,26.75,26.51902198791504,100.0
IBTN,2026-05-07,26.700000762939453,26.75,26.700000762939453,26.75,26.51902198791504,300.0
IBTN,2026-05-08,26.84000015258789,26.84000015258789,26.84000015258789,26.84000015258789,26.608245849609375,100.0
IBTN,2026-05-11,26.84000015258789,26.84000015258789,26.56999969482422,26.56999969482422,26.340576171875,300.0
IBTN,2026-05-12,26.84000015258789,26.84000015258789,26.84000015258789,26.84000015258789,26.608245849609375,100.0
IBTN,2026-05-13,26.75,26.75,26.75,26.75,26.51902198791504,100.0
IBTN,2026-05-14,26.75,27.100000381469727,26.75,27.100000381469727,26.865999221801758,200.0
IBTN,2026-05-15,26.799999237060547,26.799999237060547,26.799999237060547,26.799999237060547,26.68675994873047,600.0
IBTN,2026-05-18,26.799999237060547,26.799999237060547,26.799999237060547,26.799999237060547,26.68675994873047,0.0
IBTN,2026-05-19,26.799999237060547,26.799999237060547,26.799999237060547,26.799999237060547,26.68675994873047,0.0
IBTN,2026-05-20,26.799999237060547,26.799999237060547,26.799999237060547,26.799999237060547,26.68675994873047,0.0
IBTN,2026-05-21,26.799999237060547,26.799999237060547,26.799999237060547,26.799999237060547,26.68675994873047,0.0
IBTN,2026-05-22,26.799999237060547,26.799999237060547,26.799999237060547,26.799999237060547,26.68675994873047,0.0
IBTN,2026-05-26,26.850000381469727,27.100000381469727,26.850000381469727,26.899999618530273,26.78633689880371,2200.0
IBTN,2026-05-27,26.670000076293945,26.670000076293945,26.670000076293945,26.670000076293945,26.557310104370117,200.0
IBTN,2026-05-28,26.670000076293945,27.200000762939453,26.670000076293945,27.200000762939453,27.08506965637207,600.0
IBTN,2026-05-29,27.200000762939453,27.200000762939453,27.200000762939453,27.200000762939453,27.08506965637207,0.0
IBTN,2026-06-01,26.670000076293945,26.670000076293945,26.670000076293945,26.670000076293945,26.557310104370117,100.0
IBTN,2026-06-02,26.670000076293945,26.670000076293945,26.670000076293945,26.670000076293945,26.557310104370117,0.0
IBTN,2026-06-03,26.670000076293945,26.670000076293945,26.670000076293945,26.670000076293945,26.557310104370117,1000.0
IBTN,2026-06-04,26.799999237060547,26.799999237060547,26.799999237060547,26.799999237060547,26.68675994873047,2500.0
IBTN,2026-06-05,26.799999237060547,27.0,26.799999237060547,27.0,26.885915756225586,5600.0
IBTN,2026-06-08,26.799999237060547,26.799999237060547,26.799999237060547,26.799999237060547,26.68675994873047,1200.0
IBTN,2026-06-09,26.799999237060547,26.799999237060547,26.799999237060547,26.799999237060547,26.68675994873047,300.0
IBTN,2026-06-10,27.18000030517578,27.18000030517578,27.14900016784668,27.14900016784668,27.034284591674805,1200.0
IBTN,2026-06-11,27.14900016784668,27.14900016784668,27.14900016784668,27.14900016784668,27.034284591674805,0.0
IBTN,2026-06-12,27.190000534057617,27.34000015258789,27.190000534057617,27.34000015258789,27.224477767944336,800.0
IBTN,2026-06-15,27.299999237060547,27.34000015258789,27.100000381469727,27.34000015258789,27.224477767944336,4700.0
IBTN,2026-06-16,27.149999618530273,27.350000381469727,27.149999618530273,27.350000381469727,27.23443603515625,2000.0
IBTN,2026-06-17,27.25,27.54199981689453,27.25,27.5,27.38380241394043,4400.0
IBTN,2026-06-18,27.5,27.5,27.5,27.5,27.38380241394043,0.0
IBTN,2026-06-22,27.58300018310547,27.690000534057617,27.58300018310547,27.690000534057617,27.572999954223633,600.0
IBTN,2026-06-23,27.700000762939453,27.790000915527344,27.700000762939453,27.780000686645508,27.662620544433594,2800.0
IBTN,2026-06-24,27.780000686645508,27.780000686645508,27.780000686645508,27.780000686645508,27.662620544433594,0.0
IBTN,2026-06-25,27.989999771118164,31.399999618530273,27.983999252319336,30.0,29.873239517211914,28600.0
IBTN,2026-06-26,29.100000381469727,29.100000381469727,28.0,28.200000762939453,28.08084487915039,3700.0
IBTN,2026-06-29,28.0,28.0,28.0,28.0,27.881689071655273,2000.0
IBTN,2026-06-30,28.0,28.25,28.0,28.059999465942383,27.941434860229492,5600.0
IBTN,2026-07-01,28.059999465942383,28.059999465942383,28.059999465942383,28.059999465942383,27.941434860229492,0.0
IBTN,2026-07-02,28.06999969482422,28.214000701904297,28.049999237060547,28.049999237060547,27.931476593017578,1300.0
IBTN,2026-07-06,28.059999465942383,28.09000015258789,28.049999237060547,28.09000015258789,27.971309661865234,40100.0
IBTN,2026-07-07,28.09000015258789,28.09000015258789,28.09000015258789,28.09000015258789,27.971309661865234,0.0
IBTN,2026-07-08,28.09000015258789,28.09000015258789,28.09000015258789,28.09000015258789,27.971309661865234,0.0
IBTN,2026-07-09,28.1200008392334,28.1200008392334,28.1200008392334,28.1200008392334,28.001182556152344,200.0
IBTN,2026-07-10,28.110000610351562,28.110000610351562,28.06999969482422,28.06999969482422,27.951393127441406,800.0
IBTN,2026-07-13,28.06999969482422,28.06999969482422,28.06999969482422,28.06999969482422,27.951393127441406,0.0
IBTN,2026-07-14,28.06999969482422,28.06999969482422,28.06999969482422,28.06999969482422,27.951393127441406,0.0
IBTN,2026-07-15,28.139999389648438,28.139999389648438,28.139999389648438,28.139999389648438,28.02109718322754,500.0
IBTN,2026-07-16,28.149999618530273,28.149999618530273,28.139999389648438,28.139999389648438,28.02109718322754,2200.0
IBTN,2026-07-17,28.1299991607666,28.25,28.110000610351562,28.25,28.130632400512695,4200.0
IBTN,2026-07-20,28.15999984741211,28.15999984741211,28.15999984741211,28.15999984741211,28.041013717651367,400.0
IBTN,2026-07-21,28.15999984741211,28.15999984741211,28.15999984741211,28.15999984741211,28.041013717651367,0.0
IBTN,2026-07-22,28.15999984741211,28.15999984741211,28.15999984741211,28.15999984741211,28.041013717651367,0.0
IBTN,2026-07-23,28.15999984741211,28.15999984741211,28.15999984741211,28.15999984741211,28.041013717651367,0.0
IBTN,2026-07-24,28.18000030517578,28.18000030517578,28.18000030517578,28.18000030517578,28.060928344726562,200.0
IBTN,2026-07-27,28.75,28.75,28.56800079345703,28.56800079345703,28.447290420532227,2000.0
IBTN,2026-07-28,28.56800079345703,28.56800079345703,28.56800079345703,28.56800079345703,28.447290420532227,0.0
IBTN,2026-07-29,28.190000534057617,28.190000534057617,28.190000534057617,28.190000534057617,28.070886611938477,200.0
IBTN,2026-07-30,28.190000534057617,28.190000534057617,28.190000534057617,28.190000534057617,28.070886611938477,0.0
IBTN,2026-07-31,28.190000534057617,28.190000534057617,28.190000534057617,28.190000534057617,28.070886611938477,0.0
IBTN,2026-08-03,28.190000534057617,28.190000534057617,28.190000534057617,28.190000534057617,28.070886611938477,0.0
IBTN,2026-08-04,28.190000534057617,28.190000534057617,28.190000534057617,28.190000534057617,28.070886611938477,0.0
IBTN,2026-08-05,28.190000534057617,28.190000534057617,28.190000534057617,28.190000534057617,28.070886611938477,0.0
IBTN,2026-08-06,28.190000534057617,28.190000534057617,28.190000534057617,28.190000534057617,28.070886611938477,0.0
IBTN,2026-08-07,28.190000534057617,28.190000534057617,28.190000534057617,28.190000534057617,28.070886611938477,0.0
IBTN,2026-08-10,28.190000534057617,28.190000534057617,28.190000534057617,28.190000534057617,28.070886611938477,0.0
IBTN,2026-08-11,28.190000534057617,28.190000534057617,28.190000534057617,28.190000534057617,28.070886611938477,0.0
IBTN,2026-08-12,28.190000534057617,28.190000534057617,28.190000534057617,28.190000534057617,28.070886611938477,0.0
IBTN,2026-08-13,28.0,28.399999618530273,28.0,28.399999618530273,28.279998779296875,1800.0
IBTN,2026-08-14,28.399999618530273,28.399999618530273,28.399999618530273,28.399999618530273,28.399999618530273,0.0
IBTN,2026-08-17,28.40999984741211,28.40999984741211,28.280000686645508,28.280000686645508,28.280000686645508,5300.0
IBTN,2026-08-18,28.450000762939453,28.450000762939453,28.450000762939453,28.450000762939453,28.450000762939453,1600.0
IBTN,2026-08-19,28.450000762939453,28.450000762939453,28.450000762939453,28.450000762939453,28.450000762939453,0.0
IBTN,2026-08-20,28.450000762939453,28.450000762939453,28.450000762939453,28.450000762939453,28.450000762939453,0.0
IBTN,2026-08-21,28.450000762939453,28.450000762939453,28.450000762939453,28.450000762939453,28.450000762939453,0.0
IBTN,2026-08-24,28.450000762939453,28.450000762939453,28.450000762939453,28.450000762939453,28.450000762939453,0.0
IBTN,2026-08-25,28.56599998474121,28.56599998474121,28.459999084472656,28.459999084472656,28.459999084472656,1100.0
IBTN,2026-08-26,28.459999084472656,28.459999084472656,28.459999084472656,28.459999084472656,28.459999084472656,0.0
IBTN,2026-08-27,28.75,28.75,28.75,28.75,28.75,400.0
IBTN,2026-08-28,28.100000381469727,28.790000915527344,28.100000381469727,28.790000915527344,28.790000915527344,4600.0
IBTN,2026-08-31,28.790000915527344,28.790000915527344,28.790000915527344,28.790000915527344,28.790000915527344,0.0
IBTN,2026-09-01,28.459999084472656,28.459999084472656,28.459999084472656,28.459999084472656,28.459999084472656,100.0
IBTN,2026-09-02,28.459999084472656,28.459999084472656,28.437999725341797,28.450000762939453,28.450000762939453,2300.0
IBTN,2026-09-03,28.56999969482422,29.0,28.459999084472656,29.0,29.0,1700.0
IBTN,2026-09-04,28.450000762939453,28.450000762939453,28.450000762939453,28.450000762939453,28.450000762939453,1200.0
IBTN,2026-09-08,28.450000762939453,28.450000762939453,28.450000762939453,28.450000762939453,28.450000762939453,0.0
IBTN,2026-09-09,28.450000762939453,28.450000762939453,28.18000030517578,28.18000030517578,28.18000030517578,4000.0
IBTN,2026-09-10,28.18000030517578,28.299999237060547,28.110000610351562,28.18000030517578,28.18000030517578,8300.0
IBTN,2026-09-11,28.200000762939453,28.219999313354492,28.200000762939453,28.219999313354492,28.219999313354492,1300.0
IBTN,2026-09-14,28.200000762939453,28.25,28.200000762939453,28.25,28.25,1700.0
IBTN,2026-09-15,28.25,28.368000030517578,28.25,28.25,28.25,2700.0
IBTN,2026-09-16,28.25,28.25,28.25,28.25,28.25,3200.0
IBTN,2026-09-17,28.25,28.25,28.25,28.25,28.25,0.0
IBTN,2026-09-18,28.399999618530273,28.399999618530273,28.25,28.329999923706055,28.329999923706055,500.0
IBTN,2026-09-21,28.309999465942383,28.309999465942383,28.25,28.25,28.25,1900.0
IBTN,2026-09-22,28.25,28.25,28.25,28.25,28.25,0.0
IBTN,2026-09-23,28.25,28.25,28.25,28.25,28.25,0.0
IBTN,2026-09-24,28.25,28.25,28.25,28.25,28.25,200.0
IBTN,2026-09-25,28.25,28.260000228881836,28.25,28.260000228881836,28.260000228881836,1600.0
IBTN,2026-09-28,28.31999969482422,28.31999969482422,28.100000381469727,28.100000381469727,28.100000381469727,2700.0
IBTN,2026-09-29,28.149999618530273,28.25,28.149999618530273,28.25,28.25,597.0
