model,s,EG,G_p5,G_p50,G_p95,EK,K_p5,K_p50,P_flex,P_D,E_width,U_p50,L_p50,P_top,P_below_middle,E_short_top,P_top_fund,A_EG,A_P_top,A_P_flex,A_K_p5,A_P_D,A_U_p50,P_flex_0.05,P_flex_0.1,P_flex_0.15,P_flex_0.2
L,0.0,149029.95184116662,146639.36016167045,149403.97823768124,150000.0,61053.57093709658,32743.12108218712,57556.70233821959,0.999945,0.0,5000.0,150000.0,145000.0,0.307095,0.12021,970.0481588334122,0.73453,145000.0,1.0,1.0,36683.54160255363,0.0,145000.0,1.0,0.999945,0.997205,0.97254
L,0.01,149535.75830995865,147133.95111740907,149900.35210177404,150657.66078395574,60547.7644683045,32413.94029627402,57060.38600659194,0.99994,0.0,5517.365458796624,150499.7683195155,145000.0,0.30377,0.10696,981.6071488379613,0.73453,145517.36545879662,1.0,1.0,36320.25041446942,0.0,145499.7683195155,1.0,0.99994,0.996915,0.970185
L,0.02,150041.24198903638,147627.86965286397,150393.25638286382,151330.68549007352,60042.28078922679,32089.99988719974,56562.91453837819,0.999935,0.0,6034.730917593247,150999.53663903096,145000.0,0.30082,0.09302,993.488928556874,0.73453,146034.73091759323,1.0,1.0,35956.12033487935,0.0,145999.53663903096,1.0,0.999935,0.99654,0.96777
L,0.03,150546.46892665423,148107.7402107543,150862.49656957018,152020.84106637357,59537.053851608944,31759.22655078814,56065.87746971224,0.999925,0.0,6552.09637638987,151499.30495854648,145000.0,0.298115,0.06873,1005.627449735654,0.73453,146552.09637638988,1.0,0.999995,35597.62957181581,0.0,146499.30495854648,1.0,0.999925,0.99623,0.964735
L,0.04,151051.4437639964,148579.0010062984,151310.4450328102,152723.4017145882,59032.0790142668,31424.798568526785,55568.73668178852,0.999925,0.0,7069.461835186494,151999.07327806196,145000.0,0.295595,0.03817,1018.0180711901187,0.73453,147069.4575320717,0.999985,0.999995,35228.27984675473,0.0,146999.07327806196,1.0,0.999925,0.9957,0.961855
L,0.05,151556.14440025782,149028.64974763792,151760.01911706734,153431.9258840904,58527.378378005335,31103.84493679076,55070.152496574636,0.999915,0.0,7586.827293983116,152498.84159757744,145000.0,0.29311,0.018695,1030.6828937252874,0.73453,147586.81011926782,0.999955,0.999995,34862.09926019303,0.0,147498.84159757744,1.0,0.999915,0.99528,0.959025
L,0.06,152060.5873669252,149463.02472436448,152215.07060013956,154151.85314092936,58022.93541133797,30780.44840806197,54575.38092688384,0.999905,0.0,8104.192752779739,152998.60991709295,145000.0,0.29059,0.009075,1043.6053858545417,0.73453,148104.151891508,0.99989,0.999995,34495.79175515557,0.0,147998.60991709295,1.0,0.999905,0.99465,0.95531
L,0.07,152564.80146347347,149884.15190130784,152672.96606298684,154873.61526335398,57518.721314789684,30455.40623521684,54082.498318482365,0.99989,0.0,8621.558211576363,153498.37823660843,145000.0,0.28838,0.004905,1056.7567481028827,0.73453,148621.4681039373,0.99976,0.99999,34135.92725365284,0.0,148498.37823660843,1.0,0.99989,0.994015,0.951845
L,0.08,153068.79191594748,150293.9074511248,153135.5623139945,155600.83827680326,57014.73086231567,30133.907511616388,53589.99576197688,0.999875,0.0,9138.923670372986,153998.14655612392,145000.0,0.28598,0.002755,1070.1317544254941,0.73453,149138.74470227933,0.99952,0.99999,33780.96301944665,0.0,148998.14655612392,1.0,0.999875,0.993305,0.94806
L,0.09,153572.56886964673,150688.74089540384,153601.5802470281,156329.55059277904,56510.95390861643,29805.555252547878,53095.09531778343,0.999865,0.0,9656.289129169609,154497.91487563943,145000.0,0.28366,0.00183,1083.7202595228737,0.73453,149655.94940379192,0.99911,0.999985,33414.493501969424,0.0,149497.91487563943,1.0,0.999865,0.992555,0.943825
L,0.1,154076.15191539994,151078.79736341778,154070.06057590854,157064.14898947024,56007.37086286324,29479.83948082057,52603.98737695493,0.99985,0.0,10173.654587966232,154997.68319515488,145000.0,0.281615,0.001315,1097.5026725663006,0.73453,150173.05970877453,0.998545,0.99998,33048.90266203342,0.0,149997.68319515488,1.0,0.99985,0.99178,0.939475
L,0.11,154579.5638649002,151463.53850306352,154540.93294991215,157800.75112469532,55503.95891336298,29155.434116920893,52114.31736474646,0.99983,0.0,10691.020046762855,155497.4515146704,145000.0,0.279685,0.00094,1111.4561818626617,0.73453,150690.05043192377,0.997855,0.999975,32682.062744046652,0.0,150497.4515146704,1.0,0.99983,0.9908,0.934655
L,0.12,155082.83155847888,151832.71224574416,155014.86965493154,158539.14930704818,55000.69121978426,28828.493169426118,51614.11486065158,0.99981,0.0,11208.385505559478,155997.21983418587,145000.0,0.27805,0.00071,1125.5539470805793,0.73453,151206.91812396035,0.997155,0.999965,32316.178917898596,0.0,150997.21983418587,1.0,0.99981,0.98983,0.92995
L,0.13,155585.96610713555,152197.39061421133,155489.00253372476,159280.0264617186,54497.556671127604,28514.6230628465,51113.864472742265,0.999775,0.0,11725.750964356102,156496.98815370136,145000.0,0.276375,0.000525,1139.7848572205396,0.73453,151723.66209066167,0.996245,0.99996,31944.11875891787,0.0,151496.98815370136,1.0,0.999775,0.98881,0.925
L,0.14,156088.97468399882,152557.55287996455,155964.59520017094,160021.3112408233,53994.548094264326,28195.06717671147,50615.88095591434,0.999735,0.0,12243.116423152725,156996.75647321687,145000.0,0.27476,0.000415,1154.1417391538916,0.73453,152240.2495271904,0.995245,0.99995,31583.50408791877,0.0,151996.75647321687,1.0,0.999735,0.987505,0.91912
L,0.15,156591.85727289808,152916.63362716758,156440.26186889302,160762.84362221623,53491.66550536507,27875.93917310682,50118.875587581875,0.99968,0.0,12760.481881949348,157496.52479273235,145000.0,0.273115,0.00034,1168.6246090512514,0.73453,152756.67974571692,0.994155,0.999945,31227.569177454578,0.0,152496.52479273235,1.0,0.99968,0.98595,0.913395
L,0.16,157094.6161316067,153264.88841494478,156917.6885524782,161507.49095291417,52988.90664665649,27550.192098899563,49619.41489907999,0.99964,0.0,13277.847340745971,157996.29311224783,145000.0,0.27152,0.000265,1183.231209139294,0.73453,153272.93395714363,0.993,0.99993,30853.800480746722,0.0,152996.29311224783,1.0,0.99964,0.984435,0.90704
L,0.17,157597.26317433658,153611.1046312187,157395.44661944342,162255.47680546338,52486.259603926585,27234.36484958104,49121.99272927335,0.999585,0.0,13795.212799542594,158496.06143176334,145000.0,0.27009,0.00025,1197.9496252060073,0.73453,153789.01297951417,0.99177,0.999915,30481.45492273267,0.0,153496.06143176334,1.0,0.999585,0.98273,0.90013
L,0.18,158099.80360394917,153952.33899684568,157874.96685183665,163007.31201649367,51983.71917431402,26913.077782145963,48626.92122616361,0.999515,0.0,14312.578258339217,158995.8297512788,145000.0,0.268725,0.000225,1212.7746543900705,0.73453,154304.90912342657,0.9904,0.999895,30116.979757976645,0.0,153995.8297512788,1.0,0.999515,0.98095,0.89274
L,0.19,158602.2523975348,154290.17275415652,158354.2406650241,163757.4982790794,51481.27038072836,26589.74126211713,48123.359980629655,0.99947,0.0,14829.943717135842,159495.5980707943,145000.0,0.267405,0.000195,1227.691319601039,0.73453,154820.59267816762,0.988885,0.99988,29747.75835267211,0.0,154495.5980707943,1.0,0.99947,0.979005,0.884955
L,0.2,159104.61082625622,154626.17063919856,158834.48767458543,164505.4300861233,50978.91195200695,26267.114312764064,47625.82175912672,0.99938,0.0,15347.309175932465,159995.36639030982,145000.0,0.26604,0.00017,1242.6983496762525,0.73453,155336.03892710223,0.987225,0.99986,29379.322205911085,0.0,154995.36639030982,1.0,0.99938,0.976975,0.876885
L,0.21,159606.88288242702,154958.8419038201,159314.82734377135,165259.48227174676,50476.639895836146,25946.088450664545,47124.33690374372,0.999285,0.0,15864.674634729085,160495.1347098253,145000.0,0.26483,0.00015,1257.791752302063,0.73453,155851.24300363008,0.98547,0.99985,29015.97034620085,0.0,155495.1347098253,1.0,0.999285,0.974585,0.868265
L,0.22,160109.0732231613,155288.51217237217,159794.0133239688,166014.3144120696,49974.449555101855,25621.937402636242,46620.747731074574,0.999125,0.0,16382.04009352571,160994.90302934078,145000.0,0.263635,0.000145,1272.9668703644,0.73453,156366.20524365085,0.98375,0.99982,28642.602273486955,0.0,155994.90302934078,1.0,0.999125,0.971695,0.859185
L,0.23,160611.18690506835,155613.37078886814,160274.9866931087,166764.3247966937,49472.33587319481,25295.616064121037,46125.434549885205,0.99897,0.0,16899.405552322336,161494.67134885627,145000.0,0.26257,0.00012,1288.2186472539834,0.73453,156880.91500750152,0.981965,0.999775,28271.974524598965,0.0,156494.67134885627,1.0,0.99897,0.96889,0.8492
L,0.24,161113.24295066265,155938.47397680793,160757.76743478826,167518.3326987848,48970.27982760052,24972.895810695627,45625.34057402346,0.99882,0.0,17416.771011118955,161994.43966837175,145000.0,0.261595,0.000115,1303.5280604563084,0.73453,157395.3665073464,0.97995,0.99974,27909.884283233434,0.0,156994.43966837175,1.0,0.99882,0.96539,0.838885
L,0.25,161615.24193516595,156260.27428288278,161239.02290589112,168268.4548285302,48468.28084309721,24653.62606160642,45121.52471307214,0.998645,0.0,17934.136469915582,162494.20798788726,145000.0,0.26059,0.00011,1318.8945347496306,0.73453,157909.54583780764,0.977945,0.99969,27540.50716246595,0.0,157494.20798788726,1.0,0.998645,0.96203,0.82839
L,0.26,162117.18558621703,156579.80874846262,161723.6886546987,169018.49726679566,47966.33719204614,24331.139400143875,44620.67222541224,0.99844,0.0,18451.501928712205,162993.97630740274,145000.0,0.25968,0.0001,1334.3163424951842,0.73453,158423.4631991001,0.97594,0.99963,27171.349719572434,0.0,157993.97630740274,1.0,0.99844,0.95834,0.817205
L,0.27,162619.07803419305,156897.0647057975,162206.14606796415,169771.68149724728,47464.444744070104,24007.575021489814,44124.85036561127,0.99816,0.0,18968.867387508828,163493.74462691823,145000.0,0.25881,9e-05,1349.7893533157664,0.73453,158937.11611746516,0.97393,0.99954,26804.041895844337,0.0,158493.74462691823,1.0,0.99816,0.95407,0.805265
L,0.28,163120.91860541332,157217.02926760222,162687.7897309219,170521.48793613666,46962.60417284987,23688.92875286604,43623.60681474628,0.997845,0.0,19486.23284630545,163993.51294643374,145000.0,0.25797,9e-05,1365.3142408921408,0.73453,159450.52432416976,0.971895,0.99945,26433.35002169106,0.0,158993.51294643374,0.999995,0.997845,0.9496,0.79274
L,0.29,163622.71182478822,157539.26584604548,163170.25767058117,171275.93506694608,46460.81095347495,23366.56093974949,43122.351402187516,0.997485,0.0,20003.59830510207,164493.28126594922,145000.0,0.25711,8.5e-05,1380.8864803138542,0.73453,159963.65978419635,0.969665,0.99932,26066.690159003665,0.0,159493.28126594922,0.999995,0.997485,0.944625,0.7796
L,0.3,164124.46063032863,157855.06730811004,163651.57151674078,172029.84148568765,45959.06214793451,23042.299486869484,42617.36351040262,0.99708,0.0,20520.963763898697,164993.0495854647,145000.0,0.256325,7.5e-05,1396.503133570047,0.73453,160476.53393481954,0.96762,0.99915,25706.793026486255,0.0,159993.0495854647,0.999995,0.99708,0.93936,0.76558
L,0.31,164626.16824191567,158169.7109283449,164134.98650138907,172786.69100625077,45457.35453634751,22720.98801146726,42119.30168760977,0.996645,0.0,21038.32922269532,165492.81790498018,145000.0,0.25545,7e-05,1412.1609807796672,0.73453,160989.15169692706,0.965525,0.998975,25339.16866061824,0.0,160492.81790498018,0.999995,0.996645,0.933605,0.75215
L,0.32,165127.8348305499,158483.72690157127,164617.22751641023,173537.8308244517,44955.68794771326,22396.547636324463,41612.61074243192,0.996125,0.0,21555.694681491943,165992.58622449567,145000.0,0.25474,6e-05,1427.8598509420342,0.73453,161501.51514700748,0.96324,0.998765,24966.83085045425,0.0,160992.58622449567,0.999995,0.996125,0.927545,0.737925
L,0.33,165629.46441644605,158795.46298748182,165098.16254183504,174292.21036611486,44454.05836181713,22073.946244007904,41113.17498937523,0.99552,0.0,22073.060140288566,166492.35454401118,145000.0,0.25404,5.5e-05,1443.5957238425308,0.73453,162013.61490785173,0.96111,0.998515,24599.98084977545,0.0,161492.35454401118,0.99999,0.99552,0.92088,0.723065
L,0.34,166131.05701782776,159110.89510114392,165580.82327021798,175047.01810276197,43952.46576043541,21755.013375808456,40614.457403859866,0.99483,0.0,22590.42559908519,166992.12286352666,145000.0,0.253295,5e-05,1459.3685812574356,0.73453,162525.47862136576,0.95899,0.99826,24239.132585525083,0.0,161992.12286352666,0.99999,0.99483,0.913775,0.707655
L,0.35,166632.6186646237,159423.11881107747,166060.66554181528,175804.94603058475,43450.90411363945,21435.35364322684,40112.19253852604,0.993925,0.0,23107.791057881812,167491.89118304214,145000.0,0.25275,4.5e-05,1475.1723932581,0.73453,163037.07558521352,0.95664,0.997835,23866.566728420636,0.0,162491.89118304214,0.999985,0.993925,0.906205,0.692095
L,0.36,167134.15368901406,159736.23495278833,166540.8182822155,176560.258046892,42949.3690892491,21112.853219495988,39606.82213717856,0.992935,0.0,23625.15651667844,167991.65950255765,145000.0,0.252175,4e-05,1491.0028276643684,0.73453,163548.409819764,0.9543,0.99732,23506.75494534165,0.0,162991.65950255765,0.999985,0.992935,0.89748,0.675845
L,0.37,167635.66063375722,160049.17731368192,167024.06045980568,177316.07165142952,42447.86214450596,20794.20665537895,39100.588457362115,0.99199,0.0,24142.521975475058,168491.4278220731,145000.0,0.25155,3e-05,1506.8613417178494,0.73453,164059.50371456248,0.952145,0.99688,23145.343410155503,0.0,163491.4278220731,0.999985,0.99199,0.8879,0.65933
L,0.38,168137.14116891898,160360.88813241522,167505.93196785465,178070.4723766044,41946.38160934418,20475.555646608136,38594.3535793054,0.99065,0.0,24659.887434271684,168991.19614158862,145000.0,0.25095,3e-05,1522.7462653526914,0.73453,164570.3651587636,0.949865,0.996295,22780.378664398737,0.0,163991.19614158862,0.999985,0.99065,0.878255,0.64268
L,0.39,168638.59833054175,160673.9193173324,167989.66913901374,178826.12618416524,41444.92444772142,20154.075318602405,38084.96942149899,0.98928,0.0,25177.252893068304,169490.96446110413,145000.0,0.25042,3e-05,1538.6545625265637,0.73453,165080.98826109062,0.94761,0.995515,22416.85971151416,0.0,164490.96446110413,0.999985,0.98928,0.868175,0.62568
L,0.4,169140.03442584482,160983.26605524786,168473.1201524427,179575.27805360575,40943.48835241834,19832.79239881331,37579.13620258852,0.98774,0.0,25694.61835186493,169990.7327806196,145000.0,0.249985,3e-05,1554.5839260201049,0.73453,165591.36757382713,0.94527,0.99463,22054.781781557987,0.0,164990.7327806196,0.999985,0.98774,0.856625,0.608425
L,0.41,169641.4515425656,161288.39325834758,168955.22934465442,180331.76352240884,40442.07123569758,19509.789602513523,37072.4397361399,0.98562,0.0,26211.983810661553,170490.5011001351,145000.0,0.249455,3e-05,1570.532268095962,0.73453,166101.51181793545,0.942935,0.993675,21694.32850848041,0.0,165490.5011001351,0.999985,0.98562,0.844705,0.590955
L,0.42,170142.84904185653,161595.5136614678,169439.27790028707,181087.67201030298,39940.67373640663,19185.808528747442,36571.3186355643,0.98341,0.0,26729.349269458176,170990.26941965058,145000.0,0.249075,3e-05,1586.5002276016364,0.73453,166611.42788990983,0.940645,0.99259,21333.247543969042,0.0,165990.26941965058,0.999985,0.98341,0.832185,0.573145
L,0.43,170644.23091126556,161908.82601013148,169923.3337515535,181844.49636636733,39439.2918669976,18862.595947774666,36072.88382374667,0.980965,0.0,27246.714728254796,171490.03773916606,145000.0,0.248655,2.5e-05,1602.4838169892346,0.73453,167121.13089962408,0.938475,0.991375,20971.10691544524,0.0,166490.03773916606,0.99998,0.980965,0.818495,0.555495
L,0.44,171145.5946459336,162216.28579546197,170405.14766239183,182600.49372867655,38937.92813232958,18541.60297672264,35568.71875143227,0.978315,0.0,27764.08018705142,171989.80605868157,145000.0,0.248115,2.5e-05,1618.4855411178344,0.73453,167630.62778774064,0.93625,0.989875,20612.45663542092,0.0,166989.80605868157,0.99997,0.978315,0.80403,0.537795
L,0.45,171646.9379404384,162521.83560879558,170888.70257847937,183356.91685233545,38436.58483782477,18216.276759413427,35067.330617229396,0.97502,0.0,28281.44564584804,172489.57437819705,145000.0,0.24765,2.5e-05,1634.5077054096507,0.73453,168139.90914547927,0.934015,0.988165,20252.289062280724,0.0,167489.57437819705,0.99997,0.97502,0.788705,0.520375
L,0.46,172148.26422452155,162828.47232598005,171374.30547325662,184116.88434898565,37935.2585537416,17889.894501380346,34560.58682508193,0.97126,0.0,28798.811104644672,172989.34269771253,145000.0,0.247265,2.5e-05,1650.546880123102,0.73453,168648.9861718044,0.931765,0.98616,19886.95372002509,0.0,167989.34269771253,0.99997,0.97126,0.772705,0.502785
L,0.47,172649.5738015786,163138.9904678267,171857.44427751013,184874.323824534,37433.948976684595,17572.592932374904,34056.38201237598,0.966655,0.0,29316.176563441288,173489.11101722805,145000.0,0.246725,2.5e-05,1666.6027618627209,0.73453,169157.8537208085,0.92972,0.9838,19531.196136079896,0.0,168489.11101722805,0.999965,0.966655,0.75625,0.485545
L,0.48,173150.86550302064,163445.3757322005,172339.66287237837,185635.90842995842,36932.657275242556,17247.91675449135,33554.91271535764,0.962185,0.0,29833.54202223791,173988.87933674353,145000.0,0.246355,2.5e-05,1682.6765192173018,0.73453,169666.53714943767,0.92759,0.98109,19164.477056428343,0.0,168988.87933674353,0.99994,0.962185,0.73982,0.468775
L,0.49,173652.144494549,163754.46553391902,172821.47559010988,186396.15804230294,36431.37828371417,16921.23001596505,33045.79471298918,0.95689,0.0,30350.907481034537,174488.647656259,145000.0,0.245955,2.5e-05,1698.762986485545,0.73453,170175.04212920574,0.925595,0.977965,18811.82916152592,0.0,169488.647656259,0.999925,0.95689,0.722535,0.452075
L,0.5,174153.40749047452,164058.48607811125,173303.6419189428,187154.87470242748,35930.11528778867,16595.793611859797,32547.549988371204,0.950895,0.0,30868.27293983116,174988.41597577452,145000.0,0.245535,2.5e-05,1714.865449356662,0.73453,170683.37499067825,0.92355,0.97463,18449.884831004332,0.0,169988.41597577452,0.99991,0.950895,0.70436,0.435415
L,0.51,174654.6573297876,164365.91220501412,173786.91142727376,187914.13286567273,35428.86544847553,16270.40524756652,32039.265065221654,0.94401,0.0,31385.638398627783,175488.18429528998,145000.0,0.24517,2.5e-05,1730.981068840152,0.73453,171191.53527081723,0.921555,0.970615,18088.395113220624,0.0,170488.18429528998,0.999885,0.94401,0.686055,0.41888
L,0.52,175155.8944346917,164672.391694829,174270.2696218679,188676.63430467717,34927.62834357147,15943.685811749934,31529.65309056299,0.93647,0.0,31903.003857424406,175987.9526148055,145000.0,0.244835,2.5e-05,1747.109422732715,0.73453,171699.53878138552,0.91978,0.96624,17721.123815752053,0.0,170987.9526148055,0.999855,0.93647,0.667875,0.402805
L,0.53,175657.1224395248,164977.39080822785,174752.47025783343,189433.96136648077,34426.40033873835,15614.747351089334,31020.55499320489,0.9282,0.0,32420.369316221026,176487.72093432097,145000.0,0.24453,2.5e-05,1763.2468766962156,0.73453,172207.3762456962,0.91768,0.961475,17361.321206069497,0.0,171487.72093432097,0.99983,0.9282,0.649405,0.38667
L,0.54,176158.34084841437,165286.14649643554,175236.4832034511,190191.5465107012,33925.181929848804,15291.854583600552,30519.796039388893,0.919215,0.0,32937.734775017656,176987.48925383645,145000.0,0.24427,2.5e-05,1779.3939266032935,0.73453,172715.0434370888,0.915635,0.955835,16995.60276610312,0.0,171987.48925383645,0.99977,0.919215,0.630155,0.370885
L,0.55,176659.54971719848,165590.97669215925,175721.16252297966,190950.7348197182,33423.973061064695,14963.008805505957,30005.70449547979,0.909135,0.0,33455.10023381428,177487.25757335196,145000.0,0.243965,2.5e-05,1795.5505166158039,0.73453,173222.54499926284,0.913515,0.949785,16628.63771137064,0.0,172487.25757335196,0.9997,0.909135,0.6105,0.355325
L,0.56,177160.75028009014,165899.2393902678,176205.00755278495,191705.26812952134,32922.77249817302,14639.438409680728,29500.32566682181,0.89738,0.0,33972.4656926109,177987.02589286744,145000.0,0.243695,2.5e-05,1811.7154125207574,0.73453,173729.88661400863,0.911665,0.94271,16271.660586984097,0.0,172987.02589286744,0.99961,0.89738,0.591245,0.340625
L,0.57,177661.9419606277,166203.80015081272,176690.11868485523,192463.34295188833,32421.580817635426,14313.519941528017,28990.711876372414,0.88466,0.0,34489.83115140752,178486.79421238293,145000.0,0.243355,2.5e-05,1827.889190779783,0.73453,174237.08617237984,0.909745,0.93503,15916.212187794634,0.0,173486.79421238293,0.99951,0.88466,0.57215,0.32638
L,0.58,178163.12263545173,166512.1970770573,177172.35556088114,193218.71537228412,31920.40014281142,13987.052769990765,28487.379207675927,0.87092,0.0,35007.19661020414,178986.56253189844,145000.0,0.243045,2.5e-05,1844.073974752402,0.73453,174744.1426416664,0.90794,0.92655,15552.374087075026,0.0,173986.56253189844,0.999365,0.87092,0.5532,0.31225
L,0.59,178664.2940387532,166824.62827519994,177655.66830034234,193971.69876818085,31419.22873950996,13659.989447893331,27984.031504640036,0.856195,0.0,35524.56206900077,179486.3308514139,145000.0,0.242695,2.5e-05,1860.2680302475612,0.73453,175251.06658104926,0.90621,0.917315,15188.847792642227,0.0,174486.3308514139,0.999145,0.856195,0.53485,0.298855
L,0.6,179165.45638315738,167132.60648867599,178139.21023999702,194727.79085525573,30918.066395105783,13333.552469454891,27472.797297658428,0.83989,0.0,36041.92752779739,179986.0991709294,145000.0,0.24247,2.5e-05,1876.4711446400058,0.73453,175757.85841915276,0.904475,0.90755,14829.595472126864,0.0,174986.0991709294,0.998845,0.83989,0.51673,0.28572
L,0.61,179666.61128757827,167438.9565989692,178620.14150450795,195483.32923365536,30416.9114906849,13005.990427140285,26965.453999877733,0.822095,0.0,36559.29298659402,180485.86749044489,145000.0,0.242175,2.5e-05,1892.681699015749,0.73453,176264.5121828704,0.902615,0.89601,14467.571225227088,0.0,175485.86749044489,0.998505,0.822095,0.49922,0.27251
L,0.62,180167.7578316288,167742.1361897485,179103.57847482344,196248.18290252783,29915.76494663438,12678.495368486208,26459.942830955828,0.80322,0.0,37076.65844539064,180985.63580996037,145000.0,0.241925,2.5e-05,1908.90061376185,0.73453,176771.04055680404,0.900975,0.883595,14110.121178263245,0.0,175985.63580996037,0.997975,0.80322,0.480645,0.26022
L,0.63,180668.89728407745,168049.81265334424,179586.65538328938,197006.7524095667,29414.625494185715,12351.06947964587,25950.063548872364,0.78345,0.0,37594.02390418726,181485.40412947588,145000.0,0.24172,2.5e-05,1925.126620109812,0.73453,177277.44488141537,0.89924,0.870985,13742.040886768867,0.0,176485.40412947588,0.997325,0.78345,0.46358,0.247825
L,0.64,181170.03023197263,168351.26331084743,180070.32999319228,197765.45373026782,28913.49254629054,12027.143963915158,25443.04014576161,0.763175,0.0,38111.389362983886,181985.1724489914,145000.0,0.24144,2.5e-05,1941.3591310112631,0.73453,177783.7338959234,0.897765,0.85778,13380.471598013046,0.0,176985.1724489914,0.996515,0.763175,0.4465,0.23619
L,0.65,181671.15450477783,168656.56861320123,180554.4693611396,198518.5633026331,28412.368273485354,11701.425818539563,24942.675281827687,0.74221,0.0,38628.75482178051,182484.94076850684,145000.0,0.24114,2.5e-05,1957.6003170027002,0.73453,178289.91562476647,0.89616,0.843335,13014.517934061567,0.0,177484.94076850684,0.995385,0.74221,0.430015,0.22491
L,0.66,182172.27127693268,168963.95516976557,181037.4323568361,199277.05891813047,27911.25150133049,11374.47500109212,24436.828329806478,0.720615,0.0,39146.12028057713,182984.70908802235,145000.0,0.24087,2.5e-05,1973.8490036444605,0.73453,178795.98529888917,0.89452,0.828765,12650.42191213602,0.0,177984.70908802235,0.993865,0.720615,0.4139,0.214105
L,0.67,182673.3808825277,169265.3690744187,181520.9284970879,200039.20135452173,27410.141895735494,11044.498968001993,23928.800779595942,0.69883,0.0,39663.485739373755,183484.47740753784,145000.0,0.240615,2.5e-05,1990.1048568460865,0.73453,179301.9458898689,0.89287,0.813885,12290.502026305498,0.0,178484.47740753784,0.99209,0.69883,0.397815,0.20324
L,0.68,183174.4836966578,169573.4635408196,182002.11039019382,200799.3576391642,26909.03908160536,10716.433459182315,23420.602090082393,0.67681,0.0,40180.85119817038,183984.24572705332,145000.0,0.24035,2.5e-05,2006.3675015125746,0.73453,179807.79274345783,0.891205,0.79826,11925.775473481213,0.0,178984.24572705332,0.989645,0.67681,0.3821,0.19351
L,0.69,183675.58016908905,169878.59831307453,182485.7984110135,201558.52104615053,26407.94260917409,10388.177701552775,22913.899517555197,0.6551,0.0,40698.21665696699,184484.0140465688,145000.0,0.24015,2.5e-05,2022.6364878779227,0.73453,180313.53630743877,0.889585,0.78084,11564.976570450208,0.0,179484.0140465688,0.986345,0.6551,0.3671,0.18361
L,0.7,184176.67214733848,170182.08164454697,182967.8036407376,202319.92050375216,25906.85063092469,10057.779917844413,22406.435692057305,0.6339,0.0,41215.582115763624,184983.78236608428,145000.0,0.240015,2.5e-05,2038.9099684251457,0.73453,180819.1677101895,0.88785,0.763945,11199.66053771173,0.0,179983.78236608428,0.98229,0.6339,0.351715,0.17409
L,0.71,184677.76092302304,170485.7630110109,183450.4395933441,203079.55098192222,25405.761855240155,9726.49992993746,21896.02067879695,0.612835,0.0,41732.94757456024,185483.5506855998,145000.0,0.23984,2.5e-05,2055.1866515372317,0.73453,181324.69381388897,0.886335,0.74702,10832.895240138838,0.0,180483.5506855998,0.977235,0.612835,0.336595,0.16511
L,0.72,185178.84534173523,170789.55990501572,183933.6202766197,203840.83773191864,24904.67743652793,9395.994129870405,21389.610897043676,0.592845,0.0,42250.31303335687,185983.3190051153,145000.0,0.239715,2.5e-05,2071.4676916216313,0.73453,181830.1347221734,0.885085,0.72978,10468.837604697625,0.0,180983.3190051153,0.970255,0.592845,0.322335,0.15636
L,0.73,185679.92538560202,171094.13694252935,184416.70290162473,204595.67101312976,24403.597392661115,9066.237125740574,20878.448988325254,0.57356,0.0,42767.67849215349,186483.08732463076,145000.0,0.23953,2.5e-05,2087.753106551439,0.73453,182335.48971732598,0.883665,0.71278,10102.908899570837,0.0,181483.08732463076,0.961795,0.57356,0.308665,0.14799
L,0.74,186181.00015573754,171400.07218204375,184899.63988018618,205352.36573760942,23902.5226225256,8736.957067763646,20361.028781434667,0.555305,0.0,43285.043950950116,186982.85564414627,145000.0,0.239315,2.5e-05,2104.0437952125517,0.73453,182840.7573113915,0.88229,0.69591,9736.089605663188,0.0,181982.85564414627,0.95132,0.555305,0.295415,0.140035
L,0.75,186682.06857576637,171702.0556535703,185381.58080184855,206110.51631945718,23401.45420249678,8405.044312340115,19851.26183628723,0.537035,0.0,43802.40940974674,187482.62396366175,145000.0,0.23909,2.5e-05,2120.3408339803573,0.73453,183345.93712336395,0.880855,0.678605,9365.636632069605,0.0,182482.62396366175,0.93874,0.537035,0.28204,0.13192
L,0.76,187183.13242978728,172014.44818104248,185864.72882832354,206870.25119196027,22900.390348475878,8073.379896802483,19342.26450851433,0.519185,0.0,44319.77486854337,187982.39228317724,145000.0,0.238915,2.5e-05,2136.6424387560705,0.73453,183851.03473123306,0.879695,0.661185,8996.224269817025,0.0,182982.39228317724,0.9234,0.519185,0.269535,0.124495
L,0.77,187684.19213736244,172318.03286597808,186346.9848962776,207626.61982868382,22399.330640900735,7740.575435422951,18824.271172070265,0.50144,0.0,44837.140327339985,188482.16060269275,145000.0,0.23876,2.5e-05,2152.94818997756,0.73453,184356.05456643988,0.87838,0.644055,8630.523955695307,0.0,183482.16060269275,0.904555,0.50144,0.257135,0.11755
L,0.78,188185.2473808332,172620.9183888978,186831.19270774486,208386.45958191383,21898.27539742997,7407.9412997980635,18314.255885690305,0.484205,0.0,45354.50578613661,188981.92892220823,145000.0,0.238565,2.5e-05,2169.258405303422,0.73453,184860.9970752163,0.87694,0.626545,8261.307154895983,0.0,183981.92892220823,0.882825,0.484205,0.245365,0.110805
L,0.79,188686.29798901375,172926.8659828936,187315.9586476509,209139.0896346738,21397.224789249416,7074.97364403745,17801.57615233095,0.46739,0.0,45871.87124493323,189481.6972417237,145000.0,0.238385,2.5e-05,2185.5732559194876,0.73453,185365.8584159001,0.875615,0.609005,7890.418487807631,0.0,184481.6972417237,0.857675,0.46739,0.23425,0.104085
L,0.8,189187.344762732,173234.8039106943,187801.27238096067,209896.8509404969,20896.178015531168,6742.49308315813,17293.542553839186,0.4509,0.0,46389.23670372986,189981.46556123922,145000.0,0.23823,2.5e-05,2201.891940997862,0.73453,185870.63676327976,0.87417,0.591645,7520.107921287997,0.0,184981.46556123922,0.82916,0.4509,0.22295,0.098165
L,0.81,189688.38700069126,173542.31307225671,188284.26642714313,210653.9652973685,20395.135777571915,6408.129130524792,16796.083640439974,0.434795,0.0,46906.60216252648,190481.2338807547,145000.0,0.238045,2.5e-05,2218.215161835233,0.73453,186375.34024879587,0.873005,0.574075,7147.539101423907,0.0,185481.2338807547,0.79926,0.434795,0.212005,0.092495
L,0.82,190189.4251148113,173846.6122490712,188770.0490090903,211410.59016237425,19894.097663451837,6074.470143873999,16300.829206275812,0.418915,0.0,47423.96762132311,190981.0022002702,145000.0,0.23787,2.5e-05,2234.5425065117724,0.73453,186879.97662235022,0.871885,0.556915,6777.296960766255,0.0,185981.0022002702,0.768435,0.418915,0.20152,0.087165
L,0.83,190690.4590277723,174151.11763698998,189253.3083688846,212164.6037796644,19393.06375049087,5741.946883997451,15800.790301115543,0.40324,0.0,47941.33308011972,191480.7705197857,145000.0,0.23773,2.5e-05,2250.87405234743,0.73453,187384.5471655493,0.87063,0.53934,6406.103819287287,0.0,186480.7705197857,0.737655,0.40324,0.191665,0.08183
L,0.84,191191.4901104316,174455.81976390333,189736.75896228966,212921.61338083885,18892.03266783159,5408.233174744647,15299.395400182853,0.387865,0.0,48458.69853891634,191980.53883930115,145000.0,0.237615,2.5e-05,2267.208428484772,0.73453,187889.04958699318,0.869315,0.521905,6034.938919120148,0.0,186980.53883930115,0.70873,0.387865,0.18209,0.076925
L,0.85,191692.5187362062,174761.21468642645,190222.1733255026,213678.18179890947,18391.004042056953,5073.319118590161,14802.916841813552,0.37216,0.0,48976.063997712976,192480.30715881666,145000.0,0.237485,2.5e-05,2283.5452615067557,0.73453,188393.47835046257,0.86805,0.50498,5660.637204475087,0.0,187480.30715881666,0.68293,0.37216,0.172815,0.07201
L,0.86,192193.54539766023,175066.59198917932,190705.67710524067,214436.32364587378,17889.977380602955,4736.456618974308,14303.577268355162,0.35688,0.0,49493.42945650959,192980.07547833215,145000.0,0.237345,2.5e-05,2299.8840588493817,0.73453,188897.8385865019,0.866845,0.487995,5287.882345618781,0.0,187980.07547833215,0.660135,0.35688,0.164165,0.06754
L,0.87,192694.56853655612,175371.22790616128,191188.1072136908,215196.3265715481,17388.95424170703,4400.797697718725,13800.633962086824,0.34242,0.0,50010.794915306215,193479.84379784763,145000.0,0.23719,2.5e-05,2316.2263787500824,0.73453,189402.12949668898,0.865585,0.47091,4915.045644315329,0.0,188479.84379784763,0.64001,0.34242,0.155305,0.063525
L,0.88,193195.58805010727,175673.20129898403,191672.9281075474,215956.99437159524,16887.934728155917,4064.886848575644,13304.288248083205,0.32841,0.0,50528.16037410284,193979.61211736314,145000.0,0.23703,2.5e-05,2332.572323995594,0.73453,189906.35605878406,0.864405,0.454465,4539.489109789196,0.0,188979.61211736314,0.621105,0.32841,0.147355,0.05962
L,0.89,193696.6046644977,175974.6356680712,192155.43902306893,216716.03942917797,16386.918113765463,3727.6866975410885,12816.030684222846,0.3147,0.0,51045.52583289947,194479.3804368786,145000.0,0.236915,2.5e-05,2348.9211684017664,0.73453,190410.52309343126,0.863255,0.43729,4163.688938367615,0.0,189479.3804368786,0.60427,0.3147,0.139555,0.055505
L,0.9,194197.61875703672,176276.83634242046,192637.08465932118,217474.4806032374,15885.90402122647,3391.792460461329,12326.212255535138,0.30099,0.0,51562.89129169609,194979.1487563941,145000.0,0.23677,2.5e-05,2365.272534659394,0.73453,190914.63132362365,0.862205,0.421195,3788.094009709147,0.0,189979.1487563941,0.587365,0.30099,0.131895,0.051735
L,0.91,194698.6305207703,176585.28568066357,193118.13238713582,218233.16925702017,15384.892257492864,3054.1266017093817,11834.482756077996,0.28814,0.0,52080.256750492714,195478.91707590962,145000.0,0.23665,2.5e-05,2381.626229722413,0.73453,191418.6825012358,0.8612,0.40516,3412.1493071249715,0.0,190478.91707590962,0.57065,0.28814,0.124435,0.04854
L,0.92,195199.63959356278,176888.00823534004,193599.1797204121,218988.51199731347,14883.883184700378,2716.3208511956573,11347.39740954277,0.275495,0.0,52597.622209289344,195978.68539542507,145000.0,0.236505,2.5e-05,2397.9826157265506,0.73453,191922.68148203506,0.86006,0.389145,3034.0889984383625,0.0,190978.68539542507,0.553505,0.275495,0.11746,0.045235
L,0.93,195700.64549611034,177193.40456598534,194081.65919832693,219743.74030613957,14382.877282152831,2378.0562574076916,10857.319844553334,0.26342,0.0,53114.98766808596,196478.45371494058,145000.0,0.236345,2.5e-05,2414.3421719756266,0.73453,192426.62365748963,0.859045,0.37372,2657.008582482097,0.0,191478.45371494058,0.536655,0.26342,0.11069,0.04224
L,0.94,196201.64894501423,177494.0455976006,194563.31748995083,220499.0339770637,13881.87383324893,2039.6208190206787,10362.993589416248,0.251685,0.0,53632.353126882575,196978.22203445606,145000.0,0.23627,2.5e-05,2430.7041818683433,0.73453,192930.5135702128,0.857905,0.35865,2279.559362383773,0.0,191978.22203445606,0.519505,0.251685,0.104645,0.03934
L,0.95,196702.65080917557,177795.2581645201,195048.64576262643,221255.56949215836,13380.871969087595,1700.7597099344391,9869.293558861842,0.24037,0.0,54149.718585679206,197477.99035397155,145000.0,0.236165,2.5e-05,2447.0677765036307,0.73453,193434.34847964908,0.856875,0.34392,1902.0872485202533,0.0,192477.99035397155,0.503075,0.24037,0.098605,0.036715
L,0.96,197203.65035691735,178102.92013080223,195531.50423505902,222016.55090458074,12879.872421345808,1361.5462443307915,9376.34018546596,0.229105,0.0,54667.08404447582,197977.75867348706,145000.0,0.236055,2.5e-05,2463.433687558469,0.73453,193938.12820559894,0.855735,0.329595,1522.983077347993,0.0,192977.75867348706,0.48665,0.229105,0.092925,0.034405
L,0.97,197704.6477787649,178412.25722058787,196015.12436697452,222770.86312529168,12378.87499949831,1021.8871993325214,8883.210249562035,0.217785,0.0,55184.449503272444,198477.5269930025,145000.0,0.23596,2.5e-05,2479.801724507592,0.73453,194441.85634050597,0.854775,0.316015,1143.2866274611035,0.0,193477.5269930025,0.470065,0.217785,0.087395,0.032045
L,0.98,198205.64356696806,178717.98199007017,196497.49891371455,223532.26693476544,11877.879211295056,681.5808634361659,8396.063397807695,0.20705,0.0,55701.814962069075,198977.29531251802,145000.0,0.23586,2.5e-05,2496.171395100963,0.73453,194945.5380829773,0.85388,0.302375,762.5378836559379,0.0,193977.29531251802,0.45375,0.20705,0.08228,0.03004
L,0.99,198706.6376536636,179020.0121093988,196979.88763120223,224288.29092638157,11376.885124599572,341.0358640333958,7913.739376376368,0.19723,0.0,56219.18042086569,199477.06363203353,145000.0,0.235755,2.5e-05,2512.5427672021024,0.73453,195449.1768611071,0.85285,0.28952,381.5544146540793,0.0,194477.06363203353,0.43772,0.19723,0.07766,0.02816
L,1.0,199207.63017478518,179320.11463593223,197463.28789804244,225050.3830513358,10875.892603477978,0.0,7425.000423190257,0.187025,0.0,56736.54587966232,199976.831951549,145000.0,0.235665,2.5e-05,2528.9157048771335,0.73453,195952.77182526086,0.852015,0.276685,0.0,0.0,194976.831951549,0.421715,0.187025,0.073085,0.026155
T,0.0,149029.95184116662,146639.36016167045,149403.97823768124,150000.0,60998.3637386104,32787.02598267884,57545.315782751626,0.999825,0.0,5000.0,150000.0,145000.0,0.307095,0.12021,970.0481588334122,0.75471,145000.0,1.0,0.999995,36700.59064933379,0.0,145000.0,1.0,0.999825,0.995395,0.970945
T,0.01,149536.44056837997,147133.03024369894,149903.12370278357,150647.9080649914,60491.87501139701,32457.97189859602,57048.58955895432,0.99981,0.0,5517.294785867851,150498.75426913047,145000.0,0.303995,0.10687,980.8542174878761,0.75471,145517.29478586785,1.0,0.999995,36342.64380724212,0.0,145498.75426913047,1.0,0.99981,0.99496,0.96875
T,0.02,150042.58114755442,147624.09408826198,150395.57245000778,151313.68476323178,59985.734432222554,32132.15733240785,56542.978478611476,0.99977,0.0,6034.5895717357025,150997.50853826094,145000.0,0.30114,0.09317,992.0084241812733,0.75471,146034.58957173568,1.0,0.999995,35963.013256886625,0.0,145997.50853826094,1.0,0.99977,0.994545,0.96647
T,0.03,150548.44505262162,148104.7106697168,150866.6915382667,151998.05618723907,59479.87052715536,31803.831273733682,56045.48014713779,0.99974,0.0,6551.884357603553,151496.2628073914,145000.0,0.298555,0.068735,1003.4393049819399,0.75471,146551.88435760356,1.0,0.999995,35604.38489906185,0.0,146496.2628073914,1.0,0.99974,0.994075,0.963945
T,0.04,151054.036661041,148572.79156535544,151322.04351794123,152695.17343030605,58974.27891873598,31480.42348357613,55544.94015267513,0.999715,0.0,7069.179143471406,151995.01707652188,145000.0,0.296225,0.03729,1015.1424824304077,0.75471,147069.17292392626,0.99996,0.999995,35242.28157010708,0.0,146995.01707652188,1.0,0.999715,0.99358,0.96131
T,0.05,151559.36515637414,149024.9101123677,151775.08068946135,153400.2962428923,58468.950423402835,31157.255532286228,55047.58164463438,0.99969,0.0,7586.473929339256,152493.77134565232,145000.0,0.293975,0.018205,1027.1087729651085,0.75471,147586.44389349266,0.999905,0.99999,34876.369453626015,0.0,147493.77134565232,1.0,0.99969,0.993095,0.958505
T,0.06,152064.4556055441,149458.03167840518,152232.53791823267,154113.6758963252,57963.859974232895,30837.0523851359,54549.29697274444,0.999665,0.0,8103.768715207107,152992.5256147828,145000.0,0.2916,0.00942,1039.313109663019,0.75471,148103.6824718527,0.999755,0.99999,34501.83028719282,0.0,147992.5256147828,1.0,0.999665,0.992385,0.95545
T,0.07,152569.29716564371,149880.86961332257,152693.78935810865,154832.95678419864,57459.018414133265,30507.50191003627,54057.80139025704,0.999625,0.0,8621.063501074957,153491.27988391323,145000.0,0.289415,0.00546,1051.7663354312351,0.75471,148620.87327787007,0.99955,0.999985,34143.4941179762,0.0,148491.27988391323,1.0,0.999625,0.991705,0.95223
T,0.08,153073.93850230463,150290.27475815942,153157.0446762357,155556.10179891367,56954.377077472345,30182.82903628139,53560.0921164302,0.99957,0.0,9138.358286942808,153990.0341530437,145000.0,0.287525,0.00356,1064.4197846381699,0.75471,149137.9854369554,0.99913,0.999965,33786.06261539724,0.0,148990.0341530437,1.0,0.99957,0.991075,0.948735
T,0.09,153578.39115633676,150686.23457920973,153624.02453481124,156290.4192481452,56449.924423440236,29863.259117167578,53060.067946270414,0.99954,0.0,9655.65307281066,154488.78842217417,145000.0,0.285455,0.002495,1077.2619164739158,0.75471,149655.00147463937,0.998575,0.99995,33421.33452665461,0.0,149488.78842217417,1.0,0.99954,0.99038,0.94486
T,0.1,154082.66544106198,151075.83621029323,154093.10118918098,157020.0969282358,55945.65013871499,29542.837655483978,52562.8295797708,0.99948,0.0,10172.947858678512,154987.54269130464,145000.0,0.28357,0.001855,1090.2824176165216,0.75471,150171.8854142689,0.99804,0.99992,33054.407242343514,0.0,149987.54269130464,1.0,0.99948,0.98937,0.94087
T,0.11,154586.7795227114,151463.8956150764,154564.77840170628,157757.8157271867,55441.53605706556,29219.11017134112,52062.843131653775,0.999425,0.0,10690.242644546362,155486.2969604351,145000.0,0.28183,0.001485,1103.4631218349455,0.75471,150688.64493310192,0.99731,0.999905,32681.578259625116,0.0,150486.2969604351,1.0,0.999425,0.98844,0.936465
T,0.12,155090.74629402484,151834.38352638157,155037.71855814653,158498.7932879651,54937.56928575213,28896.958979843414,51565.16685901217,0.999365,0.0,11207.537430414213,155985.05122956558,145000.0,0.280115,0.00121,1116.7911363893572,0.75471,151205.24456374467,0.9965,0.99987,32313.23661177043,0.0,150985.05122956558,1.0,0.999365,0.987465,0.93196
T,0.13,155594.57232047574,152197.61814731045,155511.96663960733,159240.48164178958,54433.74325930124,28586.785348778638,51059.523649982,0.999275,0.0,11724.832216282062,156483.80549869605,145000.0,0.27846,0.000985,1130.259895806335,0.75471,151721.69152847392,0.99555,0.999865,31940.71780125927,0.0,151483.80549869605,1.0,0.999275,0.986325,0.927005
T,0.14,156098.26077703582,152560.5647004728,155987.99543174432,159984.32170540787,53930.05480274115,28266.072766664118,50564.91555688398,0.999185,0.0,12242.127002149915,156982.55976782652,145000.0,0.27686,0.000845,1143.8662251140806,0.75471,152237.9595236066,0.994425,0.999855,31576.69847021384,0.0,151982.55976782652,1.0,0.999185,0.984975,0.92188
T,0.15,156601.83070344312,152912.26453648414,156465.67559236733,160724.38559095314,53426.48487633387,27943.71601056956,50062.483669756126,0.999075,0.0,12759.42178801777,157481.314036957,145000.0,0.27545,0.00075,1157.5910845746535,0.75471,152754.0339785658,0.99348,0.999815,31210.784527053427,0.0,152481.314036957,1.0,0.999075,0.983755,0.91625
T,0.16,157105.28925383626,153261.2032056949,156945.03026185924,161473.15053319483,52923.026325940744,27621.973319659373,49565.087973881775,0.999005,0.0,13276.716573885617,157980.06830608746,145000.0,0.27391,0.000675,1171.4273200493753,0.75471,153269.93756959465,0.99239,0.99978,30849.819439261188,0.0,152980.06830608746,1.0,0.999005,0.98235,0.91026
T,0.17,157608.637976947,153600.67244025102,157424.46885234694,162217.90017247575,52419.67760282997,27301.083496632702,49063.12437660621,0.99891,0.0,13794.011359753471,158478.8225752179,145000.0,0.272555,0.00059,1185.3733828064635,0.75471,153785.63753275783,0.99107,0.99974,30480.691288568178,0.0,153478.8225752179,1.0,0.99891,0.98087,0.90403
T,0.18,158111.8930934891,153942.88892164204,157905.21708100778,162966.053529378,51916.42248628786,26981.79145071721,48557.29471216035,0.99879,0.0,14311.306145621322,158977.57684434837,145000.0,0.27132,0.00056,1199.4130521321913,0.75471,154301.10543185298,0.98959,0.99969,30113.47000546714,0.0,153977.57684434837,1.0,0.99879,0.979055,0.897055
T,0.19,158615.06555979108,154272.91470976442,158385.63401283222,163713.25258904646,51413.250019985906,26659.32883647768,48059.53682143983,0.998645,0.0,14828.600931489173,159476.3311134788,145000.0,0.270165,0.000535,1213.5353716980956,0.75471,154816.34507368229,0.98822,0.999625,29742.764595728564,0.0,154476.3311134788,1.0,0.998645,0.977225,0.89003
T,0.2,159118.1599690392,154605.59252146535,158867.43436479918,164461.67855496504,50910.155610737784,26338.376471321226,47556.40936974333,0.998485,0.0,15345.895717357025,159975.0853826093,145000.0,0.269035,0.000485,1227.7357483178241,0.75471,155331.34675756437,0.986505,0.99955,29379.200943572807,0.0,154975.0853826093,1.0,0.998485,0.975315,0.88209
T,0.21,159621.17681136102,154937.51054960786,159348.8036109876,165208.4181898561,50407.13876841596,26015.70695532424,47050.1052795265,0.998325,0.0,15863.190503224874,160473.83965173975,145000.0,0.267845,0.000465,1242.0136918638527,0.75471,155846.06891330224,0.9849,0.999495,29018.46864062191,0.0,155473.83965173975,1.0,0.998325,0.973185,0.873915
T,0.22,160124.12193555225,155265.46104640706,159830.03794094414,165961.61626642745,49904.19364422474,25694.3513394007,46544.91454475625,0.99813,0.0,16380.485289092727,160972.59392087022,145000.0,0.26685,0.00043,1256.3633535404822,0.75471,156360.546879357,0.98325,0.99941,28651.752776715257,0.0,155972.59392087022,1.0,0.99813,0.97088,0.865205
T,0.23,160627.00994057985,155592.0460052482,160311.09020057935,166715.9824691889,49401.30563919714,25374.713396596984,46045.68458216713,0.997885,0.0,16897.780074960574,161471.3481900007,145000.0,0.265965,0.000425,1270.7701343807348,0.75471,156874.75908258036,0.981555,0.99935,28284.031608040324,0.0,156471.3481900007,1.0,0.997885,0.968135,0.85567
T,0.24,161129.8485741329,155912.77095401913,160793.96429916384,167472.07674503504,48898.467005644095,25051.096589147084,45543.91095718859,0.997595,0.0,17415.074860828427,161970.10245913116,145000.0,0.265065,0.0004,1285.2262866955348,0.75471,157388.72356634797,0.9797,0.999205,27914.39209056449,0.0,156970.10245913116,1.0,0.997595,0.965365,0.84607
T,0.25,161632.63114567977,156233.19315344383,161276.24542008346,168225.13807591112,48395.684434097224,24733.258496365335,45045.3042998927,0.99739,0.0,17932.369646696283,162468.85672826163,145000.0,0.264225,0.00038,1299.7385010165224,0.75471,157902.42769464888,0.977835,0.999075,27553.41851761784,0.0,157468.85672826163,1.0,0.99739,0.96193,0.835305
T,0.26,162135.36770647182,156555.18427115207,161759.30174707106,168975.99761595347,47892.94787330516,24408.545101613134,44549.7096145252,0.99702,0.0,18449.66443256413,162967.6109973921,145000.0,0.26345,0.00037,1314.296726092306,0.75471,158415.86568181508,0.975805,0.99891,27189.24806676379,0.0,157967.6109973921,1.0,0.99702,0.958585,0.82386
T,0.27,162638.06075428054,156872.2471169321,162242.67099612742,169732.4288749708,47390.25482549643,24094.11340299998,44050.2715357174,0.996735,0.0,18966.959218431984,163466.36526652257,145000.0,0.262665,0.000345,1328.898464151423,0.75471,158929.0324840131,0.97399,0.99873,26832.530361590965,0.0,158466.36526652257,1.0,0.996735,0.95486,0.81191
T,0.28,163140.71448700927,157194.9562788231,162726.9615648397,170487.1940139368,46887.60109276771,23776.739118832043,43543.34196144376,0.99634,0.0,19484.254004299837,163965.11953565304,145000.0,0.26191,0.000335,1343.5395172905642,0.75471,159441.94085931283,0.971975,0.998545,26481.136462700597,0.0,158965.11953565304,1.0,0.99634,0.95089,0.799595
T,0.29,163643.32572667062,157514.00647819688,163211.14894054015,171236.9910337111,46384.989853106366,23459.667873910203,43043.26715526673,0.99594,0.0,20001.548790167682,164463.87380478348,145000.0,0.26123,0.000325,1358.2230634970617,0.75471,159954.5876402172,0.97013,0.99833,26118.0792481634,0.0,159463.87380478348,1.0,0.99594,0.94599,0.787115
T,0.3,164145.90094446513,157833.63619137727,163692.3635218208,171988.08482518687,45882.41463531187,23141.049263532004,42538.67305634369,0.99539,0.0,20518.84357603553,164962.62807391392,145000.0,0.26059,0.00032,1372.9426315704172,0.75471,160466.9855082523,0.968145,0.99799,25759.52938609197,0.0,159962.62807391392,1.0,0.99539,0.94107,0.77383
T,0.31,164648.44184849015,158149.67507679548,164174.33137975715,172740.79427475538,45379.87373128683,22823.61811593162,42035.558774696416,0.994895,0.0,21036.138361903388,165461.38234304442,145000.0,0.25996,0.0003,1387.6965134132327,0.75471,160979.13152431182,0.966185,0.99776,25390.6030938158,0.0,160461.38234304442,0.999995,0.994895,0.93597,0.75994
T,0.32,165150.94712167146,158466.84093805967,164657.21578539367,173493.56452559322,44877.36845810554,22508.94661252115,41539.037420499066,0.99428,0.0,21553.433147771233,165960.13661217486,145000.0,0.259295,0.000305,1402.4860260998005,0.75471,161491.05105713126,0.96435,0.99741,25026.788443617523,0.0,160960.13661217486,0.999995,0.99428,0.93033,0.744925
T,0.33,165653.4214600576,158779.77283718967,165140.99770711368,174244.27945370472,44374.89411971936,22193.259954127843,41038.64445765852,0.99366,0.0,22070.727933639093,166458.89088130533,145000.0,0.258625,0.0003,1417.3064735814708,0.75471,162002.73457381767,0.962225,0.99708,24670.81885943643,0.0,161458.89088130533,0.999995,0.99366,0.923945,0.72978
T,0.34,166155.86200584404,159092.48947772547,165623.9437916721,174998.52651015017,43872.45357393294,21868.663949551723,40537.89581255494,0.992925,0.0,22588.022719506942,166957.6451504358,145000.0,0.257955,0.00029,1432.1607136628882,0.75471,162514.16903411032,0.960225,0.996635,24309.336148105835,0.0,161957.6451504358,0.99999,0.992925,0.917245,0.714395
T,0.35,166658.27179627214,159399.73184696422,166107.67624727823,175754.12480217635,43370.043783504836,21547.886015023432,40035.682767634455,0.99195,0.0,23105.31750537479,167456.39941956627,145000.0,0.2573,0.00029,1447.0457091026508,0.75471,163025.3749384727,0.95821,0.996125,23953.608509482077,0.0,162456.39941956627,0.999985,0.99195,0.91001,0.69821
T,0.36,167160.6543302709,159714.144264181,166590.53718263452,176508.11698580175,42867.6612495061,21228.143000365762,39539.99013548318,0.99103,0.0,23622.612291242644,167955.15368869674,145000.0,0.25678,0.00028,1461.9579609717598,0.75471,163536.3422069324,0.956125,0.99563,23587.640523682152,0.0,162955.15368869674,0.999975,0.99103,0.901605,0.68165
T,0.37,167663.01154428467,160023.77483219485,167071.76457525324,177260.647990556,42365.3040354923,20904.71236715915,39041.06318191231,0.98999,0.0,24139.907077110493,168453.9079578272,145000.0,0.25621,0.000275,1476.8955328258041,0.75471,164047.09518943957,0.95417,0.99507,23216.831907791035,0.0,163453.9079578272,0.99997,0.98999,0.89299,0.665
T,0.38,168165.34509707,160334.50921105265,167554.22783190943,178013.41560755286,41862.97048270699,20585.00795980321,38533.25306763311,0.988775,0.0,24657.201862978345,168952.66222695768,145000.0,0.2557,0.000275,1491.856765908348,0.75471,164557.6385254061,0.952285,0.994385,22846.74940146701,0.0,163952.66222695768,0.999955,0.988775,0.88366,0.64814
T,0.39,168667.65957455555,160643.89180848913,168039.09666593064,178771.33469087764,41360.65600522144,20263.36978249836,38032.679729453754,0.987425,0.0,25174.496648846198,169451.41649608815,145000.0,0.255235,0.00027,1506.837074290657,0.75471,165067.97675834468,0.950355,0.99361,22492.889424893772,0.0,164451.41649608815,0.99995,0.987425,0.873945,0.63016
T,0.4,169169.9546369837,160952.77674811138,168523.66839538142,179526.48252793224,40858.36094279328,19938.812307814842,37530.8536343703,0.985725,0.0,25691.79143471405,169950.1707652186,145000.0,0.25473,0.00026,1521.8367977303517,0.75471,165578.11645380792,0.9485,0.992645,22134.33715644384,0.0,164950.1707652186,0.99994,0.985725,0.862615,0.61207
T,0.41,169672.23176037808,161263.1653685073,169005.7291856606,180284.64682915632,40356.08381939891,19616.763747289406,37033.01978350221,0.98397,0.0,26209.086220581892,170448.92503434906,145000.0,0.25434,0.000255,1536.8544602038264,0.75471,166088.0674012825,0.94665,0.991575,21770.891409647782,0.0,165448.92503434906,0.99992,0.98397,0.850605,0.593865
T,0.42,170174.49216885472,161576.82304018922,169489.83466190513,181037.53236420025,39853.823410922254,19301.59875755605,36534.07379815886,0.98202,0.0,26726.38100644975,170947.6793034795,145000.0,0.253975,0.000255,1551.888837595014,0.75471,166597.84571096455,0.94496,0.99055,21407.472421891733,0.0,165947.6793034795,0.999905,0.98202,0.83817,0.575565
T,0.43,170676.73442325156,161891.60880007915,169971.63967159286,181795.1629856482,39351.58115652542,18974.57026359936,36029.75143638035,0.979605,0.0,27243.6757923176,171446.43357261,145000.0,0.253555,0.000255,1566.9413690660328,0.75471,167107.45386015254,0.94321,0.98925,21047.584620992646,0.0,166446.43357261,0.99989,0.979605,0.82447,0.557175
T,0.44,171178.96123326253,162203.70695065233,170456.38757598022,182549.301943739,38849.35434651447,18650.978923716706,35528.62000973018,0.97707,0.0,27760.970578185454,171945.18784174044,145000.0,0.25317,0.000255,1582.0093449229396,0.75471,167616.87449179275,0.941145,0.98776,20693.382097523467,0.0,166945.18784174044,0.999865,0.97707,0.810605,0.539155
T,0.45,171681.1748161948,162512.51950820198,170941.57526130753,183302.80969677135,38347.14076358219,18328.639061791684,35028.736077678725,0.974225,0.0,28278.265364053303,172443.9421108709,145000.0,0.252825,0.000255,1597.0905478585094,0.75471,168126.10747257885,0.93921,0.98618,20331.878382185743,0.0,167443.9421108709,0.99985,0.974225,0.79622,0.52043
T,0.46,172183.37577780578,162819.80575655424,171426.08090973622,184058.32435560477,37844.939801971195,18006.343807405596,34527.4094842639,0.971075,0.0,28795.56014992115,172942.69638000138,145000.0,0.252475,0.00026,1612.1843721153678,0.75471,168635.16313455853,0.937295,0.984355,19972.200942561714,0.0,167942.69638000138,0.999845,0.971075,0.78088,0.501935
T,0.47,172685.56201973214,163127.98387016088,171909.13123354508,184812.98514731217,37342.75356004484,17687.152784052745,34023.60356253345,0.96735,0.0,29312.854935789004,173441.45064913185,145000.0,0.2521,0.00026,1627.292916056865,0.75471,169144.03538694838,0.935355,0.982175,19614.1227640374,0.0,168441.45064913185,0.999815,0.96735,0.76407,0.483775
T,0.48,173187.73733268067,163435.752900639,172391.9425964494,185569.3681057627,36840.578247096324,17363.267967806234,33515.4419319366,0.962985,0.0,29830.149721656857,173940.20491826232,145000.0,0.251845,0.000265,1642.4123889761984,0.75471,169652.74294804208,0.9336,0.97981,19258.594527075886,0.0,168940.20491826232,0.99976,0.962985,0.74777,0.46528
T,0.49,173689.8999316955,163740.4475274066,172874.9948426502,186330.31465640388,36338.41564808153,17041.446326287183,33010.40472989109,0.95828,0.0,30347.444507524706,174438.9591873928,145000.0,0.251445,0.000265,1657.5445758292556,0.75471,170161.29249392616,0.93181,0.97696,18895.0080216045,0.0,169438.9591873928,0.999715,0.95828,0.730015,0.447365
T,0.5,174192.04758338284,164048.34861279774,173359.3303414618,187090.29732453087,35836.26799639414,16719.607869809966,32503.464025879206,0.95299,0.0,30864.739293392562,174937.71345652326,145000.0,0.251055,0.00026,1672.6917100097162,0.75471,170669.69035371495,0.9301,0.973775,18539.069242592694,0.0,169937.71345652326,0.99967,0.95299,0.71186,0.42989
T,0.51,174694.18398585837,164357.67398706023,173844.23382573185,187846.30062796597,35334.13159391857,16394.74694686768,31997.495298197115,0.946595,0.0,31382.034079260407,175436.46772565373,145000.0,0.250745,0.000265,1687.850093402006,0.75471,171177.93613912317,0.928345,0.970175,18173.773803850905,0.0,170436.46772565373,0.99963,0.946595,0.69328,0.412
T,0.52,175196.31085375027,164666.89235190648,174327.88761914364,188604.0756197966,34832.004726026695,16067.194497125294,31493.605932841616,0.93962,0.0,31899.32886512826,175935.22199478417,145000.0,0.25043,0.000265,1703.0180113779754,0.75471,171686.0257004277,0.92658,0.96622,17814.279249457155,0.0,170935.22199478417,0.999545,0.93962,0.67434,0.394915
T,0.53,175698.42977740715,164971.19698227226,174810.17708168947,189360.83615696878,34329.8858023698,15741.609902316042,30984.165131637492,0.931985,0.0,32416.623650996113,176433.97626391464,145000.0,0.25019,0.00027,1718.193873588931,0.75471,172193.9748820527,0.92489,0.96189,17448.734336004818,0.0,171433.97626391464,0.999445,0.931985,0.654335,0.377885
T,0.54,176200.54000205995,165279.600554634,175293.76675027216,190113.58930188915,33827.77557771708,15418.33926857273,30480.154399663894,0.92308,0.0,32933.91843686397,176932.7305330451,145000.0,0.249915,0.00027,1733.3784348040604,0.75471,172701.79701870144,0.92333,0.956815,17088.25108928303,0.0,171932.7305330451,0.999365,0.92308,0.634935,0.361325
T,0.55,176702.64060726616,165586.22954841578,175778.10545950296,190868.33503688834,33325.674972510846,15093.640100277204,29973.469756891238,0.913365,0.0,33451.21322273182,177431.48480217558,145000.0,0.249615,0.00027,1748.5726154656786,0.75471,173209.48986422326,0.921675,0.95106,16736.684878808566,0.0,172431.48480217558,0.999195,0.913365,0.61531,0.344695
T,0.56,177204.7331804259,165894.18956681134,176264.4318829736,191625.8134248461,32823.582399351115,14767.656671122017,29469.713580066513,0.90261,0.0,33968.508008599674,177930.23907130602,145000.0,0.249365,0.00027,1763.7748281738006,0.75471,173717.04478387124,0.919815,0.945145,16375.834854861,0.0,172930.23907130602,0.99902,0.90261,0.595565,0.329715
T,0.57,177706.8174513279,166201.97964176163,176747.76602659025,192375.49479470516,32321.498128449082,14443.380737124622,28967.77265400297,0.89044,0.0,34485.80279446751,178428.9933404365,145000.0,0.249145,0.000275,1778.9853431396127,0.75471,174224.46278155677,0.91826,0.93818,16011.393350817145,0.0,173428.9933404365,0.99881,0.89044,0.57573,0.31411
T,0.58,178208.893080355,166508.345669884,177233.06270445982,193134.86234973438,31819.422499421984,14115.918176448431,28459.612126114444,0.87689,0.0,35003.097580335365,178927.74760956696,145000.0,0.248805,0.000275,1794.2044999803659,0.75471,174731.7641336166,0.916725,0.9305,15656.956874010875,0.0,173927.74760956696,0.998525,0.87689,0.55605,0.29934
T,0.59,178710.96004116107,166810.9750104671,177718.83662071056,193890.64739544148,31317.355538615895,13790.497210672955,27955.525326150062,0.862345,0.0,35520.39236620322,179426.50187869743,145000.0,0.248545,0.00028,1809.4323250421285,0.75471,175238.95079377326,0.91522,0.92217,15301.494677909384,0.0,174426.50187869743,0.99823,0.862345,0.53625,0.28465
T,0.6,179213.01944883386,167118.5597941523,178201.44222413507,194646.8756520169,30815.296130943127,13459.754989667948,27450.452459944587,0.846125,0.0,36037.68715207107,179925.2561478279,145000.0,0.248255,0.000285,1824.6677032372136,0.75471,175746.0265030471,0.913745,0.91301,14939.37775929306,0.0,174925.2561478279,0.99774,0.846125,0.51679,0.27042
T,0.61,179715.0729436387,167426.36463632173,178686.429056646,195403.2832941347,30313.242636138326,13129.3787997215,26942.3838036511,0.828755,0.0,36554.981937938916,180424.01041695836,145000.0,0.24808,0.000285,1839.908994300267,0.75471,176252.99227876254,0.912195,0.902985,14581.962503830335,0.0,175424.01041695836,0.997245,0.828755,0.49782,0.2571
T,0.62,180217.1205279513,167734.16292497516,179174.03390320204,196161.2381692558,29811.195051825656,12802.800456107147,26438.745372070232,0.8109,0.0,37072.276723806775,180922.76468608883,145000.0,0.247795,0.000285,1855.156195855446,0.75471,176759.8548913483,0.91079,0.891935,14218.158250991251,0.0,175922.76468608883,0.99669,0.8109,0.478575,0.243955
T,0.63,180719.16141197464,168037.89294593869,179658.09765329928,196914.59158054338,29309.15416780235,12474.446976953157,25922.18708943599,0.791505,0.0,37589.57150967463,181421.51895521928,145000.0,0.247565,0.000285,1870.410097699991,0.75471,177266.61796705457,0.909325,0.88062,13855.724012198249,0.0,176421.51895521928,0.99589,0.791505,0.460325,0.23156
T,0.64,181221.1944664962,168344.72312603495,180142.3432181314,197672.9786460642,28807.1211132808,12147.992052552638,25418.731122730722,0.772145,0.0,38106.86629554248,181920.27322434974,145000.0,0.247325,0.000295,1885.67182904629,0.75471,177773.26882040198,0.907845,0.86809,13492.123465727145,0.0,176920.27322434974,0.99492,0.772145,0.442225,0.219795
T,0.65,181723.22053252885,168646.77048345967,180626.87753884506,198424.37128796516,28305.095047248164,11818.084656979963,24905.91422904287,0.750765,0.0,38624.16108141032,182419.02749348021,145000.0,0.24708,0.000295,1900.9405488815048,0.75471,178279.8201858395,0.906405,0.85471,13128.748797971586,0.0,177419.02749348021,0.993765,0.750765,0.42418,0.20836
T,0.66,182225.24043329674,168954.87995294377,181108.0696785248,199176.60573584877,27803.075146480234,11488.987314002781,24395.16028753962,0.729785,0.0,39141.45586727818,182917.78176261068,145000.0,0.246835,0.000295,1916.2154339814324,0.75471,178786.26941636752,0.904955,0.84093,12762.076292370799,0.0,177917.78176261068,0.992195,0.729785,0.40667,0.1971
T,0.67,182727.2537509765,169256.85579384968,181592.47541080296,199936.4857213277,27301.06182880052,11160.377079118642,23883.997804488114,0.707705,0.0,39658.75065314603,183416.53603174113,145000.0,0.246575,0.00029,1931.4969021695667,0.75471,179292.62443129325,0.903545,0.82676,12397.03449745317,0.0,178416.53603174113,0.990465,0.707705,0.38911,0.186415
T,0.68,183229.25998056165,169558.4384213459,182079.97294432536,200693.18173222602,26799.055599215342,10831.655732980831,23380.197337125355,0.68582,0.0,40176.045439013884,183915.2903008716,145000.0,0.246365,0.000285,1946.7854584522406,0.75471,179798.89056941535,0.902095,0.81155,12033.712412602861,0.0,178915.2903008716,0.988135,0.68582,0.37212,0.17616
T,0.69,183731.26135115654,169860.97079534293,182565.26356131386,201453.04082895658,26297.054228620447,10503.186731546453,22873.60283944974,0.66399,0.0,40693.34022488172,184414.04457000206,145000.0,0.24615,0.00028,1962.0788737251944,0.75471,180305.0632243991,0.90077,0.796195,11662.31408105357,0.0,179414.04457000206,0.98521,0.66399,0.355455,0.16655
T,0.7,184233.25672807547,170165.04435631042,183049.75615747823,202210.70285234897,25795.058851701506,10169.028079665897,22365.79190103158,0.642395,0.0,41210.63501074958,184912.79883913253,145000.0,0.24595,0.00028,1977.3782826741026,0.75471,180811.15041125778,0.89945,0.77989,11296.199349666504,0.0,179912.79883913253,0.98148,0.642395,0.338845,0.157415
T,0.71,184735.24733084597,170470.2087651411,183534.33499189548,202963.8595839202,25293.068248931,9840.367620808474,21861.659342611718,0.62122,0.0,41727.929796617434,185411.553108263,145000.0,0.245755,0.00029,1992.6824657714465,0.75471,181317.15617413272,0.898225,0.76294,10932.564695189281,0.0,180411.553108263,0.97699,0.62122,0.322795,0.148955
T,0.72,185237.23381187537,170772.5463578722,184019.52943061705,203716.31822306404,24791.081767901596,9507.553788053414,21353.545583510262,0.599695,0.0,42245.22458248529,185910.30737739347,145000.0,0.245595,0.00029,2007.9907706098998,0.75471,181823.08459435898,0.89701,0.745765,10565.564261914838,0.0,180910.30737739347,0.97111,0.599695,0.30744,0.14065
T,0.73,185739.21518108124,171075.45422992198,184503.93823601326,204472.4911946601,24289.100398695726,9177.244716642312,20840.73755332484,0.57937,0.0,42762.51936835314,186409.06164652394,145000.0,0.245395,0.00029,2023.3041872718775,0.75471,182328.9384761194,0.89575,0.728345,10195.867938723612,0.0,181409.06164652394,0.963535,0.57937,0.29286,0.13287
T,0.74,186241.191821294,171386.57086672107,184987.86975304075,205229.7921011734,23787.12375848299,8843.513301098741,20326.599956159247,0.55883,0.0,43279.814154220985,186907.8159156544,145000.0,0.24523,0.000295,2038.622332926995,0.75471,182834.71041738885,0.894435,0.71097,9826.449492342448,0.0,181907.8159156544,0.954365,0.55883,0.278905,0.1254
T,0.75,186743.16334655526,171697.37836382882,185473.47687508306,205983.63009951197,23285.152233221714,8509.41089878845,19815.242300425976,0.539545,0.0,43797.108940088845,187406.57018478485,145000.0,0.24501,0.000295,2053.945593533567,0.75471,183340.404299747,0.89323,0.69319,9456.370074630408,0.0,182406.57018478485,0.942795,0.539545,0.2647,0.118485
T,0.76,187245.1304616372,172006.9416971154,185958.6575415399,206741.96732709918,22783.18511813979,8176.488999876882,19310.53093597325,0.520225,0.0,44314.40372595669,187905.32445391532,145000.0,0.24483,0.0003,2069.2732643195004,0.75471,183846.02764570748,0.892035,0.674995,9084.439988581702,0.0,182905.32445391532,0.92827,0.520225,0.251405,0.111885
T,0.77,187747.09362235572,172309.99265199516,186442.40045457246,207497.74619128983,22281.221957421254,7841.905386002825,18805.523291722537,0.500775,0.0,44831.69851182455,188404.0787230458,145000.0,0.24471,0.0003,2084.6048894688097,0.75471,184351.57900713847,0.89081,0.65661,8712.969340917549,0.0,183404.0787230458,0.91107,0.500775,0.23873,0.10579
T,0.78,188249.05326675653,172614.1286159944,186926.61117771931,208254.47102621643,21779.262313020445,7504.3992771188105,18303.06748107256,0.482015,0.0,45348.993297692396,188902.83299217626,145000.0,0.244495,0.0003,2099.9400309358534,0.75471,184857.05169105268,0.88956,0.63804,8341.791344633373,0.0,183902.83299217626,0.88959,0.482015,0.22636,0.099695
T,0.79,188751.00825987302,172917.41143231207,187410.03095697943,209015.1933485646,21277.307319903994,7168.1822418093025,17796.780535123413,0.463405,0.0,45866.28808356024,189401.5872613067,145000.0,0.2443,0.0003,2115.2798236872572,0.75471,185362.45381819675,0.8884,0.6191,7965.02631886714,0.0,184401.5872613067,0.864975,0.463405,0.21482,0.09375
T,0.8,189252.95933857316,173222.201861955,187894.6078549851,209772.20338103137,20775.35624120381,6832.057454088243,17294.060804332912,0.445545,0.0,46383.5828694281,189900.34153043717,145000.0,0.244165,0.0003,2130.623530854928,0.75471,185867.7856090742,0.887055,0.600255,7595.604553897893,0.0,184900.34153043717,0.837835,0.445545,0.20346,0.08823
T,0.81,189754.9062160727,173525.14810866144,188379.82796917827,210528.95014206527,20273.409363704275,6495.610633097815,16788.528918882017,0.42801,0.0,46900.877655295946,190399.09579956764,145000.0,0.24398,0.00031,2145.971439223243,0.75471,186373.05063936114,0.886065,0.580465,7221.93007951907,0.0,185399.09579956764,0.80838,0.42801,0.192845,0.083135
T,0.82,190256.8495963862,173829.02168494085,188865.066047591,211286.32225166963,19771.465983390804,6158.141485425013,16281.071984410068,0.40986,0.0,47418.172441163784,190897.8500686981,145000.0,0.24383,0.00031,2161.3228447776128,0.75471,186878.25652143775,0.88498,0.5611,6847.690080872075,0.0,185897.8500686981,0.77869,0.40986,0.18254,0.078335
T,0.83,190758.7894160414,174128.82357703746,189351.27614832268,212042.38529009445,19269.526163735576,5819.6844333767685,15778.780588384834,0.3927,0.0,47935.46722703165,191396.60433782858,145000.0,0.243635,0.00031,2176.6778109902393,0.75471,187383.40381657364,0.88389,0.542165,6471.149078281431,0.0,186396.60433782858,0.749395,0.3927,0.172615,0.07404
T,0.84,191260.72630553154,174432.5851709222,189836.10873721985,212793.75348961135,18767.589274245438,5481.229038921185,15279.530629976784,0.37616,0.0,48452.7620128995,191895.35860695905,145000.0,0.243525,0.00031,2192.035707367954,0.75471,187888.4921765647,0.882835,0.523015,6097.310412655182,0.0,186895.35860695905,0.72198,0.37616,0.16334,0.06975
T,0.85,191762.6582567449,174737.14283142838,190319.9791400653,213548.08449142985,18265.65732303206,5143.41735338175,14777.805490022423,0.35918,0.0,48970.05679876735,192394.11287608952,145000.0,0.243275,0.00031,2207.398542022427,0.75471,188393.526026814,0.881945,0.503865,5721.491446848122,0.0,187394.11287608952,0.69683,0.35918,0.154655,0.06595
T,0.86,192264.58619919876,175039.52889670563,190804.35232446264,214303.7252583724,17763.729380578236,4805.430479827231,14284.18464629093,0.34277,0.0,49487.3515846352,192892.86714521996,145000.0,0.243135,0.00031,2222.765385436452,0.75471,188898.50741764117,0.88092,0.485865,5344.954572672764,0.0,187892.86714521996,0.674395,0.34277,0.146325,0.06226
T,0.87,192766.511173925,175342.7834041125,191287.52796370682,215061.68722938496,17261.804405851926,4465.088715122477,13783.828485031248,0.32669,0.0,50004.64637050305,193391.62141435046,145000.0,0.242975,0.00031,2238.135196577995,0.75471,189403.4383808455,0.879865,0.4672,4968.7170170416675,0.0,188391.62141435046,0.653725,0.32669,0.138315,0.058805
T,0.88,193268.43320132224,175647.58095506983,191772.55269916018,215825.148870446,16759.882378454728,4123.4581788376945,13287.610432975926,0.3114,0.0,50521.94115637091,193890.3756834809,145000.0,0.242845,0.00031,2253.5079550486485,0.75471,189908.31237862527,0.878855,0.448565,4590.00304314353,0.0,188890.3756834809,0.63408,0.3114,0.13047,0.055505
T,0.89,193770.3529396094,175951.8955647342,192258.267730389,216577.8484245655,16257.962640167558,3784.2935150581575,12792.185742304719,0.29645,0.0,51039.23594223875,194389.12995261137,145000.0,0.242745,0.000315,2268.8830026293303,0.75471,190413.1363662113,0.87793,0.430395,4210.12735621162,0.0,189389.12995261137,0.61491,0.29645,0.123755,0.05233
T,0.9,194272.27027177508,176257.3761615505,192741.8737983386,217340.79438441622,15756.045308001863,3443.451938011509,12299.908564849335,0.282015,0.0,51556.530728106605,194887.8842217418,145000.0,0.24263,0.00032,2284.260456331489,0.75471,190917.90716875228,0.8769,0.412,3830.7748796371743,0.0,189887.8842217418,0.59559,0.282015,0.11712,0.049425
T,0.91,194774.18503331544,176558.57723846452,193228.26163939122,218100.11097082452,15254.130546461527,3102.5857386065545,11796.200255035335,0.268245,0.0,52073.82551397446,195386.63849087228,145000.0,0.24248,0.00032,2299.6404806590017,0.75471,191422.6310141114,0.876055,0.393965,3449.3440099462255,0.0,190386.63849087228,0.57677,0.268245,0.110575,0.046545
T,0.92,195276.09675156936,176862.47455147977,193711.91720778018,218856.06985609923,14752.21882820758,2760.133925365226,11303.256040888795,0.255,0.0,52591.1202998423,195885.39276000275,145000.0,0.24235,0.00032,2315.0235482729076,0.75471,191927.31017205573,0.875105,0.376505,3068.5288763266917,0.0,190885.39276000275,0.55815,0.255,0.10434,0.04396
T,0.93,195778.00625690483,177164.14350818665,194197.16290563677,219614.6087863729,14250.309322872145,2417.708687317913,10810.420026881213,0.242155,0.0,53108.41508571016,196384.14702913322,145000.0,0.24223,0.00032,2330.4088288053235,0.75471,192431.9390303585,0.874085,0.36005,2687.1082119534826,0.0,191384.14702913322,0.53893,0.242155,0.098365,0.041425
T,0.94,196279.9130444915,177469.21473061747,194681.03629070095,220370.29233601133,13748.402535285506,2074.465442378646,10320.07092353073,0.230075,0.0,53625.70987157801,196882.9012982637,145000.0,0.242095,0.000325,2345.796827086531,0.75471,192936.5208624595,0.87318,0.34295,2305.0550463950217,0.0,191882.9012982637,0.520415,0.230075,0.09295,0.03903
T,0.95,196781.81766321856,177769.47639433478,195167.0781739049,221125.74828432314,13246.497916558408,1730.076549943426,9826.481016911275,0.218085,0.0,54143.00465744586,197381.65556739416,145000.0,0.242015,0.000325,2361.1869942272824,0.75471,193441.05776997426,0.87227,0.32709,1921.678112819459,0.0,192381.65556739416,0.50205,0.218085,0.08783,0.036655
T,0.96,197283.7205631347,178076.76238313556,195650.90521858013,221882.94571402852,12744.595016642303,1385.2746153735511,9341.421459130419,0.20699,0.0,54660.299443313714,197880.40983652463,145000.0,0.24192,0.00033,2376.5788801790313,0.75471,193945.54997382007,0.871355,0.31128,1539.3039935991692,0.0,192880.40983652463,0.48344,0.20699,0.08298,0.03468
T,0.97,197785.6219268615,178381.89689954885,196136.55161716853,222634.98272879375,12242.693652915525,1039.9663867265176,8852.866443523366,0.19601,0.0,55177.594229181566,198379.1641056551,145000.0,0.24185,0.000325,2391.9723023201036,0.75471,194449.9982759479,0.87041,0.29592,1155.5940607022583,0.0,193379.1641056551,0.465535,0.19601,0.07841,0.03292
T,0.98,198287.52167829123,178688.3592829783,196620.26176764345,223393.28288459097,11740.793901485744,693.8532132454711,8363.235445099912,0.185555,0.0,55694.88901504941,198877.91837478554,145000.0,0.24178,0.00033,2407.367336758176,0.75471,194954.40003310368,0.86953,0.2816,770.7348353670517,0.0,193877.91837478554,0.44711,0.185555,0.07404,0.03123
T,0.99,198789.42051860748,178992.0437070301,197106.08387932734,224151.18337490666,11238.895061169509,347.2383827618745,7872.708644988103,0.175575,0.0,56212.183800917264,199376.672643916,145000.0,0.24169,0.00033,2422.763282309792,0.75471,195458.7597696053,0.868655,0.268065,385.79531124299683,0.0,194376.672643916,0.42881,0.175575,0.0701,0.029525
T,1.0,199291.31795832023,179299.78995730082,197590.0982372269,224908.5010920235,10736.997621456772,0.0,7386.292145462823,0.166655,0.0,56729.478586785124,199875.42691304648,145000.0,0.241605,0.00033,2438.160628464905,0.75471,195963.07908305404,0.867805,0.25472,0.0,0.0,194875.42691304648,0.411285,0.166655,0.066205,0.027995
BOOT,0.0,149029.95184116662,146639.36016167045,149403.97823768124,150000.0,61682.662826280575,30268.551561368986,58920.33768025032,0.99576,0.0,5000.0,150000.0,145000.0,0.307095,0.12021,970.0481588334122,0.743715,145000.0,1.0,0.998935,34183.826303801725,0.0,145000.0,0.99984,0.99576,0.98241,0.95281
BOOT,0.01,149536.4668227958,147135.25799232192,149903.8745036426,150665.12897489144,61176.14784465137,29962.566787796102,58410.504231041894,0.995525,0.0,5521.233958941023,150509.74113267055,145000.0,0.303115,0.10697,984.7671361452387,0.743715,145521.23395894104,1.0,0.99882,33822.50895497104,0.0,145509.74113267055,0.999835,0.995525,0.981795,0.950545
BOOT,0.02,150042.42876366744,147626.7702267019,150392.84655114036,151346.20426963922,60670.185903779704,29648.91965676216,57905.62833394582,0.99534,0.0,6042.467917882045,151019.4822653411,145000.0,0.299625,0.09381,1000.0391542145933,0.743715,146042.46791788205,1.0,0.99869,33458.37671191244,0.0,146019.4822653411,0.999815,0.99534,0.981015,0.948325
BOOT,0.03,150547.90694675912,148103.54562213534,150859.29864132337,152041.52636308063,60164.707720688035,29351.105725589277,57394.56642116724,0.995125,0.0,6563.70187682307,151529.2233980116,145000.0,0.296355,0.06812,1015.7949300639383,0.743715,146563.6970433382,0.99996,0.998565,33087.85138932414,0.0,146529.2233980116,0.999805,0.995125,0.9803,0.94585
BOOT,0.04,151052.93424591955,148558.2866224556,151312.21107296622,152749.15391918694,59659.68042152762,29049.458940303815,56884.90833669358,0.99485,0.0,7084.935835764093,152038.96453068216,145000.0,0.293105,0.03931,1032.0015898445572,0.743715,147084.87411389226,0.999825,0.99841,32730.535997543568,0.0,147038.96453068216,0.999805,0.99485,0.97956,0.9431
BOOT,0.05,151557.53566456703,148990.76524785176,151766.60512946587,153465.27670070567,59155.07900288011,28745.58999514225,56374.09296713793,0.994665,0.0,7606.169794705114,152548.70566335268,145000.0,0.290165,0.02136,1048.6341301380764,0.743715,147605.97150856402,0.99954,0.99825,32383.62491120632,0.0,147548.70566335268,0.99978,0.994665,0.978785,0.940205
BOOT,0.06,152061.7658179028,149409.5718954864,152227.61710307508,154184.78531641478,58650.848849544374,28444.778948388583,55876.67385237443,0.994425,0.0,8127.403753646139,153058.44679602323,145000.0,0.28739,0.01258,1065.6379357433552,0.743715,148126.92348411365,0.99899,0.998105,32023.634747971242,0.0,148058.44679602323,0.999775,0.994425,0.977915,0.936835
BOOT,0.07,152565.68087411468,149803.41023115793,152695.13067532465,154909.65434331752,58146.933793332464,28150.61663940189,55371.08132642995,0.99423,0.0,8648.637712587162,153568.18792869378,145000.0,0.28483,0.008555,1082.9568384724648,0.743715,148647.68436450764,0.998355,0.9979,31661.527807938808,0.0,148568.18792869378,0.99976,0.99423,0.976925,0.93335
BOOT,0.08,153069.3054835982,150181.7590324162,153165.2272416227,155643.99124585002,57643.309183848934,27858.813358046937,54867.55072465558,0.994015,0.0,9169.871671528184,154077.92906136432,145000.0,0.282275,0.00644,1100.5661879299666,0.743715,149168.21663697125,0.99745,0.99766,31288.922956873055,0.0,149077.92906136432,0.99975,0.994015,0.97597,0.93004
BOOT,0.09,153572.65122603526,150547.5547395746,153639.16667517845,156380.40200382736,57139.96344141191,27557.160315690708,54362.382858790195,0.9937,0.0,9691.105630469208,154587.67019403487,145000.0,0.27999,0.005295,1118.454404433955,0.743715,149688.4964579087,0.996365,0.997415,30931.204046431398,0.0,149587.67019403487,0.99974,0.9937,0.974955,0.926385
BOOT,0.1,154075.7609066252,150896.60110589387,154115.30280518802,157122.1143471697,56636.853760822,27259.64984745002,53851.767027324066,0.99345,0.0,10212.33958941023,155097.41132670542,145000.0,0.277925,0.00453,1136.5786827850693,0.743715,150208.4697444659,0.9952,0.99715,30576.139542493234,0.0,150097.41132670542,0.999715,0.99345,0.973985,0.922245
BOOT,0.11,154578.6537393981,151236.69070070438,154592.7051420604,157860.86866437603,56133.96092804904,26969.713164200977,53354.08422918261,0.99315,0.0,10733.573548351254,155607.1524593759,145000.0,0.27582,0.00405,1154.9198089531328,0.743715,150728.11171505932,0.993795,0.99694,30220.760033828552,0.0,150607.1524593759,0.99971,0.99315,0.97271,0.917915
BOOT,0.12,155081.34193781496,151565.3210818397,155072.70002272388,158605.73660263701,55631.27272963223,26674.232846738505,52849.9926420822,0.992855,0.0,11254.807507292278,156116.89359204646,145000.0,0.274005,0.00367,1173.4655694773414,0.743715,151247.38877224902,0.99218,0.99669,29868.806144789116,0.0,151116.89359204646,0.999675,0.992855,0.971525,0.913375
BOOT,0.13,155583.85603290005,151898.10153245836,155554.91732998306,159352.7222042859,55128.7586345471,26378.595846357657,52356.63909450402,0.99261,0.0,11776.0414662333,156626.634724717,145000.0,0.27222,0.0034,1192.1854333332353,0.743715,151766.26249667053,0.990425,0.996455,29509.074728163258,0.0,151626.634724717,0.999655,0.99261,0.970315,0.90865
BOOT,0.14,156086.21293345897,152218.06336731216,156039.08897816375,160100.76108683448,54626.4017339882,26087.31552733956,51857.45346504447,0.992235,0.0,12297.275425174324,157136.37585738755,145000.0,0.2706,0.00331,1211.0624917153618,0.743715,152284.74053678277,0.98848,0.996165,29153.354440732903,0.0,152136.37585738755,0.999625,0.992235,0.968835,0.903465
BOOT,0.15,156588.4463624652,152535.6686458769,156521.32251757738,160846.28359977907,54124.16830498195,25799.460857173097,51353.00432169996,0.99189,0.0,12818.509384115345,157646.1169900581,145000.0,0.269095,0.003285,1230.0630216501277,0.743715,152802.79469429783,0.986475,0.995805,28794.286094419767,0.0,152646.1169900581,0.9996,0.99189,0.96729,0.89763
BOOT,0.16,157090.55357788707,152846.71402617637,157007.9130199697,161601.73895956433,53622.061089560106,25512.060839523954,50851.47600498301,0.991525,0.0,13339.743343056369,158155.85812272865,145000.0,0.267615,0.003175,1249.189765169314,0.743715,153320.42805676666,0.98443,0.995445,28435.527160787955,0.0,153155.85812272865,0.999565,0.991525,0.96572,0.89169
BOOT,0.17,157592.54185804393,153156.3133229738,157494.56183917372,162351.135440399,53120.07280940323,25215.606841056328,50347.3204037667,0.99123,0.0,13860.977301997395,158665.59925539917,145000.0,0.266245,0.00315,1268.4354439534554,0.743715,153837.63467769793,0.982215,0.995125,28077.133671206764,0.0,153665.59925539917,0.99953,0.99123,0.96393,0.885695
BOOT,0.18,158094.43498581386,153470.38743596562,157981.07149346574,163108.55525632648,52618.17968163331,24924.958282918607,49838.7086733952,0.990775,0.0,14382.211260938415,159175.34038806972,145000.0,0.26508,0.003095,1287.7762751245675,0.743715,154354.37597020148,0.97976,0.994765,27730.22580808618,0.0,154175.34038806972,0.99951,0.990775,0.961995,0.878925
BOOT,0.19,158596.23462582,153778.82783312254,158468.1152272342,163859.65183825808,52116.38004162712,24637.175862471668,49337.08049636769,0.990435,0.0,14903.445219879437,159685.08152074023,145000.0,0.263825,0.003075,1307.210594059404,0.743715,154870.66984411213,0.9773,0.994445,27366.966322486445,0.0,154685.08152074023,0.999485,0.990435,0.960045,0.871925
BOOT,0.2,159097.94876047035,154084.83703402817,158958.8831158231,164612.12820569248,51614.66590697681,24345.14736913139,48833.30422212774,0.99004,0.0,15424.679178820463,160194.82265341078,145000.0,0.262815,0.00308,1326.7304183501083,0.743715,155386.5155070399,0.97487,0.99412,27015.107014486748,0.0,155194.82265341078,0.99942,0.99004,0.95782,0.864755
BOOT,0.21,159599.58695980939,154380.84848240786,159445.79368006333,165370.74759844586,51113.02770763776,24047.80948820118,48324.35076440062,0.989565,0.0,15945.913137761485,160704.56378608133,145000.0,0.261815,0.00313,1346.3261779520863,0.743715,155901.94345569576,0.972445,0.993735,26666.501554363527,0.0,155704.56378608133,0.99936,0.989565,0.955485,0.857025
BOOT,0.22,160101.14853646542,154679.65047626768,159934.70760768763,166127.4525150682,50611.466130981724,23754.261455044907,47824.17914257705,0.989025,0.0,16467.14709670251,161214.30491875188,145000.0,0.2607,0.00315,1365.998560237073,0.743715,156416.93338302834,0.969825,0.99331,26317.21774556256,0.0,156214.30491875188,0.999335,0.989025,0.953105,0.84868
BOOT,0.23,160602.64067653735,154974.61763542338,160422.6647575867,166883.8888796543,50109.97399090981,23459.627322819015,47320.49625264347,0.988435,0.0,16988.38105564353,161724.0460514224,145000.0,0.25982,0.00321,1385.7403791061827,0.743715,156931.48963433318,0.967385,0.99285,25967.46974410693,0.0,156724.0460514224,0.99927,0.988435,0.950535,0.840195
BOOT,0.24,161104.0727947902,155268.84393541343,160911.50248770945,167646.433897413,49608.541872656955,23168.6092768836,46815.42383677182,0.98795,0.0,17509.61501458455,162233.78718409294,145000.0,0.25893,0.00324,1405.5422197943399,0.743715,157445.6277109706,0.96458,0.99242,25615.04708530498,0.0,157233.78718409294,0.999215,0.98795,0.947675,0.83158
BOOT,0.25,161605.45123800472,155564.33213193066,161400.1540545972,168404.87807967162,49107.16342944242,22873.743614029117,46314.946467736096,0.98742,0.0,18030.848973525575,162743.52831676346,145000.0,0.258075,0.00326,1425.397735520849,0.743715,157959.34211744697,0.96201,0.991995,25277.49134083687,0.0,157743.52831676346,0.999145,0.98742,0.944495,0.82212
BOOT,0.26,162106.77417650484,155859.9442768502,161890.328172997,169158.51839297358,48605.840490942304,22574.65414145387,45807.098136942644,0.98687,0.0,18552.0829324666,163253.269449434,145000.0,0.25722,0.00331,1445.3087559617484,0.743715,158472.66637644893,0.959375,0.991535,24931.00846864631,0.0,158253.269449434,0.99907,0.98687,0.94078,0.81206
BOOT,0.27,162608.0443949987,156147.98821886085,162382.968422107,169916.75646210904,48104.57027244847,22283.15239049232,45299.86290968217,0.98622,0.0,19073.316891407623,163763.01058210456,145000.0,0.25644,0.00334,1465.2724964089346,0.743715,158985.5993474216,0.95669,0.99109,24587.772323305468,0.0,158763.01058210456,0.99899,0.98622,0.936775,0.8015
BOOT,0.28,163109.27017212025,156443.0084624874,162870.43493603502,170681.7034653838,47603.34449532692,21989.629579937253,44792.62599570367,0.985585,0.0,19594.55085034865,164272.7517147751,145000.0,0.255795,0.003365,1485.2806782284154,0.743715,159498.14308110022,0.95402,0.990575,24251.3336612374,0.0,159272.7517147751,0.998935,0.985585,0.93292,0.790945
BOOT,0.29,163610.45478979245,156724.97716535963,163361.0353504854,171443.89942336132,47102.1598776547,21693.947549754717,44289.645433855825,0.984835,0.0,20115.78480928967,164782.49284744565,145000.0,0.255035,0.00339,1505.3300194972182,0.743715,160010.32745744195,0.95156,0.99002,23916.816714533295,0.0,159782.49284744565,0.998865,0.984835,0.92855,0.7796
BOOT,0.3,164111.60189243112,157013.03463689992,163854.24283054358,172203.46910635216,46601.012775016025,21403.468523077743,43782.389152634976,0.98405,0.0,20637.01876823069,165292.2339801162,145000.0,0.254385,0.003435,1525.4168757995542,0.743715,160522.19624409016,0.94938,0.9895,23587.145212657604,0.0,160292.2339801162,0.9988,0.98405,0.923675,0.76805
BOOT,0.31,164612.7106155692,157301.0077040506,164344.4251266154,172962.83878761562,46099.90405187796,21111.323629805625,43277.545773219856,0.983265,0.0,21158.252727171715,165801.9751127867,145000.0,0.25372,0.003495,1545.5421116025195,0.743715,161033.76304678794,0.94696,0.988875,23255.525833516633,0.0,160801.9751127867,0.998785,0.983265,0.918615,0.75615
BOOT,0.32,165113.78738555597,157591.0728235177,164833.4196404232,173725.63664459158,45598.827281891194,20815.504956309353,42773.272782926215,0.98231,0.0,21679.486686112738,166311.71624545724,145000.0,0.253085,0.003585,1565.6993005567647,0.743715,161545.02023742496,0.944495,0.98833,22918.158934346084,0.0,161311.71624545724,0.998675,0.98231,0.912865,0.74394
BOOT,0.33,165614.8297591461,157875.4635589588,165326.66812281692,174482.3539618004,45097.784908301066,20521.90193579921,42266.52638294961,0.981255,0.0,22200.72064505376,166821.4573781278,145000.0,0.252465,0.00359,1585.8908859076755,0.743715,162055.96556628795,0.942,0.987525,22589.091370774586,0.0,161821.4573781278,0.998565,0.981255,0.906615,0.731045
BOOT,0.34,166115.84211404683,158157.01001124558,165815.93199308764,175243.571726037,44596.77255340035,20225.860465502963,41753.34712970482,0.980225,0.0,22721.95460399479,167331.19851079833,145000.0,0.25191,0.00362,1606.1124899479598,0.743715,162566.60308543273,0.939635,0.98689,22251.629726196716,0.0,162331.19851079833,0.998445,0.980225,0.89964,0.717515
BOOT,0.35,166616.82723913845,158438.2732288335,166306.49163497775,176007.4540972558,44095.7874283087,19934.026622305602,41243.98910008336,0.978975,0.0,23243.18856293581,167840.93964346888,145000.0,0.2513,0.003645,1626.3613237973434,0.743715,163076.9748035974,0.93734,0.98611,21925.461401905977,0.0,162840.93964346888,0.998335,0.978975,0.892355,0.704175
BOOT,0.36,167117.7820462817,158719.68346249464,166795.94383820076,176768.59342999902,43594.832621165464,19637.524166211442,40738.641035440975,0.977625,0.0,23764.42252187683,168350.68077613943,145000.0,0.250755,0.003695,1646.6404755951298,0.743715,163587.0684957309,0.93503,0.98524,21595.697621583953,0.0,163350.68077613943,0.998225,0.977625,0.884325,0.689725
BOOT,0.37,167618.71232054327,159004.8292022724,167289.0380476413,177527.1698821587,43093.902346903895,19339.650429684632,40230.21509564406,0.976195,0.0,24285.656480817852,168860.42190880995,145000.0,0.250255,0.003735,1666.9441602745926,0.743715,164096.90770885654,0.93281,0.984255,21263.73870142288,0.0,163860.42190880995,0.99811,0.976195,0.87642,0.67481
BOOT,0.38,168119.62307494914,159287.7757295565,167779.95633166298,178292.20405228555,42592.99159249804,19041.35531328198,39723.6813946411,0.974495,0.0,24806.890439758878,169370.1630414805,145000.0,0.24985,0.003765,1687.2673648097555,0.743715,164606.47895797357,0.930385,0.98335,20931.101013467694,0.0,164370.1630414805,0.99799,0.974495,0.867475,0.660185
BOOT,0.39,168620.51398971348,159564.08998464124,168271.2028460637,179057.91228725002,42092.1006777337,18745.282893733765,39208.51398144767,0.9728,0.0,25328.124398699903,169879.90417415102,145000.0,0.249365,0.003815,1707.610408986439,0.743715,165115.7921290198,0.92809,0.982255,20604.12562573284,0.0,164879.90417415102,0.99785,0.9728,0.858145,0.644675
BOOT,0.4,169121.3872722702,159847.83653190164,168759.56755574635,179816.5686421103,41591.22739517695,18450.66967083558,38698.32378428888,0.97093,0.0,25849.358357640926,170389.64530682156,145000.0,0.248975,0.003835,1727.971085370723,0.743715,165624.85046280012,0.92569,0.981105,20280.299746520737,0.0,165389.64530682156,0.997715,0.97093,0.84828,0.62929
BOOT,0.41,169622.2415295697,160127.78088108377,169250.58132122463,180581.83281239995,41090.373137877476,18153.934349911375,38193.49698077324,0.96894,0.0,26370.592316581944,170899.3864394921,145000.0,0.2485,0.003895,1748.3507870122544,0.743715,166133.64940879817,0.923375,0.97977,19960.31831673485,0.0,165899.3864394921,0.997545,0.96894,0.8381,0.613105
BOOT,0.42,170123.0767181016,160410.46198595333,169742.62099275552,181344.13330420724,40589.53794934557,17862.1886227206,37684.44124073662,0.96644,0.0,26891.82627552297,171409.12757216266,145000.0,0.248065,0.00394,1768.749557421379,0.743715,166642.21018747785,0.921235,0.97824,19641.325183815647,0.0,166409.12757216266,0.997345,0.96644,0.827005,0.597255
BOOT,0.43,170623.89591252108,160694.99798672218,170234.4584320213,182107.03356119257,40088.71875492608,17566.846341688648,37171.92837592472,0.96393,0.0,27413.060234463996,171918.86870483318,145000.0,0.247685,0.004005,1789.1643219429088,0.743715,167150.5589798716,0.919125,0.97652,19304.272469283333,0.0,166918.86870483318,0.99709,0.96393,0.81523,0.58095
BOOT,0.44,171124.69923647176,160972.8986856379,170727.54772820065,182872.02428529316,39587.9154309754,17270.950928907318,36664.761752878374,0.961035,0.0,27934.294193405018,172428.60983750373,145000.0,0.24736,0.004065,1809.5949569332506,0.743715,167658.69387102925,0.916905,0.97454,18979.28906850912,0.0,167428.60983750373,0.996825,0.961035,0.80231,0.5646
BOOT,0.45,171625.48860082214,161256.53685338004,171219.7890716904,183639.541383264,39087.126066625,16970.696833557966,36156.09739482442,0.95802,0.0,28455.52815234604,172938.35097017427,145000.0,0.24697,0.00411,1830.0395515238845,0.743715,168166.6118458031,0.914665,0.97246,18665.302646306638,0.0,167938.35097017427,0.99657,0.95802,0.789595,0.548105
BOOT,0.46,172126.26486952713,161535.21393634283,171708.2341378173,184405.86074430577,38586.349797920004,16671.729300349238,35643.84713901409,0.954595,0.0,28976.76211128706,173448.0921028448,145000.0,0.24661,0.004135,1850.497241759907,0.743715,168674.31084335383,0.91249,0.970145,18340.79942210631,0.0,168448.0921028448,0.996285,0.954595,0.77631,0.5315
BOOT,0.47,172627.0296973123,161815.62376790197,172199.48705843813,185169.48413059724,38085.58497013484,16377.510915652694,35129.10436127728,0.9509,0.0,29497.996070228084,173957.83323551534,145000.0,0.246315,0.004175,1870.9663729157649,0.743715,169181.81536699348,0.91034,0.96773,18015.841870677235,0.0,168957.83323551534,0.995995,0.9509,0.76161,0.515135
BOOT,0.48,173127.78373934966,162091.4993779558,172691.65585710946,185935.45521551045,37584.83092809746,16078.684304098051,34621.645467030234,0.94632,0.0,30019.230029169103,174467.5743681859,145000.0,0.246045,0.004195,1891.4462898194022,0.743715,169689.12877039955,0.90843,0.964645,17684.908058728113,0.0,169467.5743681859,0.99579,0.94632,0.74701,0.497995
BOOT,0.49,173628.52775326546,162369.58740288395,173181.43125016795,186694.39327755827,37084.08691418167,15786.321581876697,34116.058204471046,0.941115,0.0,30540.463988110132,174977.31550085644,145000.0,0.24578,0.00423,1911.936234844642,0.743715,170196.25195305198,0.906355,0.96138,17358.445040845312,0.0,169977.31550085644,0.9955,0.941115,0.731915,0.481205
BOOT,0.5,174129.26273851906,162650.68572881166,173671.31812554426,187456.10013179327,36583.35192892814,15491.24519627252,33607.706505563954,0.93588,0.0,31061.697947051154,175487.05663352698,145000.0,0.245485,0.004275,1932.4352085321307,0.743715,170703.19397751658,0.90444,0.9578,17028.00929716822,0.0,170487.05663352698,0.995175,0.93588,0.715975,0.464505
BOOT,0.51,174629.9877842961,162934.10286045927,174162.9077448923,188219.9498598278,36082.62688315106,15195.790365928564,33100.50105260941,0.929815,0.0,31582.93190599218,175996.7977661975,145000.0,0.24519,0.00434,1952.9441216960777,0.743715,171209.96720528457,0.902315,0.95386,16698.12650544099,0.0,170996.7977661975,0.994785,0.929815,0.699745,0.448175
BOOT,0.52,175130.703465511,163212.59505703626,174653.46690243628,188978.80082575168,35581.91120193613,14893.58974992399,32589.844166190785,0.923185,0.0,32104.1658649332,176506.53889886802,145000.0,0.2449,0.004375,1973.4623994221674,0.743715,171716.57452471493,0.900595,0.94925,16363.84326889119,0.0,171506.53889886802,0.99442,0.923185,0.68376,0.43248
BOOT,0.53,175631.41004527503,163489.6110828719,175148.55911016272,189744.28795296888,35081.2046221721,14596.415581148944,32080.262219980155,0.91555,0.0,32625.399823874224,177016.28003153857,145000.0,0.244625,0.0044,1993.989778599166,0.743715,172223.03209434875,0.89875,0.94442,16036.167959659559,0.0,172016.28003153857,0.993875,0.91555,0.667145,0.416125
BOOT,0.54,176132.10776780517,163770.28857292383,175639.7216657026,190507.4713033054,34580.506899642016,14307.57642920443,31571.377251104088,0.90677,0.0,33146.63378281525,177526.02116420912,145000.0,0.244335,0.00441,2014.5260150101035,0.743715,172729.33662833786,0.896875,0.938715,15704.577031323934,0.0,172526.02116420912,0.99344,0.90677,0.65045,0.399985
BOOT,0.55,176632.79553255133,164051.35481934124,176131.1649077964,191273.4913222697,34079.819134895784,14007.226262227763,31058.836417630097,0.89703,0.0,33667.86774175627,178035.76229687966,145000.0,0.244,0.004455,2035.0722092048966,0.743715,173235.49604612426,0.895225,0.93224,15372.54083090096,0.0,173035.76229687966,0.992895,0.89703,0.632905,0.384245
BOOT,0.56,177133.47343568405,164330.75878190334,176621.0154587953,192042.51854955198,33579.14123176308,13705.818459665024,30544.467434797305,0.88675,0.0,34189.1017006973,178545.5034295502,145000.0,0.24373,0.00449,2055.628265013215,0.743715,173741.5221212658,0.89351,0.92549,15049.311964916875,0.0,173545.5034295502,0.99223,0.88675,0.615045,0.369555
BOOT,0.57,177634.14448248237,164605.86244664152,177111.96162761928,192810.48030741347,33078.47018496476,13402.538710158247,30037.239239092785,0.875435,0.0,34710.33565963832,179055.24456222073,145000.0,0.24348,0.00455,2076.191177155913,0.743715,174247.40971992814,0.89183,0.918175,14719.975596367713,0.0,174055.24456222073,0.991705,0.875435,0.59765,0.35543
BOOT,0.58,178134.80961531727,164883.3808976416,177606.21241889568,193571.56149919724,32577.805052129883,13106.99821326969,29529.049347620123,0.86327,0.0,35231.56961857934,179564.98569489128,145000.0,0.243295,0.00458,2096.7600032620626,0.743715,174753.16062207535,0.89006,0.91054,14387.924566725213,0.0,174564.98569489128,0.99111,0.86327,0.58031,0.340845
BOOT,0.59,178635.46687998733,165161.566684181,178096.39415906597,194338.45020804118,32077.14778745983,12808.199196991813,29023.4364472507,0.85055,0.0,35752.80357752036,180074.7268275618,145000.0,0.24303,0.004625,2117.336697533032,0.743715,175258.77419214032,0.888245,0.90219,14061.275966821633,0.0,175074.7268275618,0.99035,0.85055,0.56292,0.326605
BOOT,0.6,179136.11705370116,165436.1904671338,178587.4573184435,195098.98336960818,31576.497613745985,12513.755367434876,28515.422745137534,0.83634,0.0,36274.03753646138,180584.46796023234,145000.0,0.242875,0.00467,2137.9204827602084,0.743715,175764.25514357627,0.886645,0.89303,13732.485992044249,0.0,175584.46796023234,0.98938,0.83634,0.54556,0.31287
BOOT,0.61,179636.7611447569,165713.01739260167,179075.60233148476,195865.3095429074,31075.853522690286,12216.975792823205,28005.67670921475,0.82105,0.0,36795.271495402405,181094.2090929029,145000.0,0.242625,0.00469,2158.510350645529,0.743715,176269.61650848706,0.88511,0.88349,13399.84782486174,0.0,176094.2090929029,0.9885,0.82105,0.527815,0.29934
BOOT,0.62,180137.39932961084,165991.4136860331,179569.0315928806,196622.7144439928,30575.21533783635,11910.828271483639,27496.350604797102,0.80527,0.0,37316.50545434343,181603.95022557344,145000.0,0.24244,0.004705,2179.106124732618,0.743715,176774.85649078662,0.883405,0.873305,13072.049226571322,0.0,176603.95022557344,0.987335,0.80527,0.510555,0.28622
BOOT,0.63,180638.03230581712,166268.24077591652,180062.6849288486,197387.0810211799,30074.58236163006,11615.378677028784,26982.233384813924,0.787985,0.0,37837.73941328446,182113.69135824396,145000.0,0.242225,0.004725,2199.707107467356,0.743715,177279.9819570407,0.88188,0.862175,12741.580306802638,0.0,177113.69135824396,0.986165,0.787985,0.493555,0.27334
BOOT,0.64,181138.65873938342,166547.6338254628,180554.71448515274,198151.26872086842,29573.95592806372,11318.140162830765,26460.870669891417,0.770355,0.0,38358.973372225475,182623.4324909145,145000.0,0.24202,0.004765,2220.314632842033,0.743715,177784.99526984047,0.880425,0.85018,12406.61693736483,0.0,177623.4324909145,0.98478,0.770355,0.476895,0.260295
BOOT,0.65,181639.2780706266,166823.4084274003,181044.20383346413,198921.48044389562,29073.33659682054,11017.669095516449,25945.670352434332,0.75178,0.0,38880.2073311665,183133.17362358505,145000.0,0.24177,0.00479,2240.929260539883,0.743715,178289.90651738382,0.87898,0.837925,12072.101590816412,0.0,178133.17362358505,0.98301,0.75178,0.460555,0.248055
BOOT,0.66,182139.89065862662,167102.02556974796,181535.3194983968,199689.8964295748,28572.724008820544,10712.0802155023,25428.901625054525,0.73248,0.0,39401.44129010753,183642.9147562556,145000.0,0.24155,0.00482,2261.550631480907,0.743715,178794.72423359536,0.87762,0.824805,11739.047159882064,0.0,178642.9147562556,0.98104,0.73248,0.444445,0.23597
BOOT,0.67,182640.49827001416,167377.11002721993,182026.6095327581,200457.62048408974,28072.116397433005,10410.363718775941,24915.586916312735,0.713095,0.0,39922.675249048545,184152.65588892612,145000.0,0.241395,0.004835,2282.176979034397,0.743715,179299.44422138945,0.87627,0.8117,11404.31637686881,0.0,179152.65588892612,0.97855,0.713095,0.42855,0.22458
BOOT,0.68,183141.10127378438,167651.51859533144,182520.49127589553,201227.81499927517,27571.513393662786,10106.331849479055,24406.781024411364,0.693415,0.0,40443.90920798957,184662.39702159667,145000.0,0.24123,0.00486,2302.807934205197,0.743715,179804.0671312838,0.87487,0.79792,11071.182556842785,0.0,179662.39702159667,0.97562,0.693415,0.412745,0.213255
BOOT,0.69,183641.70031271747,167926.9726469422,183010.65920326562,201991.83266997663,27070.9143547297,9800.307592281559,23898.90791554618,0.67347,0.0,40965.14316693059,185172.13815426722,145000.0,0.24107,0.00488,2323.44285421313,0.743715,180308.59513378804,0.873475,0.78396,10736.875337965246,0.0,180172.13815426722,0.9723,0.67347,0.397345,0.202625
BOOT,0.7,184142.29454653824,168203.07063065405,183503.13938869786,202756.07373440644,26570.320120908927,9493.740300070811,23382.837840218068,0.654455,0.0,41486.377125871615,185681.87928693774,145000.0,0.24086,0.004925,2344.0825793333834,0.743715,180813.0303605726,0.87207,0.769215,10399.462964266588,0.0,180681.87928693774,0.96808,0.654455,0.382085,0.19196
BOOT,0.71,184642.8837188545,168480.4153660903,183994.4823174894,203519.55363393913,26069.730948592693,9190.342456207727,22866.544075536673,0.63513,0.0,42007.61108481264,186191.62041960825,145000.0,0.240715,0.00497,2364.7273659581706,0.743715,181317.37608355028,0.870695,0.753995,10058.450477202967,0.0,181191.62041960825,0.963035,0.63513,0.367395,0.181605
BOOT,0.72,185143.4694097645,168759.9572937848,184483.72856887602,204282.31346337378,25569.145257682638,8879.51167481551,22362.638584733315,0.61624,0.0,42528.84504375366,186701.3615522788,145000.0,0.240605,0.005005,2385.375633989138,0.743715,181821.63616481866,0.86948,0.738735,9719.960150103878,0.0,181701.3615522788,0.95713,0.61624,0.35245,0.172005
BOOT,0.73,185644.0513316533,169031.71608644366,184975.3064269778,205045.30757891078,25068.56333579387,8574.028547039197,21850.176915383112,0.59793,0.0,43050.079002694685,187211.10268494935,145000.0,0.240435,0.00503,2406.027671041394,0.743715,182325.81120878845,0.868135,0.72369,9381.103440419814,0.0,182211.10268494935,0.949185,0.59793,0.337705,0.162685
BOOT,0.74,186144.62997527295,169303.3621964828,185467.3915436715,205810.0045093732,24567.984692174206,8264.454799572504,21338.984413558865,0.58084,0.0,43571.312961635704,187720.8438176199,145000.0,0.24033,0.005045,2426.6829863627504,0.743715,182829.90000034228,0.86684,0.708405,9042.931115235362,0.0,182720.8438176199,0.939795,0.58084,0.323345,0.15355
BOOT,0.75,186645.2054453257,169580.56616003555,185957.53448098962,206574.41572413896,24067.40922212142,7956.851647432256,20829.31592532384,0.563605,0.0,44092.54692057672,188230.58495029045,145000.0,0.24017,0.005065,2447.341475250992,0.743715,183333.91438170237,0.865725,0.69299,8706.25645199542,0.0,183230.58495029045,0.9282,0.563605,0.309505,0.144985
BOOT,0.76,187145.77711540458,169854.82580839697,186448.84648476288,207344.33082728344,23566.83755204254,7642.712497056044,20318.350039782992,0.546885,0.0,44613.78087951775,188740.326082961,145000.0,0.24001,0.00509,2468.0037641131366,0.743715,183837.850137884,0.86444,0.67746,8367.145295531853,0.0,183740.326082961,0.913785,0.546885,0.296125,0.13621
BOOT,0.77,187646.34573901113,170124.59188783425,186940.73444994102,208114.25401777338,23066.268928436046,7330.113277988711,19807.93807306976,0.53039,0.0,45135.014838458774,189250.06721563154,145000.0,0.23989,0.005105,2488.669099447662,0.743715,184341.71113450348,0.863275,0.66136,8024.994600944359,0.0,184250.06721563154,0.896605,0.53039,0.28258,0.12842
BOOT,0.78,188146.9113699225,170400.49169383076,187433.2253227191,208874.518314852,22565.703297524637,7016.382898487135,19300.72619195067,0.51468,0.0,45656.24879739981,189759.80834830206,145000.0,0.23973,0.00513,2509.337427477279,0.743715,184845.50230347755,0.862155,0.6457,7680.519594395331,0.0,184759.80834830206,0.87678,0.51468,0.269995,0.12112
BOOT,0.79,188647.47367557892,170673.8408017402,187924.1943967622,209636.61557783972,22065.14099186826,6703.034294186077,18796.89370876654,0.498915,0.0,46177.482756340825,190269.5494809726,145000.0,0.239595,0.005155,2530.0090807619226,0.743715,185349.22354820088,0.860995,0.63042,7340.980726987997,0.0,185269.5494809726,0.85532,0.498915,0.25756,0.113505
BOOT,0.8,189148.033206696,170953.59471098508,188412.61489588767,210408.65481380964,21564.581460751135,6387.442769502813,18301.644141463243,0.48316,0.0,46698.71671528185,190779.29061364313,145000.0,0.23946,0.00519,2550.683508585825,0.743715,185852.87359637965,0.859795,0.61474,6997.297022599736,0.0,185779.29061364313,0.83127,0.48316,0.245595,0.10655
BOOT,0.81,189648.5899899261,171234.62800069296,188903.579516512,211170.6282850535,21064.024677521087,6071.814783773099,17804.3732473391,0.467595,0.0,47219.95067422288,191289.03174631367,145000.0,0.23934,0.00519,2571.360684296799,0.743715,186356.46064360667,0.85873,0.59937,6656.702449087477,0.0,186289.03174631367,0.80518,0.467595,0.23428,0.100115
BOOT,0.82,190149.14364305892,171513.7305712009,189394.70797533306,211936.4424402716,20563.471024388247,5757.313997158197,17303.453734994837,0.451365,0.0,47741.18463316389,191798.77287898422,145000.0,0.23918,0.005215,2592.0409901049775,0.743715,186859.98476979468,0.85765,0.58345,6309.047969576752,0.0,186798.77287898422,0.777705,0.451365,0.2232,0.0938
BOOT,0.83,190649.69371394362,171790.24250452622,189884.63249731768,212703.57055972307,20062.920953503555,5442.857243744715,16804.53114275195,0.435375,0.0,48262.418592104914,192308.51401165474,145000.0,0.239065,0.005225,2612.7248781613066,0.743715,187363.4507089845,0.85666,0.566975,5967.2632215259455,0.0,187308.51401165474,0.75042,0.435375,0.21215,0.08782
BOOT,0.84,191150.24185994972,172067.43412327798,190375.28870072105,213468.1104281948,19562.372807497457,5129.054857131133,16304.567053889492,0.419745,0.0,48783.65255104594,192818.2551443253,145000.0,0.238965,0.00524,2633.4106910962323,0.743715,187866.85293919992,0.85548,0.55062,5619.304454195,0.0,187818.2551443253,0.7239,0.419745,0.20185,0.08207
BOOT,0.85,191650.78746206357,172343.9231608836,190866.6472232582,214234.48366480795,19061.82720538361,4814.123646250225,15806.034703428086,0.404205,0.0,49304.88650998695,193327.99627699584,145000.0,0.23886,0.00527,2654.0990479234124,0.743715,188370.19277063728,0.854485,0.534555,5273.063044393512,0.0,188327.99627699584,0.69995,0.404205,0.191235,0.07675
BOOT,0.86,192151.3312301808,172623.35640011015,191356.61389106556,214999.25386273765,18561.283437266367,4499.280144652298,15311.20842237238,0.389435,0.0,49826.120468927984,193837.73740966636,145000.0,0.238765,0.00531,2674.7892387471925,0.743715,188873.4808925022,0.853525,0.518515,4926.146651840191,0.0,188837.73740966636,0.678145,0.389435,0.181015,0.071645
BOOT,0.87,192651.87293042106,172902.11646916086,191845.77075175385,215762.09563858455,18060.74173702606,4182.523824014492,14816.142616823636,0.374115,0.0,50347.354427869,194347.4785423369,145000.0,0.238635,0.00533,2695.4814974479077,0.743715,189376.714801001,0.852565,0.50201,4577.551302128204,0.0,189347.4785423369,0.65961,0.374115,0.170915,0.066855
BOOT,0.88,193152.41246300316,173176.25016249073,192339.06882735735,216534.84390438555,17560.20220444398,3865.016350224271,14319.107959452944,0.35951,0.0,50868.588386810035,194857.21967500745,145000.0,0.23855,0.00535,2716.1759238068507,0.743715,189879.89746854157,0.85164,0.485785,4226.6687950984,0.0,189857.21967500745,0.643215,0.35951,0.161455,0.06223
BOOT,0.89,193652.94968932372,173448.04250430784,192830.26682639075,217302.89588131418,17059.66497812341,3545.836382245053,13831.23891111523,0.34492,0.0,51389.822345751054,195366.960807678,145000.0,0.23843,0.00537,2736.8726564273047,0.743715,190383.03088288993,0.85074,0.469815,3876.81503892919,0.0,190366.960807678,0.627805,0.34492,0.15225,0.058165
BOOT,0.9,194153.48537887153,173727.1484588897,193323.37049614306,218066.02442767934,16559.129288575612,3228.0178714544295,13334.686448362947,0.33064,0.0,51911.05630469208,195876.70194034855,145000.0,0.238385,0.005385,2757.570925820527,0.743715,190886.11577879294,0.84979,0.453315,3526.4464645773214,0.0,190876.70194034855,0.6124,0.33064,0.14352,0.054255
BOOT,0.91,194654.02015182315,174006.3364863063,193813.08779024647,218829.2101640822,16058.594515624003,2907.6329518147395,12842.755122327217,0.31661,0.0,52432.2902636331,196386.44307301907,145000.0,0.2383,0.0054,2778.2701118099453,0.743715,191389.15113440654,0.84886,0.437675,3175.806979528992,0.0,191386.44307301907,0.597335,0.31661,0.13544,0.05079
BOOT,0.92,195154.55272027027,174287.08055934092,194303.59708164132,219593.59349119084,15558.061947176886,2589.062597802389,12355.941140693583,0.30264,0.0,52953.52422257412,196896.18420568958,145000.0,0.23817,0.00541,2798.9715023038507,0.743715,191892.1401816507,0.84801,0.42174,2824.396012414058,0.0,191896.18420568958,0.581675,0.30264,0.127525,0.04753
BOOT,0.93,195655.08285111314,174564.6796024373,194793.953821724,220361.44413648138,15057.531816334014,2266.8802629054453,11862.058067135295,0.28959,0.0,53474.75818151515,197405.92533836013,145000.0,0.2381,0.00544,2819.675330402002,0.743715,192395.08092648644,0.847105,0.406085,2473.752273515286,0.0,192405.92533836013,0.56608,0.28959,0.119625,0.04422
BOOT,0.94,196155.61157607287,174840.06514578927,195285.29805730766,221120.0000938989,14557.003091374274,1946.048957834227,11364.329995804801,0.27736,0.0,53995.99214045617,197915.66647103068,145000.0,0.23802,0.00546,2840.3805643832816,0.743715,192897.9713858528,0.846095,0.390515,2123.1461730351193,0.0,192915.66647103068,0.550615,0.27736,0.11229,0.041265
BOOT,0.95,196656.13854260757,175114.7176569724,195779.62623513618,221892.1187722296,14056.476124839577,1623.7311031834877,10874.96711171529,0.264645,0.0,54517.226099397194,198425.40760370123,145000.0,0.23789,0.005465,2861.087556789609,0.743715,193400.8132297503,0.8452,0.37598,1770.5892107211373,0.0,193425.40760370123,0.534585,0.264645,0.105545,0.038485
BOOT,0.96,197156.66339804107,175389.05729288803,196270.9762660473,222665.06544303003,13555.951269406085,1300.1987607712872,10390.452039709402,0.252795,0.0,55038.46005833821,198935.14873637178,145000.0,0.237805,0.005475,2881.7966602971387,0.743715,193903.61235295783,0.84434,0.36065,1417.5833352619097,0.0,193935.14873637178,0.518615,0.252795,0.09931,0.035965
BOOT,0.97,197657.18614480752,175665.32029124157,196766.36026087124,223427.14953845943,13055.428522639651,976.5069771468,9899.949706639585,0.241225,0.0,55559.694017279246,199444.88986904232,145000.0,0.237685,0.005495,2902.5078724717273,0.743715,194406.37208301452,0.843625,0.34598,1063.6225941541488,0.0,194444.88986904232,0.502175,0.241225,0.093345,0.03348
BOOT,0.98,198157.70699652573,175940.72411482572,197256.99437758932,224192.7099958917,12554.90767092145,651.4023605085385,9405.931778472994,0.229615,0.0,56080.927976220264,199954.63100171284,145000.0,0.237595,0.005505,2923.2209796945494,0.743715,194909.09660668625,0.8429,0.331815,709.7973933391361,0.0,194954.63100171284,0.486415,0.229615,0.087645,0.031015
BOOT,0.99,198658.22618254455,176216.0527231382,197747.76777829253,224952.89036458533,12054.388484902605,326.26206810754957,8920.42263693425,0.218645,0.0,56602.16193516128,200464.37213438336,145000.0,0.237505,0.00551,2943.9357526167296,0.743715,195411.7844075176,0.84211,0.31794,355.19681776274376,0.0,195464.37213438336,0.470345,0.218645,0.081925,0.028925
BOOT,1.0,199158.7434643322,176491.03120234353,198238.4276865354,225714.30272783554,11553.871203114963,0.0,8422.528522437482,0.207525,0.0,57123.39589410231,200974.1132670539,145000.0,0.23741,0.005525,2964.65242977011,0.743715,195914.43380604222,0.84125,0.304515,0.0,0.0,195974.1132670539,0.4546,0.207525,0.076645,0.02677
BAYES,0.0,149029.95184116662,146639.36016167045,149403.97823768124,150000.0,62009.33666441399,30550.474852902375,57520.02256101412,0.99957,0.0,5000.0,150000.0,145000.0,0.307095,0.12021,970.0481588334122,0.71963,145000.0,1.0,0.999985,34462.947106332846,0.0,145000.0,1.0,0.99957,0.99207,0.95591
BAYES,0.01,149538.05981089413,147133.94641004148,149899.55789451074,150676.42942541928,61501.22869468643,30240.468035424587,57020.73970722608,0.999525,0.0,5521.931596573461,150499.3269360832,145000.0,0.30318,0.10707,983.8717856793186,0.71963,145521.93159657344,1.0,0.99997,34118.55930645573,0.0,145499.3269360832,1.0,0.999525,0.99149,0.95317
BAYES,0.02,150045.72613674586,147621.75942960373,150390.9363011565,151375.68913319588,60993.56236883471,29928.154170150057,56526.72358202576,0.99948,0.0,6043.863193146923,150998.65387216644,145000.0,0.29978,0.09269,998.1370564010626,0.71963,146043.8631931469,1.0,0.99994,33771.02927235416,0.0,145998.65387216644,1.0,0.99948,0.990785,0.950265
BAYES,0.03,150553.0386772679,148096.66491539127,150851.4956900695,152094.57966612972,60486.24982831265,29620.362498459806,56029.19765481813,0.99943,0.0,6565.794789720384,151497.98080824967,145000.0,0.296675,0.06805,1012.7561124524592,0.71963,146565.79478972038,1.0,0.99994,33416.13725814124,0.0,146497.98080824967,1.0,0.99943,0.990035,0.946805
BAYES,0.04,151060.01561152277,148552.61940465076,151295.04232019972,152828.79853637546,59979.27289405781,29319.487828395184,55534.855365336116,0.99938,0.0,7087.726386293845,151997.3077443329,145000.0,0.293895,0.03981,1027.7107747710777,0.71963,147087.7207029851,0.99998,0.999925,33071.40776800327,0.0,146997.3077443329,1.0,0.99938,0.98927,0.943475
BAYES,0.05,151566.64989051173,148983.36794908525,151741.30210400588,153577.48048153098,59472.63861506882,29012.705788098843,55034.56007861631,0.999335,0.0,7609.6579828673075,152496.63468041614,145000.0,0.29088,0.02152,1043.0080923555531,0.71963,147609.62937195806,0.999885,0.999905,32712.797536092537,0.0,147496.63468041614,1.0,0.999335,0.988385,0.94004
BAYES,0.06,152072.9460033107,149396.305394499,152190.6127310148,154330.3905884926,58966.342502269894,28708.780242559853,54531.816363177175,0.99928,0.0,8131.589579440768,152995.96161649935,145000.0,0.287985,0.011715,1058.643576130081,0.71963,148131.49119832326,0.99968,0.99989,32354.888078273303,0.0,147995.96161649935,1.0,0.99928,0.98736,0.93604
BAYES,0.07,152578.94337344693,149797.26463174442,152647.47606093087,155088.6696352855,58460.345132133654,28410.36325131351,54037.912584684425,0.999195,0.0,8653.521176014228,153495.28855258258,145000.0,0.2852,0.00704,1074.577802567319,0.71963,148653.27924998157,0.99935,0.999885,32003.33576160449,0.0,148495.28855258258,1.0,0.999195,0.98639,0.931835
BAYES,0.08,153084.65782814828,150185.678976363,153106.94297785516,155855.92461302114,57954.63067743232,28105.560446237236,53552.94602348785,0.999135,0.0,9175.45277258769,153994.61548866582,145000.0,0.282555,0.00466,1090.7949444394376,0.71963,149174.95992314737,0.99882,0.99986,31649.077081376152,0.0,148994.61548866582,1.0,0.999135,0.985125,0.92755
BAYES,0.09,153590.11419771833,150559.69530413285,153570.61010523463,156625.18083619798,57449.17430786225,27802.75908997219,53052.94703307873,0.999045,0.0,9697.384369161151,154493.94242474902,145000.0,0.28014,0.00326,1107.2701714428322,0.71963,149696.51101086097,0.99815,0.999845,31298.052368718814,0.0,149493.94242474902,1.0,0.999045,0.98398,0.92302
BAYES,0.1,154095.3161343982,150924.49501414993,154036.4300942003,157397.8905048117,56943.97237118238,27504.99015078514,52557.262227768864,0.998915,0.0,10219.315965734613,154993.26936083226,145000.0,0.2776,0.00247,1123.9998313364285,0.71963,150217.900388308,0.997355,0.99983,30949.97767265258,0.0,149993.26936083226,1.0,0.998915,0.982675,0.91784
BAYES,0.11,154600.29932971322,151284.7441812505,154506.8330178737,158172.08779733846,56438.98917586732,27208.89598199547,52059.3682498226,0.998825,0.0,10741.247562308074,155492.5962969155,145000.0,0.2753,0.00203,1140.9482325948247,0.71963,150739.1171904127,0.99639,0.999805,30609.692846891376,0.0,150492.5962969155,1.0,0.998825,0.981475,0.912655
BAYES,0.12,155105.09007302424,151634.9476695989,154979.39160579763,158944.8031737471,55934.19843255633,26905.634007871686,51567.9269045152,0.998675,0.0,11263.179158881536,155991.9232329987,145000.0,0.273305,0.001585,1158.0890858572957,0.71963,151260.1228488502,0.995215,0.99976,30261.751061255585,0.0,150991.9232329987,1.0,0.998675,0.9799,0.90708
BAYES,0.13,155609.71762482802,151978.8192397868,155452.37497951073,159718.16155586773,55429.57088075257,26602.346056396163,51067.414666637065,0.998505,0.0,11785.110755454998,156491.25016908193,145000.0,0.271485,0.001315,1175.3931306269906,0.71963,151780.90697465828,0.994045,0.999735,29904.56805585764,0.0,151491.25016908193,1.0,0.998505,0.978305,0.90126
BAYES,0.14,156114.19566842215,152321.69586299692,155925.4348013936,160497.75048070337,54925.092837158394,26297.300079354576,50565.21716593861,0.998365,0.0,12307.042352028455,156990.57710516517,145000.0,0.26964,0.00111,1192.846683606272,0.71963,152301.4569723881,0.992615,0.9997,29553.857025789745,0.0,151990.57710516517,1.0,0.998365,0.976385,0.895175
BAYES,0.15,156618.51835603587,152655.32388261988,156400.85443194836,161277.158975309,54420.770149544696,25998.57138949111,50074.61239909427,0.998205,0.0,12828.973948601919,157489.90404124837,145000.0,0.26787,0.000945,1210.4555925660445,0.71963,152821.74319124696,0.991015,0.99965,29203.90025910356,0.0,152489.90404124837,1.0,0.998205,0.974495,0.88866
BAYES,0.16,157122.7030808457,152984.21253317493,156874.95243831212,162061.20221597803,53916.58542473485,25692.71546906945,49577.18836281411,0.99802,0.0,13350.905545175381,157989.23097733158,145000.0,0.266255,0.00084,1228.2024643296552,0.71963,153341.72903989538,0.989295,0.99959,28854.127076145673,0.0,152989.23097733158,1.0,0.99802,0.972295,0.88189
BAYES,0.17,157626.7675411858,153311.26232850412,157351.46720346072,162843.38755937206,53412.52096439478,25396.669462246926,49081.11243109022,0.997845,0.0,13872.837141748842,158488.55791341484,145000.0,0.26474,0.000725,1246.0696005630464,0.71963,153861.42334906582,0.9875,0.999495,28508.18906145206,0.0,153488.55791341484,1.0,0.997845,0.96993,0.87456
BAYES,0.18,158130.70826788878,153634.20429424086,157829.4292952909,163627.38241155935,52908.580237691785,25098.617367115636,48585.642559575776,0.99761,0.0,14394.768738322304,158987.88484949805,145000.0,0.26334,0.00063,1264.0604704335112,0.71963,154380.80189849276,0.985425,0.999375,28154.49547332752,0.0,153987.88484949805,1.0,0.99761,0.967545,0.867125
BAYES,0.19,158634.55236721606,153945.9679854754,158306.0791841807,164411.20618705935,52404.736138364526,24793.87071385964,48081.46901349499,0.99735,0.0,14916.700334895764,159487.21178558128,145000.0,0.26202,0.00059,1282.1479676797132,0.71963,154899.8318173376,0.983415,0.999275,27810.841475460842,0.0,154487.21178558128,1.0,0.99735,0.96492,0.85924
BAYES,0.2,159138.30878341134,154258.18075484733,158784.39385731792,165200.07254535935,51900.97972216923,24494.62263047516,47579.4435296126,0.99704,0.0,15438.631931469226,159986.53872166452,145000.0,0.260845,0.00052,1300.323148057885,0.71963,155418.53106240433,0.981355,0.99916,27464.184191664473,0.0,154986.53872166452,1.0,0.99704,0.962145,0.850885
BAYES,0.21,159641.9815594859,154568.27641768203,159261.4637451853,165986.81312965453,51397.30694609469,24196.75514219838,47079.14651280726,0.996715,0.0,15960.563528042683,160485.86565774772,145000.0,0.259615,0.00049,1318.5819685568015,0.71963,155936.88327526313,0.97908,0.999055,27111.00670147876,0.0,155485.86565774772,1.0,0.996715,0.958925,0.841965
BAYES,0.22,160145.57152852544,154877.42192071275,159738.26606961217,166774.78608444746,50893.71697705513,23896.84905789255,46584.00630093618,0.996465,0.0,16482.495124616147,160985.19259383096,145000.0,0.25848,0.00048,1336.923596090697,0.71963,156454.88040440995,0.97679,0.99892,26756.31828867553,0.0,155985.19259383096,0.999995,0.996465,0.955585,0.83288
BAYES,0.23,160649.08646702443,155184.1463241559,160217.04863015487,167560.81536089134,50390.20203855618,23594.875475078126,46088.66745015205,0.99609,0.0,17004.426721189608,161484.5195299142,145000.0,0.257295,0.00046,1355.3402541652079,0.71963,156972.52632646472,0.97446,0.998665,26409.904627984204,0.0,156484.5195299142,0.999995,0.99609,0.952085,0.823135
BAYES,0.24,161152.5259510329,155489.07714283737,160695.2282505877,168347.08567411095,49886.762554547684,23294.017140315853,45594.09799782447,0.995685,0.0,17526.358317763068,161983.8464659974,145000.0,0.25637,0.00043,1373.8323667301786,0.71963,157489.8281577854,0.972065,0.99848,26053.00105130255,0.0,156983.8464659974,0.999985,0.995685,0.948265,0.81301
BAYES,0.25,161655.9076904675,155791.95205034493,161174.899949886,169136.45400142416,49383.38081511311,22994.52019885242,45092.45900500113,0.995225,0.0,18048.289914336532,162483.17340208063,145000.0,0.25543,0.000395,1392.3822238690593,0.71963,158006.7657150751,0.96953,0.998245,25716.019645659428,0.0,157483.17340208063,0.999985,0.995225,0.944275,0.802365
BAYES,0.26,162159.23012681297,156095.96715031404,161655.589234198,169923.62922474972,48880.05837876762,22691.765494687388,44596.481022389926,0.994835,0.0,18570.221510909993,162982.50033816387,145000.0,0.254485,0.00037,1410.9913840970432,0.71963,158523.3674744865,0.96712,0.99801,25372.409836210114,0.0,157982.50033816387,0.999985,0.994835,0.93994,0.79141
BAYES,0.27,162662.49313760776,156398.26551301058,162135.05752518188,170717.9712331795,48376.7953679728,22395.185942440254,44090.186856339235,0.99432,0.0,19092.153107483453,163481.82727424707,145000.0,0.25352,0.00036,1429.659969875689,0.71963,159039.61968422233,0.964495,0.99775,25024.741668328614,0.0,158481.82727424707,0.99998,0.99432,0.93519,0.780055
BAYES,0.28,163165.70558464358,156694.36624067675,162613.01012255275,171510.03150849554,47873.582920936984,22095.833727056204,43590.755808787246,0.99363,0.0,19614.084704056917,163981.1542103303,145000.0,0.252705,0.00035,1448.3791194133323,0.71963,159555.5212528934,0.961995,0.997425,24687.282816611896,0.0,158981.1542103303,0.99997,0.99363,0.930055,0.7683
BAYES,0.29,163668.87081147282,156993.14370979107,163092.2056936686,172302.33656637973,47370.41769410778,21797.32089225441,43090.7033085982,0.99291,0.0,20136.016300630374,164480.48114641354,145000.0,0.251905,0.000345,1467.1454891575727,0.71963,160071.09165705825,0.959545,0.997025,24344.499266204817,0.0,159480.48114641354,0.999965,0.99291,0.92435,0.75636
BAYES,0.3,164171.98981246148,157291.35023266735,163573.4526735787,173096.5408176995,46867.298693119104,21493.996289042647,42586.89750931156,0.99207,0.0,20657.947897203838,164979.80808249675,145000.0,0.251155,0.000345,1485.9580847423715,0.71963,160586.32619945589,0.956735,0.996505,23998.8687943385,0.0,159979.80808249675,0.999955,0.99207,0.918555,0.7434
BAYES,0.31,164675.0677295082,157584.5306833233,164052.6763429513,173888.79086535255,46364.22077607236,21194.65228676882,42088.778774775026,0.99122,0.0,21179.8794937773,165479.13501858,145000.0,0.25033,0.000345,1504.811764269079,0.71963,161101.22148790437,0.954055,0.99605,23654.417303711733,0.0,160479.13501858,0.999945,0.99122,0.91201,0.7304
BAYES,0.32,165178.10575926,157881.55550379038,164532.90699394,174679.8499788667,45861.182746320555,20896.546640483437,41586.92946125314,0.990255,0.0,21701.811090350762,165978.46195466322,145000.0,0.24965,0.00034,1523.7053310907477,0.71963,161615.77747162207,0.951355,0.995575,23313.30665635317,0.0,160978.46195466322,0.999945,0.990255,0.90511,0.716835
BAYES,0.33,165681.10628313682,158180.4616267252,165012.34511191084,175467.87486348607,45358.18222244375,20596.940108766088,41087.936177285446,0.98924,0.0,22223.74268692422,166477.78889074642,145000.0,0.248955,0.00033,1542.6364037873914,0.71963,162130.0089583051,0.94888,0.994965,22979.67696405406,0.0,161477.78889074642,0.999945,0.98924,0.897855,0.70365
BAYES,0.34,166184.074457441,158470.48641483992,165491.20116331318,176264.08490404754,44855.21404813957,20298.780500901325,40583.44909087257,0.987985,0.0,22745.674283497683,166977.11582682966,145000.0,0.24844,0.00033,1561.5998260566798,0.71963,162643.93044114835,0.946115,0.9943,22634.69633853604,0.0,161977.11582682966,0.99994,0.987985,0.890115,0.68932
BAYES,0.35,166687.01384806124,158764.08074626312,165971.9730646603,177059.6556402432,44352.27465751933,19997.983366811895,40086.150252020496,0.98661,0.0,23267.605880071143,167476.4427629129,145000.0,0.247785,0.00032,1580.5920320098985,0.71963,163157.53918683366,0.94339,0.993495,22294.33898867333,0.0,162476.4427629129,0.999935,0.98661,0.881675,0.674755
BAYES,0.36,167189.9206611952,159059.12953196449,166451.17677678855,177848.56998698102,43849.367844385364,19697.376174452285,39586.0294705141,0.985035,0.0,23789.5374766446,167975.7696989961,145000.0,0.247105,0.000315,1599.6168154493967,0.71963,163670.85986504683,0.941,0.99267,21949.37100725049,0.0,162975.7696989961,0.999915,0.985035,0.87303,0.66015
BAYES,0.37,167692.79641969997,159349.74633441764,166932.1107255055,178638.36233371482,43346.49208588062,19398.358217248468,39085.31141449073,0.98338,0.0,24311.469073218064,168475.09663507933,145000.0,0.24657,0.00031,1618.6726535181194,0.71963,164183.9034225711,0.938465,0.991665,21609.69800688597,0.0,163475.09663507933,0.9999,0.98338,0.86327,0.645535
BAYES,0.38,168195.6480078425,159643.0737734573,167414.28274131072,179430.81920702106,42843.64049773804,19095.94979100851,38584.72615395152,0.9816,0.0,24833.40066979153,168974.42357116257,145000.0,0.24613,0.00032,1637.7526619489927,0.71963,164696.65889043227,0.935855,0.990665,21267.637264887177,0.0,163974.42357116257,0.999875,0.9816,0.853515,0.63048
BAYES,0.39,168698.47756216672,159929.93512055645,167894.65474460667,180221.01428299583,42340.810943413875,18799.38121556172,38076.99008025759,0.97953,0.0,25355.33226636499,169473.75050724577,145000.0,0.24559,0.00032,1656.8547041982881,0.71963,165209.12870080877,0.933255,0.989505,20924.49931372274,0.0,164473.75050724577,0.999865,0.97953,0.84286,0.615035
BAYES,0.4,169201.28439951155,160215.33087511783,168373.6265792537,181016.28842902347,41838.00410606901,18497.009948445135,37578.900324528964,0.97711,0.0,25877.263862938453,169973.077443329,145000.0,0.245105,0.00032,1675.9794634268906,0.71963,165721.32436558174,0.930765,0.9881,20586.927075058953,0.0,164973.077443329,0.999845,0.97711,0.83149,0.599465
BAYES,0.41,169704.0687647114,160508.8713652832,168851.68699260132,181816.24819094603,41335.21974086915,18193.954047676034,37080.04299713699,0.97443,0.0,26399.19545951191,170472.40437941224,145000.0,0.244545,0.00032,1695.1266948004888,0.71963,166233.25930636536,0.92823,0.986525,20246.460900029822,0.0,165472.40437941224,0.999815,0.97443,0.81972,0.58366
BAYES,0.42,170206.83200047704,160801.75228631648,169330.7595589137,182609.5587657877,40832.45650510355,17889.54061546675,36576.74095217316,0.971455,0.0,26921.127056085366,170971.73131549545,145000.0,0.24414,0.000315,1714.2950556083533,0.71963,166744.9313070713,0.925735,0.98482,19915.220693924544,0.0,165971.73131549545,0.99981,0.971455,0.80694,0.567425
BAYES,0.43,170709.57986762162,161088.1114657987,169810.06344742212,183400.0017458678,40329.70863795894,17590.92942044913,36067.724233042536,0.96818,0.0,27443.058652658834,171471.0582515787,145000.0,0.2437,0.00031,1733.4787850372,0.71963,167256.34934147904,0.92318,0.982995,19584.546221326884,0.0,166471.0582515787,0.999765,0.96818,0.79386,0.55089
BAYES,0.44,171212.31050133338,161377.8735768144,170289.03234608687,184193.37148233296,39826.97800424719,17290.1799222577,35565.8410179769,0.964565,0.0,27964.99024923229,171970.38518766192,145000.0,0.243235,0.000305,1752.679747898911,0.71963,167767.51565760808,0.920705,0.9807,19238.931298202762,0.0,166970.38518766192,0.999725,0.964565,0.78056,0.534565
BAYES,0.45,171715.02188530305,161669.62322681144,170766.88562420753,184986.3658532977,39324.26662027755,16991.10400615271,35063.67573056399,0.96034,0.0,28486.92184580575,172469.71212374515,145000.0,0.242735,0.000305,1771.899960502733,0.71963,168278.44609943402,0.91829,0.978,18897.792273873645,0.0,167469.71212374515,0.99969,0.96034,0.76618,0.51838
BAYES,0.46,172217.71731801576,161953.65500118845,171249.1021650824,185786.33661052288,38821.57118756482,16692.47746690258,34558.6965788049,0.95569,0.0,29008.85344237922,172969.03905982838,145000.0,0.24235,0.00029,1791.1361243634658,0.71963,168789.1425104643,0.915775,0.97516,18560.999306259924,0.0,167969.03905982838,0.99962,0.95569,0.75132,0.502045
BAYES,0.47,172720.39699289209,162245.75963603088,171728.88964597177,186580.4377924834,38318.89151268851,16392.79132873937,34062.73043178444,0.950675,0.0,29530.785038952676,173468.3659959116,145000.0,0.241935,0.00029,1810.3880460606151,0.71963,169299.60902472644,0.91334,0.97218,18223.027386136644,0.0,168468.3659959116,0.999555,0.950675,0.736425,0.48614
BAYES,0.48,173223.0625081787,162531.6803281286,172207.60032130536,187375.3839082551,37816.22599740186,16089.478204883582,33553.4039511218,0.94543,0.0,30052.716635526132,173967.6929319948,145000.0,0.241555,0.000285,1829.6541273474234,0.71963,169809.87118554718,0.911245,0.968945,17881.862018093718,0.0,168967.6929319948,0.999475,0.94543,0.720855,0.470615
BAYES,0.49,173725.71571499138,162821.61999015207,172688.9082817531,188169.1397162722,37313.57279058917,15789.250557244795,33046.150384456676,0.939215,0.0,30574.6482320996,174467.01986807803,145000.0,0.241235,0.00028,1848.9325171081987,0.71963,170319.94600953467,0.909115,0.965365,17546.6008548966,0.0,169467.01986807803,0.999415,0.939215,0.70462,0.45517
BAYES,0.5,174228.35492638047,163106.32785447253,173169.59588852836,188964.9763998317,36810.93357920011,15483.180007342195,32537.656229261134,0.932475,0.0,31096.57982867306,174966.34680416127,145000.0,0.24088,0.000285,1868.2249022925978,0.71963,170829.8227120536,0.90693,0.961295,17205.09950920608,0.0,169966.34680416127,0.999325,0.932475,0.68848,0.43954
BAYES,0.51,174730.98092797928,163394.28567006302,173649.46171256006,189757.71758541805,36308.30757760127,15184.65786321698,32027.540633222772,0.924785,0.0,31618.511425246525,175465.6737402445,145000.0,0.240465,0.000285,1887.5304972672186,0.71963,171339.52166839706,0.90475,0.956635,16865.0507985553,0.0,170465.6737402445,0.99922,0.924785,0.671475,0.424295
BAYES,0.52,175233.59615896156,163680.04565956307,174127.59358855835,190548.61102459885,35805.69234661904,14880.173405413054,31520.089814963576,0.916355,0.0,32140.44302181998,175965.00067632773,145000.0,0.240225,0.00029,1906.8468628584492,0.71963,171849.0393842973,0.90287,0.95123,16527.515837050054,0.0,170965.00067632773,0.99907,0.916355,0.65414,0.409415
BAYES,0.53,175736.20132485343,163962.3123260169,174607.37104404025,191338.51772830822,35303.08718072715,14577.893221569677,31018.226983272383,0.90706,0.0,32662.37461839345,176464.32761241094,145000.0,0.23989,0.00028,1926.1732935400205,0.71963,172358.38991190967,0.90072,0.94526,16190.45531988864,0.0,171464.32761241094,0.998855,0.90706,0.63711,0.395145
BAYES,0.54,176238.79688695542,164248.12837836333,175087.43067792698,192131.23825153665,34800.49161862513,14276.513014105643,30514.150599579632,0.89723,0.0,33184.306214966906,176963.65454849417,145000.0,0.239665,0.00028,1945.5093280114597,0.71963,172867.56478681308,0.898785,0.939095,15849.840662602679,0.0,171963.65454849417,0.99859,0.89723,0.61965,0.38056
BAYES,0.55,176741.38702910233,164534.72116550046,175566.06365179934,192930.30396398343,34297.901476478255,13975.560859777199,30001.101242238612,0.886405,0.0,33706.23781154037,177462.9814845774,145000.0,0.239415,0.000285,1964.850782438046,0.71963,173376.57650617525,0.896865,0.93156,15510.832663988302,0.0,172462.9814845774,0.998335,0.886405,0.60174,0.366255
BAYES,0.56,177243.9690279454,164818.5459587817,176046.10045524238,193726.01177782868,33795.319477635145,13672.734201521815,29491.310181195964,0.874345,0.0,34228.169408113834,177962.3084206606,145000.0,0.23909,0.00028,1984.2003801684016,0.71963,173885.42767886352,0.89479,0.92419,15171.189102454478,0.0,172962.3084206606,0.998035,0.874345,0.584135,0.35258
BAYES,0.57,177746.54102919303,165102.4861032384,176522.83890233125,194525.19363189922,33292.74747638752,13370.454926021866,28981.307612163393,0.86151,0.0,34750.10100468729,178461.63535674385,145000.0,0.238765,0.000285,2003.5599754942411,0.71963,174394.11970976897,0.89285,0.91598,14835.695357253313,0.0,173461.63535674385,0.997655,0.86151,0.566375,0.33882
BAYES,0.58,178249.10472948995,165387.91235138633,177002.7553450795,195318.6200268892,32790.18377609062,13064.76809739226,28475.88253631942,0.847465,0.0,35272.03260126075,178960.96229282708,145000.0,0.238495,0.000285,2022.9278717708003,0.71963,174902.6646799149,0.890885,0.907,14493.591154790827,0.0,173960.96229282708,0.99716,0.847465,0.54863,0.325445
BAYES,0.59,178751.6604359174,165672.68704564776,177484.52117587702,196114.2816291872,32287.628069663173,12765.063112751957,27968.558793240343,0.83257,0.0,35793.96419783422,179460.2892289103,145000.0,0.23822,0.000285,2042.3037619168115,0.71963,175411.05961889093,0.889005,0.897,14154.761451933604,0.0,174460.2892289103,0.99661,0.83257,0.531585,0.312805
BAYES,0.6,179254.20886987002,165961.4711315184,177964.0457325186,196910.73291052974,31785.079635710543,12458.598124078078,27453.17520848503,0.81631,0.0,36315.895794407676,179959.61616499352,145000.0,0.237935,0.0003,2061.686924537644,0.71963,175919.314336922,0.88727,0.88656,13812.718265465597,0.0,174959.61616499352,0.99595,0.81631,0.51448,0.300775
BAYES,0.61,179756.74950653221,166247.23469541574,178445.53862154327,197706.44592902623,31282.538999048367,12151.777300504513,26942.62786205155,0.799855,0.0,36837.82739098113,180458.94310107676,145000.0,0.237715,0.000295,2081.0778844489278,0.71963,176427.44600541543,0.885635,0.87493,13472.09951255316,0.0,175458.94310107676,0.995145,0.799855,0.497615,0.288335
BAYES,0.62,180259.28336358353,166534.69075757463,178923.7936425907,198500.525448824,30780.005141997022,11845.182460839218,26429.34837519875,0.781965,0.0,37359.7589875546,180958.27003715996,145000.0,0.237485,0.0003,2100.475623971043,0.71963,176935.4511944597,0.88385,0.86281,13128.836448339396,0.0,175958.27003715996,0.99417,0.781965,0.48141,0.2763
BAYES,0.63,180761.81066455346,166825.16355234938,179406.1460001658,199291.24312717642,30277.477841027114,11538.952776119617,25923.65517277422,0.76343,0.0,37881.69058412805,181457.59697324317,145000.0,0.23727,0.00031,2119.879919574597,0.71963,177443.31936587623,0.881975,0.849985,12790.369119264322,0.0,176457.59697324317,0.992785,0.76343,0.464655,0.26501
BAYES,0.64,181264.33110366255,167115.74950980349,179886.3615774043,200086.80030510479,29774.957401918007,11232.427348592579,25416.891498845376,0.744195,0.0,38403.62218070152,181956.92390932643,145000.0,0.23703,0.00032,2139.2910770389526,0.71963,177951.06074601138,0.88024,0.83668,12452.287909629287,0.0,176956.92390932643,0.99116,0.744195,0.44881,0.25344
BAYES,0.65,181766.84577973068,167400.9189898627,180367.9379138353,200877.1371976371,29272.442725849865,10924.927209777763,24913.753251373273,0.72504,0.0,38925.55377727498,182456.25084540964,145000.0,0.236845,0.000325,2158.707997544274,0.71963,178458.6652588691,0.87828,0.822755,12110.546443276527,0.0,177456.25084540964,0.989305,0.72504,0.433415,0.24298
BAYES,0.66,182269.35530503467,167690.54272051132,180847.71178749332,201666.94308710922,28769.93320054593,10616.860133914613,24404.495100480068,0.705485,0.0,39447.485373848445,182955.57778149287,145000.0,0.236635,0.000325,2178.1300688137976,0.71963,178966.13840231698,0.87648,0.807885,11770.571842454168,0.0,177955.57778149287,0.986875,0.705485,0.41811,0.232605
BAYES,0.67,182771.8595278927,167974.09627611842,181329.13138459105,202459.3674086007,28267.42897768787,10307.673585423878,23896.851506283958,0.685155,0.0,39969.4169704219,183454.9047175761,145000.0,0.236435,0.00033,2197.5574425292016,0.71963,179473.4888323461,0.87473,0.792615,11431.251335097411,0.0,178454.9047175761,0.98387,0.685155,0.40345,0.222565
BAYES,0.68,183274.35758622483,168256.77136834819,181810.91553317072,203256.56766440102,27764.930919355756,10002.500155651142,23381.7094043369,0.66493,0.0,40491.348566995366,183954.2316536593,145000.0,0.23619,0.000335,2216.990980770551,0.71963,179980.71797813597,0.87305,0.77719,11089.727572309273,0.0,178954.2316536593,0.980445,0.66493,0.38881,0.213165
BAYES,0.69,183776.84989770167,168541.78667394005,182289.90246425552,204049.8495439083,27262.438607878885,9698.902733069093,22868.602145854355,0.64446,0.0,41013.28016356882,184453.55858974252,145000.0,0.235975,0.00034,2236.430265867135,0.71963,180487.83336472686,0.87139,0.76135,10748.808564977027,0.0,179453.55858974252,0.97607,0.64446,0.374815,0.203715
BAYES,0.7,184279.33661319775,168825.07553606172,182772.37669342523,204842.03550895338,26759.951892382822,9390.30177254744,22351.445579518142,0.624615,0.0,41535.21176014229,184952.88552582578,145000.0,0.23577,0.00034,2255.875146944532,0.71963,180994.84206566273,0.869715,0.74497,10406.629114020765,0.0,179952.88552582578,0.9706,0.624615,0.361035,0.19434
BAYES,0.71,184781.81732009904,169112.64960316173,183252.39222829635,205638.95294402968,26257.47118548152,9083.915936283764,21830.975240736458,0.60502,0.0,42057.143356715744,185452.212461909,145000.0,0.23557,0.000345,2275.326036616693,0.71963,181501.7440153176,0.868205,0.728905,10067.635281636156,0.0,180452.212461909,0.963785,0.60502,0.347795,0.18536
BAYES,0.72,185284.29234533774,169398.39608675192,183734.5667556196,206430.22323627488,25754.996160242816,8778.139195258334,21320.68603674823,0.58587,0.0,42579.07495328921,185951.53939799222,145000.0,0.23534,0.000345,2294.7826079514502,0.71963,182008.54915883252,0.86673,0.71283,9726.70944699358,0.0,180951.53939799222,0.95588,0.58587,0.334615,0.17697
BAYES,0.73,185786.76195050424,169684.91825611453,184213.95234025287,207222.20470118223,25252.52655507637,8469.567762169498,20808.172574996453,0.567605,0.0,43101.00654986267,186450.86633407546,145000.0,0.23517,0.000355,2314.2445993584643,0.71963,182515.25588861815,0.86513,0.69649,9384.761788468022,0.0,181450.86633407546,0.946135,0.567605,0.321475,0.1687
BAYES,0.74,186289.2281781575,169967.954226868,184694.40530601615,208019.16424655204,24750.060327423114,8159.820191013311,20294.630140853813,0.54939,0.0,43622.93814643613,186950.19327015866,145000.0,0.23503,0.000355,2333.7099682786716,0.71963,183021.86523767945,0.86361,0.67993,9042.844520731247,0.0,181950.19327015866,0.93449,0.54939,0.30865,0.160865
BAYES,0.75,186791.69012286738,170252.22361868134,185173.4848164731,208808.2785638714,24247.598382713164,7851.296294601491,19784.737041479486,0.532085,0.0,44144.86974300959,187449.5202062419,145000.0,0.234885,0.00036,2353.1796201421866,0.71963,183528.38452638878,0.86217,0.663165,8698.429462645043,0.0,182449.5202062419,0.920305,0.532085,0.29604,0.153185
BAYES,0.76,187294.1475934283,170535.68399247757,185653.01849535186,209597.42991288105,23745.140912152263,7540.653041759557,19272.676424118574,0.51511,0.0,44666.80133958306,187948.84714232513,145000.0,0.234685,0.00036,2372.653746154742,0.71963,184034.81509263482,0.860725,0.647,8355.054447499615,0.0,182948.84714232513,0.903825,0.51511,0.28419,0.145845
BAYES,0.77,187796.60031330588,170822.3853216768,186133.0556533099,210391.082486512,23242.688192274665,7230.460843220189,18760.845455106217,0.498385,0.0,45188.73293615652,188448.17407840834,145000.0,0.234505,0.00036,2392.1326228506105,0.71963,184541.15109793888,0.859235,0.63065,8012.898445490347,0.0,183448.17407840834,0.88422,0.498385,0.272595,0.13861
BAYES,0.78,188299.04920126317,171105.07327411868,186612.21116140566,211182.4549127686,22740.239304317398,6921.1485183694895,18248.592285660634,0.482435,0.0,45710.66453272998,188947.50101449157,145000.0,0.234355,0.00036,2411.615331466804,0.71963,185047.40622321318,0.85797,0.614645,7667.560695979735,0.0,183947.50101449157,0.86215,0.482435,0.26126,0.13212
BAYES,0.79,188801.49485705077,171391.45163905976,187094.8795357353,211977.35562771262,22237.793648529787,6609.7755862443655,17742.801732399952,0.46693,0.0,46232.596129303434,189446.8279505748,145000.0,0.234175,0.000365,2431.1012722526502,0.71963,185553.5827103647,0.856575,0.59817,7323.305456665955,0.0,184446.8279505748,0.83697,0.46693,0.250435,0.125865
BAYES,0.8,189303.9364072913,171678.4867674099,187574.57295313815,212766.8557162675,21735.352098289277,6298.541850921554,17233.37415547458,0.45165,0.0,46754.527725876906,189946.154886658,145000.0,0.233995,0.000365,2450.5913185856043,0.71963,186059.68092353668,0.855335,0.581905,6978.846502158199,0.0,184946.154886658,0.810125,0.45165,0.239915,0.119645
BAYES,0.81,189806.37438542544,171963.8832636682,188052.43589484395,213561.004148716,21232.91412015513,5989.387704240292,16723.332250118663,0.436295,0.0,47276.45932245036,190445.48182274125,145000.0,0.233845,0.000365,2470.0849370249175,0.71963,186565.704404347,0.854085,0.56586,6634.706670531321,0.0,185445.48182274125,0.78129,0.436295,0.22993,0.114005
BAYES,0.82,190308.80982189995,172246.7150522259,188534.5315610038,214353.32517773446,20730.47868368061,5677.293948979745,16218.275067475406,0.42138,0.0,47798.39091902382,190944.80875882448,145000.0,0.23374,0.000365,2489.5810971238534,0.71963,187071.6522532865,0.852695,0.549485,6288.357174931485,0.0,185944.80875882448,0.752045,0.42138,0.219745,0.108155
BAYES,0.83,190811.24227185058,172528.47398799512,189015.14306359334,215149.1875979908,20228.046233729983,5365.310330899019,15708.350443013202,0.4071,0.0,48320.32251559728,191444.13569490772,145000.0,0.233605,0.00037,2509.080243746691,0.71963,187577.52571076667,0.851455,0.53327,5941.323926051312,0.0,186444.13569490772,0.72348,0.4071,0.21038,0.10271
BAYES,0.84,191313.67176874276,172814.8414965787,189495.27259714127,215944.0129959308,19725.616736837852,5054.312759794986,15199.3690495755,0.39299,0.0,48842.25411217073,191943.46263099092,145000.0,0.23347,0.00038,2528.5823434280223,0.71963,188083.33569711886,0.85044,0.51736,5595.883765776189,0.0,186943.46263099092,0.695735,0.39299,0.201045,0.097435
BAYES,0.85,191816.09760180017,173100.5150657311,189973.80204514947,216740.5061292267,19223.190903780414,4741.263975961521,14710.899418228015,0.379065,0.0,49364.185708744204,192442.78956707416,145000.0,0.23332,0.00038,2548.0881069440447,0.71963,188589.08514847225,0.849255,0.501255,5248.177256358081,0.0,187442.78956707416,0.67114,0.379065,0.19204,0.0924
BAYES,0.86,192318.52104745415,173381.85752149503,190452.92084345204,217539.46986272972,18720.767458126415,4428.642624588731,14203.474379600098,0.36528,0.0,49886.11730531767,192942.11650315736,145000.0,0.233205,0.00038,2567.596257863508,0.71963,189094.7719944886,0.84817,0.4861,4901.850641559974,0.0,187942.11650315736,0.649455,0.36528,0.18353,0.087715
BAYES,0.87,192820.94165860786,173663.3055650573,190930.81588781456,218338.9404524511,18218.34684697271,4114.807131926772,13704.276100082585,0.35178,0.0,50408.048901891125,193441.4434392406,145000.0,0.23308,0.00038,2587.107243283261,0.71963,189600.3980478531,0.846965,0.470605,4554.2401348444255,0.0,188441.4434392406,0.629595,0.35178,0.175425,0.08324
BAYES,0.88,193323.35976360727,173948.0291524249,191412.45982437194,219134.3583265724,17715.928741973326,3800.6731132863715,13206.57739264195,0.338625,0.0,50929.980498464596,193940.77037532383,145000.0,0.23294,0.00038,2606.620734857342,0.71963,190105.96186815132,0.845865,0.454915,4207.570110101391,0.0,188940.77037532383,0.611365,0.338625,0.16727,0.07893
BAYES,0.89,193825.7750962108,174235.12701305607,191892.78216514376,219926.93639229966,17213.51340936981,3486.6844537154134,12712.319655406522,0.325775,0.0,51451.91209503805,194440.09731140704,145000.0,0.232805,0.00038,2626.1369988272886,0.71963,190611.47109816957,0.844925,0.439735,3857.5500747244428,0.0,189440.09731140704,0.59501,0.325775,0.15942,0.074785
BAYES,0.9,194328.18739654656,174518.08808623053,192375.34144543495,220716.94465549005,16711.101109033993,3172.4019161342776,12220.754634361292,0.312825,0.0,51973.8436916115,194939.4242474903,145000.0,0.232655,0.00038,2645.6562950649304,0.71963,191116.92697962135,0.843745,0.424435,3509.969811623312,0.0,189939.4242474903,0.578345,0.312825,0.15219,0.07105
BAYES,0.91,194830.59628873886,174802.2165656356,192855.131619144,221508.52412587978,16208.692216841719,2857.872111324394,11727.575399296518,0.300675,0.0,52495.77528818497,195438.7511835735,145000.0,0.232465,0.00038,2665.1789994461196,0.71963,191622.31934100122,0.84255,0.40891,3160.2279354977086,0.0,190438.7511835735,0.562015,0.300675,0.144805,0.067475
BAYES,0.92,195333.0019356755,175086.42472040895,193336.55408509623,222303.8690958734,15706.286569905062,2542.4442394755215,11242.395961162518,0.28856,0.0,53017.70688475844,195938.07811965674,145000.0,0.23237,0.00039,2684.7049490829263,0.71963,192127.6484393875,0.841375,0.39497,2811.1191368284494,0.0,190938.07811965674,0.546365,0.28856,0.13815,0.063815
BAYES,0.93,195835.4061313713,175369.87066223507,193816.94753643835,223096.42475866454,15203.882374209299,2226.0698509564813,10746.21867564584,0.277165,0.0,53539.6384813319,196437.40505573998,145000.0,0.23229,0.000395,2704.232349960624,0.71963,192632.92325380113,0.840315,0.380655,2462.1912898779674,0.0,191437.40505573998,0.53096,0.277165,0.1315,0.060585
BAYES,0.94,196337.8083262031,175656.21671417975,194296.12161193084,223892.59136725604,14701.480179377446,1909.21883692509,10259.740947147366,0.265815,0.0,54061.57007790535,196936.73199182318,145000.0,0.23217,0.000395,2723.7617517022277,0.71963,193138.14534184907,0.839345,0.366605,2111.8986059948743,0.0,191936.73199182318,0.51543,0.265815,0.125355,0.057195
BAYES,0.95,196840.2075754039,175944.012569681,194775.31720554281,224686.21990677124,14199.080930176673,1591.882056418476,9777.6131267249,0.25521,0.0,54583.501674478815,197436.0589279064,145000.0,0.23205,0.000395,2743.2940990749134,0.71963,193643.31719695183,0.83829,0.35273,1761.3776239651256,0.0,192436.0589279064,0.49993,0.25521,0.119365,0.05421
BAYES,0.96,197342.6045437358,176233.40584499296,195255.04465656233,225476.5296349949,13696.683961844774,1274.1884613526768,9282.943861712367,0.244845,0.0,55105.43327105227,197935.38586398962,145000.0,0.23194,0.000395,2762.8287273164756,0.71963,194148.4368810409,0.83724,0.339545,1410.090912125587,0.0,192935.38586398962,0.48467,0.244845,0.113315,0.05158
BAYES,0.97,197844.99936202037,176517.8988587877,195734.70278477925,226271.13822566063,13194.289143560181,956.5379130357629,8799.146520181632,0.234385,0.0,55627.36486762574,198434.71280007286,145000.0,0.23182,0.000395,2782.3655056053467,0.71963,194653.50761133706,0.83622,0.326325,1058.305846478023,0.0,193434.71280007286,0.469435,0.234385,0.10777,0.048785
BAYES,0.98,198347.3921507779,176806.18237932672,196215.12026900152,227065.65384246616,12691.896354802715,638.2430565039773,8306.622089084063,0.22442,0.0,56149.2964641992,198934.0397361561,145000.0,0.231745,0.00039,2801.9043134213434,0.71963,195158.52729919998,0.835155,0.31318,706.0584068087759,0.0,193934.0397361561,0.454365,0.22442,0.102625,0.04619
BAYES,0.99,198849.78316194742,177086.39142645875,196695.18138096266,227861.3257713259,12189.50534363318,319.26618496791343,7817.372471841067,0.214785,0.0,56671.228060772664,199433.36667223932,145000.0,0.231635,0.000395,2821.444898825267,0.71963,195663.49681072275,0.83419,0.30119,353.3248623417589,0.0,194433.36667223932,0.439605,0.214785,0.09759,0.043685
BAYES,1.0,199352.17206551819,177370.99069661,197175.61099913414,228651.7828095814,11687.11644006241,0.0,7329.178808690063,0.205485,0.0,57193.15965734612,199932.69360832253,145000.0,0.231545,0.000405,2840.9875918279577,0.71963,196168.41863710518,0.83319,0.289195,0.0,0.0,194932.69360832253,0.424835,0.205485,0.092875,0.041355
