s,l,h,E_G,G_p5,G_p50,G_p95,E_K,K_p5,K_p50,P_K_ge_thr_G,P_G_lt_L,E_width,U_p50,L_p50,P_top_fund,P_top_gift_eq_U,P_G_below_middle,E_U_minus_G
0.0,0.0,0.0,149036.00709329318,146645.3317291232,149410.49517254048,150000.0,61671.22891003608,30384.418101388008,58891.44616938976,0.996215,0.689545,0.0,150000.0,150000.0,0.74363,0.310455,0.689545,963.9929067068224
0.0,0.0,0.025,149036.00709329318,146645.3317291232,149410.49517254048,150000.0,61671.22891003608,30384.418101388008,58891.44616938976,0.996215,0.0,3750.0,150000.0,146250.0,0.74363,0.310455,0.218765,963.9929067068224
0.0,0.0,0.05,149036.00709329318,146645.3317291232,149410.49517254048,150000.0,61671.22891003608,30384.418101388008,58891.44616938976,0.996215,0.0,7500.0,150000.0,142500.0,0.74363,0.310455,0.0,963.9929067068224
0.0,0.05,0.0,149036.00709329318,146645.3317291232,149410.49517254048,150000.0,61671.22891003608,30384.418101388008,58891.44616938976,0.996215,0.689545,0.0,150000.0,150000.0,0.74363,0.310455,0.689545,963.9929067068224
0.0,0.05,0.025,149036.00709329318,146645.3317291232,149410.49517254048,150000.0,61671.22891003608,30384.418101388008,58891.44616938976,0.996215,0.0,3750.0,150000.0,146250.0,0.74363,0.310455,0.218765,963.9929067068224
0.0,0.05,0.05,149036.00709329318,146645.3317291232,149410.49517254048,150000.0,61671.22891003608,30384.418101388008,58891.44616938976,0.996215,0.0,7500.0,150000.0,142500.0,0.74363,0.310455,0.0,963.9929067068224
0.0,0.1,0.0,149036.00709329318,146645.3317291232,149410.49517254048,150000.0,61671.22891003608,30384.418101388008,58891.44616938976,0.996215,0.689545,0.0,150000.0,150000.0,0.74363,0.310455,0.689545,963.9929067068224
0.0,0.1,0.025,149036.00709329318,146645.3317291232,149410.49517254048,150000.0,61671.22891003608,30384.418101388008,58891.44616938976,0.996215,0.0,3750.0,150000.0,146250.0,0.74363,0.310455,0.218765,963.9929067068224
0.0,0.1,0.05,149036.00709329318,146645.3317291232,149410.49517254048,150000.0,61671.22891003608,30384.418101388008,58891.44616938976,0.996215,0.0,7500.0,150000.0,142500.0,0.74363,0.310455,0.0,963.9929067068224
0.0,0.15,0.0,149036.00709329318,146645.3317291232,149410.49517254048,150000.0,61671.22891003608,30384.418101388008,58891.44616938976,0.996215,0.689545,0.0,150000.0,150000.0,0.74363,0.310455,0.689545,963.9929067068224
0.0,0.15,0.025,149036.00709329318,146645.3317291232,149410.49517254048,150000.0,61671.22891003608,30384.418101388008,58891.44616938976,0.996215,0.0,3750.0,150000.0,146250.0,0.74363,0.310455,0.218765,963.9929067068224
0.0,0.15,0.05,149036.00709329318,146645.3317291232,149410.49517254048,150000.0,61671.22891003608,30384.418101388008,58891.44616938976,0.996215,0.0,7500.0,150000.0,142500.0,0.74363,0.310455,0.0,963.9929067068224
0.0,0.2,0.0,149036.00709329318,146645.3317291232,149410.49517254048,150000.0,61671.22891003608,30384.418101388008,58891.44616938976,0.996215,0.689545,0.0,150000.0,150000.0,0.74363,0.310455,0.689545,963.9929067068224
0.0,0.2,0.025,149036.00709329318,146645.3317291232,149410.49517254048,150000.0,61671.22891003608,30384.418101388008,58891.44616938976,0.996215,0.0,3750.0,150000.0,146250.0,0.74363,0.310455,0.218765,963.9929067068224
0.0,0.2,0.05,149036.00709329318,146645.3317291232,149410.49517254048,150000.0,61671.22891003608,30384.418101388008,58891.44616938976,0.996215,0.0,7500.0,150000.0,142500.0,0.74363,0.310455,0.0,963.9929067068224
0.0,0.25,0.0,149036.00709329318,146645.3317291232,149410.49517254048,150000.0,61671.22891003608,30384.418101388008,58891.44616938976,0.996215,0.689545,0.0,150000.0,150000.0,0.74363,0.310455,0.689545,963.9929067068224
0.0,0.25,0.025,149036.00709329318,146645.3317291232,149410.49517254048,150000.0,61671.22891003608,30384.418101388008,58891.44616938976,0.996215,0.0,3750.0,150000.0,146250.0,0.74363,0.310455,0.218765,963.9929067068224
0.0,0.25,0.05,149036.00709329318,146645.3317291232,149410.49517254048,150000.0,61671.22891003608,30384.418101388008,58891.44616938976,0.996215,0.0,7500.0,150000.0,142500.0,0.74363,0.310455,0.0,963.9929067068224
0.0,0.3,0.0,149036.00709329318,146645.3317291232,149410.49517254048,150000.0,61671.22891003608,30384.418101388008,58891.44616938976,0.996215,0.689545,0.0,150000.0,150000.0,0.74363,0.310455,0.689545,963.9929067068224
0.0,0.3,0.025,149036.00709329318,146645.3317291232,149410.49517254048,150000.0,61671.22891003608,30384.418101388008,58891.44616938976,0.996215,0.0,3750.0,150000.0,146250.0,0.74363,0.310455,0.218765,963.9929067068224
0.0,0.3,0.05,149036.00709329318,146645.3317291232,149410.49517254048,150000.0,61671.22891003608,30384.418101388008,58891.44616938976,0.996215,0.0,7500.0,150000.0,142500.0,0.74363,0.310455,0.0,963.9929067068224
0.0,0.35,0.0,149036.00709329318,146645.3317291232,149410.49517254048,150000.0,61671.22891003608,30384.418101388008,58891.44616938976,0.996215,0.689545,0.0,150000.0,150000.0,0.74363,0.310455,0.689545,963.9929067068224
0.0,0.35,0.025,149036.00709329318,146645.3317291232,149410.49517254048,150000.0,61671.22891003608,30384.418101388008,58891.44616938976,0.996215,0.0,3750.0,150000.0,146250.0,0.74363,0.310455,0.218765,963.9929067068224
0.0,0.35,0.05,149036.00709329318,146645.3317291232,149410.49517254048,150000.0,61671.22891003608,30384.418101388008,58891.44616938976,0.996215,0.0,7500.0,150000.0,142500.0,0.74363,0.310455,0.0,963.9929067068224
0.0,0.4,0.0,149036.00709329318,146645.3317291232,149410.49517254048,150000.0,61671.22891003608,30384.418101388008,58891.44616938976,0.996215,0.689545,0.0,150000.0,150000.0,0.74363,0.310455,0.689545,963.9929067068224
0.0,0.4,0.025,149036.00709329318,146645.3317291232,149410.49517254048,150000.0,61671.22891003608,30384.418101388008,58891.44616938976,0.996215,0.0,3750.0,150000.0,146250.0,0.74363,0.310455,0.218765,963.9929067068224
0.0,0.4,0.05,149036.00709329318,146645.3317291232,149410.49517254048,150000.0,61671.22891003608,30384.418101388008,58891.44616938976,0.996215,0.0,7500.0,150000.0,142500.0,0.74363,0.310455,0.0,963.9929067068224
0.0,0.45,0.0,149036.00709329318,146645.3317291232,149410.49517254048,150000.0,61671.22891003608,30384.418101388008,58891.44616938976,0.996215,0.689545,0.0,150000.0,150000.0,0.74363,0.310455,0.689545,963.9929067068224
0.0,0.45,0.025,149036.00709329318,146645.3317291232,149410.49517254048,150000.0,61671.22891003608,30384.418101388008,58891.44616938976,0.996215,0.0,3750.0,150000.0,146250.0,0.74363,0.310455,0.218765,963.9929067068224
0.0,0.45,0.05,149036.00709329318,146645.3317291232,149410.49517254048,150000.0,61671.22891003608,30384.418101388008,58891.44616938976,0.996215,0.0,7500.0,150000.0,142500.0,0.74363,0.310455,0.0,963.9929067068224
0.0,0.5,0.0,149036.00709329318,146645.3317291232,149410.49517254048,150000.0,61671.22891003608,30384.418101388008,58891.44616938976,0.996215,0.689545,0.0,150000.0,150000.0,0.74363,0.310455,0.689545,963.9929067068224
0.0,0.5,0.025,149036.00709329318,146645.3317291232,149410.49517254048,150000.0,61671.22891003608,30384.418101388008,58891.44616938976,0.996215,0.0,3750.0,150000.0,146250.0,0.74363,0.310455,0.218765,963.9929067068224
0.0,0.5,0.05,149036.00709329318,146645.3317291232,149410.49517254048,150000.0,61671.22891003608,30384.418101388008,58891.44616938976,0.996215,0.0,7500.0,150000.0,142500.0,0.74363,0.310455,0.0,963.9929067068224
0.0,0.55,0.0,149036.00709329318,146645.3317291232,149410.49517254048,150000.0,61671.22891003608,30384.418101388008,58891.44616938976,0.996215,0.689545,0.0,150000.0,150000.0,0.74363,0.310455,0.689545,963.9929067068224
0.0,0.55,0.025,149036.00709329318,146645.3317291232,149410.49517254048,150000.0,61671.22891003608,30384.418101388008,58891.44616938976,0.996215,0.0,3750.0,150000.0,146250.0,0.74363,0.310455,0.218765,963.9929067068224
0.0,0.55,0.05,149036.00709329318,146645.3317291232,149410.49517254048,150000.0,61671.22891003608,30384.418101388008,58891.44616938976,0.996215,0.0,7500.0,150000.0,142500.0,0.74363,0.310455,0.0,963.9929067068224
0.0,0.6,0.0,149036.00709329318,146645.3317291232,149410.49517254048,150000.0,61671.22891003608,30384.418101388008,58891.44616938976,0.996215,0.689545,0.0,150000.0,150000.0,0.74363,0.310455,0.689545,963.9929067068224
0.0,0.6,0.025,149036.00709329318,146645.3317291232,149410.49517254048,150000.0,61671.22891003608,30384.418101388008,58891.44616938976,0.996215,0.0,3750.0,150000.0,146250.0,0.74363,0.310455,0.218765,963.9929067068224
0.0,0.6,0.05,149036.00709329318,146645.3317291232,149410.49517254048,150000.0,61671.22891003608,30384.418101388008,58891.44616938976,0.996215,0.0,7500.0,150000.0,142500.0,0.74363,0.310455,0.0,963.9929067068224
0.0,0.65,0.0,149036.00709329318,146645.3317291232,149410.49517254048,150000.0,61671.22891003608,30384.418101388008,58891.44616938976,0.996215,0.689545,0.0,150000.0,150000.0,0.74363,0.310455,0.689545,963.9929067068224
0.0,0.65,0.025,149036.00709329318,146645.3317291232,149410.49517254048,150000.0,61671.22891003608,30384.418101388008,58891.44616938976,0.996215,0.0,3750.0,150000.0,146250.0,0.74363,0.310455,0.218765,963.9929067068224
0.0,0.65,0.05,149036.00709329318,146645.3317291232,149410.49517254048,150000.0,61671.22891003608,30384.418101388008,58891.44616938976,0.996215,0.0,7500.0,150000.0,142500.0,0.74363,0.310455,0.0,963.9929067068224
0.0,0.7,0.0,149036.00709329318,146645.3317291232,149410.49517254048,150000.0,61671.22891003608,30384.418101388008,58891.44616938976,0.996215,0.689545,0.0,150000.0,150000.0,0.74363,0.310455,0.689545,963.9929067068224
0.0,0.7,0.025,149036.00709329318,146645.3317291232,149410.49517254048,150000.0,61671.22891003608,30384.418101388008,58891.44616938976,0.996215,0.0,3750.0,150000.0,146250.0,0.74363,0.310455,0.218765,963.9929067068224
0.0,0.7,0.05,149036.00709329318,146645.3317291232,149410.49517254048,150000.0,61671.22891003608,30384.418101388008,58891.44616938976,0.996215,0.0,7500.0,150000.0,142500.0,0.74363,0.310455,0.0,963.9929067068224
0.0,0.75,0.0,149036.00709329318,146645.3317291232,149410.49517254048,150000.0,61671.22891003608,30384.418101388008,58891.44616938976,0.996215,0.689545,0.0,150000.0,150000.0,0.74363,0.310455,0.689545,963.9929067068224
0.0,0.75,0.025,149036.00709329318,146645.3317291232,149410.49517254048,150000.0,61671.22891003608,30384.418101388008,58891.44616938976,0.996215,0.0,3750.0,150000.0,146250.0,0.74363,0.310455,0.218765,963.9929067068224
0.0,0.75,0.05,149036.00709329318,146645.3317291232,149410.49517254048,150000.0,61671.22891003608,30384.418101388008,58891.44616938976,0.996215,0.0,7500.0,150000.0,142500.0,0.74363,0.310455,0.0,963.9929067068224
0.0,0.8,0.0,149036.00709329318,146645.3317291232,149410.49517254048,150000.0,61671.22891003608,30384.418101388008,58891.44616938976,0.996215,0.689545,0.0,150000.0,150000.0,0.74363,0.310455,0.689545,963.9929067068224
0.0,0.8,0.025,149036.00709329318,146645.3317291232,149410.49517254048,150000.0,61671.22891003608,30384.418101388008,58891.44616938976,0.996215,0.0,3750.0,150000.0,146250.0,0.74363,0.310455,0.218765,963.9929067068224
0.0,0.8,0.05,149036.00709329318,146645.3317291232,149410.49517254048,150000.0,61671.22891003608,30384.418101388008,58891.44616938976,0.996215,0.0,7500.0,150000.0,142500.0,0.74363,0.310455,0.0,963.9929067068224
0.0,0.85,0.0,149036.00709329318,146645.3317291232,149410.49517254048,150000.0,61671.22891003608,30384.418101388008,58891.44616938976,0.996215,0.689545,0.0,150000.0,150000.0,0.74363,0.310455,0.689545,963.9929067068224
0.0,0.85,0.025,149036.00709329318,146645.3317291232,149410.49517254048,150000.0,61671.22891003608,30384.418101388008,58891.44616938976,0.996215,0.0,3750.0,150000.0,146250.0,0.74363,0.310455,0.218765,963.9929067068224
0.0,0.85,0.05,149036.00709329318,146645.3317291232,149410.49517254048,150000.0,61671.22891003608,30384.418101388008,58891.44616938976,0.996215,0.0,7500.0,150000.0,142500.0,0.74363,0.310455,0.0,963.9929067068224
0.0,0.9,0.0,149036.00709329318,146645.3317291232,149410.49517254048,150000.0,61671.22891003608,30384.418101388008,58891.44616938976,0.996215,0.689545,0.0,150000.0,150000.0,0.74363,0.310455,0.689545,963.9929067068224
0.0,0.9,0.025,149036.00709329318,146645.3317291232,149410.49517254048,150000.0,61671.22891003608,30384.418101388008,58891.44616938976,0.996215,0.0,3750.0,150000.0,146250.0,0.74363,0.310455,0.218765,963.9929067068224
0.0,0.9,0.05,149036.00709329318,146645.3317291232,149410.49517254048,150000.0,61671.22891003608,30384.418101388008,58891.44616938976,0.996215,0.0,7500.0,150000.0,142500.0,0.74363,0.310455,0.0,963.9929067068224
0.0,0.95,0.0,149036.00709329318,146645.3317291232,149410.49517254048,150000.0,61671.22891003608,30384.418101388008,58891.44616938976,0.996215,0.689545,0.0,150000.0,150000.0,0.74363,0.310455,0.689545,963.9929067068224
0.0,0.95,0.025,149036.00709329318,146645.3317291232,149410.49517254048,150000.0,61671.22891003608,30384.418101388008,58891.44616938976,0.996215,0.0,3750.0,150000.0,146250.0,0.74363,0.310455,0.218765,963.9929067068224
0.0,0.95,0.05,149036.00709329318,146645.3317291232,149410.49517254048,150000.0,61671.22891003608,30384.418101388008,58891.44616938976,0.996215,0.0,7500.0,150000.0,142500.0,0.74363,0.310455,0.0,963.9929067068224
0.0,1.0,0.0,149036.00709329318,146645.3317291232,149410.49517254048,150000.0,61671.22891003608,30384.418101388008,58891.44616938976,0.996215,0.689545,0.0,150000.0,150000.0,0.74363,0.310455,0.689545,963.9929067068224
0.0,1.0,0.025,149036.00709329318,146645.3317291232,149410.49517254048,150000.0,61671.22891003608,30384.418101388008,58891.44616938976,0.996215,0.0,3750.0,150000.0,146250.0,0.74363,0.310455,0.218765,963.9929067068224
0.0,1.0,0.05,149036.00709329318,146645.3317291232,149410.49517254048,150000.0,61671.22891003608,30384.418101388008,58891.44616938976,0.996215,0.0,7500.0,150000.0,142500.0,0.74363,0.310455,0.0,963.9929067068224
0.05,0.0,0.0,151561.47695792865,149003.8626515276,151769.51384960313,153462.74180945937,59145.75904540061,28866.020051419626,56374.09296713793,0.995125,0.142545,2603.5960858215008,152547.20010675432,150000.0,0.74363,0.29344,0.333555,1042.1191278928536
0.05,0.0,0.025,151561.47695792865,149003.8626515276,151769.51384960313,153462.74180945937,59145.75904540061,28866.020051419626,56374.09296713793,0.995125,0.0,6353.596085821499,152547.20010675432,146250.0,0.74363,0.29344,0.07968,1042.1191278928536
0.05,0.0,0.05,151561.47695792865,149003.8626515276,151769.51384960313,153462.74180945937,59145.75904540061,28866.020051419626,56374.09296713793,0.995125,0.0,10103.5960858215,152547.20010675432,142500.0,0.74363,0.29344,0.00017,1042.1191278928536
0.05,0.05,0.0,151561.47695792865,149003.8626515276,151769.51384960313,153462.74180945937,59145.75904540061,28866.020051419626,56374.09296713793,0.995125,0.15691,2473.4162815304257,152547.20010675432,150127.36000533772,0.74363,0.29344,0.34665,1042.1191278928536
0.05,0.05,0.025,151561.47695792865,149003.8626515276,151769.51384960313,153462.74180945937,59145.75904540061,28866.020051419626,56374.09296713793,0.995125,0.0,6223.416281530425,152547.20010675432,146377.36000533772,0.74363,0.29344,0.085405,1042.1191278928536
0.05,0.05,0.05,151561.47695792865,149003.8626515276,151769.51384960313,153462.74180945937,59145.75904540061,28866.020051419626,56374.09296713793,0.995125,0.0,9973.416281530426,152547.20010675432,142627.36000533772,0.74363,0.29344,0.00021,1042.1191278928536
0.05,0.1,0.0,151561.47695792865,149003.8626515276,151769.51384960313,153462.74180945937,59145.75904540061,28866.020051419626,56374.09296713793,0.995125,0.1724,2343.2364772393507,152547.20010675432,150254.72001067543,0.74363,0.29344,0.360315,1042.1191278928536
0.05,0.1,0.025,151561.47695792865,149003.8626515276,151769.51384960313,153462.74180945937,59145.75904540061,28866.020051419626,56374.09296713793,0.995125,0.0,6093.236477239351,152547.20010675432,146504.72001067543,0.74363,0.29344,0.0913,1042.1191278928536
0.05,0.1,0.05,151561.47695792865,149003.8626515276,151769.51384960313,153462.74180945937,59145.75904540061,28866.020051419626,56374.09296713793,0.995125,0.0,9843.236477239352,152547.20010675432,142754.72001067543,0.74363,0.29344,0.00025,1042.1191278928536
0.05,0.15,0.0,151561.47695792865,149003.8626515276,151769.51384960313,153462.74180945937,59145.75904540061,28866.020051419626,56374.09296713793,0.995125,0.188735,2213.0566729482757,152547.20010675432,150382.08001601315,0.74363,0.29344,0.374375,1042.1191278928536
0.05,0.15,0.025,151561.47695792865,149003.8626515276,151769.51384960313,153462.74180945937,59145.75904540061,28866.020051419626,56374.09296713793,0.995125,0.0,5963.056672948276,152547.20010675432,146632.08001601315,0.74363,0.29344,0.09694,1042.1191278928536
0.05,0.15,0.05,151561.47695792865,149003.8626515276,151769.51384960313,153462.74180945937,59145.75904540061,28866.020051419626,56374.09296713793,0.995125,0.0,9713.056672948276,152547.20010675432,142882.08001601315,0.74363,0.29344,0.00028,1042.1191278928536
0.05,0.2,0.0,151561.47695792865,149003.8626515276,151769.51384960313,153462.74180945937,59145.75904540061,28866.020051419626,56374.09296713793,0.995125,0.206595,2082.8768686572007,152547.20010675432,150509.44002135086,0.74363,0.29344,0.3897,1042.1191278928536
0.05,0.2,0.025,151561.47695792865,149003.8626515276,151769.51384960313,153462.74180945937,59145.75904540061,28866.020051419626,56374.09296713793,0.995125,0.0,5832.876868657201,152547.20010675432,146759.44002135086,0.74363,0.29344,0.102855,1042.1191278928536
0.05,0.2,0.05,151561.47695792865,149003.8626515276,151769.51384960313,153462.74180945937,59145.75904540061,28866.020051419626,56374.09296713793,0.995125,0.0,9582.876868657202,152547.20010675432,143009.44002135086,0.74363,0.29344,0.00039,1042.1191278928536
0.05,0.25,0.0,151561.47695792865,149003.8626515276,151769.51384960313,153462.74180945937,59145.75904540061,28866.020051419626,56374.09296713793,0.995125,0.2248,1952.6970643661255,152547.20010675432,150636.80002668855,0.74363,0.29344,0.405735,1042.1191278928536
0.05,0.25,0.025,151561.47695792865,149003.8626515276,151769.51384960313,153462.74180945937,59145.75904540061,28866.020051419626,56374.09296713793,0.995125,0.0,5702.697064366126,152547.20010675432,146886.80002668855,0.74363,0.29344,0.108055,1042.1191278928536
0.05,0.25,0.05,151561.47695792865,149003.8626515276,151769.51384960313,153462.74180945937,59145.75904540061,28866.020051419626,56374.09296713793,0.995125,0.0,9452.697064366126,152547.20010675432,143136.80002668855,0.74363,0.29344,0.00051,1042.1191278928536
0.05,0.3,0.0,151561.47695792865,149003.8626515276,151769.51384960313,153462.74180945937,59145.75904540061,28866.020051419626,56374.09296713793,0.995125,0.24418,1822.5172600750507,152547.20010675432,150764.1600320263,0.74363,0.29344,0.422865,1042.1191278928536
0.05,0.3,0.025,151561.47695792865,149003.8626515276,151769.51384960313,153462.74180945937,59145.75904540061,28866.020051419626,56374.09296713793,0.995125,0.0,5572.517260075049,152547.20010675432,147014.1600320263,0.74363,0.29344,0.11323,1042.1191278928536
0.05,0.3,0.05,151561.47695792865,149003.8626515276,151769.51384960313,153462.74180945937,59145.75904540061,28866.020051419626,56374.09296713793,0.995125,0.0,9322.51726007505,152547.20010675432,143264.1600320263,0.74363,0.29344,0.00064,1042.1191278928536
0.05,0.35,0.0,151561.47695792865,149003.8626515276,151769.51384960313,153462.74180945937,59145.75904540061,28866.020051419626,56374.09296713793,0.995125,0.264515,1692.3374557839757,152547.20010675432,150891.520037364,0.74363,0.29344,0.441515,1042.1191278928536
0.05,0.35,0.025,151561.47695792865,149003.8626515276,151769.51384960313,153462.74180945937,59145.75904540061,28866.020051419626,56374.09296713793,0.995125,1e-05,5442.337455783975,152547.20010675432,147141.520037364,0.74363,0.29344,0.11851,1042.1191278928536
0.05,0.35,0.05,151561.47695792865,149003.8626515276,151769.51384960313,153462.74180945937,59145.75904540061,28866.020051419626,56374.09296713793,0.995125,0.0,9192.337455783974,152547.20010675432,143391.520037364,0.74363,0.29344,0.00082,1042.1191278928536
0.05,0.4,0.0,151561.47695792865,149003.8626515276,151769.51384960313,153462.74180945937,59145.75904540061,28866.020051419626,56374.09296713793,0.995125,0.286075,1562.1576514929002,152547.20010675432,151018.88004270173,0.74363,0.29344,0.462205,1042.1191278928536
0.05,0.4,0.025,151561.47695792865,149003.8626515276,151769.51384960313,153462.74180945937,59145.75904540061,28866.020051419626,56374.09296713793,0.995125,4e-05,5312.157651492899,152547.20010675432,147268.88004270173,0.74363,0.29344,0.123565,1042.1191278928536
0.05,0.4,0.05,151561.47695792865,149003.8626515276,151769.51384960313,153462.74180945937,59145.75904540061,28866.020051419626,56374.09296713793,0.995125,0.0,9062.1576514929,152547.20010675432,143518.88004270173,0.74363,0.29344,0.000975,1042.1191278928536
0.05,0.45,0.0,151561.47695792865,149003.8626515276,151769.51384960313,153462.74180945937,59145.75904540061,28866.020051419626,56374.09296713793,0.995125,0.309405,1431.9778472018254,152547.20010675432,151146.24004803944,0.74363,0.29344,0.48502,1042.1191278928536
0.05,0.45,0.025,151561.47695792865,149003.8626515276,151769.51384960313,153462.74180945937,59145.75904540061,28866.020051419626,56374.09296713793,0.995125,0.0001,5181.977847201825,152547.20010675432,147396.24004803944,0.74363,0.29344,0.128965,1042.1191278928536
0.05,0.45,0.05,151561.47695792865,149003.8626515276,151769.51384960313,153462.74180945937,59145.75904540061,28866.020051419626,56374.09296713793,0.995125,0.0,8931.977847201826,152547.20010675432,143646.24004803944,0.74363,0.29344,0.00113,1042.1191278928536
0.05,0.5,0.0,151561.47695792865,149003.8626515276,151769.51384960313,153462.74180945937,59145.75904540061,28866.020051419626,56374.09296713793,0.995125,0.333555,1301.7980429107502,152547.20010675432,151273.60005337716,0.74363,0.29344,0.50883,1042.1191278928536
0.05,0.5,0.025,151561.47695792865,149003.8626515276,151769.51384960313,153462.74180945937,59145.75904540061,28866.020051419626,56374.09296713793,0.995125,0.00017,5051.79804291075,152547.20010675432,147523.60005337716,0.74363,0.29344,0.134735,1042.1191278928536
0.05,0.5,0.05,151561.47695792865,149003.8626515276,151769.51384960313,153462.74180945937,59145.75904540061,28866.020051419626,56374.09296713793,0.995125,0.0,8801.79804291075,152547.20010675432,143773.60005337716,0.74363,0.29344,0.001435,1042.1191278928536
0.05,0.55,0.0,151561.47695792865,149003.8626515276,151769.51384960313,153462.74180945937,59145.75904540061,28866.020051419626,56374.09296713793,0.995125,0.360315,1171.6182386196751,152547.20010675432,151400.96005871485,0.74363,0.29344,0.534845,1042.1191278928536
0.05,0.55,0.025,151561.47695792865,149003.8626515276,151769.51384960313,153462.74180945937,59145.75904540061,28866.020051419626,56374.09296713793,0.995125,0.00025,4921.618238619676,152547.20010675432,147650.96005871485,0.74363,0.29344,0.14079,1042.1191278928536
0.05,0.55,0.05,151561.47695792865,149003.8626515276,151769.51384960313,153462.74180945937,59145.75904540061,28866.020051419626,56374.09296713793,0.995125,0.0,8671.618238619676,152547.20010675432,143900.96005871485,0.74363,0.29344,0.001805,1042.1191278928536
0.05,0.6,0.0,151561.47695792865,149003.8626515276,151769.51384960313,153462.74180945937,59145.75904540061,28866.020051419626,56374.09296713793,0.995125,0.3897,1041.4384343286006,152547.20010675432,151528.3200640526,0.74363,0.29344,0.561115,1042.1191278928536
0.05,0.6,0.025,151561.47695792865,149003.8626515276,151769.51384960313,153462.74180945937,59145.75904540061,28866.020051419626,56374.09296713793,0.995125,0.00039,4791.438434328601,152547.20010675432,147778.3200640526,0.74363,0.29344,0.148075,1042.1191278928536
0.05,0.6,0.05,151561.47695792865,149003.8626515276,151769.51384960313,153462.74180945937,59145.75904540061,28866.020051419626,56374.09296713793,0.995125,0.0,8541.438434328602,152547.20010675432,144028.3200640526,0.74363,0.29344,0.002215,1042.1191278928536
0.05,0.65,0.0,151561.47695792865,149003.8626515276,151769.51384960313,153462.74180945937,59145.75904540061,28866.020051419626,56374.09296713793,0.995125,0.422865,911.2586300375253,152547.20010675432,151655.6800693903,0.74363,0.29344,0.586165,1042.1191278928536
0.05,0.65,0.025,151561.47695792865,149003.8626515276,151769.51384960313,153462.74180945937,59145.75904540061,28866.020051419626,56374.09296713793,0.995125,0.00064,4661.258630037525,152547.20010675432,147905.6800693903,0.74363,0.29344,0.15618,1042.1191278928536
0.05,0.65,0.05,151561.47695792865,149003.8626515276,151769.51384960313,153462.74180945937,59145.75904540061,28866.020051419626,56374.09296713793,0.995125,0.0,8411.258630037524,152547.20010675432,144155.6800693903,0.74363,0.29344,0.002785,1042.1191278928536
0.05,0.7,0.0,151561.47695792865,149003.8626515276,151769.51384960313,153462.74180945937,59145.75904540061,28866.020051419626,56374.09296713793,0.995125,0.462205,781.0788257464505,152547.20010675432,151783.04007472802,0.74363,0.29344,0.6082,1042.1191278928536
0.05,0.7,0.025,151561.47695792865,149003.8626515276,151769.51384960313,153462.74180945937,59145.75904540061,28866.020051419626,56374.09296713793,0.995125,0.000975,4531.07882574645,152547.20010675432,148033.04007472802,0.74363,0.29344,0.165125,1042.1191278928536
0.05,0.7,0.05,151561.47695792865,149003.8626515276,151769.51384960313,153462.74180945937,59145.75904540061,28866.020051419626,56374.09296713793,0.995125,0.0,8281.07882574645,152547.20010675432,144283.04007472802,0.74363,0.29344,0.00353,1042.1191278928536
0.05,0.75,0.0,151561.47695792865,149003.8626515276,151769.51384960313,153462.74180945937,59145.75904540061,28866.020051419626,56374.09296713793,0.995125,0.50883,650.899021455375,152547.20010675432,151910.40008006574,0.74363,0.29344,0.62666,1042.1191278928536
0.05,0.75,0.025,151561.47695792865,149003.8626515276,151769.51384960313,153462.74180945937,59145.75904540061,28866.020051419626,56374.09296713793,0.995125,0.001435,4400.899021455375,152547.20010675432,148160.40008006574,0.74363,0.29344,0.175285,1042.1191278928536
0.05,0.75,0.05,151561.47695792865,149003.8626515276,151769.51384960313,153462.74180945937,59145.75904540061,28866.020051419626,56374.09296713793,0.995125,0.0,8150.899021455375,152547.20010675432,144410.40008006574,0.74363,0.29344,0.00441,1042.1191278928536
0.05,0.8,0.0,151561.47695792865,149003.8626515276,151769.51384960313,153462.74180945937,59145.75904540061,28866.020051419626,56374.09296713793,0.995125,0.561115,520.7192171642998,152547.20010675432,152037.76008540345,0.74363,0.29344,0.643575,1042.1191278928536
0.05,0.8,0.025,151561.47695792865,149003.8626515276,151769.51384960313,153462.74180945937,59145.75904540061,28866.020051419626,56374.09296713793,0.995125,0.002215,4270.7192171643,152547.20010675432,148287.76008540345,0.74363,0.29344,0.186525,1042.1191278928536
0.05,0.8,0.05,151561.47695792865,149003.8626515276,151769.51384960313,153462.74180945937,59145.75904540061,28866.020051419626,56374.09296713793,0.995125,0.0,8020.719217164299,152547.20010675432,144537.76008540345,0.74363,0.29344,0.00532,1042.1191278928536
0.05,0.85,0.0,151561.47695792865,149003.8626515276,151769.51384960313,153462.74180945937,59145.75904540061,28866.020051419626,56374.09296713793,0.995125,0.6082,390.53941287322505,152547.20010675432,152165.12009074114,0.74363,0.29344,0.66106,1042.1191278928536
0.05,0.85,0.025,151561.47695792865,149003.8626515276,151769.51384960313,153462.74180945937,59145.75904540061,28866.020051419626,56374.09296713793,0.995125,0.00353,4140.539412873225,152547.20010675432,148415.12009074114,0.74363,0.29344,0.198535,1042.1191278928536
0.05,0.85,0.05,151561.47695792865,149003.8626515276,151769.51384960313,153462.74180945937,59145.75904540061,28866.020051419626,56374.09296713793,0.995125,0.0,7890.539412873225,152547.20010675432,144665.12009074114,0.74363,0.29344,0.006515,1042.1191278928536
0.05,0.9,0.0,151561.47695792865,149003.8626515276,151769.51384960313,153462.74180945937,59145.75904540061,28866.020051419626,56374.09296713793,0.995125,0.643575,260.35960858215,152547.20010675432,152292.48009607889,0.74363,0.29344,0.67813,1042.1191278928536
0.05,0.9,0.025,151561.47695792865,149003.8626515276,151769.51384960313,153462.74180945937,59145.75904540061,28866.020051419626,56374.09296713793,0.995125,0.00532,4010.3596085821496,152547.20010675432,148542.48009607889,0.74363,0.29344,0.211365,1042.1191278928536
0.05,0.9,0.05,151561.47695792865,149003.8626515276,151769.51384960313,153462.74180945937,59145.75904540061,28866.020051419626,56374.09296713793,0.995125,0.0,7760.35960858215,152547.20010675432,144792.48009607889,0.74363,0.29344,0.007835,1042.1191278928536
0.05,0.95,0.0,151561.47695792865,149003.8626515276,151769.51384960313,153462.74180945937,59145.75904540061,28866.020051419626,56374.09296713793,0.995125,0.67813,130.17980429107507,152547.20010675432,152419.8401014166,0.74363,0.29344,0.69245,1042.1191278928536
0.05,0.95,0.025,151561.47695792865,149003.8626515276,151769.51384960313,153462.74180945937,59145.75904540061,28866.020051419626,56374.09296713793,0.995125,0.007835,3880.1798042910755,152547.20010675432,148669.8401014166,0.74363,0.29344,0.22461,1042.1191278928536
0.05,0.95,0.05,151561.47695792865,149003.8626515276,151769.51384960313,153462.74180945937,59145.75904540061,28866.020051419626,56374.09296713793,0.995125,0.0,7630.179804291074,152547.20010675432,144919.8401014166,0.74363,0.29344,0.009495,1042.1191278928536
0.05,1.0,0.0,151561.47695792865,149003.8626515276,151769.51384960313,153462.74180945937,59145.75904540061,28866.020051419626,56374.09296713793,0.995125,0.70656,0.0,152547.20010675432,152547.20010675432,0.74363,0.29344,0.70656,1042.1191278928536
0.05,1.0,0.025,151561.47695792865,149003.8626515276,151769.51384960313,153462.74180945937,59145.75904540061,28866.020051419626,56374.09296713793,0.995125,0.011225,3750.0,152547.20010675432,148797.20010675432,0.74363,0.29344,0.23594,1042.1191278928536
0.05,1.0,0.05,151561.47695792865,149003.8626515276,151769.51384960313,153462.74180945937,59145.75904540061,28866.020051419626,56374.09296713793,0.995125,0.0,7500.0,152547.20010675432,145047.20010675432,0.74363,0.29344,0.011225,1042.1191278928536
0.1,0.0,0.0,154077.4118022784,150914.92201019116,154113.40586190886,157114.33297437718,56629.82420105086,27370.573539643,53856.67253701978,0.993855,0.015705,5207.1921716430015,155094.40021350863,150000.0,0.74363,0.280855,0.16047,1129.7803693646122
0.1,0.0,0.025,154077.4118022784,150914.92201019116,154113.40586190886,157114.33297437718,56629.82420105086,27370.573539643,53856.67253701978,0.993855,0.0,8957.192171643002,155094.40021350863,146250.0,0.74363,0.280855,0.014385,1129.7803693646122
0.1,0.0,0.05,154077.4118022784,150914.92201019116,154113.40586190886,157114.33297437718,56629.82420105086,27370.573539643,53856.67253701978,0.993855,0.0,12707.192171643002,155094.40021350863,142500.0,0.74363,0.280855,0.00033,1129.7803693646122
0.1,0.05,0.0,154077.4118022784,150914.92201019116,154113.40586190886,157114.33297437718,56629.82420105086,27370.573539643,53856.67253701978,0.993855,0.020135,4946.8325630608515,155094.40021350863,150254.72001067543,0.74363,0.280855,0.17582,1129.7803693646122
0.1,0.05,0.025,154077.4118022784,150914.92201019116,154113.40586190886,157114.33297437718,56629.82420105086,27370.573539643,53856.67253701978,0.993855,0.0,8696.83256306085,155094.40021350863,146504.72001067543,0.74363,0.280855,0.017695,1129.7803693646122
0.1,0.05,0.05,154077.4118022784,150914.92201019116,154113.40586190886,157114.33297437718,56629.82420105086,27370.573539643,53856.67253701978,0.993855,0.0,12446.83256306085,155094.40021350863,142754.72001067543,0.74363,0.280855,0.00041,1129.7803693646122
0.1,0.1,0.0,154077.4118022784,150914.92201019116,154113.40586190886,157114.33297437718,56629.82420105086,27370.573539643,53856.67253701978,0.993855,0.02607,4686.4729544787015,155094.40021350863,150509.44002135086,0.74363,0.280855,0.19225,1129.7803693646122
0.1,0.1,0.025,154077.4118022784,150914.92201019116,154113.40586190886,157114.33297437718,56629.82420105086,27370.573539643,53856.67253701978,0.993855,0.0,8436.4729544787,155094.40021350863,146759.44002135086,0.74363,0.280855,0.021355,1129.7803693646122
0.1,0.1,0.05,154077.4118022784,150914.92201019116,154113.40586190886,157114.33297437718,56629.82420105086,27370.573539643,53856.67253701978,0.993855,0.0,12186.472954478702,155094.40021350863,143009.44002135086,0.74363,0.280855,0.000525,1129.7803693646122
0.1,0.15,0.0,154077.4118022784,150914.92201019116,154113.40586190886,157114.33297437718,56629.82420105086,27370.573539643,53856.67253701978,0.993855,0.033465,4426.113345896551,155094.40021350863,150764.1600320263,0.74363,0.280855,0.209475,1129.7803693646122
0.1,0.15,0.025,154077.4118022784,150914.92201019116,154113.40586190886,157114.33297437718,56629.82420105086,27370.573539643,53856.67253701978,0.993855,0.0,8176.113345896551,155094.40021350863,147014.1600320263,0.74363,0.280855,0.026,1129.7803693646122
0.1,0.15,0.05,154077.4118022784,150914.92201019116,154113.40586190886,157114.33297437718,56629.82420105086,27370.573539643,53856.67253701978,0.993855,0.0,11926.113345896552,155094.40021350863,143264.1600320263,0.74363,0.280855,0.00071,1129.7803693646122
0.1,0.2,0.0,154077.4118022784,150914.92201019116,154113.40586190886,157114.33297437718,56629.82420105086,27370.573539643,53856.67253701978,0.993855,0.042905,4165.753737314401,155094.40021350863,151018.88004270173,0.74363,0.280855,0.228455,1129.7803693646122
0.1,0.2,0.025,154077.4118022784,150914.92201019116,154113.40586190886,157114.33297437718,56629.82420105086,27370.573539643,53856.67253701978,0.993855,0.0,7915.7537373144005,155094.40021350863,147268.88004270173,0.74363,0.280855,0.03188,1129.7803693646122
0.1,0.2,0.05,154077.4118022784,150914.92201019116,154113.40586190886,157114.33297437718,56629.82420105086,27370.573539643,53856.67253701978,0.993855,0.0,11665.7537373144,155094.40021350863,143518.88004270173,0.74363,0.280855,0.000925,1129.7803693646122
0.1,0.25,0.0,154077.4118022784,150914.92201019116,154113.40586190886,157114.33297437718,56629.82420105086,27370.573539643,53856.67253701978,0.993855,0.054595,3905.394128732251,155094.40021350863,151273.60005337716,0.74363,0.280855,0.24737,1129.7803693646122
0.1,0.25,0.025,154077.4118022784,150914.92201019116,154113.40586190886,157114.33297437718,56629.82420105086,27370.573539643,53856.67253701978,0.993855,0.0,7655.394128732251,155094.40021350863,147523.60005337716,0.74363,0.280855,0.0386,1129.7803693646122
0.1,0.25,0.05,154077.4118022784,150914.92201019116,154113.40586190886,157114.33297437718,56629.82420105086,27370.573539643,53856.67253701978,0.993855,0.0,11405.394128732252,155094.40021350863,143773.60005337716,0.74363,0.280855,0.001125,1129.7803693646122
0.1,0.3,0.0,154077.4118022784,150914.92201019116,154113.40586190886,157114.33297437718,56629.82420105086,27370.573539643,53856.67253701978,0.993855,0.069345,3645.0345201501013,155094.40021350863,151528.3200640526,0.74363,0.280855,0.268075,1129.7803693646122
0.1,0.3,0.025,154077.4118022784,150914.92201019116,154113.40586190886,157114.33297437718,56629.82420105086,27370.573539643,53856.67253701978,0.993855,5e-06,7395.034520150101,155094.40021350863,147778.3200640526,0.74363,0.280855,0.046765,1129.7803693646122
0.1,0.3,0.05,154077.4118022784,150914.92201019116,154113.40586190886,157114.33297437718,56629.82420105086,27370.573539643,53856.67253701978,0.993855,0.0,11145.034520150099,155094.40021350863,144028.3200640526,0.74363,0.280855,0.001385,1129.7803693646122
0.1,0.35,0.0,154077.4118022784,150914.92201019116,154113.40586190886,157114.33297437718,56629.82420105086,27370.573539643,53856.67253701978,0.993855,0.087245,3384.6749115679513,155094.40021350863,151783.04007472802,0.74363,0.280855,0.28957,1129.7803693646122
0.1,0.35,0.025,154077.4118022784,150914.92201019116,154113.40586190886,157114.33297437718,56629.82420105086,27370.573539643,53856.67253701978,0.993855,6.5e-05,7134.674911567951,155094.40021350863,148033.04007472802,0.74363,0.280855,0.056265,1129.7803693646122
0.1,0.35,0.05,154077.4118022784,150914.92201019116,154113.40586190886,157114.33297437718,56629.82420105086,27370.573539643,53856.67253701978,0.993855,0.0,10884.67491156795,155094.40021350863,144283.04007472802,0.74363,0.280855,0.001715,1129.7803693646122
0.1,0.4,0.0,154077.4118022784,150914.92201019116,154113.40586190886,157114.33297437718,56629.82420105086,27370.573539643,53856.67253701978,0.993855,0.10793,3124.3153029858004,155094.40021350863,152037.76008540345,0.74363,0.280855,0.312365,1129.7803693646122
0.1,0.4,0.025,154077.4118022784,150914.92201019116,154113.40586190886,157114.33297437718,56629.82420105086,27370.573539643,53856.67253701978,0.993855,9.5e-05,6874.3153029858,155094.40021350863,148287.76008540345,0.74363,0.280855,0.067205,1129.7803693646122
0.1,0.4,0.05,154077.4118022784,150914.92201019116,154113.40586190886,157114.33297437718,56629.82420105086,27370.573539643,53856.67253701978,0.993855,0.0,10624.3153029858,155094.40021350863,144537.76008540345,0.74363,0.280855,0.002185,1129.7803693646122
0.1,0.45,0.0,154077.4118022784,150914.92201019116,154113.40586190886,157114.33297437718,56629.82420105086,27370.573539643,53856.67253701978,0.993855,0.132395,2863.955694403651,155094.40021350863,152292.48009607889,0.74363,0.280855,0.336485,1129.7803693646122
0.1,0.45,0.025,154077.4118022784,150914.92201019116,154113.40586190886,157114.33297437718,56629.82420105086,27370.573539643,53856.67253701978,0.993855,0.000195,6613.95569440365,155094.40021350863,148542.48009607889,0.74363,0.280855,0.08,1129.7803693646122
0.1,0.45,0.05,154077.4118022784,150914.92201019116,154113.40586190886,157114.33297437718,56629.82420105086,27370.573539643,53856.67253701978,0.993855,0.0,10363.95569440365,155094.40021350863,144792.48009607889,0.74363,0.280855,0.002755,1129.7803693646122
0.1,0.5,0.0,154077.4118022784,150914.92201019116,154113.40586190886,157114.33297437718,56629.82420105086,27370.573539643,53856.67253701978,0.993855,0.16047,2603.5960858215008,155094.40021350863,152547.20010675432,0.74363,0.280855,0.361345,1129.7803693646122
0.1,0.5,0.025,154077.4118022784,150914.92201019116,154113.40586190886,157114.33297437718,56629.82420105086,27370.573539643,53856.67253701978,0.993855,0.00033,6353.596085821499,155094.40021350863,148797.20010675432,0.74363,0.280855,0.09355,1129.7803693646122
0.1,0.5,0.05,154077.4118022784,150914.92201019116,154113.40586190886,157114.33297437718,56629.82420105086,27370.573539643,53856.67253701978,0.993855,0.0,10103.5960858215,155094.40021350863,145047.20010675432,0.74363,0.280855,0.003555,1129.7803693646122
0.1,0.55,0.0,154077.4118022784,150914.92201019116,154113.40586190886,157114.33297437718,56629.82420105086,27370.573539643,53856.67253701978,0.993855,0.19225,2343.2364772393503,155094.40021350863,152801.92011742975,0.74363,0.280855,0.38786,1129.7803693646122
0.1,0.55,0.025,154077.4118022784,150914.92201019116,154113.40586190886,157114.33297437718,56629.82420105086,27370.573539643,53856.67253701978,0.993855,0.000525,6093.236477239351,155094.40021350863,149051.92011742975,0.74363,0.280855,0.106275,1129.7803693646122
0.1,0.55,0.05,154077.4118022784,150914.92201019116,154113.40586190886,157114.33297437718,56629.82420105086,27370.573539643,53856.67253701978,0.993855,0.0,9843.236477239352,155094.40021350863,145301.92011742975,0.74363,0.280855,0.004375,1129.7803693646122
0.1,0.6,0.0,154077.4118022784,150914.92201019116,154113.40586190886,157114.33297437718,56629.82420105086,27370.573539643,53856.67253701978,0.993855,0.228455,2082.8768686572007,155094.40021350863,153056.64012810518,0.74363,0.280855,0.415965,1129.7803693646122
0.1,0.6,0.025,154077.4118022784,150914.92201019116,154113.40586190886,157114.33297437718,56629.82420105086,27370.573539643,53856.67253701978,0.993855,0.000925,5832.876868657201,155094.40021350863,149306.64012810518,0.74363,0.280855,0.11931,1129.7803693646122
0.1,0.6,0.05,154077.4118022784,150914.92201019116,154113.40586190886,157114.33297437718,56629.82420105086,27370.573539643,53856.67253701978,0.993855,0.0,9582.876868657202,155094.40021350863,145556.64012810518,0.74363,0.280855,0.00538,1129.7803693646122
0.1,0.65,0.0,154077.4118022784,150914.92201019116,154113.40586190886,157114.33297437718,56629.82420105086,27370.573539643,53856.67253701978,0.993855,0.268075,1822.5172600750507,155094.40021350863,153311.3601387806,0.74363,0.280855,0.447215,1129.7803693646122
0.1,0.65,0.025,154077.4118022784,150914.92201019116,154113.40586190886,157114.33297437718,56629.82420105086,27370.573539643,53856.67253701978,0.993855,0.001385,5572.517260075049,155094.40021350863,149561.3601387806,0.74363,0.280855,0.13092,1129.7803693646122
0.1,0.65,0.05,154077.4118022784,150914.92201019116,154113.40586190886,157114.33297437718,56629.82420105086,27370.573539643,53856.67253701978,0.993855,0.0,9322.51726007505,155094.40021350863,145811.3601387806,0.74363,0.280855,0.006565,1129.7803693646122
0.1,0.7,0.0,154077.4118022784,150914.92201019116,154113.40586190886,157114.33297437718,56629.82420105086,27370.573539643,53856.67253701978,0.993855,0.312365,1562.1576514929009,155094.40021350863,153566.08014945604,0.74363,0.280855,0.484685,1129.7803693646122
0.1,0.7,0.025,154077.4118022784,150914.92201019116,154113.40586190886,157114.33297437718,56629.82420105086,27370.573539643,53856.67253701978,0.993855,0.002185,5312.157651492901,155094.40021350863,149816.08014945604,0.74363,0.280855,0.142135,1129.7803693646122
0.1,0.7,0.05,154077.4118022784,150914.92201019116,154113.40586190886,157114.33297437718,56629.82420105086,27370.573539643,53856.67253701978,0.993855,0.0,9062.1576514929,155094.40021350863,146066.08014945604,0.74363,0.280855,0.00804,1129.7803693646122
0.1,0.75,0.0,154077.4118022784,150914.92201019116,154113.40586190886,157114.33297437718,56629.82420105086,27370.573539643,53856.67253701978,0.993855,0.361345,1301.79804291075,155094.40021350863,153820.80016013148,0.74363,0.280855,0.52896,1129.7803693646122
0.1,0.75,0.025,154077.4118022784,150914.92201019116,154113.40586190886,157114.33297437718,56629.82420105086,27370.573539643,53856.67253701978,0.993855,0.003555,5051.79804291075,155094.40021350863,150070.80016013148,0.74363,0.280855,0.154095,1129.7803693646122
0.1,0.75,0.05,154077.4118022784,150914.92201019116,154113.40586190886,157114.33297437718,56629.82420105086,27370.573539643,53856.67253701978,0.993855,0.0,8801.79804291075,155094.40021350863,146320.80016013148,0.74363,0.280855,0.00983,1129.7803693646122
0.1,0.8,0.0,154077.4118022784,150914.92201019116,154113.40586190886,157114.33297437718,56629.82420105086,27370.573539643,53856.67253701978,0.993855,0.415965,1041.4384343285997,155094.40021350863,154075.5201708069,0.74363,0.280855,0.578885,1129.7803693646122
0.1,0.8,0.025,154077.4118022784,150914.92201019116,154113.40586190886,157114.33297437718,56629.82420105086,27370.573539643,53856.67253701978,0.993855,0.00538,4791.438434328599,155094.40021350863,150325.5201708069,0.74363,0.280855,0.16807,1129.7803693646122
0.1,0.8,0.05,154077.4118022784,150914.92201019116,154113.40586190886,157114.33297437718,56629.82420105086,27370.573539643,53856.67253701978,0.993855,0.0,8541.4384343286,155094.40021350863,146575.5201708069,0.74363,0.280855,0.01217,1129.7803693646122
0.1,0.85,0.0,154077.4118022784,150914.92201019116,154113.40586190886,157114.33297437718,56629.82420105086,27370.573539643,53856.67253701978,0.993855,0.484685,781.07882574645,155094.40021350863,154330.24018148234,0.74363,0.280855,0.624165,1129.7803693646122
0.1,0.85,0.025,154077.4118022784,150914.92201019116,154113.40586190886,157114.33297437718,56629.82420105086,27370.573539643,53856.67253701978,0.993855,0.00804,4531.07882574645,155094.40021350863,150580.24018148234,0.74363,0.280855,0.18599,1129.7803693646122
0.1,0.85,0.05,154077.4118022784,150914.92201019116,154113.40586190886,157114.33297437718,56629.82420105086,27370.573539643,53856.67253701978,0.993855,1e-05,8281.07882574645,155094.40021350863,146830.24018148234,0.74363,0.280855,0.014605,1129.7803693646122
0.1,0.9,0.0,154077.4118022784,150914.92201019116,154113.40586190886,157114.33297437718,56629.82420105086,27370.573539643,53856.67253701978,0.993855,0.578885,520.7192171642997,155094.40021350863,154584.96019215777,0.74363,0.280855,0.65791,1129.7803693646122
0.1,0.9,0.025,154077.4118022784,150914.92201019116,154113.40586190886,157114.33297437718,56629.82420105086,27370.573539643,53856.67253701978,0.993855,0.01217,4270.7192171643,155094.40021350863,150834.96019215777,0.74363,0.280855,0.20801,1129.7803693646122
0.1,0.9,0.05,154077.4118022784,150914.92201019116,154113.40586190886,157114.33297437718,56629.82420105086,27370.573539643,53856.67253701978,0.993855,3.5e-05,8020.719217164299,155094.40021350863,147084.96019215777,0.74363,0.280855,0.017515,1129.7803693646122
0.1,0.95,0.0,154077.4118022784,150914.92201019116,154113.40586190886,157114.33297437718,56629.82420105086,27370.573539643,53856.67253701978,0.993855,0.65791,260.35960858215014,155094.40021350863,154839.68020283317,0.74363,0.280855,0.69137,1129.7803693646122
0.1,0.95,0.025,154077.4118022784,150914.92201019116,154113.40586190886,157114.33297437718,56629.82420105086,27370.573539643,53856.67253701978,0.993855,0.017515,4010.3596085821496,155094.40021350863,151089.68020283317,0.74363,0.280855,0.23342,1129.7803693646122
0.1,0.95,0.05,154077.4118022784,150914.92201019116,154113.40586190886,157114.33297437718,56629.82420105086,27370.573539643,53856.67253701978,0.993855,8.5e-05,7760.35960858215,155094.40021350863,147339.68020283317,0.74363,0.280855,0.02081,1129.7803693646122
0.1,1.0,0.0,154077.4118022784,150914.92201019116,154113.40586190886,157114.33297437718,56629.82420105086,27370.573539643,53856.67253701978,0.993855,0.719145,0.0,155094.40021350863,155094.40021350863,0.74363,0.280855,0.719145,1129.7803693646122
0.1,1.0,0.025,154077.4118022784,150914.92201019116,154113.40586190886,157114.33297437718,56629.82420105086,27370.573539643,53856.67253701978,0.993855,0.02449,3750.0,155094.40021350863,151344.40021350863,0.74363,0.280855,0.25866,1129.7803693646122
0.1,1.0,0.05,154077.4118022784,150914.92201019116,154113.40586190886,157114.33297437718,56629.82420105086,27370.573539643,53856.67253701978,0.993855,0.00014,7500.0,155094.40021350863,147594.40021350863,0.74363,0.280855,0.02449,1129.7803693646122
0.15,0.0,0.0,156587.6847699128,152548.95805563728,156515.70315150477,160832.17866370163,54119.551233416445,25885.900438751298,51346.56999890777,0.99218,0.003375,7810.788257464502,157641.60032026292,150000.0,0.74363,0.27214,0.068575,1223.1034875516903
0.15,0.0,0.025,156587.6847699128,152548.95805563728,156515.70315150477,160832.17866370163,54119.551233416445,25885.900438751298,51346.56999890777,0.99218,0.0,11560.788257464503,157641.60032026292,146250.0,0.74363,0.27214,0.006895,1223.1034875516903
0.15,0.0,0.05,156587.6847699128,152548.95805563728,156515.70315150477,160832.17866370163,54119.551233416445,25885.900438751298,51346.56999890777,0.99218,0.0,15310.788257464503,157641.60032026292,142500.0,0.74363,0.27214,0.000505,1223.1034875516903
0.15,0.05,0.0,156587.6847699128,152548.95805563728,156515.70315150477,160832.17866370163,54119.551233416445,25885.900438751298,51346.56999890777,0.99218,0.00418,7420.248844591277,157641.60032026292,150382.08001601315,0.74363,0.27214,0.080125,1223.1034875516903
0.15,0.05,0.025,156587.6847699128,152548.95805563728,156515.70315150477,160832.17866370163,54119.551233416445,25885.900438751298,51346.56999890777,0.99218,0.0,11170.248844591275,157641.60032026292,146632.08001601315,0.74363,0.27214,0.00844,1223.1034875516903
0.15,0.05,0.05,156587.6847699128,152548.95805563728,156515.70315150477,160832.17866370163,54119.551233416445,25885.900438751298,51346.56999890777,0.99218,0.0,14920.248844591279,157641.60032026292,142882.08001601315,0.74363,0.27214,0.000685,1223.1034875516903
0.15,0.1,0.0,156587.6847699128,152548.95805563728,156515.70315150477,160832.17866370163,54119.551233416445,25885.900438751298,51346.56999890777,0.99218,0.005435,7029.709431718052,157641.60032026292,150764.1600320263,0.74363,0.27214,0.09328,1223.1034875516903
0.15,0.1,0.025,156587.6847699128,152548.95805563728,156515.70315150477,160832.17866370163,54119.551233416445,25885.900438751298,51346.56999890777,0.99218,0.0,10779.70943171805,157641.60032026292,147014.1600320263,0.74363,0.27214,0.01025,1223.1034875516903
0.15,0.1,0.05,156587.6847699128,152548.95805563728,156515.70315150477,160832.17866370163,54119.551233416445,25885.900438751298,51346.56999890777,0.99218,0.0,14529.70943171805,157641.60032026292,143264.1600320263,0.74363,0.27214,0.00088,1223.1034875516903
0.15,0.15,0.0,156587.6847699128,152548.95805563728,156515.70315150477,160832.17866370163,54119.551233416445,25885.900438751298,51346.56999890777,0.99218,0.007225,6639.170018844826,157641.60032026292,151146.24004803944,0.74363,0.27214,0.108425,1223.1034875516903
0.15,0.15,0.025,156587.6847699128,152548.95805563728,156515.70315150477,160832.17866370163,54119.551233416445,25885.900438751298,51346.56999890777,0.99218,0.0,10389.170018844827,157641.60032026292,147396.24004803944,0.74363,0.27214,0.01237,1223.1034875516903
0.15,0.15,0.05,156587.6847699128,152548.95805563728,156515.70315150477,160832.17866370163,54119.551233416445,25885.900438751298,51346.56999890777,0.99218,0.0,14139.170018844829,157641.60032026292,143646.24004803944,0.74363,0.27214,0.001165,1223.1034875516903
0.15,0.2,0.0,156587.6847699128,152548.95805563728,156515.70315150477,160832.17866370163,54119.551233416445,25885.900438751298,51346.56999890777,0.99218,0.009675,6248.630605971601,157641.60032026292,151528.3200640526,0.74363,0.27214,0.12508,1223.1034875516903
0.15,0.2,0.025,156587.6847699128,152548.95805563728,156515.70315150477,160832.17866370163,54119.551233416445,25885.900438751298,51346.56999890777,0.99218,0.0,9998.6306059716,157641.60032026292,147778.3200640526,0.74363,0.27214,0.015005,1223.1034875516903
0.15,0.2,0.05,156587.6847699128,152548.95805563728,156515.70315150477,160832.17866370163,54119.551233416445,25885.900438751298,51346.56999890777,0.99218,0.0,13748.630605971603,157641.60032026292,144028.3200640526,0.74363,0.27214,0.00152,1223.1034875516903
0.15,0.25,0.0,156587.6847699128,152548.95805563728,156515.70315150477,160832.17866370163,54119.551233416445,25885.900438751298,51346.56999890777,0.99218,0.01326,5858.091193098376,157641.60032026292,151910.40008006574,0.74363,0.27214,0.144475,1223.1034875516903
0.15,0.25,0.025,156587.6847699128,152548.95805563728,156515.70315150477,160832.17866370163,54119.551233416445,25885.900438751298,51346.56999890777,0.99218,0.0,9608.091193098377,157641.60032026292,148160.40008006574,0.74363,0.27214,0.018265,1223.1034875516903
0.15,0.25,0.05,156587.6847699128,152548.95805563728,156515.70315150477,160832.17866370163,54119.551233416445,25885.900438751298,51346.56999890777,0.99218,0.0,13358.091193098377,157641.60032026292,144410.40008006574,0.74363,0.27214,0.001945,1223.1034875516903
0.15,0.3,0.0,156587.6847699128,152548.95805563728,156515.70315150477,160832.17866370163,54119.551233416445,25885.900438751298,51346.56999890777,0.99218,0.01808,5467.551780225151,157641.60032026292,152292.48009607889,0.74363,0.27214,0.165115,1223.1034875516903
0.15,0.3,0.025,156587.6847699128,152548.95805563728,156515.70315150477,160832.17866370163,54119.551233416445,25885.900438751298,51346.56999890777,0.99218,2.5e-05,9217.55178022515,157641.60032026292,148542.48009607889,0.74363,0.27214,0.02239,1223.1034875516903
0.15,0.3,0.05,156587.6847699128,152548.95805563728,156515.70315150477,160832.17866370163,54119.551233416445,25885.900438751298,51346.56999890777,0.99218,0.0,12967.55178022515,157641.60032026292,144792.48009607889,0.74363,0.27214,0.00248,1223.1034875516903
0.15,0.35,0.0,156587.6847699128,152548.95805563728,156515.70315150477,160832.17866370163,54119.551233416445,25885.900438751298,51346.56999890777,0.99218,0.02566,5077.012367351926,157641.60032026292,152674.560112092,0.74363,0.27214,0.187825,1223.1034875516903
0.15,0.35,0.025,156587.6847699128,152548.95805563728,156515.70315150477,160832.17866370163,54119.551233416445,25885.900438751298,51346.56999890777,0.99218,8e-05,8827.012367351927,157641.60032026292,148924.560112092,0.74363,0.27214,0.027625,1223.1034875516903
0.15,0.35,0.05,156587.6847699128,152548.95805563728,156515.70315150477,160832.17866370163,54119.551233416445,25885.900438751298,51346.56999890777,0.99218,0.0,12577.012367351928,157641.60032026292,145174.560112092,0.74363,0.27214,0.003195,1223.1034875516903
0.15,0.4,0.0,156587.6847699128,152548.95805563728,156515.70315150477,160832.17866370163,54119.551233416445,25885.900438751298,51346.56999890777,0.99218,0.035835,4686.4729544787015,157641.60032026292,153056.64012810518,0.74363,0.27214,0.21312,1223.1034875516903
0.15,0.4,0.025,156587.6847699128,152548.95805563728,156515.70315150477,160832.17866370163,54119.551233416445,25885.900438751298,51346.56999890777,0.99218,0.000165,8436.4729544787,157641.60032026292,149306.64012810518,0.74363,0.27214,0.03379,1223.1034875516903
0.15,0.4,0.05,156587.6847699128,152548.95805563728,156515.70315150477,160832.17866370163,54119.551233416445,25885.900438751298,51346.56999890777,0.99218,0.0,12186.472954478702,157641.60032026292,145556.64012810518,0.74363,0.27214,0.004,1223.1034875516903
0.15,0.45,0.0,156587.6847699128,152548.95805563728,156515.70315150477,160832.17866370163,54119.551233416445,25885.900438751298,51346.56999890777,0.99218,0.049715,4295.933541605476,157641.60032026292,153438.7201441183,0.74363,0.27214,0.2406,1223.1034875516903
0.15,0.45,0.025,156587.6847699128,152548.95805563728,156515.70315150477,160832.17866370163,54119.551233416445,25885.900438751298,51346.56999890777,0.99218,0.00029,8045.933541605475,157641.60032026292,149688.7201441183,0.74363,0.27214,0.04219,1223.1034875516903
0.15,0.45,0.05,156587.6847699128,152548.95805563728,156515.70315150477,160832.17866370163,54119.551233416445,25885.900438751298,51346.56999890777,0.99218,0.0,11795.933541605475,157641.60032026292,145938.7201441183,0.74363,0.27214,0.00496,1223.1034875516903
0.15,0.5,0.0,156587.6847699128,152548.95805563728,156515.70315150477,160832.17866370163,54119.551233416445,25885.900438751298,51346.56999890777,0.99218,0.068575,3905.394128732251,157641.60032026292,153820.80016013148,0.74363,0.27214,0.269725,1223.1034875516903
0.15,0.5,0.025,156587.6847699128,152548.95805563728,156515.70315150477,160832.17866370163,54119.551233416445,25885.900438751298,51346.56999890777,0.99218,0.000505,7655.394128732251,157641.60032026292,150070.80016013148,0.74363,0.27214,0.052775,1223.1034875516903
0.15,0.5,0.05,156587.6847699128,152548.95805563728,156515.70315150477,160832.17866370163,54119.551233416445,25885.900438751298,51346.56999890777,0.99218,0.0,11405.394128732252,157641.60032026292,146320.80016013148,0.74363,0.27214,0.006,1223.1034875516903
0.15,0.55,0.0,156587.6847699128,152548.95805563728,156515.70315150477,160832.17866370163,54119.551233416445,25885.900438751298,51346.56999890777,0.99218,0.09328,3514.854715859026,157641.60032026292,154202.8801761446,0.74363,0.27214,0.30143,1223.1034875516903
0.15,0.55,0.025,156587.6847699128,152548.95805563728,156515.70315150477,160832.17866370163,54119.551233416445,25885.900438751298,51346.56999890777,0.99218,0.00088,7264.854715859025,157641.60032026292,150452.8801761446,0.74363,0.27214,0.066795,1223.1034875516903
0.15,0.55,0.05,156587.6847699128,152548.95805563728,156515.70315150477,160832.17866370163,54119.551233416445,25885.900438751298,51346.56999890777,0.99218,0.0,11014.854715859026,157641.60032026292,146702.8801761446,0.74363,0.27214,0.00734,1223.1034875516903
0.15,0.6,0.0,156587.6847699128,152548.95805563728,156515.70315150477,160832.17866370163,54119.551233416445,25885.900438751298,51346.56999890777,0.99218,0.12508,3124.3153029858004,157641.60032026292,154584.96019215777,0.74363,0.27214,0.335095,1223.1034875516903
0.15,0.6,0.025,156587.6847699128,152548.95805563728,156515.70315150477,160832.17866370163,54119.551233416445,25885.900438751298,51346.56999890777,0.99218,0.00152,6874.3153029858,157641.60032026292,150834.96019215777,0.74363,0.27214,0.083625,1223.1034875516903
0.15,0.6,0.05,156587.6847699128,152548.95805563728,156515.70315150477,160832.17866370163,54119.551233416445,25885.900438751298,51346.56999890777,0.99218,0.0,10624.3153029858,157641.60032026292,147084.96019215777,0.74363,0.27214,0.008865,1223.1034875516903
0.15,0.65,0.0,156587.6847699128,152548.95805563728,156515.70315150477,160832.17866370163,54119.551233416445,25885.900438751298,51346.56999890777,0.99218,0.165115,2733.7758901125753,157641.60032026292,154967.0402081709,0.74363,0.27214,0.369795,1223.1034875516903
0.15,0.65,0.025,156587.6847699128,152548.95805563728,156515.70315150477,160832.17866370163,54119.551233416445,25885.900438751298,51346.56999890777,0.99218,0.00248,6483.775890112575,157641.60032026292,151217.0402081709,0.74363,0.27214,0.103785,1223.1034875516903
0.15,0.65,0.05,156587.6847699128,152548.95805563728,156515.70315150477,160832.17866370163,54119.551233416445,25885.900438751298,51346.56999890777,0.99218,0.0,10233.775890112574,157641.60032026292,147467.0402081709,0.74363,0.27214,0.0108,1223.1034875516903
0.15,0.7,0.0,156587.6847699128,152548.95805563728,156515.70315150477,160832.17866370163,54119.551233416445,25885.900438751298,51346.56999890777,0.99218,0.21312,2343.2364772393507,157641.60032026292,155349.12022418407,0.74363,0.27214,0.407365,1223.1034875516903
0.15,0.7,0.025,156587.6847699128,152548.95805563728,156515.70315150477,160832.17866370163,54119.551233416445,25885.900438751298,51346.56999890777,0.99218,0.004,6093.236477239351,157641.60032026292,151599.12022418407,0.74363,0.27214,0.12438,1223.1034875516903
0.15,0.7,0.05,156587.6847699128,152548.95805563728,156515.70315150477,160832.17866370163,54119.551233416445,25885.900438751298,51346.56999890777,0.99218,2.5e-05,9843.236477239352,157641.60032026292,147849.12022418407,0.74363,0.27214,0.01318,1223.1034875516903
0.15,0.75,0.0,156587.6847699128,152548.95805563728,156515.70315150477,160832.17866370163,54119.551233416445,25885.900438751298,51346.56999890777,0.99218,0.269725,1952.6970643661261,157641.60032026292,155731.20024019718,0.74363,0.27214,0.44881,1223.1034875516903
0.15,0.75,0.025,156587.6847699128,152548.95805563728,156515.70315150477,160832.17866370163,54119.551233416445,25885.900438751298,51346.56999890777,0.99218,0.006,5702.697064366126,157641.60032026292,151981.20024019718,0.74363,0.27214,0.143835,1223.1034875516903
0.15,0.75,0.05,156587.6847699128,152548.95805563728,156515.70315150477,160832.17866370163,54119.551233416445,25885.900438751298,51346.56999890777,0.99218,7.5e-05,9452.697064366126,157641.60032026292,148231.20024019718,0.74363,0.27214,0.01617,1223.1034875516903
0.15,0.8,0.0,156587.6847699128,152548.95805563728,156515.70315150477,160832.17866370163,54119.551233416445,25885.900438751298,51346.56999890777,0.99218,0.335095,1562.1576514929006,157641.60032026292,156113.28025621033,0.74363,0.27214,0.500525,1223.1034875516903
0.15,0.8,0.025,156587.6847699128,152548.95805563728,156515.70315150477,160832.17866370163,54119.551233416445,25885.900438751298,51346.56999890777,0.99218,0.008865,5312.157651492901,157641.60032026292,152363.28025621033,0.74363,0.27214,0.16155,1223.1034875516903
0.15,0.8,0.05,156587.6847699128,152548.95805563728,156515.70315150477,160832.17866370163,54119.551233416445,25885.900438751298,51346.56999890777,0.99218,0.000155,9062.1576514929,157641.60032026292,148613.28025621033,0.74363,0.27214,0.01974,1223.1034875516903
0.15,0.85,0.0,156587.6847699128,152548.95805563728,156515.70315150477,160832.17866370163,54119.551233416445,25885.900438751298,51346.56999890777,0.99218,0.407365,1171.6182386196751,157641.60032026292,156495.36027222348,0.74363,0.27214,0.567115,1223.1034875516903
0.15,0.85,0.025,156587.6847699128,152548.95805563728,156515.70315150477,160832.17866370163,54119.551233416445,25885.900438751298,51346.56999890777,0.99218,0.01318,4921.618238619675,157641.60032026292,152745.36027222348,0.74363,0.27214,0.18106,1223.1034875516903
0.15,0.85,0.05,156587.6847699128,152548.95805563728,156515.70315150477,160832.17866370163,54119.551233416445,25885.900438751298,51346.56999890777,0.99218,0.000335,8671.618238619676,157641.60032026292,148995.36027222348,0.74363,0.27214,0.02356,1223.1034875516903
0.15,0.9,0.0,156587.6847699128,152548.95805563728,156515.70315150477,160832.17866370163,54119.551233416445,25885.900438751298,51346.56999890777,0.99218,0.500525,781.0788257464495,157641.60032026292,156877.44028823663,0.74363,0.27214,0.63596,1223.1034875516903
0.15,0.9,0.025,156587.6847699128,152548.95805563728,156515.70315150477,160832.17866370163,54119.551233416445,25885.900438751298,51346.56999890777,0.99218,0.01974,4531.078825746449,157641.60032026292,153127.44028823663,0.74363,0.27214,0.207145,1223.1034875516903
0.15,0.9,0.05,156587.6847699128,152548.95805563728,156515.70315150477,160832.17866370163,54119.551233416445,25885.900438751298,51346.56999890777,0.99218,0.00066,8281.07882574645,157641.60032026292,149377.44028823663,0.74363,0.27214,0.02801,1223.1034875516903
0.15,0.95,0.0,156587.6847699128,152548.95805563728,156515.70315150477,160832.17866370163,54119.551233416445,25885.900438751298,51346.56999890777,0.99218,0.63596,390.53941287322556,157641.60032026292,157259.52030424977,0.74363,0.27214,0.684805,1223.1034875516903
0.15,0.95,0.025,156587.6847699128,152548.95805563728,156515.70315150477,160832.17866370163,54119.551233416445,25885.900438751298,51346.56999890777,0.99218,0.02801,4140.539412873225,157641.60032026292,153509.52030424977,0.74363,0.27214,0.241925,1223.1034875516903
0.15,0.95,0.05,156587.6847699128,152548.95805563728,156515.70315150477,160832.17866370163,54119.551233416445,25885.900438751298,51346.56999890777,0.99218,0.001025,7890.539412873225,157641.60032026292,149759.52030424977,0.74363,0.27214,0.03343,1223.1034875516903
0.15,1.0,0.0,156587.6847699128,152548.95805563728,156515.70315150477,160832.17866370163,54119.551233416445,25885.900438751298,51346.56999890777,0.99218,0.72786,0.0,157641.60032026292,157641.60032026292,0.74363,0.27214,0.72786,1223.1034875516903
0.15,1.0,0.025,156587.6847699128,152548.95805563728,156515.70315150477,160832.17866370163,54119.551233416445,25885.900438751298,51346.56999890777,0.99218,0.03959,3750.0,157641.60032026292,153891.60032026292,0.74363,0.27214,0.2807,1223.1034875516903
0.15,1.0,0.05,156587.6847699128,152548.95805563728,156515.70315150477,160832.17866370163,54119.551233416445,25885.900438751298,51346.56999890777,0.99218,0.00161,7500.0,157641.60032026292,150141.60032026292,0.74363,0.27214,0.03959,1223.1034875516903
0.2,0.0,0.0,159094.65468675477,154095.7810020812,158945.17584924382,164581.86825827812,51612.58131657448,24409.245624745814,48826.010255133006,0.99038,0.001345,10414.384343286005,160188.8004270172,150000.0,0.74363,0.26549,0.03301,1319.7296565312322
0.2,0.0,0.025,159094.65468675477,154095.7810020812,158945.17584924382,164581.86825827812,51612.58131657448,24409.245624745814,48826.010255133006,0.99038,0.0,14164.384343286005,160188.8004270172,146250.0,0.74363,0.26549,0.00558,1319.7296565312322
0.2,0.0,0.05,159094.65468675477,154095.7810020812,158945.17584924382,164581.86825827812,51612.58131657448,24409.245624745814,48826.010255133006,0.99038,0.0,17914.384343286005,160188.8004270172,142500.0,0.74363,0.26549,0.00075,1319.7296565312322
0.2,0.05,0.0,159094.65468675477,154095.7810020812,158945.17584924382,164581.86825827812,51612.58131657448,24409.245624745814,48826.010255133006,0.99038,0.001705,9893.665126121703,160188.8004270172,150509.44002135086,0.74363,0.26549,0.03992,1319.7296565312322
0.2,0.05,0.025,159094.65468675477,154095.7810020812,158945.17584924382,164581.86825827812,51612.58131657448,24409.245624745814,48826.010255133006,0.99038,0.0,13643.665126121703,160188.8004270172,146759.44002135086,0.74363,0.26549,0.006805,1319.7296565312322
0.2,0.05,0.05,159094.65468675477,154095.7810020812,158945.17584924382,164581.86825827812,51612.58131657448,24409.245624745814,48826.010255133006,0.99038,0.0,17393.6651261217,160188.8004270172,143009.44002135086,0.74363,0.26549,0.000995,1319.7296565312322
0.2,0.1,0.0,159094.65468675477,154095.7810020812,158945.17584924382,164581.86825827812,51612.58131657448,24409.245624745814,48826.010255133006,0.99038,0.002285,9372.945908957403,160188.8004270172,151018.88004270173,0.74363,0.26549,0.04813,1319.7296565312322
0.2,0.1,0.025,159094.65468675477,154095.7810020812,158945.17584924382,164581.86825827812,51612.58131657448,24409.245624745814,48826.010255133006,0.99038,0.0,13122.945908957403,160188.8004270172,147268.88004270173,0.74363,0.26549,0.00824,1319.7296565312322
0.2,0.1,0.05,159094.65468675477,154095.7810020812,158945.17584924382,164581.86825827812,51612.58131657448,24409.245624745814,48826.010255133006,0.99038,0.0,16872.9459089574,160188.8004270172,143518.88004270173,0.74363,0.26549,0.001345,1319.7296565312322
0.2,0.15,0.0,159094.65468675477,154095.7810020812,158945.17584924382,164581.86825827812,51612.58131657448,24409.245624745814,48826.010255133006,0.99038,0.00293,8852.226691793103,160188.8004270172,151528.3200640526,0.74363,0.26549,0.058005,1319.7296565312322
0.2,0.15,0.025,159094.65468675477,154095.7810020812,158945.17584924382,164581.86825827812,51612.58131657448,24409.245624745814,48826.010255133006,0.99038,0.0,12602.226691793103,160188.8004270172,147778.3200640526,0.74363,0.26549,0.00998,1319.7296565312322
0.2,0.15,0.05,159094.65468675477,154095.7810020812,158945.17584924382,164581.86825827812,51612.58131657448,24409.245624745814,48826.010255133006,0.99038,0.0,16352.226691793103,160188.8004270172,144028.3200640526,0.74363,0.26549,0.0018,1319.7296565312322
0.2,0.2,0.0,159094.65468675477,154095.7810020812,158945.17584924382,164581.86825827812,51612.58131657448,24409.245624745814,48826.010255133006,0.99038,0.00407,8331.507474628803,160188.8004270172,152037.76008540345,0.74363,0.26549,0.06972,1319.7296565312322
0.2,0.2,0.025,159094.65468675477,154095.7810020812,158945.17584924382,164581.86825827812,51612.58131657448,24409.245624745814,48826.010255133006,0.99038,0.0,12081.507474628801,160188.8004270172,148287.76008540345,0.74363,0.26549,0.01206,1319.7296565312322
0.2,0.2,0.05,159094.65468675477,154095.7810020812,158945.17584924382,164581.86825827812,51612.58131657448,24409.245624745814,48826.010255133006,0.99038,0.0,15831.507474628801,160188.8004270172,144537.76008540345,0.74363,0.26549,0.002425,1319.7296565312322
0.2,0.25,0.0,159094.65468675477,154095.7810020812,158945.17584924382,164581.86825827812,51612.58131657448,24409.245624745814,48826.010255133006,0.99038,0.00573,7810.788257464503,160188.8004270172,152547.20010675432,0.74363,0.26549,0.083605,1319.7296565312322
0.2,0.25,0.025,159094.65468675477,154095.7810020812,158945.17584924382,164581.86825827812,51612.58131657448,24409.245624745814,48826.010255133006,0.99038,0.0,11560.788257464503,160188.8004270172,148797.20010675432,0.74363,0.26549,0.014435,1319.7296565312322
0.2,0.25,0.05,159094.65468675477,154095.7810020812,158945.17584924382,164581.86825827812,51612.58131657448,24409.245624745814,48826.010255133006,0.99038,0.0,15310.788257464503,160188.8004270172,145047.20010675432,0.74363,0.26549,0.00301,1319.7296565312322
0.2,0.3,0.0,159094.65468675477,154095.7810020812,158945.17584924382,164581.86825827812,51612.58131657448,24409.245624745814,48826.010255133006,0.99038,0.00801,7290.069040300203,160188.8004270172,153056.64012810518,0.74363,0.26549,0.10015,1319.7296565312322
0.2,0.3,0.025,159094.65468675477,154095.7810020812,158945.17584924382,164581.86825827812,51612.58131657448,24409.245624745814,48826.010255133006,0.99038,4e-05,11040.069040300203,160188.8004270172,149306.64012810518,0.74363,0.26549,0.017545,1319.7296565312322
0.2,0.3,0.05,159094.65468675477,154095.7810020812,158945.17584924382,164581.86825827812,51612.58131657448,24409.245624745814,48826.010255133006,0.99038,0.0,14790.069040300203,160188.8004270172,145556.64012810518,0.74363,0.26549,0.00377,1319.7296565312322
0.2,0.35,0.0,159094.65468675477,154095.7810020812,158945.17584924382,164581.86825827812,51612.58131657448,24409.245624745814,48826.010255133006,0.99038,0.011385,6769.349823135903,160188.8004270172,153566.08014945604,0.74363,0.26549,0.119965,1319.7296565312322
0.2,0.35,0.025,159094.65468675477,154095.7810020812,158945.17584924382,164581.86825827812,51612.58131657448,24409.245624745814,48826.010255133006,0.99038,0.0001,10519.349823135903,160188.8004270172,149816.08014945604,0.74363,0.26549,0.02148,1319.7296565312322
0.2,0.35,0.05,159094.65468675477,154095.7810020812,158945.17584924382,164581.86825827812,51612.58131657448,24409.245624745814,48826.010255133006,0.99038,0.0,14269.349823135903,160188.8004270172,146066.08014945604,0.74363,0.26549,0.00472,1319.7296565312322
0.2,0.4,0.0,159094.65468675477,154095.7810020812,158945.17584924382,164581.86825827812,51612.58131657448,24409.245624745814,48826.010255133006,0.99038,0.01604,6248.630605971601,160188.8004270172,154075.5201708069,0.74363,0.26549,0.14261,1319.7296565312322
0.2,0.4,0.025,159094.65468675477,154095.7810020812,158945.17584924382,164581.86825827812,51612.58131657448,24409.245624745814,48826.010255133006,0.99038,0.000215,9998.6306059716,160188.8004270172,150325.5201708069,0.74363,0.26549,0.02615,1319.7296565312322
0.2,0.4,0.05,159094.65468675477,154095.7810020812,158945.17584924382,164581.86825827812,51612.58131657448,24409.245624745814,48826.010255133006,0.99038,0.0,13748.630605971603,160188.8004270172,146575.5201708069,0.74363,0.26549,0.005845,1319.7296565312322
0.2,0.45,0.0,159094.65468675477,154095.7810020812,158945.17584924382,164581.86825827812,51612.58131657448,24409.245624745814,48826.010255133006,0.99038,0.022755,5727.911388807302,160188.8004270172,154584.96019215777,0.74363,0.26549,0.169555,1319.7296565312322
0.2,0.45,0.025,159094.65468675477,154095.7810020812,158945.17584924382,164581.86825827812,51612.58131657448,24409.245624745814,48826.010255133006,0.99038,0.0004,9477.9113888073,160188.8004270172,150834.96019215777,0.74363,0.26549,0.031735,1319.7296565312322
0.2,0.45,0.05,159094.65468675477,154095.7810020812,158945.17584924382,164581.86825827812,51612.58131657448,24409.245624745814,48826.010255133006,0.99038,0.0,13227.9113888073,160188.8004270172,147084.96019215777,0.74363,0.26549,0.00704,1319.7296565312322
0.2,0.5,0.0,159094.65468675477,154095.7810020812,158945.17584924382,164581.86825827812,51612.58131657448,24409.245624745814,48826.010255133006,0.99038,0.03301,5207.192171643002,160188.8004270172,155094.40021350863,0.74363,0.26549,0.19932,1319.7296565312322
0.2,0.5,0.025,159094.65468675477,154095.7810020812,158945.17584924382,164581.86825827812,51612.58131657448,24409.245624745814,48826.010255133006,0.99038,0.00075,8957.192171643002,160188.8004270172,151344.40021350863,0.74363,0.26549,0.03904,1319.7296565312322
0.2,0.5,0.05,159094.65468675477,154095.7810020812,158945.17584924382,164581.86825827812,51612.58131657448,24409.245624745814,48826.010255133006,0.99038,0.0,12707.192171643002,160188.8004270172,147594.40021350863,0.74363,0.26549,0.00851,1319.7296565312322
0.2,0.55,0.0,159094.65468675477,154095.7810020812,158945.17584924382,164581.86825827812,51612.58131657448,24409.245624745814,48826.010255133006,0.99038,0.04813,4686.472954478701,160188.8004270172,155603.84023485947,0.74363,0.26549,0.232865,1319.7296565312322
0.2,0.55,0.025,159094.65468675477,154095.7810020812,158945.17584924382,164581.86825827812,51612.58131657448,24409.245624745814,48826.010255133006,0.99038,0.001345,8436.4729544787,160188.8004270172,151853.84023485947,0.74363,0.26549,0.048625,1319.7296565312322
0.2,0.55,0.05,159094.65468675477,154095.7810020812,158945.17584924382,164581.86825827812,51612.58131657448,24409.245624745814,48826.010255133006,0.99038,0.0,12186.472954478702,160188.8004270172,148103.84023485947,0.74363,0.26549,0.010195,1319.7296565312322
0.2,0.6,0.0,159094.65468675477,154095.7810020812,158945.17584924382,164581.86825827812,51612.58131657448,24409.245624745814,48826.010255133006,0.99038,0.06972,4165.753737314402,160188.8004270172,156113.28025621033,0.74363,0.26549,0.26979,1319.7296565312322
0.2,0.6,0.025,159094.65468675477,154095.7810020812,158945.17584924382,164581.86825827812,51612.58131657448,24409.245624745814,48826.010255133006,0.99038,0.002425,7915.753737314402,160188.8004270172,152363.28025621033,0.74363,0.26549,0.060675,1319.7296565312322
0.2,0.6,0.05,159094.65468675477,154095.7810020812,158945.17584924382,164581.86825827812,51612.58131657448,24409.245624745814,48826.010255133006,0.99038,2e-05,11665.753737314402,160188.8004270172,148613.28025621033,0.74363,0.26549,0.012485,1319.7296565312322
0.2,0.65,0.0,159094.65468675477,154095.7810020812,158945.17584924382,164581.86825827812,51612.58131657448,24409.245624745814,48826.010255133006,0.99038,0.10015,3645.0345201501013,160188.8004270172,156622.72027756122,0.74363,0.26549,0.309395,1319.7296565312322
0.2,0.65,0.025,159094.65468675477,154095.7810020812,158945.17584924382,164581.86825827812,51612.58131657448,24409.245624745814,48826.010255133006,0.99038,0.00377,7395.034520150101,160188.8004270172,152872.72027756122,0.74363,0.26549,0.077715,1319.7296565312322
0.2,0.65,0.05,159094.65468675477,154095.7810020812,158945.17584924382,164581.86825827812,51612.58131657448,24409.245624745814,48826.010255133006,0.99038,9.5e-05,11145.034520150099,160188.8004270172,149122.72027756122,0.74363,0.26549,0.015225,1319.7296565312322
0.2,0.7,0.0,159094.65468675477,154095.7810020812,158945.17584924382,164581.86825827812,51612.58131657448,24409.245624745814,48826.010255133006,0.99038,0.14261,3124.3153029858017,160188.8004270172,157132.16029891206,0.74363,0.26549,0.352015,1319.7296565312322
0.2,0.7,0.025,159094.65468675477,154095.7810020812,158945.17584924382,164581.86825827812,51612.58131657448,24409.245624745814,48826.010255133006,0.99038,0.005845,6874.315302985801,160188.8004270172,153382.16029891206,0.74363,0.26549,0.100335,1319.7296565312322
0.2,0.7,0.05,159094.65468675477,154095.7810020812,158945.17584924382,164581.86825827812,51612.58131657448,24409.245624745814,48826.010255133006,0.99038,0.00018,10624.315302985802,160188.8004270172,149632.16029891206,0.74363,0.26549,0.01858,1319.7296565312322
0.2,0.75,0.0,159094.65468675477,154095.7810020812,158945.17584924382,164581.86825827812,51612.58131657448,24409.245624745814,48826.010255133006,0.99038,0.19932,2603.5960858215,160188.8004270172,157641.60032026292,0.74363,0.26549,0.397235,1319.7296565312322
0.2,0.75,0.025,159094.65468675477,154095.7810020812,158945.17584924382,164581.86825827812,51612.58131657448,24409.245624745814,48826.010255133006,0.99038,0.00851,6353.596085821499,160188.8004270172,153891.60032026292,0.74363,0.26549,0.12864,1319.7296565312322
0.2,0.75,0.05,159094.65468675477,154095.7810020812,158945.17584924382,164581.86825827812,51612.58131657448,24409.245624745814,48826.010255133006,0.99038,0.00039,10103.5960858215,160188.8004270172,150141.60032026292,0.74363,0.26549,0.02272,1319.7296565312322
0.2,0.8,0.0,159094.65468675477,154095.7810020812,158945.17584924382,164581.86825827812,51612.58131657448,24409.245624745814,48826.010255133006,0.99038,0.26979,2082.8768686571993,160188.8004270172,158151.04034161379,0.74363,0.26549,0.448105,1319.7296565312322
0.2,0.8,0.025,159094.65468675477,154095.7810020812,158945.17584924382,164581.86825827812,51612.58131657448,24409.245624745814,48826.010255133006,0.99038,0.012485,5832.876868657199,160188.8004270172,154401.04034161379,0.74363,0.26549,0.156055,1319.7296565312322
0.2,0.8,0.05,159094.65468675477,154095.7810020812,158945.17584924382,164581.86825827812,51612.58131657448,24409.245624745814,48826.010255133006,0.99038,0.00084,9582.876868657198,160188.8004270172,150651.04034161379,0.74363,0.26549,0.02732,1319.7296565312322
0.2,0.85,0.0,159094.65468675477,154095.7810020812,158945.17584924382,164581.86825827812,51612.58131657448,24409.245624745814,48826.010255133006,0.99038,0.352015,1562.1576514929002,160188.8004270172,158660.48036296462,0.74363,0.26549,0.511785,1319.7296565312322
0.2,0.85,0.025,159094.65468675477,154095.7810020812,158945.17584924382,164581.86825827812,51612.58131657448,24409.245624745814,48826.010255133006,0.99038,0.01858,5312.157651492899,160188.8004270172,154910.48036296462,0.74363,0.26549,0.1808,1319.7296565312322
0.2,0.85,0.05,159094.65468675477,154095.7810020812,158945.17584924382,164581.86825827812,51612.58131657448,24409.245624745814,48826.010255133006,0.99038,0.00137,9062.1576514929,160188.8004270172,151160.48036296462,0.74363,0.26549,0.03282,1319.7296565312322
0.2,0.9,0.0,159094.65468675477,154095.7810020812,158945.17584924382,164581.86825827812,51612.58131657448,24409.245624745814,48826.010255133006,0.99038,0.448105,1041.4384343285994,160188.8004270172,159169.9203843155,0.74363,0.26549,0.60075,1319.7296565312322
0.2,0.9,0.025,159094.65468675477,154095.7810020812,158945.17584924382,164581.86825827812,51612.58131657448,24409.245624745814,48826.010255133006,0.99038,0.02732,4791.438434328599,160188.8004270172,155419.9203843155,0.74363,0.26549,0.207965,1319.7296565312322
0.2,0.9,0.05,159094.65468675477,154095.7810020812,158945.17584924382,164581.86825827812,51612.58131657448,24409.245624745814,48826.010255133006,0.99038,0.0022,8541.4384343286,160188.8004270172,151669.9203843155,0.74363,0.26549,0.03917,1319.7296565312322
0.2,0.95,0.0,159094.65468675477,154095.7810020812,158945.17584924382,164581.86825827812,51612.58131657448,24409.245624745814,48826.010255133006,0.99038,0.60075,520.7192171643004,160188.8004270172,159679.36040566635,0.74363,0.26549,0.6761,1319.7296565312322
0.2,0.95,0.025,159094.65468675477,154095.7810020812,158945.17584924382,164581.86825827812,51612.58131657448,24409.245624745814,48826.010255133006,0.99038,0.03917,4270.719217164301,160188.8004270172,155929.36040566635,0.74363,0.26549,0.248015,1319.7296565312322
0.2,0.95,0.05,159094.65468675477,154095.7810020812,158945.17584924382,164581.86825827812,51612.58131657448,24409.245624745814,48826.010255133006,0.99038,0.003325,8020.719217164299,160188.8004270172,152179.36040566635,0.74363,0.26549,0.046965,1319.7296565312322
0.2,1.0,0.0,159094.65468675477,154095.7810020812,158945.17584924382,164581.86825827812,51612.58131657448,24409.245624745814,48826.010255133006,0.99038,0.73451,0.0,160188.8004270172,160188.8004270172,0.74363,0.26549,0.73451,1319.7296565312322
0.2,1.0,0.025,159094.65468675477,154095.7810020812,158945.17584924382,164581.86825827812,51612.58131657448,24409.245624745814,48826.010255133006,0.99038,0.055595,3750.0,160188.8004270172,156438.8004270172,0.74363,0.26549,0.298795,1319.7296565312322
0.2,1.0,0.05,159094.65468675477,154095.7810020812,158945.17584924382,164581.86825827812,51612.58131657448,24409.245624745814,48826.010255133006,0.99038,0.004855,7500.0,160188.8004270172,152688.8004270172,0.74363,0.26549,0.055595,1319.7296565312322
0.25,0.0,0.0,161599.56331681233,155592.6891559837,161387.8072198545,168361.49237131374,49107.672686516926,22941.695981258265,46301.2156956868,0.987805,0.0006,13017.980429107502,162736.00053377153,150000.0,0.74363,0.26067,0.02086,1418.4171122951757
0.25,0.0,0.025,161599.56331681233,155592.6891559837,161387.8072198545,168361.49237131374,49107.672686516926,22941.695981258265,46301.2156956868,0.987805,0.0,16767.9804291075,162736.00053377153,146250.0,0.74363,0.26067,0.005145,1418.4171122951757
0.25,0.0,0.05,161599.56331681233,155592.6891559837,161387.8072198545,168361.49237131374,49107.672686516926,22941.695981258265,46301.2156956868,0.987805,0.0,20517.9804291075,162736.00053377153,142500.0,0.74363,0.26067,0.001075,1418.4171122951757
0.25,0.05,0.0,161599.56331681233,155592.6891559837,161387.8072198545,168361.49237131374,49107.672686516926,22941.695981258265,46301.2156956868,0.987805,0.000785,12367.081407652131,162736.00053377153,150636.80002668855,0.74363,0.26067,0.025065,1418.4171122951757
0.25,0.05,0.025,161599.56331681233,155592.6891559837,161387.8072198545,168361.49237131374,49107.672686516926,22941.695981258265,46301.2156956868,0.987805,0.0,16117.081407652131,162736.00053377153,146886.80002668855,0.74363,0.26067,0.006315,1418.4171122951757
0.25,0.05,0.05,161599.56331681233,155592.6891559837,161387.8072198545,168361.49237131374,49107.672686516926,22941.695981258265,46301.2156956868,0.987805,0.0,19867.08140765213,162736.00053377153,143136.80002668855,0.74363,0.26067,0.001475,1418.4171122951757
0.25,0.1,0.0,161599.56331681233,155592.6891559837,161387.8072198545,168361.49237131374,49107.672686516926,22941.695981258265,46301.2156956868,0.987805,0.00106,11716.182386196751,162736.00053377153,151273.60005337716,0.74363,0.26067,0.03035,1418.4171122951757
0.25,0.1,0.025,161599.56331681233,155592.6891559837,161387.8072198545,168361.49237131374,49107.672686516926,22941.695981258265,46301.2156956868,0.987805,0.0,15466.182386196751,162736.00053377153,147523.60005337716,0.74363,0.26067,0.00765,1418.4171122951757
0.25,0.1,0.05,161599.56331681233,155592.6891559837,161387.8072198545,168361.49237131374,49107.672686516926,22941.695981258265,46301.2156956868,0.987805,0.0,19216.182386196753,162736.00053377153,143773.60005337716,0.74363,0.26067,0.001975,1418.4171122951757
0.25,0.15,0.0,161599.56331681233,155592.6891559837,161387.8072198545,168361.49237131374,49107.672686516926,22941.695981258265,46301.2156956868,0.987805,0.00157,11065.283364741377,162736.00053377153,151910.40008006574,0.74363,0.26067,0.03702,1418.4171122951757
0.25,0.15,0.025,161599.56331681233,155592.6891559837,161387.8072198545,168361.49237131374,49107.672686516926,22941.695981258265,46301.2156956868,0.987805,0.0,14815.283364741377,162736.00053377153,148160.40008006574,0.74363,0.26067,0.009255,1418.4171122951757
0.25,0.15,0.05,161599.56331681233,155592.6891559837,161387.8072198545,168361.49237131374,49107.672686516926,22941.695981258265,46301.2156956868,0.987805,0.0,18565.28336474138,162736.00053377153,144410.40008006574,0.74363,0.26067,0.002545,1418.4171122951757
0.25,0.2,0.0,161599.56331681233,155592.6891559837,161387.8072198545,168361.49237131374,49107.672686516926,22941.695981258265,46301.2156956868,0.987805,0.002335,10414.384343286003,162736.00053377153,152547.20010675432,0.74363,0.26067,0.04492,1418.4171122951757
0.25,0.2,0.025,161599.56331681233,155592.6891559837,161387.8072198545,168361.49237131374,49107.672686516926,22941.695981258265,46301.2156956868,0.987805,0.0,14164.384343286005,162736.00053377153,148797.20010675432,0.74363,0.26067,0.01122,1418.4171122951757
0.25,0.2,0.05,161599.56331681233,155592.6891559837,161387.8072198545,168361.49237131374,49107.672686516926,22941.695981258265,46301.2156956868,0.987805,0.0,17914.384343286005,162736.00053377153,145047.20010675432,0.74363,0.26067,0.00319,1418.4171122951757
0.25,0.25,0.0,161599.56331681233,155592.6891559837,161387.8072198545,168361.49237131374,49107.672686516926,22941.695981258265,46301.2156956868,0.987805,0.003385,9763.485321830627,162736.00053377153,153184.00013344287,0.74363,0.26067,0.05415,1418.4171122951757
0.25,0.25,0.025,161599.56331681233,155592.6891559837,161387.8072198545,168361.49237131374,49107.672686516926,22941.695981258265,46301.2156956868,0.987805,0.0,13513.485321830627,162736.00053377153,149434.00013344287,0.74363,0.26067,0.013625,1418.4171122951757
0.25,0.25,0.05,161599.56331681233,155592.6891559837,161387.8072198545,168361.49237131374,49107.672686516926,22941.695981258265,46301.2156956868,0.987805,0.0,17263.485321830627,162736.00053377153,145684.00013344287,0.74363,0.26067,0.00408,1418.4171122951757
0.25,0.3,0.0,161599.56331681233,155592.6891559837,161387.8072198545,168361.49237131374,49107.672686516926,22941.695981258265,46301.2156956868,0.987805,0.00491,9112.586300375253,162736.00053377153,153820.80016013148,0.74363,0.26067,0.06622,1418.4171122951757
0.25,0.3,0.025,161599.56331681233,155592.6891559837,161387.8072198545,168361.49237131374,49107.672686516926,22941.695981258265,46301.2156956868,0.987805,5.5e-05,12862.586300375251,162736.00053377153,150070.80016013148,0.74363,0.26067,0.01635,1418.4171122951757
0.25,0.3,0.05,161599.56331681233,155592.6891559837,161387.8072198545,168361.49237131374,49107.672686516926,22941.695981258265,46301.2156956868,0.987805,0.0,16612.586300375253,162736.00053377153,146320.80016013148,0.74363,0.26067,0.00512,1418.4171122951757
0.25,0.35,0.0,161599.56331681233,155592.6891559837,161387.8072198545,168361.49237131374,49107.672686516926,22941.695981258265,46301.2156956868,0.987805,0.007165,8461.687278919877,162736.00053377153,154457.60018682003,0.74363,0.26067,0.080865,1418.4171122951757
0.25,0.35,0.025,161599.56331681233,155592.6891559837,161387.8072198545,168361.49237131374,49107.672686516926,22941.695981258265,46301.2156956868,0.987805,0.00013,12211.687278919879,162736.00053377153,150707.60018682003,0.74363,0.26067,0.019785,1418.4171122951757
0.25,0.35,0.05,161599.56331681233,155592.6891559837,161387.8072198545,168361.49237131374,49107.672686516926,22941.695981258265,46301.2156956868,0.987805,0.0,15961.687278919879,162736.00053377153,146957.60018682003,0.74363,0.26067,0.006105,1418.4171122951757
0.25,0.4,0.0,161599.56331681233,155592.6891559837,161387.8072198545,168361.49237131374,49107.672686516926,22941.695981258265,46301.2156956868,0.987805,0.010215,7810.788257464502,162736.00053377153,155094.40021350863,0.74363,0.26067,0.098425,1418.4171122951757
0.25,0.4,0.025,161599.56331681233,155592.6891559837,161387.8072198545,168361.49237131374,49107.672686516926,22941.695981258265,46301.2156956868,0.987805,0.00028,11560.788257464503,162736.00053377153,151344.40021350863,0.74363,0.26067,0.024125,1418.4171122951757
0.25,0.4,0.05,161599.56331681233,155592.6891559837,161387.8072198545,168361.49237131374,49107.672686516926,22941.695981258265,46301.2156956868,0.987805,0.0,15310.788257464503,162736.00053377153,147594.40021350863,0.74363,0.26067,0.007405,1418.4171122951757
0.25,0.45,0.0,161599.56331681233,155592.6891559837,161387.8072198545,168361.49237131374,49107.672686516926,22941.695981258265,46301.2156956868,0.987805,0.014735,7159.889236009127,162736.00053377153,155731.20024019718,0.74363,0.26067,0.121075,1418.4171122951757
0.25,0.45,0.025,161599.56331681233,155592.6891559837,161387.8072198545,168361.49237131374,49107.672686516926,22941.695981258265,46301.2156956868,0.987805,0.00055,10909.889236009125,162736.00053377153,151981.20024019718,0.74363,0.26067,0.02946,1418.4171122951757
0.25,0.45,0.05,161599.56331681233,155592.6891559837,161387.8072198545,168361.49237131374,49107.672686516926,22941.695981258265,46301.2156956868,0.987805,0.0,14659.889236009125,162736.00053377153,148231.20024019718,0.74363,0.26067,0.00897,1418.4171122951757
0.25,0.5,0.0,161599.56331681233,155592.6891559837,161387.8072198545,168361.49237131374,49107.672686516926,22941.695981258265,46301.2156956868,0.987805,0.02086,6508.990214553752,162736.00053377153,156368.00026688576,0.74363,0.26067,0.14751,1418.4171122951757
0.25,0.5,0.025,161599.56331681233,155592.6891559837,161387.8072198545,168361.49237131374,49107.672686516926,22941.695981258265,46301.2156956868,0.987805,0.001075,10258.990214553753,162736.00053377153,152618.00026688576,0.74363,0.26067,0.03585,1418.4171122951757
0.25,0.5,0.05,161599.56331681233,155592.6891559837,161387.8072198545,168361.49237131374,49107.672686516926,22941.695981258265,46301.2156956868,0.987805,5e-06,14008.990214553753,162736.00053377153,148868.00026688576,0.74363,0.26067,0.01096,1418.4171122951757
0.25,0.55,0.0,161599.56331681233,155592.6891559837,161387.8072198545,168361.49237131374,49107.672686516926,22941.695981258265,46301.2156956868,0.987805,0.03035,5858.091193098376,162736.00053377153,157004.80029357434,0.74363,0.26067,0.179755,1418.4171122951757
0.25,0.55,0.025,161599.56331681233,155592.6891559837,161387.8072198545,168361.49237131374,49107.672686516926,22941.695981258265,46301.2156956868,0.987805,0.001975,9608.091193098377,162736.00053377153,153254.80029357434,0.74363,0.26067,0.04355,1418.4171122951757
0.25,0.55,0.05,161599.56331681233,155592.6891559837,161387.8072198545,168361.49237131374,49107.672686516926,22941.695981258265,46301.2156956868,0.987805,4e-05,13358.091193098377,162736.00053377153,149504.80029357434,0.74363,0.26067,0.01309,1418.4171122951757
0.25,0.6,0.0,161599.56331681233,155592.6891559837,161387.8072198545,168361.49237131374,49107.672686516926,22941.695981258265,46301.2156956868,0.987805,0.04492,5207.1921716430015,162736.00053377153,157641.60032026292,0.74363,0.26067,0.216805,1418.4171122951757
0.25,0.6,0.025,161599.56331681233,155592.6891559837,161387.8072198545,168361.49237131374,49107.672686516926,22941.695981258265,46301.2156956868,0.987805,0.00319,8957.192171643002,162736.00053377153,153891.60032026292,0.74363,0.26067,0.053195,1418.4171122951757
0.25,0.6,0.05,161599.56331681233,155592.6891559837,161387.8072198545,168361.49237131374,49107.672686516926,22941.695981258265,46301.2156956868,0.987805,0.00013,12707.192171643002,162736.00053377153,150141.60032026292,0.74363,0.26067,0.016,1418.4171122951757
0.25,0.65,0.0,161599.56331681233,155592.6891559837,161387.8072198545,168361.49237131374,49107.672686516926,22941.695981258265,46301.2156956868,0.987805,0.06622,4556.2931501876255,162736.00053377153,158278.4003469515,0.74363,0.26067,0.25796,1418.4171122951757
0.25,0.65,0.025,161599.56331681233,155592.6891559837,161387.8072198545,168361.49237131374,49107.672686516926,22941.695981258265,46301.2156956868,0.987805,0.00512,8306.293150187626,162736.00053377153,154528.4003469515,0.74363,0.26067,0.06603,1418.4171122951757
0.25,0.65,0.05,161599.56331681233,155592.6891559837,161387.8072198545,168361.49237131374,49107.672686516926,22941.695981258265,46301.2156956868,0.987805,0.000265,12056.293150187626,162736.00053377153,150778.4003469515,0.74363,0.26067,0.01943,1418.4171122951757
0.25,0.7,0.0,161599.56331681233,155592.6891559837,161387.8072198545,168361.49237131374,49107.672686516926,22941.695981258265,46301.2156956868,0.987805,0.098425,3905.3941287322523,162736.00053377153,158915.20037364005,0.74363,0.26067,0.30421,1418.4171122951757
0.25,0.7,0.025,161599.56331681233,155592.6891559837,161387.8072198545,168361.49237131374,49107.672686516926,22941.695981258265,46301.2156956868,0.987805,0.007405,7655.394128732252,162736.00053377153,155165.20037364005,0.74363,0.26067,0.08411,1418.4171122951757
0.25,0.7,0.05,161599.56331681233,155592.6891559837,161387.8072198545,168361.49237131374,49107.672686516926,22941.695981258265,46301.2156956868,0.987805,0.00061,11405.394128732252,162736.00053377153,151415.20037364005,0.74363,0.26067,0.02373,1418.4171122951757
0.25,0.75,0.0,161599.56331681233,155592.6891559837,161387.8072198545,168361.49237131374,49107.672686516926,22941.695981258265,46301.2156956868,0.987805,0.14751,3254.495107276876,162736.00053377153,159552.00040032866,0.74363,0.26067,0.35436,1418.4171122951757
0.25,0.75,0.025,161599.56331681233,155592.6891559837,161387.8072198545,168361.49237131374,49107.672686516926,22941.695981258265,46301.2156956868,0.987805,0.01096,7004.495107276876,162736.00053377153,155802.00040032866,0.74363,0.26067,0.110575,1418.4171122951757
0.25,0.75,0.05,161599.56331681233,155592.6891559837,161387.8072198545,168361.49237131374,49107.672686516926,22941.695981258265,46301.2156956868,0.987805,0.00114,10754.495107276876,162736.00053377153,152052.00040032866,0.74363,0.26067,0.028885,1418.4171122951757
0.25,0.8,0.0,161599.56331681233,155592.6891559837,161387.8072198545,168361.49237131374,49107.672686516926,22941.695981258265,46301.2156956868,0.987805,0.216805,2603.5960858215003,162736.00053377153,160188.8004270172,0.74363,0.26067,0.40933,1418.4171122951757
0.25,0.8,0.025,161599.56331681233,155592.6891559837,161387.8072198545,168361.49237131374,49107.672686516926,22941.695981258265,46301.2156956868,0.987805,0.016,6353.596085821499,162736.00053377153,156438.8004270172,0.74363,0.26067,0.145385,1418.4171122951757
0.25,0.8,0.05,161599.56331681233,155592.6891559837,161387.8072198545,168361.49237131374,49107.672686516926,22941.695981258265,46301.2156956868,0.987805,0.00196,10103.5960858215,162736.00053377153,152688.8004270172,0.74363,0.26067,0.034955,1418.4171122951757
0.25,0.85,0.0,161599.56331681233,155592.6891559837,161387.8072198545,168361.49237131374,49107.672686516926,22941.695981258265,46301.2156956868,0.987805,0.30421,1952.6970643661257,162736.00053377153,160825.6004537058,0.74363,0.26067,0.47202,1418.4171122951757
0.25,0.85,0.025,161599.56331681233,155592.6891559837,161387.8072198545,168361.49237131374,49107.672686516926,22941.695981258265,46301.2156956868,0.987805,0.02373,5702.697064366126,162736.00053377153,157075.6004537058,0.74363,0.26067,0.179365,1418.4171122951757
0.25,0.85,0.05,161599.56331681233,155592.6891559837,161387.8072198545,168361.49237131374,49107.672686516926,22941.695981258265,46301.2156956868,0.987805,0.003095,9452.697064366126,162736.00053377153,153325.6004537058,0.74363,0.26067,0.042105,1418.4171122951757
0.25,0.9,0.0,161599.56331681233,155592.6891559837,161387.8072198545,168361.49237131374,49107.672686516926,22941.695981258265,46301.2156956868,0.987805,0.40933,1301.79804291075,162736.00053377153,161462.40048039437,0.74363,0.26067,0.56112,1418.4171122951757
0.25,0.9,0.025,161599.56331681233,155592.6891559837,161387.8072198545,168361.49237131374,49107.672686516926,22941.695981258265,46301.2156956868,0.987805,0.034955,5051.79804291075,162736.00053377153,157712.40048039437,0.74363,0.26067,0.21026,1418.4171122951757
0.25,0.9,0.05,161599.56331681233,155592.6891559837,161387.8072198545,168361.49237131374,49107.672686516926,22941.695981258265,46301.2156956868,0.987805,0.00451,8801.79804291075,162736.00053377153,153962.40048039437,0.74363,0.26067,0.05016,1418.4171122951757
0.25,0.95,0.0,161599.56331681233,155592.6891559837,161387.8072198545,168361.49237131374,49107.672686516926,22941.695981258265,46301.2156956868,0.987805,0.56112,650.8990214553756,162736.00053377153,162099.20050708298,0.74363,0.26067,0.66698,1418.4171122951757
0.25,0.95,0.025,161599.56331681233,155592.6891559837,161387.8072198545,168361.49237131374,49107.672686516926,22941.695981258265,46301.2156956868,0.987805,0.05016,4400.899021455376,162736.00053377153,158349.20050708298,0.74363,0.26067,0.25228,1418.4171122951757
0.25,0.95,0.05,161599.56331681233,155592.6891559837,161387.8072198545,168361.49237131374,49107.672686516926,22941.695981258265,46301.2156956868,0.987805,0.006705,8150.899021455376,162736.00053377153,154599.20050708298,0.74363,0.26067,0.059925,1418.4171122951757
0.25,1.0,0.0,161599.56331681233,155592.6891559837,161387.8072198545,168361.49237131374,49107.672686516926,22941.695981258265,46301.2156956868,0.987805,0.73933,0.0,162736.00053377153,162736.00053377153,0.74363,0.26067,0.73933,1418.4171122951757
0.25,1.0,0.025,161599.56331681233,155592.6891559837,161387.8072198545,168361.49237131374,49107.672686516926,22941.695981258265,46301.2156956868,0.987805,0.07155,3750.0,162736.00053377153,158986.00053377153,0.74363,0.26067,0.31292,1418.4171122951757
0.25,1.0,0.05,161599.56331681233,155592.6891559837,161387.8072198545,168361.49237131374,49107.672686516926,22941.695981258265,46301.2156956868,0.987805,0.00982,7500.0,162736.00053377153,155236.00053377153,0.74363,0.26067,0.07155,1418.4171122951757
0.3,0.0,0.0,164103.1995065969,157050.1646296829,163836.78784346837,172154.61145919605,46604.03649673236,21473.665108172354,43770.76908870952,0.984245,0.0003,15621.576514929004,165283.20064052584,150000.0,0.74363,0.256965,0.016115,1518.3770083321067
0.3,0.0,0.025,164103.1995065969,157050.1646296829,163836.78784346837,172154.61145919605,46604.03649673236,21473.665108172354,43770.76908870952,0.984245,0.0,19371.576514929005,165283.20064052584,146250.0,0.74363,0.256965,0.005035,1518.3770083321067
0.3,0.0,0.05,164103.1995065969,157050.1646296829,163836.78784346837,172154.61145919605,46604.03649673236,21473.665108172354,43770.76908870952,0.984245,0.0,23121.576514929005,165283.20064052584,142500.0,0.74363,0.256965,0.001445,1518.3770083321067
0.3,0.05,0.0,164103.1995065969,157050.1646296829,163836.78784346837,172154.61145919605,46604.03649673236,21473.665108172354,43770.76908870952,0.984245,0.00044,14840.497689182554,165283.20064052584,150764.1600320263,0.74363,0.256965,0.019075,1518.3770083321067
0.3,0.05,0.025,164103.1995065969,157050.1646296829,163836.78784346837,172154.61145919605,46604.03649673236,21473.665108172354,43770.76908870952,0.984245,0.0,18590.497689182554,165283.20064052584,147014.1600320263,0.74363,0.256965,0.006265,1518.3770083321067
0.3,0.05,0.05,164103.1995065969,157050.1646296829,163836.78784346837,172154.61145919605,46604.03649673236,21473.665108172354,43770.76908870952,0.984245,0.0,22340.497689182554,165283.20064052584,143264.1600320263,0.74363,0.256965,0.0019,1518.3770083321067
0.3,0.1,0.0,164103.1995065969,157050.1646296829,163836.78784346837,172154.61145919605,46604.03649673236,21473.665108172354,43770.76908870952,0.984245,0.000605,14059.418863436103,165283.20064052584,151528.3200640526,0.74363,0.256965,0.02299,1518.3770083321067
0.3,0.1,0.025,164103.1995065969,157050.1646296829,163836.78784346837,172154.61145919605,46604.03649673236,21473.665108172354,43770.76908870952,0.984245,0.0,17809.4188634361,165283.20064052584,147778.3200640526,0.74363,0.256965,0.007575,1518.3770083321067
0.3,0.1,0.05,164103.1995065969,157050.1646296829,163836.78784346837,172154.61145919605,46604.03649673236,21473.665108172354,43770.76908870952,0.984245,0.0,21559.4188634361,165283.20064052584,144028.3200640526,0.74363,0.256965,0.00248,1518.3770083321067
0.3,0.15,0.0,164103.1995065969,157050.1646296829,163836.78784346837,172154.61145919605,46604.03649673236,21473.665108172354,43770.76908870952,0.984245,0.000885,13278.340037689652,165283.20064052584,152292.48009607889,0.74363,0.256965,0.027765,1518.3770083321067
0.3,0.15,0.025,164103.1995065969,157050.1646296829,163836.78784346837,172154.61145919605,46604.03649673236,21473.665108172354,43770.76908870952,0.984245,0.0,17028.340037689653,165283.20064052584,148542.48009607889,0.74363,0.256965,0.00915,1518.3770083321067
0.3,0.15,0.05,164103.1995065969,157050.1646296829,163836.78784346837,172154.61145919605,46604.03649673236,21473.665108172354,43770.76908870952,0.984245,0.0,20778.340037689653,165283.20064052584,144792.48009607889,0.74363,0.256965,0.0032,1518.3770083321067
0.3,0.2,0.0,164103.1995065969,157050.1646296829,163836.78784346837,172154.61145919605,46604.03649673236,21473.665108172354,43770.76908870952,0.984245,0.00138,12497.261211943201,165283.20064052584,153056.64012810518,0.74363,0.256965,0.03399,1518.3770083321067
0.3,0.2,0.025,164103.1995065969,157050.1646296829,163836.78784346837,172154.61145919605,46604.03649673236,21473.665108172354,43770.76908870952,0.984245,0.0,16247.261211943201,165283.20064052584,149306.64012810518,0.74363,0.256965,0.011025,1518.3770083321067
0.3,0.2,0.05,164103.1995065969,157050.1646296829,163836.78784346837,172154.61145919605,46604.03649673236,21473.665108172354,43770.76908870952,0.984245,0.0,19997.2612119432,165283.20064052584,145556.64012810518,0.74363,0.256965,0.00406,1518.3770083321067
0.3,0.25,0.0,164103.1995065969,157050.1646296829,163836.78784346837,172154.61145919605,46604.03649673236,21473.665108172354,43770.76908870952,0.984245,0.002255,11716.182386196751,165283.20064052584,153820.80016013148,0.74363,0.256965,0.041105,1518.3770083321067
0.3,0.25,0.025,164103.1995065969,157050.1646296829,163836.78784346837,172154.61145919605,46604.03649673236,21473.665108172354,43770.76908870952,0.984245,0.0,15466.182386196751,165283.20064052584,150070.80016013148,0.74363,0.256965,0.01338,1518.3770083321067
0.3,0.25,0.05,164103.1995065969,157050.1646296829,163836.78784346837,172154.61145919605,46604.03649673236,21473.665108172354,43770.76908870952,0.984245,0.0,19216.182386196753,165283.20064052584,146320.80016013148,0.74363,0.256965,0.005055,1518.3770083321067
0.3,0.3,0.0,164103.1995065969,157050.1646296829,163836.78784346837,172154.61145919605,46604.03649673236,21473.665108172354,43770.76908870952,0.984245,0.00352,10935.103560450301,165283.20064052584,154584.96019215777,0.74363,0.256965,0.04985,1518.3770083321067
0.3,0.3,0.025,164103.1995065969,157050.1646296829,163836.78784346837,172154.61145919605,46604.03649673236,21473.665108172354,43770.76908870952,0.984245,6e-05,14685.103560450301,165283.20064052584,150834.96019215777,0.74363,0.256965,0.015915,1518.3770083321067
0.3,0.3,0.05,164103.1995065969,157050.1646296829,163836.78784346837,172154.61145919605,46604.03649673236,21473.665108172354,43770.76908870952,0.984245,0.0,18435.1035604503,165283.20064052584,147084.96019215777,0.74363,0.256965,0.006095,1518.3770083321067
0.3,0.35,0.0,164103.1995065969,157050.1646296829,163836.78784346837,172154.61145919605,46604.03649673236,21473.665108172354,43770.76908870952,0.984245,0.00542,10154.024734703851,165283.20064052584,155349.12022418407,0.74363,0.256965,0.060995,1518.3770083321067
0.3,0.35,0.025,164103.1995065969,157050.1646296829,163836.78784346837,172154.61145919605,46604.03649673236,21473.665108172354,43770.76908870952,0.984245,0.00015,13904.024734703851,165283.20064052584,151599.12022418407,0.74363,0.256965,0.019295,1518.3770083321067
0.3,0.35,0.05,164103.1995065969,157050.1646296829,163836.78784346837,172154.61145919605,46604.03649673236,21473.665108172354,43770.76908870952,0.984245,0.0,17654.02473470385,165283.20064052584,147849.12022418407,0.74363,0.256965,0.00738,1518.3770083321067
0.3,0.4,0.0,164103.1995065969,157050.1646296829,163836.78784346837,172154.61145919605,46604.03649673236,21473.665108172354,43770.76908870952,0.984245,0.00782,9372.945908957403,165283.20064052584,156113.28025621033,0.74363,0.256965,0.07444,1518.3770083321067
0.3,0.4,0.025,164103.1995065969,157050.1646296829,163836.78784346837,172154.61145919605,46604.03649673236,21473.665108172354,43770.76908870952,0.984245,0.000325,13122.945908957403,165283.20064052584,152363.28025621033,0.74363,0.256965,0.023735,1518.3770083321067
0.3,0.4,0.05,164103.1995065969,157050.1646296829,163836.78784346837,172154.61145919605,46604.03649673236,21473.665108172354,43770.76908870952,0.984245,0.0,16872.9459089574,165283.20064052584,148613.28025621033,0.74363,0.256965,0.00897,1518.3770083321067
0.3,0.45,0.0,164103.1995065969,157050.1646296829,163836.78784346837,172154.61145919605,46604.03649673236,21473.665108172354,43770.76908870952,0.984245,0.01138,8591.867083210951,165283.20064052584,156877.44028823663,0.74363,0.256965,0.091695,1518.3770083321067
0.3,0.45,0.025,164103.1995065969,157050.1646296829,163836.78784346837,172154.61145919605,46604.03649673236,21473.665108172354,43770.76908870952,0.984245,0.000725,12341.86708321095,165283.20064052584,153127.44028823663,0.74363,0.256965,0.029085,1518.3770083321067
0.3,0.45,0.05,164103.1995065969,157050.1646296829,163836.78784346837,172154.61145919605,46604.03649673236,21473.665108172354,43770.76908870952,0.984245,0.0,16091.86708321095,165283.20064052584,149377.44028823663,0.74363,0.256965,0.010855,1518.3770083321067
0.3,0.5,0.0,164103.1995065969,157050.1646296829,163836.78784346837,172154.61145919605,46604.03649673236,21473.665108172354,43770.76908870952,0.984245,0.016115,7810.788257464502,165283.20064052584,157641.60032026292,0.74363,0.256965,0.113395,1518.3770083321067
0.3,0.5,0.025,164103.1995065969,157050.1646296829,163836.78784346837,172154.61145919605,46604.03649673236,21473.665108172354,43770.76908870952,0.984245,0.001445,11560.788257464503,165283.20064052584,153891.60032026292,0.74363,0.256965,0.03494,1518.3770083321067
0.3,0.5,0.05,164103.1995065969,157050.1646296829,163836.78784346837,172154.61145919605,46604.03649673236,21473.665108172354,43770.76908870952,0.984245,3e-05,15310.788257464503,165283.20064052584,150141.60032026292,0.74363,0.256965,0.013035,1518.3770083321067
0.3,0.55,0.0,164103.1995065969,157050.1646296829,163836.78784346837,172154.61145919605,46604.03649673236,21473.665108172354,43770.76908870952,0.984245,0.02299,7029.709431718052,165283.20064052584,158405.76035228922,0.74363,0.256965,0.14141,1518.3770083321067
0.3,0.55,0.025,164103.1995065969,157050.1646296829,163836.78784346837,172154.61145919605,46604.03649673236,21473.665108172354,43770.76908870952,0.984245,0.00248,10779.70943171805,165283.20064052584,154655.76035228922,0.74363,0.256965,0.0427,1518.3770083321067
0.3,0.55,0.05,164103.1995065969,157050.1646296829,163836.78784346837,172154.61145919605,46604.03649673236,21473.665108172354,43770.76908870952,0.984245,0.00013,14529.70943171805,165283.20064052584,150905.76035228922,0.74363,0.256965,0.015795,1518.3770083321067
0.3,0.6,0.0,164103.1995065969,157050.1646296829,163836.78784346837,172154.61145919605,46604.03649673236,21473.665108172354,43770.76908870952,0.984245,0.03399,6248.630605971601,165283.20064052584,159169.9203843155,0.74363,0.256965,0.17538,1518.3770083321067
0.3,0.6,0.025,164103.1995065969,157050.1646296829,163836.78784346837,172154.61145919605,46604.03649673236,21473.665108172354,43770.76908870952,0.984245,0.00406,9998.6306059716,165283.20064052584,155419.9203843155,0.74363,0.256965,0.051655,1518.3770083321067
0.3,0.6,0.05,164103.1995065969,157050.1646296829,163836.78784346837,172154.61145919605,46604.03649673236,21473.665108172354,43770.76908870952,0.984245,0.00026,13748.630605971603,165283.20064052584,151669.9203843155,0.74363,0.256965,0.019375,1518.3770083321067
0.3,0.65,0.0,164103.1995065969,157050.1646296829,163836.78784346837,172154.61145919605,46604.03649673236,21473.665108172354,43770.76908870952,0.984245,0.04985,5467.551780225151,165283.20064052584,159934.08041634178,0.74363,0.256965,0.216035,1518.3770083321067
0.3,0.65,0.025,164103.1995065969,157050.1646296829,163836.78784346837,172154.61145919605,46604.03649673236,21473.665108172354,43770.76908870952,0.984245,0.006095,9217.55178022515,165283.20064052584,156184.08041634178,0.74363,0.256965,0.062655,1518.3770083321067
0.3,0.65,0.05,164103.1995065969,157050.1646296829,163836.78784346837,172154.61145919605,46604.03649673236,21473.665108172354,43770.76908870952,0.984245,0.00068,12967.55178022515,165283.20064052584,152434.08041634178,0.74363,0.256965,0.02335,1518.3770083321067
0.3,0.7,0.0,164103.1995065969,157050.1646296829,163836.78784346837,172154.61145919605,46604.03649673236,21473.665108172354,43770.76908870952,0.984245,0.07444,4686.4729544787015,165283.20064052584,160698.24044836807,0.74363,0.256965,0.26322,1518.3770083321067
0.3,0.7,0.025,164103.1995065969,157050.1646296829,163836.78784346837,172154.61145919605,46604.03649673236,21473.665108172354,43770.76908870952,0.984245,0.00897,8436.4729544787,165283.20064052584,156948.24044836807,0.74363,0.256965,0.07746,1518.3770083321067
0.3,0.7,0.05,164103.1995065969,157050.1646296829,163836.78784346837,172154.61145919605,46604.03649673236,21473.665108172354,43770.76908870952,0.984245,0.00133,12186.472954478702,165283.20064052584,153198.24044836807,0.74363,0.256965,0.0288,1518.3770083321067
0.3,0.75,0.0,164103.1995065969,157050.1646296829,163836.78784346837,172154.61145919605,46604.03649673236,21473.665108172354,43770.76908870952,0.984245,0.113395,3905.3941287322523,165283.20064052584,161462.40048039437,0.74363,0.256965,0.31628,1518.3770083321067
0.3,0.75,0.025,164103.1995065969,157050.1646296829,163836.78784346837,172154.61145919605,46604.03649673236,21473.665108172354,43770.76908870952,0.984245,0.013035,7655.394128732252,165283.20064052584,157712.40048039437,0.74363,0.256965,0.09938,1518.3770083321067
0.3,0.75,0.05,164103.1995065969,157050.1646296829,163836.78784346837,172154.61145919605,46604.03649673236,21473.665108172354,43770.76908870952,0.984245,0.002245,11405.394128732252,165283.20064052584,153962.40048039437,0.74363,0.256965,0.03488,1518.3770083321067
0.3,0.8,0.0,164103.1995065969,157050.1646296829,163836.78784346837,172154.61145919605,46604.03649673236,21473.665108172354,43770.76908870952,0.984245,0.17538,3124.3153029858004,165283.20064052584,162226.56051242066,0.74363,0.256965,0.375615,1518.3770083321067
0.3,0.8,0.025,164103.1995065969,157050.1646296829,163836.78784346837,172154.61145919605,46604.03649673236,21473.665108172354,43770.76908870952,0.984245,0.019375,6874.315302985801,165283.20064052584,158476.56051242066,0.74363,0.256965,0.13203,1518.3770083321067
0.3,0.8,0.05,164103.1995065969,157050.1646296829,163836.78784346837,172154.61145919605,46604.03649673236,21473.665108172354,43770.76908870952,0.984245,0.00345,10624.3153029858,165283.20064052584,154726.56051242066,0.74363,0.256965,0.04225,1518.3770083321067
0.3,0.85,0.0,164103.1995065969,157050.1646296829,163836.78784346837,172154.61145919605,46604.03649673236,21473.665108172354,43770.76908870952,0.984245,0.26322,2343.23647723935,165283.20064052584,162990.72054444696,0.74363,0.256965,0.44148,1518.3770083321067
0.3,0.85,0.025,164103.1995065969,157050.1646296829,163836.78784346837,172154.61145919605,46604.03649673236,21473.665108172354,43770.76908870952,0.984245,0.0288,6093.236477239351,165283.20064052584,159240.72054444696,0.74363,0.256965,0.174215,1518.3770083321067
0.3,0.85,0.05,164103.1995065969,157050.1646296829,163836.78784346837,172154.61145919605,46604.03649673236,21473.665108172354,43770.76908870952,0.984245,0.00499,9843.236477239352,165283.20064052584,155490.72054444696,0.74363,0.256965,0.050725,1518.3770083321067
0.3,0.9,0.0,164103.1995065969,157050.1646296829,163836.78784346837,172154.61145919605,46604.03649673236,21473.665108172354,43770.76908870952,0.984245,0.375615,1562.157651492899,165283.20064052584,163754.88057647325,0.74363,0.256965,0.52693,1518.3770083321067
0.3,0.9,0.025,164103.1995065969,157050.1646296829,163836.78784346837,172154.61145919605,46604.03649673236,21473.665108172354,43770.76908870952,0.984245,0.04225,5312.157651492898,165283.20064052584,160004.88057647325,0.74363,0.256965,0.211945,1518.3770083321067
0.3,0.9,0.05,164103.1995065969,157050.1646296829,163836.78784346837,172154.61145919605,46604.03649673236,21473.665108172354,43770.76908870952,0.984245,0.007405,9062.157651492898,165283.20064052584,156254.88057647325,0.74363,0.256965,0.06052,1518.3770083321067
0.3,0.95,0.0,164103.1995065969,157050.1646296829,163836.78784346837,172154.61145919605,46604.03649673236,21473.665108172354,43770.76908870952,0.984245,0.52693,781.0788257464508,165283.20064052584,164519.04060849955,0.74363,0.256965,0.65557,1518.3770083321067
0.3,0.95,0.025,164103.1995065969,157050.1646296829,163836.78784346837,172154.61145919605,46604.03649673236,21473.665108172354,43770.76908870952,0.984245,0.06052,4531.07882574645,165283.20064052584,160769.04060849955,0.74363,0.256965,0.254835,1518.3770083321067
0.3,0.95,0.05,164103.1995065969,157050.1646296829,163836.78784346837,172154.61145919605,46604.03649673236,21473.665108172354,43770.76908870952,0.984245,0.010775,8281.07882574645,165283.20064052584,157019.04060849955,0.74363,0.256965,0.07246,1518.3770083321067
0.3,1.0,0.0,164103.1995065969,157050.1646296829,163836.78784346837,172154.61145919605,46604.03649673236,21473.665108172354,43770.76908870952,0.984245,0.743035,0.0,165283.20064052584,165283.20064052584,0.74363,0.256965,0.743035,1518.3770083321067
0.3,1.0,0.025,164103.1995065969,157050.1646296829,163836.78784346837,172154.61145919605,46604.03649673236,21473.665108172354,43770.76908870952,0.984245,0.086055,3750.0,165283.20064052584,161533.20064052584,0.74363,0.256965,0.32475,1518.3770083321067
0.3,1.0,0.05,164103.1995065969,157050.1646296829,163836.78784346837,172154.61145919605,46604.03649673236,21473.665108172354,43770.76908870952,0.984245,0.01636,7500.0,165283.20064052584,157783.20064052584,0.74363,0.256965,0.086055,1518.3770083321067
0.35,0.0,0.0,166605.87840327914,158479.3791174068,166287.87463319814,175964.26932200504,44101.357600050105,20000.095213669436,41228.268661547714,0.979315,0.000105,18225.172600750502,167830.40074728016,150000.0,0.74363,0.25405,0.01374,1619.2941974713576
0.35,0.0,0.025,166605.87840327914,158479.3791174068,166287.87463319814,175964.26932200504,44101.357600050105,20000.095213669436,41228.268661547714,0.979315,0.0,21975.172600750502,167830.40074728016,146250.0,0.74363,0.25405,0.00516,1619.2941974713576
0.35,0.0,0.05,166605.87840327914,158479.3791174068,166287.87463319814,175964.26932200504,44101.357600050105,20000.095213669436,41228.268661547714,0.979315,0.0,25725.172600750502,167830.40074728016,142500.0,0.74363,0.25405,0.001735,1619.2941974713576
0.35,0.05,0.0,166605.87840327914,158479.3791174068,166287.87463319814,175964.26932200504,44101.357600050105,20000.095213669436,41228.268661547714,0.979315,0.0002,17313.913970712976,167830.40074728016,150891.520037364,0.74363,0.25405,0.01627,1619.2941974713576
0.35,0.05,0.025,166605.87840327914,158479.3791174068,166287.87463319814,175964.26932200504,44101.357600050105,20000.095213669436,41228.268661547714,0.979315,0.0,21063.913970712976,167830.40074728016,147141.520037364,0.74363,0.25405,0.00628,1619.2941974713576
0.35,0.05,0.05,166605.87840327914,158479.3791174068,166287.87463319814,175964.26932200504,44101.357600050105,20000.095213669436,41228.268661547714,0.979315,0.0,24813.91397071298,167830.40074728016,143391.520037364,0.74363,0.25405,0.002295,1619.2941974713576
0.35,0.1,0.0,166605.87840327914,158479.3791174068,166287.87463319814,175964.26932200504,44101.357600050105,20000.095213669436,41228.268661547714,0.979315,0.00033,16402.655340675454,167830.40074728016,151783.04007472802,0.74363,0.25405,0.01942,1619.2941974713576
0.35,0.1,0.025,166605.87840327914,158479.3791174068,166287.87463319814,175964.26932200504,44101.357600050105,20000.095213669436,41228.268661547714,0.979315,0.0,20152.655340675454,167830.40074728016,148033.04007472802,0.74363,0.25405,0.00762,1619.2941974713576
0.35,0.1,0.05,166605.87840327914,158479.3791174068,166287.87463319814,175964.26932200504,44101.357600050105,20000.095213669436,41228.268661547714,0.979315,0.0,23902.655340675454,167830.40074728016,144283.04007472802,0.74363,0.25405,0.003045,1619.2941974713576
0.35,0.15,0.0,166605.87840327914,158479.3791174068,166287.87463319814,175964.26932200504,44101.357600050105,20000.095213669436,41228.268661547714,0.979315,0.000585,15491.39671063793,167830.40074728016,152674.560112092,0.74363,0.25405,0.023325,1619.2941974713576
0.35,0.15,0.025,166605.87840327914,158479.3791174068,166287.87463319814,175964.26932200504,44101.357600050105,20000.095213669436,41228.268661547714,0.979315,0.0,19241.396710637928,167830.40074728016,148924.560112092,0.74363,0.25405,0.009235,1619.2941974713576
0.35,0.15,0.05,166605.87840327914,158479.3791174068,166287.87463319814,175964.26932200504,44101.357600050105,20000.095213669436,41228.268661547714,0.979315,0.0,22991.39671063793,167830.40074728016,145174.560112092,0.74363,0.25405,0.003865,1619.2941974713576
0.35,0.2,0.0,166605.87840327914,158479.3791174068,166287.87463319814,175964.26932200504,44101.357600050105,20000.095213669436,41228.268661547714,0.979315,0.00098,14580.1380806004,167830.40074728016,153566.08014945604,0.74363,0.25405,0.028165,1619.2941974713576
0.35,0.2,0.025,166605.87840327914,158479.3791174068,166287.87463319814,175964.26932200504,44101.357600050105,20000.095213669436,41228.268661547714,0.979315,0.0,18330.1380806004,167830.40074728016,149816.08014945604,0.74363,0.25405,0.01101,1619.2941974713576
0.35,0.2,0.05,166605.87840327914,158479.3791174068,166287.87463319814,175964.26932200504,44101.357600050105,20000.095213669436,41228.268661547714,0.979315,0.0,22080.138080600405,167830.40074728016,146066.08014945604,0.74363,0.25405,0.00478,1619.2941974713576
0.35,0.25,0.0,166605.87840327914,158479.3791174068,166287.87463319814,175964.26932200504,44101.357600050105,20000.095213669436,41228.268661547714,0.979315,0.00168,13668.879450562878,167830.40074728016,154457.60018682003,0.74363,0.25405,0.034345,1619.2941974713576
0.35,0.25,0.025,166605.87840327914,158479.3791174068,166287.87463319814,175964.26932200504,44101.357600050105,20000.095213669436,41228.268661547714,0.979315,0.0,17418.87945056288,167830.40074728016,150707.60018682003,0.74363,0.25405,0.01334,1619.2941974713576
0.35,0.25,0.05,166605.87840327914,158479.3791174068,166287.87463319814,175964.26932200504,44101.357600050105,20000.095213669436,41228.268661547714,0.979315,0.0,21168.87945056288,167830.40074728016,146957.60018682003,0.74363,0.25405,0.00588,1619.2941974713576
0.35,0.3,0.0,166605.87840327914,158479.3791174068,166287.87463319814,175964.26932200504,44101.357600050105,20000.095213669436,41228.268661547714,0.979315,0.00267,12757.620820525353,167830.40074728016,155349.12022418407,0.74363,0.25405,0.041555,1619.2941974713576
0.35,0.3,0.025,166605.87840327914,158479.3791174068,166287.87463319814,175964.26932200504,44101.357600050105,20000.095213669436,41228.268661547714,0.979315,6.5e-05,16507.620820525353,167830.40074728016,151599.12022418407,0.74363,0.25405,0.015975,1619.2941974713576
0.35,0.3,0.05,166605.87840327914,158479.3791174068,166287.87463319814,175964.26932200504,44101.357600050105,20000.095213669436,41228.268661547714,0.979315,0.0,20257.620820525353,167830.40074728016,147849.12022418407,0.74363,0.25405,0.00708,1619.2941974713576
0.35,0.35,0.0,166605.87840327914,158479.3791174068,166287.87463319814,175964.26932200504,44101.357600050105,20000.095213669436,41228.268661547714,0.979315,0.004275,11846.36219048783,167830.40074728016,156240.64026154805,0.74363,0.25405,0.050595,1619.2941974713576
0.35,0.35,0.025,166605.87840327914,158479.3791174068,166287.87463319814,175964.26932200504,44101.357600050105,20000.095213669436,41228.268661547714,0.979315,0.00019,15596.36219048783,167830.40074728016,152490.64026154805,0.74363,0.25405,0.019355,1619.2941974713576
0.35,0.35,0.05,166605.87840327914,158479.3791174068,166287.87463319814,175964.26932200504,44101.357600050105,20000.095213669436,41228.268661547714,0.979315,0.0,19346.362190487827,167830.40074728016,148740.64026154805,0.74363,0.25405,0.008545,1619.2941974713576
0.35,0.4,0.0,166605.87840327914,158479.3791174068,166287.87463319814,175964.26932200504,44101.357600050105,20000.095213669436,41228.268661547714,0.979315,0.006555,10935.103560450301,167830.40074728016,157132.16029891206,0.74363,0.25405,0.061605,1619.2941974713576
0.35,0.4,0.025,166605.87840327914,158479.3791174068,166287.87463319814,175964.26932200504,44101.357600050105,20000.095213669436,41228.268661547714,0.979315,0.000425,14685.103560450301,167830.40074728016,153382.16029891206,0.74363,0.25405,0.02369,1619.2941974713576
0.35,0.4,0.05,166605.87840327914,158479.3791174068,166287.87463319814,175964.26932200504,44101.357600050105,20000.095213669436,41228.268661547714,0.979315,0.0,18435.1035604503,167830.40074728016,149632.16029891206,0.74363,0.25405,0.01041,1619.2941974713576
0.35,0.45,0.0,166605.87840327914,158479.3791174068,166287.87463319814,175964.26932200504,44101.357600050105,20000.095213669436,41228.268661547714,0.979315,0.00944,10023.844930412777,167830.40074728016,158023.68033627607,0.74363,0.25405,0.075585,1619.2941974713576
0.35,0.45,0.025,166605.87840327914,158479.3791174068,166287.87463319814,175964.26932200504,44101.357600050105,20000.095213669436,41228.268661547714,0.979315,0.000975,13773.844930412777,167830.40074728016,154273.68033627607,0.74363,0.25405,0.028925,1619.2941974713576
0.35,0.45,0.05,166605.87840327914,158479.3791174068,166287.87463319814,175964.26932200504,44101.357600050105,20000.095213669436,41228.268661547714,0.979315,1e-05,17523.844930412775,167830.40074728016,150523.68033627607,0.74363,0.25405,0.0125,1619.2941974713576
0.35,0.5,0.0,166605.87840327914,158479.3791174068,166287.87463319814,175964.26932200504,44101.357600050105,20000.095213669436,41228.268661547714,0.979315,0.01374,9112.586300375251,167830.40074728016,158915.20037364005,0.74363,0.25405,0.093035,1619.2941974713576
0.35,0.5,0.025,166605.87840327914,158479.3791174068,166287.87463319814,175964.26932200504,44101.357600050105,20000.095213669436,41228.268661547714,0.979315,0.001735,12862.586300375251,167830.40074728016,155165.20037364005,0.74363,0.25405,0.035285,1619.2941974713576
0.35,0.5,0.05,166605.87840327914,158479.3791174068,166287.87463319814,175964.26932200504,44101.357600050105,20000.095213669436,41228.268661547714,0.979315,0.0001,16612.586300375253,167830.40074728016,151415.20037364005,0.74363,0.25405,0.015035,1619.2941974713576
0.35,0.55,0.0,166605.87840327914,158479.3791174068,166287.87463319814,175964.26932200504,44101.357600050105,20000.095213669436,41228.268661547714,0.979315,0.01942,8201.327670337725,167830.40074728016,159806.7204110041,0.74363,0.25405,0.11597,1619.2941974713576
0.35,0.55,0.025,166605.87840327914,158479.3791174068,166287.87463319814,175964.26932200504,44101.357600050105,20000.095213669436,41228.268661547714,0.979315,0.003045,11951.327670337725,167830.40074728016,156056.7204110041,0.74363,0.25405,0.042935,1619.2941974713576
0.35,0.55,0.05,166605.87840327914,158479.3791174068,166287.87463319814,175964.26932200504,44101.357600050105,20000.095213669436,41228.268661547714,0.979315,0.000235,15701.327670337725,167830.40074728016,152306.7204110041,0.74363,0.25405,0.01838,1619.2941974713576
0.35,0.6,0.0,166605.87840327914,158479.3791174068,166287.87463319814,175964.26932200504,44101.357600050105,20000.095213669436,41228.268661547714,0.979315,0.028165,7290.0690403002,167830.40074728016,160698.24044836807,0.74363,0.25405,0.14534,1619.2941974713576
0.35,0.6,0.025,166605.87840327914,158479.3791174068,166287.87463319814,175964.26932200504,44101.357600050105,20000.095213669436,41228.268661547714,0.979315,0.00478,11040.069040300203,167830.40074728016,156948.24044836807,0.74363,0.25405,0.05182,1619.2941974713576
0.35,0.6,0.05,166605.87840327914,158479.3791174068,166287.87463319814,175964.26932200504,44101.357600050105,20000.095213669436,41228.268661547714,0.979315,0.000605,14790.069040300203,167830.40074728016,153198.24044836807,0.74363,0.25405,0.0222,1619.2941974713576
0.35,0.65,0.0,166605.87840327914,158479.3791174068,166287.87463319814,175964.26932200504,44101.357600050105,20000.095213669436,41228.268661547714,0.979315,0.041555,6378.810410262677,167830.40074728016,161589.76048573208,0.74363,0.25405,0.182515,1619.2941974713576
0.35,0.65,0.025,166605.87840327914,158479.3791174068,166287.87463319814,175964.26932200504,44101.357600050105,20000.095213669436,41228.268661547714,0.979315,0.00708,10128.810410262677,167830.40074728016,157839.76048573208,0.74363,0.25405,0.06237,1619.2941974713576
0.35,0.65,0.05,166605.87840327914,158479.3791174068,166287.87463319814,175964.26932200504,44101.357600050105,20000.095213669436,41228.268661547714,0.979315,0.001165,13878.810410262675,167830.40074728016,154089.76048573208,0.74363,0.25405,0.027205,1619.2941974713576
0.35,0.7,0.0,166605.87840327914,158479.3791174068,166287.87463319814,175964.26932200504,44101.357600050105,20000.095213669436,41228.268661547714,0.979315,0.061605,5467.551780225153,167830.40074728016,162481.2805230961,0.74363,0.25405,0.22855,1619.2941974713576
0.35,0.7,0.025,166605.87840327914,158479.3791174068,166287.87463319814,175964.26932200504,44101.357600050105,20000.095213669436,41228.268661547714,0.979315,0.01041,9217.551780225152,167830.40074728016,158731.2805230961,0.74363,0.25405,0.076075,1619.2941974713576
0.35,0.7,0.05,166605.87840327914,158479.3791174068,166287.87463319814,175964.26932200504,44101.357600050105,20000.095213669436,41228.268661547714,0.979315,0.002135,12967.55178022515,167830.40074728016,154981.2805230961,0.74363,0.25405,0.033315,1619.2941974713576
0.35,0.75,0.0,166605.87840327914,158479.3791174068,166287.87463319814,175964.26932200504,44101.357600050105,20000.095213669436,41228.268661547714,0.979315,0.093035,4556.293150187627,167830.40074728016,163372.8005604601,0.74363,0.25405,0.282295,1619.2941974713576
0.35,0.75,0.025,166605.87840327914,158479.3791174068,166287.87463319814,175964.26932200504,44101.357600050105,20000.095213669436,41228.268661547714,0.979315,0.015035,8306.293150187628,167830.40074728016,159622.8005604601,0.74363,0.25405,0.094415,1619.2941974713576
0.35,0.75,0.05,166605.87840327914,158479.3791174068,166287.87463319814,175964.26932200504,44101.357600050105,20000.095213669436,41228.268661547714,0.979315,0.0034,12056.293150187626,167830.40074728016,155872.8005604601,0.74363,0.25405,0.04046,1619.2941974713576
0.35,0.8,0.0,166605.87840327914,158479.3791174068,166287.87463319814,175964.26932200504,44101.357600050105,20000.095213669436,41228.268661547714,0.979315,0.14534,3645.0345201501013,167830.40074728016,164264.32059782412,0.74363,0.25405,0.34453,1619.2941974713576
0.35,0.8,0.025,166605.87840327914,158479.3791174068,166287.87463319814,175964.26932200504,44101.357600050105,20000.095213669436,41228.268661547714,0.979315,0.0222,7395.034520150101,167830.40074728016,160514.32059782412,0.74363,0.25405,0.122805,1619.2941974713576
0.35,0.8,0.05,166605.87840327914,158479.3791174068,166287.87463319814,175964.26932200504,44101.357600050105,20000.095213669436,41228.268661547714,0.979315,0.00492,11145.034520150099,167830.40074728016,156764.32059782412,0.74363,0.25405,0.04887,1619.2941974713576
0.35,0.85,0.0,166605.87840327914,158479.3791174068,166287.87463319814,175964.26932200504,44101.357600050105,20000.095213669436,41228.268661547714,0.979315,0.22855,2733.7758901125753,167830.40074728016,165155.84063518813,0.74363,0.25405,0.41488,1619.2941974713576
0.35,0.85,0.025,166605.87840327914,158479.3791174068,166287.87463319814,175964.26932200504,44101.357600050105,20000.095213669436,41228.268661547714,0.979315,0.033315,6483.775890112574,167830.40074728016,161405.84063518813,0.74363,0.25405,0.16636,1619.2941974713576
0.35,0.85,0.05,166605.87840327914,158479.3791174068,166287.87463319814,175964.26932200504,44101.357600050105,20000.095213669436,41228.268661547714,0.979315,0.007165,10233.775890112574,167830.40074728016,157655.84063518813,0.74363,0.25405,0.058365,1619.2941974713576
0.35,0.9,0.0,166605.87840327914,158479.3791174068,166287.87463319814,175964.26932200504,44101.357600050105,20000.095213669436,41228.268661547714,0.979315,0.34453,1822.5172600750493,167830.40074728016,166047.36067255214,0.74363,0.25405,0.499585,1619.2941974713576
0.35,0.9,0.025,166605.87840327914,158479.3791174068,166287.87463319814,175964.26932200504,44101.357600050105,20000.095213669436,41228.268661547714,0.979315,0.04887,5572.517260075049,167830.40074728016,162297.36067255214,0.74363,0.25405,0.21247,1619.2941974713576
0.35,0.9,0.05,166605.87840327914,158479.3791174068,166287.87463319814,175964.26932200504,44101.357600050105,20000.095213669436,41228.268661547714,0.979315,0.01078,9322.51726007505,167830.40074728016,158547.36067255214,0.74363,0.25405,0.070205,1619.2941974713576
0.35,0.95,0.0,166605.87840327914,158479.3791174068,166287.87463319814,175964.26932200504,44101.357600050105,20000.095213669436,41228.268661547714,0.979315,0.499585,911.2586300375262,167830.40074728016,166938.88070991612,0.74363,0.25405,0.63992,1619.2941974713576
0.35,0.95,0.025,166605.87840327914,158479.3791174068,166287.87463319814,175964.26932200504,44101.357600050105,20000.095213669436,41228.268661547714,0.979315,0.070205,4661.258630037526,167830.40074728016,163188.88070991612,0.74363,0.25405,0.257055,1619.2941974713576
0.35,0.95,0.05,166605.87840327914,158479.3791174068,166287.87463319814,175964.26932200504,44101.357600050105,20000.095213669436,41228.268661547714,0.979315,0.016075,8411.258630037526,167830.40074728016,159438.88070991612,0.74363,0.25405,0.084045,1619.2941974713576
0.35,1.0,0.0,166605.87840327914,158479.3791174068,166287.87463319814,175964.26932200504,44101.357600050105,20000.095213669436,41228.268661547714,0.979315,0.74595,0.0,167830.40074728016,167830.40074728016,0.74363,0.25405,0.74595,1619.2941974713576
0.35,1.0,0.025,166605.87840327914,158479.3791174068,166287.87463319814,175964.26932200504,44101.357600050105,20000.095213669436,41228.268661547714,0.979315,0.099265,3750.0,167830.40074728016,164080.40074728016,0.74363,0.25405,0.3341,1619.2941974713576
0.35,1.0,0.05,166605.87840327914,158479.3791174068,166287.87463319814,175964.26932200504,44101.357600050105,20000.095213669436,41228.268661547714,0.979315,0.02366,7500.0,167830.40074728016,160330.40074728016,0.74363,0.25405,0.099265,1619.2941974713576
0.4,0.0,0.0,169107.9072874192,159898.52369783606,168736.2939265885,179763.64495434778,41599.328715910066,18516.26181882078,38705.14251724807,0.97134,6e-05,20828.76868657201,170377.60085403445,150000.0,0.74363,0.25164,0.012315,1720.8613991528152
0.4,0.0,0.025,169107.9072874192,159898.52369783606,168736.2939265885,179763.64495434778,41599.328715910066,18516.26181882078,38705.14251724807,0.97134,0.0,24578.76868657201,170377.60085403445,146250.0,0.74363,0.25164,0.005285,1720.8613991528152
0.4,0.0,0.05,169107.9072874192,159898.52369783606,168736.2939265885,179763.64495434778,41599.328715910066,18516.26181882078,38705.14251724807,0.97134,0.0,28328.76868657201,170377.60085403445,142500.0,0.74363,0.25164,0.002075,1720.8613991528152
0.4,0.05,0.0,169107.9072874192,159898.52369783606,168736.2939265885,179763.64495434778,41599.328715910066,18516.26181882078,38705.14251724807,0.97134,8.5e-05,19787.330252243406,170377.60085403445,151018.88004270173,0.74363,0.25164,0.014575,1720.8613991528152
0.4,0.05,0.025,169107.9072874192,159898.52369783606,168736.2939265885,179763.64495434778,41599.328715910066,18516.26181882078,38705.14251724807,0.97134,0.0,23537.330252243406,170377.60085403445,147268.88004270173,0.74363,0.25164,0.00639,1720.8613991528152
0.4,0.05,0.05,169107.9072874192,159898.52369783606,168736.2939265885,179763.64495434778,41599.328715910066,18516.26181882078,38705.14251724807,0.97134,0.0,27287.330252243406,170377.60085403445,143518.88004270173,0.74363,0.25164,0.002715,1720.8613991528152
0.4,0.1,0.0,169107.9072874192,159898.52369783606,168736.2939265885,179763.64495434778,41599.328715910066,18516.26181882078,38705.14251724807,0.97134,0.00021,18745.891817914806,170377.60085403445,152037.76008540345,0.74363,0.25164,0.01734,1720.8613991528152
0.4,0.1,0.025,169107.9072874192,159898.52369783606,168736.2939265885,179763.64495434778,41599.328715910066,18516.26181882078,38705.14251724807,0.97134,0.0,22495.891817914806,170377.60085403445,148287.76008540345,0.74363,0.25164,0.007775,1720.8613991528152
0.4,0.1,0.05,169107.9072874192,159898.52369783606,168736.2939265885,179763.64495434778,41599.328715910066,18516.26181882078,38705.14251724807,0.97134,0.0,26245.891817914806,170377.60085403445,144537.76008540345,0.74363,0.25164,0.00356,1720.8613991528152
0.4,0.15,0.0,169107.9072874192,159898.52369783606,168736.2939265885,179763.64495434778,41599.328715910066,18516.26181882078,38705.14251724807,0.97134,0.000375,17704.453383586206,170377.60085403445,153056.64012810518,0.74363,0.25164,0.020775,1720.8613991528152
0.4,0.15,0.025,169107.9072874192,159898.52369783606,168736.2939265885,179763.64495434778,41599.328715910066,18516.26181882078,38705.14251724807,0.97134,0.0,21454.453383586206,170377.60085403445,149306.64012810518,0.74363,0.25164,0.00931,1720.8613991528152
0.4,0.15,0.05,169107.9072874192,159898.52369783606,168736.2939265885,179763.64495434778,41599.328715910066,18516.26181882078,38705.14251724807,0.97134,0.0,25204.453383586206,170377.60085403445,145556.64012810518,0.74363,0.25164,0.00446,1720.8613991528152
0.4,0.2,0.0,169107.9072874192,159898.52369783606,168736.2939265885,179763.64495434778,41599.328715910066,18516.26181882078,38705.14251724807,0.97134,0.000675,16663.014949257606,170377.60085403445,154075.5201708069,0.74363,0.25164,0.025245,1720.8613991528152
0.4,0.2,0.025,169107.9072874192,159898.52369783606,168736.2939265885,179763.64495434778,41599.328715910066,18516.26181882078,38705.14251724807,0.97134,0.0,20413.014949257606,170377.60085403445,150325.5201708069,0.74363,0.25164,0.0113,1720.8613991528152
0.4,0.2,0.05,169107.9072874192,159898.52369783606,168736.2939265885,179763.64495434778,41599.328715910066,18516.26181882078,38705.14251724807,0.97134,0.0,24163.014949257602,170377.60085403445,146575.5201708069,0.74363,0.25164,0.005425,1720.8613991528152
0.4,0.25,0.0,169107.9072874192,159898.52369783606,168736.2939265885,179763.64495434778,41599.328715910066,18516.26181882078,38705.14251724807,0.97134,0.00134,15621.576514929005,170377.60085403445,155094.40021350863,0.74363,0.25164,0.030325,1720.8613991528152
0.4,0.25,0.025,169107.9072874192,159898.52369783606,168736.2939265885,179763.64495434778,41599.328715910066,18516.26181882078,38705.14251724807,0.97134,0.0,19371.576514929005,170377.60085403445,151344.40021350863,0.74363,0.25164,0.013445,1720.8613991528152
0.4,0.25,0.05,169107.9072874192,159898.52369783606,168736.2939265885,179763.64495434778,41599.328715910066,18516.26181882078,38705.14251724807,0.97134,0.0,23121.576514929005,170377.60085403445,147594.40021350863,0.74363,0.25164,0.006645,1720.8613991528152
0.4,0.3,0.0,169107.9072874192,159898.52369783606,168736.2939265885,179763.64495434778,41599.328715910066,18516.26181882078,38705.14251724807,0.97134,0.002285,14580.138080600405,170377.60085403445,156113.28025621033,0.74363,0.25164,0.03669,1720.8613991528152
0.4,0.3,0.025,169107.9072874192,159898.52369783606,168736.2939265885,179763.64495434778,41599.328715910066,18516.26181882078,38705.14251724807,0.97134,7e-05,18330.138080600405,170377.60085403445,152363.28025621033,0.74363,0.25164,0.0163,1720.8613991528152
0.4,0.3,0.05,169107.9072874192,159898.52369783606,168736.2939265885,179763.64495434778,41599.328715910066,18516.26181882078,38705.14251724807,0.97134,0.0,22080.138080600405,170377.60085403445,148613.28025621033,0.74363,0.25164,0.00795,1720.8613991528152
0.4,0.35,0.0,169107.9072874192,159898.52369783606,168736.2939265885,179763.64495434778,41599.328715910066,18516.26181882078,38705.14251724807,0.97134,0.00366,13538.699646271805,170377.60085403445,157132.16029891206,0.74363,0.25164,0.044815,1720.8613991528152
0.4,0.35,0.025,169107.9072874192,159898.52369783606,168736.2939265885,179763.64495434778,41599.328715910066,18516.26181882078,38705.14251724807,0.97134,0.000225,17288.699646271805,170377.60085403445,153382.16029891206,0.74363,0.25164,0.019705,1720.8613991528152
0.4,0.35,0.05,169107.9072874192,159898.52369783606,168736.2939265885,179763.64495434778,41599.328715910066,18516.26181882078,38705.14251724807,0.97134,0.0,21038.699646271805,170377.60085403445,149632.16029891206,0.74363,0.25164,0.00969,1720.8613991528152
0.4,0.4,0.0,169107.9072874192,159898.52369783606,168736.2939265885,179763.64495434778,41599.328715910066,18516.26181882078,38705.14251724807,0.97134,0.005735,12497.261211943201,170377.60085403445,158151.04034161379,0.74363,0.25164,0.054475,1720.8613991528152
0.4,0.4,0.025,169107.9072874192,159898.52369783606,168736.2939265885,179763.64495434778,41599.328715910066,18516.26181882078,38705.14251724807,0.97134,0.000545,16247.261211943201,170377.60085403445,154401.04034161379,0.74363,0.25164,0.02401,1720.8613991528152
0.4,0.4,0.05,169107.9072874192,159898.52369783606,168736.2939265885,179763.64495434778,41599.328715910066,18516.26181882078,38705.14251724807,0.97134,0.0,19997.2612119432,170377.60085403445,150651.04034161379,0.74363,0.25164,0.01172,1720.8613991528152
0.4,0.45,0.0,169107.9072874192,159898.52369783606,168736.2939265885,179763.64495434778,41599.328715910066,18516.26181882078,38705.14251724807,0.97134,0.008345,11455.822777614603,170377.60085403445,159169.9203843155,0.74363,0.25164,0.06626,1720.8613991528152
0.4,0.45,0.025,169107.9072874192,159898.52369783606,168736.2939265885,179763.64495434778,41599.328715910066,18516.26181882078,38705.14251724807,0.97134,0.00116,15205.822777614603,170377.60085403445,155419.9203843155,0.74363,0.25164,0.02907,1720.8613991528152
0.4,0.45,0.05,169107.9072874192,159898.52369783606,168736.2939265885,179763.64495434778,41599.328715910066,18516.26181882078,38705.14251724807,0.97134,5.5e-05,18955.8227776146,170377.60085403445,151669.9203843155,0.74363,0.25164,0.013985,1720.8613991528152
0.4,0.5,0.0,169107.9072874192,159898.52369783606,168736.2939265885,179763.64495434778,41599.328715910066,18516.26181882078,38705.14251724807,0.97134,0.012315,10414.384343286005,170377.60085403445,160188.8004270172,0.74363,0.25164,0.080905,1720.8613991528152
0.4,0.5,0.025,169107.9072874192,159898.52369783606,168736.2939265885,179763.64495434778,41599.328715910066,18516.26181882078,38705.14251724807,0.97134,0.002075,14164.384343286005,170377.60085403445,156438.8004270172,0.74363,0.25164,0.03547,1720.8613991528152
0.4,0.5,0.05,169107.9072874192,159898.52369783606,168736.2939265885,179763.64495434778,41599.328715910066,18516.26181882078,38705.14251724807,0.97134,0.000165,17914.384343286005,170377.60085403445,152688.8004270172,0.74363,0.25164,0.01706,1720.8613991528152
0.4,0.55,0.0,169107.9072874192,159898.52369783606,168736.2939265885,179763.64495434778,41599.328715910066,18516.26181882078,38705.14251724807,0.97134,0.01734,9372.945908957403,170377.60085403445,161207.68046971894,0.74363,0.25164,0.09992,1720.8613991528152
0.4,0.55,0.025,169107.9072874192,159898.52369783606,168736.2939265885,179763.64495434778,41599.328715910066,18516.26181882078,38705.14251724807,0.97134,0.00356,13122.945908957403,170377.60085403445,157457.68046971894,0.74363,0.25164,0.043565,1720.8613991528152
0.4,0.55,0.05,169107.9072874192,159898.52369783606,168736.2939265885,179763.64495434778,41599.328715910066,18516.26181882078,38705.14251724807,0.97134,0.000425,16872.9459089574,170377.60085403445,153707.68046971894,0.74363,0.25164,0.02056,1720.8613991528152
0.4,0.6,0.0,169107.9072874192,159898.52369783606,168736.2939265885,179763.64495434778,41599.328715910066,18516.26181882078,38705.14251724807,0.97134,0.025245,8331.507474628805,170377.60085403445,162226.56051242066,0.74363,0.25164,0.124875,1720.8613991528152
0.4,0.6,0.025,169107.9072874192,159898.52369783606,168736.2939265885,179763.64495434778,41599.328715910066,18516.26181882078,38705.14251724807,0.97134,0.005425,12081.507474628806,170377.60085403445,158476.56051242066,0.74363,0.25164,0.052605,1720.8613991528152
0.4,0.6,0.05,169107.9072874192,159898.52369783606,168736.2939265885,179763.64495434778,41599.328715910066,18516.26181882078,38705.14251724807,0.97134,0.00097,15831.507474628806,170377.60085403445,154726.56051242066,0.74363,0.25164,0.025125,1720.8613991528152
0.4,0.65,0.0,169107.9072874192,159898.52369783606,168736.2939265885,179763.64495434778,41599.328715910066,18516.26181882078,38705.14251724807,0.97134,0.03669,7290.069040300203,170377.60085403445,163245.4405551224,0.74363,0.25164,0.157835,1720.8613991528152
0.4,0.65,0.025,169107.9072874192,159898.52369783606,168736.2939265885,179763.64495434778,41599.328715910066,18516.26181882078,38705.14251724807,0.97134,0.00795,11040.069040300203,170377.60085403445,159495.4405551224,0.74363,0.25164,0.063215,1720.8613991528152
0.4,0.65,0.05,169107.9072874192,159898.52369783606,168736.2939265885,179763.64495434778,41599.328715910066,18516.26181882078,38705.14251724807,0.97134,0.0018,14790.069040300203,170377.60085403445,155745.4405551224,0.74363,0.25164,0.03066,1720.8613991528152
0.4,0.7,0.0,169107.9072874192,159898.52369783606,168736.2939265885,179763.64495434778,41599.328715910066,18516.26181882078,38705.14251724807,0.97134,0.054475,6248.6306059716035,170377.60085403445,164264.32059782412,0.74363,0.25164,0.199965,1720.8613991528152
0.4,0.7,0.025,169107.9072874192,159898.52369783606,168736.2939265885,179763.64495434778,41599.328715910066,18516.26181882078,38705.14251724807,0.97134,0.01172,9998.630605971603,170377.60085403445,160514.32059782412,0.74363,0.25164,0.076425,1720.8613991528152
0.4,0.7,0.05,169107.9072874192,159898.52369783606,168736.2939265885,179763.64495434778,41599.328715910066,18516.26181882078,38705.14251724807,0.97134,0.00301,13748.630605971603,170377.60085403445,156764.32059782412,0.74363,0.25164,0.037565,1720.8613991528152
0.4,0.75,0.0,169107.9072874192,159898.52369783606,168736.2939265885,179763.64495434778,41599.328715910066,18516.26181882078,38705.14251724807,0.97134,0.080905,5207.192171643001,170377.60085403445,165283.20064052584,0.74363,0.25164,0.253285,1720.8613991528152
0.4,0.75,0.025,169107.9072874192,159898.52369783606,168736.2939265885,179763.64495434778,41599.328715910066,18516.26181882078,38705.14251724807,0.97134,0.01706,8957.192171642999,170377.60085403445,161533.20064052584,0.74363,0.25164,0.093555,1720.8613991528152
0.4,0.75,0.05,169107.9072874192,159898.52369783606,168736.2939265885,179763.64495434778,41599.328715910066,18516.26181882078,38705.14251724807,0.97134,0.00456,12707.192171642999,170377.60085403445,157783.20064052584,0.74363,0.25164,0.045295,1720.8613991528152
0.4,0.8,0.0,169107.9072874192,159898.52369783606,168736.2939265885,179763.64495434778,41599.328715910066,18516.26181882078,38705.14251724807,0.97134,0.124875,4165.753737314399,170377.60085403445,166302.08068322757,0.74363,0.25164,0.31664,1720.8613991528152
0.4,0.8,0.025,169107.9072874192,159898.52369783606,168736.2939265885,179763.64495434778,41599.328715910066,18516.26181882078,38705.14251724807,0.97134,0.025125,7915.7537373144,170377.60085403445,162552.08068322757,0.74363,0.25164,0.1171,1720.8613991528152
0.4,0.8,0.05,169107.9072874192,159898.52369783606,168736.2939265885,179763.64495434778,41599.328715910066,18516.26181882078,38705.14251724807,0.97134,0.006485,11665.753737314399,170377.60085403445,158802.08068322757,0.74363,0.25164,0.05469,1720.8613991528152
0.4,0.85,0.0,169107.9072874192,159898.52369783606,168736.2939265885,179763.64495434778,41599.328715910066,18516.26181882078,38705.14251724807,0.97134,0.199965,3124.3153029858004,170377.60085403445,167320.9607259293,0.74363,0.25164,0.390865,1720.8613991528152
0.4,0.85,0.025,169107.9072874192,159898.52369783606,168736.2939265885,179763.64495434778,41599.328715910066,18516.26181882078,38705.14251724807,0.97134,0.037565,6874.315302985801,170377.60085403445,163570.9607259293,0.74363,0.25164,0.157235,1720.8613991528152
0.4,0.85,0.05,169107.9072874192,159898.52369783606,168736.2939265885,179763.64495434778,41599.328715910066,18516.26181882078,38705.14251724807,0.97134,0.0097,10624.315302985802,170377.60085403445,159820.9607259293,0.74363,0.25164,0.066035,1720.8613991528152
0.4,0.9,0.0,169107.9072874192,159898.52369783606,168736.2939265885,179763.64495434778,41599.328715910066,18516.26181882078,38705.14251724807,0.97134,0.31664,2082.8768686571993,170377.60085403445,168339.84076863102,0.74363,0.25164,0.47799,1720.8613991528152
0.4,0.9,0.025,169107.9072874192,159898.52369783606,168736.2939265885,179763.64495434778,41599.328715910066,18516.26181882078,38705.14251724807,0.97134,0.05469,5832.876868657199,170377.60085403445,164589.84076863102,0.74363,0.25164,0.210945,1720.8613991528152
0.4,0.9,0.05,169107.9072874192,159898.52369783606,168736.2939265885,179763.64495434778,41599.328715910066,18516.26181882078,38705.14251724807,0.97134,0.014405,9582.876868657198,170377.60085403445,160839.84076863102,0.74363,0.25164,0.078955,1720.8613991528152
0.4,0.95,0.0,169107.9072874192,159898.52369783606,168736.2939265885,179763.64495434778,41599.328715910066,18516.26181882078,38705.14251724807,0.97134,0.47799,1041.4384343286013,170377.60085403445,169358.72081133275,0.74363,0.25164,0.620995,1720.8613991528152
0.4,0.95,0.025,169107.9072874192,159898.52369783606,168736.2939265885,179763.64495434778,41599.328715910066,18516.26181882078,38705.14251724807,0.97134,0.078955,4791.438434328601,170377.60085403445,165608.72081133275,0.74363,0.25164,0.258415,1720.8613991528152
0.4,0.95,0.05,169107.9072874192,159898.52369783606,168736.2939265885,179763.64495434778,41599.328715910066,18516.26181882078,38705.14251724807,0.97134,0.02144,8541.438434328602,170377.60085403445,161858.72081133275,0.74363,0.25164,0.09394,1720.8613991528152
0.4,1.0,0.0,169107.9072874192,159898.52369783606,168736.2939265885,179763.64495434778,41599.328715910066,18516.26181882078,38705.14251724807,0.97134,0.74836,0.0,170377.60085403445,170377.60085403445,0.74363,0.25164,0.74836,1720.8613991528152
0.4,1.0,0.025,169107.9072874192,159898.52369783606,168736.2939265885,179763.64495434778,41599.328715910066,18516.26181882078,38705.14251724807,0.97134,0.110515,3750.0,170377.60085403445,166627.60085403445,0.74363,0.25164,0.34208,1720.8613991528152
0.4,1.0,0.05,169107.9072874192,159898.52369783606,168736.2939265885,179763.64495434778,41599.328715910066,18516.26181882078,38705.14251724807,0.97134,0.031525,7500.0,170377.60085403445,162877.60085403445,0.74363,0.25164,0.110515,1720.8613991528152
0.45,0.0,0.0,171609.4841849733,161297.80414978755,171187.27575835437,183577.02894379632,39097.75181835597,17044.318578738843,36173.10977798165,0.958725,3e-05,23432.364772393503,172924.80096078877,150000.0,0.74363,0.249705,0.011285,1822.880587420221
0.45,0.0,0.025,171609.4841849733,161297.80414978755,171187.27575835437,183577.02894379632,39097.75181835597,17044.318578738843,36173.10977798165,0.958725,0.0,27182.364772393503,172924.80096078877,146250.0,0.74363,0.249705,0.0053,1822.880587420221
0.45,0.0,0.05,171609.4841849733,161297.80414978755,171187.27575835437,183577.02894379632,39097.75181835597,17044.318578738843,36173.10977798165,0.958725,0.0,30932.364772393503,172924.80096078877,142500.0,0.74363,0.249705,0.00239,1822.880587420221
0.45,0.05,0.0,171609.4841849733,161297.80414978755,171187.27575835437,183577.02894379632,39097.75181835597,17044.318578738843,36173.10977798165,0.958725,5e-05,22260.746533773832,172924.80096078877,151146.24004803944,0.74363,0.249705,0.013465,1822.880587420221
0.45,0.05,0.025,171609.4841849733,161297.80414978755,171187.27575835437,183577.02894379632,39097.75181835597,17044.318578738843,36173.10977798165,0.958725,0.0,26010.746533773832,172924.80096078877,147396.24004803944,0.74363,0.249705,0.006525,1822.880587420221
0.45,0.05,0.05,171609.4841849733,161297.80414978755,171187.27575835437,183577.02894379632,39097.75181835597,17044.318578738843,36173.10977798165,0.958725,0.0,29760.746533773832,172924.80096078877,143646.24004803944,0.74363,0.249705,0.00312,1822.880587420221
0.45,0.1,0.0,171609.4841849733,161297.80414978755,171187.27575835437,183577.02894379632,39097.75181835597,17044.318578738843,36173.10977798165,0.958725,0.00012,21089.128295154158,172924.80096078877,152292.48009607889,0.74363,0.249705,0.015965,1822.880587420221
0.45,0.1,0.025,171609.4841849733,161297.80414978755,171187.27575835437,183577.02894379632,39097.75181835597,17044.318578738843,36173.10977798165,0.958725,0.0,24839.128295154158,172924.80096078877,148542.48009607889,0.74363,0.249705,0.0078,1822.880587420221
0.45,0.1,0.05,171609.4841849733,161297.80414978755,171187.27575835437,183577.02894379632,39097.75181835597,17044.318578738843,36173.10977798165,0.958725,0.0,28589.128295154158,172924.80096078877,144792.48009607889,0.74363,0.249705,0.00396,1822.880587420221
0.45,0.15,0.0,171609.4841849733,161297.80414978755,171187.27575835437,183577.02894379632,39097.75181835597,17044.318578738843,36173.10977798165,0.958725,0.00024,19917.51005653448,172924.80096078877,153438.7201441183,0.74363,0.249705,0.01906,1822.880587420221
0.45,0.15,0.025,171609.4841849733,161297.80414978755,171187.27575835437,183577.02894379632,39097.75181835597,17044.318578738843,36173.10977798165,0.958725,0.0,23667.51005653448,172924.80096078877,149688.7201441183,0.74363,0.249705,0.0095,1822.880587420221
0.45,0.15,0.05,171609.4841849733,161297.80414978755,171187.27575835437,183577.02894379632,39097.75181835597,17044.318578738843,36173.10977798165,0.958725,0.0,27417.51005653448,172924.80096078877,145938.7201441183,0.74363,0.249705,0.004945,1822.880587420221
0.45,0.2,0.0,171609.4841849733,161297.80414978755,171187.27575835437,183577.02894379632,39097.75181835597,17044.318578738843,36173.10977798165,0.958725,0.00052,18745.891817914806,172924.80096078877,154584.96019215777,0.74363,0.249705,0.023205,1822.880587420221
0.45,0.2,0.025,171609.4841849733,161297.80414978755,171187.27575835437,183577.02894379632,39097.75181835597,17044.318578738843,36173.10977798165,0.958725,0.0,22495.891817914806,172924.80096078877,150834.96019215777,0.74363,0.249705,0.011515,1822.880587420221
0.45,0.2,0.05,171609.4841849733,161297.80414978755,171187.27575835437,183577.02894379632,39097.75181835597,17044.318578738843,36173.10977798165,0.958725,0.0,26245.891817914806,172924.80096078877,147084.96019215777,0.74363,0.249705,0.00598,1822.880587420221
0.45,0.25,0.0,171609.4841849733,161297.80414978755,171187.27575835437,183577.02894379632,39097.75181835597,17044.318578738843,36173.10977798165,0.958725,0.00115,17574.273579295128,172924.80096078877,155731.20024019718,0.74363,0.249705,0.02793,1822.880587420221
0.45,0.25,0.025,171609.4841849733,161297.80414978755,171187.27575835437,183577.02894379632,39097.75181835597,17044.318578738843,36173.10977798165,0.958725,0.0,21324.273579295128,172924.80096078877,151981.20024019718,0.74363,0.249705,0.013685,1822.880587420221
0.45,0.25,0.05,171609.4841849733,161297.80414978755,171187.27575835437,183577.02894379632,39097.75181835597,17044.318578738843,36173.10977798165,0.958725,0.0,25074.273579295128,172924.80096078877,148231.20024019718,0.74363,0.249705,0.00727,1822.880587420221
0.45,0.3,0.0,171609.4841849733,161297.80414978755,171187.27575835437,183577.02894379632,39097.75181835597,17044.318578738843,36173.10977798165,0.958725,0.00195,16402.655340675454,172924.80096078877,156877.44028823663,0.74363,0.249705,0.03371,1822.880587420221
0.45,0.3,0.025,171609.4841849733,161297.80414978755,171187.27575835437,183577.02894379632,39097.75181835597,17044.318578738843,36173.10977798165,0.958725,7.5e-05,20152.655340675454,172924.80096078877,153127.44028823663,0.74363,0.249705,0.016495,1822.880587420221
0.45,0.3,0.05,171609.4841849733,161297.80414978755,171187.27575835437,183577.02894379632,39097.75181835597,17044.318578738843,36173.10977798165,0.958725,0.0,23902.655340675454,172924.80096078877,149377.44028823663,0.74363,0.249705,0.00873,1822.880587420221
0.45,0.35,0.0,171609.4841849733,161297.80414978755,171187.27575835437,183577.02894379632,39097.75181835597,17044.318578738843,36173.10977798165,0.958725,0.003195,15231.037102055778,172924.80096078877,158023.68033627607,0.74363,0.249705,0.041085,1822.880587420221
0.45,0.35,0.025,171609.4841849733,161297.80414978755,171187.27575835437,183577.02894379632,39097.75181835597,17044.318578738843,36173.10977798165,0.958725,0.000255,18981.03710205578,172924.80096078877,154273.68033627607,0.74363,0.249705,0.02,1822.880587420221
0.45,0.35,0.05,171609.4841849733,161297.80414978755,171187.27575835437,183577.02894379632,39097.75181835597,17044.318578738843,36173.10977798165,0.958725,0.0,22731.03710205578,172924.80096078877,150523.68033627607,0.74363,0.249705,0.010565,1822.880587420221
0.45,0.4,0.0,171609.4841849733,161297.80414978755,171187.27575835437,183577.02894379632,39097.75181835597,17044.318578738843,36173.10977798165,0.958725,0.00527,14059.418863436103,172924.80096078877,159169.9203843155,0.74363,0.249705,0.050055,1822.880587420221
0.45,0.4,0.025,171609.4841849733,161297.80414978755,171187.27575835437,183577.02894379632,39097.75181835597,17044.318578738843,36173.10977798165,0.958725,0.000685,17809.4188634361,172924.80096078877,155419.9203843155,0.74363,0.249705,0.02421,1822.880587420221
0.45,0.4,0.05,171609.4841849733,161297.80414978755,171187.27575835437,183577.02894379632,39097.75181835597,17044.318578738843,36173.10977798165,0.958725,1e-05,21559.4188634361,172924.80096078877,151669.9203843155,0.74363,0.249705,0.01279,1822.880587420221
0.45,0.45,0.0,171609.4841849733,161297.80414978755,171187.27575835437,183577.02894379632,39097.75181835597,17044.318578738843,36173.10977798165,0.958725,0.007615,12887.80062481643,172924.80096078877,160316.16043235495,0.74363,0.249705,0.06071,1822.880587420221
0.45,0.45,0.025,171609.4841849733,161297.80414978755,171187.27575835437,183577.02894379632,39097.75181835597,17044.318578738843,36173.10977798165,0.958725,0.001315,16637.80062481643,172924.80096078877,156566.16043235495,0.74363,0.249705,0.029465,1822.880587420221
0.45,0.45,0.05,171609.4841849733,161297.80414978755,171187.27575835437,183577.02894379632,39097.75181835597,17044.318578738843,36173.10977798165,0.958725,0.000105,20387.80062481643,172924.80096078877,152816.16043235495,0.74363,0.249705,0.015425,1822.880587420221
0.45,0.5,0.0,171609.4841849733,161297.80414978755,171187.27575835437,183577.02894379632,39097.75181835597,17044.318578738843,36173.10977798165,0.958725,0.011285,11716.182386196751,172924.80096078877,161462.40048039437,0.74363,0.249705,0.073725,1822.880587420221
0.45,0.5,0.025,171609.4841849733,161297.80414978755,171187.27575835437,183577.02894379632,39097.75181835597,17044.318578738843,36173.10977798165,0.958725,0.00239,15466.182386196751,172924.80096078877,157712.40048039437,0.74363,0.249705,0.035795,1822.880587420221
0.45,0.5,0.05,171609.4841849733,161297.80414978755,171187.27575835437,183577.02894379632,39097.75181835597,17044.318578738843,36173.10977798165,0.958725,0.000295,19216.182386196753,172924.80096078877,153962.40048039437,0.74363,0.249705,0.018675,1822.880587420221
0.45,0.55,0.0,171609.4841849733,161297.80414978755,171187.27575835437,183577.02894379632,39097.75181835597,17044.318578738843,36173.10977798165,0.958725,0.015965,10544.564147577077,172924.80096078877,162608.64052843384,0.74363,0.249705,0.08995,1822.880587420221
0.45,0.55,0.025,171609.4841849733,161297.80414978755,171187.27575835437,183577.02894379632,39097.75181835597,17044.318578738843,36173.10977798165,0.958725,0.00396,14294.564147577079,172924.80096078877,158858.64052843384,0.74363,0.249705,0.044035,1822.880587420221
0.45,0.55,0.05,171609.4841849733,161297.80414978755,171187.27575835437,183577.02894379632,39097.75181835597,17044.318578738843,36173.10977798165,0.958725,0.00073,18044.56414757708,172924.80096078877,155108.64052843384,0.74363,0.249705,0.022725,1822.880587420221
0.45,0.6,0.0,171609.4841849733,161297.80414978755,171187.27575835437,183577.02894379632,39097.75181835597,17044.318578738843,36173.10977798165,0.958725,0.023205,9372.945908957403,172924.80096078877,163754.88057647325,0.74363,0.249705,0.11158,1822.880587420221
0.45,0.6,0.025,171609.4841849733,161297.80414978755,171187.27575835437,183577.02894379632,39097.75181835597,17044.318578738843,36173.10977798165,0.958725,0.00598,13122.945908957403,172924.80096078877,160004.88057647325,0.74363,0.249705,0.053375,1822.880587420221
0.45,0.6,0.05,171609.4841849733,161297.80414978755,171187.27575835437,183577.02894379632,39097.75181835597,17044.318578738843,36173.10977798165,0.958725,0.001385,16872.9459089574,172924.80096078877,156254.88057647325,0.74363,0.249705,0.02788,1822.880587420221
0.45,0.65,0.0,171609.4841849733,161297.80414978755,171187.27575835437,183577.02894379632,39097.75181835597,17044.318578738843,36173.10977798165,0.958725,0.03371,8201.327670337725,172924.80096078877,164901.1206245127,0.74363,0.249705,0.1404,1822.880587420221
0.45,0.65,0.025,171609.4841849733,161297.80414978755,171187.27575835437,183577.02894379632,39097.75181835597,17044.318578738843,36173.10977798165,0.958725,0.00873,11951.327670337725,172924.80096078877,161151.1206245127,0.74363,0.249705,0.06421,1822.880587420221
0.45,0.65,0.05,171609.4841849733,161297.80414978755,171187.27575835437,183577.02894379632,39097.75181835597,17044.318578738843,36173.10977798165,0.958725,0.00249,15701.327670337725,172924.80096078877,157401.1206245127,0.74363,0.249705,0.03383,1822.880587420221
0.45,0.7,0.0,171609.4841849733,161297.80414978755,171187.27575835437,183577.02894379632,39097.75181835597,17044.318578738843,36173.10977798165,0.958725,0.050055,7029.709431718053,172924.80096078877,166047.36067255214,0.74363,0.249705,0.177495,1822.880587420221
0.45,0.7,0.025,171609.4841849733,161297.80414978755,171187.27575835437,183577.02894379632,39097.75181835597,17044.318578738843,36173.10977798165,0.958725,0.01279,10779.70943171805,172924.80096078877,162297.36067255214,0.74363,0.249705,0.077735,1822.880587420221
0.45,0.7,0.05,171609.4841849733,161297.80414978755,171187.27575835437,183577.02894379632,39097.75181835597,17044.318578738843,36173.10977798165,0.958725,0.00386,14529.70943171805,172924.80096078877,158547.36067255214,0.74363,0.249705,0.04118,1822.880587420221
0.45,0.75,0.0,171609.4841849733,161297.80414978755,171187.27575835437,183577.02894379632,39097.75181835597,17044.318578738843,36173.10977798165,0.958725,0.073725,5858.091193098376,172924.80096078877,167193.60072059158,0.74363,0.249705,0.228065,1822.880587420221
0.45,0.75,0.025,171609.4841849733,161297.80414978755,171187.27575835437,183577.02894379632,39097.75181835597,17044.318578738843,36173.10977798165,0.958725,0.018675,9608.091193098377,172924.80096078877,163443.60072059158,0.74363,0.249705,0.09394,1822.880587420221
0.45,0.75,0.05,171609.4841849733,161297.80414978755,171187.27575835437,183577.02894379632,39097.75181835597,17044.318578738843,36173.10977798165,0.958725,0.005565,13358.091193098377,172924.80096078877,159693.60072059158,0.74363,0.249705,0.049585,1822.880587420221
0.45,0.8,0.0,171609.4841849733,161297.80414978755,171187.27575835437,183577.02894379632,39097.75181835597,17044.318578738843,36173.10977798165,0.958725,0.11158,4686.472954478701,172924.80096078877,168339.84076863102,0.74363,0.249705,0.29111,1822.880587420221
0.45,0.8,0.025,171609.4841849733,161297.80414978755,171187.27575835437,183577.02894379632,39097.75181835597,17044.318578738843,36173.10977798165,0.958725,0.02788,8436.4729544787,172924.80096078877,164589.84076863102,0.74363,0.249705,0.11536,1822.880587420221
0.45,0.8,0.05,171609.4841849733,161297.80414978755,171187.27575835437,183577.02894379632,39097.75181835597,17044.318578738843,36173.10977798165,0.958725,0.008155,12186.4729544787,172924.80096078877,160839.84076863102,0.74363,0.249705,0.060305,1822.880587420221
0.45,0.85,0.0,171609.4841849733,161297.80414978755,171187.27575835437,183577.02894379632,39097.75181835597,17044.318578738843,36173.10977798165,0.958725,0.177495,3514.8547158590263,172924.80096078877,169486.08081667044,0.74363,0.249705,0.368095,1822.880587420221
0.45,0.85,0.025,171609.4841849733,161297.80414978755,171187.27575835437,183577.02894379632,39097.75181835597,17044.318578738843,36173.10977798165,0.958725,0.04118,7264.854715859025,172924.80096078877,165736.08081667044,0.74363,0.249705,0.15029,1822.880587420221
0.45,0.85,0.05,171609.4841849733,161297.80414978755,171187.27575835437,183577.02894379632,39097.75181835597,17044.318578738843,36173.10977798165,0.958725,0.012295,11014.854715859026,172924.80096078877,161986.08081667044,0.74363,0.249705,0.07269,1822.880587420221
0.45,0.9,0.0,171609.4841849733,161297.80414978755,171187.27575835437,183577.02894379632,39097.75181835597,17044.318578738843,36173.10977798165,0.958725,0.29111,2343.2364772393503,172924.80096078877,170632.3208647099,0.74363,0.249705,0.45907,1822.880587420221
0.45,0.9,0.025,171609.4841849733,161297.80414978755,171187.27575835437,183577.02894379632,39097.75181835597,17044.318578738843,36173.10977798165,0.958725,0.060305,6093.236477239351,172924.80096078877,166882.3208647099,0.74363,0.249705,0.207825,1822.880587420221
0.45,0.9,0.05,171609.4841849733,161297.80414978755,171187.27575835437,183577.02894379632,39097.75181835597,17044.318578738843,36173.10977798165,0.958725,0.018295,9843.236477239352,172924.80096078877,163132.3208647099,0.74363,0.249705,0.086745,1822.880587420221
0.45,0.95,0.0,171609.4841849733,161297.80414978755,171187.27575835437,183577.02894379632,39097.75181835597,17044.318578738843,36173.10977798165,0.958725,0.45907,1171.6182386196765,172924.80096078877,171778.56091274932,0.74363,0.249705,0.60116,1822.880587420221
0.45,0.95,0.025,171609.4841849733,161297.80414978755,171187.27575835437,183577.02894379632,39097.75181835597,17044.318578738843,36173.10977798165,0.958725,0.086745,4921.618238619677,172924.80096078877,168028.56091274932,0.74363,0.249705,0.25962,1822.880587420221
0.45,0.95,0.05,171609.4841849733,161297.80414978755,171187.27575835437,183577.02894379632,39097.75181835597,17044.318578738843,36173.10977798165,0.958725,0.027155,8671.618238619676,172924.80096078877,164278.56091274932,0.74363,0.249705,0.1025,1822.880587420221
0.45,1.0,0.0,171609.4841849733,161297.80414978755,171187.27575835437,183577.02894379632,39097.75181835597,17044.318578738843,36173.10977798165,0.958725,0.750295,0.0,172924.80096078877,172924.80096078877,0.74363,0.249705,0.750295,1822.880587420221
0.45,1.0,0.025,171609.4841849733,161297.80414978755,171187.27575835437,183577.02894379632,39097.75181835597,17044.318578738843,36173.10977798165,0.958725,0.121315,3750.0,172924.80096078877,169174.80096078877,0.74363,0.249705,0.34899,1822.880587420221
0.45,1.0,0.05,171609.4841849733,161297.80414978755,171187.27575835437,183577.02894379632,39097.75181835597,17044.318578738843,36173.10977798165,0.958725,0.03995,7500.0,172924.80096078877,165424.80096078877,0.74363,0.249705,0.121315,1822.880587420221
0.5,0.0,0.0,174110.74054266678,162701.11567629522,173639.66983411682,187397.32844839597,36596.495460662474,15547.35329803775,33633.15483338549,0.937105,1.5e-05,26035.960858215003,175472.00106754305,150000.0,0.74363,0.24824,0.010645,1925.2203155482268
0.5,0.0,0.025,174110.74054266678,162701.11567629522,173639.66983411682,187397.32844839597,36596.495460662474,15547.35329803775,33633.15483338549,0.937105,0.0,29785.960858215007,175472.00106754305,146250.0,0.74363,0.24824,0.0054,1925.2203155482268
0.5,0.0,0.05,174110.74054266678,162701.11567629522,173639.66983411682,187397.32844839597,36596.495460662474,15547.35329803775,33633.15483338549,0.937105,0.0,33535.960858215,175472.00106754305,142500.0,0.74363,0.24824,0.002645,1925.2203155482268
0.5,0.05,0.0,174110.74054266678,162701.11567629522,173639.66983411682,187397.32844839597,36596.495460662474,15547.35329803775,33633.15483338549,0.937105,3.5e-05,24734.162815304255,175472.00106754305,151273.60005337716,0.74363,0.24824,0.012725,1925.2203155482268
0.5,0.05,0.025,174110.74054266678,162701.11567629522,173639.66983411682,187397.32844839597,36596.495460662474,15547.35329803775,33633.15483338549,0.937105,0.0,28484.162815304255,175472.00106754305,147523.60005337716,0.74363,0.24824,0.006635,1925.2203155482268
0.5,0.05,0.05,174110.74054266678,162701.11567629522,173639.66983411682,187397.32844839597,36596.495460662474,15547.35329803775,33633.15483338549,0.937105,0.0,32234.162815304262,175472.00106754305,143773.60005337716,0.74363,0.24824,0.003475,1925.2203155482268
0.5,0.1,0.0,174110.74054266678,162701.11567629522,173639.66983411682,187397.32844839597,36596.495460662474,15547.35329803775,33633.15483338549,0.937105,8e-05,23432.364772393503,175472.00106754305,152547.20010675432,0.74363,0.24824,0.014955,1925.2203155482268
0.5,0.1,0.025,174110.74054266678,162701.11567629522,173639.66983411682,187397.32844839597,36596.495460662474,15547.35329803775,33633.15483338549,0.937105,0.0,27182.364772393503,175472.00106754305,148797.20010675432,0.74363,0.24824,0.007945,1925.2203155482268
0.5,0.1,0.05,174110.74054266678,162701.11567629522,173639.66983411682,187397.32844839597,36596.495460662474,15547.35329803775,33633.15483338549,0.937105,0.0,30932.364772393503,175472.00106754305,145047.20010675432,0.74363,0.24824,0.004345,1925.2203155482268
0.5,0.15,0.0,174110.74054266678,162701.11567629522,173639.66983411682,187397.32844839597,36596.495460662474,15547.35329803775,33633.15483338549,0.937105,0.00018,22130.566729482754,175472.00106754305,153820.80016013148,0.74363,0.24824,0.01784,1925.2203155482268
0.5,0.15,0.025,174110.74054266678,162701.11567629522,173639.66983411682,187397.32844839597,36596.495460662474,15547.35329803775,33633.15483338549,0.937105,0.0,25880.566729482754,175472.00106754305,150070.80016013148,0.74363,0.24824,0.00971,1925.2203155482268
0.5,0.15,0.05,174110.74054266678,162701.11567629522,173639.66983411682,187397.32844839597,36596.495460662474,15547.35329803775,33633.15483338549,0.937105,0.0,29630.566729482754,175472.00106754305,146320.80016013148,0.74363,0.24824,0.005375,1925.2203155482268
0.5,0.2,0.0,174110.74054266678,162701.11567629522,173639.66983411682,187397.32844839597,36596.495460662474,15547.35329803775,33633.15483338549,0.937105,0.00038,20828.768686572006,175472.00106754305,155094.40021350863,0.74363,0.24824,0.021765,1925.2203155482268
0.5,0.2,0.025,174110.74054266678,162701.11567629522,173639.66983411682,187397.32844839597,36596.495460662474,15547.35329803775,33633.15483338549,0.937105,0.0,24578.76868657201,175472.00106754305,151344.40021350863,0.74363,0.24824,0.01166,1925.2203155482268
0.5,0.2,0.05,174110.74054266678,162701.11567629522,173639.66983411682,187397.32844839597,36596.495460662474,15547.35329803775,33633.15483338549,0.937105,0.0,28328.76868657201,175472.00106754305,147594.40021350863,0.74363,0.24824,0.00655,1925.2203155482268
0.5,0.25,0.0,174110.74054266678,162701.11567629522,173639.66983411682,187397.32844839597,36596.495460662474,15547.35329803775,33633.15483338549,0.937105,0.00095,19526.970643661254,175472.00106754305,156368.00026688576,0.74363,0.24824,0.026275,1925.2203155482268
0.5,0.25,0.025,174110.74054266678,162701.11567629522,173639.66983411682,187397.32844839597,36596.495460662474,15547.35329803775,33633.15483338549,0.937105,0.0,23276.97064366125,175472.00106754305,152618.00026688576,0.74363,0.24824,0.01392,1925.2203155482268
0.5,0.25,0.05,174110.74054266678,162701.11567629522,173639.66983411682,187397.32844839597,36596.495460662474,15547.35329803775,33633.15483338549,0.937105,0.0,27026.97064366125,175472.00106754305,148868.00026688576,0.74363,0.24824,0.007845,1925.2203155482268
0.5,0.3,0.0,174110.74054266678,162701.11567629522,173639.66983411682,187397.32844839597,36596.495460662474,15547.35329803775,33633.15483338549,0.937105,0.00176,18225.172600750506,175472.00106754305,157641.60032026292,0.74363,0.24824,0.03178,1925.2203155482268
0.5,0.3,0.025,174110.74054266678,162701.11567629522,173639.66983411682,187397.32844839597,36596.495460662474,15547.35329803775,33633.15483338549,0.937105,0.0001,21975.172600750502,175472.00106754305,153891.60032026292,0.74363,0.24824,0.01682,1925.2203155482268
0.5,0.3,0.05,174110.74054266678,162701.11567629522,173639.66983411682,187397.32844839597,36596.495460662474,15547.35329803775,33633.15483338549,0.937105,0.0,25725.172600750502,175472.00106754305,150141.60032026292,0.74363,0.24824,0.00946,1925.2203155482268
0.5,0.35,0.0,174110.74054266678,162701.11567629522,173639.66983411682,187397.32844839597,36596.495460662474,15547.35329803775,33633.15483338549,0.937105,0.002885,16923.374557839757,175472.00106754305,158915.20037364005,0.74363,0.24824,0.038375,1925.2203155482268
0.5,0.35,0.025,174110.74054266678,162701.11567629522,173639.66983411682,187397.32844839597,36596.495460662474,15547.35329803775,33633.15483338549,0.937105,0.0003,20673.374557839757,175472.00106754305,155165.20037364005,0.74363,0.24824,0.020315,1925.2203155482268
0.5,0.35,0.05,174110.74054266678,162701.11567629522,173639.66983411682,187397.32844839597,36596.495460662474,15547.35329803775,33633.15483338549,0.937105,0.0,24423.374557839757,175472.00106754305,151415.20037364005,0.74363,0.24824,0.01148,1925.2203155482268
0.5,0.4,0.0,174110.74054266678,162701.11567629522,173639.66983411682,187397.32844839597,36596.495460662474,15547.35329803775,33633.15483338549,0.937105,0.004935,15621.576514929004,175472.00106754305,160188.8004270172,0.74363,0.24824,0.04704,1925.2203155482268
0.5,0.4,0.025,174110.74054266678,162701.11567629522,173639.66983411682,187397.32844839597,36596.495460662474,15547.35329803775,33633.15483338549,0.937105,0.00082,19371.576514929005,175472.00106754305,156438.8004270172,0.74363,0.24824,0.02457,1925.2203155482268
0.5,0.4,0.05,174110.74054266678,162701.11567629522,173639.66983411682,187397.32844839597,36596.495460662474,15547.35329803775,33633.15483338549,0.937105,2.5e-05,23121.576514929005,175472.00106754305,152688.8004270172,0.74363,0.24824,0.013835,1925.2203155482268
0.5,0.45,0.0,174110.74054266678,162701.11567629522,173639.66983411682,187397.32844839597,36596.495460662474,15547.35329803775,33633.15483338549,0.937105,0.007145,14319.778472018254,175472.00106754305,161462.40048039437,0.74363,0.24824,0.056885,1925.2203155482268
0.5,0.45,0.025,174110.74054266678,162701.11567629522,173639.66983411682,187397.32844839597,36596.495460662474,15547.35329803775,33633.15483338549,0.937105,0.001435,18069.778472018254,175472.00106754305,157712.40048039437,0.74363,0.24824,0.02985,1925.2203155482268
0.5,0.45,0.05,174110.74054266678,162701.11567629522,173639.66983411682,187397.32844839597,36596.495460662474,15547.35329803775,33633.15483338549,0.937105,0.000155,21819.77847201825,175472.00106754305,153962.40048039437,0.74363,0.24824,0.016855,1925.2203155482268
0.5,0.5,0.0,174110.74054266678,162701.11567629522,173639.66983411682,187397.32844839597,36596.495460662474,15547.35329803775,33633.15483338549,0.937105,0.010645,13017.980429107502,175472.00106754305,162736.00053377153,0.74363,0.24824,0.069115,1925.2203155482268
0.5,0.5,0.025,174110.74054266678,162701.11567629522,173639.66983411682,187397.32844839597,36596.495460662474,15547.35329803775,33633.15483338549,0.937105,0.002645,16767.9804291075,175472.00106754305,158986.00053377153,0.74363,0.24824,0.03628,1925.2203155482268
0.5,0.5,0.05,174110.74054266678,162701.11567629522,173639.66983411682,187397.32844839597,36596.495460662474,15547.35329803775,33633.15483338549,0.937105,0.00044,20517.9804291075,175472.00106754305,155236.00053377153,0.74363,0.24824,0.0203,1925.2203155482268
0.5,0.55,0.0,174110.74054266678,162701.11567629522,173639.66983411682,187397.32844839597,36596.495460662474,15547.35329803775,33633.15483338549,0.937105,0.014955,11716.182386196751,175472.00106754305,164009.60058714869,0.74363,0.24824,0.08373,1925.2203155482268
0.5,0.55,0.025,174110.74054266678,162701.11567629522,173639.66983411682,187397.32844839597,36596.495460662474,15547.35329803775,33633.15483338549,0.937105,0.004345,15466.182386196751,175472.00106754305,160259.60058714869,0.74363,0.24824,0.04457,1925.2203155482268
0.5,0.55,0.05,174110.74054266678,162701.11567629522,173639.66983411682,187397.32844839597,36596.495460662474,15547.35329803775,33633.15483338549,0.937105,0.00099,19216.182386196753,175472.00106754305,156509.60058714869,0.74363,0.24824,0.024585,1925.2203155482268
0.5,0.6,0.0,174110.74054266678,162701.11567629522,173639.66983411682,187397.32844839597,36596.495460662474,15547.35329803775,33633.15483338549,0.937105,0.021765,10414.384343286005,175472.00106754305,165283.20064052584,0.74363,0.24824,0.10317,1925.2203155482268
0.5,0.6,0.025,174110.74054266678,162701.11567629522,173639.66983411682,187397.32844839597,36596.495460662474,15547.35329803775,33633.15483338549,0.937105,0.00655,14164.384343286005,175472.00106754305,161533.20064052584,0.74363,0.24824,0.05422,1925.2203155482268
0.5,0.6,0.05,174110.74054266678,162701.11567629522,173639.66983411682,187397.32844839597,36596.495460662474,15547.35329803775,33633.15483338549,0.937105,0.001795,17914.384343286005,175472.00106754305,157783.20064052584,0.74363,0.24824,0.030195,1925.2203155482268
0.5,0.65,0.0,174110.74054266678,162701.11567629522,173639.66983411682,187397.32844839597,36596.495460662474,15547.35329803775,33633.15483338549,0.937105,0.03178,9112.586300375251,175472.00106754305,166556.800693903,0.74363,0.24824,0.127805,1925.2203155482268
0.5,0.65,0.025,174110.74054266678,162701.11567629522,173639.66983411682,187397.32844839597,36596.495460662474,15547.35329803775,33633.15483338549,0.937105,0.00946,12862.586300375251,175472.00106754305,162806.800693903,0.74363,0.24824,0.065465,1925.2203155482268
0.5,0.65,0.05,174110.74054266678,162701.11567629522,173639.66983411682,187397.32844839597,36596.495460662474,15547.35329803775,33633.15483338549,0.937105,0.003105,16612.586300375253,175472.00106754305,159056.800693903,0.74363,0.24824,0.03643,1925.2203155482268
0.5,0.7,0.0,174110.74054266678,162701.11567629522,173639.66983411682,187397.32844839597,36596.495460662474,15547.35329803775,33633.15483338549,0.937105,0.04704,7810.788257464503,175472.00106754305,167830.40074728016,0.74363,0.24824,0.160775,1925.2203155482268
0.5,0.7,0.025,174110.74054266678,162701.11567629522,173639.66983411682,187397.32844839597,36596.495460662474,15547.35329803775,33633.15483338549,0.937105,0.013835,11560.788257464505,175472.00106754305,164080.40074728016,0.74363,0.24824,0.07905,1925.2203155482268
0.5,0.7,0.05,174110.74054266678,162701.11567629522,173639.66983411682,187397.32844839597,36596.495460662474,15547.35329803775,33633.15483338549,0.937105,0.004685,15310.788257464505,175472.00106754305,160330.40074728016,0.74363,0.24824,0.04456,1925.2203155482268
0.5,0.75,0.0,174110.74054266678,162701.11567629522,173639.66983411682,187397.32844839597,36596.495460662474,15547.35329803775,33633.15483338549,0.937105,0.069115,6508.990214553752,175472.00106754305,169104.00080065732,0.74363,0.24824,0.20663,1925.2203155482268
0.5,0.75,0.025,174110.74054266678,162701.11567629522,173639.66983411682,187397.32844839597,36596.495460662474,15547.35329803775,33633.15483338549,0.937105,0.0203,10258.990214553753,175472.00106754305,165354.00080065732,0.74363,0.24824,0.09506,1925.2203155482268
0.5,0.75,0.05,174110.74054266678,162701.11567629522,173639.66983411682,187397.32844839597,36596.495460662474,15547.35329803775,33633.15483338549,0.937105,0.00669,14008.990214553753,175472.00106754305,161604.00080065732,0.74363,0.24824,0.05382,1925.2203155482268
0.5,0.8,0.0,174110.74054266678,162701.11567629522,173639.66983411682,187397.32844839597,36596.495460662474,15547.35329803775,33633.15483338549,0.937105,0.10317,5207.192171643001,175472.00106754305,170377.60085403445,0.74363,0.24824,0.26843,1925.2203155482268
0.5,0.8,0.025,174110.74054266678,162701.11567629522,173639.66983411682,187397.32844839597,36596.495460662474,15547.35329803775,33633.15483338549,0.937105,0.030195,8957.192171643,175472.00106754305,166627.60085403445,0.74363,0.24824,0.11511,1925.2203155482268
0.5,0.8,0.05,174110.74054266678,162701.11567629522,173639.66983411682,187397.32844839597,36596.495460662474,15547.35329803775,33633.15483338549,0.937105,0.010055,12707.192171642999,175472.00106754305,162877.60085403445,0.74363,0.24824,0.06534,1925.2203155482268
0.5,0.85,0.0,174110.74054266678,162701.11567629522,173639.66983411682,187397.32844839597,36596.495460662474,15547.35329803775,33633.15483338549,0.937105,0.160775,3905.3941287322514,175472.00106754305,171651.2009074116,0.74363,0.24824,0.346685,1925.2203155482268
0.5,0.85,0.025,174110.74054266678,162701.11567629522,173639.66983411682,187397.32844839597,36596.495460662474,15547.35329803775,33633.15483338549,0.937105,0.04456,7655.394128732252,175472.00106754305,167901.2009074116,0.74363,0.24824,0.14582,1925.2203155482268
0.5,0.85,0.05,174110.74054266678,162701.11567629522,173639.66983411682,187397.32844839597,36596.495460662474,15547.35329803775,33633.15483338549,0.937105,0.01499,11405.394128732252,175472.00106754305,164151.2009074116,0.74363,0.24824,0.078755,1925.2203155482268
0.5,0.9,0.0,174110.74054266678,162701.11567629522,173639.66983411682,187397.32844839597,36596.495460662474,15547.35329803775,33633.15483338549,0.937105,0.26843,2603.5960858215003,175472.00106754305,172924.80096078877,0.74363,0.24824,0.441395,1925.2203155482268
0.5,0.9,0.025,174110.74054266678,162701.11567629522,173639.66983411682,187397.32844839597,36596.495460662474,15547.35329803775,33633.15483338549,0.937105,0.06534,6353.596085821499,175472.00106754305,169174.80096078877,0.74363,0.24824,0.202815,1925.2203155482268
0.5,0.9,0.05,174110.74054266678,162701.11567629522,173639.66983411682,187397.32844839597,36596.495460662474,15547.35329803775,33633.15483338549,0.937105,0.022265,10103.5960858215,175472.00106754305,165424.80096078877,0.74363,0.24824,0.09362,1925.2203155482268
0.5,0.95,0.0,174110.74054266678,162701.11567629522,173639.66983411682,187397.32844839597,36596.495460662474,15547.35329803775,33633.15483338549,0.937105,0.441395,1301.7980429107517,175472.00106754305,174198.4010141659,0.74363,0.24824,0.581645,1925.2203155482268
0.5,0.95,0.025,174110.74054266678,162701.11567629522,173639.66983411682,187397.32844839597,36596.495460662474,15547.35329803775,33633.15483338549,0.937105,0.09362,5051.798042910752,175472.00106754305,170448.4010141659,0.74363,0.24824,0.260755,1925.2203155482268
0.5,0.95,0.05,174110.74054266678,162701.11567629522,173639.66983411682,187397.32844839597,36596.495460662474,15547.35329803775,33633.15483338549,0.937105,0.03282,8801.798042910752,175472.00106754305,166698.4010141659,0.74363,0.24824,0.110855,1925.2203155482268
0.5,1.0,0.0,174110.74054266678,162701.11567629522,173639.66983411682,187397.32844839597,36596.495460662474,15547.35329803775,33633.15483338549,0.937105,0.75176,0.0,175472.00106754305,175472.00106754305,0.74363,0.24824,0.75176,1925.2203155482268
0.5,1.0,0.025,174110.74054266678,162701.11567629522,173639.66983411682,187397.32844839597,36596.495460662474,15547.35329803775,33633.15483338549,0.937105,0.130245,3750.0,175472.00106754305,171722.00106754305,0.74363,0.24824,0.354615,1925.2203155482268
0.5,1.0,0.05,174110.74054266678,162701.11567629522,173639.66983411682,187397.32844839597,36596.495460662474,15547.35329803775,33633.15483338549,0.937105,0.04841,7500.0,175472.00106754305,167972.00106754305,0.74363,0.24824,0.130245,1925.2203155482268
0.55,0.0,0.0,176611.75594794643,164099.96706346233,176096.5871360117,191202.20297393994,34095.480055382825,14059.013941947342,31079.117565490174,0.89724,1.5e-05,28639.556944036507,178019.20117429737,150000.0,0.74363,0.24698,0.01006,2027.800996090081
0.55,0.0,0.025,176611.75594794643,164099.96706346233,176096.5871360117,191202.20297393994,34095.480055382825,14059.013941947342,31079.117565490174,0.89724,0.0,32389.55694403651,178019.20117429737,146250.0,0.74363,0.24698,0.00553,2027.800996090081
0.55,0.0,0.05,176611.75594794643,164099.96706346233,176096.5871360117,191202.20297393994,34095.480055382825,14059.013941947342,31079.117565490174,0.89724,0.0,36139.55694403651,178019.20117429737,142500.0,0.74363,0.24698,0.002975,2027.800996090081
0.55,0.05,0.0,176611.75594794643,164099.96706346233,176096.5871360117,191202.20297393994,34095.480055382825,14059.013941947342,31079.117565490174,0.89724,2e-05,27207.579096834685,178019.20117429737,151400.96005871485,0.74363,0.24698,0.012145,2027.800996090081
0.55,0.05,0.025,176611.75594794643,164099.96706346233,176096.5871360117,191202.20297393994,34095.480055382825,14059.013941947342,31079.117565490174,0.89724,0.0,30957.579096834685,178019.20117429737,147650.96005871485,0.74363,0.24698,0.006705,2027.800996090081
0.55,0.05,0.05,176611.75594794643,164099.96706346233,176096.5871360117,191202.20297393994,34095.480055382825,14059.013941947342,31079.117565490174,0.89724,0.0,34707.579096834685,178019.20117429737,143900.96005871485,0.74363,0.24698,0.003785,2027.800996090081
0.55,0.1,0.0,176611.75594794643,164099.96706346233,176096.5871360117,191202.20297393994,34095.480055382825,14059.013941947342,31079.117565490174,0.89724,5e-05,25775.60124963286,178019.20117429737,152801.92011742975,0.74363,0.24698,0.01438,2027.800996090081
0.55,0.1,0.025,176611.75594794643,164099.96706346233,176096.5871360117,191202.20297393994,34095.480055382825,14059.013941947342,31079.117565490174,0.89724,0.0,29525.60124963286,178019.20117429737,149051.92011742975,0.74363,0.24698,0.008055,2027.800996090081
0.55,0.1,0.05,176611.75594794643,164099.96706346233,176096.5871360117,191202.20297393994,34095.480055382825,14059.013941947342,31079.117565490174,0.89724,0.0,33275.60124963286,178019.20117429737,145301.92011742975,0.74363,0.24698,0.004745,2027.800996090081
0.55,0.15,0.0,176611.75594794643,164099.96706346233,176096.5871360117,191202.20297393994,34095.480055382825,14059.013941947342,31079.117565490174,0.89724,0.000145,24343.623402431036,178019.20117429737,154202.8801761446,0.74363,0.24698,0.01707,2027.800996090081
0.55,0.15,0.025,176611.75594794643,164099.96706346233,176096.5871360117,191202.20297393994,34095.480055382825,14059.013941947342,31079.117565490174,0.89724,0.0,28093.623402431036,178019.20117429737,150452.8801761446,0.74363,0.24698,0.00986,2027.800996090081
0.55,0.15,0.05,176611.75594794643,164099.96706346233,176096.5871360117,191202.20297393994,34095.480055382825,14059.013941947342,31079.117565490174,0.89724,0.0,31843.623402431036,178019.20117429737,146702.8801761446,0.74363,0.24698,0.00578,2027.800996090081
0.55,0.2,0.0,176611.75594794643,164099.96706346233,176096.5871360117,191202.20297393994,34095.480055382825,14059.013941947342,31079.117565490174,0.89724,0.0003,22911.645555229206,178019.20117429737,155603.84023485947,0.74363,0.24698,0.02067,2027.800996090081
0.55,0.2,0.025,176611.75594794643,164099.96706346233,176096.5871360117,191202.20297393994,34095.480055382825,14059.013941947342,31079.117565490174,0.89724,0.0,26661.645555229206,178019.20117429737,151853.84023485947,0.74363,0.24698,0.01193,2027.800996090081
0.55,0.2,0.05,176611.75594794643,164099.96706346233,176096.5871360117,191202.20297393994,34095.480055382825,14059.013941947342,31079.117565490174,0.89724,0.0,30411.645555229206,178019.20117429737,148103.84023485947,0.74363,0.24698,0.007025,2027.800996090081
0.55,0.25,0.0,176611.75594794643,164099.96706346233,176096.5871360117,191202.20297393994,34095.480055382825,14059.013941947342,31079.117565490174,0.89724,0.000825,21479.66770802738,178019.20117429737,157004.80029357434,0.74363,0.24698,0.025035,2027.800996090081
0.55,0.25,0.025,176611.75594794643,164099.96706346233,176096.5871360117,191202.20297393994,34095.480055382825,14059.013941947342,31079.117565490174,0.89724,0.0,25229.66770802738,178019.20117429737,153254.80029357434,0.74363,0.24698,0.014155,2027.800996090081
0.55,0.25,0.05,176611.75594794643,164099.96706346233,176096.5871360117,191202.20297393994,34095.480055382825,14059.013941947342,31079.117565490174,0.89724,0.0,28979.66770802738,178019.20117429737,149504.80029357434,0.74363,0.24698,0.00838,2027.800996090081
0.55,0.3,0.0,176611.75594794643,164099.96706346233,176096.5871360117,191202.20297393994,34095.480055382825,14059.013941947342,31079.117565490174,0.89724,0.001635,20047.689860825558,178019.20117429737,158405.76035228922,0.74363,0.24698,0.03031,2027.800996090081
0.55,0.3,0.025,176611.75594794643,164099.96706346233,176096.5871360117,191202.20297393994,34095.480055382825,14059.013941947342,31079.117565490174,0.89724,0.00011,23797.689860825558,178019.20117429737,154655.76035228922,0.74363,0.24698,0.01713,2027.800996090081
0.55,0.3,0.05,176611.75594794643,164099.96706346233,176096.5871360117,191202.20297393994,34095.480055382825,14059.013941947342,31079.117565490174,0.89724,0.0,27547.689860825558,178019.20117429737,150905.76035228922,0.74363,0.24698,0.010165,2027.800996090081
0.55,0.35,0.0,176611.75594794643,164099.96706346233,176096.5871360117,191202.20297393994,34095.480055382825,14059.013941947342,31079.117565490174,0.89724,0.00263,18615.71201362373,178019.20117429737,159806.7204110041,0.74363,0.24698,0.036475,2027.800996090081
0.55,0.35,0.025,176611.75594794643,164099.96706346233,176096.5871360117,191202.20297393994,34095.480055382825,14059.013941947342,31079.117565490174,0.89724,0.00038,22365.71201362373,178019.20117429737,156056.7204110041,0.74363,0.24698,0.020685,2027.800996090081
0.55,0.35,0.05,176611.75594794643,164099.96706346233,176096.5871360117,191202.20297393994,34095.480055382825,14059.013941947342,31079.117565490174,0.89724,0.0,26115.71201362373,178019.20117429737,152306.7204110041,0.74363,0.24698,0.01227,2027.800996090081
0.55,0.4,0.0,176611.75594794643,164099.96706346233,176096.5871360117,191202.20297393994,34095.480055382825,14059.013941947342,31079.117565490174,0.89724,0.004655,17183.734166421906,178019.20117429737,161207.68046971894,0.74363,0.24698,0.044745,2027.800996090081
0.55,0.4,0.025,176611.75594794643,164099.96706346233,176096.5871360117,191202.20297393994,34095.480055382825,14059.013941947342,31079.117565490174,0.89724,0.0009,20933.734166421906,178019.20117429737,157457.68046971894,0.74363,0.24698,0.02488,2027.800996090081
0.55,0.4,0.05,176611.75594794643,164099.96706346233,176096.5871360117,191202.20297393994,34095.480055382825,14059.013941947342,31079.117565490174,0.89724,5.5e-05,24683.73416642191,178019.20117429737,153707.68046971894,0.74363,0.24698,0.014785,2027.800996090081
0.55,0.45,0.0,176611.75594794643,164099.96706346233,176096.5871360117,191202.20297393994,34095.480055382825,14059.013941947342,31079.117565490174,0.89724,0.00685,15751.75631922008,178019.20117429737,162608.64052843384,0.74363,0.24698,0.054405,2027.800996090081
0.55,0.45,0.025,176611.75594794643,164099.96706346233,176096.5871360117,191202.20297393994,34095.480055382825,14059.013941947342,31079.117565490174,0.89724,0.001565,19501.75631922008,178019.20117429737,158858.64052843384,0.74363,0.24698,0.03025,2027.800996090081
0.55,0.45,0.05,176611.75594794643,164099.96706346233,176096.5871360117,191202.20297393994,34095.480055382825,14059.013941947342,31079.117565490174,0.89724,0.00022,23251.75631922008,178019.20117429737,155108.64052843384,0.74363,0.24698,0.01806,2027.800996090081
0.55,0.5,0.0,176611.75594794643,164099.96706346233,176096.5871360117,191202.20297393994,34095.480055382825,14059.013941947342,31079.117565490174,0.89724,0.01006,14319.778472018254,178019.20117429737,164009.60058714869,0.74363,0.24698,0.065845,2027.800996090081
0.55,0.5,0.025,176611.75594794643,164099.96706346233,176096.5871360117,191202.20297393994,34095.480055382825,14059.013941947342,31079.117565490174,0.89724,0.002975,18069.778472018257,178019.20117429737,160259.60058714869,0.74363,0.24698,0.03667,2027.800996090081
0.55,0.5,0.05,176611.75594794643,164099.96706346233,176096.5871360117,191202.20297393994,34095.480055382825,14059.013941947342,31079.117565490174,0.89724,0.000605,21819.77847201825,178019.20117429737,156509.60058714869,0.74363,0.24698,0.02165,2027.800996090081
0.55,0.55,0.0,176611.75594794643,164099.96706346233,176096.5871360117,191202.20297393994,34095.480055382825,14059.013941947342,31079.117565490174,0.89724,0.01438,12887.80062481643,178019.20117429737,165410.56064586353,0.74363,0.24698,0.079805,2027.800996090081
0.55,0.55,0.025,176611.75594794643,164099.96706346233,176096.5871360117,191202.20297393994,34095.480055382825,14059.013941947342,31079.117565490174,0.89724,0.004745,16637.80062481643,178019.20117429737,161660.56064586353,0.74363,0.24698,0.04518,2027.800996090081
0.55,0.55,0.05,176611.75594794643,164099.96706346233,176096.5871360117,191202.20297393994,34095.480055382825,14059.013941947342,31079.117565490174,0.89724,0.001295,20387.80062481643,178019.20117429737,157910.56064586353,0.74363,0.24698,0.02642,2027.800996090081
0.55,0.6,0.0,176611.75594794643,164099.96706346233,176096.5871360117,191202.20297393994,34095.480055382825,14059.013941947342,31079.117565490174,0.89724,0.02067,11455.822777614603,178019.20117429737,166811.52070457843,0.74363,0.24698,0.09774,2027.800996090081
0.55,0.6,0.025,176611.75594794643,164099.96706346233,176096.5871360117,191202.20297393994,34095.480055382825,14059.013941947342,31079.117565490174,0.89724,0.007025,15205.822777614603,178019.20117429737,163061.52070457843,0.74363,0.24698,0.05496,2027.800996090081
0.55,0.6,0.05,176611.75594794643,164099.96706346233,176096.5871360117,191202.20297393994,34095.480055382825,14059.013941947342,31079.117565490174,0.89724,0.002255,18955.8227776146,178019.20117429737,159311.52070457843,0.74363,0.24698,0.03219,2027.800996090081
0.55,0.65,0.0,176611.75594794643,164099.96706346233,176096.5871360117,191202.20297393994,34095.480055382825,14059.013941947342,31079.117565490174,0.89724,0.03031,10023.844930412777,178019.20117429737,168212.48076329328,0.74363,0.24698,0.119595,2027.800996090081
0.55,0.65,0.025,176611.75594794643,164099.96706346233,176096.5871360117,191202.20297393994,34095.480055382825,14059.013941947342,31079.117565490174,0.89724,0.010165,13773.844930412779,178019.20117429737,164462.48076329328,0.74363,0.24698,0.066555,2027.800996090081
0.55,0.65,0.05,176611.75594794643,164099.96706346233,176096.5871360117,191202.20297393994,34095.480055382825,14059.013941947342,31079.117565490174,0.89724,0.003655,17523.84493041278,178019.20117429737,160712.48076329328,0.74363,0.24698,0.03901,2027.800996090081
0.55,0.7,0.0,176611.75594794643,164099.96706346233,176096.5871360117,191202.20297393994,34095.480055382825,14059.013941947342,31079.117565490174,0.89724,0.044745,8591.867083210955,178019.20117429737,169613.44082200815,0.74363,0.24698,0.14881,2027.800996090081
0.55,0.7,0.025,176611.75594794643,164099.96706346233,176096.5871360117,191202.20297393994,34095.480055382825,14059.013941947342,31079.117565490174,0.89724,0.014785,12341.867083210955,178019.20117429737,165863.44082200815,0.74363,0.24698,0.08037,2027.800996090081
0.55,0.7,0.05,176611.75594794643,164099.96706346233,176096.5871360117,191202.20297393994,34095.480055382825,14059.013941947342,31079.117565490174,0.89724,0.00545,16091.867083210955,178019.20117429737,162113.44082200815,0.74363,0.24698,0.04757,2027.800996090081
0.55,0.75,0.0,176611.75594794643,164099.96706346233,176096.5871360117,191202.20297393994,34095.480055382825,14059.013941947342,31079.117565490174,0.89724,0.065845,7159.889236009127,178019.20117429737,171014.40088072303,0.74363,0.24698,0.18996,2027.800996090081
0.55,0.75,0.025,176611.75594794643,164099.96706346233,176096.5871360117,191202.20297393994,34095.480055382825,14059.013941947342,31079.117565490174,0.89724,0.02165,10909.889236009125,178019.20117429737,167264.40088072303,0.74363,0.24698,0.096515,2027.800996090081
0.55,0.75,0.05,176611.75594794643,164099.96706346233,176096.5871360117,191202.20297393994,34095.480055382825,14059.013941947342,31079.117565490174,0.89724,0.00792,14659.889236009125,178019.20117429737,163514.40088072303,0.74363,0.24698,0.0579,2027.800996090081
0.55,0.8,0.0,176611.75594794643,164099.96706346233,176096.5871360117,191202.20297393994,34095.480055382825,14059.013941947342,31079.117565490174,0.89724,0.09774,5727.911388807302,178019.20117429737,172415.3609394379,0.74363,0.24698,0.248395,2027.800996090081
0.55,0.8,0.025,176611.75594794643,164099.96706346233,176096.5871360117,191202.20297393994,34095.480055382825,14059.013941947342,31079.117565490174,0.89724,0.03219,9477.9113888073,178019.20117429737,168665.3609394379,0.74363,0.24698,0.115425,2027.800996090081
0.55,0.8,0.05,176611.75594794643,164099.96706346233,176096.5871360117,191202.20297393994,34095.480055382825,14059.013941947342,31079.117565490174,0.89724,0.011795,13227.9113888073,178019.20117429737,164915.3609394379,0.74363,0.24698,0.07025,2027.800996090081
0.55,0.85,0.0,176611.75594794643,164099.96706346233,176096.5871360117,191202.20297393994,34095.480055382825,14059.013941947342,31079.117565490174,0.89724,0.14881,4295.933541605477,178019.20117429737,173816.32099815278,0.74363,0.24698,0.326775,2027.800996090081
0.55,0.85,0.025,176611.75594794643,164099.96706346233,176096.5871360117,191202.20297393994,34095.480055382825,14059.013941947342,31079.117565490174,0.89724,0.04757,8045.933541605477,178019.20117429737,170066.32099815278,0.74363,0.24698,0.143315,2027.800996090081
0.55,0.85,0.05,176611.75594794643,164099.96706346233,176096.5871360117,191202.20297393994,34095.480055382825,14059.013941947342,31079.117565490174,0.89724,0.01753,11795.933541605478,178019.20117429737,166316.32099815278,0.74363,0.24698,0.083855,2027.800996090081
0.55,0.9,0.0,176611.75594794643,164099.96706346233,176096.5871360117,191202.20297393994,34095.480055382825,14059.013941947342,31079.117565490174,0.89724,0.248395,2863.955694403651,178019.20117429737,175217.28105686765,0.74363,0.24698,0.425185,2027.800996090081
0.55,0.9,0.025,176611.75594794643,164099.96706346233,176096.5871360117,191202.20297393994,34095.480055382825,14059.013941947342,31079.117565490174,0.89724,0.07025,6613.95569440365,178019.20117429737,171467.28105686765,0.74363,0.24698,0.1968,2027.800996090081
0.55,0.9,0.05,176611.75594794643,164099.96706346233,176096.5871360117,191202.20297393994,34095.480055382825,14059.013941947342,31079.117565490174,0.89724,0.026085,10363.95569440365,178019.20117429737,167717.28105686765,0.74363,0.24698,0.09945,2027.800996090081
0.55,0.95,0.0,176611.75594794643,164099.96706346233,176096.5871360117,191202.20297393994,34095.480055382825,14059.013941947342,31079.117565490174,0.89724,0.425185,1431.9778472018295,178019.20117429737,176618.24111558252,0.74363,0.24698,0.564045,2027.800996090081
0.55,0.95,0.025,176611.75594794643,164099.96706346233,176096.5871360117,191202.20297393994,34095.480055382825,14059.013941947342,31079.117565490174,0.89724,0.09945,5181.97784720183,178019.20117429737,172868.24111558252,0.74363,0.24698,0.261475,2027.800996090081
0.55,0.95,0.05,176611.75594794643,164099.96706346233,176096.5871360117,191202.20297393994,34095.480055382825,14059.013941947342,31079.117565490174,0.89724,0.038265,8931.97784720183,178019.20117429737,169118.24111558252,0.74363,0.24698,0.11823,2027.800996090081
0.55,1.0,0.0,176611.75594794643,164099.96706346233,176096.5871360117,191202.20297393994,34095.480055382825,14059.013941947342,31079.117565490174,0.89724,0.75302,0.0,178019.20117429737,178019.20117429737,0.74363,0.24698,0.75302,2027.800996090081
0.55,1.0,0.025,176611.75594794643,164099.96706346233,176096.5871360117,191202.20297393994,34095.480055382825,14059.013941947342,31079.117565490174,0.89724,0.138345,3750.0,178019.20117429737,174269.20117429737,0.74363,0.24698,0.3595,2027.800996090081
0.55,1.0,0.05,176611.75594794643,164099.96706346233,176096.5871360117,191202.20297393994,34095.480055382825,14059.013941947342,31079.117565490174,0.89724,0.056735,7500.0,178019.20117429737,170519.20117429737,0.74363,0.24698,0.138345,2027.800996090081
0.6,0.0,0.0,179112.5784624305,165488.38672667553,178554.79124092092,195024.52935257016,31594.657540898777,12566.809884884866,28537.67246104314,0.83584,5e-06,31243.153029858007,180566.4012810517,150000.0,0.74363,0.24584,0.009705,2130.5745674275286
0.6,0.0,0.025,179112.5784624305,165488.38672667553,178554.79124092092,195024.52935257016,31594.657540898777,12566.809884884866,28537.67246104314,0.83584,0.0,34993.15302985801,180566.4012810517,146250.0,0.74363,0.24584,0.005645,2130.5745674275286
0.6,0.0,0.05,179112.5784624305,165488.38672667553,178554.79124092092,195024.52935257016,31594.657540898777,12566.809884884866,28537.67246104314,0.83584,0.0,38743.15302985801,180566.4012810517,142500.0,0.74363,0.24584,0.003235,2130.5745674275286
0.6,0.05,0.0,179112.5784624305,165488.38672667553,178554.79124092092,195024.52935257016,31594.657540898777,12566.809884884866,28537.67246104314,0.83584,1.5e-05,29680.995378365107,180566.4012810517,151528.3200640526,0.74363,0.24584,0.01172,2130.5745674275286
0.6,0.05,0.025,179112.5784624305,165488.38672667553,178554.79124092092,195024.52935257016,31594.657540898777,12566.809884884866,28537.67246104314,0.83584,0.0,33430.99537836511,180566.4012810517,147778.3200640526,0.74363,0.24584,0.0068,2130.5745674275286
0.6,0.05,0.05,179112.5784624305,165488.38672667553,178554.79124092092,195024.52935257016,31594.657540898777,12566.809884884866,28537.67246104314,0.83584,0.0,37180.99537836511,180566.4012810517,144028.3200640526,0.74363,0.24584,0.00405,2130.5745674275286
0.6,0.1,0.0,179112.5784624305,165488.38672667553,178554.79124092092,195024.52935257016,31594.657540898777,12566.809884884866,28537.67246104314,0.83584,4e-05,28118.837726872207,180566.4012810517,153056.64012810518,0.74363,0.24584,0.013885,2130.5745674275286
0.6,0.1,0.025,179112.5784624305,165488.38672667553,178554.79124092092,195024.52935257016,31594.657540898777,12566.809884884866,28537.67246104314,0.83584,0.0,31868.837726872207,180566.4012810517,149306.64012810518,0.74363,0.24584,0.008195,2130.5745674275286
0.6,0.1,0.05,179112.5784624305,165488.38672667553,178554.79124092092,195024.52935257016,31594.657540898777,12566.809884884866,28537.67246104314,0.83584,0.0,35618.8377268722,180566.4012810517,145556.64012810518,0.74363,0.24584,0.00507,2130.5745674275286
0.6,0.15,0.0,179112.5784624305,165488.38672667553,178554.79124092092,195024.52935257016,31594.657540898777,12566.809884884866,28537.67246104314,0.83584,0.00011,26556.680075379303,180566.4012810517,154584.96019215777,0.74363,0.24584,0.01649,2130.5745674275286
0.6,0.15,0.025,179112.5784624305,165488.38672667553,178554.79124092092,195024.52935257016,31594.657540898777,12566.809884884866,28537.67246104314,0.83584,0.0,30306.680075379303,180566.4012810517,150834.96019215777,0.74363,0.24584,0.01005,2130.5745674275286
0.6,0.15,0.05,179112.5784624305,165488.38672667553,178554.79124092092,195024.52935257016,31594.657540898777,12566.809884884866,28537.67246104314,0.83584,0.0,34056.68007537931,180566.4012810517,147084.96019215777,0.74363,0.24584,0.006065,2130.5745674275286
0.6,0.2,0.0,179112.5784624305,165488.38672667553,178554.79124092092,195024.52935257016,31594.657540898777,12566.809884884866,28537.67246104314,0.83584,0.00026,24994.522423886403,180566.4012810517,156113.28025621033,0.74363,0.24584,0.019885,2130.5745674275286
0.6,0.2,0.025,179112.5784624305,165488.38672667553,178554.79124092092,195024.52935257016,31594.657540898777,12566.809884884866,28537.67246104314,0.83584,0.0,28744.522423886403,180566.4012810517,152363.28025621033,0.74363,0.24584,0.012135,2130.5745674275286
0.6,0.2,0.05,179112.5784624305,165488.38672667553,178554.79124092092,195024.52935257016,31594.657540898777,12566.809884884866,28537.67246104314,0.83584,0.0,32494.522423886403,180566.4012810517,148613.28025621033,0.74363,0.24584,0.00742,2130.5745674275286
0.6,0.25,0.0,179112.5784624305,165488.38672667553,178554.79124092092,195024.52935257016,31594.657540898777,12566.809884884866,28537.67246104314,0.83584,0.000735,23432.364772393503,180566.4012810517,157641.60032026292,0.74363,0.24584,0.024115,2130.5745674275286
0.6,0.25,0.025,179112.5784624305,165488.38672667553,178554.79124092092,195024.52935257016,31594.657540898777,12566.809884884866,28537.67246104314,0.83584,0.0,27182.364772393503,180566.4012810517,153891.60032026292,0.74363,0.24584,0.01441,2130.5745674275286
0.6,0.25,0.05,179112.5784624305,165488.38672667553,178554.79124092092,195024.52935257016,31594.657540898777,12566.809884884866,28537.67246104314,0.83584,0.0,30932.364772393503,180566.4012810517,150141.60032026292,0.74363,0.24584,0.00889,2130.5745674275286
0.6,0.3,0.0,179112.5784624305,165488.38672667553,178554.79124092092,195024.52935257016,31594.657540898777,12566.809884884866,28537.67246104314,0.83584,0.001505,21870.207120900603,180566.4012810517,159169.9203843155,0.74363,0.24584,0.02916,2130.5745674275286
0.6,0.3,0.025,179112.5784624305,165488.38672667553,178554.79124092092,195024.52935257016,31594.657540898777,12566.809884884866,28537.67246104314,0.83584,0.00011,25620.207120900603,180566.4012810517,155419.9203843155,0.74363,0.24584,0.017345,2130.5745674275286
0.6,0.3,0.05,179112.5784624305,165488.38672667553,178554.79124092092,195024.52935257016,31594.657540898777,12566.809884884866,28537.67246104314,0.83584,0.0,29370.207120900603,180566.4012810517,151669.9203843155,0.74363,0.24584,0.010725,2130.5745674275286
0.6,0.35,0.0,179112.5784624305,165488.38672667553,178554.79124092092,195024.52935257016,31594.657540898777,12566.809884884866,28537.67246104314,0.83584,0.00249,20308.049469407702,180566.4012810517,160698.24044836807,0.74363,0.24584,0.035155,2130.5745674275286
0.6,0.35,0.025,179112.5784624305,165488.38672667553,178554.79124092092,195024.52935257016,31594.657540898777,12566.809884884866,28537.67246104314,0.83584,0.000455,24058.049469407706,180566.4012810517,156948.24044836807,0.74363,0.24584,0.02097,2130.5745674275286
0.6,0.35,0.05,179112.5784624305,165488.38672667553,178554.79124092092,195024.52935257016,31594.657540898777,12566.809884884866,28537.67246104314,0.83584,0.0,27808.049469407706,180566.4012810517,153198.24044836807,0.74363,0.24584,0.013005,2130.5745674275286
0.6,0.4,0.0,179112.5784624305,165488.38672667553,178554.79124092092,195024.52935257016,31594.657540898777,12566.809884884866,28537.67246104314,0.83584,0.00442,18745.891817914806,180566.4012810517,162226.56051242066,0.74363,0.24584,0.043055,2130.5745674275286
0.6,0.4,0.025,179112.5784624305,165488.38672667553,178554.79124092092,195024.52935257016,31594.657540898777,12566.809884884866,28537.67246104314,0.83584,0.00097,22495.891817914806,180566.4012810517,158476.56051242066,0.74363,0.24584,0.025275,2130.5745674275286
0.6,0.4,0.05,179112.5784624305,165488.38672667553,178554.79124092092,195024.52935257016,31594.657540898777,12566.809884884866,28537.67246104314,0.83584,9.5e-05,26245.891817914806,180566.4012810517,154726.56051242066,0.74363,0.24584,0.015745,2130.5745674275286
0.6,0.45,0.0,179112.5784624305,165488.38672667553,178554.79124092092,195024.52935257016,31594.657540898777,12566.809884884866,28537.67246104314,0.83584,0.006565,17183.734166421902,180566.4012810517,163754.88057647325,0.74363,0.24584,0.052395,2130.5745674275286
0.6,0.45,0.025,179112.5784624305,165488.38672667553,178554.79124092092,195024.52935257016,31594.657540898777,12566.809884884866,28537.67246104314,0.83584,0.001745,20933.734166421902,180566.4012810517,160004.88057647325,0.74363,0.24584,0.03066,2130.5745674275286
0.6,0.45,0.05,179112.5784624305,165488.38672667553,178554.79124092092,195024.52935257016,31594.657540898777,12566.809884884866,28537.67246104314,0.83584,0.00033,24683.7341664219,180566.4012810517,156254.88057647325,0.74363,0.24584,0.019145,2130.5745674275286
0.6,0.5,0.0,179112.5784624305,165488.38672667553,178554.79124092092,195024.52935257016,31594.657540898777,12566.809884884866,28537.67246104314,0.83584,0.009705,15621.576514929004,180566.4012810517,165283.20064052584,0.74363,0.24584,0.063485,2130.5745674275286
0.6,0.5,0.025,179112.5784624305,165488.38672667553,178554.79124092092,195024.52935257016,31594.657540898777,12566.809884884866,28537.67246104314,0.83584,0.003235,19371.576514929005,180566.4012810517,161533.20064052584,0.74363,0.24584,0.03728,2130.5745674275286
0.6,0.5,0.05,179112.5784624305,165488.38672667553,178554.79124092092,195024.52935257016,31594.657540898777,12566.809884884866,28537.67246104314,0.83584,0.000795,23121.576514929005,180566.4012810517,157783.20064052584,0.74363,0.24584,0.023045,2130.5745674275286
0.6,0.55,0.0,179112.5784624305,165488.38672667553,178554.79124092092,195024.52935257016,31594.657540898777,12566.809884884866,28537.67246104314,0.83584,0.013885,14059.418863436103,180566.4012810517,166811.52070457843,0.74363,0.24584,0.07675,2130.5745674275286
0.6,0.55,0.025,179112.5784624305,165488.38672667553,178554.79124092092,195024.52935257016,31594.657540898777,12566.809884884866,28537.67246104314,0.83584,0.00507,17809.4188634361,180566.4012810517,163061.52070457843,0.74363,0.24584,0.04567,2130.5745674275286
0.6,0.55,0.05,179112.5784624305,165488.38672667553,178554.79124092092,195024.52935257016,31594.657540898777,12566.809884884866,28537.67246104314,0.83584,0.001525,21559.4188634361,180566.4012810517,159311.52070457843,0.74363,0.24584,0.028,2130.5745674275286
0.6,0.6,0.0,179112.5784624305,165488.38672667553,178554.79124092092,195024.52935257016,31594.657540898777,12566.809884884866,28537.67246104314,0.83584,0.019885,12497.261211943201,180566.4012810517,168339.84076863102,0.74363,0.24584,0.093925,2130.5745674275286
0.6,0.6,0.025,179112.5784624305,165488.38672667553,178554.79124092092,195024.52935257016,31594.657540898777,12566.809884884866,28537.67246104314,0.83584,0.00742,16247.261211943201,180566.4012810517,164589.84076863102,0.74363,0.24584,0.055585,2130.5745674275286
0.6,0.6,0.05,179112.5784624305,165488.38672667553,178554.79124092092,195024.52935257016,31594.657540898777,12566.809884884866,28537.67246104314,0.83584,0.0027,19997.2612119432,180566.4012810517,160839.84076863102,0.74363,0.24584,0.03409,2130.5745674275286
0.6,0.65,0.0,179112.5784624305,165488.38672667553,178554.79124092092,195024.52935257016,31594.657540898777,12566.809884884866,28537.67246104314,0.83584,0.02916,10935.103560450301,180566.4012810517,169868.1608326836,0.74363,0.24584,0.114,2130.5745674275286
0.6,0.65,0.025,179112.5784624305,165488.38672667553,178554.79124092092,195024.52935257016,31594.657540898777,12566.809884884866,28537.67246104314,0.83584,0.010725,14685.103560450301,180566.4012810517,166118.1608326836,0.74363,0.24584,0.0673,2130.5745674275286
0.6,0.65,0.05,179112.5784624305,165488.38672667553,178554.79124092092,195024.52935257016,31594.657540898777,12566.809884884866,28537.67246104314,0.83584,0.004215,18435.1035604503,180566.4012810517,162368.1608326836,0.74363,0.24584,0.04128,2130.5745674275286
0.6,0.7,0.0,179112.5784624305,165488.38672667553,178554.79124092092,195024.52935257016,31594.657540898777,12566.809884884866,28537.67246104314,0.83584,0.043055,9372.945908957403,180566.4012810517,171396.48089673618,0.74363,0.24584,0.13998,2130.5745674275286
0.6,0.7,0.025,179112.5784624305,165488.38672667553,178554.79124092092,195024.52935257016,31594.657540898777,12566.809884884866,28537.67246104314,0.83584,0.015745,13122.945908957403,180566.4012810517,167646.48089673618,0.74363,0.24584,0.08151,2130.5745674275286
0.6,0.7,0.05,179112.5784624305,165488.38672667553,178554.79124092092,195024.52935257016,31594.657540898777,12566.809884884866,28537.67246104314,0.83584,0.006145,16872.9459089574,180566.4012810517,163896.48089673618,0.74363,0.24584,0.05041,2130.5745674275286
0.6,0.75,0.0,179112.5784624305,165488.38672667553,178554.79124092092,195024.52935257016,31594.657540898777,12566.809884884866,28537.67246104314,0.83584,0.063485,7810.788257464505,180566.4012810517,172924.80096078877,0.74363,0.24584,0.176755,2130.5745674275286
0.6,0.75,0.025,179112.5784624305,165488.38672667553,178554.79124092092,195024.52935257016,31594.657540898777,12566.809884884866,28537.67246104314,0.83584,0.023045,11560.788257464505,180566.4012810517,169174.80096078877,0.74363,0.24584,0.097895,2130.5745674275286
0.6,0.75,0.05,179112.5784624305,165488.38672667553,178554.79124092092,195024.52935257016,31594.657540898777,12566.809884884866,28537.67246104314,0.83584,0.00917,15310.788257464505,180566.4012810517,165424.80096078877,0.74363,0.24584,0.061135,2130.5745674275286
0.6,0.8,0.0,179112.5784624305,165488.38672667553,178554.79124092092,195024.52935257016,31594.657540898777,12566.809884884866,28537.67246104314,0.83584,0.093925,6248.630605971601,180566.4012810517,174453.12102484136,0.74363,0.24584,0.230955,2130.5745674275286
0.6,0.8,0.025,179112.5784624305,165488.38672667553,178554.79124092092,195024.52935257016,31594.657540898777,12566.809884884866,28537.67246104314,0.83584,0.03409,9998.6306059716,180566.4012810517,170703.12102484136,0.74363,0.24584,0.11683,2130.5745674275286
0.6,0.8,0.05,179112.5784624305,165488.38672667553,178554.79124092092,195024.52935257016,31594.657540898777,12566.809884884866,28537.67246104314,0.83584,0.013615,13748.6306059716,180566.4012810517,166953.12102484136,0.74363,0.24584,0.074185,2130.5745674275286
0.6,0.85,0.0,179112.5784624305,165488.38672667553,178554.79124092092,195024.52935257016,31594.657540898777,12566.809884884866,28537.67246104314,0.83584,0.13998,4686.472954478699,180566.4012810517,175981.44108889392,0.74363,0.24584,0.30852,2130.5745674275286
0.6,0.85,0.025,179112.5784624305,165488.38672667553,178554.79124092092,195024.52935257016,31594.657540898777,12566.809884884866,28537.67246104314,0.83584,0.05041,8436.4729544787,180566.4012810517,172231.44108889392,0.74363,0.24584,0.14204,2130.5745674275286
0.6,0.85,0.05,179112.5784624305,165488.38672667553,178554.79124092092,195024.52935257016,31594.657540898777,12566.809884884866,28537.67246104314,0.83584,0.02011,12186.4729544787,180566.4012810517,168481.44108889392,0.74363,0.24584,0.08879,2130.5745674275286
0.6,0.9,0.0,179112.5784624305,165488.38672667553,178554.79124092092,195024.52935257016,31594.657540898777,12566.809884884866,28537.67246104314,0.83584,0.230955,3124.315302985798,180566.4012810517,177509.7611529465,0.74363,0.24584,0.40945,2130.5745674275286
0.6,0.9,0.025,179112.5784624305,165488.38672667553,178554.79124092092,195024.52935257016,31594.657540898777,12566.809884884866,28537.67246104314,0.83584,0.074185,6874.315302985797,180566.4012810517,173759.7611529465,0.74363,0.24584,0.19096,2130.5745674275286
0.6,0.9,0.05,179112.5784624305,165488.38672667553,178554.79124092092,195024.52935257016,31594.657540898777,12566.809884884866,28537.67246104314,0.83584,0.029985,10624.315302985797,180566.4012810517,170009.7611529465,0.74363,0.24584,0.105325,2130.5745674275286
0.6,0.95,0.0,179112.5784624305,165488.38672667553,178554.79124092092,195024.52935257016,31594.657540898777,12566.809884884866,28537.67246104314,0.83584,0.40945,1562.157651492902,180566.4012810517,179038.0812169991,0.74363,0.24584,0.547465,2130.5745674275286
0.6,0.95,0.025,179112.5784624305,165488.38672667553,178554.79124092092,195024.52935257016,31594.657540898777,12566.809884884866,28537.67246104314,0.83584,0.105325,5312.157651492902,180566.4012810517,175288.0812169991,0.74363,0.24584,0.261945,2130.5745674275286
0.6,0.95,0.05,179112.5784624305,165488.38672667553,178554.79124092092,195024.52935257016,31594.657540898777,12566.809884884866,28537.67246104314,0.83584,0.04405,9062.157651492902,180566.4012810517,171538.0812169991,0.74363,0.24584,0.12489,2130.5745674275286
0.6,1.0,0.0,179112.5784624305,165488.38672667553,178554.79124092092,195024.52935257016,31594.657540898777,12566.809884884866,28537.67246104314,0.83584,0.75416,0.0,180566.4012810517,180566.4012810517,0.74363,0.24584,0.75416,2130.5745674275286
0.6,1.0,0.025,179112.5784624305,165488.38672667553,178554.79124092092,195024.52935257016,31594.657540898777,12566.809884884866,28537.67246104314,0.83584,0.14592,3750.0,180566.4012810517,176816.4012810517,0.74363,0.24584,0.36374,2130.5745674275286
0.6,1.0,0.05,179112.5784624305,165488.38672667553,178554.79124092092,195024.52935257016,31594.657540898777,12566.809884884866,28537.67246104314,0.83584,0.06442,7500.0,180566.4012810517,173066.4012810517,0.74363,0.24584,0.14592,2130.5745674275286
0.65,0.0,0.0,181613.24716795588,166869.43366436876,181008.18788065558,198831.92697736443,29093.988835373348,11057.920571740535,25972.73419732951,0.75154,5e-06,33846.749115679515,183113.601387806,150000.0,0.74363,0.244855,0.009355,2233.5019477236046
0.65,0.0,0.025,181613.24716795588,166869.43366436876,181008.18788065558,198831.92697736443,29093.988835373348,11057.920571740535,25972.73419732951,0.75154,0.0,37596.749115679515,183113.601387806,146250.0,0.74363,0.244855,0.005735,2233.5019477236046
0.65,0.0,0.05,181613.24716795588,166869.43366436876,181008.18788065558,198831.92697736443,29093.988835373348,11057.920571740535,25972.73419732951,0.75154,0.0,41346.74911567951,183113.601387806,142500.0,0.74363,0.244855,0.00344,2233.5019477236046
0.65,0.05,0.0,181613.24716795588,166869.43366436876,181008.18788065558,198831.92697736443,29093.988835373348,11057.920571740535,25972.73419732951,0.75154,1e-05,32154.41165989553,183113.601387806,151655.6800693903,0.74363,0.244855,0.011345,2233.5019477236046
0.65,0.05,0.025,181613.24716795588,166869.43366436876,181008.18788065558,198831.92697736443,29093.988835373348,11057.920571740535,25972.73419732951,0.75154,0.0,35904.41165989553,183113.601387806,147905.6800693903,0.74363,0.244855,0.006875,2233.5019477236046
0.65,0.05,0.05,181613.24716795588,166869.43366436876,181008.18788065558,198831.92697736443,29093.988835373348,11057.920571740535,25972.73419732951,0.75154,0.0,39654.41165989553,183113.601387806,144155.6800693903,0.74363,0.244855,0.004325,2233.5019477236046
0.65,0.1,0.0,181613.24716795588,166869.43366436876,181008.18788065558,198831.92697736443,29093.988835373348,11057.920571740535,25972.73419732951,0.75154,2.5e-05,30462.074204111555,183113.601387806,153311.3601387806,0.74363,0.244855,0.01354,2233.5019477236046
0.65,0.1,0.025,181613.24716795588,166869.43366436876,181008.18788065558,198831.92697736443,29093.988835373348,11057.920571740535,25972.73419732951,0.75154,0.0,34212.07420411156,183113.601387806,149561.3601387806,0.74363,0.244855,0.00827,2233.5019477236046
0.65,0.1,0.05,181613.24716795588,166869.43366436876,181008.18788065558,198831.92697736443,29093.988835373348,11057.920571740535,25972.73419732951,0.75154,0.0,37962.07420411156,183113.601387806,145811.3601387806,0.74363,0.244855,0.005305,2233.5019477236046
0.65,0.15,0.0,181613.24716795588,166869.43366436876,181008.18788065558,198831.92697736443,29093.988835373348,11057.920571740535,25972.73419732951,0.75154,8e-05,28769.73674832758,183113.601387806,154967.0402081709,0.74363,0.244855,0.01604,2233.5019477236046
0.65,0.15,0.025,181613.24716795588,166869.43366436876,181008.18788065558,198831.92697736443,29093.988835373348,11057.920571740535,25972.73419732951,0.75154,0.0,32519.73674832758,183113.601387806,151217.0402081709,0.74363,0.244855,0.010195,2233.5019477236046
0.65,0.15,0.05,181613.24716795588,166869.43366436876,181008.18788065558,198831.92697736443,29093.988835373348,11057.920571740535,25972.73419732951,0.75154,0.0,36269.73674832758,183113.601387806,147467.0402081709,0.74363,0.244855,0.006405,2233.5019477236046
0.65,0.2,0.0,181613.24716795588,166869.43366436876,181008.18788065558,198831.92697736443,29093.988835373348,11057.920571740535,25972.73419732951,0.75154,0.00024,27077.39929254361,183113.601387806,156622.72027756122,0.74363,0.244855,0.019305,2233.5019477236046
0.65,0.2,0.025,181613.24716795588,166869.43366436876,181008.18788065558,198831.92697736443,29093.988835373348,11057.920571740535,25972.73419732951,0.75154,0.0,30827.39929254361,183113.601387806,152872.72027756122,0.74363,0.244855,0.0123,2233.5019477236046
0.65,0.2,0.05,181613.24716795588,166869.43366436876,181008.18788065558,198831.92697736443,29093.988835373348,11057.920571740535,25972.73419732951,0.75154,0.0,34577.39929254361,183113.601387806,149122.72027756122,0.74363,0.244855,0.007755,2233.5019477236046
0.65,0.25,0.0,181613.24716795588,166869.43366436876,181008.18788065558,198831.92697736443,29093.988835373348,11057.920571740535,25972.73419732951,0.75154,0.000685,25385.061836759633,183113.601387806,158278.4003469515,0.74363,0.244855,0.02334,2233.5019477236046
0.65,0.25,0.025,181613.24716795588,166869.43366436876,181008.18788065558,198831.92697736443,29093.988835373348,11057.920571740535,25972.73419732951,0.75154,0.0,29135.061836759633,183113.601387806,154528.4003469515,0.74363,0.244855,0.01458,2233.5019477236046
0.65,0.25,0.05,181613.24716795588,166869.43366436876,181008.18788065558,198831.92697736443,29093.988835373348,11057.920571740535,25972.73419732951,0.75154,0.0,32885.06183675963,183113.601387806,150778.4003469515,0.74363,0.244855,0.009305,2233.5019477236046
0.65,0.3,0.0,181613.24716795588,166869.43366436876,181008.18788065558,198831.92697736443,29093.988835373348,11057.920571740535,25972.73419732951,0.75154,0.00145,23692.72438097566,183113.601387806,159934.08041634178,0.74363,0.244855,0.02822,2233.5019477236046
0.65,0.3,0.025,181613.24716795588,166869.43366436876,181008.18788065558,198831.92697736443,29093.988835373348,11057.920571740535,25972.73419732951,0.75154,0.00013,27442.72438097566,183113.601387806,156184.08041634178,0.74363,0.244855,0.017635,2233.5019477236046
0.65,0.3,0.05,181613.24716795588,166869.43366436876,181008.18788065558,198831.92697736443,29093.988835373348,11057.920571740535,25972.73419732951,0.75154,0.0,31192.72438097566,183113.601387806,152434.08041634178,0.74363,0.244855,0.011325,2233.5019477236046
0.65,0.35,0.0,181613.24716795588,166869.43366436876,181008.18788065558,198831.92697736443,29093.988835373348,11057.920571740535,25972.73419732951,0.75154,0.002395,22000.386925191684,183113.601387806,161589.76048573208,0.74363,0.244855,0.034155,2233.5019477236046
0.65,0.35,0.025,181613.24716795588,166869.43366436876,181008.18788065558,198831.92697736443,29093.988835373348,11057.920571740535,25972.73419732951,0.75154,0.000505,25750.386925191684,183113.601387806,157839.76048573208,0.74363,0.244855,0.021235,2233.5019477236046
0.65,0.35,0.05,181613.24716795588,166869.43366436876,181008.18788065558,198831.92697736443,29093.988835373348,11057.920571740535,25972.73419732951,0.75154,1e-05,29500.386925191684,183113.601387806,154089.76048573208,0.74363,0.244855,0.01372,2233.5019477236046
0.65,0.4,0.0,181613.24716795588,166869.43366436876,181008.18788065558,198831.92697736443,29093.988835373348,11057.920571740535,25972.73419732951,0.75154,0.004295,20308.049469407706,183113.601387806,163245.4405551224,0.74363,0.244855,0.04177,2233.5019477236046
0.65,0.4,0.025,181613.24716795588,166869.43366436876,181008.18788065558,198831.92697736443,29093.988835373348,11057.920571740535,25972.73419732951,0.75154,0.001035,24058.049469407706,183113.601387806,159495.4405551224,0.74363,0.244855,0.025605,2233.5019477236046
0.65,0.4,0.05,181613.24716795588,166869.43366436876,181008.18788065558,198831.92697736443,29093.988835373348,11057.920571740535,25972.73419732951,0.75154,0.000115,27808.049469407706,183113.601387806,155745.4405551224,0.74363,0.244855,0.016615,2233.5019477236046
0.65,0.45,0.0,181613.24716795588,166869.43366436876,181008.18788065558,198831.92697736443,29093.988835373348,11057.920571740535,25972.73419732951,0.75154,0.006435,18615.712013623728,183113.601387806,164901.1206245127,0.74363,0.244855,0.050725,2233.5019477236046
0.65,0.45,0.025,181613.24716795588,166869.43366436876,181008.18788065558,198831.92697736443,29093.988835373348,11057.920571740535,25972.73419732951,0.75154,0.0019,22365.712013623728,183113.601387806,161151.1206245127,0.74363,0.244855,0.031065,2233.5019477236046
0.65,0.45,0.05,181613.24716795588,166869.43366436876,181008.18788065558,198831.92697736443,29093.988835373348,11057.920571740535,25972.73419732951,0.75154,0.000455,26115.71201362373,183113.601387806,157401.1206245127,0.74363,0.244855,0.02003,2233.5019477236046
0.65,0.5,0.0,181613.24716795588,166869.43366436876,181008.18788065558,198831.92697736443,29093.988835373348,11057.920571740535,25972.73419732951,0.75154,0.009355,16923.374557839757,183113.601387806,166556.800693903,0.74363,0.244855,0.061345,2233.5019477236046
0.65,0.5,0.025,181613.24716795588,166869.43366436876,181008.18788065558,198831.92697736443,29093.988835373348,11057.920571740535,25972.73419732951,0.75154,0.00344,20673.374557839757,183113.601387806,162806.800693903,0.74363,0.244855,0.037815,2233.5019477236046
0.65,0.5,0.05,181613.24716795588,166869.43366436876,181008.18788065558,198831.92697736443,29093.988835373348,11057.920571740535,25972.73419732951,0.75154,0.000955,24423.374557839757,183113.601387806,159056.800693903,0.74363,0.244855,0.02417,2233.5019477236046
0.65,0.55,0.0,181613.24716795588,166869.43366436876,181008.18788065558,198831.92697736443,29093.988835373348,11057.920571740535,25972.73419732951,0.75154,0.01354,15231.037102055778,183113.601387806,168212.48076329328,0.74363,0.244855,0.07467,2233.5019477236046
0.65,0.55,0.025,181613.24716795588,166869.43366436876,181008.18788065558,198831.92697736443,29093.988835373348,11057.920571740535,25972.73419732951,0.75154,0.005305,18981.03710205578,183113.601387806,164462.48076329328,0.74363,0.244855,0.046155,2233.5019477236046
0.65,0.55,0.05,181613.24716795588,166869.43366436876,181008.18788065558,198831.92697736443,29093.988835373348,11057.920571740535,25972.73419732951,0.75154,0.0018,22731.03710205578,183113.601387806,160712.48076329328,0.74363,0.244855,0.029485,2233.5019477236046
0.65,0.6,0.0,181613.24716795588,166869.43366436876,181008.18788065558,198831.92697736443,29093.988835373348,11057.920571740535,25972.73419732951,0.75154,0.019305,13538.699646271803,183113.601387806,169868.1608326836,0.74363,0.244855,0.09108,2233.5019477236046
0.65,0.6,0.025,181613.24716795588,166869.43366436876,181008.18788065558,198831.92697736443,29093.988835373348,11057.920571740535,25972.73419732951,0.75154,0.007755,17288.6996462718,183113.601387806,166118.1608326836,0.74363,0.244855,0.056335,2233.5019477236046
0.65,0.6,0.05,181613.24716795588,166869.43366436876,181008.18788065558,198831.92697736443,29093.988835373348,11057.920571740535,25972.73419732951,0.75154,0.00313,21038.6996462718,183113.601387806,162368.1608326836,0.74363,0.244855,0.035735,2233.5019477236046
0.65,0.65,0.0,181613.24716795588,166869.43366436876,181008.18788065558,198831.92697736443,29093.988835373348,11057.920571740535,25972.73419732951,0.75154,0.02822,11846.362190487826,183113.601387806,171523.8409020739,0.74363,0.244855,0.110335,2233.5019477236046
0.65,0.65,0.025,181613.24716795588,166869.43366436876,181008.18788065558,198831.92697736443,29093.988835373348,11057.920571740535,25972.73419732951,0.75154,0.011325,15596.362190487826,183113.601387806,167773.8409020739,0.74363,0.244855,0.068145,2233.5019477236046
0.65,0.65,0.05,181613.24716795588,166869.43366436876,181008.18788065558,198831.92697736443,29093.988835373348,11057.920571740535,25972.73419732951,0.75154,0.004825,19346.362190487827,183113.601387806,164023.8409020739,0.74363,0.244855,0.04358,2233.5019477236046
0.65,0.7,0.0,181613.24716795588,166869.43366436876,181008.18788065558,198831.92697736443,29093.988835373348,11057.920571740535,25972.73419732951,0.75154,0.04177,10154.024734703855,183113.601387806,173179.52097146417,0.74363,0.244855,0.13377,2233.5019477236046
0.65,0.7,0.025,181613.24716795588,166869.43366436876,181008.18788065558,198831.92697736443,29093.988835373348,11057.920571740535,25972.73419732951,0.75154,0.016615,13904.024734703855,183113.601387806,169429.52097146417,0.74363,0.244855,0.08267,2233.5019477236046
0.65,0.7,0.05,181613.24716795588,166869.43366436876,181008.18788065558,198831.92697736443,29093.988835373348,11057.920571740535,25972.73419732951,0.75154,0.00697,17654.024734703857,183113.601387806,165679.52097146417,0.74363,0.244855,0.05299,2233.5019477236046
0.65,0.75,0.0,181613.24716795588,166869.43366436876,181008.18788065558,198831.92697736443,29093.988835373348,11057.920571740535,25972.73419732951,0.75154,0.061345,8461.687278919875,183113.601387806,174835.2010408545,0.74363,0.244855,0.166995,2233.5019477236046
0.65,0.75,0.025,181613.24716795588,166869.43366436876,181008.18788065558,198831.92697736443,29093.988835373348,11057.920571740535,25972.73419732951,0.75154,0.02417,12211.687278919879,183113.601387806,171085.2010408545,0.74363,0.244855,0.099405,2233.5019477236046
0.65,0.75,0.05,181613.24716795588,166869.43366436876,181008.18788065558,198831.92697736443,29093.988835373348,11057.920571740535,25972.73419732951,0.75154,0.010295,15961.687278919879,183113.601387806,167335.2010408545,0.74363,0.244855,0.06434,2233.5019477236046
0.65,0.8,0.0,181613.24716795588,166869.43366436876,181008.18788065558,198831.92697736443,29093.988835373348,11057.920571740535,25972.73419732951,0.75154,0.09108,6769.349823135903,183113.601387806,176490.88111024478,0.74363,0.244855,0.21648,2233.5019477236046
0.65,0.8,0.025,181613.24716795588,166869.43366436876,181008.18788065558,198831.92697736443,29093.988835373348,11057.920571740535,25972.73419732951,0.75154,0.035735,10519.349823135903,183113.601387806,172740.88111024478,0.74363,0.244855,0.1181,2233.5019477236046
0.65,0.8,0.05,181613.24716795588,166869.43366436876,181008.18788065558,198831.92697736443,29093.988835373348,11057.920571740535,25972.73419732951,0.75154,0.015305,14269.349823135903,183113.601387806,168990.88111024478,0.74363,0.244855,0.07768,2233.5019477236046
0.65,0.85,0.0,181613.24716795588,166869.43366436876,181008.18788065558,198831.92697736443,29093.988835373348,11057.920571740535,25972.73419732951,0.75154,0.13377,5077.012367351928,183113.601387806,178146.5611796351,0.74363,0.244855,0.29162,2233.5019477236046
0.65,0.85,0.025,181613.24716795588,166869.43366436876,181008.18788065558,198831.92697736443,29093.988835373348,11057.920571740535,25972.73419732951,0.75154,0.05299,8827.012367351928,183113.601387806,174396.5611796351,0.74363,0.244855,0.1422,2233.5019477236046
0.65,0.85,0.05,181613.24716795588,166869.43366436876,181008.18788065558,198831.92697736443,29093.988835373348,11057.920571740535,25972.73419732951,0.75154,0.02279,12577.012367351928,183113.601387806,170646.5611796351,0.74363,0.244855,0.093165,2233.5019477236046
0.65,0.9,0.0,181613.24716795588,166869.43366436876,181008.18788065558,198831.92697736443,29093.988835373348,11057.920571740535,25972.73419732951,0.75154,0.21648,3384.6749115679477,183113.601387806,179802.2412490254,0.74363,0.244855,0.394385,2233.5019477236046
0.65,0.9,0.025,181613.24716795588,166869.43366436876,181008.18788065558,198831.92697736443,29093.988835373348,11057.920571740535,25972.73419732951,0.75154,0.07768,7134.674911567948,183113.601387806,176052.2412490254,0.74363,0.244855,0.186395,2233.5019477236046
0.65,0.9,0.05,181613.24716795588,166869.43366436876,181008.18788065558,198831.92697736443,29093.988835373348,11057.920571740535,25972.73419732951,0.75154,0.03349,10884.674911567949,183113.601387806,172302.2412490254,0.74363,0.244855,0.11077,2233.5019477236046
0.65,0.95,0.0,181613.24716795588,166869.43366436876,181008.18788065558,198831.92697736443,29093.988835373348,11057.920571740535,25972.73419732951,0.75154,0.394385,1692.33745578398,183113.601387806,181457.92131841567,0.74363,0.244855,0.533085,2233.5019477236046
0.65,0.95,0.025,181613.24716795588,166869.43366436876,181008.18788065558,198831.92697736443,29093.988835373348,11057.920571740535,25972.73419732951,0.75154,0.11077,5442.33745578398,183113.601387806,177707.92131841567,0.74363,0.244855,0.26217,2233.5019477236046
0.65,0.95,0.05,181613.24716795588,166869.43366436876,181008.18788065558,198831.92697736443,29093.988835373348,11057.920571740535,25972.73419732951,0.75154,0.049385,9192.33745578398,183113.601387806,173957.92131841567,0.74363,0.244855,0.13051,2233.5019477236046
0.65,1.0,0.0,181613.24716795588,166869.43366436876,181008.18788065558,198831.92697736443,29093.988835373348,11057.920571740535,25972.73419732951,0.75154,0.755145,0.0,183113.601387806,183113.601387806,0.74363,0.244855,0.755145,2233.5019477236046
0.65,1.0,0.025,181613.24716795588,166869.43366436876,181008.18788065558,198831.92697736443,29093.988835373348,11057.920571740535,25972.73419732951,0.75154,0.152425,3750.0,183113.601387806,179363.601387806,0.74363,0.244855,0.36741,2233.5019477236046
0.65,1.0,0.05,181613.24716795588,166869.43366436876,181008.18788065558,198831.92697736443,29093.988835373348,11057.920571740535,25972.73419732951,0.75154,0.071845,7500.0,183113.601387806,175613.601387806,0.74363,0.244855,0.152425,2233.5019477236046
0.7,0.0,0.0,184113.78564482322,168258.47728959727,183459.91432272503,202651.38135125747,26593.450358505997,9528.851643803457,23406.517914963566,0.655055,5e-06,36450.345201501004,185660.8014945603,150000.0,0.74363,0.244005,0.009165,2336.5595566777506
0.7,0.0,0.025,184113.78564482322,168258.47728959727,183459.91432272503,202651.38135125747,26593.450358505997,9528.851643803457,23406.517914963566,0.655055,0.0,40200.345201501004,185660.8014945603,146250.0,0.74363,0.244005,0.005835,2336.5595566777506
0.7,0.0,0.05,184113.78564482322,168258.47728959727,183459.91432272503,202651.38135125747,26593.450358505997,9528.851643803457,23406.517914963566,0.655055,0.0,43950.345201501004,185660.8014945603,142500.0,0.74363,0.244005,0.003625,2336.5595566777506
0.7,0.05,0.0,184113.78564482322,168258.47728959727,183459.91432272503,202651.38135125747,26593.450358505997,9528.851643803457,23406.517914963566,0.655055,5e-06,34627.82794142595,185660.8014945603,151783.04007472802,0.74363,0.244005,0.01104,2336.5595566777506
0.7,0.05,0.025,184113.78564482322,168258.47728959727,183459.91432272503,202651.38135125747,26593.450358505997,9528.851643803457,23406.517914963566,0.655055,0.0,38377.82794142595,185660.8014945603,148033.04007472802,0.74363,0.244005,0.006965,2336.5595566777506
0.7,0.05,0.05,184113.78564482322,168258.47728959727,183459.91432272503,202651.38135125747,26593.450358505997,9528.851643803457,23406.517914963566,0.655055,0.0,42127.82794142595,185660.8014945603,144283.04007472802,0.74363,0.244005,0.004565,2336.5595566777506
0.7,0.1,0.0,184113.78564482322,168258.47728959727,183459.91432272503,202651.38135125747,26593.450358505997,9528.851643803457,23406.517914963566,0.655055,1.5e-05,32805.31068135091,185660.8014945603,153566.08014945604,0.74363,0.244005,0.01319,2336.5595566777506
0.7,0.1,0.025,184113.78564482322,168258.47728959727,183459.91432272503,202651.38135125747,26593.450358505997,9528.851643803457,23406.517914963566,0.655055,0.0,36555.31068135091,185660.8014945603,149816.08014945604,0.74363,0.244005,0.008425,2336.5595566777506
0.7,0.1,0.05,184113.78564482322,168258.47728959727,183459.91432272503,202651.38135125747,26593.450358505997,9528.851643803457,23406.517914963566,0.655055,0.0,40305.31068135091,185660.8014945603,146066.08014945604,0.74363,0.244005,0.005555,2336.5595566777506
0.7,0.15,0.0,184113.78564482322,168258.47728959727,183459.91432272503,202651.38135125747,26593.450358505997,9528.851643803457,23406.517914963566,0.655055,7e-05,30982.793421275856,185660.8014945603,155349.12022418407,0.74363,0.244005,0.01569,2336.5595566777506
0.7,0.15,0.025,184113.78564482322,168258.47728959727,183459.91432272503,202651.38135125747,26593.450358505997,9528.851643803457,23406.517914963566,0.655055,0.0,34732.793421275856,185660.8014945603,151599.12022418407,0.74363,0.244005,0.01032,2336.5595566777506
0.7,0.15,0.05,184113.78564482322,168258.47728959727,183459.91432272503,202651.38135125747,26593.450358505997,9528.851643803457,23406.517914963566,0.655055,0.0,38482.793421275856,185660.8014945603,147849.12022418407,0.74363,0.244005,0.006675,2336.5595566777506
0.7,0.2,0.0,184113.78564482322,168258.47728959727,183459.91432272503,202651.38135125747,26593.450358505997,9528.851643803457,23406.517914963566,0.655055,0.00021,29160.2761612008,185660.8014945603,157132.16029891206,0.74363,0.244005,0.018855,2336.5595566777506
0.7,0.2,0.025,184113.78564482322,168258.47728959727,183459.91432272503,202651.38135125747,26593.450358505997,9528.851643803457,23406.517914963566,0.655055,0.0,32910.2761612008,185660.8014945603,153382.16029891206,0.74363,0.244005,0.012465,2336.5595566777506
0.7,0.2,0.05,184113.78564482322,168258.47728959727,183459.91432272503,202651.38135125747,26593.450358505997,9528.851643803457,23406.517914963566,0.655055,0.0,36660.2761612008,185660.8014945603,149632.16029891206,0.74363,0.244005,0.008105,2336.5595566777506
0.7,0.25,0.0,184113.78564482322,168258.47728959727,183459.91432272503,202651.38135125747,26593.450358505997,9528.851643803457,23406.517914963566,0.655055,0.00065,27337.758901125755,185660.8014945603,158915.20037364005,0.74363,0.244005,0.02282,2336.5595566777506
0.7,0.25,0.025,184113.78564482322,168258.47728959727,183459.91432272503,202651.38135125747,26593.450358505997,9528.851643803457,23406.517914963566,0.655055,0.0,31087.758901125755,185660.8014945603,155165.20037364005,0.74363,0.244005,0.01479,2336.5595566777506
0.7,0.25,0.05,184113.78564482322,168258.47728959727,183459.91432272503,202651.38135125747,26593.450358505997,9528.851643803457,23406.517914963566,0.655055,0.0,34837.75890112576,185660.8014945603,151415.20037364005,0.74363,0.244005,0.009785,2336.5595566777506
0.7,0.3,0.0,184113.78564482322,168258.47728959727,183459.91432272503,202651.38135125747,26593.450358505997,9528.851643803457,23406.517914963566,0.655055,0.001375,25515.2416410507,185660.8014945603,160698.24044836807,0.74363,0.244005,0.027595,2336.5595566777506
0.7,0.3,0.025,184113.78564482322,168258.47728959727,183459.91432272503,202651.38135125747,26593.450358505997,9528.851643803457,23406.517914963566,0.655055,0.000145,29265.241641050707,185660.8014945603,156948.24044836807,0.74363,0.244005,0.017885,2336.5595566777506
0.7,0.3,0.05,184113.78564482322,168258.47728959727,183459.91432272503,202651.38135125747,26593.450358505997,9528.851643803457,23406.517914963566,0.655055,0.0,33015.2416410507,185660.8014945603,153198.24044836807,0.74363,0.244005,0.01186,2336.5595566777506
0.7,0.35,0.0,184113.78564482322,168258.47728959727,183459.91432272503,202651.38135125747,26593.450358505997,9528.851643803457,23406.517914963566,0.655055,0.00231,23692.72438097566,185660.8014945603,162481.2805230961,0.74363,0.244005,0.033275,2336.5595566777506
0.7,0.35,0.025,184113.78564482322,168258.47728959727,183459.91432272503,202651.38135125747,26593.450358505997,9528.851643803457,23406.517914963566,0.655055,0.000595,27442.72438097566,185660.8014945603,158731.2805230961,0.74363,0.244005,0.02153,2336.5595566777506
0.7,0.35,0.05,184113.78564482322,168258.47728959727,183459.91432272503,202651.38135125747,26593.450358505997,9528.851643803457,23406.517914963566,0.655055,1e-05,31192.72438097566,185660.8014945603,154981.2805230961,0.74363,0.244005,0.014315,2336.5595566777506
0.7,0.4,0.0,184113.78564482322,168258.47728959727,183459.91432272503,202651.38135125747,26593.450358505997,9528.851643803457,23406.517914963566,0.655055,0.00421,21870.207120900603,185660.8014945603,164264.32059782412,0.74363,0.244005,0.040475,2336.5595566777506
0.7,0.4,0.025,184113.78564482322,168258.47728959727,183459.91432272503,202651.38135125747,26593.450358505997,9528.851643803457,23406.517914963566,0.655055,0.00109,25620.207120900603,185660.8014945603,160514.32059782412,0.74363,0.244005,0.02591,2336.5595566777506
0.7,0.4,0.05,184113.78564482322,168258.47728959727,183459.91432272503,202651.38135125747,26593.450358505997,9528.851643803457,23406.517914963566,0.655055,0.00015,29370.207120900603,185660.8014945603,156764.32059782412,0.74363,0.244005,0.01732,2336.5595566777506
0.7,0.45,0.0,184113.78564482322,168258.47728959727,183459.91432272503,202651.38135125747,26593.450358505997,9528.851643803457,23406.517914963566,0.655055,0.006275,20047.689860825554,185660.8014945603,166047.36067255214,0.74363,0.244005,0.04945,2336.5595566777506
0.7,0.45,0.025,184113.78564482322,168258.47728959727,183459.91432272503,202651.38135125747,26593.450358505997,9528.851643803457,23406.517914963566,0.655055,0.00198,23797.689860825554,185660.8014945603,162297.36067255214,0.74363,0.244005,0.031395,2336.5595566777506
0.7,0.45,0.05,184113.78564482322,168258.47728959727,183459.91432272503,202651.38135125747,26593.450358505997,9528.851643803457,23406.517914963566,0.655055,0.000545,27547.689860825554,185660.8014945603,158547.36067255214,0.74363,0.244005,0.02096,2336.5595566777506
0.7,0.5,0.0,184113.78564482322,168258.47728959727,183459.91432272503,202651.38135125747,26593.450358505997,9528.851643803457,23406.517914963566,0.655055,0.009165,18225.172600750502,185660.8014945603,167830.40074728016,0.74363,0.244005,0.06,2336.5595566777506
0.7,0.5,0.025,184113.78564482322,168258.47728959727,183459.91432272503,202651.38135125747,26593.450358505997,9528.851643803457,23406.517914963566,0.655055,0.003625,21975.172600750502,185660.8014945603,164080.40074728016,0.74363,0.244005,0.0383,2336.5595566777506
0.7,0.5,0.05,184113.78564482322,168258.47728959727,183459.91432272503,202651.38135125747,26593.450358505997,9528.851643803457,23406.517914963566,0.655055,0.00115,25725.172600750502,185660.8014945603,160330.40074728016,0.74363,0.244005,0.02519,2336.5595566777506
0.7,0.55,0.0,184113.78564482322,168258.47728959727,183459.91432272503,202651.38135125747,26593.450358505997,9528.851643803457,23406.517914963566,0.655055,0.01319,16402.65534067545,185660.8014945603,169613.44082200815,0.74363,0.244005,0.073005,2336.5595566777506
0.7,0.55,0.025,184113.78564482322,168258.47728959727,183459.91432272503,202651.38135125747,26593.450358505997,9528.851643803457,23406.517914963566,0.655055,0.005555,20152.65534067545,185660.8014945603,165863.44082200815,0.74363,0.244005,0.046675,2336.5595566777506
0.7,0.55,0.05,184113.78564482322,168258.47728959727,183459.91432272503,202651.38135125747,26593.450358505997,9528.851643803457,23406.517914963566,0.655055,0.002025,23902.65534067545,185660.8014945603,162113.44082200815,0.74363,0.244005,0.030775,2336.5595566777506
0.7,0.6,0.0,184113.78564482322,168258.47728959727,183459.91432272503,202651.38135125747,26593.450358505997,9528.851643803457,23406.517914963566,0.655055,0.018855,14580.1380806004,185660.8014945603,171396.48089673618,0.74363,0.244005,0.088885,2336.5595566777506
0.7,0.6,0.025,184113.78564482322,168258.47728959727,183459.91432272503,202651.38135125747,26593.450358505997,9528.851643803457,23406.517914963566,0.655055,0.008105,18330.1380806004,185660.8014945603,167646.48089673618,0.74363,0.244005,0.05693,2336.5595566777506
0.7,0.6,0.05,184113.78564482322,168258.47728959727,183459.91432272503,202651.38135125747,26593.450358505997,9528.851643803457,23406.517914963566,0.655055,0.00351,22080.1380806004,185660.8014945603,163896.48089673618,0.74363,0.244005,0.03729,2336.5595566777506
0.7,0.65,0.0,184113.78564482322,168258.47728959727,183459.91432272503,202651.38135125747,26593.450358505997,9528.851643803457,23406.517914963566,0.655055,0.027595,12757.620820525355,185660.8014945603,173179.52097146417,0.74363,0.244005,0.10742,2336.5595566777506
0.7,0.65,0.025,184113.78564482322,168258.47728959727,183459.91432272503,202651.38135125747,26593.450358505997,9528.851643803457,23406.517914963566,0.655055,0.01186,16507.620820525357,185660.8014945603,169429.52097146417,0.74363,0.244005,0.06909,2336.5595566777506
0.7,0.65,0.05,184113.78564482322,168258.47728959727,183459.91432272503,202651.38135125747,26593.450358505997,9528.851643803457,23406.517914963566,0.655055,0.005335,20257.620820525357,185660.8014945603,165679.52097146417,0.74363,0.244005,0.045385,2336.5595566777506
0.7,0.7,0.0,184113.78564482322,168258.47728959727,183459.91432272503,202651.38135125747,26593.450358505997,9528.851643803457,23406.517914963566,0.655055,0.040475,10935.103560450307,185660.8014945603,174962.5610461922,0.74363,0.244005,0.12917,2336.5595566777506
0.7,0.7,0.025,184113.78564482322,168258.47728959727,183459.91432272503,202651.38135125747,26593.450358505997,9528.851643803457,23406.517914963566,0.655055,0.01732,14685.103560450307,185660.8014945603,171212.5610461922,0.74363,0.244005,0.08354,2336.5595566777506
0.7,0.7,0.05,184113.78564482322,168258.47728959727,183459.91432272503,202651.38135125747,26593.450358505997,9528.851643803457,23406.517914963566,0.655055,0.00776,18435.103560450305,185660.8014945603,167462.5610461922,0.74363,0.244005,0.05545,2336.5595566777506
0.7,0.75,0.0,184113.78564482322,168258.47728959727,183459.91432272503,202651.38135125747,26593.450358505997,9528.851643803457,23406.517914963566,0.655055,0.06,9112.586300375255,185660.8014945603,176745.6011209202,0.74363,0.244005,0.15949,2336.5595566777506
0.7,0.75,0.025,184113.78564482322,168258.47728959727,183459.91432272503,202651.38135125747,26593.450358505997,9528.851643803457,23406.517914963566,0.655055,0.02519,12862.586300375255,185660.8014945603,172995.6011209202,0.74363,0.244005,0.100855,2336.5595566777506
0.7,0.75,0.05,184113.78564482322,168258.47728959727,183459.91432272503,202651.38135125747,26593.450358505997,9528.851643803457,23406.517914963566,0.655055,0.011395,16612.586300375253,185660.8014945603,169245.6011209202,0.74363,0.244005,0.067045,2336.5595566777506
0.7,0.8,0.0,184113.78564482322,168258.47728959727,183459.91432272503,202651.38135125747,26593.450358505997,9528.851643803457,23406.517914963566,0.655055,0.088885,7290.069040300203,185660.8014945603,178528.64119564823,0.74363,0.244005,0.20422,2336.5595566777506
0.7,0.8,0.025,184113.78564482322,168258.47728959727,183459.91432272503,202651.38135125747,26593.450358505997,9528.851643803457,23406.517914963566,0.655055,0.03729,11040.069040300203,185660.8014945603,174778.64119564823,0.74363,0.244005,0.11936,2336.5595566777506
0.7,0.8,0.05,184113.78564482322,168258.47728959727,183459.91432272503,202651.38135125747,26593.450358505997,9528.851643803457,23406.517914963566,0.655055,0.016895,14790.069040300203,185660.8014945603,171028.64119564823,0.74363,0.244005,0.08108,2336.5595566777506
0.7,0.85,0.0,184113.78564482322,168258.47728959727,183459.91432272503,202651.38135125747,26593.450358505997,9528.851643803457,23406.517914963566,0.655055,0.12917,5467.551780225151,185660.8014945603,180311.68127037626,0.74363,0.244005,0.27595,2336.5595566777506
0.7,0.85,0.025,184113.78564482322,168258.47728959727,183459.91432272503,202651.38135125747,26593.450358505997,9528.851643803457,23406.517914963566,0.655055,0.05545,9217.55178022515,185660.8014945603,176561.68127037626,0.74363,0.244005,0.14277,2336.5595566777506
0.7,0.85,0.05,184113.78564482322,168258.47728959727,183459.91432272503,202651.38135125747,26593.450358505997,9528.851643803457,23406.517914963566,0.655055,0.02512,12967.55178022515,185660.8014945603,172811.68127037626,0.74363,0.244005,0.097095,2336.5595566777506
0.7,0.9,0.0,184113.78564482322,168258.47728959727,183459.91432272503,202651.38135125747,26593.450358505997,9528.851643803457,23406.517914963566,0.655055,0.20422,3645.0345201500986,185660.8014945603,182094.72134510428,0.74363,0.244005,0.379725,2336.5595566777506
0.7,0.9,0.025,184113.78564482322,168258.47728959727,183459.91432272503,202651.38135125747,26593.450358505997,9528.851643803457,23406.517914963566,0.655055,0.08108,7395.034520150099,185660.8014945603,178344.72134510428,0.74363,0.244005,0.18252,2336.5595566777506
0.7,0.9,0.05,184113.78564482322,168258.47728959727,183459.91432272503,202651.38135125747,26593.450358505997,9528.851643803457,23406.517914963566,0.655055,0.036915,11145.034520150099,185660.8014945603,174594.72134510428,0.74363,0.244005,0.11557,2336.5595566777506
0.7,0.95,0.0,184113.78564482322,168258.47728959727,183459.91432272503,202651.38135125747,26593.450358505997,9528.851643803457,23406.517914963566,0.655055,0.379725,1822.5172600750518,185660.8014945603,183877.76141983227,0.74363,0.244005,0.520135,2336.5595566777506
0.7,0.95,0.025,184113.78564482322,168258.47728959727,183459.91432272503,202651.38135125747,26593.450358505997,9528.851643803457,23406.517914963566,0.655055,0.11557,5572.517260075052,185660.8014945603,180127.76141983227,0.74363,0.244005,0.26169,2336.5595566777506
0.7,0.95,0.05,184113.78564482322,168258.47728959727,183459.91432272503,202651.38135125747,26593.450358505997,9528.851643803457,23406.517914963566,0.655055,0.054745,9322.517260075052,185660.8014945603,176377.76141983227,0.74363,0.244005,0.13582,2336.5595566777506
0.7,1.0,0.0,184113.78564482322,168258.47728959727,183459.91432272503,202651.38135125747,26593.450358505997,9528.851643803457,23406.517914963566,0.655055,0.755995,0.0,185660.8014945603,185660.8014945603,0.74363,0.244005,0.755995,2336.5595566777506
0.7,1.0,0.025,184113.78564482322,168258.47728959727,183459.91432272503,202651.38135125747,26593.450358505997,9528.851643803457,23406.517914963566,0.655055,0.15831,3750.0,185660.8014945603,181910.8014945603,0.74363,0.244005,0.3705,2336.5595566777506
0.7,1.0,0.05,184113.78564482322,168258.47728959727,183459.91432272503,202651.38135125747,26593.450358505997,9528.851643803457,23406.517914963566,0.655055,0.07886,7500.0,185660.8014945603,178160.8014945603,0.74363,0.244005,0.15831,2336.5595566777506
0.75,0.0,0.0,186614.22604451416,169634.73613066183,185915.23509549606,206469.29219501547,24093.0099588151,7988.094055686311,20862.25931014173,0.564165,0.0,39053.94128732251,188208.00160131458,150000.0,0.74363,0.243265,0.009,2439.715242808351
0.75,0.0,0.025,186614.22604451416,169634.73613066183,185915.23509549606,206469.29219501547,24093.0099588151,7988.094055686311,20862.25931014173,0.564165,0.0,42803.94128732251,188208.00160131458,146250.0,0.74363,0.243265,0.005915,2439.715242808351
0.75,0.0,0.05,186614.22604451416,169634.73613066183,185915.23509549606,206469.29219501547,24093.0099588151,7988.094055686311,20862.25931014173,0.564165,0.0,46553.9412873225,188208.00160131458,142500.0,0.74363,0.243265,0.003815,2439.715242808351
0.75,0.05,0.0,186614.22604451416,169634.73613066183,185915.23509549606,206469.29219501547,24093.0099588151,7988.094055686311,20862.25931014173,0.564165,5e-06,37101.24422295638,188208.00160131458,151910.40008006574,0.74363,0.243265,0.01082,2439.715242808351
0.75,0.05,0.025,186614.22604451416,169634.73613066183,185915.23509549606,206469.29219501547,24093.0099588151,7988.094055686311,20862.25931014173,0.564165,0.0,40851.24422295638,188208.00160131458,148160.40008006574,0.74363,0.243265,0.00708,2439.715242808351
0.75,0.05,0.05,186614.22604451416,169634.73613066183,185915.23509549606,206469.29219501547,24093.0099588151,7988.094055686311,20862.25931014173,0.564165,0.0,44601.24422295638,188208.00160131458,144410.40008006574,0.74363,0.243265,0.00472,2439.715242808351
0.75,0.1,0.0,186614.22604451416,169634.73613066183,185915.23509549606,206469.29219501547,24093.0099588151,7988.094055686311,20862.25931014173,0.564165,1.5e-05,35148.547158590256,188208.00160131458,153820.80016013148,0.74363,0.243265,0.01297,2439.715242808351
0.75,0.1,0.025,186614.22604451416,169634.73613066183,185915.23509549606,206469.29219501547,24093.0099588151,7988.094055686311,20862.25931014173,0.564165,0.0,38898.547158590256,188208.00160131458,150070.80016013148,0.74363,0.243265,0.008525,2439.715242808351
0.75,0.1,0.05,186614.22604451416,169634.73613066183,185915.23509549606,206469.29219501547,24093.0099588151,7988.094055686311,20862.25931014173,0.564165,0.0,42648.547158590256,188208.00160131458,146320.80016013148,0.74363,0.243265,0.005815,2439.715242808351
0.75,0.15,0.0,186614.22604451416,169634.73613066183,185915.23509549606,206469.29219501547,24093.0099588151,7988.094055686311,20862.25931014173,0.564165,4e-05,33195.85009422414,188208.00160131458,155731.20024019718,0.74363,0.243265,0.01535,2439.715242808351
0.75,0.15,0.025,186614.22604451416,169634.73613066183,185915.23509549606,206469.29219501547,24093.0099588151,7988.094055686311,20862.25931014173,0.564165,0.0,36945.85009422413,188208.00160131458,151981.20024019718,0.74363,0.243265,0.01043,2439.715242808351
0.75,0.15,0.05,186614.22604451416,169634.73613066183,185915.23509549606,206469.29219501547,24093.0099588151,7988.094055686311,20862.25931014173,0.564165,0.0,40695.85009422414,188208.00160131458,148231.20024019718,0.74363,0.243265,0.00701,2439.715242808351
0.75,0.2,0.0,186614.22604451416,169634.73613066183,185915.23509549606,206469.29219501547,24093.0099588151,7988.094055686311,20862.25931014173,0.564165,0.00019,31243.153029858007,188208.00160131458,157641.60032026292,0.74363,0.243265,0.01853,2439.715242808351
0.75,0.2,0.025,186614.22604451416,169634.73613066183,185915.23509549606,206469.29219501547,24093.0099588151,7988.094055686311,20862.25931014173,0.564165,0.0,34993.15302985801,188208.00160131458,153891.60032026292,0.74363,0.243265,0.012605,2439.715242808351
0.75,0.2,0.05,186614.22604451416,169634.73613066183,185915.23509549606,206469.29219501547,24093.0099588151,7988.094055686311,20862.25931014173,0.564165,0.0,38743.15302985801,188208.00160131458,150141.60032026292,0.74363,0.243265,0.00836,2439.715242808351
0.75,0.25,0.0,186614.22604451416,169634.73613066183,185915.23509549606,206469.29219501547,24093.0099588151,7988.094055686311,20862.25931014173,0.564165,0.000605,29290.45596549188,188208.00160131458,159552.00040032866,0.74363,0.243265,0.02238,2439.715242808351
0.75,0.25,0.025,186614.22604451416,169634.73613066183,185915.23509549606,206469.29219501547,24093.0099588151,7988.094055686311,20862.25931014173,0.564165,0.0,33040.455965491885,188208.00160131458,155802.00040032866,0.74363,0.243265,0.01496,2439.715242808351
0.75,0.25,0.05,186614.22604451416,169634.73613066183,185915.23509549606,206469.29219501547,24093.0099588151,7988.094055686311,20862.25931014173,0.564165,0.0,36790.455965491885,188208.00160131458,152052.00040032866,0.74363,0.243265,0.010225,2439.715242808351
0.75,0.3,0.0,186614.22604451416,169634.73613066183,185915.23509549606,206469.29219501547,24093.0099588151,7988.094055686311,20862.25931014173,0.564165,0.001295,27337.758901125755,188208.00160131458,161462.40048039437,0.74363,0.243265,0.027035,2439.715242808351
0.75,0.3,0.025,186614.22604451416,169634.73613066183,185915.23509549606,206469.29219501547,24093.0099588151,7988.094055686311,20862.25931014173,0.564165,0.000155,31087.758901125755,188208.00160131458,157712.40048039437,0.74363,0.243265,0.01813,2439.715242808351
0.75,0.3,0.05,186614.22604451416,169634.73613066183,185915.23509549606,206469.29219501547,24093.0099588151,7988.094055686311,20862.25931014173,0.564165,0.0,34837.75890112576,188208.00160131458,153962.40048039437,0.74363,0.243265,0.01232,2439.715242808351
0.75,0.35,0.0,186614.22604451416,169634.73613066183,185915.23509549606,206469.29219501547,24093.0099588151,7988.094055686311,20862.25931014173,0.564165,0.00225,25385.061836759633,188208.00160131458,163372.8005604601,0.74363,0.243265,0.03253,2439.715242808351
0.75,0.35,0.025,186614.22604451416,169634.73613066183,185915.23509549606,206469.29219501547,24093.0099588151,7988.094055686311,20862.25931014173,0.564165,0.000645,29135.061836759633,188208.00160131458,159622.8005604601,0.74363,0.243265,0.02175,2439.715242808351
0.75,0.35,0.05,186614.22604451416,169634.73613066183,185915.23509549606,206469.29219501547,24093.0099588151,7988.094055686311,20862.25931014173,0.564165,2.5e-05,32885.06183675963,188208.00160131458,155872.8005604601,0.74363,0.243265,0.014885,2439.715242808351
0.75,0.4,0.0,186614.22604451416,169634.73613066183,185915.23509549606,206469.29219501547,24093.0099588151,7988.094055686311,20862.25931014173,0.564165,0.0041,23432.364772393503,188208.00160131458,165283.20064052584,0.74363,0.243265,0.0394,2439.715242808351
0.75,0.4,0.025,186614.22604451416,169634.73613066183,185915.23509549606,206469.29219501547,24093.0099588151,7988.094055686311,20862.25931014173,0.564165,0.00116,27182.364772393503,188208.00160131458,161533.20064052584,0.74363,0.243265,0.02618,2439.715242808351
0.75,0.4,0.05,186614.22604451416,169634.73613066183,185915.23509549606,206469.29219501547,24093.0099588151,7988.094055686311,20862.25931014173,0.564165,0.00022,30932.364772393503,188208.00160131458,157783.20064052584,0.74363,0.243265,0.0181,2439.715242808351
0.75,0.45,0.0,186614.22604451416,169634.73613066183,185915.23509549606,206469.29219501547,24093.0099588151,7988.094055686311,20862.25931014173,0.564165,0.00615,21479.66770802738,188208.00160131458,167193.60072059158,0.74363,0.243265,0.04831,2439.715242808351
0.75,0.45,0.025,186614.22604451416,169634.73613066183,185915.23509549606,206469.29219501547,24093.0099588151,7988.094055686311,20862.25931014173,0.564165,0.002135,25229.66770802738,188208.00160131458,163443.60072059158,0.74363,0.243265,0.031755,2439.715242808351
0.75,0.45,0.05,186614.22604451416,169634.73613066183,185915.23509549606,206469.29219501547,24093.0099588151,7988.094055686311,20862.25931014173,0.564165,0.000635,28979.667708027377,188208.00160131458,159693.60072059158,0.74363,0.243265,0.021875,2439.715242808351
0.75,0.5,0.0,186614.22604451416,169634.73613066183,185915.23509549606,206469.29219501547,24093.0099588151,7988.094055686311,20862.25931014173,0.564165,0.009,19526.970643661254,188208.00160131458,169104.00080065732,0.74363,0.243265,0.058935,2439.715242808351
0.75,0.5,0.025,186614.22604451416,169634.73613066183,185915.23509549606,206469.29219501547,24093.0099588151,7988.094055686311,20862.25931014173,0.564165,0.003815,23276.97064366125,188208.00160131458,165354.00080065732,0.74363,0.243265,0.038695,2439.715242808351
0.75,0.5,0.05,186614.22604451416,169634.73613066183,185915.23509549606,206469.29219501547,24093.0099588151,7988.094055686311,20862.25931014173,0.564165,0.00134,27026.970643661254,188208.00160131458,161604.00080065732,0.74363,0.243265,0.02616,2439.715242808351
0.75,0.55,0.0,186614.22604451416,169634.73613066183,185915.23509549606,206469.29219501547,24093.0099588151,7988.094055686311,20862.25931014173,0.564165,0.01297,17574.273579295128,188208.00160131458,171014.40088072303,0.74363,0.243265,0.071535,2439.715242808351
0.75,0.55,0.025,186614.22604451416,169634.73613066183,185915.23509549606,206469.29219501547,24093.0099588151,7988.094055686311,20862.25931014173,0.564165,0.005815,21324.273579295128,188208.00160131458,167264.40088072303,0.74363,0.243265,0.047135,2439.715242808351
0.75,0.55,0.05,186614.22604451416,169634.73613066183,185915.23509549606,206469.29219501547,24093.0099588151,7988.094055686311,20862.25931014173,0.564165,0.00231,25074.273579295124,188208.00160131458,163514.40088072303,0.74363,0.243265,0.03193,2439.715242808351
0.75,0.6,0.0,186614.22604451416,169634.73613066183,185915.23509549606,206469.29219501547,24093.0099588151,7988.094055686311,20862.25931014173,0.564165,0.01853,15621.57651492901,188208.00160131458,172924.80096078877,0.74363,0.243265,0.087295,2439.715242808351
0.75,0.6,0.025,186614.22604451416,169634.73613066183,185915.23509549606,206469.29219501547,24093.0099588151,7988.094055686311,20862.25931014173,0.564165,0.00836,19371.57651492901,188208.00160131458,169174.80096078877,0.74363,0.243265,0.057545,2439.715242808351
0.75,0.6,0.05,186614.22604451416,169634.73613066183,185915.23509549606,206469.29219501547,24093.0099588151,7988.094055686311,20862.25931014173,0.564165,0.00392,23121.57651492901,188208.00160131458,165424.80096078877,0.74363,0.243265,0.03867,2439.715242808351
0.75,0.65,0.0,186614.22604451416,169634.73613066183,185915.23509549606,206469.29219501547,24093.0099588151,7988.094055686311,20862.25931014173,0.564165,0.027035,13668.879450562878,188208.00160131458,174835.2010408545,0.74363,0.243265,0.105395,2439.715242808351
0.75,0.65,0.025,186614.22604451416,169634.73613066183,185915.23509549606,206469.29219501547,24093.0099588151,7988.094055686311,20862.25931014173,0.564165,0.01232,17418.87945056288,188208.00160131458,171085.2010408545,0.74363,0.243265,0.069745,2439.715242808351
0.75,0.65,0.05,186614.22604451416,169634.73613066183,185915.23509549606,206469.29219501547,24093.0099588151,7988.094055686311,20862.25931014173,0.564165,0.005755,21168.87945056288,188208.00160131458,167335.2010408545,0.74363,0.243265,0.047055,2439.715242808351
0.75,0.7,0.0,186614.22604451416,169634.73613066183,185915.23509549606,206469.29219501547,24093.0099588151,7988.094055686311,20862.25931014173,0.564165,0.0394,11716.182386196757,188208.00160131458,176745.6011209202,0.74363,0.243265,0.12613,2439.715242808351
0.75,0.7,0.025,186614.22604451416,169634.73613066183,185915.23509549606,206469.29219501547,24093.0099588151,7988.094055686311,20862.25931014173,0.564165,0.0181,15466.182386196757,188208.00160131458,172995.6011209202,0.74363,0.243265,0.084605,2439.715242808351
0.75,0.7,0.05,186614.22604451416,169634.73613066183,185915.23509549606,206469.29219501547,24093.0099588151,7988.094055686311,20862.25931014173,0.564165,0.00844,19216.182386196757,188208.00160131458,169245.6011209202,0.74363,0.243265,0.057725,2439.715242808351
0.75,0.75,0.0,186614.22604451416,169634.73613066183,185915.23509549606,206469.29219501547,24093.0099588151,7988.094055686311,20862.25931014173,0.564165,0.058935,9763.485321830627,188208.00160131458,178656.00120098595,0.74363,0.243265,0.153675,2439.715242808351
0.75,0.75,0.025,186614.22604451416,169634.73613066183,185915.23509549606,206469.29219501547,24093.0099588151,7988.094055686311,20862.25931014173,0.564165,0.02616,13513.485321830627,188208.00160131458,174906.00120098595,0.74363,0.243265,0.10206,2439.715242808351
0.75,0.75,0.05,186614.22604451416,169634.73613066183,185915.23509549606,206469.29219501547,24093.0099588151,7988.094055686311,20862.25931014173,0.564165,0.012425,17263.485321830627,188208.00160131458,171156.00120098595,0.74363,0.243265,0.069705,2439.715242808351
0.75,0.8,0.0,186614.22604451416,169634.73613066183,185915.23509549606,206469.29219501547,24093.0099588151,7988.094055686311,20862.25931014173,0.564165,0.087295,7810.788257464497,188208.00160131458,180566.4012810517,0.74363,0.243265,0.194375,2439.715242808351
0.75,0.8,0.025,186614.22604451416,169634.73613066183,185915.23509549606,206469.29219501547,24093.0099588151,7988.094055686311,20862.25931014173,0.564165,0.03867,11560.788257464497,188208.00160131458,176816.4012810517,0.74363,0.243265,0.12086,2439.715242808351
0.75,0.8,0.05,186614.22604451416,169634.73613066183,185915.23509549606,206469.29219501547,24093.0099588151,7988.094055686311,20862.25931014173,0.564165,0.01851,15310.788257464497,188208.00160131458,173066.4012810517,0.74363,0.243265,0.084235,2439.715242808351
0.75,0.85,0.0,186614.22604451416,169634.73613066183,185915.23509549606,206469.29219501547,24093.0099588151,7988.094055686311,20862.25931014173,0.564165,0.12613,5858.091193098378,188208.00160131458,182476.8013611174,0.74363,0.243265,0.262335,2439.715242808351
0.75,0.85,0.025,186614.22604451416,169634.73613066183,185915.23509549606,206469.29219501547,24093.0099588151,7988.094055686311,20862.25931014173,0.564165,0.057725,9608.091193098378,188208.00160131458,178726.8013611174,0.74363,0.243265,0.14374,2439.715242808351
0.75,0.85,0.05,186614.22604451416,169634.73613066183,185915.23509549606,206469.29219501547,24093.0099588151,7988.094055686311,20862.25931014173,0.564165,0.02742,13358.091193098378,188208.00160131458,174976.8013611174,0.74363,0.243265,0.100675,2439.715242808351
0.75,0.9,0.0,186614.22604451416,169634.73613066183,185915.23509549606,206469.29219501547,24093.0099588151,7988.094055686311,20862.25931014173,0.564165,0.194375,3905.3941287322486,188208.00160131458,184387.20144118316,0.74363,0.243265,0.36579,2439.715242808351
0.75,0.9,0.025,186614.22604451416,169634.73613066183,185915.23509549606,206469.29219501547,24093.0099588151,7988.094055686311,20862.25931014173,0.564165,0.084235,7655.394128732249,188208.00160131458,180637.20144118316,0.74363,0.243265,0.179625,2439.715242808351
0.75,0.9,0.05,186614.22604451416,169634.73613066183,185915.23509549606,206469.29219501547,24093.0099588151,7988.094055686311,20862.25931014173,0.564165,0.040235,11405.394128732247,188208.00160131458,176887.20144118316,0.74363,0.243265,0.119825,2439.715242808351
0.75,0.95,0.0,186614.22604451416,169634.73613066183,185915.23509549606,206469.29219501547,24093.0099588151,7988.094055686311,20862.25931014173,0.564165,0.36579,1952.6970643661302,188208.00160131458,186297.60152124887,0.74363,0.243265,0.509115,2439.715242808351
0.75,0.95,0.025,186614.22604451416,169634.73613066183,185915.23509549606,206469.29219501547,24093.0099588151,7988.094055686311,20862.25931014173,0.564165,0.119825,5702.697064366131,188208.00160131458,182547.60152124887,0.74363,0.243265,0.26068,2439.715242808351
0.75,0.95,0.05,186614.22604451416,169634.73613066183,185915.23509549606,206469.29219501547,24093.0099588151,7988.094055686311,20862.25931014173,0.564165,0.05979,9452.697064366132,188208.00160131458,178797.60152124887,0.74363,0.243265,0.140505,2439.715242808351
0.75,1.0,0.0,186614.22604451416,169634.73613066183,185915.23509549606,206469.29219501547,24093.0099588151,7988.094055686311,20862.25931014173,0.564165,0.756735,0.0,188208.00160131458,188208.00160131458,0.74363,0.243265,0.756735,2439.715242808351
0.75,1.0,0.025,186614.22604451416,169634.73613066183,185915.23509549606,206469.29219501547,24093.0099588151,7988.094055686311,20862.25931014173,0.564165,0.163625,3750.0,188208.00160131458,184458.00160131458,0.74363,0.243265,0.373455,2439.715242808351
0.75,1.0,0.05,186614.22604451416,169634.73613066183,185915.23509549606,206469.29219501547,24093.0099588151,7988.094055686311,20862.25931014173,0.564165,0.08594,7500.0,188208.00160131458,180708.00160131458,0.74363,0.243265,0.163625,2439.715242808351
0.8,0.0,0.0,189114.5792962057,171020.25067684936,188368.87648892478,210282.23084079978,21592.65670712359,6425.831227151777,18345.346571831993,0.48485,0.0,41657.53737314402,190755.2017080689,150000.0,0.74363,0.24256,0.00895,2542.9580769383483
0.8,0.0,0.025,189114.5792962057,171020.25067684936,188368.87648892478,210282.23084079978,21592.65670712359,6425.831227151777,18345.346571831993,0.48485,0.0,45407.53737314402,190755.2017080689,146250.0,0.74363,0.24256,0.00597,2542.9580769383483
0.8,0.0,0.05,189114.5792962057,171020.25067684936,188368.87648892478,210282.23084079978,21592.65670712359,6425.831227151777,18345.346571831993,0.48485,0.0,49157.53737314402,190755.2017080689,142500.0,0.74363,0.24256,0.004035,2542.9580769383483
0.8,0.05,0.0,189114.5792962057,171020.25067684936,188368.87648892478,210282.23084079978,21592.65670712359,6425.831227151777,18345.346571831993,0.48485,5e-06,39574.66050448681,190755.2017080689,152037.76008540345,0.74363,0.24256,0.010675,2542.9580769383483
0.8,0.05,0.025,189114.5792962057,171020.25067684936,188368.87648892478,210282.23084079978,21592.65670712359,6425.831227151777,18345.346571831993,0.48485,0.0,43324.66050448681,190755.2017080689,148287.76008540345,0.74363,0.24256,0.007125,2542.9580769383483
0.8,0.05,0.05,189114.5792962057,171020.25067684936,188368.87648892478,210282.23084079978,21592.65670712359,6425.831227151777,18345.346571831993,0.48485,0.0,47074.66050448681,190755.2017080689,144537.76008540345,0.74363,0.24256,0.004945,2542.9580769383483
0.8,0.1,0.0,189114.5792962057,171020.25067684936,188368.87648892478,210282.23084079978,21592.65670712359,6425.831227151777,18345.346571831993,0.48485,1.5e-05,37491.78363582961,190755.2017080689,154075.5201708069,0.74363,0.24256,0.012785,2542.9580769383483
0.8,0.1,0.025,189114.5792962057,171020.25067684936,188368.87648892478,210282.23084079978,21592.65670712359,6425.831227151777,18345.346571831993,0.48485,0.0,41241.78363582961,190755.2017080689,150325.5201708069,0.74363,0.24256,0.008635,2542.9580769383483
0.8,0.1,0.05,189114.5792962057,171020.25067684936,188368.87648892478,210282.23084079978,21592.65670712359,6425.831227151777,18345.346571831993,0.48485,0.0,44991.78363582961,190755.2017080689,146575.5201708069,0.74363,0.24256,0.005995,2542.9580769383483
0.8,0.15,0.0,189114.5792962057,171020.25067684936,188368.87648892478,210282.23084079978,21592.65670712359,6425.831227151777,18345.346571831993,0.48485,3.5e-05,35408.90676717241,190755.2017080689,156113.28025621033,0.74363,0.24256,0.015185,2542.9580769383483
0.8,0.15,0.025,189114.5792962057,171020.25067684936,188368.87648892478,210282.23084079978,21592.65670712359,6425.831227151777,18345.346571831993,0.48485,0.0,39158.90676717241,190755.2017080689,152363.28025621033,0.74363,0.24256,0.010555,2542.9580769383483
0.8,0.15,0.05,189114.5792962057,171020.25067684936,188368.87648892478,210282.23084079978,21592.65670712359,6425.831227151777,18345.346571831993,0.48485,0.0,42908.90676717241,190755.2017080689,148613.28025621033,0.74363,0.24256,0.00722,2542.9580769383483
0.8,0.2,0.0,189114.5792962057,171020.25067684936,188368.87648892478,210282.23084079978,21592.65670712359,6425.831227151777,18345.346571831993,0.48485,0.000165,33326.02989851521,190755.2017080689,158151.04034161379,0.74363,0.24256,0.01817,2542.9580769383483
0.8,0.2,0.025,189114.5792962057,171020.25067684936,188368.87648892478,210282.23084079978,21592.65670712359,6425.831227151777,18345.346571831993,0.48485,0.0,37076.02989851521,190755.2017080689,154401.04034161379,0.74363,0.24256,0.0127,2542.9580769383483
0.8,0.2,0.05,189114.5792962057,171020.25067684936,188368.87648892478,210282.23084079978,21592.65670712359,6425.831227151777,18345.346571831993,0.48485,0.0,40826.02989851521,190755.2017080689,150651.04034161379,0.74363,0.24256,0.00865,2542.9580769383483
0.8,0.25,0.0,189114.5792962057,171020.25067684936,188368.87648892478,210282.23084079978,21592.65670712359,6425.831227151777,18345.346571831993,0.48485,0.00058,31243.15302985801,190755.2017080689,160188.8004270172,0.74363,0.24256,0.022075,2542.9580769383483
0.8,0.25,0.025,189114.5792962057,171020.25067684936,188368.87648892478,210282.23084079978,21592.65670712359,6425.831227151777,18345.346571831993,0.48485,0.0,34993.15302985801,190755.2017080689,156438.8004270172,0.74363,0.24256,0.01507,2542.9580769383483
0.8,0.25,0.05,189114.5792962057,171020.25067684936,188368.87648892478,210282.23084079978,21592.65670712359,6425.831227151777,18345.346571831993,0.48485,0.0,38743.15302985801,190755.2017080689,152688.8004270172,0.74363,0.24256,0.01055,2542.9580769383483
0.8,0.3,0.0,189114.5792962057,171020.25067684936,188368.87648892478,210282.23084079978,21592.65670712359,6425.831227151777,18345.346571831993,0.48485,0.001255,29160.27616120081,190755.2017080689,162226.56051242066,0.74363,0.24256,0.02662,2542.9580769383483
0.8,0.3,0.025,189114.5792962057,171020.25067684936,188368.87648892478,210282.23084079978,21592.65670712359,6425.831227151777,18345.346571831993,0.48485,0.000175,32910.27616120081,190755.2017080689,158476.56051242066,0.74363,0.24256,0.0183,2542.9580769383483
0.8,0.3,0.05,189114.5792962057,171020.25067684936,188368.87648892478,210282.23084079978,21592.65670712359,6425.831227151777,18345.346571831993,0.48485,0.0,36660.27616120081,190755.2017080689,154726.56051242066,0.74363,0.24256,0.012765,2542.9580769383483
0.8,0.35,0.0,189114.5792962057,171020.25067684936,188368.87648892478,210282.23084079978,21592.65670712359,6425.831227151777,18345.346571831993,0.48485,0.002135,27077.39929254361,190755.2017080689,164264.32059782412,0.74363,0.24256,0.03197,2542.9580769383483
0.8,0.35,0.025,189114.5792962057,171020.25067684936,188368.87648892478,210282.23084079978,21592.65670712359,6425.831227151777,18345.346571831993,0.48485,0.0007,30827.39929254361,190755.2017080689,160514.32059782412,0.74363,0.24256,0.02201,2542.9580769383483
0.8,0.35,0.05,189114.5792962057,171020.25067684936,188368.87648892478,210282.23084079978,21592.65670712359,6425.831227151777,18345.346571831993,0.48485,4e-05,34577.39929254361,190755.2017080689,156764.32059782412,0.74363,0.24256,0.01548,2542.9580769383483
0.8,0.4,0.0,189114.5792962057,171020.25067684936,188368.87648892478,210282.23084079978,21592.65670712359,6425.831227151777,18345.346571831993,0.48485,0.003965,24994.522423886403,190755.2017080689,166302.08068322757,0.74363,0.24256,0.03872,2542.9580769383483
0.8,0.4,0.025,189114.5792962057,171020.25067684936,188368.87648892478,210282.23084079978,21592.65670712359,6425.831227151777,18345.346571831993,0.48485,0.00121,28744.522423886403,190755.2017080689,162552.08068322757,0.74363,0.24256,0.026455,2542.9580769383483
0.8,0.4,0.05,189114.5792962057,171020.25067684936,188368.87648892478,210282.23084079978,21592.65670712359,6425.831227151777,18345.346571831993,0.48485,0.000285,32494.522423886403,190755.2017080689,158802.08068322757,0.74363,0.24256,0.01864,2542.9580769383483
0.8,0.45,0.0,189114.5792962057,171020.25067684936,188368.87648892478,210282.23084079978,21592.65670712359,6425.831227151777,18345.346571831993,0.48485,0.006095,22911.645555229206,190755.2017080689,168339.84076863102,0.74363,0.24256,0.047425,2542.9580769383483
0.8,0.45,0.025,189114.5792962057,171020.25067684936,188368.87648892478,210282.23084079978,21592.65670712359,6425.831227151777,18345.346571831993,0.48485,0.002255,26661.645555229206,190755.2017080689,164589.84076863102,0.74363,0.24256,0.03206,2542.9580769383483
0.8,0.45,0.05,189114.5792962057,171020.25067684936,188368.87648892478,210282.23084079978,21592.65670712359,6425.831227151777,18345.346571831993,0.48485,0.00074,30411.645555229206,190755.2017080689,160839.84076863102,0.74363,0.24256,0.022625,2542.9580769383483
0.8,0.5,0.0,189114.5792962057,171020.25067684936,188368.87648892478,210282.23084079978,21592.65670712359,6425.831227151777,18345.346571831993,0.48485,0.00895,20828.76868657201,190755.2017080689,170377.60085403445,0.74363,0.24256,0.05793,2542.9580769383483
0.8,0.5,0.025,189114.5792962057,171020.25067684936,188368.87648892478,210282.23084079978,21592.65670712359,6425.831227151777,18345.346571831993,0.48485,0.004035,24578.76868657201,190755.2017080689,166627.60085403445,0.74363,0.24256,0.039,2542.9580769383483
0.8,0.5,0.05,189114.5792962057,171020.25067684936,188368.87648892478,210282.23084079978,21592.65670712359,6425.831227151777,18345.346571831993,0.48485,0.001485,28328.76868657201,190755.2017080689,162877.60085403445,0.74363,0.24256,0.02707,2542.9580769383483
0.8,0.55,0.0,189114.5792962057,171020.25067684936,188368.87648892478,210282.23084079978,21592.65670712359,6425.831227151777,18345.346571831993,0.48485,0.012785,18745.891817914806,190755.2017080689,172415.3609394379,0.74363,0.24256,0.07027,2542.9580769383483
0.8,0.55,0.025,189114.5792962057,171020.25067684936,188368.87648892478,210282.23084079978,21592.65670712359,6425.831227151777,18345.346571831993,0.48485,0.005995,22495.891817914806,190755.2017080689,168665.3609394379,0.74363,0.24256,0.04757,2542.9580769383483
0.8,0.55,0.05,189114.5792962057,171020.25067684936,188368.87648892478,210282.23084079978,21592.65670712359,6425.831227151777,18345.346571831993,0.48485,0.00259,26245.891817914806,190755.2017080689,164915.3609394379,0.74363,0.24256,0.033065,2542.9580769383483
0.8,0.6,0.0,189114.5792962057,171020.25067684936,188368.87648892478,210282.23084079978,21592.65670712359,6425.831227151777,18345.346571831993,0.48485,0.01817,16663.01494925761,190755.2017080689,174453.12102484136,0.74363,0.24256,0.085775,2542.9580769383483
0.8,0.6,0.025,189114.5792962057,171020.25067684936,188368.87648892478,210282.23084079978,21592.65670712359,6425.831227151777,18345.346571831993,0.48485,0.00865,20413.01494925761,190755.2017080689,170703.12102484136,0.74363,0.24256,0.058035,2542.9580769383483
0.8,0.6,0.05,189114.5792962057,171020.25067684936,188368.87648892478,210282.23084079978,21592.65670712359,6425.831227151777,18345.346571831993,0.48485,0.004265,24163.014949257613,190755.2017080689,166953.12102484136,0.74363,0.24256,0.040015,2542.9580769383483
0.8,0.65,0.0,189114.5792962057,171020.25067684936,188368.87648892478,210282.23084079978,21592.65670712359,6425.831227151777,18345.346571831993,0.48485,0.02662,14580.138080600405,190755.2017080689,176490.88111024478,0.74363,0.24256,0.103705,2542.9580769383483
0.8,0.65,0.025,189114.5792962057,171020.25067684936,188368.87648892478,210282.23084079978,21592.65670712359,6425.831227151777,18345.346571831993,0.48485,0.012765,18330.138080600405,190755.2017080689,172740.88111024478,0.74363,0.24256,0.070385,2542.9580769383483
0.8,0.65,0.05,189114.5792962057,171020.25067684936,188368.87648892478,210282.23084079978,21592.65670712359,6425.831227151777,18345.346571831993,0.48485,0.00621,22080.138080600405,190755.2017080689,168990.88111024478,0.74363,0.24256,0.04881,2542.9580769383483
0.8,0.7,0.0,189114.5792962057,171020.25067684936,188368.87648892478,210282.23084079978,21592.65670712359,6425.831227151777,18345.346571831993,0.48485,0.03872,12497.261211943207,190755.2017080689,178528.64119564823,0.74363,0.24256,0.123845,2542.9580769383483
0.8,0.7,0.025,189114.5792962057,171020.25067684936,188368.87648892478,210282.23084079978,21592.65670712359,6425.831227151777,18345.346571831993,0.48485,0.01864,16247.261211943207,190755.2017080689,174778.64119564823,0.74363,0.24256,0.08552,2542.9580769383483
0.8,0.7,0.05,189114.5792962057,171020.25067684936,188368.87648892478,210282.23084079978,21592.65670712359,6425.831227151777,18345.346571831993,0.48485,0.00918,19997.261211943205,190755.2017080689,171028.64119564823,0.74363,0.24256,0.05957,2542.9580769383483
0.8,0.75,0.0,189114.5792962057,171020.25067684936,188368.87648892478,210282.23084079978,21592.65670712359,6425.831227151777,18345.346571831993,0.48485,0.05793,10414.384343286001,190755.2017080689,180566.4012810517,0.74363,0.24256,0.14956,2542.9580769383483
0.8,0.75,0.025,189114.5792962057,171020.25067684936,188368.87648892478,210282.23084079978,21592.65670712359,6425.831227151777,18345.346571831993,0.48485,0.02707,14164.384343286001,190755.2017080689,176816.4012810517,0.74363,0.24256,0.102995,2542.9580769383483
0.8,0.75,0.05,189114.5792962057,171020.25067684936,188368.87648892478,210282.23084079978,21592.65670712359,6425.831227151777,18345.346571831993,0.48485,0.013505,17914.384343286,190755.2017080689,173066.4012810517,0.74363,0.24256,0.07211,2542.9580769383483
0.8,0.8,0.0,189114.5792962057,171020.25067684936,188368.87648892478,210282.23084079978,21592.65670712359,6425.831227151777,18345.346571831993,0.48485,0.085775,8331.507474628797,190755.2017080689,182604.16136645514,0.74363,0.24256,0.18671,2542.9580769383483
0.8,0.8,0.025,189114.5792962057,171020.25067684936,188368.87648892478,210282.23084079978,21592.65670712359,6425.831227151777,18345.346571831993,0.48485,0.040015,12081.507474628797,190755.2017080689,178854.16136645514,0.74363,0.24256,0.12222,2542.9580769383483
0.8,0.8,0.05,189114.5792962057,171020.25067684936,188368.87648892478,210282.23084079978,21592.65670712359,6425.831227151777,18345.346571831993,0.48485,0.02005,15831.507474628797,190755.2017080689,175104.16136645514,0.74363,0.24256,0.08721,2542.9580769383483
0.8,0.85,0.0,189114.5792962057,171020.25067684936,188368.87648892478,210282.23084079978,21592.65670712359,6425.831227151777,18345.346571831993,0.48485,0.123845,6248.630605971601,190755.2017080689,184641.9214518586,0.74363,0.24256,0.24969,2542.9580769383483
0.8,0.85,0.025,189114.5792962057,171020.25067684936,188368.87648892478,210282.23084079978,21592.65670712359,6425.831227151777,18345.346571831993,0.48485,0.05957,9998.6306059716,190755.2017080689,180891.9214518586,0.74363,0.24256,0.14469,2542.9580769383483
0.8,0.85,0.05,189114.5792962057,171020.25067684936,188368.87648892478,210282.23084079978,21592.65670712359,6425.831227151777,18345.346571831993,0.48485,0.02972,13748.630605971603,190755.2017080689,177141.9214518586,0.74363,0.24256,0.10407,2542.9580769383483
0.8,0.9,0.0,189114.5792962057,171020.25067684936,188368.87648892478,210282.23084079978,21592.65670712359,6425.831227151777,18345.346571831993,0.48485,0.18671,4165.753737314399,190755.2017080689,186679.68153726202,0.74363,0.24256,0.352875,2542.9580769383483
0.8,0.9,0.025,189114.5792962057,171020.25067684936,188368.87648892478,210282.23084079978,21592.65670712359,6425.831227151777,18345.346571831993,0.48485,0.08721,7915.753737314399,190755.2017080689,182929.68153726202,0.74363,0.24256,0.17751,2542.9580769383483
0.8,0.9,0.05,189114.5792962057,171020.25067684936,188368.87648892478,210282.23084079978,21592.65670712359,6425.831227151777,18345.346571831993,0.48485,0.043625,11665.753737314399,190755.2017080689,179179.68153726202,0.74363,0.24256,0.12368,2542.9580769383483
0.8,0.95,0.0,189114.5792962057,171020.25067684936,188368.87648892478,210282.23084079978,21592.65670712359,6425.831227151777,18345.346571831993,0.48485,0.352875,2082.8768686572025,190755.2017080689,188717.44162266544,0.74363,0.24256,0.49845,2542.9580769383483
0.8,0.95,0.025,189114.5792962057,171020.25067684936,188368.87648892478,210282.23084079978,21592.65670712359,6425.831227151777,18345.346571831993,0.48485,0.12368,5832.876868657203,190755.2017080689,184967.44162266544,0.74363,0.24256,0.25917,2542.9580769383483
0.8,0.95,0.05,189114.5792962057,171020.25067684936,188368.87648892478,210282.23084079978,21592.65670712359,6425.831227151777,18345.346571831993,0.48485,0.064425,9582.876868657202,190755.2017080689,181217.44162266544,0.74363,0.24256,0.144865,2542.9580769383483
0.8,1.0,0.0,189114.5792962057,171020.25067684936,188368.87648892478,210282.23084079978,21592.65670712359,6425.831227151777,18345.346571831993,0.48485,0.75744,0.0,190755.2017080689,190755.2017080689,0.74363,0.24256,0.75744,2542.9580769383483
0.8,1.0,0.025,189114.5792962057,171020.25067684936,188368.87648892478,210282.23084079978,21592.65670712359,6425.831227151777,18345.346571831993,0.48485,0.168095,3750.0,190755.2017080689,187005.2017080689,0.74363,0.24256,0.375925,2542.9580769383483
0.8,1.0,0.05,189114.5792962057,171020.25067684936,188368.87648892478,210282.23084079978,21592.65670712359,6425.831227151777,18345.346571831993,0.48485,0.092535,7500.0,190755.2017080689,183255.2017080689,0.74363,0.24256,0.168095,2542.9580769383483
0.85,0.0,0.0,191614.8602232161,172400.06868252743,190821.51202517495,214088.10103607402,19092.375780113154,4849.18591899003,15854.122222522972,0.405605,0.0,44261.13345896551,193302.4018148232,150000.0,0.74363,0.241955,0.008795,2646.273235749407
0.85,0.0,0.025,191614.8602232161,172400.06868252743,190821.51202517495,214088.10103607402,19092.375780113154,4849.18591899003,15854.122222522972,0.405605,0.0,48011.13345896551,193302.4018148232,146250.0,0.74363,0.241955,0.006015,2646.273235749407
0.85,0.0,0.05,191614.8602232161,172400.06868252743,190821.51202517495,214088.10103607402,19092.375780113154,4849.18591899003,15854.122222522972,0.405605,0.0,51761.13345896551,193302.4018148232,142500.0,0.74363,0.241955,0.00417,2646.273235749407
0.85,0.05,0.0,191614.8602232161,172400.06868252743,190821.51202517495,214088.10103607402,19092.375780113154,4849.18591899003,15854.122222522972,0.405605,5e-06,42048.076786017235,193302.4018148232,152165.12009074114,0.74363,0.241955,0.010565,2646.273235749407
0.85,0.05,0.025,191614.8602232161,172400.06868252743,190821.51202517495,214088.10103607402,19092.375780113154,4849.18591899003,15854.122222522972,0.405605,0.0,45798.07678601723,193302.4018148232,148415.12009074114,0.74363,0.241955,0.007185,2646.273235749407
0.85,0.05,0.05,191614.8602232161,172400.06868252743,190821.51202517495,214088.10103607402,19092.375780113154,4849.18591899003,15854.122222522972,0.405605,0.0,49548.07678601723,193302.4018148232,144665.12009074114,0.74363,0.241955,0.00508,2646.273235749407
0.85,0.1,0.0,191614.8602232161,172400.06868252743,190821.51202517495,214088.10103607402,19092.375780113154,4849.18591899003,15854.122222522972,0.405605,1e-05,39835.02011306896,193302.4018148232,154330.24018148234,0.74363,0.241955,0.012575,2646.273235749407
0.85,0.1,0.025,191614.8602232161,172400.06868252743,190821.51202517495,214088.10103607402,19092.375780113154,4849.18591899003,15854.122222522972,0.405605,0.0,43585.02011306895,193302.4018148232,150580.24018148234,0.74363,0.241955,0.00875,2646.273235749407
0.85,0.1,0.05,191614.8602232161,172400.06868252743,190821.51202517495,214088.10103607402,19092.375780113154,4849.18591899003,15854.122222522972,0.405605,0.0,47335.02011306896,193302.4018148232,146830.24018148234,0.74363,0.241955,0.00614,2646.273235749407
0.85,0.15,0.0,191614.8602232161,172400.06868252743,190821.51202517495,214088.10103607402,19092.375780113154,4849.18591899003,15854.122222522972,0.405605,3e-05,37621.963440120686,193302.4018148232,156495.36027222348,0.74363,0.241955,0.01503,2646.273235749407
0.85,0.15,0.025,191614.8602232161,172400.06868252743,190821.51202517495,214088.10103607402,19092.375780113154,4849.18591899003,15854.122222522972,0.405605,0.0,41371.963440120686,193302.4018148232,152745.36027222348,0.74363,0.241955,0.01066,2646.273235749407
0.85,0.15,0.05,191614.8602232161,172400.06868252743,190821.51202517495,214088.10103607402,19092.375780113154,4849.18591899003,15854.122222522972,0.405605,0.0,45121.963440120686,193302.4018148232,148995.36027222348,0.74363,0.241955,0.007455,2646.273235749407
0.85,0.2,0.0,191614.8602232161,172400.06868252743,190821.51202517495,214088.10103607402,19092.375780113154,4849.18591899003,15854.122222522972,0.405605,0.000145,35408.90676717241,193302.4018148232,158660.48036296462,0.74363,0.241955,0.017975,2646.273235749407
0.85,0.2,0.025,191614.8602232161,172400.06868252743,190821.51202517495,214088.10103607402,19092.375780113154,4849.18591899003,15854.122222522972,0.405605,0.0,39158.90676717241,193302.4018148232,154910.48036296462,0.74363,0.241955,0.012735,2646.273235749407
0.85,0.2,0.05,191614.8602232161,172400.06868252743,190821.51202517495,214088.10103607402,19092.375780113154,4849.18591899003,15854.122222522972,0.405605,0.0,42908.90676717241,193302.4018148232,151160.48036296462,0.74363,0.241955,0.008885,2646.273235749407
0.85,0.25,0.0,191614.8602232161,172400.06868252743,190821.51202517495,214088.10103607402,19092.375780113154,4849.18591899003,15854.122222522972,0.405605,0.000575,33195.85009422413,193302.4018148232,160825.6004537058,0.74363,0.241955,0.021805,2646.273235749407
0.85,0.25,0.025,191614.8602232161,172400.06868252743,190821.51202517495,214088.10103607402,19092.375780113154,4849.18591899003,15854.122222522972,0.405605,0.0,36945.85009422413,193302.4018148232,157075.6004537058,0.74363,0.241955,0.015195,2646.273235749407
0.85,0.25,0.05,191614.8602232161,172400.06868252743,190821.51202517495,214088.10103607402,19092.375780113154,4849.18591899003,15854.122222522972,0.405605,0.0,40695.85009422413,193302.4018148232,153325.6004537058,0.74363,0.241955,0.01091,2646.273235749407
0.85,0.3,0.0,191614.8602232161,172400.06868252743,190821.51202517495,214088.10103607402,19092.375780113154,4849.18591899003,15854.122222522972,0.405605,0.001215,30982.79342127586,193302.4018148232,162990.72054444696,0.74363,0.241955,0.02624,2646.273235749407
0.85,0.3,0.025,191614.8602232161,172400.06868252743,190821.51202517495,214088.10103607402,19092.375780113154,4849.18591899003,15854.122222522972,0.405605,0.00019,34732.793421275856,193302.4018148232,159240.72054444696,0.74363,0.241955,0.01855,2646.273235749407
0.85,0.3,0.05,191614.8602232161,172400.06868252743,190821.51202517495,214088.10103607402,19092.375780113154,4849.18591899003,15854.122222522972,0.405605,0.0,38482.793421275856,193302.4018148232,155490.72054444696,0.74363,0.241955,0.01316,2646.273235749407
0.85,0.35,0.0,191614.8602232161,172400.06868252743,190821.51202517495,214088.10103607402,19092.375780113154,4849.18591899003,15854.122222522972,0.405605,0.00211,28769.73674832758,193302.4018148232,165155.84063518813,0.74363,0.241955,0.03153,2646.273235749407
0.85,0.35,0.025,191614.8602232161,172400.06868252743,190821.51202517495,214088.10103607402,19092.375780113154,4849.18591899003,15854.122222522972,0.405605,0.00072,32519.73674832758,193302.4018148232,161405.84063518813,0.74363,0.241955,0.022295,2646.273235749407
0.85,0.35,0.05,191614.8602232161,172400.06868252743,190821.51202517495,214088.10103607402,19092.375780113154,4849.18591899003,15854.122222522972,0.405605,7e-05,36269.73674832758,193302.4018148232,157655.84063518813,0.74363,0.241955,0.015925,2646.273235749407
0.85,0.4,0.0,191614.8602232161,172400.06868252743,190821.51202517495,214088.10103607402,19092.375780113154,4849.18591899003,15854.122222522972,0.405605,0.00389,26556.680075379303,193302.4018148232,167320.9607259293,0.74363,0.241955,0.03809,2646.273235749407
0.85,0.4,0.025,191614.8602232161,172400.06868252743,190821.51202517495,214088.10103607402,19092.375780113154,4849.18591899003,15854.122222522972,0.405605,0.00123,30306.680075379303,193302.4018148232,163570.9607259293,0.74363,0.241955,0.026695,2646.273235749407
0.85,0.4,0.05,191614.8602232161,172400.06868252743,190821.51202517495,214088.10103607402,19092.375780113154,4849.18591899003,15854.122222522972,0.405605,0.00039,34056.68007537931,193302.4018148232,159820.9607259293,0.74363,0.241955,0.019195,2646.273235749407
0.85,0.45,0.0,191614.8602232161,172400.06868252743,190821.51202517495,214088.10103607402,19092.375780113154,4849.18591899003,15854.122222522972,0.405605,0.006035,24343.62340243103,193302.4018148232,169486.08081667044,0.74363,0.241955,0.046775,2646.273235749407
0.85,0.45,0.025,191614.8602232161,172400.06868252743,190821.51202517495,214088.10103607402,19092.375780113154,4849.18591899003,15854.122222522972,0.405605,0.00234,28093.62340243103,193302.4018148232,165736.08081667044,0.74363,0.241955,0.032285,2646.273235749407
0.85,0.45,0.05,191614.8602232161,172400.06868252743,190821.51202517495,214088.10103607402,19092.375780113154,4849.18591899003,15854.122222522972,0.405605,0.000855,31843.62340243103,193302.4018148232,161986.08081667044,0.74363,0.241955,0.02328,2646.273235749407
0.85,0.5,0.0,191614.8602232161,172400.06868252743,190821.51202517495,214088.10103607402,19092.375780113154,4849.18591899003,15854.122222522972,0.405605,0.008795,22130.566729482754,193302.4018148232,171651.2009074116,0.74363,0.241955,0.057005,2646.273235749407
0.85,0.5,0.025,191614.8602232161,172400.06868252743,190821.51202517495,214088.10103607402,19092.375780113154,4849.18591899003,15854.122222522972,0.405605,0.00417,25880.566729482754,193302.4018148232,167901.2009074116,0.74363,0.241955,0.03936,2646.273235749407
0.85,0.5,0.05,191614.8602232161,172400.06868252743,190821.51202517495,214088.10103607402,19092.375780113154,4849.18591899003,15854.122222522972,0.405605,0.001605,29630.566729482754,193302.4018148232,164151.2009074116,0.74363,0.241955,0.02799,2646.273235749407
0.85,0.55,0.0,191614.8602232161,172400.06868252743,190821.51202517495,214088.10103607402,19092.375780113154,4849.18591899003,15854.122222522972,0.405605,0.012575,19917.510056534476,193302.4018148232,173816.32099815278,0.74363,0.241955,0.06919,2646.273235749407
0.85,0.55,0.025,191614.8602232161,172400.06868252743,190821.51202517495,214088.10103607402,19092.375780113154,4849.18591899003,15854.122222522972,0.405605,0.00614,23667.510056534476,193302.4018148232,170066.32099815278,0.74363,0.241955,0.04803,2646.273235749407
0.85,0.55,0.05,191614.8602232161,172400.06868252743,190821.51202517495,214088.10103607402,19092.375780113154,4849.18591899003,15854.122222522972,0.405605,0.00282,27417.510056534476,193302.4018148232,166316.32099815278,0.74363,0.241955,0.03404,2646.273235749407
0.85,0.6,0.0,191614.8602232161,172400.06868252743,190821.51202517495,214088.10103607402,19092.375780113154,4849.18591899003,15854.122222522972,0.405605,0.017975,17704.453383586202,193302.4018148232,175981.44108889392,0.74363,0.241955,0.08437,2646.273235749407
0.85,0.6,0.025,191614.8602232161,172400.06868252743,190821.51202517495,214088.10103607402,19092.375780113154,4849.18591899003,15854.122222522972,0.405605,0.008885,21454.453383586206,193302.4018148232,172231.44108889392,0.74363,0.241955,0.058525,2646.273235749407
0.85,0.6,0.05,191614.8602232161,172400.06868252743,190821.51202517495,214088.10103607402,19092.375780113154,4849.18591899003,15854.122222522972,0.405605,0.00459,25204.453383586206,193302.4018148232,168481.44108889392,0.74363,0.241955,0.041255,2646.273235749407
0.85,0.65,0.0,191614.8602232161,172400.06868252743,190821.51202517495,214088.10103607402,19092.375780113154,4849.18591899003,15854.122222522972,0.405605,0.02624,15491.39671063793,193302.4018148232,178146.5611796351,0.74363,0.241955,0.1025,2646.273235749407
0.85,0.65,0.025,191614.8602232161,172400.06868252743,190821.51202517495,214088.10103607402,19092.375780113154,4849.18591899003,15854.122222522972,0.405605,0.01316,19241.396710637928,193302.4018148232,174396.5611796351,0.74363,0.241955,0.07099,2646.273235749407
0.85,0.65,0.05,191614.8602232161,172400.06868252743,190821.51202517495,214088.10103607402,19092.375780113154,4849.18591899003,15854.122222522972,0.405605,0.006715,22991.39671063793,193302.4018148232,170646.5611796351,0.74363,0.241955,0.05039,2646.273235749407
0.85,0.7,0.0,191614.8602232161,172400.06868252743,190821.51202517495,214088.10103607402,19092.375780113154,4849.18591899003,15854.122222522972,0.405605,0.03809,13278.340037689652,193302.4018148232,180311.68127037626,0.74363,0.241955,0.121995,2646.273235749407
0.85,0.7,0.025,191614.8602232161,172400.06868252743,190821.51202517495,214088.10103607402,19092.375780113154,4849.18591899003,15854.122222522972,0.405605,0.019195,17028.340037689653,193302.4018148232,176561.68127037626,0.74363,0.241955,0.086445,2646.273235749407
0.85,0.7,0.05,191614.8602232161,172400.06868252743,190821.51202517495,214088.10103607402,19092.375780113154,4849.18591899003,15854.122222522972,0.405605,0.00982,20778.340037689653,193302.4018148232,172811.68127037626,0.74363,0.241955,0.06132,2646.273235749407
0.85,0.75,0.0,191614.8602232161,172400.06868252743,190821.51202517495,214088.10103607402,19092.375780113154,4849.18591899003,15854.122222522972,0.405605,0.057005,11065.28336474138,193302.4018148232,182476.8013611174,0.74363,0.241955,0.146605,2646.273235749407
0.85,0.75,0.025,191614.8602232161,172400.06868252743,190821.51202517495,214088.10103607402,19092.375780113154,4849.18591899003,15854.122222522972,0.405605,0.02799,14815.28336474138,193302.4018148232,178726.8013611174,0.74363,0.241955,0.103855,2646.273235749407
0.85,0.75,0.05,191614.8602232161,172400.06868252743,190821.51202517495,214088.10103607402,19092.375780113154,4849.18591899003,15854.122222522972,0.405605,0.01457,18565.28336474138,193302.4018148232,174976.8013611174,0.74363,0.241955,0.074375,2646.273235749407
0.85,0.8,0.0,191614.8602232161,172400.06868252743,190821.51202517495,214088.10103607402,19092.375780113154,4849.18591899003,15854.122222522972,0.405605,0.08437,8852.2266917931,193302.4018148232,184641.9214518586,0.74363,0.241955,0.180275,2646.273235749407
0.85,0.8,0.025,191614.8602232161,172400.06868252743,190821.51202517495,214088.10103607402,19092.375780113154,4849.18591899003,15854.122222522972,0.405605,0.041255,12602.2266917931,193302.4018148232,180891.9214518586,0.74363,0.241955,0.12366,2646.273235749407
0.85,0.8,0.05,191614.8602232161,172400.06868252743,190821.51202517495,214088.10103607402,19092.375780113154,4849.18591899003,15854.122222522972,0.405605,0.0214,16352.2266917931,193302.4018148232,177141.9214518586,0.74363,0.241955,0.08995,2646.273235749407
0.85,0.85,0.0,191614.8602232161,172400.06868252743,190821.51202517495,214088.10103607402,19092.375780113154,4849.18591899003,15854.122222522972,0.405605,0.121995,6639.170018844829,193302.4018148232,186807.04154259973,0.74363,0.241955,0.238705,2646.273235749407
0.85,0.85,0.025,191614.8602232161,172400.06868252743,190821.51202517495,214088.10103607402,19092.375780113154,4849.18591899003,15854.122222522972,0.405605,0.06132,10389.17001884483,193302.4018148232,183057.04154259973,0.74363,0.241955,0.14569,2646.273235749407
0.85,0.85,0.05,191614.8602232161,172400.06868252743,190821.51202517495,214088.10103607402,19092.375780113154,4849.18591899003,15854.122222522972,0.405605,0.031695,14139.17001884483,193302.4018148232,179307.04154259973,0.74363,0.241955,0.10729,2646.273235749407
0.85,0.9,0.0,191614.8602232161,172400.06868252743,190821.51202517495,214088.10103607402,19092.375780113154,4849.18591899003,15854.122222522972,0.405605,0.180275,4426.11334589655,193302.4018148232,188972.16163334087,0.74363,0.241955,0.339855,2646.273235749407
0.85,0.9,0.025,191614.8602232161,172400.06868252743,190821.51202517495,214088.10103607402,19092.375780113154,4849.18591899003,15854.122222522972,0.405605,0.08995,8176.11334589655,193302.4018148232,185222.16163334087,0.74363,0.241955,0.17602,2646.273235749407
0.85,0.9,0.05,191614.8602232161,172400.06868252743,190821.51202517495,214088.10103607402,19092.375780113154,4849.18591899003,15854.122222522972,0.405605,0.04673,11926.113345896549,193302.4018148232,181472.16163334087,0.74363,0.241955,0.12708,2646.273235749407
0.85,0.95,0.0,191614.8602232161,172400.06868252743,190821.51202517495,214088.10103607402,19092.375780113154,4849.18591899003,15854.122222522972,0.405605,0.339855,2213.056672948275,193302.4018148232,191137.28172408204,0.74363,0.241955,0.48858,2646.273235749407
0.85,0.95,0.025,191614.8602232161,172400.06868252743,190821.51202517495,214088.10103607402,19092.375780113154,4849.18591899003,15854.122222522972,0.405605,0.12708,5963.056672948276,193302.4018148232,187387.28172408204,0.74363,0.241955,0.25672,2646.273235749407
0.85,0.95,0.05,191614.8602232161,172400.06868252743,190821.51202517495,214088.10103607402,19092.375780113154,4849.18591899003,15854.122222522972,0.405605,0.06876,9713.056672948276,193302.4018148232,183637.28172408204,0.74363,0.241955,0.148615,2646.273235749407
0.85,1.0,0.0,191614.8602232161,172400.06868252743,190821.51202517495,214088.10103607402,19092.375780113154,4849.18591899003,15854.122222522972,0.405605,0.758045,0.0,193302.4018148232,193302.4018148232,0.74363,0.241955,0.758045,2646.273235749407
0.85,1.0,0.025,191614.8602232161,172400.06868252743,190821.51202517495,214088.10103607402,19092.375780113154,4849.18591899003,15854.122222522972,0.405605,0.172315,3750.0,193302.4018148232,189552.4018148232,0.74363,0.241955,0.37824,2646.273235749407
0.85,1.0,0.05,191614.8602232161,172400.06868252743,190821.51202517495,214088.10103607402,19092.375780113154,4849.18591899003,15854.122222522972,0.405605,0.09845,7500.0,193302.4018148232,185802.4018148232,0.74363,0.241955,0.172315,2646.273235749407
0.9,0.0,0.0,194115.0758801828,173794.79726104828,193277.79166164834,217919.3689480637,16592.160123146463,3250.168769875847,13396.030462669776,0.331915,0.0,46864.729544787006,195849.60192157753,150000.0,0.74363,0.241375,0.00869,2749.6536646042227
0.9,0.0,0.025,194115.0758801828,173794.79726104828,193277.79166164834,217919.3689480637,16592.160123146463,3250.168769875847,13396.030462669776,0.331915,0.0,50614.729544787006,195849.60192157753,146250.0,0.74363,0.241375,0.006065,2749.6536646042227
0.9,0.0,0.05,194115.0758801828,173794.79726104828,193277.79166164834,217919.3689480637,16592.160123146463,3250.168769875847,13396.030462669776,0.331915,0.0,54364.729544787006,195849.60192157753,142500.0,0.74363,0.241375,0.004325,2749.6536646042227
0.9,0.05,0.0,194115.0758801828,173794.79726104828,193277.79166164834,217919.3689480637,16592.160123146463,3250.168769875847,13396.030462669776,0.331915,0.0,44521.493067547664,195849.60192157753,152292.48009607889,0.74363,0.241375,0.010405,2749.6536646042227
0.9,0.05,0.025,194115.0758801828,173794.79726104828,193277.79166164834,217919.3689480637,16592.160123146463,3250.168769875847,13396.030462669776,0.331915,0.0,48271.493067547664,195849.60192157753,148542.48009607889,0.74363,0.241375,0.00725,2749.6536646042227
0.9,0.05,0.05,194115.0758801828,173794.79726104828,193277.79166164834,217919.3689480637,16592.160123146463,3250.168769875847,13396.030462669776,0.331915,0.0,52021.493067547664,195849.60192157753,144792.48009607889,0.74363,0.241375,0.005285,2749.6536646042227
0.9,0.1,0.0,194115.0758801828,173794.79726104828,193277.79166164834,217919.3689480637,16592.160123146463,3250.168769875847,13396.030462669776,0.331915,1e-05,42178.256590308316,195849.60192157753,154584.96019215777,0.74363,0.241375,0.012425,2749.6536646042227
0.9,0.1,0.025,194115.0758801828,173794.79726104828,193277.79166164834,217919.3689480637,16592.160123146463,3250.168769875847,13396.030462669776,0.331915,0.0,45928.256590308316,195849.60192157753,150834.96019215777,0.74363,0.241375,0.008855,2749.6536646042227
0.9,0.1,0.05,194115.0758801828,173794.79726104828,193277.79166164834,217919.3689480637,16592.160123146463,3250.168769875847,13396.030462669776,0.331915,0.0,49678.256590308316,195849.60192157753,147084.96019215777,0.74363,0.241375,0.006295,2749.6536646042227
0.9,0.15,0.0,194115.0758801828,173794.79726104828,193277.79166164834,217919.3689480637,16592.160123146463,3250.168769875847,13396.030462669776,0.331915,2.5e-05,39835.02011306896,195849.60192157753,156877.44028823663,0.74363,0.241375,0.01488,2749.6536646042227
0.9,0.15,0.025,194115.0758801828,173794.79726104828,193277.79166164834,217919.3689480637,16592.160123146463,3250.168769875847,13396.030462669776,0.331915,0.0,43585.02011306896,195849.60192157753,153127.44028823663,0.74363,0.241375,0.01075,2749.6536646042227
0.9,0.15,0.05,194115.0758801828,173794.79726104828,193277.79166164834,217919.3689480637,16592.160123146463,3250.168769875847,13396.030462669776,0.331915,0.0,47335.02011306896,195849.60192157753,149377.44028823663,0.74363,0.241375,0.00768,2749.6536646042227
0.9,0.2,0.0,194115.0758801828,173794.79726104828,193277.79166164834,217919.3689480637,16592.160123146463,3250.168769875847,13396.030462669776,0.331915,0.000145,37491.78363582961,195849.60192157753,159169.9203843155,0.74363,0.241375,0.0178,2749.6536646042227
0.9,0.2,0.025,194115.0758801828,173794.79726104828,193277.79166164834,217919.3689480637,16592.160123146463,3250.168769875847,13396.030462669776,0.331915,0.0,41241.78363582961,195849.60192157753,155419.9203843155,0.74363,0.241375,0.012855,2749.6536646042227
0.9,0.2,0.05,194115.0758801828,173794.79726104828,193277.79166164834,217919.3689480637,16592.160123146463,3250.168769875847,13396.030462669776,0.331915,0.0,44991.78363582961,195849.60192157753,151669.9203843155,0.74363,0.241375,0.009225,2749.6536646042227
0.9,0.25,0.0,194115.0758801828,173794.79726104828,193277.79166164834,217919.3689480637,16592.160123146463,3250.168769875847,13396.030462669776,0.331915,0.00057,35148.547158590256,195849.60192157753,161462.40048039437,0.74363,0.241375,0.02162,2749.6536646042227
0.9,0.25,0.025,194115.0758801828,173794.79726104828,193277.79166164834,217919.3689480637,16592.160123146463,3250.168769875847,13396.030462669776,0.331915,0.0,38898.547158590256,195849.60192157753,157712.40048039437,0.74363,0.241375,0.015335,2749.6536646042227
0.9,0.25,0.05,194115.0758801828,173794.79726104828,193277.79166164834,217919.3689480637,16592.160123146463,3250.168769875847,13396.030462669776,0.331915,0.0,42648.547158590256,195849.60192157753,153962.40048039437,0.74363,0.241375,0.011275,2749.6536646042227
0.9,0.3,0.0,194115.0758801828,173794.79726104828,193277.79166164834,217919.3689480637,16592.160123146463,3250.168769875847,13396.030462669776,0.331915,0.0012,32805.31068135091,195849.60192157753,163754.88057647325,0.74363,0.241375,0.025875,2749.6536646042227
0.9,0.3,0.025,194115.0758801828,173794.79726104828,193277.79166164834,217919.3689480637,16592.160123146463,3250.168769875847,13396.030462669776,0.331915,0.000205,36555.31068135091,195849.60192157753,160004.88057647325,0.74363,0.241375,0.018665,2749.6536646042227
0.9,0.3,0.05,194115.0758801828,173794.79726104828,193277.79166164834,217919.3689480637,16592.160123146463,3250.168769875847,13396.030462669776,0.331915,0.0,40305.31068135091,195849.60192157753,156254.88057647325,0.74363,0.241375,0.013575,2749.6536646042227
0.9,0.35,0.0,194115.0758801828,173794.79726104828,193277.79166164834,217919.3689480637,16592.160123146463,3250.168769875847,13396.030462669776,0.331915,0.00207,30462.074204111555,195849.60192157753,166047.36067255214,0.74363,0.241375,0.031105,2749.6536646042227
0.9,0.35,0.025,194115.0758801828,173794.79726104828,193277.79166164834,217919.3689480637,16592.160123146463,3250.168769875847,13396.030462669776,0.331915,0.00077,34212.07420411156,195849.60192157753,162297.36067255214,0.74363,0.241375,0.02251,2749.6536646042227
0.9,0.35,0.05,194115.0758801828,173794.79726104828,193277.79166164834,217919.3689480637,16592.160123146463,3250.168769875847,13396.030462669776,0.331915,7.5e-05,37962.07420411156,195849.60192157753,158547.36067255214,0.74363,0.241375,0.01639,2749.6536646042227
0.9,0.4,0.0,194115.0758801828,173794.79726104828,193277.79166164834,217919.3689480637,16592.160123146463,3250.168769875847,13396.030462669776,0.331915,0.00382,28118.837726872207,195849.60192157753,168339.84076863102,0.74363,0.241375,0.037665,2749.6536646042227
0.9,0.4,0.025,194115.0758801828,173794.79726104828,193277.79166164834,217919.3689480637,16592.160123146463,3250.168769875847,13396.030462669776,0.331915,0.001275,31868.837726872207,195849.60192157753,164589.84076863102,0.74363,0.241375,0.026925,2749.6536646042227
0.9,0.4,0.05,194115.0758801828,173794.79726104828,193277.79166164834,217919.3689480637,16592.160123146463,3250.168769875847,13396.030462669776,0.331915,0.00046,35618.8377268722,195849.60192157753,160839.84076863102,0.74363,0.241375,0.01969,2749.6536646042227
0.9,0.45,0.0,194115.0758801828,173794.79726104828,193277.79166164834,217919.3689480637,16592.160123146463,3250.168769875847,13396.030462669776,0.331915,0.00596,25775.60124963286,195849.60192157753,170632.3208647099,0.74363,0.241375,0.046125,2749.6536646042227
0.9,0.45,0.025,194115.0758801828,173794.79726104828,193277.79166164834,217919.3689480637,16592.160123146463,3250.168769875847,13396.030462669776,0.331915,0.002465,29525.60124963286,195849.60192157753,166882.3208647099,0.74363,0.241375,0.03249,2749.6536646042227
0.9,0.45,0.05,194115.0758801828,173794.79726104828,193277.79166164834,217919.3689480637,16592.160123146463,3250.168769875847,13396.030462669776,0.331915,0.000955,33275.60124963286,195849.60192157753,163132.3208647099,0.74363,0.241375,0.023885,2749.6536646042227
0.9,0.5,0.0,194115.0758801828,173794.79726104828,193277.79166164834,217919.3689480637,16592.160123146463,3250.168769875847,13396.030462669776,0.331915,0.00869,23432.364772393503,195849.60192157753,172924.80096078877,0.74363,0.241375,0.056255,2749.6536646042227
0.9,0.5,0.025,194115.0758801828,173794.79726104828,193277.79166164834,217919.3689480637,16592.160123146463,3250.168769875847,13396.030462669776,0.331915,0.004325,27182.364772393503,195849.60192157753,169174.80096078877,0.74363,0.241375,0.039655,2749.6536646042227
0.9,0.5,0.05,194115.0758801828,173794.79726104828,193277.79166164834,217919.3689480637,16592.160123146463,3250.168769875847,13396.030462669776,0.331915,0.00174,30932.364772393503,195849.60192157753,165424.80096078877,0.74363,0.241375,0.02871,2749.6536646042227
0.9,0.55,0.0,194115.0758801828,173794.79726104828,193277.79166164834,217919.3689480637,16592.160123146463,3250.168769875847,13396.030462669776,0.331915,0.012425,21089.128295154154,195849.60192157753,175217.28105686765,0.74363,0.241375,0.068235,2749.6536646042227
0.9,0.55,0.025,194115.0758801828,173794.79726104828,193277.79166164834,217919.3689480637,16592.160123146463,3250.168769875847,13396.030462669776,0.331915,0.006295,24839.128295154158,195849.60192157753,171467.28105686765,0.74363,0.241375,0.0484,2749.6536646042227
0.9,0.55,0.05,194115.0758801828,173794.79726104828,193277.79166164834,217919.3689480637,16592.160123146463,3250.168769875847,13396.030462669776,0.331915,0.00312,28589.128295154158,195849.60192157753,167717.28105686765,0.74363,0.241375,0.03494,2749.6536646042227
0.9,0.6,0.0,194115.0758801828,173794.79726104828,193277.79166164834,217919.3689480637,16592.160123146463,3250.168769875847,13396.030462669776,0.331915,0.0178,18745.891817914806,195849.60192157753,177509.7611529465,0.74363,0.241375,0.083365,2749.6536646042227
0.9,0.6,0.025,194115.0758801828,173794.79726104828,193277.79166164834,217919.3689480637,16592.160123146463,3250.168769875847,13396.030462669776,0.331915,0.009225,22495.891817914806,195849.60192157753,173759.7611529465,0.74363,0.241375,0.05907,2749.6536646042227
0.9,0.6,0.05,194115.0758801828,173794.79726104828,193277.79166164834,217919.3689480637,16592.160123146463,3250.168769875847,13396.030462669776,0.331915,0.00488,26245.891817914806,195849.60192157753,170009.7611529465,0.74363,0.241375,0.04245,2749.6536646042227
0.9,0.65,0.0,194115.0758801828,173794.79726104828,193277.79166164834,217919.3689480637,16592.160123146463,3250.168769875847,13396.030462669776,0.331915,0.025875,16402.65534067545,195849.60192157753,179802.2412490254,0.74363,0.241375,0.10132,2749.6536646042227
0.9,0.65,0.025,194115.0758801828,173794.79726104828,193277.79166164834,217919.3689480637,16592.160123146463,3250.168769875847,13396.030462669776,0.331915,0.013575,20152.65534067545,195849.60192157753,176052.2412490254,0.74363,0.241375,0.071555,2749.6536646042227
0.9,0.65,0.05,194115.0758801828,173794.79726104828,193277.79166164834,217919.3689480637,16592.160123146463,3250.168769875847,13396.030462669776,0.331915,0.00713,23902.655340675454,195849.60192157753,172302.2412490254,0.74363,0.241375,0.051875,2749.6536646042227
0.9,0.7,0.0,194115.0758801828,173794.79726104828,193277.79166164834,217919.3689480637,16592.160123146463,3250.168769875847,13396.030462669776,0.331915,0.037665,14059.418863436105,195849.60192157753,182094.72134510428,0.74363,0.241375,0.120545,2749.6536646042227
0.9,0.7,0.025,194115.0758801828,173794.79726104828,193277.79166164834,217919.3689480637,16592.160123146463,3250.168769875847,13396.030462669776,0.331915,0.01969,17809.418863436105,195849.60192157753,178344.72134510428,0.74363,0.241375,0.087255,2749.6536646042227
0.9,0.7,0.05,194115.0758801828,173794.79726104828,193277.79166164834,217919.3689480637,16592.160123146463,3250.168769875847,13396.030462669776,0.331915,0.010495,21559.4188634361,195849.60192157753,174594.72134510428,0.74363,0.241375,0.062925,2749.6536646042227
0.9,0.75,0.0,194115.0758801828,173794.79726104828,193277.79166164834,217919.3689480637,16592.160123146463,3250.168769875847,13396.030462669776,0.331915,0.056255,11716.182386196751,195849.60192157753,184387.20144118316,0.74363,0.241375,0.144185,2749.6536646042227
0.9,0.75,0.025,194115.0758801828,173794.79726104828,193277.79166164834,217919.3689480637,16592.160123146463,3250.168769875847,13396.030462669776,0.331915,0.02871,15466.182386196751,195849.60192157753,180637.20144118316,0.74363,0.241375,0.10474,2749.6536646042227
0.9,0.75,0.05,194115.0758801828,173794.79726104828,193277.79166164834,217919.3689480637,16592.160123146463,3250.168769875847,13396.030462669776,0.331915,0.015605,19216.182386196753,195849.60192157753,176887.20144118316,0.74363,0.241375,0.076325,2749.6536646042227
0.9,0.8,0.0,194115.0758801828,173794.79726104828,193277.79166164834,217919.3689480637,16592.160123146463,3250.168769875847,13396.030462669776,0.331915,0.083365,9372.945908957401,195849.60192157753,186679.68153726202,0.74363,0.241375,0.175365,2749.6536646042227
0.9,0.8,0.025,194115.0758801828,173794.79726104828,193277.79166164834,217919.3689480637,16592.160123146463,3250.168769875847,13396.030462669776,0.331915,0.04245,13122.945908957401,195849.60192157753,182929.68153726202,0.74363,0.241375,0.124745,2749.6536646042227
0.9,0.8,0.05,194115.0758801828,173794.79726104828,193277.79166164834,217919.3689480637,16592.160123146463,3250.168769875847,13396.030462669776,0.331915,0.022925,16872.9459089574,195849.60192157753,179179.68153726202,0.74363,0.241375,0.092325,2749.6536646042227
0.9,0.85,0.0,194115.0758801828,173794.79726104828,193277.79166164834,217919.3689480637,16592.160123146463,3250.168769875847,13396.030462669776,0.331915,0.120545,7029.709431718052,195849.60192157753,188972.16163334087,0.74363,0.241375,0.229125,2749.6536646042227
0.9,0.85,0.025,194115.0758801828,173794.79726104828,193277.79166164834,217919.3689480637,16592.160123146463,3250.168769875847,13396.030462669776,0.331915,0.062925,10779.70943171805,195849.60192157753,185222.16163334087,0.74363,0.241375,0.146505,2749.6536646042227
0.9,0.85,0.05,194115.0758801828,173794.79726104828,193277.79166164834,217919.3689480637,16592.160123146463,3250.168769875847,13396.030462669776,0.331915,0.03364,14529.70943171805,195849.60192157753,181472.16163334087,0.74363,0.241375,0.11021,2749.6536646042227
0.9,0.9,0.0,194115.0758801828,173794.79726104828,193277.79166164834,217919.3689480637,16592.160123146463,3250.168769875847,13396.030462669776,0.331915,0.175365,4686.472954478701,195849.60192157753,191264.64172941976,0.74363,0.241375,0.32838,2749.6536646042227
0.9,0.9,0.025,194115.0758801828,173794.79726104828,193277.79166164834,217919.3689480637,16592.160123146463,3250.168769875847,13396.030462669776,0.331915,0.092325,8436.4729544787,195849.60192157753,187514.64172941976,0.74363,0.241375,0.17513,2749.6536646042227
0.9,0.9,0.05,194115.0758801828,173794.79726104828,193277.79166164834,217919.3689480637,16592.160123146463,3250.168769875847,13396.030462669776,0.331915,0.049645,12186.472954478702,195849.60192157753,183764.64172941976,0.74363,0.241375,0.130535,2749.6536646042227
0.9,0.95,0.0,194115.0758801828,173794.79726104828,193277.79166164834,217919.3689480637,16592.160123146463,3250.168769875847,13396.030462669776,0.331915,0.32838,2343.236477239353,195849.60192157753,193557.12182549865,0.74363,0.241375,0.479575,2749.6536646042227
0.9,0.95,0.025,194115.0758801828,173794.79726104828,193277.79166164834,217919.3689480637,16592.160123146463,3250.168769875847,13396.030462669776,0.331915,0.130535,6093.236477239354,195849.60192157753,189807.12182549865,0.74363,0.241375,0.254395,2749.6536646042227
0.9,0.95,0.05,194115.0758801828,173794.79726104828,193277.79166164834,217919.3689480637,16592.160123146463,3250.168769875847,13396.030462669776,0.331915,0.072775,9843.236477239354,195849.60192157753,186057.12182549865,0.74363,0.241375,0.15209,2749.6536646042227
0.9,1.0,0.0,194115.0758801828,173794.79726104828,193277.79166164834,217919.3689480637,16592.160123146463,3250.168769875847,13396.030462669776,0.331915,0.758625,0.0,195849.60192157753,195849.60192157753,0.74363,0.241375,0.758625,2749.6536646042227
0.9,1.0,0.025,194115.0758801828,173794.79726104828,193277.79166164834,217919.3689480637,16592.160123146463,3250.168769875847,13396.030462669776,0.331915,0.17616,3750.0,195849.60192157753,192099.60192157753,0.74363,0.241375,0.38035,2749.6536646042227
0.9,1.0,0.05,194115.0758801828,173794.79726104828,193277.79166164834,217919.3689480637,16592.160123146463,3250.168769875847,13396.030462669776,0.331915,0.104485,7500.0,195849.60192157753,188349.60192157753,0.74363,0.241375,0.17616,2749.6536646042227
0.95,0.0,0.0,196615.24190387607,175181.5114503187,195740.16767457162,221736.37412452942,14091.994099453173,1636.4143566961707,10925.19072093055,0.266225,0.0,49468.32563060851,198396.80202833182,150000.0,0.74363,0.240925,0.00861,2853.083726732429
0.95,0.0,0.025,196615.24190387607,175181.5114503187,195740.16767457162,221736.37412452942,14091.994099453173,1636.4143566961707,10925.19072093055,0.266225,0.0,53218.32563060851,198396.80202833182,146250.0,0.74363,0.240925,0.006105,2853.083726732429
0.95,0.0,0.05,196615.24190387607,175181.5114503187,195740.16767457162,221736.37412452942,14091.994099453173,1636.4143566961707,10925.19072093055,0.266225,0.0,56968.32563060851,198396.80202833182,142500.0,0.74363,0.240925,0.00444,2853.083726732429
0.95,0.05,0.0,196615.24190387607,175181.5114503187,195740.16767457162,221736.37412452942,14091.994099453173,1636.4143566961707,10925.19072093055,0.266225,0.0,46994.90934907808,198396.80202833182,152419.8401014166,0.74363,0.240925,0.010285,2853.083726732429
0.95,0.05,0.025,196615.24190387607,175181.5114503187,195740.16767457162,221736.37412452942,14091.994099453173,1636.4143566961707,10925.19072093055,0.266225,0.0,50744.90934907808,198396.80202833182,148669.8401014166,0.74363,0.240925,0.007275,2853.083726732429
0.95,0.05,0.05,196615.24190387607,175181.5114503187,195740.16767457162,221736.37412452942,14091.994099453173,1636.4143566961707,10925.19072093055,0.266225,0.0,54494.90934907808,198396.80202833182,144919.8401014166,0.74363,0.240925,0.005405,2853.083726732429
0.95,0.1,0.0,196615.24190387607,175181.5114503187,195740.16767457162,221736.37412452942,14091.994099453173,1636.4143566961707,10925.19072093055,0.266225,5e-06,44521.493067547664,198396.80202833182,154839.68020283317,0.74363,0.240925,0.01231,2853.083726732429
0.95,0.1,0.025,196615.24190387607,175181.5114503187,195740.16767457162,221736.37412452942,14091.994099453173,1636.4143566961707,10925.19072093055,0.266225,0.0,48271.493067547664,198396.80202833182,151089.68020283317,0.74363,0.240925,0.00896,2853.083726732429
0.95,0.1,0.05,196615.24190387607,175181.5114503187,195740.16767457162,221736.37412452942,14091.994099453173,1636.4143566961707,10925.19072093055,0.266225,0.0,52021.493067547664,198396.80202833182,147339.68020283317,0.74363,0.240925,0.006435,2853.083726732429
0.95,0.15,0.0,196615.24190387607,175181.5114503187,195740.16767457162,221736.37412452942,14091.994099453173,1636.4143566961707,10925.19072093055,0.266225,2.5e-05,42048.076786017235,198396.80202833182,157259.52030424977,0.74363,0.240925,0.014745,2853.083726732429
0.95,0.15,0.025,196615.24190387607,175181.5114503187,195740.16767457162,221736.37412452942,14091.994099453173,1636.4143566961707,10925.19072093055,0.266225,0.0,45798.07678601723,198396.80202833182,153509.52030424977,0.74363,0.240925,0.010845,2853.083726732429
0.95,0.15,0.05,196615.24190387607,175181.5114503187,195740.16767457162,221736.37412452942,14091.994099453173,1636.4143566961707,10925.19072093055,0.266225,0.0,49548.07678601723,198396.80202833182,149759.52030424977,0.74363,0.240925,0.00783,2853.083726732429
0.95,0.2,0.0,196615.24190387607,175181.5114503187,195740.16767457162,221736.37412452942,14091.994099453173,1636.4143566961707,10925.19072093055,0.266225,0.000135,39574.66050448681,198396.80202833182,159679.36040566635,0.74363,0.240925,0.017675,2853.083726732429
0.95,0.2,0.025,196615.24190387607,175181.5114503187,195740.16767457162,221736.37412452942,14091.994099453173,1636.4143566961707,10925.19072093055,0.266225,0.0,43324.66050448681,198396.80202833182,155929.36040566635,0.74363,0.240925,0.01295,2853.083726732429
0.95,0.2,0.05,196615.24190387607,175181.5114503187,195740.16767457162,221736.37412452942,14091.994099453173,1636.4143566961707,10925.19072093055,0.266225,0.0,47074.66050448681,198396.80202833182,152179.36040566635,0.74363,0.240925,0.009505,2853.083726732429
0.95,0.25,0.0,196615.24190387607,175181.5114503187,195740.16767457162,221736.37412452942,14091.994099453173,1636.4143566961707,10925.19072093055,0.266225,0.00055,37101.24422295638,198396.80202833182,162099.20050708298,0.74363,0.240925,0.02139,2853.083726732429
0.95,0.25,0.025,196615.24190387607,175181.5114503187,195740.16767457162,221736.37412452942,14091.994099453173,1636.4143566961707,10925.19072093055,0.266225,0.0,40851.24422295638,198396.80202833182,158349.20050708298,0.74363,0.240925,0.0155,2853.083726732429
0.95,0.25,0.05,196615.24190387607,175181.5114503187,195740.16767457162,221736.37412452942,14091.994099453173,1636.4143566961707,10925.19072093055,0.266225,0.0,44601.24422295638,198396.80202833182,154599.20050708298,0.74363,0.240925,0.01154,2853.083726732429
0.95,0.3,0.0,196615.24190387607,175181.5114503187,195740.16767457162,221736.37412452942,14091.994099453173,1636.4143566961707,10925.19072093055,0.266225,0.001195,34627.82794142596,198396.80202833182,164519.04060849955,0.74363,0.240925,0.025575,2853.083726732429
0.95,0.3,0.025,196615.24190387607,175181.5114503187,195740.16767457162,221736.37412452942,14091.994099453173,1636.4143566961707,10925.19072093055,0.266225,0.000235,38377.82794142596,198396.80202833182,160769.04060849955,0.74363,0.240925,0.01884,2853.083726732429
0.95,0.3,0.05,196615.24190387607,175181.5114503187,195740.16767457162,221736.37412452942,14091.994099453173,1636.4143566961707,10925.19072093055,0.266225,0.0,42127.82794142595,198396.80202833182,157019.04060849955,0.74363,0.240925,0.01388,2853.083726732429
0.95,0.35,0.0,196615.24190387607,175181.5114503187,195740.16767457162,221736.37412452942,14091.994099453173,1636.4143566961707,10925.19072093055,0.266225,0.00203,32154.41165989553,198396.80202833182,166938.88070991612,0.74363,0.240925,0.030725,2853.083726732429
0.95,0.35,0.025,196615.24190387607,175181.5114503187,195740.16767457162,221736.37412452942,14091.994099453173,1636.4143566961707,10925.19072093055,0.266225,0.000795,35904.41165989553,198396.80202833182,163188.88070991612,0.74363,0.240925,0.022745,2853.083726732429
0.95,0.35,0.05,196615.24190387607,175181.5114503187,195740.16767457162,221736.37412452942,14091.994099453173,1636.4143566961707,10925.19072093055,0.266225,0.0001,39654.41165989553,198396.80202833182,159438.88070991612,0.74363,0.240925,0.01688,2853.083726732429
0.95,0.4,0.0,196615.24190387607,175181.5114503187,195740.16767457162,221736.37412452942,14091.994099453173,1636.4143566961707,10925.19072093055,0.266225,0.003755,29680.995378365107,198396.80202833182,169358.72081133275,0.74363,0.240925,0.03726,2853.083726732429
0.95,0.4,0.025,196615.24190387607,175181.5114503187,195740.16767457162,221736.37412452942,14091.994099453173,1636.4143566961707,10925.19072093055,0.266225,0.001315,33430.99537836511,198396.80202833182,165608.72081133275,0.74363,0.240925,0.027165,2853.083726732429
0.95,0.4,0.05,196615.24190387607,175181.5114503187,195740.16767457162,221736.37412452942,14091.994099453173,1636.4143566961707,10925.19072093055,0.266225,0.0005,37180.99537836511,198396.80202833182,161858.72081133275,0.74363,0.240925,0.020285,2853.083726732429
0.95,0.45,0.0,196615.24190387607,175181.5114503187,195740.16767457162,221736.37412452942,14091.994099453173,1636.4143566961707,10925.19072093055,0.266225,0.0059,27207.579096834677,198396.80202833182,171778.56091274932,0.74363,0.240925,0.04552,2853.083726732429
0.95,0.45,0.025,196615.24190387607,175181.5114503187,195740.16767457162,221736.37412452942,14091.994099453173,1636.4143566961707,10925.19072093055,0.266225,0.002565,30957.579096834677,198396.80202833182,168028.56091274932,0.74363,0.240925,0.03272,2853.083726732429
0.95,0.45,0.05,196615.24190387607,175181.5114503187,195740.16767457162,221736.37412452942,14091.994099453173,1636.4143566961707,10925.19072093055,0.266225,0.00103,34707.579096834685,198396.80202833182,164278.56091274932,0.74363,0.240925,0.02454,2853.083726732429
0.95,0.5,0.0,196615.24190387607,175181.5114503187,195740.16767457162,221736.37412452942,14091.994099453173,1636.4143566961707,10925.19072093055,0.266225,0.00861,24734.162815304262,198396.80202833182,174198.4010141659,0.74363,0.240925,0.055645,2853.083726732429
0.95,0.5,0.025,196615.24190387607,175181.5114503187,195740.16767457162,221736.37412452942,14091.994099453173,1636.4143566961707,10925.19072093055,0.266225,0.00444,28484.162815304255,198396.80202833182,170448.4010141659,0.74363,0.240925,0.039985,2853.083726732429
0.95,0.5,0.05,196615.24190387607,175181.5114503187,195740.16767457162,221736.37412452942,14091.994099453173,1636.4143566961707,10925.19072093055,0.266225,0.00188,32234.162815304255,198396.80202833182,166698.4010141659,0.74363,0.240925,0.029405,2853.083726732429
0.95,0.55,0.0,196615.24190387607,175181.5114503187,195740.16767457162,221736.37412452942,14091.994099453173,1636.4143566961707,10925.19072093055,0.266225,0.01231,22260.746533773832,198396.80202833182,176618.24111558252,0.74363,0.240925,0.067455,2853.083726732429
0.95,0.55,0.025,196615.24190387607,175181.5114503187,195740.16767457162,221736.37412452942,14091.994099453173,1636.4143566961707,10925.19072093055,0.266225,0.006435,26010.746533773832,198396.80202833182,172868.24111558252,0.74363,0.240925,0.048885,2853.083726732429
0.95,0.55,0.05,196615.24190387607,175181.5114503187,195740.16767457162,221736.37412452942,14091.994099453173,1636.4143566961707,10925.19072093055,0.266225,0.003405,29760.746533773832,198396.80202833182,169118.24111558252,0.74363,0.240925,0.035765,2853.083726732429
0.95,0.6,0.0,196615.24190387607,175181.5114503187,195740.16767457162,221736.37412452942,14091.994099453173,1636.4143566961707,10925.19072093055,0.266225,0.017675,19787.330252243406,198396.80202833182,179038.0812169991,0.74363,0.240925,0.082505,2853.083726732429
0.95,0.6,0.025,196615.24190387607,175181.5114503187,195740.16767457162,221736.37412452942,14091.994099453173,1636.4143566961707,10925.19072093055,0.266225,0.009505,23537.330252243406,198396.80202833182,175288.0812169991,0.74363,0.240925,0.059405,2853.083726732429
0.95,0.6,0.05,196615.24190387607,175181.5114503187,195740.16767457162,221736.37412452942,14091.994099453173,1636.4143566961707,10925.19072093055,0.266225,0.005135,27287.330252243406,198396.80202833182,171538.0812169991,0.74363,0.240925,0.04349,2853.083726732429
0.95,0.65,0.0,196615.24190387607,175181.5114503187,195740.16767457162,221736.37412452942,14091.994099453173,1636.4143566961707,10925.19072093055,0.266225,0.025575,17313.91397071298,198396.80202833182,181457.92131841567,0.74363,0.240925,0.10049,2853.083726732429
0.95,0.65,0.025,196615.24190387607,175181.5114503187,195740.16767457162,221736.37412452942,14091.994099453173,1636.4143566961707,10925.19072093055,0.266225,0.01388,21063.91397071298,198396.80202833182,177707.92131841567,0.74363,0.240925,0.072125,2853.083726732429
0.95,0.65,0.05,196615.24190387607,175181.5114503187,195740.16767457162,221736.37412452942,14091.994099453173,1636.4143566961707,10925.19072093055,0.266225,0.00757,24813.91397071298,198396.80202833182,173957.92131841567,0.74363,0.240925,0.053065,2853.083726732429
0.95,0.7,0.0,196615.24190387607,175181.5114503187,195740.16767457162,221736.37412452942,14091.994099453173,1636.4143566961707,10925.19072093055,0.266225,0.03726,14840.497689182555,198396.80202833182,183877.76141983227,0.74363,0.240925,0.119455,2853.083726732429
0.95,0.7,0.025,196615.24190387607,175181.5114503187,195740.16767457162,221736.37412452942,14091.994099453173,1636.4143566961707,10925.19072093055,0.266225,0.020285,18590.497689182557,198396.80202833182,180127.76141983227,0.74363,0.240925,0.08804,2853.083726732429
0.95,0.7,0.05,196615.24190387607,175181.5114503187,195740.16767457162,221736.37412452942,14091.994099453173,1636.4143566961707,10925.19072093055,0.266225,0.01106,22340.497689182557,198396.80202833182,176377.76141983227,0.74363,0.240925,0.064605,2853.083726732429
0.95,0.75,0.0,196615.24190387607,175181.5114503187,195740.16767457162,221736.37412452942,14091.994099453173,1636.4143566961707,10925.19072093055,0.266225,0.055645,12367.081407652131,198396.80202833182,186297.60152124887,0.74363,0.240925,0.142365,2853.083726732429
0.95,0.75,0.025,196615.24190387607,175181.5114503187,195740.16767457162,221736.37412452942,14091.994099453173,1636.4143566961707,10925.19072093055,0.266225,0.029405,16117.081407652131,198396.80202833182,182547.60152124887,0.74363,0.240925,0.105635,2853.083726732429
0.95,0.75,0.05,196615.24190387607,175181.5114503187,195740.16767457162,221736.37412452942,14091.994099453173,1636.4143566961707,10925.19072093055,0.266225,0.01657,19867.08140765213,198396.80202833182,178797.60152124887,0.74363,0.240925,0.078115,2853.083726732429
0.95,0.8,0.0,196615.24190387607,175181.5114503187,195740.16767457162,221736.37412452942,14091.994099453173,1636.4143566961707,10925.19072093055,0.266225,0.082505,9893.6651261217,198396.80202833182,188717.44162266544,0.74363,0.240925,0.17152,2853.083726732429
0.95,0.8,0.025,196615.24190387607,175181.5114503187,195740.16767457162,221736.37412452942,14091.994099453173,1636.4143566961707,10925.19072093055,0.266225,0.04349,13643.665126121698,198396.80202833182,184967.44162266544,0.74363,0.240925,0.125725,2853.083726732429
0.95,0.8,0.05,196615.24190387607,175181.5114503187,195740.16767457162,221736.37412452942,14091.994099453173,1636.4143566961707,10925.19072093055,0.266225,0.02431,17393.665126121698,198396.80202833182,181217.44162266544,0.74363,0.240925,0.094575,2853.083726732429
0.95,0.85,0.0,196615.24190387607,175181.5114503187,195740.16767457162,221736.37412452942,14091.994099453173,1636.4143566961707,10925.19072093055,0.266225,0.119455,7420.248844591274,198396.80202833182,191137.28172408204,0.74363,0.240925,0.2208,2853.083726732429
0.95,0.85,0.025,196615.24190387607,175181.5114503187,195740.16767457162,221736.37412452942,14091.994099453173,1636.4143566961707,10925.19072093055,0.266225,0.064605,11170.248844591275,198396.80202833182,187387.28172408204,0.74363,0.240925,0.14737,2853.083726732429
0.95,0.85,0.05,196615.24190387607,175181.5114503187,195740.16767457162,221736.37412452942,14091.994099453173,1636.4143566961707,10925.19072093055,0.266225,0.03556,14920.248844591275,198396.80202833182,183637.28172408204,0.74363,0.240925,0.112695,2853.083726732429
0.95,0.9,0.0,196615.24190387607,175181.5114503187,195740.16767457162,221736.37412452942,14091.994099453173,1636.4143566961707,10925.19072093055,0.266225,0.17152,4946.83256306085,198396.80202833182,193557.12182549865,0.74363,0.240925,0.31707,2853.083726732429
0.95,0.9,0.025,196615.24190387607,175181.5114503187,195740.16767457162,221736.37412452942,14091.994099453173,1636.4143566961707,10925.19072093055,0.266225,0.094575,8696.832563060849,198396.80202833182,189807.12182549865,0.74363,0.240925,0.17517,2853.083726732429
0.95,0.9,0.05,196615.24190387607,175181.5114503187,195740.16767457162,221736.37412452942,14091.994099453173,1636.4143566961707,10925.19072093055,0.266225,0.05259,12446.832563060849,198396.80202833182,186057.12182549865,0.74363,0.240925,0.133585,2853.083726732429
0.95,0.95,0.0,196615.24190387607,175181.5114503187,195740.16767457162,221736.37412452942,14091.994099453173,1636.4143566961707,10925.19072093055,0.266225,0.31707,2473.416281530425,198396.80202833182,195976.96192691522,0.74363,0.240925,0.47046,2853.083726732429
0.95,0.95,0.025,196615.24190387607,175181.5114503187,195740.16767457162,221736.37412452942,14091.994099453173,1636.4143566961707,10925.19072093055,0.266225,0.133585,6223.416281530425,198396.80202833182,192226.96192691522,0.74363,0.240925,0.251615,2853.083726732429
0.95,0.95,0.05,196615.24190387607,175181.5114503187,195740.16767457162,221736.37412452942,14091.994099453173,1636.4143566961707,10925.19072093055,0.266225,0.076755,9973.416281530426,198396.80202833182,188476.96192691522,0.74363,0.240925,0.15529,2853.083726732429
0.95,1.0,0.0,196615.24190387607,175181.5114503187,195740.16767457162,221736.37412452942,14091.994099453173,1636.4143566961707,10925.19072093055,0.266225,0.759075,0.0,198396.80202833182,198396.80202833182,0.74363,0.240925,0.759075,2853.083726732429
0.95,1.0,0.025,196615.24190387607,175181.5114503187,195740.16767457162,221736.37412452942,14091.994099453173,1636.4143566961707,10925.19072093055,0.266225,0.179575,3750.0,198396.80202833182,194646.80202833182,0.74363,0.240925,0.382195,2853.083726732429
0.95,1.0,0.05,196615.24190387607,175181.5114503187,195740.16767457162,221736.37412452942,14091.994099453173,1636.4143566961707,10925.19072093055,0.266225,0.11058,7500.0,198396.80202833182,190896.80202833182,0.74363,0.240925,0.179575,2853.083726732429
1.0,0.0,0.0,199115.36444190273,176553.51115019326,198198.87123209643,225559.8634830143,11591.871561426515,0.0,8478.1964864256,0.208825,0.0,52071.92171643001,200944.00213508614,150000.0,0.74363,0.240455,0.008525,2956.5572745272757
1.0,0.0,0.025,199115.36444190273,176553.51115019326,198198.87123209643,225559.8634830143,11591.871561426515,0.0,8478.1964864256,0.208825,0.0,55821.92171643001,200944.00213508614,146250.0,0.74363,0.240455,0.00612,2956.5572745272757
1.0,0.0,0.05,199115.36444190273,176553.51115019326,198198.87123209643,225559.8634830143,11591.871561426515,0.0,8478.1964864256,0.208825,0.0,59571.92171643001,200944.00213508614,142500.0,0.74363,0.240455,0.004575,2956.5572745272757
1.0,0.05,0.0,199115.36444190273,176553.51115019326,198198.87123209643,225559.8634830143,11591.871561426515,0.0,8478.1964864256,0.208825,0.0,49468.325630608524,200944.00213508614,152547.20010675432,0.74363,0.240455,0.01019,2956.5572745272757
1.0,0.05,0.025,199115.36444190273,176553.51115019326,198198.87123209643,225559.8634830143,11591.871561426515,0.0,8478.1964864256,0.208825,0.0,53218.325630608524,200944.00213508614,148797.20010675432,0.74363,0.240455,0.00734,2956.5572745272757
1.0,0.05,0.05,199115.36444190273,176553.51115019326,198198.87123209643,225559.8634830143,11591.871561426515,0.0,8478.1964864256,0.208825,0.0,56968.325630608524,200944.00213508614,145047.20010675432,0.74363,0.240455,0.00552,2956.5572745272757
1.0,0.1,0.0,199115.36444190273,176553.51115019326,198198.87123209643,225559.8634830143,11591.871561426515,0.0,8478.1964864256,0.208825,5e-06,46864.729544787006,200944.00213508614,155094.40021350863,0.74363,0.240455,0.01219,2956.5572745272757
1.0,0.1,0.025,199115.36444190273,176553.51115019326,198198.87123209643,225559.8634830143,11591.871561426515,0.0,8478.1964864256,0.208825,0.0,50614.729544787006,200944.00213508614,151344.40021350863,0.74363,0.240455,0.009035,2956.5572745272757
1.0,0.1,0.05,199115.36444190273,176553.51115019326,198198.87123209643,225559.8634830143,11591.871561426515,0.0,8478.1964864256,0.208825,0.0,54364.729544787006,200944.00213508614,147594.40021350863,0.74363,0.240455,0.00661,2956.5572745272757
1.0,0.15,0.0,199115.36444190273,176553.51115019326,198198.87123209643,225559.8634830143,11591.871561426515,0.0,8478.1964864256,0.208825,2.5e-05,44261.13345896551,200944.00213508614,157641.60032026292,0.74363,0.240455,0.014635,2956.5572745272757
1.0,0.15,0.025,199115.36444190273,176553.51115019326,198198.87123209643,225559.8634830143,11591.871561426515,0.0,8478.1964864256,0.208825,0.0,48011.13345896551,200944.00213508614,153891.60032026292,0.74363,0.240455,0.010945,2956.5572745272757
1.0,0.15,0.05,199115.36444190273,176553.51115019326,198198.87123209643,225559.8634830143,11591.871561426515,0.0,8478.1964864256,0.208825,0.0,51761.13345896551,200944.00213508614,150141.60032026292,0.74363,0.240455,0.007975,2956.5572745272757
1.0,0.2,0.0,199115.36444190273,176553.51115019326,198198.87123209643,225559.8634830143,11591.871561426515,0.0,8478.1964864256,0.208825,0.000105,41657.537373144005,200944.00213508614,160188.8004270172,0.74363,0.240455,0.01757,2956.5572745272757
1.0,0.2,0.025,199115.36444190273,176553.51115019326,198198.87123209643,225559.8634830143,11591.871561426515,0.0,8478.1964864256,0.208825,0.0,45407.53737314402,200944.00213508614,156438.8004270172,0.74363,0.240455,0.013045,2956.5572745272757
1.0,0.2,0.05,199115.36444190273,176553.51115019326,198198.87123209643,225559.8634830143,11591.871561426515,0.0,8478.1964864256,0.208825,0.0,49157.53737314402,200944.00213508614,152688.8004270172,0.74363,0.240455,0.009695,2956.5572745272757
1.0,0.25,0.0,199115.36444190273,176553.51115019326,198198.87123209643,225559.8634830143,11591.871561426515,0.0,8478.1964864256,0.208825,0.000535,39053.94128732251,200944.00213508614,162736.00053377153,0.74363,0.240455,0.021245,2956.5572745272757
1.0,0.25,0.025,199115.36444190273,176553.51115019326,198198.87123209643,225559.8634830143,11591.871561426515,0.0,8478.1964864256,0.208825,0.0,42803.94128732251,200944.00213508614,158986.00053377153,0.74363,0.240455,0.015645,2956.5572745272757
1.0,0.25,0.05,199115.36444190273,176553.51115019326,198198.87123209643,225559.8634830143,11591.871561426515,0.0,8478.1964864256,0.208825,0.0,46553.94128732251,200944.00213508614,155236.00053377153,0.74363,0.240455,0.0118,2956.5572745272757
1.0,0.3,0.0,199115.36444190273,176553.51115019326,198198.87123209643,225559.8634830143,11591.871561426515,0.0,8478.1964864256,0.208825,0.00119,36450.34520150101,200944.00213508614,165283.20064052584,0.74363,0.240455,0.025345,2956.5572745272757
1.0,0.3,0.025,199115.36444190273,176553.51115019326,198198.87123209643,225559.8634830143,11591.871561426515,0.0,8478.1964864256,0.208825,0.00026,40200.34520150101,200944.00213508614,161533.20064052584,0.74363,0.240455,0.019015,2956.5572745272757
1.0,0.3,0.05,199115.36444190273,176553.51115019326,198198.87123209643,225559.8634830143,11591.871561426515,0.0,8478.1964864256,0.208825,0.0,43950.345201501004,200944.00213508614,157783.20064052584,0.74363,0.240455,0.01419,2956.5572745272757
1.0,0.35,0.0,199115.36444190273,176553.51115019326,198198.87123209643,225559.8634830143,11591.871561426515,0.0,8478.1964864256,0.208825,0.001975,33846.749115679515,200944.00213508614,167830.40074728016,0.74363,0.240455,0.030375,2956.5572745272757
1.0,0.35,0.025,199115.36444190273,176553.51115019326,198198.87123209643,225559.8634830143,11591.871561426515,0.0,8478.1964864256,0.208825,0.00085,37596.749115679515,200944.00213508614,164080.40074728016,0.74363,0.240455,0.02293,2956.5572745272757
1.0,0.35,0.05,199115.36444190273,176553.51115019326,198198.87123209643,225559.8634830143,11591.871561426515,0.0,8478.1964864256,0.208825,0.00011,41346.749115679515,200944.00213508614,160330.40074728016,0.74363,0.240455,0.01729,2956.5572745272757
1.0,0.4,0.0,199115.36444190273,176553.51115019326,198198.87123209643,225559.8634830143,11591.871561426515,0.0,8478.1964864256,0.208825,0.003725,31243.153029858007,200944.00213508614,170377.60085403445,0.74363,0.240455,0.036845,2956.5572745272757
1.0,0.4,0.025,199115.36444190273,176553.51115019326,198198.87123209643,225559.8634830143,11591.871561426515,0.0,8478.1964864256,0.208825,0.001355,34993.15302985801,200944.00213508614,166627.60085403445,0.74363,0.240455,0.027335,2956.5572745272757
1.0,0.4,0.05,199115.36444190273,176553.51115019326,198198.87123209643,225559.8634830143,11591.871561426515,0.0,8478.1964864256,0.208825,0.000575,38743.15302985801,200944.00213508614,162877.60085403445,0.74363,0.240455,0.020745,2956.5572745272757
1.0,0.45,0.0,199115.36444190273,176553.51115019326,198198.87123209643,225559.8634830143,11591.871561426515,0.0,8478.1964864256,0.208825,0.005885,28639.556944036507,200944.00213508614,172924.80096078877,0.74363,0.240455,0.045005,2956.5572745272757
1.0,0.45,0.025,199115.36444190273,176553.51115019326,198198.87123209643,225559.8634830143,11591.871561426515,0.0,8478.1964864256,0.208825,0.00266,32389.556944036507,200944.00213508614,169174.80096078877,0.74363,0.240455,0.03296,2956.5572745272757
1.0,0.45,0.05,199115.36444190273,176553.51115019326,198198.87123209643,225559.8634830143,11591.871561426515,0.0,8478.1964864256,0.208825,0.0011,36139.55694403651,200944.00213508614,165424.80096078877,0.74363,0.240455,0.025065,2956.5572745272757
1.0,0.5,0.0,199115.36444190273,176553.51115019326,198198.87123209643,225559.8634830143,11591.871561426515,0.0,8478.1964864256,0.208825,0.008525,26035.960858215003,200944.00213508614,175472.00106754305,0.74363,0.240455,0.05514,2956.5572745272757
1.0,0.5,0.025,199115.36444190273,176553.51115019326,198198.87123209643,225559.8634830143,11591.871561426515,0.0,8478.1964864256,0.208825,0.004575,29785.960858215007,200944.00213508614,171722.00106754305,0.74363,0.240455,0.0403,2956.5572745272757
1.0,0.5,0.05,199115.36444190273,176553.51115019326,198198.87123209643,225559.8634830143,11591.871561426515,0.0,8478.1964864256,0.208825,0.002025,33535.960858215,200944.00213508614,167972.00106754305,0.74363,0.240455,0.030105,2956.5572745272757
1.0,0.55,0.0,199115.36444190273,176553.51115019326,198198.87123209643,225559.8634830143,11591.871561426515,0.0,8478.1964864256,0.208825,0.01219,23432.364772393503,200944.00213508614,178019.20117429737,0.74363,0.240455,0.06674,2956.5572745272757
1.0,0.55,0.025,199115.36444190273,176553.51115019326,198198.87123209643,225559.8634830143,11591.871561426515,0.0,8478.1964864256,0.208825,0.00661,27182.364772393503,200944.00213508614,174269.20117429737,0.74363,0.240455,0.049285,2956.5572745272757
1.0,0.55,0.05,199115.36444190273,176553.51115019326,198198.87123209643,225559.8634830143,11591.871561426515,0.0,8478.1964864256,0.208825,0.00363,30932.364772393503,200944.00213508614,170519.20117429737,0.74363,0.240455,0.036585,2956.5572745272757
1.0,0.6,0.0,199115.36444190273,176553.51115019326,198198.87123209643,225559.8634830143,11591.871561426515,0.0,8478.1964864256,0.208825,0.01757,20828.76868657201,200944.00213508614,180566.4012810517,0.74363,0.240455,0.081555,2956.5572745272757
1.0,0.6,0.025,199115.36444190273,176553.51115019326,198198.87123209643,225559.8634830143,11591.871561426515,0.0,8478.1964864256,0.208825,0.009695,24578.76868657201,200944.00213508614,176816.4012810517,0.74363,0.240455,0.059825,2956.5572745272757
1.0,0.6,0.05,199115.36444190273,176553.51115019326,198198.87123209643,225559.8634830143,11591.871561426515,0.0,8478.1964864256,0.208825,0.005415,28328.76868657201,200944.00213508614,173066.4012810517,0.74363,0.240455,0.044455,2956.5572745272757
1.0,0.65,0.0,199115.36444190273,176553.51115019326,198198.87123209643,225559.8634830143,11591.871561426515,0.0,8478.1964864256,0.208825,0.025345,18225.172600750502,200944.00213508614,183113.601387806,0.74363,0.240455,0.099595,2956.5572745272757
1.0,0.65,0.025,199115.36444190273,176553.51115019326,198198.87123209643,225559.8634830143,11591.871561426515,0.0,8478.1964864256,0.208825,0.01419,21975.172600750502,200944.00213508614,179363.601387806,0.74363,0.240455,0.07264,2956.5572745272757
1.0,0.65,0.05,199115.36444190273,176553.51115019326,198198.87123209643,225559.8634830143,11591.871561426515,0.0,8478.1964864256,0.208825,0.0079,25725.172600750502,200944.00213508614,175613.601387806,0.74363,0.240455,0.054205,2956.5572745272757
1.0,0.7,0.0,199115.36444190273,176553.51115019326,198198.87123209643,225559.8634830143,11591.871561426515,0.0,8478.1964864256,0.208825,0.036845,15621.57651492901,200944.00213508614,185660.8014945603,0.74363,0.240455,0.11856,2956.5572745272757
1.0,0.7,0.025,199115.36444190273,176553.51115019326,198198.87123209643,225559.8634830143,11591.871561426515,0.0,8478.1964864256,0.208825,0.020745,19371.57651492901,200944.00213508614,181910.8014945603,0.74363,0.240455,0.088715,2956.5572745272757
1.0,0.7,0.05,199115.36444190273,176553.51115019326,198198.87123209643,225559.8634830143,11591.871561426515,0.0,8478.1964864256,0.208825,0.0117,23121.57651492901,200944.00213508614,178160.8014945603,0.74363,0.240455,0.066135,2956.5572745272757
1.0,0.75,0.0,199115.36444190273,176553.51115019326,198198.87123209643,225559.8634830143,11591.871561426515,0.0,8478.1964864256,0.208825,0.05514,13017.980429107503,200944.00213508614,188208.00160131458,0.74363,0.240455,0.1408,2956.5572745272757
1.0,0.75,0.025,199115.36444190273,176553.51115019326,198198.87123209643,225559.8634830143,11591.871561426515,0.0,8478.1964864256,0.208825,0.030105,16767.980429107505,200944.00213508614,184458.00160131458,0.74363,0.240455,0.106485,2956.5572745272757
1.0,0.75,0.05,199115.36444190273,176553.51115019326,198198.87123209643,225559.8634830143,11591.871561426515,0.0,8478.1964864256,0.208825,0.017455,20517.980429107505,200944.00213508614,180708.00160131458,0.74363,0.240455,0.080045,2956.5572745272757
1.0,0.8,0.0,199115.36444190273,176553.51115019326,198198.87123209643,225559.8634830143,11591.871561426515,0.0,8478.1964864256,0.208825,0.081555,10414.384343286001,200944.00213508614,190755.2017080689,0.74363,0.240455,0.168505,2956.5572745272757
1.0,0.8,0.025,199115.36444190273,176553.51115019326,198198.87123209643,225559.8634830143,11591.871561426515,0.0,8478.1964864256,0.208825,0.044455,14164.384343286,200944.00213508614,187005.2017080689,0.74363,0.240455,0.12659,2956.5572745272757
1.0,0.8,0.05,199115.36444190273,176553.51115019326,198198.87123209643,225559.8634830143,11591.871561426515,0.0,8478.1964864256,0.208825,0.025635,17914.384343285998,200944.00213508614,183255.2017080689,0.74363,0.240455,0.096795,2956.5572745272757
1.0,0.85,0.0,199115.36444190273,176553.51115019326,198198.87123209643,225559.8634830143,11591.871561426515,0.0,8478.1964864256,0.208825,0.11856,7810.788257464503,200944.00213508614,193302.4018148232,0.74363,0.240455,0.213625,2956.5572745272757
1.0,0.85,0.025,199115.36444190273,176553.51115019326,198198.87123209643,225559.8634830143,11591.871561426515,0.0,8478.1964864256,0.208825,0.066135,11560.788257464505,200944.00213508614,189552.4018148232,0.74363,0.240455,0.148205,2956.5572745272757
1.0,0.85,0.05,199115.36444190273,176553.51115019326,198198.87123209643,225559.8634830143,11591.871561426515,0.0,8478.1964864256,0.208825,0.037355,15310.788257464505,200944.00213508614,185802.4018148232,0.74363,0.240455,0.1154,2956.5572745272757
1.0,0.9,0.0,199115.36444190273,176553.51115019326,198198.87123209643,225559.8634830143,11591.871561426515,0.0,8478.1964864256,0.208825,0.168505,5207.192171643,200944.00213508614,195849.60192157753,0.74363,0.240455,0.30677,2956.5572745272757
1.0,0.9,0.025,199115.36444190273,176553.51115019326,198198.87123209643,225559.8634830143,11591.871561426515,0.0,8478.1964864256,0.208825,0.096795,8957.192171642999,200944.00213508614,192099.60192157753,0.74363,0.240455,0.174975,2956.5572745272757
1.0,0.9,0.05,199115.36444190273,176553.51115019326,198198.87123209643,225559.8634830143,11591.871561426515,0.0,8478.1964864256,0.208825,0.05547,12707.192171642999,200944.00213508614,188349.60192157753,0.74363,0.240455,0.136235,2956.5572745272757
1.0,0.95,0.0,199115.36444190273,176553.51115019326,198198.87123209643,225559.8634830143,11591.871561426515,0.0,8478.1964864256,0.208825,0.30677,2603.596085821503,200944.00213508614,198396.80202833182,0.74363,0.240455,0.461975,2956.5572745272757
1.0,0.95,0.025,199115.36444190273,176553.51115019326,198198.87123209643,225559.8634830143,11591.871561426515,0.0,8478.1964864256,0.208825,0.136235,6353.596085821503,200944.00213508614,194646.80202833182,0.74363,0.240455,0.248805,2956.5572745272757
1.0,0.95,0.05,199115.36444190273,176553.51115019326,198198.87123209643,225559.8634830143,11591.871561426515,0.0,8478.1964864256,0.208825,0.08073,10103.596085821504,200944.00213508614,190896.80202833182,0.74363,0.240455,0.158245,2956.5572745272757
1.0,1.0,0.0,199115.36444190273,176553.51115019326,198198.87123209643,225559.8634830143,11591.871561426515,0.0,8478.1964864256,0.208825,0.759545,0.0,200944.00213508614,200944.00213508614,0.74363,0.240455,0.759545,2956.5572745272757
1.0,1.0,0.025,199115.36444190273,176553.51115019326,198198.87123209643,225559.8634830143,11591.871561426515,0.0,8478.1964864256,0.208825,0.182875,3750.0,200944.00213508614,197194.00213508614,0.74363,0.240455,0.383805,2956.5572745272757
1.0,1.0,0.05,199115.36444190273,176553.51115019326,198198.87123209643,225559.8634830143,11591.871561426515,0.0,8478.1964864256,0.208825,0.115915,7500.0,200944.00213508614,193444.00213508614,0.74363,0.240455,0.182875,2956.5572745272757
