s,l,h,E_G,G_p5,G_p50,G_p95,E_K,K_p5,K_p50,P_K_ge_thr_G,P_G_lt_L,E_width,U_p50,L_p50,P_top_fund,P_top_gift_eq_U,P_G_below_middle,E_U_minus_G
0.0,0.0,0.0,149036.00709329318,146645.3317291232,149410.49517254048,150000.0,60996.60557040703,32939.67781431364,57462.80805066814,0.999785,0.689545,0.0,150000.0,150000.0,0.75488,0.310455,0.689545,963.9929067068224
0.0,0.0,0.025,149036.00709329318,146645.3317291232,149410.49517254048,150000.0,60996.60557040703,32939.67781431364,57462.80805066814,0.999785,0.0,3750.0,150000.0,146250.0,0.75488,0.310455,0.218765,963.9929067068224
0.0,0.0,0.05,149036.00709329318,146645.3317291232,149410.49517254048,150000.0,60996.60557040703,32939.67781431364,57462.80805066814,0.999785,0.0,7500.0,150000.0,142500.0,0.75488,0.310455,0.0,963.9929067068224
0.0,0.05,0.0,149036.00709329318,146645.3317291232,149410.49517254048,150000.0,60996.60557040703,32939.67781431364,57462.80805066814,0.999785,0.689545,0.0,150000.0,150000.0,0.75488,0.310455,0.689545,963.9929067068224
0.0,0.05,0.025,149036.00709329318,146645.3317291232,149410.49517254048,150000.0,60996.60557040703,32939.67781431364,57462.80805066814,0.999785,0.0,3750.0,150000.0,146250.0,0.75488,0.310455,0.218765,963.9929067068224
0.0,0.05,0.05,149036.00709329318,146645.3317291232,149410.49517254048,150000.0,60996.60557040703,32939.67781431364,57462.80805066814,0.999785,0.0,7500.0,150000.0,142500.0,0.75488,0.310455,0.0,963.9929067068224
0.0,0.1,0.0,149036.00709329318,146645.3317291232,149410.49517254048,150000.0,60996.60557040703,32939.67781431364,57462.80805066814,0.999785,0.689545,0.0,150000.0,150000.0,0.75488,0.310455,0.689545,963.9929067068224
0.0,0.1,0.025,149036.00709329318,146645.3317291232,149410.49517254048,150000.0,60996.60557040703,32939.67781431364,57462.80805066814,0.999785,0.0,3750.0,150000.0,146250.0,0.75488,0.310455,0.218765,963.9929067068224
0.0,0.1,0.05,149036.00709329318,146645.3317291232,149410.49517254048,150000.0,60996.60557040703,32939.67781431364,57462.80805066814,0.999785,0.0,7500.0,150000.0,142500.0,0.75488,0.310455,0.0,963.9929067068224
0.0,0.15,0.0,149036.00709329318,146645.3317291232,149410.49517254048,150000.0,60996.60557040703,32939.67781431364,57462.80805066814,0.999785,0.689545,0.0,150000.0,150000.0,0.75488,0.310455,0.689545,963.9929067068224
0.0,0.15,0.025,149036.00709329318,146645.3317291232,149410.49517254048,150000.0,60996.60557040703,32939.67781431364,57462.80805066814,0.999785,0.0,3750.0,150000.0,146250.0,0.75488,0.310455,0.218765,963.9929067068224
0.0,0.15,0.05,149036.00709329318,146645.3317291232,149410.49517254048,150000.0,60996.60557040703,32939.67781431364,57462.80805066814,0.999785,0.0,7500.0,150000.0,142500.0,0.75488,0.310455,0.0,963.9929067068224
0.0,0.2,0.0,149036.00709329318,146645.3317291232,149410.49517254048,150000.0,60996.60557040703,32939.67781431364,57462.80805066814,0.999785,0.689545,0.0,150000.0,150000.0,0.75488,0.310455,0.689545,963.9929067068224
0.0,0.2,0.025,149036.00709329318,146645.3317291232,149410.49517254048,150000.0,60996.60557040703,32939.67781431364,57462.80805066814,0.999785,0.0,3750.0,150000.0,146250.0,0.75488,0.310455,0.218765,963.9929067068224
0.0,0.2,0.05,149036.00709329318,146645.3317291232,149410.49517254048,150000.0,60996.60557040703,32939.67781431364,57462.80805066814,0.999785,0.0,7500.0,150000.0,142500.0,0.75488,0.310455,0.0,963.9929067068224
0.0,0.25,0.0,149036.00709329318,146645.3317291232,149410.49517254048,150000.0,60996.60557040703,32939.67781431364,57462.80805066814,0.999785,0.689545,0.0,150000.0,150000.0,0.75488,0.310455,0.689545,963.9929067068224
0.0,0.25,0.025,149036.00709329318,146645.3317291232,149410.49517254048,150000.0,60996.60557040703,32939.67781431364,57462.80805066814,0.999785,0.0,3750.0,150000.0,146250.0,0.75488,0.310455,0.218765,963.9929067068224
0.0,0.25,0.05,149036.00709329318,146645.3317291232,149410.49517254048,150000.0,60996.60557040703,32939.67781431364,57462.80805066814,0.999785,0.0,7500.0,150000.0,142500.0,0.75488,0.310455,0.0,963.9929067068224
0.0,0.3,0.0,149036.00709329318,146645.3317291232,149410.49517254048,150000.0,60996.60557040703,32939.67781431364,57462.80805066814,0.999785,0.689545,0.0,150000.0,150000.0,0.75488,0.310455,0.689545,963.9929067068224
0.0,0.3,0.025,149036.00709329318,146645.3317291232,149410.49517254048,150000.0,60996.60557040703,32939.67781431364,57462.80805066814,0.999785,0.0,3750.0,150000.0,146250.0,0.75488,0.310455,0.218765,963.9929067068224
0.0,0.3,0.05,149036.00709329318,146645.3317291232,149410.49517254048,150000.0,60996.60557040703,32939.67781431364,57462.80805066814,0.999785,0.0,7500.0,150000.0,142500.0,0.75488,0.310455,0.0,963.9929067068224
0.0,0.35,0.0,149036.00709329318,146645.3317291232,149410.49517254048,150000.0,60996.60557040703,32939.67781431364,57462.80805066814,0.999785,0.689545,0.0,150000.0,150000.0,0.75488,0.310455,0.689545,963.9929067068224
0.0,0.35,0.025,149036.00709329318,146645.3317291232,149410.49517254048,150000.0,60996.60557040703,32939.67781431364,57462.80805066814,0.999785,0.0,3750.0,150000.0,146250.0,0.75488,0.310455,0.218765,963.9929067068224
0.0,0.35,0.05,149036.00709329318,146645.3317291232,149410.49517254048,150000.0,60996.60557040703,32939.67781431364,57462.80805066814,0.999785,0.0,7500.0,150000.0,142500.0,0.75488,0.310455,0.0,963.9929067068224
0.0,0.4,0.0,149036.00709329318,146645.3317291232,149410.49517254048,150000.0,60996.60557040703,32939.67781431364,57462.80805066814,0.999785,0.689545,0.0,150000.0,150000.0,0.75488,0.310455,0.689545,963.9929067068224
0.0,0.4,0.025,149036.00709329318,146645.3317291232,149410.49517254048,150000.0,60996.60557040703,32939.67781431364,57462.80805066814,0.999785,0.0,3750.0,150000.0,146250.0,0.75488,0.310455,0.218765,963.9929067068224
0.0,0.4,0.05,149036.00709329318,146645.3317291232,149410.49517254048,150000.0,60996.60557040703,32939.67781431364,57462.80805066814,0.999785,0.0,7500.0,150000.0,142500.0,0.75488,0.310455,0.0,963.9929067068224
0.0,0.45,0.0,149036.00709329318,146645.3317291232,149410.49517254048,150000.0,60996.60557040703,32939.67781431364,57462.80805066814,0.999785,0.689545,0.0,150000.0,150000.0,0.75488,0.310455,0.689545,963.9929067068224
0.0,0.45,0.025,149036.00709329318,146645.3317291232,149410.49517254048,150000.0,60996.60557040703,32939.67781431364,57462.80805066814,0.999785,0.0,3750.0,150000.0,146250.0,0.75488,0.310455,0.218765,963.9929067068224
0.0,0.45,0.05,149036.00709329318,146645.3317291232,149410.49517254048,150000.0,60996.60557040703,32939.67781431364,57462.80805066814,0.999785,0.0,7500.0,150000.0,142500.0,0.75488,0.310455,0.0,963.9929067068224
0.0,0.5,0.0,149036.00709329318,146645.3317291232,149410.49517254048,150000.0,60996.60557040703,32939.67781431364,57462.80805066814,0.999785,0.689545,0.0,150000.0,150000.0,0.75488,0.310455,0.689545,963.9929067068224
0.0,0.5,0.025,149036.00709329318,146645.3317291232,149410.49517254048,150000.0,60996.60557040703,32939.67781431364,57462.80805066814,0.999785,0.0,3750.0,150000.0,146250.0,0.75488,0.310455,0.218765,963.9929067068224
0.0,0.5,0.05,149036.00709329318,146645.3317291232,149410.49517254048,150000.0,60996.60557040703,32939.67781431364,57462.80805066814,0.999785,0.0,7500.0,150000.0,142500.0,0.75488,0.310455,0.0,963.9929067068224
0.0,0.55,0.0,149036.00709329318,146645.3317291232,149410.49517254048,150000.0,60996.60557040703,32939.67781431364,57462.80805066814,0.999785,0.689545,0.0,150000.0,150000.0,0.75488,0.310455,0.689545,963.9929067068224
0.0,0.55,0.025,149036.00709329318,146645.3317291232,149410.49517254048,150000.0,60996.60557040703,32939.67781431364,57462.80805066814,0.999785,0.0,3750.0,150000.0,146250.0,0.75488,0.310455,0.218765,963.9929067068224
0.0,0.55,0.05,149036.00709329318,146645.3317291232,149410.49517254048,150000.0,60996.60557040703,32939.67781431364,57462.80805066814,0.999785,0.0,7500.0,150000.0,142500.0,0.75488,0.310455,0.0,963.9929067068224
0.0,0.6,0.0,149036.00709329318,146645.3317291232,149410.49517254048,150000.0,60996.60557040703,32939.67781431364,57462.80805066814,0.999785,0.689545,0.0,150000.0,150000.0,0.75488,0.310455,0.689545,963.9929067068224
0.0,0.6,0.025,149036.00709329318,146645.3317291232,149410.49517254048,150000.0,60996.60557040703,32939.67781431364,57462.80805066814,0.999785,0.0,3750.0,150000.0,146250.0,0.75488,0.310455,0.218765,963.9929067068224
0.0,0.6,0.05,149036.00709329318,146645.3317291232,149410.49517254048,150000.0,60996.60557040703,32939.67781431364,57462.80805066814,0.999785,0.0,7500.0,150000.0,142500.0,0.75488,0.310455,0.0,963.9929067068224
0.0,0.65,0.0,149036.00709329318,146645.3317291232,149410.49517254048,150000.0,60996.60557040703,32939.67781431364,57462.80805066814,0.999785,0.689545,0.0,150000.0,150000.0,0.75488,0.310455,0.689545,963.9929067068224
0.0,0.65,0.025,149036.00709329318,146645.3317291232,149410.49517254048,150000.0,60996.60557040703,32939.67781431364,57462.80805066814,0.999785,0.0,3750.0,150000.0,146250.0,0.75488,0.310455,0.218765,963.9929067068224
0.0,0.65,0.05,149036.00709329318,146645.3317291232,149410.49517254048,150000.0,60996.60557040703,32939.67781431364,57462.80805066814,0.999785,0.0,7500.0,150000.0,142500.0,0.75488,0.310455,0.0,963.9929067068224
0.0,0.7,0.0,149036.00709329318,146645.3317291232,149410.49517254048,150000.0,60996.60557040703,32939.67781431364,57462.80805066814,0.999785,0.689545,0.0,150000.0,150000.0,0.75488,0.310455,0.689545,963.9929067068224
0.0,0.7,0.025,149036.00709329318,146645.3317291232,149410.49517254048,150000.0,60996.60557040703,32939.67781431364,57462.80805066814,0.999785,0.0,3750.0,150000.0,146250.0,0.75488,0.310455,0.218765,963.9929067068224
0.0,0.7,0.05,149036.00709329318,146645.3317291232,149410.49517254048,150000.0,60996.60557040703,32939.67781431364,57462.80805066814,0.999785,0.0,7500.0,150000.0,142500.0,0.75488,0.310455,0.0,963.9929067068224
0.0,0.75,0.0,149036.00709329318,146645.3317291232,149410.49517254048,150000.0,60996.60557040703,32939.67781431364,57462.80805066814,0.999785,0.689545,0.0,150000.0,150000.0,0.75488,0.310455,0.689545,963.9929067068224
0.0,0.75,0.025,149036.00709329318,146645.3317291232,149410.49517254048,150000.0,60996.60557040703,32939.67781431364,57462.80805066814,0.999785,0.0,3750.0,150000.0,146250.0,0.75488,0.310455,0.218765,963.9929067068224
0.0,0.75,0.05,149036.00709329318,146645.3317291232,149410.49517254048,150000.0,60996.60557040703,32939.67781431364,57462.80805066814,0.999785,0.0,7500.0,150000.0,142500.0,0.75488,0.310455,0.0,963.9929067068224
0.0,0.8,0.0,149036.00709329318,146645.3317291232,149410.49517254048,150000.0,60996.60557040703,32939.67781431364,57462.80805066814,0.999785,0.689545,0.0,150000.0,150000.0,0.75488,0.310455,0.689545,963.9929067068224
0.0,0.8,0.025,149036.00709329318,146645.3317291232,149410.49517254048,150000.0,60996.60557040703,32939.67781431364,57462.80805066814,0.999785,0.0,3750.0,150000.0,146250.0,0.75488,0.310455,0.218765,963.9929067068224
0.0,0.8,0.05,149036.00709329318,146645.3317291232,149410.49517254048,150000.0,60996.60557040703,32939.67781431364,57462.80805066814,0.999785,0.0,7500.0,150000.0,142500.0,0.75488,0.310455,0.0,963.9929067068224
0.0,0.85,0.0,149036.00709329318,146645.3317291232,149410.49517254048,150000.0,60996.60557040703,32939.67781431364,57462.80805066814,0.999785,0.689545,0.0,150000.0,150000.0,0.75488,0.310455,0.689545,963.9929067068224
0.0,0.85,0.025,149036.00709329318,146645.3317291232,149410.49517254048,150000.0,60996.60557040703,32939.67781431364,57462.80805066814,0.999785,0.0,3750.0,150000.0,146250.0,0.75488,0.310455,0.218765,963.9929067068224
0.0,0.85,0.05,149036.00709329318,146645.3317291232,149410.49517254048,150000.0,60996.60557040703,32939.67781431364,57462.80805066814,0.999785,0.0,7500.0,150000.0,142500.0,0.75488,0.310455,0.0,963.9929067068224
0.0,0.9,0.0,149036.00709329318,146645.3317291232,149410.49517254048,150000.0,60996.60557040703,32939.67781431364,57462.80805066814,0.999785,0.689545,0.0,150000.0,150000.0,0.75488,0.310455,0.689545,963.9929067068224
0.0,0.9,0.025,149036.00709329318,146645.3317291232,149410.49517254048,150000.0,60996.60557040703,32939.67781431364,57462.80805066814,0.999785,0.0,3750.0,150000.0,146250.0,0.75488,0.310455,0.218765,963.9929067068224
0.0,0.9,0.05,149036.00709329318,146645.3317291232,149410.49517254048,150000.0,60996.60557040703,32939.67781431364,57462.80805066814,0.999785,0.0,7500.0,150000.0,142500.0,0.75488,0.310455,0.0,963.9929067068224
0.0,0.95,0.0,149036.00709329318,146645.3317291232,149410.49517254048,150000.0,60996.60557040703,32939.67781431364,57462.80805066814,0.999785,0.689545,0.0,150000.0,150000.0,0.75488,0.310455,0.689545,963.9929067068224
0.0,0.95,0.025,149036.00709329318,146645.3317291232,149410.49517254048,150000.0,60996.60557040703,32939.67781431364,57462.80805066814,0.999785,0.0,3750.0,150000.0,146250.0,0.75488,0.310455,0.218765,963.9929067068224
0.0,0.95,0.05,149036.00709329318,146645.3317291232,149410.49517254048,150000.0,60996.60557040703,32939.67781431364,57462.80805066814,0.999785,0.0,7500.0,150000.0,142500.0,0.75488,0.310455,0.0,963.9929067068224
0.0,1.0,0.0,149036.00709329318,146645.3317291232,149410.49517254048,150000.0,60996.60557040703,32939.67781431364,57462.80805066814,0.999785,0.689545,0.0,150000.0,150000.0,0.75488,0.310455,0.689545,963.9929067068224
0.0,1.0,0.025,149036.00709329318,146645.3317291232,149410.49517254048,150000.0,60996.60557040703,32939.67781431364,57462.80805066814,0.999785,0.0,3750.0,150000.0,146250.0,0.75488,0.310455,0.218765,963.9929067068224
0.0,1.0,0.05,149036.00709329318,146645.3317291232,149410.49517254048,150000.0,60996.60557040703,32939.67781431364,57462.80805066814,0.999785,0.0,7500.0,150000.0,142500.0,0.75488,0.310455,0.0,963.9929067068224
0.05,0.0,0.0,151565.25589931617,149040.03474309092,151780.5755285624,153401.93413261807,58467.35676438404,31308.889520107332,54961.84256482842,0.99969,0.13925,2586.601109587184,152496.56419224554,150000.0,0.75488,0.297235,0.32597,1021.3452102710205
0.05,0.0,0.025,151565.25589931617,149040.03474309092,151780.5755285624,153401.93413261807,58467.35676438404,31308.889520107332,54961.84256482842,0.99969,0.0,6336.6011095871845,152496.56419224554,146250.0,0.75488,0.297235,0.077955,1021.3452102710205
0.05,0.0,0.05,151565.25589931617,149040.03474309092,151780.5755285624,153401.93413261807,58467.35676438404,31308.889520107332,54961.84256482842,0.99969,0.0,10086.601109587184,152496.56419224554,142500.0,0.75488,0.297235,1e-05,1021.3452102710205
0.05,0.05,0.0,151565.25589931617,149040.03474309092,151780.5755285624,153401.93413261807,58467.35676438404,31308.889520107332,54961.84256482842,0.99969,0.15323,2457.271054107825,152496.56419224554,150124.8282096123,0.75488,0.297235,0.3391,1021.3452102710205
0.05,0.05,0.025,151565.25589931617,149040.03474309092,151780.5755285624,153401.93413261807,58467.35676438404,31308.889520107332,54961.84256482842,0.99969,0.0,6207.271054107826,152496.56419224554,146374.8282096123,0.75488,0.297235,0.083995,1021.3452102710205
0.05,0.05,0.05,151565.25589931617,149040.03474309092,151780.5755285624,153401.93413261807,58467.35676438404,31308.889520107332,54961.84256482842,0.99969,0.0,9957.271054107825,152496.56419224554,142624.8282096123,0.75488,0.297235,1e-05,1021.3452102710205
0.05,0.1,0.0,151565.25589931617,149040.03474309092,151780.5755285624,153401.93413261807,58467.35676438404,31308.889520107332,54961.84256482842,0.99969,0.168485,2327.9409986284654,152496.56419224554,150249.65641922457,0.75488,0.297235,0.35257,1021.3452102710205
0.05,0.1,0.025,151565.25589931617,149040.03474309092,151780.5755285624,153401.93413261807,58467.35676438404,31308.889520107332,54961.84256482842,0.99969,0.0,6077.940998628466,152496.56419224554,146499.65641922457,0.75488,0.297235,0.08966,1021.3452102710205
0.05,0.1,0.05,151565.25589931617,149040.03474309092,151780.5755285624,153401.93413261807,58467.35676438404,31308.889520107332,54961.84256482842,0.99969,0.0,9827.940998628466,152496.56419224554,142749.65641922457,0.75488,0.297235,3e-05,1021.3452102710205
0.05,0.15,0.0,151565.25589931617,149040.03474309092,151780.5755285624,153401.93413261807,58467.35676438404,31308.889520107332,54961.84256482842,0.99969,0.184915,2198.6109431491063,152496.56419224554,150374.48462883683,0.75488,0.297235,0.366535,1021.3452102710205
0.05,0.15,0.025,151565.25589931617,149040.03474309092,151780.5755285624,153401.93413261807,58467.35676438404,31308.889520107332,54961.84256482842,0.99969,0.0,5948.610943149107,152496.56419224554,146624.48462883683,0.75488,0.297235,0.095265,1021.3452102710205
0.05,0.15,0.05,151565.25589931617,149040.03474309092,151780.5755285624,153401.93413261807,58467.35676438404,31308.889520107332,54961.84256482842,0.99969,0.0,9698.610943149106,152496.56419224554,142874.48462883683,0.75488,0.297235,3.5e-05,1021.3452102710205
0.05,0.2,0.0,151565.25589931617,149040.03474309092,151780.5755285624,153401.93413261807,58467.35676438404,31308.889520107332,54961.84256482842,0.99969,0.202215,2069.2808876697477,152496.56419224554,150499.3128384491,0.75488,0.297235,0.38156,1021.3452102710205
0.05,0.2,0.025,151565.25589931617,149040.03474309092,151780.5755285624,153401.93413261807,58467.35676438404,31308.889520107332,54961.84256482842,0.99969,0.0,5819.280887669747,152496.56419224554,146749.3128384491,0.75488,0.297235,0.100205,1021.3452102710205
0.05,0.2,0.05,151565.25589931617,149040.03474309092,151780.5755285624,153401.93413261807,58467.35676438404,31308.889520107332,54961.84256482842,0.99969,0.0,9569.280887669747,152496.56419224554,142999.3128384491,0.75488,0.297235,5e-05,1021.3452102710205
0.05,0.25,0.0,151565.25589931617,149040.03474309092,151780.5755285624,153401.93413261807,58467.35676438404,31308.889520107332,54961.84256482842,0.99969,0.221245,1939.9508321903882,152496.56419224554,150624.14104806137,0.75488,0.297235,0.39787,1021.3452102710205
0.05,0.25,0.025,151565.25589931617,149040.03474309092,151780.5755285624,153401.93413261807,58467.35676438404,31308.889520107332,54961.84256482842,0.99969,0.0,5689.950832190389,152496.56419224554,146874.14104806137,0.75488,0.297235,0.10492,1021.3452102710205
0.05,0.25,0.05,151565.25589931617,149040.03474309092,151780.5755285624,153401.93413261807,58467.35676438404,31308.889520107332,54961.84256482842,0.99969,0.0,9439.950832190389,152496.56419224554,143124.14104806137,0.75488,0.297235,8.5e-05,1021.3452102710205
0.05,0.3,0.0,151565.25589931617,149040.03474309092,151780.5755285624,153401.93413261807,58467.35676438404,31308.889520107332,54961.84256482842,0.99969,0.24025,1810.6207767110295,152496.56419224554,150748.96925767366,0.75488,0.297235,0.415605,1021.3452102710205
0.05,0.3,0.025,151565.25589931617,149040.03474309092,151780.5755285624,153401.93413261807,58467.35676438404,31308.889520107332,54961.84256482842,0.99969,0.0,5560.620776711029,152496.56419224554,146998.96925767366,0.75488,0.297235,0.109655,1021.3452102710205
0.05,0.3,0.05,151565.25589931617,149040.03474309092,151780.5755285624,153401.93413261807,58467.35676438404,31308.889520107332,54961.84256482842,0.99969,0.0,9310.620776711028,152496.56419224554,143248.96925767366,0.75488,0.297235,0.000105,1021.3452102710205
0.05,0.35,0.0,151565.25589931617,149040.03474309092,151780.5755285624,153401.93413261807,58467.35676438404,31308.889520107332,54961.84256482842,0.99969,0.259995,1681.29072123167,152496.56419224554,150873.79746728594,0.75488,0.297235,0.43475,1021.3452102710205
0.05,0.35,0.025,151565.25589931617,149040.03474309092,151780.5755285624,153401.93413261807,58467.35676438404,31308.889520107332,54961.84256482842,0.99969,0.0,5431.29072123167,152496.56419224554,147123.79746728594,0.75488,0.297235,0.114455,1021.3452102710205
0.05,0.35,0.05,151565.25589931617,149040.03474309092,151780.5755285624,153401.93413261807,58467.35676438404,31308.889520107332,54961.84256482842,0.99969,0.0,9181.29072123167,152496.56419224554,143373.79746728594,0.75488,0.297235,0.00016,1021.3452102710205
0.05,0.4,0.0,151565.25589931617,149040.03474309092,151780.5755285624,153401.93413261807,58467.35676438404,31308.889520107332,54961.84256482842,0.99969,0.280405,1551.9606657523102,152496.56419224554,150998.62567689823,0.75488,0.297235,0.45615,1021.3452102710205
0.05,0.4,0.025,151565.25589931617,149040.03474309092,151780.5755285624,153401.93413261807,58467.35676438404,31308.889520107332,54961.84256482842,0.99969,0.0,5301.960665752311,152496.56419224554,147248.62567689823,0.75488,0.297235,0.119465,1021.3452102710205
0.05,0.4,0.05,151565.25589931617,149040.03474309092,151780.5755285624,153401.93413261807,58467.35676438404,31308.889520107332,54961.84256482842,0.99969,0.0,9051.96066575231,152496.56419224554,143498.62567689823,0.75488,0.297235,0.00025,1021.3452102710205
0.05,0.45,0.0,151565.25589931617,149040.03474309092,151780.5755285624,153401.93413261807,58467.35676438404,31308.889520107332,54961.84256482842,0.99969,0.30244,1422.6306102729513,152496.56419224554,151123.45388651048,0.75488,0.297235,0.479715,1021.3452102710205
0.05,0.45,0.025,151565.25589931617,149040.03474309092,151780.5755285624,153401.93413261807,58467.35676438404,31308.889520107332,54961.84256482842,0.99969,0.0,5172.630610272951,152496.56419224554,147373.45388651048,0.75488,0.297235,0.124825,1021.3452102710205
0.05,0.45,0.05,151565.25589931617,149040.03474309092,151780.5755285624,153401.93413261807,58467.35676438404,31308.889520107332,54961.84256482842,0.99969,0.0,8922.63061027295,152496.56419224554,143623.45388651048,0.75488,0.297235,0.00036,1021.3452102710205
0.05,0.5,0.0,151565.25589931617,149040.03474309092,151780.5755285624,153401.93413261807,58467.35676438404,31308.889520107332,54961.84256482842,0.99969,0.32597,1293.300554793592,152496.56419224554,151248.28209612277,0.75488,0.297235,0.504975,1021.3452102710205
0.05,0.5,0.025,151565.25589931617,149040.03474309092,151780.5755285624,153401.93413261807,58467.35676438404,31308.889520107332,54961.84256482842,0.99969,1e-05,5043.300554793592,152496.56419224554,147498.28209612277,0.75488,0.297235,0.13024,1021.3452102710205
0.05,0.5,0.05,151565.25589931617,149040.03474309092,151780.5755285624,153401.93413261807,58467.35676438404,31308.889520107332,54961.84256482842,0.99969,0.0,8793.300554793592,152496.56419224554,143748.28209612277,0.75488,0.297235,0.00054,1021.3452102710205
0.05,0.55,0.0,151565.25589931617,149040.03474309092,151780.5755285624,153401.93413261807,58467.35676438404,31308.889520107332,54961.84256482842,0.99969,0.35257,1163.9704993142327,152496.56419224554,151373.11030573503,0.75488,0.297235,0.53131,1021.3452102710205
0.05,0.55,0.025,151565.25589931617,149040.03474309092,151780.5755285624,153401.93413261807,58467.35676438404,31308.889520107332,54961.84256482842,0.99969,3e-05,4913.970499314233,152496.56419224554,147623.11030573503,0.75488,0.297235,0.136665,1021.3452102710205
0.05,0.55,0.05,151565.25589931617,149040.03474309092,151780.5755285624,153401.93413261807,58467.35676438404,31308.889520107332,54961.84256482842,0.99969,0.0,8663.970499314233,152496.56419224554,143873.11030573503,0.75488,0.297235,0.0008,1021.3452102710205
0.05,0.6,0.0,151565.25589931617,149040.03474309092,151780.5755285624,153401.93413261807,58467.35676438404,31308.889520107332,54961.84256482842,0.99969,0.38156,1034.6404438348738,152496.56419224554,151497.9385153473,0.75488,0.297235,0.558235,1021.3452102710205
0.05,0.6,0.025,151565.25589931617,149040.03474309092,151780.5755285624,153401.93413261807,58467.35676438404,31308.889520107332,54961.84256482842,0.99969,5e-05,4784.640443834874,152496.56419224554,147747.9385153473,0.75488,0.297235,0.14376,1021.3452102710205
0.05,0.6,0.05,151565.25589931617,149040.03474309092,151780.5755285624,153401.93413261807,58467.35676438404,31308.889520107332,54961.84256482842,0.99969,0.0,8534.640443834873,152496.56419224554,143997.9385153473,0.75488,0.297235,0.001075,1021.3452102710205
0.05,0.65,0.0,151565.25589931617,149040.03474309092,151780.5755285624,153401.93413261807,58467.35676438404,31308.889520107332,54961.84256482842,0.99969,0.415605,905.3103883555144,152496.56419224554,151622.7667249596,0.75488,0.297235,0.582605,1021.3452102710205
0.05,0.65,0.025,151565.25589931617,149040.03474309092,151780.5755285624,153401.93413261807,58467.35676438404,31308.889520107332,54961.84256482842,0.99969,0.000105,4655.310388355514,152496.56419224554,147872.7667249596,0.75488,0.297235,0.15183,1021.3452102710205
0.05,0.65,0.05,151565.25589931617,149040.03474309092,151780.5755285624,153401.93413261807,58467.35676438404,31308.889520107332,54961.84256482842,0.99969,0.0,8405.310388355516,152496.56419224554,144122.7667249596,0.75488,0.297235,0.00153,1021.3452102710205
0.05,0.7,0.0,151565.25589931617,149040.03474309092,151780.5755285624,153401.93413261807,58467.35676438404,31308.889520107332,54961.84256482842,0.99969,0.45615,775.9803328761556,152496.56419224554,151747.59493457188,0.75488,0.297235,0.60379,1021.3452102710205
0.05,0.7,0.025,151565.25589931617,149040.03474309092,151780.5755285624,153401.93413261807,58467.35676438404,31308.889520107332,54961.84256482842,0.99969,0.00025,4525.980332876155,152496.56419224554,147997.59493457188,0.75488,0.297235,0.16085,1021.3452102710205
0.05,0.7,0.05,151565.25589931617,149040.03474309092,151780.5755285624,153401.93413261807,58467.35676438404,31308.889520107332,54961.84256482842,0.99969,0.0,8275.980332876155,152496.56419224554,144247.59493457188,0.75488,0.297235,0.002035,1021.3452102710205
0.05,0.75,0.0,151565.25589931617,149040.03474309092,151780.5755285624,153401.93413261807,58467.35676438404,31308.889520107332,54961.84256482842,0.99969,0.504975,646.6502773967958,152496.56419224554,151872.42314418417,0.75488,0.297235,0.622015,1021.3452102710205
0.05,0.75,0.025,151565.25589931617,149040.03474309092,151780.5755285624,153401.93413261807,58467.35676438404,31308.889520107332,54961.84256482842,0.99969,0.00054,4396.650277396796,152496.56419224554,148122.42314418417,0.75488,0.297235,0.170845,1021.3452102710205
0.05,0.75,0.05,151565.25589931617,149040.03474309092,151780.5755285624,153401.93413261807,58467.35676438404,31308.889520107332,54961.84256482842,0.99969,0.0,8146.650277396796,152496.56419224554,144372.42314418417,0.75488,0.297235,0.002665,1021.3452102710205
0.05,0.8,0.0,151565.25589931617,149040.03474309092,151780.5755285624,153401.93413261807,58467.35676438404,31308.889520107332,54961.84256482842,0.99969,0.558235,517.3202219174366,152496.56419224554,151997.25135379643,0.75488,0.297235,0.63969,1021.3452102710205
0.05,0.8,0.025,151565.25589931617,149040.03474309092,151780.5755285624,153401.93413261807,58467.35676438404,31308.889520107332,54961.84256482842,0.99969,0.001075,4267.320221917436,152496.56419224554,148247.25135379643,0.75488,0.297235,0.18204,1021.3452102710205
0.05,0.8,0.05,151565.25589931617,149040.03474309092,151780.5755285624,153401.93413261807,58467.35676438404,31308.889520107332,54961.84256482842,0.99969,0.0,8017.320221917437,152496.56419224554,144497.25135379643,0.75488,0.297235,0.003455,1021.3452102710205
0.05,0.85,0.0,151565.25589931617,149040.03474309092,151780.5755285624,153401.93413261807,58467.35676438404,31308.889520107332,54961.84256482842,0.99969,0.60379,387.99016643807755,152496.56419224554,152122.07956340868,0.75488,0.297235,0.65756,1021.3452102710205
0.05,0.85,0.025,151565.25589931617,149040.03474309092,151780.5755285624,153401.93413261807,58467.35676438404,31308.889520107332,54961.84256482842,0.99969,0.002035,4137.990166438078,152496.56419224554,148372.07956340868,0.75488,0.297235,0.193995,1021.3452102710205
0.05,0.85,0.05,151565.25589931617,149040.03474309092,151780.5755285624,153401.93413261807,58467.35676438404,31308.889520107332,54961.84256482842,0.99969,0.0,7887.990166438078,152496.56419224554,144622.07956340868,0.75488,0.297235,0.004415,1021.3452102710205
0.05,0.9,0.0,151565.25589931617,149040.03474309092,151780.5755285624,153401.93413261807,58467.35676438404,31308.889520107332,54961.84256482842,0.99969,0.63969,258.66011095871823,152496.56419224554,152246.90777302097,0.75488,0.297235,0.67461,1021.3452102710205
0.05,0.9,0.025,151565.25589931617,149040.03474309092,151780.5755285624,153401.93413261807,58467.35676438404,31308.889520107332,54961.84256482842,0.99969,0.003455,4008.6601109587186,152496.56419224554,148496.90777302097,0.75488,0.297235,0.206015,1021.3452102710205
0.05,0.9,0.05,151565.25589931617,149040.03474309092,151780.5755285624,153401.93413261807,58467.35676438404,31308.889520107332,54961.84256482842,0.99969,0.0,7758.660110958718,152496.56419224554,144746.90777302097,0.75488,0.297235,0.005425,1021.3452102710205
0.05,0.95,0.0,151565.25589931617,149040.03474309092,151780.5755285624,153401.93413261807,58467.35676438404,31308.889520107332,54961.84256482842,0.99969,0.67461,129.3300554793593,152496.56419224554,152371.73598263325,0.75488,0.297235,0.688985,1021.3452102710205
0.05,0.95,0.025,151565.25589931617,149040.03474309092,151780.5755285624,153401.93413261807,58467.35676438404,31308.889520107332,54961.84256482842,0.99969,0.005425,3879.3300554793595,152496.56419224554,148621.73598263325,0.75488,0.297235,0.21881,1021.3452102710205
0.05,0.95,0.05,151565.25589931617,149040.03474309092,151780.5755285624,153401.93413261807,58467.35676438404,31308.889520107332,54961.84256482842,0.99969,0.0,7629.3300554793595,152496.56419224554,144871.73598263325,0.75488,0.297235,0.006935,1021.3452102710205
0.05,1.0,0.0,151565.25589931617,149040.03474309092,151780.5755285624,153401.93413261807,58467.35676438404,31308.889520107332,54961.84256482842,0.99969,0.702765,0.0,152496.56419224554,152496.56419224554,0.75488,0.297235,0.702765,1021.3452102710205
0.05,1.0,0.025,151565.25589931617,149040.03474309092,151780.5755285624,153401.93413261807,58467.35676438404,31308.889520107332,54961.84256482842,0.99969,0.00846,3750.0,152496.56419224554,148746.56419224554,0.75488,0.297235,0.229795,1021.3452102710205
0.05,1.0,0.05,151565.25589931617,149040.03474309092,151780.5755285624,153401.93413261807,58467.35676438404,31308.889520107332,54961.84256482842,0.99969,0.0,7500.0,152496.56419224554,144996.56419224554,0.75488,0.297235,0.00846,1021.3452102710205
0.1,0.0,0.0,154088.45115844058,151099.20408958124,154096.18220019576,157027.48954559167,55944.16150525962,29686.59493328875,52465.02364181077,0.999445,0.010315,5173.202219174368,154993.12838449105,150000.0,0.75488,0.287255,0.151445,1084.7510607337724
0.1,0.0,0.025,154088.45115844058,151099.20408958124,154096.18220019576,157027.48954559167,55944.16150525962,29686.59493328875,52465.02364181077,0.999445,0.0,8923.202219174369,154993.12838449105,146250.0,0.75488,0.287255,0.00955,1084.7510607337724
0.1,0.0,0.05,154088.45115844058,151099.20408958124,154096.18220019576,157027.48954559167,55944.16150525962,29686.59493328875,52465.02364181077,0.999445,0.0,12673.202219174369,154993.12838449105,142500.0,0.75488,0.287255,2e-05,1084.7510607337724
0.1,0.05,0.0,154088.45115844058,151099.20408958124,154096.18220019576,157027.48954559167,55944.16150525962,29686.59493328875,52465.02364181077,0.999445,0.01412,4914.54210821565,154993.12838449105,150249.65641922457,0.75488,0.287255,0.16624,1084.7510607337724
0.1,0.05,0.025,154088.45115844058,151099.20408958124,154096.18220019576,157027.48954559167,55944.16150525962,29686.59493328875,52465.02364181077,0.999445,0.0,8664.54210821565,154993.12838449105,146499.65641922457,0.75488,0.287255,0.012235,1084.7510607337724
0.1,0.05,0.05,154088.45115844058,151099.20408958124,154096.18220019576,157027.48954559167,55944.16150525962,29686.59493328875,52465.02364181077,0.999445,0.0,12414.542108215652,154993.12838449105,142749.65641922457,0.75488,0.287255,3e-05,1084.7510607337724
0.1,0.1,0.0,154088.45115844058,151099.20408958124,154096.18220019576,157027.48954559167,55944.16150525962,29686.59493328875,52465.02364181077,0.999445,0.01934,4655.881997256931,154993.12838449105,150499.3128384491,0.75488,0.287255,0.1822,1084.7510607337724
0.1,0.1,0.025,154088.45115844058,151099.20408958124,154096.18220019576,157027.48954559167,55944.16150525962,29686.59493328875,52465.02364181077,0.999445,0.0,8405.88199725693,154993.12838449105,146749.3128384491,0.75488,0.287255,0.015525,1084.7510607337724
0.1,0.1,0.05,154088.45115844058,151099.20408958124,154096.18220019576,157027.48954559167,55944.16150525962,29686.59493328875,52465.02364181077,0.999445,0.0,12155.881997256933,154993.12838449105,142999.3128384491,0.75488,0.287255,4e-05,1084.7510607337724
0.1,0.15,0.0,154088.45115844058,151099.20408958124,154096.18220019576,157027.48954559167,55944.16150525962,29686.59493328875,52465.02364181077,0.999445,0.02613,4397.221886298213,154993.12838449105,150748.96925767366,0.75488,0.287255,0.19961,1084.7510607337724
0.1,0.15,0.025,154088.45115844058,151099.20408958124,154096.18220019576,157027.48954559167,55944.16150525962,29686.59493328875,52465.02364181077,0.999445,0.0,8147.221886298213,154993.12838449105,146998.96925767366,0.75488,0.287255,0.01958,1084.7510607337724
0.1,0.15,0.05,154088.45115844058,151099.20408958124,154096.18220019576,157027.48954559167,55944.16150525962,29686.59493328875,52465.02364181077,0.999445,0.0,11897.221886298214,154993.12838449105,143248.96925767366,0.75488,0.287255,7.5e-05,1084.7510607337724
0.1,0.2,0.0,154088.45115844058,151099.20408958124,154096.18220019576,157027.48954559167,55944.16150525962,29686.59493328875,52465.02364181077,0.999445,0.035605,4138.561775339495,154993.12838449105,150998.62567689823,0.75488,0.287255,0.21766,1084.7510607337724
0.1,0.2,0.025,154088.45115844058,151099.20408958124,154096.18220019576,157027.48954559167,55944.16150525962,29686.59493328875,52465.02364181077,0.999445,0.0,7888.561775339495,154993.12838449105,147248.62567689823,0.75488,0.287255,0.024955,1084.7510607337724
0.1,0.2,0.05,154088.45115844058,151099.20408958124,154096.18220019576,157027.48954559167,55944.16150525962,29686.59493328875,52465.02364181077,0.999445,0.0,11638.561775339494,154993.12838449105,143498.62567689823,0.75488,0.287255,0.00014,1084.7510607337724
0.1,0.25,0.0,154088.45115844058,151099.20408958124,154096.18220019576,157027.48954559167,55944.16150525962,29686.59493328875,52465.02364181077,0.999445,0.04711,3879.901664380776,154993.12838449105,151248.28209612277,0.75488,0.287255,0.237745,1084.7510607337724
0.1,0.25,0.025,154088.45115844058,151099.20408958124,154096.18220019576,157027.48954559167,55944.16150525962,29686.59493328875,52465.02364181077,0.999445,0.0,7629.901664380777,154993.12838449105,147498.28209612277,0.75488,0.287255,0.03191,1084.7510607337724
0.1,0.25,0.05,154088.45115844058,151099.20408958124,154096.18220019576,157027.48954559167,55944.16150525962,29686.59493328875,52465.02364181077,0.999445,0.0,11379.901664380777,154993.12838449105,143748.28209612277,0.75488,0.287255,0.00022,1084.7510607337724
0.1,0.3,0.0,154088.45115844058,151099.20408958124,154096.18220019576,157027.48954559167,55944.16150525962,29686.59493328875,52465.02364181077,0.999445,0.06161,3621.241553422058,154993.12838449105,151497.9385153473,0.75488,0.287255,0.25817,1084.7510607337724
0.1,0.3,0.025,154088.45115844058,151099.20408958124,154096.18220019576,157027.48954559167,55944.16150525962,29686.59493328875,52465.02364181077,0.999445,0.0,7371.241553422057,154993.12838449105,147747.9385153473,0.75488,0.287255,0.040225,1084.7510607337724
0.1,0.3,0.05,154088.45115844058,151099.20408958124,154096.18220019576,157027.48954559167,55944.16150525962,29686.59493328875,52465.02364181077,0.999445,0.0,11121.241553422058,154993.12838449105,143997.9385153473,0.75488,0.287255,0.0003,1084.7510607337724
0.1,0.35,0.0,154088.45115844058,151099.20408958124,154096.18220019576,157027.48954559167,55944.16150525962,29686.59493328875,52465.02364181077,0.999445,0.079175,3362.5814424633395,154993.12838449105,151747.59493457188,0.75488,0.287255,0.279005,1084.7510607337724
0.1,0.35,0.025,154088.45115844058,151099.20408958124,154096.18220019576,157027.48954559167,55944.16150525962,29686.59493328875,52465.02364181077,0.999445,0.0,7112.58144246334,154993.12838449105,147997.59493457188,0.75488,0.287255,0.04988,1084.7510607337724
0.1,0.35,0.05,154088.45115844058,151099.20408958124,154096.18220019576,157027.48954559167,55944.16150525962,29686.59493328875,52465.02364181077,0.999445,0.0,10862.58144246334,154993.12838449105,144247.59493457188,0.75488,0.287255,0.00047,1084.7510607337724
0.1,0.4,0.0,154088.45115844058,151099.20408958124,154096.18220019576,157027.48954559167,55944.16150525962,29686.59493328875,52465.02364181077,0.999445,0.09992,3103.9213315046204,154993.12838449105,151997.25135379643,0.75488,0.287255,0.300915,1084.7510607337724
0.1,0.4,0.025,154088.45115844058,151099.20408958124,154096.18220019576,157027.48954559167,55944.16150525962,29686.59493328875,52465.02364181077,0.999445,0.0,6853.921331504622,154993.12838449105,148247.25135379643,0.75488,0.287255,0.06203,1084.7510607337724
0.1,0.4,0.05,154088.45115844058,151099.20408958124,154096.18220019576,157027.48954559167,55944.16150525962,29686.59493328875,52465.02364181077,0.999445,0.0,10603.921331504622,154993.12838449105,144497.25135379643,0.75488,0.287255,0.00068,1084.7510607337724
0.1,0.45,0.0,154088.45115844058,151099.20408958124,154096.18220019576,157027.48954559167,55944.16150525962,29686.59493328875,52465.02364181077,0.999445,0.124115,2845.2612205459022,154993.12838449105,152246.90777302097,0.75488,0.287255,0.324235,1084.7510607337724
0.1,0.45,0.025,154088.45115844058,151099.20408958124,154096.18220019576,157027.48954559167,55944.16150525962,29686.59493328875,52465.02364181077,0.999445,0.0,6595.261220545903,154993.12838449105,148496.90777302097,0.75488,0.287255,0.074675,1084.7510607337724
0.1,0.45,0.05,154088.45115844058,151099.20408958124,154096.18220019576,157027.48954559167,55944.16150525962,29686.59493328875,52465.02364181077,0.999445,0.0,10345.261220545903,154993.12838449105,144746.90777302097,0.75488,0.287255,0.00095,1084.7510607337724
0.1,0.5,0.0,154088.45115844058,151099.20408958124,154096.18220019576,157027.48954559167,55944.16150525962,29686.59493328875,52465.02364181077,0.999445,0.151445,2586.601109587184,154993.12838449105,152496.56419224554,0.75488,0.287255,0.34833,1084.7510607337724
0.1,0.5,0.025,154088.45115844058,151099.20408958124,154096.18220019576,157027.48954559167,55944.16150525962,29686.59493328875,52465.02364181077,0.999445,2e-05,6336.6011095871845,154993.12838449105,148746.56419224554,0.75488,0.287255,0.08714,1084.7510607337724
0.1,0.5,0.05,154088.45115844058,151099.20408958124,154096.18220019576,157027.48954559167,55944.16150525962,29686.59493328875,52465.02364181077,0.999445,0.0,10086.601109587184,154993.12838449105,144996.56419224554,0.75488,0.287255,0.00133,1084.7510607337724
0.1,0.55,0.0,154088.45115844058,151099.20408958124,154096.18220019576,157027.48954559167,55944.16150525962,29686.59493328875,52465.02364181077,0.999445,0.1822,2327.9409986284654,154993.12838449105,152746.22061147008,0.75488,0.287255,0.374845,1084.7510607337724
0.1,0.55,0.025,154088.45115844058,151099.20408958124,154096.18220019576,157027.48954559167,55944.16150525962,29686.59493328875,52465.02364181077,0.999445,4e-05,6077.9409986284645,154993.12838449105,148996.22061147008,0.75488,0.287255,0.09962,1084.7510607337724
0.1,0.55,0.05,154088.45115844058,151099.20408958124,154096.18220019576,157027.48954559167,55944.16150525962,29686.59493328875,52465.02364181077,0.999445,0.0,9827.940998628465,154993.12838449105,145246.22061147008,0.75488,0.287255,0.001845,1084.7510607337724
0.1,0.6,0.0,154088.45115844058,151099.20408958124,154096.18220019576,157027.48954559167,55944.16150525962,29686.59493328875,52465.02364181077,0.999445,0.21766,2069.2808876697477,154993.12838449105,152995.87703069462,0.75488,0.287255,0.40381,1084.7510607337724
0.1,0.6,0.025,154088.45115844058,151099.20408958124,154096.18220019576,157027.48954559167,55944.16150525962,29686.59493328875,52465.02364181077,0.999445,0.00014,5819.280887669747,154993.12838449105,149245.87703069462,0.75488,0.287255,0.11085,1084.7510607337724
0.1,0.6,0.05,154088.45115844058,151099.20408958124,154096.18220019576,157027.48954559167,55944.16150525962,29686.59493328875,52465.02364181077,0.999445,0.0,9569.280887669747,154993.12838449105,145495.87703069462,0.75488,0.287255,0.002465,1084.7510607337724
0.1,0.65,0.0,154088.45115844058,151099.20408958124,154096.18220019576,157027.48954559167,55944.16150525962,29686.59493328875,52465.02364181077,0.999445,0.25817,1810.6207767110288,154993.12838449105,153245.5334499192,0.75488,0.287255,0.43708,1084.7510607337724
0.1,0.65,0.025,154088.45115844058,151099.20408958124,154096.18220019576,157027.48954559167,55944.16150525962,29686.59493328875,52465.02364181077,0.999445,0.0003,5560.620776711027,154993.12838449105,149495.5334499192,0.75488,0.287255,0.121185,1084.7510607337724
0.1,0.65,0.05,154088.45115844058,151099.20408958124,154096.18220019576,157027.48954559167,55944.16150525962,29686.59493328875,52465.02364181077,0.999445,0.0,9310.620776711028,154993.12838449105,145745.5334499192,0.75488,0.287255,0.00329,1084.7510607337724
0.1,0.7,0.0,154088.45115844058,151099.20408958124,154096.18220019576,157027.48954559167,55944.16150525962,29686.59493328875,52465.02364181077,0.999445,0.300915,1551.9606657523111,154993.12838449105,153495.18986914374,0.75488,0.287255,0.4759,1084.7510607337724
0.1,0.7,0.025,154088.45115844058,151099.20408958124,154096.18220019576,157027.48954559167,55944.16150525962,29686.59493328875,52465.02364181077,0.999445,0.00068,5301.960665752311,154993.12838449105,149745.18986914374,0.75488,0.287255,0.13167,1084.7510607337724
0.1,0.7,0.05,154088.45115844058,151099.20408958124,154096.18220019576,157027.48954559167,55944.16150525962,29686.59493328875,52465.02364181077,0.999445,0.0,9051.96066575231,154993.12838449105,145995.18986914374,0.75488,0.287255,0.004375,1084.7510607337724
0.1,0.75,0.0,154088.45115844058,151099.20408958124,154096.18220019576,157027.48954559167,55944.16150525962,29686.59493328875,52465.02364181077,0.999445,0.34833,1293.3005547935916,154993.12838449105,153744.84628836828,0.75488,0.287255,0.522445,1084.7510607337724
0.1,0.75,0.025,154088.45115844058,151099.20408958124,154096.18220019576,157027.48954559167,55944.16150525962,29686.59493328875,52465.02364181077,0.999445,0.00133,5043.300554793592,154993.12838449105,149994.84628836828,0.75488,0.287255,0.143485,1084.7510607337724
0.1,0.75,0.05,154088.45115844058,151099.20408958124,154096.18220019576,157027.48954559167,55944.16150525962,29686.59493328875,52465.02364181077,0.999445,0.0,8793.300554793592,154993.12838449105,146244.84628836828,0.75488,0.287255,0.00568,1084.7510607337724
0.1,0.8,0.0,154088.45115844058,151099.20408958124,154096.18220019576,157027.48954559167,55944.16150525962,29686.59493328875,52465.02364181077,0.999445,0.40381,1034.6404438348732,154993.12838449105,153994.50270759285,0.75488,0.287255,0.57368,1084.7510607337724
0.1,0.8,0.025,154088.45115844058,151099.20408958124,154096.18220019576,157027.48954559167,55944.16150525962,29686.59493328875,52465.02364181077,0.999445,0.002465,4784.640443834873,154993.12838449105,150244.50270759285,0.75488,0.287255,0.157365,1084.7510607337724
0.1,0.8,0.05,154088.45115844058,151099.20408958124,154096.18220019576,157027.48954559167,55944.16150525962,29686.59493328875,52465.02364181077,0.999445,0.0,8534.640443834873,154993.12838449105,146494.50270759285,0.75488,0.287255,0.00723,1084.7510607337724
0.1,0.85,0.0,154088.45115844058,151099.20408958124,154096.18220019576,157027.48954559167,55944.16150525962,29686.59493328875,52465.02364181077,0.999445,0.4759,775.9803328761551,154993.12838449105,154244.1591268174,0.75488,0.287255,0.61715,1084.7510607337724
0.1,0.85,0.025,154088.45115844058,151099.20408958124,154096.18220019576,157027.48954559167,55944.16150525962,29686.59493328875,52465.02364181077,0.999445,0.004375,4525.9803328761545,154993.12838449105,150494.1591268174,0.75488,0.287255,0.175355,1084.7510607337724
0.1,0.85,0.05,154088.45115844058,151099.20408958124,154096.18220019576,157027.48954559167,55944.16150525962,29686.59493328875,52465.02364181077,0.999445,0.0,8275.980332876155,154993.12838449105,146744.1591268174,0.75488,0.287255,0.00926,1084.7510607337724
0.1,0.9,0.0,154088.45115844058,151099.20408958124,154096.18220019576,157027.48954559167,55944.16150525962,29686.59493328875,52465.02364181077,0.999445,0.57368,517.3202219174365,154993.12838449105,154493.81554604194,0.75488,0.287255,0.651785,1084.7510607337724
0.1,0.9,0.025,154088.45115844058,151099.20408958124,154096.18220019576,157027.48954559167,55944.16150525962,29686.59493328875,52465.02364181077,0.999445,0.00723,4267.320221917436,154993.12838449105,150743.81554604194,0.75488,0.287255,0.196975,1084.7510607337724
0.1,0.9,0.05,154088.45115844058,151099.20408958124,154096.18220019576,157027.48954559167,55944.16150525962,29686.59493328875,52465.02364181077,0.999445,0.0,8017.320221917437,154993.12838449105,146993.81554604194,0.75488,0.287255,0.011635,1084.7510607337724
0.1,0.95,0.0,154088.45115844058,151099.20408958124,154096.18220019576,157027.48954559167,55944.16150525962,29686.59493328875,52465.02364181077,0.999445,0.651785,258.6601109587185,154993.12838449105,154743.4719652665,0.75488,0.287255,0.68546,1084.7510607337724
0.1,0.95,0.025,154088.45115844058,151099.20408958124,154096.18220019576,157027.48954559167,55944.16150525962,29686.59493328875,52465.02364181077,0.999445,0.011635,4008.6601109587186,154993.12838449105,150993.4719652665,0.75488,0.287255,0.22179,1084.7510607337724
0.1,0.95,0.05,154088.45115844058,151099.20408958124,154096.18220019576,157027.48954559167,55944.16150525962,29686.59493328875,52465.02364181077,0.999445,5e-06,7758.660110958718,154993.12838449105,147243.4719652665,0.75488,0.287255,0.014355,1084.7510607337724
0.1,1.0,0.0,154088.45115844058,151099.20408958124,154096.18220019576,157027.48954559167,55944.16150525962,29686.59493328875,52465.02364181077,0.999445,0.712745,0.0,154993.12838449105,154993.12838449105,0.75488,0.287255,0.712745,1084.7510607337724
0.1,1.0,0.025,154088.45115844058,151099.20408958124,154096.18220019576,157027.48954559167,55944.16150525962,29686.59493328875,52465.02364181077,0.999445,0.01766,3750.0,154993.12838449105,151243.12838449105,0.75488,0.287255,0.24691,1084.7510607337724
0.1,1.0,0.05,154088.45115844058,151099.20408958124,154096.18220019576,157027.48954559167,55944.16150525962,29686.59493328875,52465.02364181077,0.999445,1.5e-05,7500.0,154993.12838449105,147493.12838449105,0.75488,0.287255,0.01766,1084.7510607337724
0.15,0.0,0.0,156607.66672719037,152934.4830971969,156467.59535415476,160729.6268151055,53424.94593650984,28068.3875994507,49974.92714004732,0.9991,0.000785,7759.803328761552,157489.6925767366,150000.0,0.75488,0.27952,0.0559,1152.1366015711874
0.15,0.0,0.025,156607.66672719037,152934.4830971969,156467.59535415476,160729.6268151055,53424.94593650984,28068.3875994507,49974.92714004732,0.9991,0.0,11509.80332876155,157489.6925767366,146250.0,0.75488,0.27952,0.00272,1152.1366015711874
0.15,0.0,0.05,156607.66672719037,152934.4830971969,156467.59535415476,160729.6268151055,53424.94593650984,28068.3875994507,49974.92714004732,0.9991,0.0,15259.80332876155,157489.6925767366,142500.0,0.75488,0.27952,2.5e-05,1152.1366015711874
0.15,0.05,0.0,156607.66672719037,152934.4830971969,156467.59535415476,160729.6268151055,53424.94593650984,28068.3875994507,49974.92714004732,0.9991,0.001265,7371.813162323475,157489.6925767366,150374.48462883683,0.75488,0.27952,0.06706,1152.1366015711874
0.15,0.05,0.025,156607.66672719037,152934.4830971969,156467.59535415476,160729.6268151055,53424.94593650984,28068.3875994507,49974.92714004732,0.9991,0.0,11121.813162323475,157489.6925767366,146624.48462883683,0.75488,0.27952,0.00358,1152.1366015711874
0.15,0.05,0.05,156607.66672719037,152934.4830971969,156467.59535415476,160729.6268151055,53424.94593650984,28068.3875994507,49974.92714004732,0.9991,0.0,14871.813162323475,157489.6925767366,142874.48462883683,0.75488,0.27952,4.5e-05,1152.1366015711874
0.15,0.1,0.0,156607.66672719037,152934.4830971969,156467.59535415476,160729.6268151055,53424.94593650984,28068.3875994507,49974.92714004732,0.9991,0.002,6983.822995885397,157489.6925767366,150748.96925767366,0.75488,0.27952,0.08066,1152.1366015711874
0.15,0.1,0.025,156607.66672719037,152934.4830971969,156467.59535415476,160729.6268151055,53424.94593650984,28068.3875994507,49974.92714004732,0.9991,0.0,10733.822995885395,157489.6925767366,146998.96925767366,0.75488,0.27952,0.00465,1152.1366015711874
0.15,0.1,0.05,156607.66672719037,152934.4830971969,156467.59535415476,160729.6268151055,53424.94593650984,28068.3875994507,49974.92714004732,0.9991,0.0,14483.822995885395,157489.6925767366,143248.96925767366,0.75488,0.27952,7e-05,1152.1366015711874
0.15,0.15,0.0,156607.66672719037,152934.4830971969,156467.59535415476,160729.6268151055,53424.94593650984,28068.3875994507,49974.92714004732,0.9991,0.003135,6595.832829447319,157489.6925767366,151123.45388651048,0.75488,0.27952,0.0956,1152.1366015711874
0.15,0.15,0.025,156607.66672719037,152934.4830971969,156467.59535415476,160729.6268151055,53424.94593650984,28068.3875994507,49974.92714004732,0.9991,0.0,10345.83282944732,157489.6925767366,147373.45388651048,0.75488,0.27952,0.006165,1152.1366015711874
0.15,0.15,0.05,156607.66672719037,152934.4830971969,156467.59535415476,160729.6268151055,53424.94593650984,28068.3875994507,49974.92714004732,0.9991,0.0,14095.83282944732,157489.6925767366,143623.45388651048,0.75488,0.27952,0.00015,1152.1366015711874
0.15,0.2,0.0,156607.66672719037,152934.4830971969,156467.59535415476,160729.6268151055,53424.94593650984,28068.3875994507,49974.92714004732,0.9991,0.004535,6207.842663009242,157489.6925767366,151497.9385153473,0.75488,0.27952,0.11263,1152.1366015711874
0.15,0.2,0.025,156607.66672719037,152934.4830971969,156467.59535415476,160729.6268151055,53424.94593650984,28068.3875994507,49974.92714004732,0.9991,0.0,9957.842663009242,157489.6925767366,147747.9385153473,0.75488,0.27952,0.00801,1152.1366015711874
0.15,0.2,0.05,156607.66672719037,152934.4830971969,156467.59535415476,160729.6268151055,53424.94593650984,28068.3875994507,49974.92714004732,0.9991,0.0,13707.842663009244,157489.6925767366,143997.9385153473,0.75488,0.27952,0.000215,1152.1366015711874
0.15,0.25,0.0,156607.66672719037,152934.4830971969,156467.59535415476,160729.6268151055,53424.94593650984,28068.3875994507,49974.92714004732,0.9991,0.00681,5819.852496571164,157489.6925767366,151872.42314418417,0.75488,0.27952,0.13123,1152.1366015711874
0.15,0.25,0.025,156607.66672719037,152934.4830971969,156467.59535415476,160729.6268151055,53424.94593650984,28068.3875994507,49974.92714004732,0.9991,0.0,9569.852496571164,157489.6925767366,148122.42314418417,0.75488,0.27952,0.01054,1152.1366015711874
0.15,0.25,0.05,156607.66672719037,152934.4830971969,156467.59535415476,160729.6268151055,53424.94593650984,28068.3875994507,49974.92714004732,0.9991,0.0,13319.852496571164,157489.6925767366,144372.42314418417,0.75488,0.27952,0.0003,1152.1366015711874
0.15,0.3,0.0,156607.66672719037,152934.4830971969,156467.59535415476,160729.6268151055,53424.94593650984,28068.3875994507,49974.92714004732,0.9991,0.010735,5431.862330133086,157489.6925767366,152246.90777302097,0.75488,0.27952,0.15192,1152.1366015711874
0.15,0.3,0.025,156607.66672719037,152934.4830971969,156467.59535415476,160729.6268151055,53424.94593650984,28068.3875994507,49974.92714004732,0.9991,0.0,9181.862330133086,157489.6925767366,148496.90777302097,0.75488,0.27952,0.01371,1152.1366015711874
0.15,0.3,0.05,156607.66672719037,152934.4830971969,156467.59535415476,160729.6268151055,53424.94593650984,28068.3875994507,49974.92714004732,0.9991,0.0,12931.862330133084,157489.6925767366,144746.90777302097,0.75488,0.27952,0.000515,1152.1366015711874
0.15,0.35,0.0,156607.66672719037,152934.4830971969,156467.59535415476,160729.6268151055,53424.94593650984,28068.3875994507,49974.92714004732,0.9991,0.01639,5043.872163695009,157489.6925767366,152621.39240185783,0.75488,0.27952,0.174215,1152.1366015711874
0.15,0.35,0.025,156607.66672719037,152934.4830971969,156467.59535415476,160729.6268151055,53424.94593650984,28068.3875994507,49974.92714004732,0.9991,0.0,8793.872163695009,157489.6925767366,148871.39240185783,0.75488,0.27952,0.017845,1152.1366015711874
0.15,0.35,0.05,156607.66672719037,152934.4830971969,156467.59535415476,160729.6268151055,53424.94593650984,28068.3875994507,49974.92714004732,0.9991,0.0,12543.872163695007,157489.6925767366,145121.39240185783,0.75488,0.27952,0.00075,1152.1366015711874
0.15,0.4,0.0,156607.66672719037,152934.4830971969,156467.59535415476,160729.6268151055,53424.94593650984,28068.3875994507,49974.92714004732,0.9991,0.024995,4655.881997256931,157489.6925767366,152995.87703069462,0.75488,0.27952,0.19908,1152.1366015711874
0.15,0.4,0.025,156607.66672719037,152934.4830971969,156467.59535415476,160729.6268151055,53424.94593650984,28068.3875994507,49974.92714004732,0.9991,0.0,8405.88199725693,157489.6925767366,149245.87703069462,0.75488,0.27952,0.02342,1152.1366015711874
0.15,0.4,0.05,156607.66672719037,152934.4830971969,156467.59535415476,160729.6268151055,53424.94593650984,28068.3875994507,49974.92714004732,0.9991,0.0,12155.881997256933,157489.6925767366,145495.87703069462,0.75488,0.27952,0.001085,1152.1366015711874
0.15,0.45,0.0,156607.66672719037,152934.4830971969,156467.59535415476,160729.6268151055,53424.94593650984,28068.3875994507,49974.92714004732,0.9991,0.037775,4267.891830818853,157489.6925767366,153370.36165953145,0.75488,0.27952,0.225875,1152.1366015711874
0.15,0.45,0.025,156607.66672719037,152934.4830971969,156467.59535415476,160729.6268151055,53424.94593650984,28068.3875994507,49974.92714004732,0.9991,1e-05,8017.891830818853,157489.6925767366,149620.36165953145,0.75488,0.27952,0.03071,1152.1366015711874
0.15,0.45,0.05,156607.66672719037,152934.4830971969,156467.59535415476,160729.6268151055,53424.94593650984,28068.3875994507,49974.92714004732,0.9991,0.0,11767.891830818853,157489.6925767366,145870.36165953145,0.75488,0.27952,0.001475,1152.1366015711874
0.15,0.5,0.0,156607.66672719037,152934.4830971969,156467.59535415476,160729.6268151055,53424.94593650984,28068.3875994507,49974.92714004732,0.9991,0.0559,3879.901664380776,157489.6925767366,153744.84628836828,0.75488,0.27952,0.2558,1152.1366015711874
0.15,0.5,0.025,156607.66672719037,152934.4830971969,156467.59535415476,160729.6268151055,53424.94593650984,28068.3875994507,49974.92714004732,0.9991,2.5e-05,7629.901664380775,157489.6925767366,149994.84628836828,0.75488,0.27952,0.041375,1152.1366015711874
0.15,0.5,0.05,156607.66672719037,152934.4830971969,156467.59535415476,160729.6268151055,53424.94593650984,28068.3875994507,49974.92714004732,0.9991,0.0,11379.901664380777,157489.6925767366,146244.84628836828,0.75488,0.27952,0.002085,1152.1366015711874
0.15,0.55,0.0,156607.66672719037,152934.4830971969,156467.59535415476,160729.6268151055,53424.94593650984,28068.3875994507,49974.92714004732,0.9991,0.08066,3491.911497942698,157489.6925767366,154119.33091720514,0.75488,0.27952,0.287345,1152.1366015711874
0.15,0.55,0.025,156607.66672719037,152934.4830971969,156467.59535415476,160729.6268151055,53424.94593650984,28068.3875994507,49974.92714004732,0.9991,7e-05,7241.911497942698,157489.6925767366,150369.33091720514,0.75488,0.27952,0.055045,1152.1366015711874
0.15,0.55,0.05,156607.66672719037,152934.4830971969,156467.59535415476,160729.6268151055,53424.94593650984,28068.3875994507,49974.92714004732,0.9991,0.0,10991.911497942698,157489.6925767366,146619.33091720514,0.75488,0.27952,0.00295,1152.1366015711874
0.15,0.6,0.0,156607.66672719037,152934.4830971969,156467.59535415476,160729.6268151055,53424.94593650984,28068.3875994507,49974.92714004732,0.9991,0.11263,3103.9213315046204,157489.6925767366,154493.81554604194,0.75488,0.27952,0.31975,1152.1366015711874
0.15,0.6,0.025,156607.66672719037,152934.4830971969,156467.59535415476,160729.6268151055,53424.94593650984,28068.3875994507,49974.92714004732,0.9991,0.000215,6853.921331504622,157489.6925767366,150743.81554604194,0.75488,0.27952,0.07277,1152.1366015711874
0.15,0.6,0.05,156607.66672719037,152934.4830971969,156467.59535415476,160729.6268151055,53424.94593650984,28068.3875994507,49974.92714004732,0.9991,0.0,10603.921331504622,157489.6925767366,146993.81554604194,0.75488,0.27952,0.00385,1152.1366015711874
0.15,0.65,0.0,156607.66672719037,152934.4830971969,156467.59535415476,160729.6268151055,53424.94593650984,28068.3875994507,49974.92714004732,0.9991,0.15192,2715.9311650665427,157489.6925767366,154868.3001748788,0.75488,0.27952,0.354725,1152.1366015711874
0.15,0.65,0.025,156607.66672719037,152934.4830971969,156467.59535415476,160729.6268151055,53424.94593650984,28068.3875994507,49974.92714004732,0.9991,0.000515,6465.931165066542,157489.6925767366,151118.3001748788,0.75488,0.27952,0.09283,1152.1366015711874
0.15,0.65,0.05,156607.66672719037,152934.4830971969,156467.59535415476,160729.6268151055,53424.94593650984,28068.3875994507,49974.92714004732,0.9991,0.0,10215.931165066542,157489.6925767366,147368.3001748788,0.75488,0.27952,0.005285,1152.1366015711874
0.15,0.7,0.0,156607.66672719037,152934.4830971969,156467.59535415476,160729.6268151055,53424.94593650984,28068.3875994507,49974.92714004732,0.9991,0.19908,2327.9409986284654,157489.6925767366,155242.7848037156,0.75488,0.27952,0.39295,1152.1366015711874
0.15,0.7,0.025,156607.66672719037,152934.4830971969,156467.59535415476,160729.6268151055,53424.94593650984,28068.3875994507,49974.92714004732,0.9991,0.001085,6077.9409986284645,157489.6925767366,151492.7848037156,0.75488,0.27952,0.11251,1152.1366015711874
0.15,0.7,0.05,156607.66672719037,152934.4830971969,156467.59535415476,160729.6268151055,53424.94593650984,28068.3875994507,49974.92714004732,0.9991,0.0,9827.940998628465,157489.6925767366,147742.7848037156,0.75488,0.27952,0.006915,1152.1366015711874
0.15,0.75,0.0,156607.66672719037,152934.4830971969,156467.59535415476,160729.6268151055,53424.94593650984,28068.3875994507,49974.92714004732,0.9991,0.2558,1939.9508321903882,157489.6925767366,155617.26943255245,0.75488,0.27952,0.436055,1152.1366015711874
0.15,0.75,0.025,156607.66672719037,152934.4830971969,156467.59535415476,160729.6268151055,53424.94593650984,28068.3875994507,49974.92714004732,0.9991,0.002085,5689.950832190389,157489.6925767366,151867.26943255245,0.75488,0.27952,0.130055,1152.1366015711874
0.15,0.75,0.05,156607.66672719037,152934.4830971969,156467.59535415476,160729.6268151055,53424.94593650984,28068.3875994507,49974.92714004732,0.9991,0.0,9439.950832190389,157489.6925767366,148117.26943255245,0.75488,0.27952,0.00885,1152.1366015711874
0.15,0.8,0.0,156607.66672719037,152934.4830971969,156467.59535415476,160729.6268151055,53424.94593650984,28068.3875994507,49974.92714004732,0.9991,0.31975,1551.9606657523102,157489.6925767366,155991.75406138925,0.75488,0.27952,0.48983,1152.1366015711874
0.15,0.8,0.025,156607.66672719037,152934.4830971969,156467.59535415476,160729.6268151055,53424.94593650984,28068.3875994507,49974.92714004732,0.9991,0.00385,5301.960665752311,157489.6925767366,152241.75406138925,0.75488,0.27952,0.14687,1152.1366015711874
0.15,0.8,0.05,156607.66672719037,152934.4830971969,156467.59535415476,160729.6268151055,53424.94593650984,28068.3875994507,49974.92714004732,0.9991,0.0,9051.96066575231,157489.6925767366,148491.75406138925,0.75488,0.27952,0.01137,1152.1366015711874
0.15,0.85,0.0,156607.66672719037,152934.4830971969,156467.59535415476,160729.6268151055,53424.94593650984,28068.3875994507,49974.92714004732,0.9991,0.39295,1163.9704993142325,157489.6925767366,156366.2386902261,0.75488,0.27952,0.55936,1152.1366015711874
0.15,0.85,0.025,156607.66672719037,152934.4830971969,156467.59535415476,160729.6268151055,53424.94593650984,28068.3875994507,49974.92714004732,0.9991,0.006915,4913.970499314232,157489.6925767366,152616.2386902261,0.75488,0.27952,0.166345,1152.1366015711874
0.15,0.85,0.05,156607.66672719037,152934.4830971969,156467.59535415476,160729.6268151055,53424.94593650984,28068.3875994507,49974.92714004732,0.9991,5e-06,8663.970499314231,157489.6925767366,148866.2386902261,0.75488,0.27952,0.014415,1152.1366015711874
0.15,0.9,0.0,156607.66672719037,152934.4830971969,156467.59535415476,160729.6268151055,53424.94593650984,28068.3875994507,49974.92714004732,0.9991,0.48983,775.9803328761545,157489.6925767366,156740.72331906293,0.75488,0.27952,0.62732,1152.1366015711874
0.15,0.9,0.025,156607.66672719037,152934.4830971969,156467.59535415476,160729.6268151055,53424.94593650984,28068.3875994507,49974.92714004732,0.9991,0.01137,4525.9803328761545,157489.6925767366,152990.72331906293,0.75488,0.27952,0.19221,1152.1366015711874
0.15,0.9,0.05,156607.66672719037,152934.4830971969,156467.59535415476,160729.6268151055,53424.94593650984,28068.3875994507,49974.92714004732,0.9991,2.5e-05,8275.980332876155,157489.6925767366,149240.72331906293,0.75488,0.27952,0.018005,1152.1366015711874
0.15,0.95,0.0,156607.66672719037,152934.4830971969,156467.59535415476,160729.6268151055,53424.94593650984,28068.3875994507,49974.92714004732,0.9991,0.62732,387.9901664380779,157489.6925767366,157115.20794789976,0.75488,0.27952,0.677705,1152.1366015711874
0.15,0.95,0.025,156607.66672719037,152934.4830971969,156467.59535415476,160729.6268151055,53424.94593650984,28068.3875994507,49974.92714004732,0.9991,0.018005,4137.990166438079,157489.6925767366,153365.20794789976,0.75488,0.27952,0.22653,1152.1366015711874
0.15,0.95,0.05,156607.66672719037,152934.4830971969,156467.59535415476,160729.6268151055,53424.94593650984,28068.3875994507,49974.92714004732,0.9991,7.5e-05,7887.990166438078,157489.6925767366,149615.20794789976,0.75488,0.27952,0.02258,1152.1366015711874
0.15,1.0,0.0,156607.66672719037,152934.4830971969,156467.59535415476,160729.6268151055,53424.94593650984,28068.3875994507,49974.92714004732,0.9991,0.72048,0.0,157489.6925767366,157489.6925767366,0.75488,0.27952,0.72048,1152.1366015711874
0.15,1.0,0.025,156607.66672719037,152934.4830971969,156467.59535415476,160729.6268151055,53424.94593650984,28068.3875994507,49974.92714004732,0.9991,0.027745,3750.0,157489.6925767366,153739.6925767366,0.75488,0.27952,0.264755,1152.1366015711874
0.15,1.0,0.05,156607.66672719037,152934.4830971969,156467.59535415476,160729.6268151055,53424.94593650984,28068.3875994507,49974.92714004732,0.9991,0.00025,7500.0,157489.6925767366,149989.6925767366,0.75488,0.27952,0.027745,1152.1366015711874
0.2,0.0,0.0,159124.20754743015,154634.5479034787,158868.51400869788,164459.59996749065,50908.40511627005,26455.393391797486,47471.525831878185,0.9986,8e-05,10346.404438348736,159986.2567689821,150000.0,0.75488,0.27355,0.020155,1222.1968909185798
0.2,0.0,0.025,159124.20754743015,154634.5479034787,158868.51400869788,164459.59996749065,50908.40511627005,26455.393391797486,47471.525831878185,0.9986,0.0,14096.404438348736,159986.2567689821,146250.0,0.75488,0.27355,0.001435,1222.1968909185798
0.2,0.0,0.05,159124.20754743015,154634.5479034787,158868.51400869788,164459.59996749065,50908.40511627005,26455.393391797486,47471.525831878185,0.9986,0.0,17846.404438348738,159986.2567689821,142500.0,0.75488,0.27355,3e-05,1222.1968909185798
0.2,0.05,0.0,159124.20754743015,154634.5479034787,158868.51400869788,164459.59996749065,50908.40511627005,26455.393391797486,47471.525831878185,0.9986,0.00015,9829.0842164313,159986.2567689821,150499.3128384491,0.75488,0.27355,0.02581,1222.1968909185798
0.2,0.05,0.025,159124.20754743015,154634.5479034787,158868.51400869788,164459.59996749065,50908.40511627005,26455.393391797486,47471.525831878185,0.9986,0.0,13579.084216431298,159986.2567689821,146749.3128384491,0.75488,0.27355,0.00203,1222.1968909185798
0.2,0.05,0.05,159124.20754743015,154634.5479034787,158868.51400869788,164459.59996749065,50908.40511627005,26455.393391797486,47471.525831878185,0.9986,0.0,17329.0842164313,159986.2567689821,142999.3128384491,0.75488,0.27355,5.5e-05,1222.1968909185798
0.2,0.1,0.0,159124.20754743015,154634.5479034787,158868.51400869788,164459.59996749065,50908.40511627005,26455.393391797486,47471.525831878185,0.9986,0.000285,9311.763994513862,159986.2567689821,150998.62567689823,0.75488,0.27355,0.03321,1222.1968909185798
0.2,0.1,0.025,159124.20754743015,154634.5479034787,158868.51400869788,164459.59996749065,50908.40511627005,26455.393391797486,47471.525831878185,0.9986,0.0,13061.763994513862,159986.2567689821,147248.62567689823,0.75488,0.27355,0.00267,1222.1968909185798
0.2,0.1,0.05,159124.20754743015,154634.5479034787,158868.51400869788,164459.59996749065,50908.40511627005,26455.393391797486,47471.525831878185,0.9986,0.0,16811.76399451386,159986.2567689821,143498.62567689823,0.75488,0.27355,0.000105,1222.1968909185798
0.2,0.15,0.0,159124.20754743015,154634.5479034787,158868.51400869788,164459.59996749065,50908.40511627005,26455.393391797486,47471.525831878185,0.9986,0.00046,8794.443772596427,159986.2567689821,151497.9385153473,0.75488,0.27355,0.04193,1222.1968909185798
0.2,0.15,0.025,159124.20754743015,154634.5479034787,158868.51400869788,164459.59996749065,50908.40511627005,26455.393391797486,47471.525831878185,0.9986,0.0,12544.443772596425,159986.2567689821,147747.9385153473,0.75488,0.27355,0.00365,1222.1968909185798
0.2,0.15,0.05,159124.20754743015,154634.5479034787,158868.51400869788,164459.59996749065,50908.40511627005,26455.393391797486,47471.525831878185,0.9986,0.0,16294.443772596425,159986.2567689821,143997.9385153473,0.75488,0.27355,0.00018,1222.1968909185798
0.2,0.2,0.0,159124.20754743015,154634.5479034787,158868.51400869788,164459.59996749065,50908.40511627005,26455.393391797486,47471.525831878185,0.9986,0.00087,8277.12355067899,159986.2567689821,151997.25135379643,0.75488,0.27355,0.053235,1222.1968909185798
0.2,0.2,0.025,159124.20754743015,154634.5479034787,158868.51400869788,164459.59996749065,50908.40511627005,26455.393391797486,47471.525831878185,0.9986,0.0,12027.123550678993,159986.2567689821,148247.25135379643,0.75488,0.27355,0.004905,1222.1968909185798
0.2,0.2,0.05,159124.20754743015,154634.5479034787,158868.51400869788,164459.59996749065,50908.40511627005,26455.393391797486,47471.525831878185,0.9986,0.0,15777.123550678993,159986.2567689821,144497.25135379643,0.75488,0.27355,0.000305,1222.1968909185798
0.2,0.25,0.0,159124.20754743015,154634.5479034787,158868.51400869788,164459.59996749065,50908.40511627005,26455.393391797486,47471.525831878185,0.9986,0.00162,7759.803328761552,159986.2567689821,152496.56419224554,0.75488,0.27355,0.066945,1222.1968909185798
0.2,0.25,0.025,159124.20754743015,154634.5479034787,158868.51400869788,164459.59996749065,50908.40511627005,26455.393391797486,47471.525831878185,0.9986,0.0,11509.80332876155,159986.2567689821,148746.56419224554,0.75488,0.27355,0.00652,1222.1968909185798
0.2,0.25,0.05,159124.20754743015,154634.5479034787,158868.51400869788,164459.59996749065,50908.40511627005,26455.393391797486,47471.525831878185,0.9986,0.0,15259.80332876155,159986.2567689821,144996.56419224554,0.75488,0.27355,0.00048,1222.1968909185798
0.2,0.3,0.0,159124.20754743015,154634.5479034787,158868.51400869788,164459.59996749065,50908.40511627005,26455.393391797486,47471.525831878185,0.9986,0.002735,7242.483106844115,159986.2567689821,152995.87703069462,0.75488,0.27355,0.08349,1222.1968909185798
0.2,0.3,0.025,159124.20754743015,154634.5479034787,158868.51400869788,164459.59996749065,50908.40511627005,26455.393391797486,47471.525831878185,0.9986,0.0,10992.483106844114,159986.2567689821,149245.87703069462,0.75488,0.27355,0.008645,1222.1968909185798
0.2,0.3,0.05,159124.20754743015,154634.5479034787,158868.51400869788,164459.59996749065,50908.40511627005,26455.393391797486,47471.525831878185,0.9986,0.0,14742.483106844114,159986.2567689821,145495.87703069462,0.75488,0.27355,0.000735,1222.1968909185798
0.2,0.35,0.0,159124.20754743015,154634.5479034787,158868.51400869788,164459.59996749065,50908.40511627005,26455.393391797486,47471.525831878185,0.9986,0.00444,6725.162884926679,159986.2567689821,153495.18986914374,0.75488,0.27355,0.103735,1222.1968909185798
0.2,0.35,0.025,159124.20754743015,154634.5479034787,158868.51400869788,164459.59996749065,50908.40511627005,26455.393391797486,47471.525831878185,0.9986,0.0,10475.16288492668,159986.2567689821,149745.18986914374,0.75488,0.27355,0.011485,1222.1968909185798
0.2,0.35,0.05,159124.20754743015,154634.5479034787,158868.51400869788,164459.59996749065,50908.40511627005,26455.393391797486,47471.525831878185,0.9986,0.0,14225.16288492668,159986.2567689821,145995.18986914374,0.75488,0.27355,0.00099,1222.1968909185798
0.2,0.4,0.0,159124.20754743015,154634.5479034787,158868.51400869788,164459.59996749065,50908.40511627005,26455.393391797486,47471.525831878185,0.9986,0.007265,6207.842663009241,159986.2567689821,153994.50270759285,0.75488,0.27355,0.126915,1222.1968909185798
0.2,0.4,0.025,159124.20754743015,154634.5479034787,158868.51400869788,164459.59996749065,50908.40511627005,26455.393391797486,47471.525831878185,0.9986,0.0,9957.842663009242,159986.2567689821,150244.50270759285,0.75488,0.27355,0.014955,1222.1968909185798
0.2,0.4,0.05,159124.20754743015,154634.5479034787,158868.51400869788,164459.59996749065,50908.40511627005,26455.393391797486,47471.525831878185,0.9986,0.0,13707.842663009244,159986.2567689821,146494.50270759285,0.75488,0.27355,0.001455,1222.1968909185798
0.2,0.45,0.0,159124.20754743015,154634.5479034787,158868.51400869788,164459.59996749065,50908.40511627005,26455.393391797486,47471.525831878185,0.9986,0.012165,5690.5224410918045,159986.2567689821,154493.81554604194,0.75488,0.27355,0.15335,1222.1968909185798
0.2,0.45,0.025,159124.20754743015,154634.5479034787,158868.51400869788,164459.59996749065,50908.40511627005,26455.393391797486,47471.525831878185,0.9986,1e-05,9440.522441091805,159986.2567689821,150743.81554604194,0.75488,0.27355,0.019515,1222.1968909185798
0.2,0.45,0.05,159124.20754743015,154634.5479034787,158868.51400869788,164459.59996749065,50908.40511627005,26455.393391797486,47471.525831878185,0.9986,0.0,13190.522441091805,159986.2567689821,146993.81554604194,0.75488,0.27355,0.002125,1222.1968909185798
0.2,0.5,0.0,159124.20754743015,154634.5479034787,158868.51400869788,164459.59996749065,50908.40511627005,26455.393391797486,47471.525831878185,0.9986,0.020155,5173.202219174368,159986.2567689821,154993.12838449105,0.75488,0.27355,0.18237,1222.1968909185798
0.2,0.5,0.025,159124.20754743015,154634.5479034787,158868.51400869788,164459.59996749065,50908.40511627005,26455.393391797486,47471.525831878185,0.9986,3e-05,8923.202219174369,159986.2567689821,151243.12838449105,0.75488,0.27355,0.025145,1222.1968909185798
0.2,0.5,0.05,159124.20754743015,154634.5479034787,158868.51400869788,164459.59996749065,50908.40511627005,26455.393391797486,47471.525831878185,0.9986,0.0,12673.202219174369,159986.2567689821,147493.12838449105,0.75488,0.27355,0.00296,1222.1968909185798
0.2,0.55,0.0,159124.20754743015,154634.5479034787,158868.51400869788,164459.59996749065,50908.40511627005,26455.393391797486,47471.525831878185,0.9986,0.03321,4655.881997256931,159986.2567689821,155492.44122294016,0.75488,0.27355,0.21506,1222.1968909185798
0.2,0.55,0.025,159124.20754743015,154634.5479034787,158868.51400869788,164459.59996749065,50908.40511627005,26455.393391797486,47471.525831878185,0.9986,0.000105,8405.88199725693,159986.2567689821,151742.44122294016,0.75488,0.27355,0.03315,1222.1968909185798
0.2,0.55,0.05,159124.20754743015,154634.5479034787,158868.51400869788,164459.59996749065,50908.40511627005,26455.393391797486,47471.525831878185,0.9986,0.0,12155.881997256933,159986.2567689821,147992.44122294016,0.75488,0.27355,0.00411,1222.1968909185798
0.2,0.6,0.0,159124.20754743015,154634.5479034787,158868.51400869788,164459.59996749065,50908.40511627005,26455.393391797486,47471.525831878185,0.9986,0.053235,4138.561775339495,159986.2567689821,155991.75406138925,0.75488,0.27355,0.25164,1222.1968909185798
0.2,0.6,0.025,159124.20754743015,154634.5479034787,158868.51400869788,164459.59996749065,50908.40511627005,26455.393391797486,47471.525831878185,0.9986,0.000305,7888.561775339495,159986.2567689821,152241.75406138925,0.75488,0.27355,0.044985,1222.1968909185798
0.2,0.6,0.05,159124.20754743015,154634.5479034787,158868.51400869788,164459.59996749065,50908.40511627005,26455.393391797486,47471.525831878185,0.9986,0.0,11638.561775339494,159986.2567689821,148491.75406138925,0.75488,0.27355,0.00553,1222.1968909185798
0.2,0.65,0.0,159124.20754743015,154634.5479034787,158868.51400869788,164459.59996749065,50908.40511627005,26455.393391797486,47471.525831878185,0.9986,0.08349,3621.2415534220577,159986.2567689821,156491.0668998384,0.75488,0.27355,0.292695,1222.1968909185798
0.2,0.65,0.025,159124.20754743015,154634.5479034787,158868.51400869788,164459.59996749065,50908.40511627005,26455.393391797486,47471.525831878185,0.9986,0.000735,7371.241553422057,159986.2567689821,152741.0668998384,0.75488,0.27355,0.062325,1222.1968909185798
0.2,0.65,0.05,159124.20754743015,154634.5479034787,158868.51400869788,164459.59996749065,50908.40511627005,26455.393391797486,47471.525831878185,0.9986,0.0,11121.241553422058,159986.2567689821,148991.0668998384,0.75488,0.27355,0.007265,1222.1968909185798
0.2,0.7,0.0,159124.20754743015,154634.5479034787,158868.51400869788,164459.59996749065,50908.40511627005,26455.393391797486,47471.525831878185,0.9986,0.126915,3103.9213315046213,159986.2567689821,156990.37973828748,0.75488,0.27355,0.335385,1222.1968909185798
0.2,0.7,0.025,159124.20754743015,154634.5479034787,158868.51400869788,164459.59996749065,50908.40511627005,26455.393391797486,47471.525831878185,0.9986,0.001455,6853.921331504622,159986.2567689821,153240.37973828748,0.75488,0.27355,0.08585,1222.1968909185798
0.2,0.7,0.05,159124.20754743015,154634.5479034787,158868.51400869788,164459.59996749065,50908.40511627005,26455.393391797486,47471.525831878185,0.9986,0.0,10603.921331504622,159986.2567689821,149490.37973828748,0.75488,0.27355,0.009555,1222.1968909185798
0.2,0.75,0.0,159124.20754743015,154634.5479034787,158868.51400869788,164459.59996749065,50908.40511627005,26455.393391797486,47471.525831878185,0.9986,0.18237,2586.601109587183,159986.2567689821,157489.6925767366,0.75488,0.27355,0.38102,1222.1968909185798
0.2,0.75,0.025,159124.20754743015,154634.5479034787,158868.51400869788,164459.59996749065,50908.40511627005,26455.393391797486,47471.525831878185,0.9986,0.00296,6336.6011095871845,159986.2567689821,153739.6925767366,0.75488,0.27355,0.11326,1222.1968909185798
0.2,0.75,0.05,159124.20754743015,154634.5479034787,158868.51400869788,164459.59996749065,50908.40511627005,26455.393391797486,47471.525831878185,0.9986,5e-06,10086.601109587184,159986.2567689821,149989.6925767366,0.75488,0.27355,0.01239,1222.1968909185798
0.2,0.8,0.0,159124.20754743015,154634.5479034787,158868.51400869788,164459.59996749065,50908.40511627005,26455.393391797486,47471.525831878185,0.9986,0.25164,2069.280887669746,159986.2567689821,157989.0054151857,0.75488,0.27355,0.433285,1222.1968909185798
0.2,0.8,0.025,159124.20754743015,154634.5479034787,158868.51400869788,164459.59996749065,50908.40511627005,26455.393391797486,47471.525831878185,0.9986,0.00553,5819.280887669745,159986.2567689821,154239.0054151857,0.75488,0.27355,0.139225,1222.1968909185798
0.2,0.8,0.05,159124.20754743015,154634.5479034787,158868.51400869788,164459.59996749065,50908.40511627005,26455.393391797486,47471.525831878185,0.9986,1.5e-05,9569.280887669745,159986.2567689821,150489.0054151857,0.75488,0.27355,0.01591,1222.1968909185798
0.2,0.85,0.0,159124.20754743015,154634.5479034787,158868.51400869788,164459.59996749065,50908.40511627005,26455.393391797486,47471.525831878185,0.9986,0.335385,1551.9606657523102,159986.2567689821,158488.3182536348,0.75488,0.27355,0.49992,1222.1968909185798
0.2,0.85,0.025,159124.20754743015,154634.5479034787,158868.51400869788,164459.59996749065,50908.40511627005,26455.393391797486,47471.525831878185,0.9986,0.009555,5301.960665752311,159986.2567689821,154738.3182536348,0.75488,0.27355,0.16252,1222.1968909185798
0.2,0.85,0.05,159124.20754743015,154634.5479034787,158868.51400869788,164459.59996749065,50908.40511627005,26455.393391797486,47471.525831878185,0.9986,8e-05,9051.960665752309,159986.2567689821,150988.3182536348,0.75488,0.27355,0.020325,1222.1968909185798
0.2,0.9,0.0,159124.20754743015,154634.5479034787,158868.51400869788,164459.59996749065,50908.40511627005,26455.393391797486,47471.525831878185,0.9986,0.433285,1034.640443834873,159986.2567689821,158987.63109208387,0.75488,0.27355,0.59302,1222.1968909185798
0.2,0.9,0.025,159124.20754743015,154634.5479034787,158868.51400869788,164459.59996749065,50908.40511627005,26455.393391797486,47471.525831878185,0.9986,0.01591,4784.640443834873,159986.2567689821,155237.63109208387,0.75488,0.27355,0.189705,1222.1968909185798
0.2,0.9,0.05,159124.20754743015,154634.5479034787,158868.51400869788,164459.59996749065,50908.40511627005,26455.393391797486,47471.525831878185,0.9986,0.00023,8534.640443834873,159986.2567689821,151487.63109208387,0.75488,0.27355,0.0256,1222.1968909185798
0.2,0.95,0.0,159124.20754743015,154634.5479034787,158868.51400869788,164459.59996749065,50908.40511627005,26455.393391797486,47471.525831878185,0.9986,0.59302,517.320221917437,159986.2567689821,159486.94393053302,0.75488,0.27355,0.668085,1222.1968909185798
0.2,0.95,0.025,159124.20754743015,154634.5479034787,158868.51400869788,164459.59996749065,50908.40511627005,26455.393391797486,47471.525831878185,0.9986,0.0256,4267.320221917437,159986.2567689821,155736.94393053302,0.75488,0.27355,0.23007,1222.1968909185798
0.2,0.95,0.05,159124.20754743015,154634.5479034787,158868.51400869788,164459.59996749065,50908.40511627005,26455.393391797486,47471.525831878185,0.9986,0.00063,8017.320221917437,159986.2567689821,151986.94393053302,0.75488,0.27355,0.032065,1222.1968909185798
0.2,1.0,0.0,159124.20754743015,154634.5479034787,158868.51400869788,164459.59996749065,50908.40511627005,26455.393391797486,47471.525831878185,0.9986,0.72645,0.0,159986.2567689821,159986.2567689821,0.75488,0.27355,0.72645,1222.1968909185798
0.2,1.0,0.025,159124.20754743015,154634.5479034787,158868.51400869788,164459.59996749065,50908.40511627005,26455.393391797486,47471.525831878185,0.9986,0.0401,3750.0,159986.2567689821,156236.2567689821,0.75488,0.27355,0.28034,1222.1968909185798
0.2,1.0,0.05,159124.20754743015,154634.5479034787,158868.51400869788,164459.59996749065,50908.40511627005,26455.393391797486,47471.525831878185,0.9986,0.00125,7500.0,159986.2567689821,152486.2567689821,0.75488,0.27355,0.0401,1222.1968909185798
0.25,0.0,0.0,161638.91820480817,156264.55159983668,161276.85915779328,168207.2016925272,48393.69445889205,24848.820842318302,44971.33581759606,0.99747,5e-06,12933.00554793592,162482.82096122764,150000.0,0.75488,0.268625,0.009775,1294.087343127761
0.25,0.0,0.025,161638.91820480817,156264.55159983668,161276.85915779328,168207.2016925272,48393.69445889205,24848.820842318302,44971.33581759606,0.99747,0.0,16683.005547935918,162482.82096122764,146250.0,0.75488,0.268625,0.00109,1294.087343127761
0.25,0.0,0.05,161638.91820480817,156264.55159983668,161276.85915779328,168207.2016925272,48393.69445889205,24848.820842318302,44971.33581759606,0.99747,0.0,20433.005547935918,162482.82096122764,142500.0,0.75488,0.268625,3e-05,1294.087343127761
0.25,0.05,0.0,161638.91820480817,156264.55159983668,161276.85915779328,168207.2016925272,48393.69445889205,24848.820842318302,44971.33581759606,0.99747,2.5e-05,12286.355270539125,162482.82096122764,150624.14104806137,0.75488,0.268625,0.012815,1294.087343127761
0.25,0.05,0.025,161638.91820480817,156264.55159983668,161276.85915779328,168207.2016925272,48393.69445889205,24848.820842318302,44971.33581759606,0.99747,0.0,16036.355270539125,162482.82096122764,146874.14104806137,0.75488,0.268625,0.001465,1294.087343127761
0.25,0.05,0.05,161638.91820480817,156264.55159983668,161276.85915779328,168207.2016925272,48393.69445889205,24848.820842318302,44971.33581759606,0.99747,0.0,19786.355270539123,162482.82096122764,143124.14104806137,0.75488,0.268625,7.5e-05,1294.087343127761
0.25,0.1,0.0,161638.91820480817,156264.55159983668,161276.85915779328,168207.2016925272,48393.69445889205,24848.820842318302,44971.33581759606,0.99747,5.5e-05,11639.704993142328,162482.82096122764,151248.28209612277,0.75488,0.268625,0.016635,1294.087343127761
0.25,0.1,0.025,161638.91820480817,156264.55159983668,161276.85915779328,168207.2016925272,48393.69445889205,24848.820842318302,44971.33581759606,0.99747,0.0,15389.704993142328,162482.82096122764,147498.28209612277,0.75488,0.268625,0.00205,1294.087343127761
0.25,0.1,0.05,161638.91820480817,156264.55159983668,161276.85915779328,168207.2016925272,48393.69445889205,24848.820842318302,44971.33581759606,0.99747,0.0,19139.704993142328,162482.82096122764,143748.28209612277,0.75488,0.268625,0.00014,1294.087343127761
0.25,0.15,0.0,161638.91820480817,156264.55159983668,161276.85915779328,168207.2016925272,48393.69445889205,24848.820842318302,44971.33581759606,0.99747,9.5e-05,10993.05471574553,162482.82096122764,151872.42314418417,0.75488,0.268625,0.02188,1294.087343127761
0.25,0.15,0.025,161638.91820480817,156264.55159983668,161276.85915779328,168207.2016925272,48393.69445889205,24848.820842318302,44971.33581759606,0.99747,0.0,14743.054715745533,162482.82096122764,148122.42314418417,0.75488,0.268625,0.002845,1294.087343127761
0.25,0.15,0.05,161638.91820480817,156264.55159983668,161276.85915779328,168207.2016925272,48393.69445889205,24848.820842318302,44971.33581759606,0.99747,0.0,18493.054715745533,162482.82096122764,144372.42314418417,0.75488,0.268625,0.00024,1294.087343127761
0.25,0.2,0.0,161638.91820480817,156264.55159983668,161276.85915779328,168207.2016925272,48393.69445889205,24848.820842318302,44971.33581759606,0.99747,0.000235,10346.404438348736,162482.82096122764,152496.56419224554,0.75488,0.268625,0.02829,1294.087343127761
0.25,0.2,0.025,161638.91820480817,156264.55159983668,161276.85915779328,168207.2016925272,48393.69445889205,24848.820842318302,44971.33581759606,0.99747,0.0,14096.404438348736,162482.82096122764,148746.56419224554,0.75488,0.268625,0.0039,1294.087343127761
0.25,0.2,0.05,161638.91820480817,156264.55159983668,161276.85915779328,168207.2016925272,48393.69445889205,24848.820842318302,44971.33581759606,0.99747,0.0,17846.404438348738,162482.82096122764,144996.56419224554,0.75488,0.268625,0.000375,1294.087343127761
0.25,0.25,0.0,161638.91820480817,156264.55159983668,161276.85915779328,168207.2016925272,48393.69445889205,24848.820842318302,44971.33581759606,0.99747,0.00045,9699.754160951941,162482.82096122764,153120.7052403069,0.75488,0.268625,0.03652,1294.087343127761
0.25,0.25,0.025,161638.91820480817,156264.55159983668,161276.85915779328,168207.2016925272,48393.69445889205,24848.820842318302,44971.33581759606,0.99747,0.0,13449.75416095194,162482.82096122764,149370.7052403069,0.75488,0.268625,0.00534,1294.087343127761
0.25,0.25,0.05,161638.91820480817,156264.55159983668,161276.85915779328,168207.2016925272,48393.69445889205,24848.820842318302,44971.33581759606,0.99747,0.0,17199.75416095194,162482.82096122764,145620.7052403069,0.75488,0.268625,0.000635,1294.087343127761
0.25,0.3,0.0,161638.91820480817,156264.55159983668,161276.85915779328,168207.2016925272,48393.69445889205,24848.820842318302,44971.33581759606,0.99747,0.000935,9053.103883555144,162482.82096122764,153744.84628836828,0.75488,0.268625,0.04744,1294.087343127761
0.25,0.3,0.025,161638.91820480817,156264.55159983668,161276.85915779328,168207.2016925272,48393.69445889205,24848.820842318302,44971.33581759606,0.99747,0.0,12803.103883555144,162482.82096122764,149994.84628836828,0.75488,0.268625,0.007095,1294.087343127761
0.25,0.3,0.05,161638.91820480817,156264.55159983668,161276.85915779328,168207.2016925272,48393.69445889205,24848.820842318302,44971.33581759606,0.99747,0.0,16553.103883555144,162482.82096122764,146244.84628836828,0.75488,0.268625,0.00092,1294.087343127761
0.25,0.35,0.0,161638.91820480817,156264.55159983668,161276.85915779328,168207.2016925272,48393.69445889205,24848.820842318302,44971.33581759606,0.99747,0.001785,8406.453606158348,162482.82096122764,154368.98733642965,0.75488,0.268625,0.061405,1294.087343127761
0.25,0.35,0.025,161638.91820480817,156264.55159983668,161276.85915779328,168207.2016925272,48393.69445889205,24848.820842318302,44971.33581759606,0.99747,0.0,12156.453606158348,162482.82096122764,150618.98733642965,0.75488,0.268625,0.009435,1294.087343127761
0.25,0.35,0.05,161638.91820480817,156264.55159983668,161276.85915779328,168207.2016925272,48393.69445889205,24848.820842318302,44971.33581759606,0.99747,0.0,15906.453606158348,162482.82096122764,146868.98733642965,0.75488,0.268625,0.001375,1294.087343127761
0.25,0.4,0.0,161638.91820480817,156264.55159983668,161276.85915779328,168207.2016925272,48393.69445889205,24848.820842318302,44971.33581759606,0.99747,0.00319,7759.803328761553,162482.82096122764,154993.12838449105,0.75488,0.268625,0.07955,1294.087343127761
0.25,0.4,0.025,161638.91820480817,156264.55159983668,161276.85915779328,168207.2016925272,48393.69445889205,24848.820842318302,44971.33581759606,0.99747,0.0,11509.80332876155,162482.82096122764,151243.12838449105,0.75488,0.268625,0.01267,1294.087343127761
0.25,0.4,0.05,161638.91820480817,156264.55159983668,161276.85915779328,168207.2016925272,48393.69445889205,24848.820842318302,44971.33581759606,0.99747,0.0,15259.80332876155,162482.82096122764,147493.12838449105,0.75488,0.268625,0.002005,1294.087343127761
0.25,0.45,0.0,161638.91820480817,156264.55159983668,161276.85915779328,168207.2016925272,48393.69445889205,24848.820842318302,44971.33581759606,0.99747,0.00549,7113.153051364756,162482.82096122764,155617.26943255245,0.75488,0.268625,0.101855,1294.087343127761
0.25,0.45,0.025,161638.91820480817,156264.55159983668,161276.85915779328,168207.2016925272,48393.69445889205,24848.820842318302,44971.33581759606,0.99747,1.5e-05,10863.153051364756,162482.82096122764,151867.26943255245,0.75488,0.268625,0.016625,1294.087343127761
0.25,0.45,0.05,161638.91820480817,156264.55159983668,161276.85915779328,168207.2016925272,48393.69445889205,24848.820842318302,44971.33581759606,0.99747,0.0,14613.153051364756,162482.82096122764,148117.26943255245,0.75488,0.268625,0.0028,1294.087343127761
0.25,0.5,0.0,161638.91820480817,156264.55159983668,161276.85915779328,168207.2016925272,48393.69445889205,24848.820842318302,44971.33581759606,0.99747,0.009775,6466.50277396796,162482.82096122764,156241.41048061382,0.75488,0.268625,0.12889,1294.087343127761
0.25,0.5,0.025,161638.91820480817,156264.55159983668,161276.85915779328,168207.2016925272,48393.69445889205,24848.820842318302,44971.33581759606,0.99747,3e-05,10216.502773967959,162482.82096122764,152491.41048061382,0.75488,0.268625,0.0214,1294.087343127761
0.25,0.5,0.05,161638.91820480817,156264.55159983668,161276.85915779328,168207.2016925272,48393.69445889205,24848.820842318302,44971.33581759606,0.99747,0.0,13966.502773967959,162482.82096122764,148741.41048061382,0.75488,0.268625,0.003925,1294.087343127761
0.25,0.55,0.0,161638.91820480817,156264.55159983668,161276.85915779328,168207.2016925272,48393.69445889205,24848.820842318302,44971.33581759606,0.99747,0.016635,5819.852496571164,162482.82096122764,156865.5515286752,0.75488,0.268625,0.160655,1294.087343127761
0.25,0.55,0.025,161638.91820480817,156264.55159983668,161276.85915779328,168207.2016925272,48393.69445889205,24848.820842318302,44971.33581759606,0.99747,0.00014,9569.852496571164,162482.82096122764,153115.5515286752,0.75488,0.268625,0.027605,1294.087343127761
0.25,0.55,0.05,161638.91820480817,156264.55159983668,161276.85915779328,168207.2016925272,48393.69445889205,24848.820842318302,44971.33581759606,0.99747,0.0,13319.852496571164,162482.82096122764,149365.5515286752,0.75488,0.268625,0.0054,1294.087343127761
0.25,0.6,0.0,161638.91820480817,156264.55159983668,161276.85915779328,168207.2016925272,48393.69445889205,24848.820842318302,44971.33581759606,0.99747,0.02829,5173.202219174368,162482.82096122764,157489.6925767366,0.75488,0.268625,0.19716,1294.087343127761
0.25,0.6,0.025,161638.91820480817,156264.55159983668,161276.85915779328,168207.2016925272,48393.69445889205,24848.820842318302,44971.33581759606,0.99747,0.000375,8923.202219174369,162482.82096122764,153739.6925767366,0.75488,0.268625,0.03581,1294.087343127761
0.25,0.6,0.05,161638.91820480817,156264.55159983668,161276.85915779328,168207.2016925272,48393.69445889205,24848.820842318302,44971.33581759606,0.99747,0.0,12673.202219174369,162482.82096122764,149989.6925767366,0.75488,0.268625,0.007155,1294.087343127761
0.25,0.65,0.0,161638.91820480817,156264.55159983668,161276.85915779328,168207.2016925272,48393.69445889205,24848.820842318302,44971.33581759606,0.99747,0.04744,4526.551941777571,162482.82096122764,158113.833624798,0.75488,0.268625,0.238475,1294.087343127761
0.25,0.65,0.025,161638.91820480817,156264.55159983668,161276.85915779328,168207.2016925272,48393.69445889205,24848.820842318302,44971.33581759606,0.99747,0.00092,8276.551941777572,162482.82096122764,154363.833624798,0.75488,0.268625,0.047495,1294.087343127761
0.25,0.65,0.05,161638.91820480817,156264.55159983668,161276.85915779328,168207.2016925272,48393.69445889205,24848.820842318302,44971.33581759606,0.99747,0.0,12026.551941777572,162482.82096122764,150613.833624798,0.75488,0.268625,0.009425,1294.087343127761
0.25,0.7,0.0,161638.91820480817,156264.55159983668,161276.85915779328,168207.2016925272,48393.69445889205,24848.820842318302,44971.33581759606,0.99747,0.07955,3879.9016643807768,162482.82096122764,158737.97467285936,0.75488,0.268625,0.28603,1294.087343127761
0.25,0.7,0.025,161638.91820480817,156264.55159983668,161276.85915779328,168207.2016925272,48393.69445889205,24848.820842318302,44971.33581759606,0.99747,0.002005,7629.901664380777,162482.82096122764,154987.97467285936,0.75488,0.268625,0.065665,1294.087343127761
0.25,0.7,0.05,161638.91820480817,156264.55159983668,161276.85915779328,168207.2016925272,48393.69445889205,24848.820842318302,44971.33581759606,0.99747,1e-05,11379.901664380777,162482.82096122764,151237.97467285936,0.75488,0.268625,0.01259,1294.087343127761
0.25,0.75,0.0,161638.91820480817,156264.55159983668,161276.85915779328,168207.2016925272,48393.69445889205,24848.820842318302,44971.33581759606,0.99747,0.12889,3233.25138698398,162482.82096122764,159362.11572092073,0.75488,0.268625,0.33732,1294.087343127761
0.25,0.75,0.025,161638.91820480817,156264.55159983668,161276.85915779328,168207.2016925272,48393.69445889205,24848.820842318302,44971.33581759606,0.99747,0.003925,6983.2513869839795,162482.82096122764,155612.11572092073,0.75488,0.268625,0.09248,1294.087343127761
0.25,0.75,0.05,161638.91820480817,156264.55159983668,161276.85915779328,168207.2016925272,48393.69445889205,24848.820842318302,44971.33581759606,0.99747,2.5e-05,10733.25138698398,162482.82096122764,151862.11572092073,0.75488,0.268625,0.016215,1294.087343127761
0.25,0.8,0.0,161638.91820480817,156264.55159983668,161276.85915779328,168207.2016925272,48393.69445889205,24848.820842318302,44971.33581759606,0.99747,0.19716,2586.601109587184,162482.82096122764,159986.2567689821,0.75488,0.268625,0.392315,1294.087343127761
0.25,0.8,0.025,161638.91820480817,156264.55159983668,161276.85915779328,168207.2016925272,48393.69445889205,24848.820842318302,44971.33581759606,0.99747,0.007155,6336.6011095871845,162482.82096122764,156236.2567689821,0.75488,0.268625,0.126945,1294.087343127761
0.25,0.8,0.05,161638.91820480817,156264.55159983668,161276.85915779328,168207.2016925272,48393.69445889205,24848.820842318302,44971.33581759606,0.99747,0.000115,10086.601109587184,162482.82096122764,152486.2567689821,0.75488,0.268625,0.020965,1294.087343127761
0.25,0.85,0.0,161638.91820480817,156264.55159983668,161276.85915779328,168207.2016925272,48393.69445889205,24848.820842318302,44971.33581759606,0.99747,0.28603,1939.9508321903884,162482.82096122764,160610.39781704347,0.75488,0.268625,0.457365,1294.087343127761
0.25,0.85,0.025,161638.91820480817,156264.55159983668,161276.85915779328,168207.2016925272,48393.69445889205,24848.820842318302,44971.33581759606,0.99747,0.01259,5689.950832190389,162482.82096122764,156860.39781704347,0.75488,0.268625,0.159385,1294.087343127761
0.25,0.85,0.05,161638.91820480817,156264.55159983668,161276.85915779328,168207.2016925272,48393.69445889205,24848.820842318302,44971.33581759606,0.99747,0.000365,9439.950832190389,162482.82096122764,153110.39781704347,0.75488,0.268625,0.02673,1294.087343127761
0.25,0.9,0.0,161638.91820480817,156264.55159983668,161276.85915779328,168207.2016925272,48393.69445889205,24848.820842318302,44971.33581759606,0.99747,0.392315,1293.3005547935918,162482.82096122764,161234.53886510487,0.75488,0.268625,0.551575,1294.087343127761
0.25,0.9,0.025,161638.91820480817,156264.55159983668,161276.85915779328,168207.2016925272,48393.69445889205,24848.820842318302,44971.33581759606,0.99747,0.020965,5043.300554793592,162482.82096122764,157484.53886510487,0.75488,0.268625,0.18948,1294.087343127761
0.25,0.9,0.05,161638.91820480817,156264.55159983668,161276.85915779328,168207.2016925272,48393.69445889205,24848.820842318302,44971.33581759606,0.99747,0.0009,8793.300554793592,162482.82096122764,153734.53886510487,0.75488,0.268625,0.033695,1294.087343127761
0.25,0.95,0.0,161638.91820480817,156264.55159983668,161276.85915779328,168207.2016925272,48393.69445889205,24848.820842318302,44971.33581759606,0.99747,0.551575,646.6502773967966,162482.82096122764,161858.67991316627,0.75488,0.268625,0.65784,1294.087343127761
0.25,0.95,0.025,161638.91820480817,156264.55159983668,161276.85915779328,168207.2016925272,48393.69445889205,24848.820842318302,44971.33581759606,0.99747,0.033695,4396.650277396797,162482.82096122764,158108.67991316627,0.75488,0.268625,0.23245,1294.087343127761
0.25,0.95,0.05,161638.91820480817,156264.55159983668,161276.85915779328,168207.2016925272,48393.69445889205,24848.820842318302,44971.33581759606,0.99747,0.001805,8146.650277396796,162482.82096122764,154358.67991316627,0.75488,0.268625,0.04224,1294.087343127761
0.25,1.0,0.0,161638.91820480817,156264.55159983668,161276.85915779328,168207.2016925272,48393.69445889205,24848.820842318302,44971.33581759606,0.99747,0.731375,0.0,162482.82096122764,162482.82096122764,0.75488,0.268625,0.731375,1294.087343127761
0.25,1.0,0.025,161638.91820480817,156264.55159983668,161276.85915779328,168207.2016925272,48393.69445889205,24848.820842318302,44971.33581759606,0.99747,0.05283,3750.0,162482.82096122764,158732.82096122764,0.75488,0.268625,0.293645,1294.087343127761
0.25,1.0,0.05,161638.91820480817,156264.55159983668,161276.85915779328,168207.2016925272,48393.69445889205,24848.820842318302,44971.33581759606,0.99747,0.003525,7500.0,162482.82096122764,154982.82096122764,0.75488,0.268625,0.05283,1294.087343127761
0.3,0.0,0.0,164152.4187613125,157860.09336510045,163692.25060631032,171964.83719356658,45880.1939023877,23247.20576453221,42474.278718467685,0.995595,0.0,15519.606657523103,164979.38515347318,150000.0,0.75488,0.26496,0.005915,1367.1878962105898
0.3,0.0,0.025,164152.4187613125,157860.09336510045,163692.25060631032,171964.83719356658,45880.1939023877,23247.20576453221,42474.278718467685,0.995595,0.0,19269.6066575231,164979.38515347318,146250.0,0.75488,0.26496,0.000845,1367.1878962105898
0.3,0.0,0.05,164152.4187613125,157860.09336510045,163692.25060631032,171964.83719356658,45880.1939023877,23247.20576453221,42474.278718467685,0.995595,0.0,23019.6066575231,164979.38515347318,142500.0,0.75488,0.26496,4.5e-05,1367.1878962105898
0.3,0.05,0.0,164152.4187613125,157860.09336510045,163692.25060631032,171964.83719356658,45880.1939023877,23247.20576453221,42474.278718467685,0.995595,5e-06,14743.62632464695,164979.38515347318,150748.96925767366,0.75488,0.26496,0.00797,1367.1878962105898
0.3,0.05,0.025,164152.4187613125,157860.09336510045,163692.25060631032,171964.83719356658,45880.1939023877,23247.20576453221,42474.278718467685,0.995595,0.0,18493.62632464695,164979.38515347318,146998.96925767366,0.75488,0.26496,0.00127,1367.1878962105898
0.3,0.05,0.05,164152.4187613125,157860.09336510045,163692.25060631032,171964.83719356658,45880.1939023877,23247.20576453221,42474.278718467685,0.995595,0.0,22243.62632464695,164979.38515347318,143248.96925767366,0.75488,0.26496,9e-05,1367.1878962105898
0.3,0.1,0.0,164152.4187613125,157860.09336510045,163692.25060631032,171964.83719356658,45880.1939023877,23247.20576453221,42474.278718467685,0.995595,2e-05,13967.645991770794,164979.38515347318,151497.9385153473,0.75488,0.26496,0.010645,1367.1878962105898
0.3,0.1,0.025,164152.4187613125,157860.09336510045,163692.25060631032,171964.83719356658,45880.1939023877,23247.20576453221,42474.278718467685,0.995595,0.0,17717.645991770794,164979.38515347318,147747.9385153473,0.75488,0.26496,0.00178,1367.1878962105898
0.3,0.1,0.05,164152.4187613125,157860.09336510045,163692.25060631032,171964.83719356658,45880.1939023877,23247.20576453221,42474.278718467685,0.995595,0.0,21467.645991770798,164979.38515347318,143997.9385153473,0.75488,0.26496,0.000165,1367.1878962105898
0.3,0.15,0.0,164152.4187613125,157860.09336510045,163692.25060631032,171964.83719356658,45880.1939023877,23247.20576453221,42474.278718467685,0.995595,3.5e-05,13191.665658894639,164979.38515347318,152246.90777302097,0.75488,0.26496,0.01413,1367.1878962105898
0.3,0.15,0.025,164152.4187613125,157860.09336510045,163692.25060631032,171964.83719356658,45880.1939023877,23247.20576453221,42474.278718467685,0.995595,0.0,16941.66565889464,164979.38515347318,148496.90777302097,0.75488,0.26496,0.00248,1367.1878962105898
0.3,0.15,0.05,164152.4187613125,157860.09336510045,163692.25060631032,171964.83719356658,45880.1939023877,23247.20576453221,42474.278718467685,0.995595,0.0,20691.66565889464,164979.38515347318,144746.90777302097,0.75488,0.26496,0.000305,1367.1878962105898
0.3,0.2,0.0,164152.4187613125,157860.09336510045,163692.25060631032,171964.83719356658,45880.1939023877,23247.20576453221,42474.278718467685,0.995595,6.5e-05,12415.685326018483,164979.38515347318,152995.87703069462,0.75488,0.26496,0.01859,1367.1878962105898
0.3,0.2,0.025,164152.4187613125,157860.09336510045,163692.25060631032,171964.83719356658,45880.1939023877,23247.20576453221,42474.278718467685,0.995595,0.0,16165.685326018483,164979.38515347318,149245.87703069462,0.75488,0.26496,0.003435,1367.1878962105898
0.3,0.2,0.05,164152.4187613125,157860.09336510045,163692.25060631032,171964.83719356658,45880.1939023877,23247.20576453221,42474.278718467685,0.995595,0.0,19915.68532601848,164979.38515347318,145495.87703069462,0.75488,0.26496,0.000455,1367.1878962105898
0.3,0.25,0.0,164152.4187613125,157860.09336510045,163692.25060631032,171964.83719356658,45880.1939023877,23247.20576453221,42474.278718467685,0.995595,0.000165,11639.704993142328,164979.38515347318,153744.84628836828,0.75488,0.26496,0.0243,1367.1878962105898
0.3,0.25,0.025,164152.4187613125,157860.09336510045,163692.25060631032,171964.83719356658,45880.1939023877,23247.20576453221,42474.278718467685,0.995595,0.0,15389.704993142328,164979.38515347318,149994.84628836828,0.75488,0.26496,0.004815,1367.1878962105898
0.3,0.25,0.05,164152.4187613125,157860.09336510045,163692.25060631032,171964.83719356658,45880.1939023877,23247.20576453221,42474.278718467685,0.995595,0.0,19139.704993142328,164979.38515347318,146244.84628836828,0.75488,0.26496,0.000785,1367.1878962105898
0.3,0.3,0.0,164152.4187613125,157860.09336510045,163692.25060631032,171964.83719356658,45880.1939023877,23247.20576453221,42474.278718467685,0.995595,0.00039,10863.724660266173,164979.38515347318,154493.81554604194,0.75488,0.26496,0.031705,1367.1878962105898
0.3,0.3,0.025,164152.4187613125,157860.09336510045,163692.25060631032,171964.83719356658,45880.1939023877,23247.20576453221,42474.278718467685,0.995595,0.0,14613.724660266173,164979.38515347318,150743.81554604194,0.75488,0.26496,0.00659,1367.1878962105898
0.3,0.3,0.05,164152.4187613125,157860.09336510045,163692.25060631032,171964.83719356658,45880.1939023877,23247.20576453221,42474.278718467685,0.995595,0.0,18363.724660266173,164979.38515347318,146993.81554604194,0.75488,0.26496,0.001215,1367.1878962105898
0.3,0.35,0.0,164152.4187613125,157860.09336510045,163692.25060631032,171964.83719356658,45880.1939023877,23247.20576453221,42474.278718467685,0.995595,0.00086,10087.744327390017,164979.38515347318,155242.7848037156,0.75488,0.26496,0.040905,1367.1878962105898
0.3,0.35,0.025,164152.4187613125,157860.09336510045,163692.25060631032,171964.83719356658,45880.1939023877,23247.20576453221,42474.278718467685,0.995595,0.0,13837.744327390017,164979.38515347318,151492.7848037156,0.75488,0.26496,0.00868,1367.1878962105898
0.3,0.35,0.05,164152.4187613125,157860.09336510045,163692.25060631032,171964.83719356658,45880.1939023877,23247.20576453221,42474.278718467685,0.995595,0.0,17587.744327390017,164979.38515347318,147742.7848037156,0.75488,0.26496,0.001795,1367.1878962105898
0.3,0.4,0.0,164152.4187613125,157860.09336510045,163692.25060631032,171964.83719356658,45880.1939023877,23247.20576453221,42474.278718467685,0.995595,0.00175,9311.763994513862,164979.38515347318,155991.75406138925,0.75488,0.26496,0.053475,1367.1878962105898
0.3,0.4,0.025,164152.4187613125,157860.09336510045,163692.25060631032,171964.83719356658,45880.1939023877,23247.20576453221,42474.278718467685,0.995595,0.0,13061.763994513862,164979.38515347318,152241.75406138925,0.75488,0.26496,0.01182,1367.1878962105898
0.3,0.4,0.05,164152.4187613125,157860.09336510045,163692.25060631032,171964.83719356658,45880.1939023877,23247.20576453221,42474.278718467685,0.995595,0.0,16811.76399451386,164979.38515347318,148491.75406138925,0.75488,0.26496,0.002475,1367.1878962105898
0.3,0.45,0.0,164152.4187613125,157860.09336510045,163692.25060631032,171964.83719356658,45880.1939023877,23247.20576453221,42474.278718467685,0.995595,0.003235,8535.783661637706,164979.38515347318,156740.72331906293,0.75488,0.26496,0.070285,1367.1878962105898
0.3,0.45,0.025,164152.4187613125,157860.09336510045,163692.25060631032,171964.83719356658,45880.1939023877,23247.20576453221,42474.278718467685,0.995595,2e-05,12285.783661637706,164979.38515347318,152990.72331906293,0.75488,0.26496,0.015735,1367.1878962105898
0.3,0.45,0.05,164152.4187613125,157860.09336510045,163692.25060631032,171964.83719356658,45880.1939023877,23247.20576453221,42474.278718467685,0.995595,0.0,16035.783661637706,164979.38515347318,149240.72331906293,0.75488,0.26496,0.003485,1367.1878962105898
0.3,0.5,0.0,164152.4187613125,157860.09336510045,163692.25060631032,171964.83719356658,45880.1939023877,23247.20576453221,42474.278718467685,0.995595,0.005915,7759.803328761552,164979.38515347318,157489.6925767366,0.75488,0.26496,0.09208,1367.1878962105898
0.3,0.5,0.025,164152.4187613125,157860.09336510045,163692.25060631032,171964.83719356658,45880.1939023877,23247.20576453221,42474.278718467685,0.995595,4.5e-05,11509.80332876155,164979.38515347318,153739.6925767366,0.75488,0.26496,0.02026,1367.1878962105898
0.3,0.5,0.05,164152.4187613125,157860.09336510045,163692.25060631032,171964.83719356658,45880.1939023877,23247.20576453221,42474.278718467685,0.995595,0.0,15259.80332876155,164979.38515347318,149989.6925767366,0.75488,0.26496,0.00485,1367.1878962105898
0.3,0.55,0.0,164152.4187613125,157860.09336510045,163692.25060631032,171964.83719356658,45880.1939023877,23247.20576453221,42474.278718467685,0.995595,0.010645,6983.822995885396,164979.38515347318,158238.66183441025,0.75488,0.26496,0.119835,1367.1878962105898
0.3,0.55,0.025,164152.4187613125,157860.09336510045,163692.25060631032,171964.83719356658,45880.1939023877,23247.20576453221,42474.278718467685,0.995595,0.000165,10733.822995885395,164979.38515347318,154488.66183441025,0.75488,0.26496,0.02625,1367.1878962105898
0.3,0.55,0.05,164152.4187613125,157860.09336510045,163692.25060631032,171964.83719356658,45880.1939023877,23247.20576453221,42474.278718467685,0.995595,0.0,14483.822995885395,164979.38515347318,150738.66183441025,0.75488,0.26496,0.00655,1367.1878962105898
0.3,0.6,0.0,164152.4187613125,157860.09336510045,163692.25060631032,171964.83719356658,45880.1939023877,23247.20576453221,42474.278718467685,0.995595,0.01859,6207.842663009242,164979.38515347318,158987.63109208387,0.75488,0.26496,0.15437,1367.1878962105898
0.3,0.6,0.025,164152.4187613125,157860.09336510045,163692.25060631032,171964.83719356658,45880.1939023877,23247.20576453221,42474.278718467685,0.995595,0.000455,9957.842663009242,164979.38515347318,155237.63109208387,0.75488,0.26496,0.03365,1367.1878962105898
0.3,0.6,0.05,164152.4187613125,157860.09336510045,163692.25060631032,171964.83719356658,45880.1939023877,23247.20576453221,42474.278718467685,0.995595,0.0,13707.842663009244,164979.38515347318,151487.63109208387,0.75488,0.26496,0.008965,1367.1878962105898
0.3,0.65,0.0,164152.4187613125,157860.09336510045,163692.25060631032,171964.83719356658,45880.1939023877,23247.20576453221,42474.278718467685,0.995595,0.031705,5431.862330133086,164979.38515347318,159736.60034975756,0.75488,0.26496,0.194775,1367.1878962105898
0.3,0.65,0.025,164152.4187613125,157860.09336510045,163692.25060631032,171964.83719356658,45880.1939023877,23247.20576453221,42474.278718467685,0.995595,0.001215,9181.862330133086,164979.38515347318,155986.60034975756,0.75488,0.26496,0.04304,1367.1878962105898
0.3,0.65,0.05,164152.4187613125,157860.09336510045,163692.25060631032,171964.83719356658,45880.1939023877,23247.20576453221,42474.278718467685,0.995595,5e-06,12931.862330133084,164979.38515347318,152236.60034975756,0.75488,0.26496,0.011985,1367.1878962105898
0.3,0.7,0.0,164152.4187613125,157860.09336510045,163692.25060631032,171964.83719356658,45880.1939023877,23247.20576453221,42474.278718467685,0.995595,0.053475,4655.881997256931,164979.38515347318,160485.5696074312,0.75488,0.26496,0.241915,1367.1878962105898
0.3,0.7,0.025,164152.4187613125,157860.09336510045,163692.25060631032,171964.83719356658,45880.1939023877,23247.20576453221,42474.278718467685,0.995595,0.002475,8405.88199725693,164979.38515347318,156735.5696074312,0.75488,0.26496,0.056675,1367.1878962105898
0.3,0.7,0.05,164152.4187613125,157860.09336510045,163692.25060631032,171964.83719356658,45880.1939023877,23247.20576453221,42474.278718467685,0.995595,2.5e-05,12155.881997256933,164979.38515347318,152985.5696074312,0.75488,0.26496,0.01557,1367.1878962105898
0.3,0.75,0.0,164152.4187613125,157860.09336510045,163692.25060631032,171964.83719356658,45880.1939023877,23247.20576453221,42474.278718467685,0.995595,0.09208,3879.9016643807763,164979.38515347318,161234.53886510487,0.75488,0.26496,0.29767,1367.1878962105898
0.3,0.75,0.025,164152.4187613125,157860.09336510045,163692.25060631032,171964.83719356658,45880.1939023877,23247.20576453221,42474.278718467685,0.995595,0.00485,7629.901664380777,164979.38515347318,157484.53886510487,0.75488,0.26496,0.07803,1367.1878962105898
0.3,0.75,0.05,164152.4187613125,157860.09336510045,163692.25060631032,171964.83719356658,45880.1939023877,23247.20576453221,42474.278718467685,0.995595,0.00011,11379.901664380777,164979.38515347318,153734.53886510487,0.75488,0.26496,0.020145,1367.1878962105898
0.3,0.8,0.0,164152.4187613125,157860.09336510045,163692.25060631032,171964.83719356658,45880.1939023877,23247.20576453221,42474.278718467685,0.995595,0.15437,3103.921331504621,164979.38515347318,161983.50812277853,0.75488,0.26496,0.357875,1367.1878962105898
0.3,0.8,0.025,164152.4187613125,157860.09336510045,163692.25060631032,171964.83719356658,45880.1939023877,23247.20576453221,42474.278718467685,0.995595,0.008965,6853.921331504622,164979.38515347318,158233.50812277853,0.75488,0.26496,0.111795,1367.1878962105898
0.3,0.8,0.05,164152.4187613125,157860.09336510045,163692.25060631032,171964.83719356658,45880.1939023877,23247.20576453221,42474.278718467685,0.995595,0.00037,10603.921331504622,164979.38515347318,154483.50812277853,0.75488,0.26496,0.02614,1367.1878962105898
0.3,0.85,0.0,164152.4187613125,157860.09336510045,163692.25060631032,171964.83719356658,45880.1939023877,23247.20576453221,42474.278718467685,0.995595,0.241915,2327.940998628465,164979.38515347318,162732.4773804522,0.75488,0.26496,0.42546,1367.1878962105898
0.3,0.85,0.025,164152.4187613125,157860.09336510045,163692.25060631032,171964.83719356658,45880.1939023877,23247.20576453221,42474.278718467685,0.995595,0.01557,6077.9409986284645,164979.38515347318,158982.4773804522,0.75488,0.26496,0.15403,1367.1878962105898
0.3,0.85,0.05,164152.4187613125,157860.09336510045,163692.25060631032,171964.83719356658,45880.1939023877,23247.20576453221,42474.278718467685,0.995595,0.00095,9827.940998628465,164979.38515347318,155232.4773804522,0.75488,0.26496,0.03313,1367.1878962105898
0.3,0.9,0.0,164152.4187613125,157860.09336510045,163692.25060631032,171964.83719356658,45880.1939023877,23247.20576453221,42474.278718467685,0.995595,0.357875,1551.960665752309,164979.38515347318,163481.44663812587,0.75488,0.26496,0.51486,1367.1878962105898
0.3,0.9,0.025,164152.4187613125,157860.09336510045,163692.25060631032,171964.83719356658,45880.1939023877,23247.20576453221,42474.278718467685,0.995595,0.02614,5301.96066575231,164979.38515347318,159731.44663812587,0.75488,0.26496,0.189795,1367.1878962105898
0.3,0.9,0.05,164152.4187613125,157860.09336510045,163692.25060631032,171964.83719356658,45880.1939023877,23247.20576453221,42474.278718467685,0.995595,0.00195,9051.960665752309,164979.38515347318,155981.44663812587,0.75488,0.26496,0.041705,1367.1878962105898
0.3,0.95,0.0,164152.4187613125,157860.09336510045,163692.25060631032,171964.83719356658,45880.1939023877,23247.20576453221,42474.278718467685,0.995595,0.51486,775.9803328761558,164979.38515347318,164230.4158957995,0.75488,0.26496,0.646155,1367.1878962105898
0.3,0.95,0.025,164152.4187613125,157860.09336510045,163692.25060631032,171964.83719356658,45880.1939023877,23247.20576453221,42474.278718467685,0.995595,0.041705,4525.980332876156,164979.38515347318,160480.4158957995,0.75488,0.26496,0.23424,1367.1878962105898
0.3,0.95,0.05,164152.4187613125,157860.09336510045,163692.25060631032,171964.83719356658,45880.1939023877,23247.20576453221,42474.278718467685,0.995595,0.00383,8275.980332876157,164979.38515347318,156730.4158957995,0.75488,0.26496,0.05238,1367.1878962105898
0.3,1.0,0.0,164152.4187613125,157860.09336510045,163692.25060631032,171964.83719356658,45880.1939023877,23247.20576453221,42474.278718467685,0.995595,0.73504,0.0,164979.38515347318,164979.38515347318,0.75488,0.26496,0.73504,1367.1878962105898
0.3,1.0,0.025,164152.4187613125,157860.09336510045,163692.25060631032,171964.83719356658,45880.1939023877,23247.20576453221,42474.278718467685,0.995595,0.064795,3750.0,164979.38515347318,161229.38515347318,0.75488,0.26496,0.305015,1367.1878962105898
0.3,1.0,0.05,164152.4187613125,157860.09336510045,163692.25060631032,171964.83719356658,45880.1939023877,23247.20576453221,42474.278718467685,0.995595,0.007115,7500.0,164979.38515347318,157479.38515347318,0.75488,0.26496,0.064795,1367.1878962105898
0.35,0.0,0.0,166665.10617136417,159433.94027958985,166109.756174684,175734.43493376757,43367.50649233603,21625.12387059602,39978.88187850927,0.992235,0.0,18106.207767110285,167475.9493457187,150000.0,0.75488,0.26188,0.004225,1441.1015957461184
0.35,0.0,0.025,166665.10617136417,159433.94027958985,166109.756174684,175734.43493376757,43367.50649233603,21625.12387059602,39978.88187850927,0.992235,0.0,21856.20776711029,167475.9493457187,146250.0,0.75488,0.26188,0.000705,1441.1015957461184
0.35,0.0,0.05,166665.10617136417,159433.94027958985,166109.756174684,175734.43493376757,43367.50649233603,21625.12387059602,39978.88187850927,0.992235,0.0,25606.20776711029,167475.9493457187,142500.0,0.75488,0.26188,5.5e-05,1441.1015957461184
0.35,0.05,0.0,166665.10617136417,159433.94027958985,166109.756174684,175734.43493376757,43367.50649233603,21625.12387059602,39978.88187850927,0.992235,0.0,17200.897378754773,167475.9493457187,150873.79746728594,0.75488,0.26188,0.005705,1441.1015957461184
0.35,0.05,0.025,166665.10617136417,159433.94027958985,166109.756174684,175734.43493376757,43367.50649233603,21625.12387059602,39978.88187850927,0.992235,0.0,20950.897378754773,167475.9493457187,147123.79746728594,0.75488,0.26188,0.00112,1441.1015957461184
0.35,0.05,0.05,166665.10617136417,159433.94027958985,166109.756174684,175734.43493376757,43367.50649233603,21625.12387059602,39978.88187850927,0.992235,0.0,24700.89737875477,167475.9493457187,143373.79746728594,0.75488,0.26188,0.000115,1441.1015957461184
0.35,0.1,0.0,166665.10617136417,159433.94027958985,166109.756174684,175734.43493376757,43367.50649233603,21625.12387059602,39978.88187850927,0.992235,0.0,16295.586990399259,167475.9493457187,151747.59493457188,0.75488,0.26188,0.007935,1441.1015957461184
0.35,0.1,0.025,166665.10617136417,159433.94027958985,166109.756174684,175734.43493376757,43367.50649233603,21625.12387059602,39978.88187850927,0.992235,0.0,20045.586990399257,167475.9493457187,147997.59493457188,0.75488,0.26188,0.001625,1441.1015957461184
0.35,0.1,0.05,166665.10617136417,159433.94027958985,166109.756174684,175734.43493376757,43367.50649233603,21625.12387059602,39978.88187850927,0.992235,0.0,23795.586990399257,167475.9493457187,144247.59493457188,0.75488,0.26188,0.000195,1441.1015957461184
0.35,0.15,0.0,166665.10617136417,159433.94027958985,166109.756174684,175734.43493376757,43367.50649233603,21625.12387059602,39978.88187850927,0.992235,2e-05,15390.276602043743,167475.9493457187,152621.39240185783,0.75488,0.26188,0.01064,1441.1015957461184
0.35,0.15,0.025,166665.10617136417,159433.94027958985,166109.756174684,175734.43493376757,43367.50649233603,21625.12387059602,39978.88187850927,0.992235,0.0,19140.276602043745,167475.9493457187,148871.39240185783,0.75488,0.26188,0.00225,1441.1015957461184
0.35,0.15,0.05,166665.10617136417,159433.94027958985,166109.756174684,175734.43493376757,43367.50649233603,21625.12387059602,39978.88187850927,0.992235,0.0,22890.276602043745,167475.9493457187,145121.39240185783,0.75488,0.26188,0.00036,1441.1015957461184
0.35,0.2,0.0,166665.10617136417,159433.94027958985,166109.756174684,175734.43493376757,43367.50649233603,21625.12387059602,39978.88187850927,0.992235,3.5e-05,14484.96621368823,167475.9493457187,153495.18986914374,0.75488,0.26188,0.01393,1441.1015957461184
0.35,0.2,0.025,166665.10617136417,159433.94027958985,166109.756174684,175734.43493376757,43367.50649233603,21625.12387059602,39978.88187850927,0.992235,0.0,18234.96621368823,167475.9493457187,149745.18986914374,0.75488,0.26188,0.003285,1441.1015957461184
0.35,0.2,0.05,166665.10617136417,159433.94027958985,166109.756174684,175734.43493376757,43367.50649233603,21625.12387059602,39978.88187850927,0.992235,0.0,21984.96621368823,167475.9493457187,145995.18986914374,0.75488,0.26188,0.000565,1441.1015957461184
0.35,0.25,0.0,166665.10617136417,159433.94027958985,166109.756174684,175734.43493376757,43367.50649233603,21625.12387059602,39978.88187850927,0.992235,6e-05,13579.655825332715,167475.9493457187,154368.98733642965,0.75488,0.26188,0.018585,1441.1015957461184
0.35,0.25,0.025,166665.10617136417,159433.94027958985,166109.756174684,175734.43493376757,43367.50649233603,21625.12387059602,39978.88187850927,0.992235,0.0,17329.655825332717,167475.9493457187,150618.98733642965,0.75488,0.26188,0.004565,1441.1015957461184
0.35,0.25,0.05,166665.10617136417,159433.94027958985,166109.756174684,175734.43493376757,43367.50649233603,21625.12387059602,39978.88187850927,0.992235,0.0,21079.655825332717,167475.9493457187,146868.98733642965,0.75488,0.26188,0.00098,1441.1015957461184
0.35,0.3,0.0,166665.10617136417,159433.94027958985,166109.756174684,175734.43493376757,43367.50649233603,21625.12387059602,39978.88187850927,0.992235,0.000195,12674.3454369772,167475.9493457187,155242.7848037156,0.75488,0.26188,0.024325,1441.1015957461184
0.35,0.3,0.025,166665.10617136417,159433.94027958985,166109.756174684,175734.43493376757,43367.50649233603,21625.12387059602,39978.88187850927,0.992235,0.0,16424.3454369772,167475.9493457187,151492.7848037156,0.75488,0.26188,0.00634,1441.1015957461184
0.35,0.3,0.05,166665.10617136417,159433.94027958985,166109.756174684,175734.43493376757,43367.50649233603,21625.12387059602,39978.88187850927,0.992235,0.0,20174.3454369772,167475.9493457187,147742.7848037156,0.75488,0.26188,0.001485,1441.1015957461184
0.35,0.35,0.0,166665.10617136417,159433.94027958985,166109.756174684,175734.43493376757,43367.50649233603,21625.12387059602,39978.88187850927,0.992235,0.000465,11769.035048621688,167475.9493457187,156116.58227100153,0.75488,0.26188,0.031605,1441.1015957461184
0.35,0.35,0.025,166665.10617136417,159433.94027958985,166109.756174684,175734.43493376757,43367.50649233603,21625.12387059602,39978.88187850927,0.992235,0.0,15519.035048621688,167475.9493457187,152366.58227100153,0.75488,0.26188,0.008565,1441.1015957461184
0.35,0.35,0.05,166665.10617136417,159433.94027958985,166109.756174684,175734.43493376757,43367.50649233603,21625.12387059602,39978.88187850927,0.992235,0.0,19269.03504862169,167475.9493457187,148616.58227100153,0.75488,0.26188,0.00216,1441.1015957461184
0.35,0.4,0.0,166665.10617136417,159433.94027958985,166109.756174684,175734.43493376757,43367.50649233603,21625.12387059602,39978.88187850927,0.992235,0.00115,10863.724660266173,167475.9493457187,156990.37973828748,0.75488,0.26188,0.040885,1441.1015957461184
0.35,0.4,0.025,166665.10617136417,159433.94027958985,166109.756174684,175734.43493376757,43367.50649233603,21625.12387059602,39978.88187850927,0.992235,0.0,14613.724660266173,167475.9493457187,153240.37973828748,0.75488,0.26188,0.01148,1441.1015957461184
0.35,0.4,0.05,166665.10617136417,159433.94027958985,166109.756174684,175734.43493376757,43367.50649233603,21625.12387059602,39978.88187850927,0.992235,0.0,18363.724660266173,167475.9493457187,149490.37973828748,0.75488,0.26188,0.00295,1441.1015957461184
0.35,0.45,0.0,166665.10617136417,159433.94027958985,166109.756174684,175734.43493376757,43367.50649233603,21625.12387059602,39978.88187850927,0.992235,0.002115,9958.414271910658,167475.9493457187,157864.17720557342,0.75488,0.26188,0.053245,1441.1015957461184
0.35,0.45,0.025,166665.10617136417,159433.94027958985,166109.756174684,175734.43493376757,43367.50649233603,21625.12387059602,39978.88187850927,0.992235,2.5e-05,13708.414271910658,167475.9493457187,154114.17720557342,0.75488,0.26188,0.01537,1441.1015957461184
0.35,0.45,0.05,166665.10617136417,159433.94027958985,166109.756174684,175734.43493376757,43367.50649233603,21625.12387059602,39978.88187850927,0.992235,0.0,17458.414271910657,167475.9493457187,150364.17720557342,0.75488,0.26188,0.004235,1441.1015957461184
0.35,0.5,0.0,166665.10617136417,159433.94027958985,166109.756174684,175734.43493376757,43367.50649233603,21625.12387059602,39978.88187850927,0.992235,0.004225,9053.103883555143,167475.9493457187,158737.97467285936,0.75488,0.26188,0.069685,1441.1015957461184
0.35,0.5,0.025,166665.10617136417,159433.94027958985,166109.756174684,175734.43493376757,43367.50649233603,21625.12387059602,39978.88187850927,0.992235,5.5e-05,12803.103883555144,167475.9493457187,154987.97467285936,0.75488,0.26188,0.019905,1441.1015957461184
0.35,0.5,0.05,166665.10617136417,159433.94027958985,166109.756174684,175734.43493376757,43367.50649233603,21625.12387059602,39978.88187850927,0.992235,0.0,16553.103883555144,167475.9493457187,151237.97467285936,0.75488,0.26188,0.00579,1441.1015957461184
0.35,0.55,0.0,166665.10617136417,159433.94027958985,166109.756174684,175734.43493376757,43367.50649233603,21625.12387059602,39978.88187850927,0.992235,0.007935,8147.793495199628,167475.9493457187,159611.77214014527,0.75488,0.26188,0.09216,1441.1015957461184
0.35,0.55,0.025,166665.10617136417,159433.94027958985,166109.756174684,175734.43493376757,43367.50649233603,21625.12387059602,39978.88187850927,0.992235,0.000195,11897.793495199629,167475.9493457187,155861.77214014527,0.75488,0.26188,0.025825,1441.1015957461184
0.35,0.55,0.05,166665.10617136417,159433.94027958985,166109.756174684,175734.43493376757,43367.50649233603,21625.12387059602,39978.88187850927,0.992235,0.0,15647.793495199629,167475.9493457187,152111.77214014527,0.75488,0.26188,0.00803,1441.1015957461184
0.35,0.6,0.0,166665.10617136417,159433.94027958985,166109.756174684,175734.43493376757,43367.50649233603,21625.12387059602,39978.88187850927,0.992235,0.01393,7242.483106844115,167475.9493457187,160485.5696074312,0.75488,0.26188,0.12187,1441.1015957461184
0.35,0.6,0.025,166665.10617136417,159433.94027958985,166109.756174684,175734.43493376757,43367.50649233603,21625.12387059602,39978.88187850927,0.992235,0.000565,10992.483106844114,167475.9493457187,156735.5696074312,0.75488,0.26188,0.03337,1441.1015957461184
0.35,0.6,0.05,166665.10617136417,159433.94027958985,166109.756174684,175734.43493376757,43367.50649233603,21625.12387059602,39978.88187850927,0.992235,5e-06,14742.483106844114,167475.9493457187,152985.5696074312,0.75488,0.26188,0.01075,1441.1015957461184
0.35,0.65,0.0,166665.10617136417,159433.94027958985,166109.756174684,175734.43493376757,43367.50649233603,21625.12387059602,39978.88187850927,0.992235,0.024325,6337.1727184886,167475.9493457187,161359.36707471716,0.75488,0.26188,0.159745,1441.1015957461184
0.35,0.65,0.025,166665.10617136417,159433.94027958985,166109.756174684,175734.43493376757,43367.50649233603,21625.12387059602,39978.88187850927,0.992235,0.001485,10087.1727184886,167475.9493457187,157609.36707471716,0.75488,0.26188,0.042335,1441.1015957461184
0.35,0.65,0.05,166665.10617136417,159433.94027958985,166109.756174684,175734.43493376757,43367.50649233603,21625.12387059602,39978.88187850927,0.992235,1.5e-05,13837.1727184886,167475.9493457187,153859.36707471716,0.75488,0.26188,0.01429,1441.1015957461184
0.35,0.7,0.0,166665.10617136417,159433.94027958985,166109.756174684,175734.43493376757,43367.50649233603,21625.12387059602,39978.88187850927,0.992235,0.040885,5431.862330133087,167475.9493457187,162233.16454200307,0.75488,0.26188,0.206285,1441.1015957461184
0.35,0.7,0.025,166665.10617136417,159433.94027958985,166109.756174684,175734.43493376757,43367.50649233603,21625.12387059602,39978.88187850927,0.992235,0.00295,9181.862330133088,167475.9493457187,158483.16454200307,0.75488,0.26188,0.05413,1441.1015957461184
0.35,0.7,0.05,166665.10617136417,159433.94027958985,166109.756174684,175734.43493376757,43367.50649233603,21625.12387059602,39978.88187850927,0.992235,8e-05,12931.862330133084,167475.9493457187,154733.16454200307,0.75488,0.26188,0.018515,1441.1015957461184
0.35,0.75,0.0,166665.10617136417,159433.94027958985,166109.756174684,175734.43493376757,43367.50649233603,21625.12387059602,39978.88187850927,0.992235,0.069685,4526.551941777574,167475.9493457187,163106.962009289,0.75488,0.26188,0.26131,1441.1015957461184
0.35,0.75,0.025,166665.10617136417,159433.94027958985,166109.756174684,175734.43493376757,43367.50649233603,21625.12387059602,39978.88187850927,0.992235,0.00579,8276.551941777572,167475.9493457187,159356.962009289,0.75488,0.26188,0.071115,1441.1015957461184
0.35,0.75,0.05,166665.10617136417,159433.94027958985,166109.756174684,175734.43493376757,43367.50649233603,21625.12387059602,39978.88187850927,0.992235,0.000285,12026.551941777572,167475.9493457187,155606.962009289,0.75488,0.26188,0.024195,1441.1015957461184
0.35,0.8,0.0,166665.10617136417,159433.94027958985,166109.756174684,175734.43493376757,43367.50649233603,21625.12387059602,39978.88187850927,0.992235,0.12187,3621.2415534220577,167475.9493457187,163980.75947657495,0.75488,0.26188,0.326955,1441.1015957461184
0.35,0.8,0.025,166665.10617136417,159433.94027958985,166109.756174684,175734.43493376757,43367.50649233603,21625.12387059602,39978.88187850927,0.992235,0.01075,7371.241553422059,167475.9493457187,160230.75947657495,0.75488,0.26188,0.09969,1441.1015957461184
0.35,0.8,0.05,166665.10617136417,159433.94027958985,166109.756174684,175734.43493376757,43367.50649233603,21625.12387059602,39978.88187850927,0.992235,0.00078,11121.241553422054,167475.9493457187,156480.75947657495,0.75488,0.26188,0.031055,1441.1015957461184
0.35,0.85,0.0,166665.10617136417,159433.94027958985,166109.756174684,175734.43493376757,43367.50649233603,21625.12387059602,39978.88187850927,0.992235,0.206285,2715.931165066543,167475.9493457187,164854.5569438609,0.75488,0.26188,0.398445,1441.1015957461184
0.35,0.85,0.025,166665.10617136417,159433.94027958985,166109.756174684,175734.43493376757,43367.50649233603,21625.12387059602,39978.88187850927,0.992235,0.018515,6465.931165066542,167475.9493457187,161104.5569438609,0.75488,0.26188,0.14515,1441.1015957461184
0.35,0.85,0.05,166665.10617136417,159433.94027958985,166109.756174684,175734.43493376757,43367.50649233603,21625.12387059602,39978.88187850927,0.992235,0.001775,10215.931165066542,167475.9493457187,157354.5569438609,0.75488,0.26188,0.03932,1441.1015957461184
0.35,0.9,0.0,166665.10617136417,159433.94027958985,166109.756174684,175734.43493376757,43367.50649233603,21625.12387059602,39978.88187850927,0.992235,0.326955,1810.6207767110277,167475.9493457187,165728.35441114684,0.75488,0.26188,0.485995,1441.1015957461184
0.35,0.9,0.025,166665.10617136417,159433.94027958985,166109.756174684,175734.43493376757,43367.50649233603,21625.12387059602,39978.88187850927,0.992235,0.031055,5560.620776711027,167475.9493457187,161978.35441114684,0.75488,0.26188,0.18936,1441.1015957461184
0.35,0.9,0.05,166665.10617136417,159433.94027958985,166109.756174684,175734.43493376757,43367.50649233603,21625.12387059602,39978.88187850927,0.992235,0.003405,9310.620776711028,167475.9493457187,158228.35441114684,0.75488,0.26188,0.049395,1441.1015957461184
0.35,0.95,0.0,166665.10617136417,159433.94027958985,166109.756174684,175734.43493376757,43367.50649233603,21625.12387059602,39978.88187850927,0.992235,0.485995,905.3103883555153,167475.9493457187,166602.15187843275,0.75488,0.26188,0.631285,1441.1015957461184
0.35,0.95,0.025,166665.10617136417,159433.94027958985,166109.756174684,175734.43493376757,43367.50649233603,21625.12387059602,39978.88187850927,0.992235,0.049395,4655.310388355515,167475.9493457187,162852.15187843275,0.75488,0.26188,0.23574,1441.1015957461184
0.35,0.95,0.05,166665.10617136417,159433.94027958985,166109.756174684,175734.43493376757,43367.50649233603,21625.12387059602,39978.88187850927,0.992235,0.006545,8405.310388355516,167475.9493457187,159102.15187843275,0.75488,0.26188,0.06177,1441.1015957461184
0.35,1.0,0.0,166665.10617136417,159433.94027958985,166109.756174684,175734.43493376757,43367.50649233603,21625.12387059602,39978.88187850927,0.992235,0.73812,0.0,167475.9493457187,167475.9493457187,0.75488,0.26188,0.73812,1441.1015957461184
0.35,1.0,0.025,166665.10617136417,159433.94027958985,166109.756174684,175734.43493376757,43367.50649233603,21625.12387059602,39978.88187850927,0.992235,0.07659,3750.0,167475.9493457187,163725.9493457187,0.75488,0.26188,0.31474,1441.1015957461184
0.35,1.0,0.05,166665.10617136417,159433.94027958985,166109.756174684,175734.43493376757,43367.50649233603,21625.12387059602,39978.88187850927,0.992235,0.011915,7500.0,167475.9493457187,159975.9493457187,0.75488,0.26188,0.07659,1441.1015957461184
0.4,0.0,0.0,169177.14531289652,160989.6902872796,168532.1574822822,179495.76820398695,40855.467350803694,20016.145865646147,37464.09542108263,0.985965,0.0,20692.808876697472,169972.5135379642,150000.0,0.75488,0.259425,0.00331,1515.663563800959
0.4,0.0,0.025,169177.14531289652,160989.6902872796,168532.1574822822,179495.76820398695,40855.467350803694,20016.145865646147,37464.09542108263,0.985965,0.0,24442.808876697472,169972.5135379642,146250.0,0.75488,0.259425,0.000665,1515.663563800959
0.4,0.0,0.05,169177.14531289652,160989.6902872796,168532.1574822822,179495.76820398695,40855.467350803694,20016.145865646147,37464.09542108263,0.985965,0.0,28192.808876697472,169972.5135379642,142500.0,0.75488,0.259425,6e-05,1515.663563800959
0.4,0.05,0.0,169177.14531289652,160989.6902872796,168532.1574822822,179495.76820398695,40855.467350803694,20016.145865646147,37464.09542108263,0.985965,0.0,19658.1684328626,169972.5135379642,150998.62567689823,0.75488,0.259425,0.00454,1515.663563800959
0.4,0.05,0.025,169177.14531289652,160989.6902872796,168532.1574822822,179495.76820398695,40855.467350803694,20016.145865646147,37464.09542108263,0.985965,0.0,23408.168432862596,169972.5135379642,147248.62567689823,0.75488,0.259425,0.00108,1515.663563800959
0.4,0.05,0.05,169177.14531289652,160989.6902872796,168532.1574822822,179495.76820398695,40855.467350803694,20016.145865646147,37464.09542108263,0.985965,0.0,27158.168432862596,169972.5135379642,143498.62567689823,0.75488,0.259425,0.000125,1515.663563800959
0.4,0.1,0.0,169177.14531289652,160989.6902872796,168532.1574822822,179495.76820398695,40855.467350803694,20016.145865646147,37464.09542108263,0.985965,0.0,18623.527989027723,169972.5135379642,151997.25135379643,0.75488,0.259425,0.00635,1515.663563800959
0.4,0.1,0.025,169177.14531289652,160989.6902872796,168532.1574822822,179495.76820398695,40855.467350803694,20016.145865646147,37464.09542108263,0.985965,0.0,22373.52798902773,169972.5135379642,148247.25135379643,0.75488,0.259425,0.001585,1515.663563800959
0.4,0.1,0.05,169177.14531289652,160989.6902872796,168532.1574822822,179495.76820398695,40855.467350803694,20016.145865646147,37464.09542108263,0.985965,0.0,26123.527989027723,169972.5135379642,144497.25135379643,0.75488,0.259425,0.000235,1515.663563800959
0.4,0.15,0.0,169177.14531289652,160989.6902872796,168532.1574822822,179495.76820398695,40855.467350803694,20016.145865646147,37464.09542108263,0.985965,0.0,17588.887545192854,169972.5135379642,152995.87703069462,0.75488,0.259425,0.008715,1515.663563800959
0.4,0.15,0.025,169177.14531289652,160989.6902872796,168532.1574822822,179495.76820398695,40855.467350803694,20016.145865646147,37464.09542108263,0.985965,0.0,21338.887545192854,169972.5135379642,149245.87703069462,0.75488,0.259425,0.00222,1515.663563800959
0.4,0.15,0.05,169177.14531289652,160989.6902872796,168532.1574822822,179495.76820398695,40855.467350803694,20016.145865646147,37464.09542108263,0.985965,0.0,25088.88754519285,169972.5135379642,145495.87703069462,0.75488,0.259425,0.00043,1515.663563800959
0.4,0.2,0.0,169177.14531289652,160989.6902872796,168532.1574822822,179495.76820398695,40855.467350803694,20016.145865646147,37464.09542108263,0.985965,3e-05,16554.24710135798,169972.5135379642,153994.50270759285,0.75488,0.259425,0.01157,1515.663563800959
0.4,0.2,0.025,169177.14531289652,160989.6902872796,168532.1574822822,179495.76820398695,40855.467350803694,20016.145865646147,37464.09542108263,0.985965,0.0,20304.24710135798,169972.5135379642,150244.50270759285,0.75488,0.259425,0.00319,1515.663563800959
0.4,0.2,0.05,169177.14531289652,160989.6902872796,168532.1574822822,179495.76820398695,40855.467350803694,20016.145865646147,37464.09542108263,0.985965,0.0,24054.24710135798,169972.5135379642,146494.50270759285,0.75488,0.259425,0.00068,1515.663563800959
0.4,0.25,0.0,169177.14531289652,160989.6902872796,168532.1574822822,179495.76820398695,40855.467350803694,20016.145865646147,37464.09542108263,0.985965,4e-05,15519.606657523105,169972.5135379642,154993.12838449105,0.75488,0.259425,0.01539,1515.663563800959
0.4,0.25,0.025,169177.14531289652,160989.6902872796,168532.1574822822,179495.76820398695,40855.467350803694,20016.145865646147,37464.09542108263,0.985965,0.0,19269.606657523105,169972.5135379642,151243.12838449105,0.75488,0.259425,0.004505,1515.663563800959
0.4,0.25,0.05,169177.14531289652,160989.6902872796,168532.1574822822,179495.76820398695,40855.467350803694,20016.145865646147,37464.09542108263,0.985965,0.0,23019.60665752311,169972.5135379642,147493.12838449105,0.75488,0.259425,0.00119,1515.663563800959
0.4,0.3,0.0,169177.14531289652,160989.6902872796,168532.1574822822,179495.76820398695,40855.467350803694,20016.145865646147,37464.09542108263,0.985965,0.00012,14484.966213688236,169972.5135379642,155991.75406138925,0.75488,0.259425,0.0204,1515.663563800959
0.4,0.3,0.025,169177.14531289652,160989.6902872796,168532.1574822822,179495.76820398695,40855.467350803694,20016.145865646147,37464.09542108263,0.985965,0.0,18234.966213688236,169972.5135379642,152241.75406138925,0.75488,0.259425,0.006285,1515.663563800959
0.4,0.3,0.05,169177.14531289652,160989.6902872796,168532.1574822822,179495.76820398695,40855.467350803694,20016.145865646147,37464.09542108263,0.985965,0.0,21984.966213688236,169972.5135379642,148491.75406138925,0.75488,0.259425,0.00171,1515.663563800959
0.4,0.35,0.0,169177.14531289652,160989.6902872796,168532.1574822822,179495.76820398695,40855.467350803694,20016.145865646147,37464.09542108263,0.985965,0.000295,13450.325769853358,169972.5135379642,156990.37973828748,0.75488,0.259425,0.026625,1515.663563800959
0.4,0.35,0.025,169177.14531289652,160989.6902872796,168532.1574822822,179495.76820398695,40855.467350803694,20016.145865646147,37464.09542108263,0.985965,0.0,17200.32576985336,169972.5135379642,153240.37973828748,0.75488,0.259425,0.00857,1515.663563800959
0.4,0.35,0.05,169177.14531289652,160989.6902872796,168532.1574822822,179495.76820398695,40855.467350803694,20016.145865646147,37464.09542108263,0.985965,0.0,20950.32576985336,169972.5135379642,149490.37973828748,0.75488,0.259425,0.002535,1515.663563800959
0.4,0.4,0.0,169177.14531289652,160989.6902872796,168532.1574822822,179495.76820398695,40855.467350803694,20016.145865646147,37464.09542108263,0.985965,0.000775,12415.685326018483,169972.5135379642,157989.0054151857,0.75488,0.259425,0.034375,1515.663563800959
0.4,0.4,0.025,169177.14531289652,160989.6902872796,168532.1574822822,179495.76820398695,40855.467350803694,20016.145865646147,37464.09542108263,0.985965,0.0,16165.685326018483,169972.5135379642,154239.0054151857,0.75488,0.259425,0.011535,1515.663563800959
0.4,0.4,0.05,169177.14531289652,160989.6902872796,168532.1574822822,179495.76820398695,40855.467350803694,20016.145865646147,37464.09542108263,0.985965,0.0,19915.685326018483,169972.5135379642,150489.0054151857,0.75488,0.259425,0.003455,1515.663563800959
0.4,0.45,0.0,169177.14531289652,160989.6902872796,168532.1574822822,179495.76820398695,40855.467350803694,20016.145865646147,37464.09542108263,0.985965,0.001665,11381.044882183609,169972.5135379642,158987.63109208387,0.75488,0.259425,0.04459,1515.663563800959
0.4,0.45,0.025,169177.14531289652,160989.6902872796,168532.1574822822,179495.76820398695,40855.467350803694,20016.145865646147,37464.09542108263,0.985965,2.5e-05,15131.044882183609,169972.5135379642,155237.63109208387,0.75488,0.259425,0.015235,1515.663563800959
0.4,0.45,0.05,169177.14531289652,160989.6902872796,168532.1574822822,179495.76820398695,40855.467350803694,20016.145865646147,37464.09542108263,0.985965,0.0,18881.04488218361,169972.5135379642,151487.63109208387,0.75488,0.259425,0.00498,1515.663563800959
0.4,0.5,0.0,169177.14531289652,160989.6902872796,168532.1574822822,179495.76820398695,40855.467350803694,20016.145865646147,37464.09542108263,0.985965,0.00331,10346.404438348736,169972.5135379642,159986.2567689821,0.75488,0.259425,0.05732,1515.663563800959
0.4,0.5,0.025,169177.14531289652,160989.6902872796,168532.1574822822,179495.76820398695,40855.467350803694,20016.145865646147,37464.09542108263,0.985965,6e-05,14096.404438348736,169972.5135379642,156236.2567689821,0.75488,0.259425,0.02011,1515.663563800959
0.4,0.5,0.05,169177.14531289652,160989.6902872796,168532.1574822822,179495.76820398695,40855.467350803694,20016.145865646147,37464.09542108263,0.985965,0.0,17846.404438348738,169972.5135379642,152486.2567689821,0.75488,0.259425,0.00684,1515.663563800959
0.4,0.55,0.0,169177.14531289652,160989.6902872796,168532.1574822822,179495.76820398695,40855.467350803694,20016.145865646147,37464.09542108263,0.985965,0.00635,9311.763994513862,169972.5135379642,160984.88244588033,0.75488,0.259425,0.07532,1515.663563800959
0.4,0.55,0.025,169177.14531289652,160989.6902872796,168532.1574822822,179495.76820398695,40855.467350803694,20016.145865646147,37464.09542108263,0.985965,0.000235,13061.763994513862,169972.5135379642,157234.88244588033,0.75488,0.259425,0.026095,1515.663563800959
0.4,0.55,0.05,169177.14531289652,160989.6902872796,168532.1574822822,179495.76820398695,40855.467350803694,20016.145865646147,37464.09542108263,0.985965,0.0,16811.76399451386,169972.5135379642,153484.88244588033,0.75488,0.259425,0.00935,1515.663563800959
0.4,0.6,0.0,169177.14531289652,160989.6902872796,168532.1574822822,179495.76820398695,40855.467350803694,20016.145865646147,37464.09542108263,0.985965,0.01157,8277.12355067899,169972.5135379642,161983.50812277853,0.75488,0.259425,0.099625,1515.663563800959
0.4,0.6,0.025,169177.14531289652,160989.6902872796,168532.1574822822,179495.76820398695,40855.467350803694,20016.145865646147,37464.09542108263,0.985965,0.00068,12027.123550678993,169972.5135379642,158233.50812277853,0.75488,0.259425,0.03368,1515.663563800959
0.4,0.6,0.05,169177.14531289652,160989.6902872796,168532.1574822822,179495.76820398695,40855.467350803694,20016.145865646147,37464.09542108263,0.985965,1.5e-05,15777.123550678993,169972.5135379642,154483.50812277853,0.75488,0.259425,0.012485,1515.663563800959
0.4,0.65,0.0,169177.14531289652,160989.6902872796,168532.1574822822,179495.76820398695,40855.467350803694,20016.145865646147,37464.09542108263,0.985965,0.0204,7242.483106844115,169972.5135379642,162982.13379967675,0.75488,0.259425,0.132245,1515.663563800959
0.4,0.65,0.025,169177.14531289652,160989.6902872796,168532.1574822822,179495.76820398695,40855.467350803694,20016.145865646147,37464.09542108263,0.985965,0.00171,10992.483106844114,169972.5135379642,159232.13379967675,0.75488,0.259425,0.042645,1515.663563800959
0.4,0.65,0.05,169177.14531289652,160989.6902872796,168532.1574822822,179495.76820398695,40855.467350803694,20016.145865646147,37464.09542108263,0.985965,4e-05,14742.483106844114,169972.5135379642,155482.13379967675,0.75488,0.259425,0.0164,1515.663563800959
0.4,0.7,0.0,169177.14531289652,160989.6902872796,168532.1574822822,179495.76820398695,40855.467350803694,20016.145865646147,37464.09542108263,0.985965,0.034375,6207.8426630092445,169972.5135379642,163980.75947657495,0.75488,0.259425,0.17647,1515.663563800959
0.4,0.7,0.025,169177.14531289652,160989.6902872796,168532.1574822822,179495.76820398695,40855.467350803694,20016.145865646147,37464.09542108263,0.985965,0.003455,9957.842663009244,169972.5135379642,160230.75947657495,0.75488,0.259425,0.05373,1515.663563800959
0.4,0.7,0.05,169177.14531289652,160989.6902872796,168532.1574822822,179495.76820398695,40855.467350803694,20016.145865646147,37464.09542108263,0.985965,0.00016,13707.842663009244,169972.5135379642,156480.75947657495,0.75488,0.259425,0.021545,1515.663563800959
0.4,0.75,0.0,169177.14531289652,160989.6902872796,168532.1574822822,179495.76820398695,40855.467350803694,20016.145865646147,37464.09542108263,0.985965,0.05732,5173.202219174367,169972.5135379642,164979.38515347318,0.75488,0.259425,0.23086,1515.663563800959
0.4,0.75,0.025,169177.14531289652,160989.6902872796,168532.1574822822,179495.76820398695,40855.467350803694,20016.145865646147,37464.09542108263,0.985965,0.00684,8923.202219174365,169972.5135379642,161229.38515347318,0.75488,0.259425,0.06925,1515.663563800959
0.4,0.75,0.05,169177.14531289652,160989.6902872796,168532.1574822822,179495.76820398695,40855.467350803694,20016.145865646147,37464.09542108263,0.985965,0.00053,12673.202219174369,169972.5135379642,157479.38515347318,0.75488,0.259425,0.0279,1515.663563800959
0.4,0.8,0.0,169177.14531289652,160989.6902872796,168532.1574822822,179495.76820398695,40855.467350803694,20016.145865646147,37464.09542108263,0.985965,0.099625,4138.561775339493,169972.5135379642,165978.01083037138,0.75488,0.259425,0.296785,1515.663563800959
0.4,0.8,0.025,169177.14531289652,160989.6902872796,168532.1574822822,179495.76820398695,40855.467350803694,20016.145865646147,37464.09542108263,0.985965,0.012485,7888.561775339494,169972.5135379642,162228.01083037138,0.75488,0.259425,0.09251,1515.663563800959
0.4,0.8,0.05,169177.14531289652,160989.6902872796,168532.1574822822,179495.76820398695,40855.467350803694,20016.145865646147,37464.09542108263,0.985965,0.00135,11638.561775339494,169972.5135379642,158478.01083037138,0.75488,0.259425,0.035715,1515.663563800959
0.4,0.85,0.0,169177.14531289652,160989.6902872796,168532.1574822822,179495.76820398695,40855.467350803694,20016.145865646147,37464.09542108263,0.985965,0.17647,3103.921331504621,169972.5135379642,166976.63650726958,0.75488,0.259425,0.37347,1515.663563800959
0.4,0.85,0.025,169177.14531289652,160989.6902872796,168532.1574822822,179495.76820398695,40855.467350803694,20016.145865646147,37464.09542108263,0.985965,0.021545,6853.921331504622,169972.5135379642,163226.63650726958,0.75488,0.259425,0.134575,1515.663563800959
0.4,0.85,0.05,169177.14531289652,160989.6902872796,168532.1574822822,179495.76820398695,40855.467350803694,20016.145865646147,37464.09542108263,0.985965,0.00274,10603.921331504622,169972.5135379642,159476.63650726958,0.75488,0.259425,0.04511,1515.663563800959
0.4,0.9,0.0,169177.14531289652,160989.6902872796,168532.1574822822,179495.76820398695,40855.467350803694,20016.145865646147,37464.09542108263,0.985965,0.296785,2069.2808876697463,169972.5135379642,167975.2621841678,0.75488,0.259425,0.46245,1515.663563800959
0.4,0.9,0.025,169177.14531289652,160989.6902872796,168532.1574822822,179495.76820398695,40855.467350803694,20016.145865646147,37464.09542108263,0.985965,0.035715,5819.280887669745,169972.5135379642,164225.2621841678,0.75488,0.259425,0.18826,1515.663563800959
0.4,0.9,0.05,169177.14531289652,160989.6902872796,168532.1574822822,179495.76820398695,40855.467350803694,20016.145865646147,37464.09542108263,0.985965,0.005325,9569.280887669745,169972.5135379642,160475.2621841678,0.75488,0.259425,0.056735,1515.663563800959
0.4,0.95,0.0,169177.14531289652,160989.6902872796,168532.1574822822,179495.76820398695,40855.467350803694,20016.145865646147,37464.09542108263,0.985965,0.46245,1034.6404438348743,169972.5135379642,168973.88786106603,0.75488,0.259425,0.612995,1515.663563800959
0.4,0.95,0.025,169177.14531289652,160989.6902872796,168532.1574822822,179495.76820398695,40855.467350803694,20016.145865646147,37464.09542108263,0.985965,0.056735,4784.6404438348745,169972.5135379642,165223.88786106603,0.75488,0.259425,0.236715,1515.663563800959
0.4,0.95,0.05,169177.14531289652,160989.6902872796,168532.1574822822,179495.76820398695,40855.467350803694,20016.145865646147,37464.09542108263,0.985965,0.010165,8534.640443834875,169972.5135379642,161473.88786106603,0.75488,0.259425,0.070635,1515.663563800959
0.4,1.0,0.0,169177.14531289652,160989.6902872796,168532.1574822822,179495.76820398695,40855.467350803694,20016.145865646147,37464.09542108263,0.985965,0.740575,0.0,169972.5135379642,169972.5135379642,0.75488,0.259425,0.740575,1515.663563800959
0.4,1.0,0.025,169177.14531289652,160989.6902872796,168532.1574822822,179495.76820398695,40855.467350803694,20016.145865646147,37464.09542108263,0.985965,0.086975,3750.0,169972.5135379642,166222.5135379642,0.75488,0.259425,0.32298,1515.663563800959
0.4,1.0,0.05,169177.14531289652,160989.6902872796,168532.1574822822,179495.76820398695,40855.467350803694,20016.145865646147,37464.09542108263,0.985965,0.01685,7500.0,169972.5135379642,162472.5135379642,0.75488,0.259425,0.086975,1515.663563800959
0.45,0.0,0.0,171688.72466932744,162531.6162758684,170956.51456707972,183271.12828498115,38343.887994372766,18401.412288664043,34960.69627966311,0.974755,0.0,23279.409986284656,172469.07773020974,150000.0,0.75488,0.25733,0.00272,1590.6853169572175
0.45,0.0,0.025,171688.72466932744,162531.6162758684,170956.51456707972,183271.12828498115,38343.887994372766,18401.412288664043,34960.69627966311,0.974755,0.0,27029.409986284656,172469.07773020974,146250.0,0.75488,0.25733,0.000615,1590.6853169572175
0.45,0.0,0.05,171688.72466932744,162531.6162758684,170956.51456707972,183271.12828498115,38343.887994372766,18401.412288664043,34960.69627966311,0.974755,0.0,30779.409986284656,172469.07773020974,142500.0,0.75488,0.25733,7e-05,1590.6853169572175
0.45,0.05,0.0,171688.72466932744,162531.6162758684,170956.51456707972,183271.12828498115,38343.887994372766,18401.412288664043,34960.69627966311,0.974755,0.0,22115.439486970423,172469.07773020974,151123.45388651048,0.75488,0.25733,0.003945,1590.6853169572175
0.45,0.05,0.025,171688.72466932744,162531.6162758684,170956.51456707972,183271.12828498115,38343.887994372766,18401.412288664043,34960.69627966311,0.974755,0.0,25865.439486970423,172469.07773020974,147373.45388651048,0.75488,0.25733,0.00099,1590.6853169572175
0.45,0.05,0.05,171688.72466932744,162531.6162758684,170956.51456707972,183271.12828498115,38343.887994372766,18401.412288664043,34960.69627966311,0.974755,0.0,29615.439486970423,172469.07773020974,143623.45388651048,0.75488,0.25733,0.00015,1590.6853169572175
0.45,0.1,0.0,171688.72466932744,162531.6162758684,170956.51456707972,183271.12828498115,38343.887994372766,18401.412288664043,34960.69627966311,0.974755,0.0,20951.468987656193,172469.07773020974,152246.90777302097,0.75488,0.25733,0.00537,1590.6853169572175
0.45,0.1,0.025,171688.72466932744,162531.6162758684,170956.51456707972,183271.12828498115,38343.887994372766,18401.412288664043,34960.69627966311,0.974755,0.0,24701.468987656193,172469.07773020974,148496.90777302097,0.75488,0.25733,0.001535,1590.6853169572175
0.45,0.1,0.05,171688.72466932744,162531.6162758684,170956.51456707972,183271.12828498115,38343.887994372766,18401.412288664043,34960.69627966311,0.974755,0.0,28451.468987656193,172469.07773020974,144746.90777302097,0.75488,0.25733,0.000295,1590.6853169572175
0.45,0.15,0.0,171688.72466932744,162531.6162758684,170956.51456707972,183271.12828498115,38343.887994372766,18401.412288664043,34960.69627966311,0.974755,0.0,19787.49848834196,172469.07773020974,153370.36165953145,0.75488,0.25733,0.00742,1590.6853169572175
0.45,0.15,0.025,171688.72466932744,162531.6162758684,170956.51456707972,183271.12828498115,38343.887994372766,18401.412288664043,34960.69627966311,0.974755,0.0,23537.49848834196,172469.07773020974,149620.36165953145,0.75488,0.25733,0.002205,1590.6853169572175
0.45,0.15,0.05,171688.72466932744,162531.6162758684,170956.51456707972,183271.12828498115,38343.887994372766,18401.412288664043,34960.69627966311,0.974755,0.0,27287.49848834196,172469.07773020974,145870.36165953145,0.75488,0.25733,0.000515,1590.6853169572175
0.45,0.2,0.0,171688.72466932744,162531.6162758684,170956.51456707972,183271.12828498115,38343.887994372766,18401.412288664043,34960.69627966311,0.974755,5e-06,18623.527989027723,172469.07773020974,154493.81554604194,0.75488,0.25733,0.010155,1590.6853169572175
0.45,0.2,0.025,171688.72466932744,162531.6162758684,170956.51456707972,183271.12828498115,38343.887994372766,18401.412288664043,34960.69627966311,0.974755,0.0,22373.527989027723,172469.07773020974,150743.81554604194,0.75488,0.25733,0.003145,1590.6853169572175
0.45,0.2,0.05,171688.72466932744,162531.6162758684,170956.51456707972,183271.12828498115,38343.887994372766,18401.412288664043,34960.69627966311,0.974755,0.0,26123.527989027723,172469.07773020974,146993.81554604194,0.75488,0.25733,0.00081,1590.6853169572175
0.45,0.25,0.0,171688.72466932744,162531.6162758684,170956.51456707972,183271.12828498115,38343.887994372766,18401.412288664043,34960.69627966311,0.974755,3.5e-05,17459.557489713494,172469.07773020974,155617.26943255245,0.75488,0.25733,0.013505,1590.6853169572175
0.45,0.25,0.025,171688.72466932744,162531.6162758684,170956.51456707972,183271.12828498115,38343.887994372766,18401.412288664043,34960.69627966311,0.974755,0.0,21209.557489713494,172469.07773020974,151867.26943255245,0.75488,0.25733,0.00445,1590.6853169572175
0.45,0.25,0.05,171688.72466932744,162531.6162758684,170956.51456707972,183271.12828498115,38343.887994372766,18401.412288664043,34960.69627966311,0.974755,0.0,24959.557489713494,172469.07773020974,148117.26943255245,0.75488,0.25733,0.00135,1590.6853169572175
0.45,0.3,0.0,171688.72466932744,162531.6162758684,170956.51456707972,183271.12828498115,38343.887994372766,18401.412288664043,34960.69627966311,0.974755,6e-05,16295.58699039926,172469.07773020974,156740.72331906293,0.75488,0.25733,0.01783,1590.6853169572175
0.45,0.3,0.025,171688.72466932744,162531.6162758684,170956.51456707972,183271.12828498115,38343.887994372766,18401.412288664043,34960.69627966311,0.974755,0.0,20045.58699039926,172469.07773020974,152990.72331906293,0.75488,0.25733,0.00625,1590.6853169572175
0.45,0.3,0.05,171688.72466932744,162531.6162758684,170956.51456707972,183271.12828498115,38343.887994372766,18401.412288664043,34960.69627966311,0.974755,0.0,23795.586990399257,172469.07773020974,149240.72331906293,0.75488,0.25733,0.001975,1590.6853169572175
0.45,0.35,0.0,171688.72466932744,162531.6162758684,170956.51456707972,183271.12828498115,38343.887994372766,18401.412288664043,34960.69627966311,0.974755,0.000185,15131.61649108503,172469.07773020974,157864.17720557342,0.75488,0.25733,0.023725,1590.6853169572175
0.45,0.35,0.025,171688.72466932744,162531.6162758684,170956.51456707972,183271.12828498115,38343.887994372766,18401.412288664043,34960.69627966311,0.974755,0.0,18881.616491085028,172469.07773020974,154114.17720557342,0.75488,0.25733,0.00862,1590.6853169572175
0.45,0.35,0.05,171688.72466932744,162531.6162758684,170956.51456707972,183271.12828498115,38343.887994372766,18401.412288664043,34960.69627966311,0.974755,0.0,22631.616491085024,172469.07773020974,150364.17720557342,0.75488,0.25733,0.002845,1590.6853169572175
0.45,0.4,0.0,171688.72466932744,162531.6162758684,170956.51456707972,183271.12828498115,38343.887994372766,18401.412288664043,34960.69627966311,0.974755,0.00056,13967.645991770794,172469.07773020974,158987.63109208387,0.75488,0.25733,0.030635,1590.6853169572175
0.45,0.4,0.025,171688.72466932744,162531.6162758684,170956.51456707972,183271.12828498115,38343.887994372766,18401.412288664043,34960.69627966311,0.974755,0.0,17717.645991770794,172469.07773020974,155237.63109208387,0.75488,0.25733,0.01172,1590.6853169572175
0.45,0.4,0.05,171688.72466932744,162531.6162758684,170956.51456707972,183271.12828498115,38343.887994372766,18401.412288664043,34960.69627966311,0.974755,0.0,21467.645991770798,172469.07773020974,151487.63109208387,0.75488,0.25733,0.00403,1590.6853169572175
0.45,0.45,0.0,171688.72466932744,162531.6162758684,170956.51456707972,183271.12828498115,38343.887994372766,18401.412288664043,34960.69627966311,0.974755,0.001395,12803.67549245656,172469.07773020974,160111.0849785944,0.75488,0.25733,0.0396,1590.6853169572175
0.45,0.45,0.025,171688.72466932744,162531.6162758684,170956.51456707972,183271.12828498115,38343.887994372766,18401.412288664043,34960.69627966311,0.974755,3e-05,16553.67549245656,172469.07773020974,156361.0849785944,0.75488,0.25733,0.015385,1590.6853169572175
0.45,0.45,0.05,171688.72466932744,162531.6162758684,170956.51456707972,183271.12828498115,38343.887994372766,18401.412288664043,34960.69627966311,0.974755,0.0,20303.67549245656,172469.07773020974,152611.0849785944,0.75488,0.25733,0.0057,1590.6853169572175
0.45,0.5,0.0,171688.72466932744,162531.6162758684,170956.51456707972,183271.12828498115,38343.887994372766,18401.412288664043,34960.69627966311,0.974755,0.00272,11639.704993142328,172469.07773020974,161234.53886510487,0.75488,0.25733,0.05054,1590.6853169572175
0.45,0.5,0.025,171688.72466932744,162531.6162758684,170956.51456707972,183271.12828498115,38343.887994372766,18401.412288664043,34960.69627966311,0.974755,7e-05,15389.704993142328,172469.07773020974,157484.53886510487,0.75488,0.25733,0.02032,1590.6853169572175
0.45,0.5,0.05,171688.72466932744,162531.6162758684,170956.51456707972,183271.12828498115,38343.887994372766,18401.412288664043,34960.69627966311,0.974755,0.0,19139.704993142328,172469.07773020974,153734.53886510487,0.75488,0.25733,0.007795,1590.6853169572175
0.45,0.55,0.0,171688.72466932744,162531.6162758684,170956.51456707972,183271.12828498115,38343.887994372766,18401.412288664043,34960.69627966311,0.974755,0.00537,10475.734493828095,172469.07773020974,162357.99275161535,0.75488,0.25733,0.06519,1590.6853169572175
0.45,0.55,0.025,171688.72466932744,162531.6162758684,170956.51456707972,183271.12828498115,38343.887994372766,18401.412288664043,34960.69627966311,0.974755,0.000295,14225.734493828097,172469.07773020974,158607.99275161535,0.75488,0.25733,0.0266,1590.6853169572175
0.45,0.55,0.05,171688.72466932744,162531.6162758684,170956.51456707972,183271.12828498115,38343.887994372766,18401.412288664043,34960.69627966311,0.974755,5e-06,17975.734493828095,172469.07773020974,154857.99275161535,0.75488,0.25733,0.010675,1590.6853169572175
0.45,0.6,0.0,171688.72466932744,162531.6162758684,170956.51456707972,183271.12828498115,38343.887994372766,18401.412288664043,34960.69627966311,0.974755,0.010155,9311.763994513862,172469.07773020974,163481.44663812587,0.75488,0.25733,0.085605,1590.6853169572175
0.45,0.6,0.025,171688.72466932744,162531.6162758684,170956.51456707972,183271.12828498115,38343.887994372766,18401.412288664043,34960.69627966311,0.974755,0.00081,13061.763994513862,172469.07773020974,159731.44663812587,0.75488,0.25733,0.03407,1590.6853169572175
0.45,0.6,0.05,171688.72466932744,162531.6162758684,170956.51456707972,183271.12828498115,38343.887994372766,18401.412288664043,34960.69627966311,0.974755,2e-05,16811.76399451386,172469.07773020974,155981.44663812587,0.75488,0.25733,0.01409,1590.6853169572175
0.45,0.65,0.0,171688.72466932744,162531.6162758684,170956.51456707972,183271.12828498115,38343.887994372766,18401.412288664043,34960.69627966311,0.974755,0.01783,8147.793495199629,172469.07773020974,164604.90052463632,0.75488,0.25733,0.112805,1590.6853169572175
0.45,0.65,0.025,171688.72466932744,162531.6162758684,170956.51456707972,183271.12828498115,38343.887994372766,18401.412288664043,34960.69627966311,0.974755,0.001975,11897.793495199629,172469.07773020974,160854.90052463632,0.75488,0.25733,0.0432,1590.6853169572175
0.45,0.65,0.05,171688.72466932744,162531.6162758684,170956.51456707972,183271.12828498115,38343.887994372766,18401.412288664043,34960.69627966311,0.974755,8e-05,15647.793495199629,172469.07773020974,157104.90052463632,0.75488,0.25733,0.018495,1590.6853169572175
0.45,0.7,0.0,171688.72466932744,162531.6162758684,170956.51456707972,183271.12828498115,38343.887994372766,18401.412288664043,34960.69627966311,0.974755,0.030635,6983.822995885398,172469.07773020974,165728.35441114684,0.75488,0.25733,0.152325,1590.6853169572175
0.45,0.7,0.025,171688.72466932744,162531.6162758684,170956.51456707972,183271.12828498115,38343.887994372766,18401.412288664043,34960.69627966311,0.974755,0.00403,10733.822995885399,172469.07773020974,161978.35441114684,0.75488,0.25733,0.05465,1590.6853169572175
0.45,0.7,0.05,171688.72466932744,162531.6162758684,170956.51456707972,183271.12828498115,38343.887994372766,18401.412288664043,34960.69627966311,0.974755,0.00028,14483.822995885399,172469.07773020974,158228.35441114684,0.75488,0.25733,0.024325,1590.6853169572175
0.45,0.75,0.0,171688.72466932744,162531.6162758684,170956.51456707972,183271.12828498115,38343.887994372766,18401.412288664043,34960.69627966311,0.974755,0.05054,5819.852496571164,172469.07773020974,166851.8082976573,0.75488,0.25733,0.204685,1590.6853169572175
0.45,0.75,0.025,171688.72466932744,162531.6162758684,170956.51456707972,183271.12828498115,38343.887994372766,18401.412288664043,34960.69627966311,0.974755,0.007795,9569.852496571164,172469.07773020974,163101.8082976573,0.75488,0.25733,0.06936,1590.6853169572175
0.45,0.75,0.05,171688.72466932744,162531.6162758684,170956.51456707972,183271.12828498115,38343.887994372766,18401.412288664043,34960.69627966311,0.974755,0.000855,13319.852496571164,172469.07773020974,159351.8082976573,0.75488,0.25733,0.031475,1590.6853169572175
0.45,0.8,0.0,171688.72466932744,162531.6162758684,170956.51456707972,183271.12828498115,38343.887994372766,18401.412288664043,34960.69627966311,0.974755,0.085605,4655.88199725693,172469.07773020974,167975.2621841678,0.75488,0.25733,0.269955,1590.6853169572175
0.45,0.8,0.025,171688.72466932744,162531.6162758684,170956.51456707972,183271.12828498115,38343.887994372766,18401.412288664043,34960.69627966311,0.974755,0.01409,8405.881997256929,172469.07773020974,164225.2621841678,0.75488,0.25733,0.08921,1590.6853169572175
0.45,0.8,0.05,171688.72466932744,162531.6162758684,170956.51456707972,183271.12828498115,38343.887994372766,18401.412288664043,34960.69627966311,0.974755,0.00201,12155.881997256929,172469.07773020974,160475.2621841678,0.75488,0.25733,0.039795,1590.6853169572175
0.45,0.85,0.0,171688.72466932744,162531.6162758684,170956.51456707972,183271.12828498115,38343.887994372766,18401.412288664043,34960.69627966311,0.974755,0.152325,3491.9114979426986,172469.07773020974,169098.7160706783,0.75488,0.25733,0.350745,1590.6853169572175
0.45,0.85,0.025,171688.72466932744,162531.6162758684,170956.51456707972,183271.12828498115,38343.887994372766,18401.412288664043,34960.69627966311,0.974755,0.024325,7241.9114979426995,172469.07773020974,165348.7160706783,0.75488,0.25733,0.12544,1590.6853169572175
0.45,0.85,0.05,171688.72466932744,162531.6162758684,170956.51456707972,183271.12828498115,38343.887994372766,18401.412288664043,34960.69627966311,0.974755,0.003925,10991.9114979427,172469.07773020974,161598.7160706783,0.75488,0.25733,0.05063,1590.6853169572175
0.45,0.9,0.0,171688.72466932744,162531.6162758684,170956.51456707972,183271.12828498115,38343.887994372766,18401.412288664043,34960.69627966311,0.974755,0.269955,2327.940998628465,172469.07773020974,170222.16995718877,0.75488,0.25733,0.442605,1590.6853169572175
0.45,0.9,0.025,171688.72466932744,162531.6162758684,170956.51456707972,183271.12828498115,38343.887994372766,18401.412288664043,34960.69627966311,0.974755,0.039795,6077.9409986284645,172469.07773020974,166472.16995718877,0.75488,0.25733,0.185145,1590.6853169572175
0.45,0.9,0.05,171688.72466932744,162531.6162758684,170956.51456707972,183271.12828498115,38343.887994372766,18401.412288664043,34960.69627966311,0.974755,0.00765,9827.940998628465,172469.07773020974,162722.16995718877,0.75488,0.25733,0.06344,1590.6853169572175
0.45,0.95,0.0,171688.72466932744,162531.6162758684,170956.51456707972,183271.12828498115,38343.887994372766,18401.412288664043,34960.69627966311,0.974755,0.442605,1163.9704993142338,172469.07773020974,171345.62384369926,0.75488,0.25733,0.59242,1590.6853169572175
0.45,0.95,0.025,171688.72466932744,162531.6162758684,170956.51456707972,183271.12828498115,38343.887994372766,18401.412288664043,34960.69627966311,0.974755,0.06344,4913.970499314234,172469.07773020974,167595.62384369926,0.75488,0.25733,0.237965,1590.6853169572175
0.45,0.95,0.05,171688.72466932744,162531.6162758684,170956.51456707972,183271.12828498115,38343.887994372766,18401.412288664043,34960.69627966311,0.974755,0.013635,8663.970499314235,172469.07773020974,163845.62384369926,0.75488,0.25733,0.07875,1590.6853169572175
0.45,1.0,0.0,171688.72466932744,162531.6162758684,170956.51456707972,183271.12828498115,38343.887994372766,18401.412288664043,34960.69627966311,0.974755,0.74267,0.0,172469.07773020974,172469.07773020974,0.75488,0.25733,0.74267,1590.6853169572175
0.45,1.0,0.025,171688.72466932744,162531.6162758684,170956.51456707972,183271.12828498115,38343.887994372766,18401.412288664043,34960.69627966311,0.974755,0.096735,3750.0,172469.07773020974,168719.07773020974,0.75488,0.25733,0.32949,1590.6853169572175
0.45,1.0,0.05,171688.72466932744,162531.6162758684,170956.51456707972,183271.12828498115,38343.887994372766,18401.412288664043,34960.69627966311,0.974755,0.02297,7500.0,172469.07773020974,164969.07773020974,0.75488,0.25733,0.096735,1590.6853169572175
0.5,0.0,0.0,174199.94148773086,164072.17836177928,173379.65816385637,187057.65806193836,35832.67117596934,16780.934692286894,32450.6017064225,0.953785,0.0,25866.01109587184,174965.64192245528,150000.0,0.75488,0.25558,0.00242,1666.0696081409753
0.5,0.0,0.025,174199.94148773086,164072.17836177928,173379.65816385637,187057.65806193836,35832.67117596934,16780.934692286894,32450.6017064225,0.953785,0.0,29616.01109587184,174965.64192245528,146250.0,0.75488,0.25558,0.00058,1666.0696081409753
0.5,0.0,0.05,174199.94148773086,164072.17836177928,173379.65816385637,187057.65806193836,35832.67117596934,16780.934692286894,32450.6017064225,0.953785,0.0,33366.011095871836,174965.64192245528,142500.0,0.75488,0.25558,8e-05,1666.0696081409753
0.5,0.05,0.0,174199.94148773086,164072.17836177928,173379.65816385637,187057.65806193836,35832.67117596934,16780.934692286894,32450.6017064225,0.953785,0.0,24572.71054107825,174965.64192245528,151248.28209612277,0.75488,0.25558,0.00337,1666.0696081409753
0.5,0.05,0.025,174199.94148773086,164072.17836177928,173379.65816385637,187057.65806193836,35832.67117596934,16780.934692286894,32450.6017064225,0.953785,0.0,28322.71054107825,174965.64192245528,147498.28209612277,0.75488,0.25558,0.00099,1666.0696081409753
0.5,0.05,0.05,174199.94148773086,164072.17836177928,173379.65816385637,187057.65806193836,35832.67117596934,16780.934692286894,32450.6017064225,0.953785,0.0,32072.710541078253,174965.64192245528,143748.28209612277,0.75488,0.25558,0.000175,1666.0696081409753
0.5,0.1,0.0,174199.94148773086,164072.17836177928,173379.65816385637,187057.65806193836,35832.67117596934,16780.934692286894,32450.6017064225,0.953785,0.0,23279.409986284656,174965.64192245528,152496.56419224554,0.75488,0.25558,0.004775,1666.0696081409753
0.5,0.1,0.025,174199.94148773086,164072.17836177928,173379.65816385637,187057.65806193836,35832.67117596934,16780.934692286894,32450.6017064225,0.953785,0.0,27029.409986284656,174965.64192245528,148746.56419224554,0.75488,0.25558,0.001485,1666.0696081409753
0.5,0.1,0.05,174199.94148773086,164072.17836177928,173379.65816385637,187057.65806193836,35832.67117596934,16780.934692286894,32450.6017064225,0.953785,0.0,30779.409986284656,174965.64192245528,144996.56419224554,0.75488,0.25558,0.000335,1666.0696081409753
0.5,0.15,0.0,174199.94148773086,164072.17836177928,173379.65816385637,187057.65806193836,35832.67117596934,16780.934692286894,32450.6017064225,0.953785,0.0,21986.10943149106,174965.64192245528,153744.84628836828,0.75488,0.25558,0.0066,1666.0696081409753
0.5,0.15,0.025,174199.94148773086,164072.17836177928,173379.65816385637,187057.65806193836,35832.67117596934,16780.934692286894,32450.6017064225,0.953785,0.0,25736.109431491066,174965.64192245528,149994.84628836828,0.75488,0.25558,0.0022,1666.0696081409753
0.5,0.15,0.05,174199.94148773086,164072.17836177928,173379.65816385637,187057.65806193836,35832.67117596934,16780.934692286894,32450.6017064225,0.953785,0.0,29486.109431491066,174965.64192245528,146244.84628836828,0.75488,0.25558,0.000605,1666.0696081409753
0.5,0.2,0.0,174199.94148773086,164072.17836177928,173379.65816385637,187057.65806193836,35832.67117596934,16780.934692286894,32450.6017064225,0.953785,0.0,20692.808876697472,174965.64192245528,154993.12838449105,0.75488,0.25558,0.009195,1666.0696081409753
0.5,0.2,0.025,174199.94148773086,164072.17836177928,173379.65816385637,187057.65806193836,35832.67117596934,16780.934692286894,32450.6017064225,0.953785,0.0,24442.808876697472,174965.64192245528,151243.12838449105,0.75488,0.25558,0.00318,1666.0696081409753
0.5,0.2,0.05,174199.94148773086,164072.17836177928,173379.65816385637,187057.65806193836,35832.67117596934,16780.934692286894,32450.6017064225,0.953785,0.0,28192.808876697472,174965.64192245528,147493.12838449105,0.75488,0.25558,0.000965,1666.0696081409753
0.5,0.25,0.0,174199.94148773086,164072.17836177928,173379.65816385637,187057.65806193836,35832.67117596934,16780.934692286894,32450.6017064225,0.953785,3e-05,19399.508321903882,174965.64192245528,156241.41048061382,0.75488,0.25558,0.0123,1666.0696081409753
0.5,0.25,0.025,174199.94148773086,164072.17836177928,173379.65816385637,187057.65806193836,35832.67117596934,16780.934692286894,32450.6017064225,0.953785,0.0,23149.50832190388,174965.64192245528,152491.41048061382,0.75488,0.25558,0.004535,1666.0696081409753
0.5,0.25,0.05,174199.94148773086,164072.17836177928,173379.65816385637,187057.65806193836,35832.67117596934,16780.934692286894,32450.6017064225,0.953785,0.0,26899.50832190388,174965.64192245528,148741.41048061382,0.75488,0.25558,0.00148,1666.0696081409753
0.5,0.3,0.0,174199.94148773086,164072.17836177928,173379.65816385637,187057.65806193836,35832.67117596934,16780.934692286894,32450.6017064225,0.953785,5e-05,18106.20776711029,174965.64192245528,157489.6925767366,0.75488,0.25558,0.01631,1666.0696081409753
0.5,0.3,0.025,174199.94148773086,164072.17836177928,173379.65816385637,187057.65806193836,35832.67117596934,16780.934692286894,32450.6017064225,0.953785,0.0,21856.20776711029,174965.64192245528,153739.6925767366,0.75488,0.25558,0.00625,1666.0696081409753
0.5,0.3,0.05,174199.94148773086,164072.17836177928,173379.65816385637,187057.65806193836,35832.67117596934,16780.934692286894,32450.6017064225,0.953785,0.0,25606.20776711029,174965.64192245528,149989.6925767366,0.75488,0.25558,0.00222,1666.0696081409753
0.5,0.35,0.0,174199.94148773086,164072.17836177928,173379.65816385637,187057.65806193836,35832.67117596934,16780.934692286894,32450.6017064225,0.953785,0.000145,16812.907212316695,174965.64192245528,158737.97467285936,0.75488,0.25558,0.021825,1666.0696081409753
0.5,0.35,0.025,174199.94148773086,164072.17836177928,173379.65816385637,187057.65806193836,35832.67117596934,16780.934692286894,32450.6017064225,0.953785,0.0,20562.907212316695,174965.64192245528,154987.97467285936,0.75488,0.25558,0.00866,1666.0696081409753
0.5,0.35,0.05,174199.94148773086,164072.17836177928,173379.65816385637,187057.65806193836,35832.67117596934,16780.934692286894,32450.6017064225,0.953785,0.0,24312.907212316695,174965.64192245528,151237.97467285936,0.75488,0.25558,0.00318,1666.0696081409753
0.5,0.4,0.0,174199.94148773086,164072.17836177928,173379.65816385637,187057.65806193836,35832.67117596934,16780.934692286894,32450.6017064225,0.953785,0.00041,15519.606657523103,174965.64192245528,159986.2567689821,0.75488,0.25558,0.02826,1666.0696081409753
0.5,0.4,0.025,174199.94148773086,164072.17836177928,173379.65816385637,187057.65806193836,35832.67117596934,16780.934692286894,32450.6017064225,0.953785,5e-06,19269.6066575231,174965.64192245528,156236.2567689821,0.75488,0.25558,0.011865,1666.0696081409753
0.5,0.4,0.05,174199.94148773086,164072.17836177928,173379.65816385637,187057.65806193836,35832.67117596934,16780.934692286894,32450.6017064225,0.953785,0.0,23019.6066575231,174965.64192245528,152486.2567689821,0.75488,0.25558,0.004535,1666.0696081409753
0.5,0.45,0.0,174199.94148773086,164072.17836177928,173379.65816385637,187057.65806193836,35832.67117596934,16780.934692286894,32450.6017064225,0.953785,0.00111,14226.306102729513,174965.64192245528,161234.53886510487,0.75488,0.25558,0.03625,1666.0696081409753
0.5,0.45,0.025,174199.94148773086,164072.17836177928,173379.65816385637,187057.65806193836,35832.67117596934,16780.934692286894,32450.6017064225,0.953785,3e-05,17976.306102729515,174965.64192245528,157484.53886510487,0.75488,0.25558,0.01544,1666.0696081409753
0.5,0.45,0.05,174199.94148773086,164072.17836177928,173379.65816385637,187057.65806193836,35832.67117596934,16780.934692286894,32450.6017064225,0.953785,0.0,21726.30610272951,174965.64192245528,153734.53886510487,0.75488,0.25558,0.00635,1666.0696081409753
0.5,0.5,0.0,174199.94148773086,164072.17836177928,173379.65816385637,187057.65806193836,35832.67117596934,16780.934692286894,32450.6017064225,0.953785,0.00242,12933.00554793592,174965.64192245528,162482.82096122764,0.75488,0.25558,0.046495,1666.0696081409753
0.5,0.5,0.025,174199.94148773086,164072.17836177928,173379.65816385637,187057.65806193836,35832.67117596934,16780.934692286894,32450.6017064225,0.953785,8e-05,16683.005547935918,174965.64192245528,158732.82096122764,0.75488,0.25558,0.020665,1666.0696081409753
0.5,0.5,0.05,174199.94148773086,164072.17836177928,173379.65816385637,187057.65806193836,35832.67117596934,16780.934692286894,32450.6017064225,0.953785,0.0,20433.005547935918,174965.64192245528,154982.82096122764,0.75488,0.25558,0.00879,1666.0696081409753
0.5,0.55,0.0,174199.94148773086,164072.17836177928,173379.65816385637,187057.65806193836,35832.67117596934,16780.934692286894,32450.6017064225,0.953785,0.004775,11639.704993142328,174965.64192245528,163731.1030573504,0.75488,0.25558,0.059355,1666.0696081409753
0.5,0.55,0.025,174199.94148773086,164072.17836177928,173379.65816385637,187057.65806193836,35832.67117596934,16780.934692286894,32450.6017064225,0.953785,0.000335,15389.704993142328,174965.64192245528,159981.1030573504,0.75488,0.25558,0.027145,1666.0696081409753
0.5,0.55,0.05,174199.94148773086,164072.17836177928,173379.65816385637,187057.65806193836,35832.67117596934,16780.934692286894,32450.6017064225,0.953785,1e-05,19139.704993142328,174965.64192245528,156231.1030573504,0.75488,0.25558,0.01184,1666.0696081409753
0.5,0.6,0.0,174199.94148773086,164072.17836177928,173379.65816385637,187057.65806193836,35832.67117596934,16780.934692286894,32450.6017064225,0.953785,0.009195,10346.404438348736,174965.64192245528,164979.38515347318,0.75488,0.25558,0.0766,1666.0696081409753
0.5,0.6,0.025,174199.94148773086,164072.17836177928,173379.65816385637,187057.65806193836,35832.67117596934,16780.934692286894,32450.6017064225,0.953785,0.000965,14096.404438348736,174965.64192245528,161229.38515347318,0.75488,0.25558,0.03448,1666.0696081409753
0.5,0.6,0.05,174199.94148773086,164072.17836177928,173379.65816385637,187057.65806193836,35832.67117596934,16780.934692286894,32450.6017064225,0.953785,2.5e-05,17846.404438348738,174965.64192245528,157479.38515347318,0.75488,0.25558,0.01553,1666.0696081409753
0.5,0.65,0.0,174199.94148773086,164072.17836177928,173379.65816385637,187057.65806193836,35832.67117596934,16780.934692286894,32450.6017064225,0.953785,0.01631,9053.103883555144,174965.64192245528,166227.66724959592,0.75488,0.25558,0.099815,1666.0696081409753
0.5,0.65,0.025,174199.94148773086,164072.17836177928,173379.65816385637,187057.65806193836,35832.67117596934,16780.934692286894,32450.6017064225,0.953785,0.00222,12803.103883555144,174965.64192245528,162477.66724959592,0.75488,0.25558,0.043885,1666.0696081409753
0.5,0.65,0.05,174199.94148773086,164072.17836177928,173379.65816385637,187057.65806193836,35832.67117596934,16780.934692286894,32450.6017064225,0.953785,0.00013,16553.103883555144,174965.64192245528,158727.66724959592,0.75488,0.25558,0.020635,1666.0696081409753
0.5,0.7,0.0,174199.94148773086,164072.17836177928,173379.65816385637,187057.65806193836,35832.67117596934,16780.934692286894,32450.6017064225,0.953785,0.02826,7759.8033287615535,174965.64192245528,167475.9493457187,0.75488,0.25558,0.1337,1666.0696081409753
0.5,0.7,0.025,174199.94148773086,164072.17836177928,173379.65816385637,187057.65806193836,35832.67117596934,16780.934692286894,32450.6017064225,0.953785,0.004535,11509.803328761554,174965.64192245528,163725.9493457187,0.75488,0.25558,0.05546,1666.0696081409753
0.5,0.7,0.05,174199.94148773086,164072.17836177928,173379.65816385637,187057.65806193836,35832.67117596934,16780.934692286894,32450.6017064225,0.953785,0.000495,15259.803328761554,174965.64192245528,159975.9493457187,0.75488,0.25558,0.02699,1666.0696081409753
0.5,0.75,0.0,174199.94148773086,164072.17836177928,173379.65816385637,187057.65806193836,35832.67117596934,16780.934692286894,32450.6017064225,0.953785,0.046495,6466.50277396796,174965.64192245528,168724.23144184146,0.75488,0.25558,0.18223,1666.0696081409753
0.5,0.75,0.025,174199.94148773086,164072.17836177928,173379.65816385637,187057.65806193836,35832.67117596934,16780.934692286894,32450.6017064225,0.953785,0.00879,10216.502773967959,174965.64192245528,164974.23144184146,0.75488,0.25558,0.0701,1666.0696081409753
0.5,0.75,0.05,174199.94148773086,164072.17836177928,173379.65816385637,187057.65806193836,35832.67117596934,16780.934692286894,32450.6017064225,0.953785,0.00128,13966.502773967963,174965.64192245528,161224.23144184146,0.75488,0.25558,0.03446,1666.0696081409753
0.5,0.8,0.0,174199.94148773086,164072.17836177928,173379.65816385637,187057.65806193836,35832.67117596934,16780.934692286894,32450.6017064225,0.953785,0.0766,5173.202219174367,174965.64192245528,169972.5135379642,0.75488,0.25558,0.246875,1666.0696081409753
0.5,0.8,0.025,174199.94148773086,164072.17836177928,173379.65816385637,187057.65806193836,35832.67117596934,16780.934692286894,32450.6017064225,0.953785,0.01553,8923.202219174365,174965.64192245528,166222.5135379642,0.75488,0.25558,0.08868,1666.0696081409753
0.5,0.8,0.05,174199.94148773086,164072.17836177928,173379.65816385637,187057.65806193836,35832.67117596934,16780.934692286894,32450.6017064225,0.953785,0.00269,12673.202219174369,174965.64192245528,162472.5135379642,0.75488,0.25558,0.04385,1666.0696081409753
0.5,0.85,0.0,174199.94148773086,164072.17836177928,173379.65816385637,187057.65806193836,35832.67117596934,16780.934692286894,32450.6017064225,0.953785,0.1337,3879.9016643807768,174965.64192245528,171220.795634087,0.75488,0.25558,0.328525,1666.0696081409753
0.5,0.85,0.025,174199.94148773086,164072.17836177928,173379.65816385637,187057.65806193836,35832.67117596934,16780.934692286894,32450.6017064225,0.953785,0.02699,7629.901664380777,174965.64192245528,167470.795634087,0.75488,0.25558,0.11973,1666.0696081409753
0.5,0.85,0.05,174199.94148773086,164072.17836177928,173379.65816385637,187057.65806193836,35832.67117596934,16780.934692286894,32450.6017064225,0.953785,0.005415,11379.901664380777,174965.64192245528,163720.795634087,0.75488,0.25558,0.05546,1666.0696081409753
0.5,0.9,0.0,174199.94148773086,164072.17836177928,173379.65816385637,187057.65806193836,35832.67117596934,16780.934692286894,32450.6017064225,0.953785,0.246875,2586.6011095871836,174965.64192245528,172469.07773020974,0.75488,0.25558,0.424575,1666.0696081409753
0.5,0.9,0.025,174199.94148773086,164072.17836177928,173379.65816385637,187057.65806193836,35832.67117596934,16780.934692286894,32450.6017064225,0.953785,0.04385,6336.6011095871845,174965.64192245528,168719.07773020974,0.75488,0.25558,0.18014,1666.0696081409753
0.5,0.9,0.05,174199.94148773086,164072.17836177928,173379.65816385637,187057.65806193836,35832.67117596934,16780.934692286894,32450.6017064225,0.953785,0.010205,10086.601109587184,174965.64192245528,164969.07773020974,0.75488,0.25558,0.069435,1666.0696081409753
0.5,0.95,0.0,174199.94148773086,164072.17836177928,173379.65816385637,187057.65806193836,35832.67117596934,16780.934692286894,32450.6017064225,0.953785,0.424575,1293.3005547935934,174965.64192245528,173717.3598263325,0.75488,0.25558,0.572095,1666.0696081409753
0.5,0.95,0.025,174199.94148773086,164072.17836177928,173379.65816385637,187057.65806193836,35832.67117596934,16780.934692286894,32450.6017064225,0.953785,0.069435,5043.300554793594,174965.64192245528,169967.3598263325,0.75488,0.25558,0.238905,1666.0696081409753
0.5,0.95,0.05,174199.94148773086,164072.17836177928,173379.65816385637,187057.65806193836,35832.67117596934,16780.934692286894,32450.6017064225,0.953785,0.017515,8793.300554793592,174965.64192245528,166217.3598263325,0.75488,0.25558,0.086045,1666.0696081409753
0.5,1.0,0.0,174199.94148773086,164072.17836177928,173379.65816385637,187057.65806193836,35832.67117596934,16780.934692286894,32450.6017064225,0.953785,0.74442,0.0,174965.64192245528,174965.64192245528,0.75488,0.25558,0.74442,1666.0696081409753
0.5,1.0,0.025,174199.94148773086,164072.17836177928,173379.65816385637,187057.65806193836,35832.67117596934,16780.934692286894,32450.6017064225,0.953785,0.105425,3750.0,174965.64192245528,171215.64192245528,0.75488,0.25558,0.335285,1666.0696081409753
0.5,1.0,0.05,174199.94148773086,164072.17836177928,173379.65816385637,187057.65806193836,35832.67117596934,16780.934692286894,32450.6017064225,0.953785,0.029425,7500.0,174965.64192245528,167465.64192245528,0.75488,0.25558,0.105425,1666.0696081409753
0.55,0.0,0.0,176710.8682700242,165615.75645661965,175807.75982509129,190843.92175648257,33321.74439367602,15155.94212733495,29928.054724003538,0.91445,0.0,28452.612205459027,177462.20611470082,150000.0,0.75488,0.253965,0.00217,1741.7439354348355
0.55,0.0,0.025,176710.8682700242,165615.75645661965,175807.75982509129,190843.92175648257,33321.74439367602,15155.94212733495,29928.054724003538,0.91445,0.0,32202.612205459027,177462.20611470082,146250.0,0.75488,0.253965,0.00057,1741.7439354348355
0.55,0.0,0.05,176710.8682700242,165615.75645661965,175807.75982509129,190843.92175648257,33321.74439367602,15155.94212733495,29928.054724003538,0.91445,0.0,35952.61220545903,177462.20611470082,142500.0,0.75488,0.253965,8.5e-05,1741.7439354348355
0.55,0.05,0.0,176710.8682700242,165615.75645661965,175807.75982509129,190843.92175648257,33321.74439367602,15155.94212733495,29928.054724003538,0.91445,0.0,27029.981595186076,177462.20611470082,151373.11030573503,0.75488,0.253965,0.00301,1741.7439354348355
0.55,0.05,0.025,176710.8682700242,165615.75645661965,175807.75982509129,190843.92175648257,33321.74439367602,15155.94212733495,29928.054724003538,0.91445,0.0,30779.981595186076,177462.20611470082,147623.11030573503,0.75488,0.253965,0.000975,1741.7439354348355
0.55,0.05,0.05,176710.8682700242,165615.75645661965,175807.75982509129,190843.92175648257,33321.74439367602,15155.94212733495,29928.054724003538,0.91445,0.0,34529.98159518607,177462.20611470082,143873.11030573503,0.75488,0.253965,0.00021,1741.7439354348355
0.55,0.1,0.0,176710.8682700242,165615.75645661965,175807.75982509129,190843.92175648257,33321.74439367602,15155.94212733495,29928.054724003538,0.91445,0.0,25607.350984913126,177462.20611470082,152746.22061147008,0.75488,0.253965,0.004375,1741.7439354348355
0.55,0.1,0.025,176710.8682700242,165615.75645661965,175807.75982509129,190843.92175648257,33321.74439367602,15155.94212733495,29928.054724003538,0.91445,0.0,29357.350984913126,177462.20611470082,148996.22061147008,0.75488,0.253965,0.001485,1741.7439354348355
0.55,0.1,0.05,176710.8682700242,165615.75645661965,175807.75982509129,190843.92175648257,33321.74439367602,15155.94212733495,29928.054724003538,0.91445,0.0,33107.35098491312,177462.20611470082,145246.22061147008,0.75488,0.253965,0.000365,1741.7439354348355
0.55,0.15,0.0,176710.8682700242,165615.75645661965,175807.75982509129,190843.92175648257,33321.74439367602,15155.94212733495,29928.054724003538,0.91445,0.0,24184.720374640176,177462.20611470082,154119.33091720514,0.75488,0.253965,0.00603,1741.7439354348355
0.55,0.15,0.025,176710.8682700242,165615.75645661965,175807.75982509129,190843.92175648257,33321.74439367602,15155.94212733495,29928.054724003538,0.91445,0.0,27934.720374640176,177462.20611470082,150369.33091720514,0.75488,0.253965,0.00218,1741.7439354348355
0.55,0.15,0.05,176710.8682700242,165615.75645661965,175807.75982509129,190843.92175648257,33321.74439367602,15155.94212733495,29928.054724003538,0.91445,0.0,31684.720374640176,177462.20611470082,146619.33091720514,0.75488,0.253965,0.000665,1741.7439354348355
0.55,0.2,0.0,176710.8682700242,165615.75645661965,175807.75982509129,190843.92175648257,33321.74439367602,15155.94212733495,29928.054724003538,0.91445,0.0,22762.08976436722,177462.20611470082,155492.44122294016,0.75488,0.253965,0.00855,1741.7439354348355
0.55,0.2,0.025,176710.8682700242,165615.75645661965,175807.75982509129,190843.92175648257,33321.74439367602,15155.94212733495,29928.054724003538,0.91445,0.0,26512.08976436722,177462.20611470082,151742.44122294016,0.75488,0.253965,0.003205,1741.7439354348355
0.55,0.2,0.05,176710.8682700242,165615.75645661965,175807.75982509129,190843.92175648257,33321.74439367602,15155.94212733495,29928.054724003538,0.91445,0.0,30262.08976436722,177462.20611470082,147992.44122294016,0.75488,0.253965,0.001105,1741.7439354348355
0.55,0.25,0.0,176710.8682700242,165615.75645661965,175807.75982509129,190843.92175648257,33321.74439367602,15155.94212733495,29928.054724003538,0.91445,5e-06,21339.45915409427,177462.20611470082,156865.5515286752,0.75488,0.253965,0.011515,1741.7439354348355
0.55,0.25,0.025,176710.8682700242,165615.75645661965,175807.75982509129,190843.92175648257,33321.74439367602,15155.94212733495,29928.054724003538,0.91445,0.0,25089.45915409427,177462.20611470082,153115.5515286752,0.75488,0.253965,0.004515,1741.7439354348355
0.55,0.25,0.05,176710.8682700242,165615.75645661965,175807.75982509129,190843.92175648257,33321.74439367602,15155.94212733495,29928.054724003538,0.91445,0.0,28839.45915409427,177462.20611470082,149365.5515286752,0.75488,0.253965,0.00167,1741.7439354348355
0.55,0.3,0.0,176710.8682700242,165615.75645661965,175807.75982509129,190843.92175648257,33321.74439367602,15155.94212733495,29928.054724003538,0.91445,5e-05,19916.82854382132,177462.20611470082,158238.66183441025,0.75488,0.253965,0.015135,1741.7439354348355
0.55,0.3,0.025,176710.8682700242,165615.75645661965,175807.75982509129,190843.92175648257,33321.74439367602,15155.94212733495,29928.054724003538,0.91445,0.0,23666.82854382132,177462.20611470082,154488.66183441025,0.75488,0.253965,0.00633,1741.7439354348355
0.55,0.3,0.05,176710.8682700242,165615.75645661965,175807.75982509129,190843.92175648257,33321.74439367602,15155.94212733495,29928.054724003538,0.91445,0.0,27416.82854382132,177462.20611470082,150738.66183441025,0.75488,0.253965,0.00246,1741.7439354348355
0.55,0.35,0.0,176710.8682700242,165615.75645661965,175807.75982509129,190843.92175648257,33321.74439367602,15155.94212733495,29928.054724003538,0.91445,0.000125,18494.19793354837,177462.20611470082,159611.77214014527,0.75488,0.253965,0.020155,1741.7439354348355
0.55,0.35,0.025,176710.8682700242,165615.75645661965,175807.75982509129,190843.92175648257,33321.74439367602,15155.94212733495,29928.054724003538,0.91445,0.0,22244.19793354837,177462.20611470082,155861.77214014527,0.75488,0.253965,0.0088,1741.7439354348355
0.55,0.35,0.05,176710.8682700242,165615.75645661965,175807.75982509129,190843.92175648257,33321.74439367602,15155.94212733495,29928.054724003538,0.91445,0.0,25994.19793354837,177462.20611470082,152111.77214014527,0.75488,0.253965,0.00355,1741.7439354348355
0.55,0.4,0.0,176710.8682700242,165615.75645661965,175807.75982509129,190843.92175648257,33321.74439367602,15155.94212733495,29928.054724003538,0.91445,0.000325,17071.567323275416,177462.20611470082,160984.88244588033,0.75488,0.253965,0.026515,1741.7439354348355
0.55,0.4,0.025,176710.8682700242,165615.75645661965,175807.75982509129,190843.92175648257,33321.74439367602,15155.94212733495,29928.054724003538,0.91445,5e-06,20821.567323275416,177462.20611470082,157234.88244588033,0.75488,0.253965,0.01199,1741.7439354348355
0.55,0.4,0.05,176710.8682700242,165615.75645661965,175807.75982509129,190843.92175648257,33321.74439367602,15155.94212733495,29928.054724003538,0.91445,0.0,24571.567323275412,177462.20611470082,153484.88244588033,0.75488,0.253965,0.005,1741.7439354348355
0.55,0.45,0.0,176710.8682700242,165615.75645661965,175807.75982509129,190843.92175648257,33321.74439367602,15155.94212733495,29928.054724003538,0.91445,0.000945,15648.936713002464,177462.20611470082,162357.99275161535,0.75488,0.253965,0.03399,1741.7439354348355
0.55,0.45,0.025,176710.8682700242,165615.75645661965,175807.75982509129,190843.92175648257,33321.74439367602,15155.94212733495,29928.054724003538,0.91445,3e-05,19398.936713002466,177462.20611470082,158607.99275161535,0.75488,0.253965,0.015675,1741.7439354348355
0.55,0.45,0.05,176710.8682700242,165615.75645661965,175807.75982509129,190843.92175648257,33321.74439367602,15155.94212733495,29928.054724003538,0.91445,0.0,23148.936713002462,177462.20611470082,154857.99275161535,0.75488,0.253965,0.00701,1741.7439354348355
0.55,0.5,0.0,176710.8682700242,165615.75645661965,175807.75982509129,190843.92175648257,33321.74439367602,15155.94212733495,29928.054724003538,0.91445,0.00217,14226.306102729513,177462.20611470082,163731.1030573504,0.75488,0.253965,0.043685,1741.7439354348355
0.55,0.5,0.025,176710.8682700242,165615.75645661965,175807.75982509129,190843.92175648257,33321.74439367602,15155.94212733495,29928.054724003538,0.91445,8.5e-05,17976.306102729515,177462.20611470082,159981.1030573504,0.75488,0.253965,0.02103,1741.7439354348355
0.55,0.5,0.05,176710.8682700242,165615.75645661965,175807.75982509129,190843.92175648257,33321.74439367602,15155.94212733495,29928.054724003538,0.91445,0.0,21726.30610272951,177462.20611470082,156231.1030573504,0.75488,0.253965,0.009535,1741.7439354348355
0.55,0.55,0.0,176710.8682700242,165615.75645661965,175807.75982509129,190843.92175648257,33321.74439367602,15155.94212733495,29928.054724003538,0.91445,0.004375,12803.67549245656,177462.20611470082,165104.21336308544,0.75488,0.253965,0.05563,1741.7439354348355
0.55,0.55,0.025,176710.8682700242,165615.75645661965,175807.75982509129,190843.92175648257,33321.74439367602,15155.94212733495,29928.054724003538,0.91445,0.000365,16553.67549245656,177462.20611470082,161354.21336308544,0.75488,0.253965,0.02749,1741.7439354348355
0.55,0.55,0.05,176710.8682700242,165615.75645661965,175807.75982509129,190843.92175648257,33321.74439367602,15155.94212733495,29928.054724003538,0.91445,2e-05,20303.67549245656,177462.20611470082,157604.21336308544,0.75488,0.253965,0.012965,1741.7439354348355
0.55,0.6,0.0,176710.8682700242,165615.75645661965,175807.75982509129,190843.92175648257,33321.74439367602,15155.94212733495,29928.054724003538,0.91445,0.00855,11381.04488218361,177462.20611470082,166477.3236688205,0.75488,0.253965,0.07096,1741.7439354348355
0.55,0.6,0.025,176710.8682700242,165615.75645661965,175807.75982509129,190843.92175648257,33321.74439367602,15155.94212733495,29928.054724003538,0.91445,0.001105,15131.04488218361,177462.20611470082,162727.3236688205,0.75488,0.253965,0.034905,1741.7439354348355
0.55,0.6,0.05,176710.8682700242,165615.75645661965,175807.75982509129,190843.92175648257,33321.74439367602,15155.94212733495,29928.054724003538,0.91445,5e-05,18881.04488218361,177462.20611470082,158977.3236688205,0.75488,0.253965,0.017025,1741.7439354348355
0.55,0.65,0.0,176710.8682700242,165615.75645661965,175807.75982509129,190843.92175648257,33321.74439367602,15155.94212733495,29928.054724003538,0.91445,0.015135,9958.414271910658,177462.20611470082,167850.43397455552,0.75488,0.253965,0.09123,1741.7439354348355
0.55,0.65,0.025,176710.8682700242,165615.75645661965,175807.75982509129,190843.92175648257,33321.74439367602,15155.94212733495,29928.054724003538,0.91445,0.00246,13708.414271910658,177462.20611470082,164100.43397455552,0.75488,0.253965,0.044655,1741.7439354348355
0.55,0.65,0.05,176710.8682700242,165615.75645661965,175807.75982509129,190843.92175648257,33321.74439367602,15155.94212733495,29928.054724003538,0.91445,0.00021,17458.414271910657,177462.20611470082,160350.43397455552,0.75488,0.253965,0.02259,1741.7439354348355
0.55,0.7,0.0,176710.8682700242,165615.75645661965,175807.75982509129,190843.92175648257,33321.74439367602,15155.94212733495,29928.054724003538,0.91445,0.026515,8535.78366163771,177462.20611470082,169223.54428029057,0.75488,0.253965,0.120295,1741.7439354348355
0.55,0.7,0.025,176710.8682700242,165615.75645661965,175807.75982509129,190843.92175648257,33321.74439367602,15155.94212733495,29928.054724003538,0.91445,0.005,12285.78366163771,177462.20611470082,165473.54428029057,0.75488,0.253965,0.05673,1741.7439354348355
0.55,0.7,0.05,176710.8682700242,165615.75645661965,175807.75982509129,190843.92175648257,33321.74439367602,15155.94212733495,29928.054724003538,0.91445,0.00068,16035.78366163771,177462.20611470082,161723.54428029057,0.75488,0.253965,0.029295,1741.7439354348355
0.55,0.75,0.0,176710.8682700242,165615.75645661965,175807.75982509129,190843.92175648257,33321.74439367602,15155.94212733495,29928.054724003538,0.91445,0.043685,7113.153051364757,177462.20611470082,170596.65458602563,0.75488,0.253965,0.16384,1741.7439354348355
0.55,0.75,0.025,176710.8682700242,165615.75645661965,175807.75982509129,190843.92175648257,33321.74439367602,15155.94212733495,29928.054724003538,0.91445,0.009535,10863.153051364756,177462.20611470082,166846.65458602563,0.75488,0.253965,0.070995,1741.7439354348355
0.55,0.75,0.05,176710.8682700242,165615.75645661965,175807.75982509129,190843.92175648257,33321.74439367602,15155.94212733495,29928.054724003538,0.91445,0.001705,14613.153051364756,177462.20611470082,163096.65458602563,0.75488,0.253965,0.03736,1741.7439354348355
0.55,0.8,0.0,176710.8682700242,165615.75645661965,175807.75982509129,190843.92175648257,33321.74439367602,15155.94212733495,29928.054724003538,0.91445,0.07096,5690.5224410918045,177462.20611470082,171969.76489176066,0.75488,0.253965,0.226345,1741.7439354348355
0.55,0.8,0.025,176710.8682700242,165615.75645661965,175807.75982509129,190843.92175648257,33321.74439367602,15155.94212733495,29928.054724003538,0.91445,0.017025,9440.522441091805,177462.20611470082,168219.76489176066,0.75488,0.253965,0.0893,1741.7439354348355
0.55,0.8,0.05,176710.8682700242,165615.75645661965,175807.75982509129,190843.92175648257,33321.74439367602,15155.94212733495,29928.054724003538,0.91445,0.003445,13190.522441091805,177462.20611470082,164469.76489176066,0.75488,0.253965,0.047685,1741.7439354348355
0.55,0.85,0.0,176710.8682700242,165615.75645661965,175807.75982509129,190843.92175648257,33321.74439367602,15155.94212733495,29928.054724003538,0.91445,0.120295,4267.891830818855,177462.20611470082,173342.87519749568,0.75488,0.253965,0.306755,1741.7439354348355
0.55,0.85,0.025,176710.8682700242,165615.75645661965,175807.75982509129,190843.92175648257,33321.74439367602,15155.94212733495,29928.054724003538,0.91445,0.029295,8017.891830818855,177462.20611470082,169592.87519749568,0.75488,0.253965,0.116115,1741.7439354348355
0.55,0.85,0.05,176710.8682700242,165615.75645661965,175807.75982509129,190843.92175648257,33321.74439367602,15155.94212733495,29928.054724003538,0.91445,0.006975,11767.891830818853,177462.20611470082,165842.87519749568,0.75488,0.253965,0.06006,1741.7439354348355
0.55,0.9,0.0,176710.8682700242,165615.75645661965,175807.75982509129,190843.92175648257,33321.74439367602,15155.94212733495,29928.054724003538,0.91445,0.226345,2845.2612205459022,177462.20611470082,174715.98550323074,0.75488,0.253965,0.408225,1741.7439354348355
0.55,0.9,0.025,176710.8682700242,165615.75645661965,175807.75982509129,190843.92175648257,33321.74439367602,15155.94212733495,29928.054724003538,0.91445,0.047685,6595.261220545903,177462.20611470082,170965.98550323074,0.75488,0.253965,0.17417,1741.7439354348355
0.55,0.9,0.05,176710.8682700242,165615.75645661965,175807.75982509129,190843.92175648257,33321.74439367602,15155.94212733495,29928.054724003538,0.91445,0.012715,10345.261220545903,177462.20611470082,167215.98550323074,0.75488,0.253965,0.07511,1741.7439354348355
0.55,0.95,0.0,176710.8682700242,165615.75645661965,175807.75982509129,190843.92175648257,33321.74439367602,15155.94212733495,29928.054724003538,0.91445,0.408225,1422.6306102729552,177462.20611470082,176089.09580896577,0.75488,0.253965,0.553365,1741.7439354348355
0.55,0.95,0.025,176710.8682700242,165615.75645661965,175807.75982509129,190843.92175648257,33321.74439367602,15155.94212733495,29928.054724003538,0.91445,0.07511,5172.630610272956,177462.20611470082,172339.09580896577,0.75488,0.253965,0.239665,1741.7439354348355
0.55,0.95,0.05,176710.8682700242,165615.75645661965,175807.75982509129,190843.92175648257,33321.74439367602,15155.94212733495,29928.054724003538,0.91445,0.021605,8922.630610272956,177462.20611470082,168589.09580896577,0.75488,0.253965,0.0927,1741.7439354348355
0.55,1.0,0.0,176710.8682700242,165615.75645661965,175807.75982509129,190843.92175648257,33321.74439367602,15155.94212733495,29928.054724003538,0.91445,0.746035,0.0,177462.20611470082,177462.20611470082,0.75488,0.253965,0.746035,1741.7439354348355
0.55,1.0,0.025,176710.8682700242,165615.75645661965,175807.75982509129,190843.92175648257,33321.74439367602,15155.94212733495,29928.054724003538,0.91445,0.11314,3750.0,177462.20611470082,173712.20611470082,0.75488,0.253965,0.340235,1741.7439354348355
0.55,1.0,0.05,176710.8682700242,165615.75645661965,175807.75982509129,190843.92175648257,33321.74439367602,15155.94212733495,29928.054724003538,0.91445,0.035805,7500.0,177462.20611470082,169962.20611470082,0.75488,0.253965,0.11314,1741.7439354348355
0.6,0.0,0.0,179221.5560562381,167149.40942194816,178234.43853952875,194634.08864430597,30811.05660746209,13511.892477298305,27415.509630407207,0.847015,0.0,31039.213315046207,179958.77030694633,150000.0,0.75488,0.25253,0.001995,1817.6572588080912
0.6,0.0,0.025,179221.5560562381,167149.40942194816,178234.43853952875,194634.08864430597,30811.05660746209,13511.892477298305,27415.509630407207,0.847015,0.0,34789.2133150462,179958.77030694633,146250.0,0.75488,0.25253,0.000575,1817.6572588080912
0.6,0.0,0.05,179221.5560562381,167149.40942194816,178234.43853952875,194634.08864430597,30811.05660746209,13511.892477298305,27415.509630407207,0.847015,0.0,38539.2133150462,179958.77030694633,142500.0,0.75488,0.25253,0.00011,1817.6572588080912
0.6,0.05,0.0,179221.5560562381,167149.40942194816,178234.43853952875,194634.08864430597,30811.05660746209,13511.892477298305,27415.509630407207,0.847015,0.0,29487.2526492939,179958.77030694633,151497.9385153473,0.75488,0.25253,0.002785,1817.6572588080912
0.6,0.05,0.025,179221.5560562381,167149.40942194816,178234.43853952875,194634.08864430597,30811.05660746209,13511.892477298305,27415.509630407207,0.847015,0.0,33237.2526492939,179958.77030694633,147747.9385153473,0.75488,0.25253,0.00097,1817.6572588080912
0.6,0.05,0.05,179221.5560562381,167149.40942194816,178234.43853952875,194634.08864430597,30811.05660746209,13511.892477298305,27415.509630407207,0.847015,0.0,36987.2526492939,179958.77030694633,143997.9385153473,0.75488,0.25253,0.00023,1817.6572588080912
0.6,0.1,0.0,179221.5560562381,167149.40942194816,178234.43853952875,194634.08864430597,30811.05660746209,13511.892477298305,27415.509630407207,0.847015,0.0,27935.29198354159,179958.77030694633,152995.87703069462,0.75488,0.25253,0.004025,1817.6572588080912
0.6,0.1,0.025,179221.5560562381,167149.40942194816,178234.43853952875,194634.08864430597,30811.05660746209,13511.892477298305,27415.509630407207,0.847015,0.0,31685.29198354159,179958.77030694633,149245.87703069462,0.75488,0.25253,0.001505,1817.6572588080912
0.6,0.1,0.05,179221.5560562381,167149.40942194816,178234.43853952875,194634.08864430597,30811.05660746209,13511.892477298305,27415.509630407207,0.847015,0.0,35435.29198354159,179958.77030694633,145495.87703069462,0.75488,0.25253,0.00043,1817.6572588080912
0.6,0.15,0.0,179221.5560562381,167149.40942194816,178234.43853952875,194634.08864430597,30811.05660746209,13511.892477298305,27415.509630407207,0.847015,0.0,26383.331317789278,179958.77030694633,154493.81554604194,0.75488,0.25253,0.005575,1817.6572588080912
0.6,0.15,0.025,179221.5560562381,167149.40942194816,178234.43853952875,194634.08864430597,30811.05660746209,13511.892477298305,27415.509630407207,0.847015,0.0,30133.331317789278,179958.77030694633,150743.81554604194,0.75488,0.25253,0.002215,1817.6572588080912
0.6,0.15,0.05,179221.5560562381,167149.40942194816,178234.43853952875,194634.08864430597,30811.05660746209,13511.892477298305,27415.509630407207,0.847015,0.0,33883.33131778928,179958.77030694633,146993.81554604194,0.75488,0.25253,0.00073,1817.6572588080912
0.6,0.2,0.0,179221.5560562381,167149.40942194816,178234.43853952875,194634.08864430597,30811.05660746209,13511.892477298305,27415.509630407207,0.847015,0.0,24831.370652036967,179958.77030694633,155991.75406138925,0.75488,0.25253,0.007945,1817.6572588080912
0.6,0.2,0.025,179221.5560562381,167149.40942194816,178234.43853952875,194634.08864430597,30811.05660746209,13511.892477298305,27415.509630407207,0.847015,0.0,28581.370652036967,179958.77030694633,152241.75406138925,0.75488,0.25253,0.00323,1817.6572588080912
0.6,0.2,0.05,179221.5560562381,167149.40942194816,178234.43853952875,194634.08864430597,30811.05660746209,13511.892477298305,27415.509630407207,0.847015,0.0,32331.370652036963,179958.77030694633,148491.75406138925,0.75488,0.25253,0.00119,1817.6572588080912
0.6,0.25,0.0,179221.5560562381,167149.40942194816,178234.43853952875,194634.08864430597,30811.05660746209,13511.892477298305,27415.509630407207,0.847015,5e-06,23279.409986284656,179958.77030694633,157489.6925767366,0.75488,0.25253,0.010905,1817.6572588080912
0.6,0.25,0.025,179221.5560562381,167149.40942194816,178234.43853952875,194634.08864430597,30811.05660746209,13511.892477298305,27415.509630407207,0.847015,0.0,27029.409986284656,179958.77030694633,153739.6925767366,0.75488,0.25253,0.00458,1817.6572588080912
0.6,0.25,0.05,179221.5560562381,167149.40942194816,178234.43853952875,194634.08864430597,30811.05660746209,13511.892477298305,27415.509630407207,0.847015,0.0,30779.409986284656,179958.77030694633,149989.6925767366,0.75488,0.25253,0.001905,1817.6572588080912
0.6,0.3,0.0,179221.5560562381,167149.40942194816,178234.43853952875,194634.08864430597,30811.05660746209,13511.892477298305,27415.509630407207,0.847015,3.5e-05,21727.449320532345,179958.77030694633,158987.63109208387,0.75488,0.25253,0.014315,1817.6572588080912
0.6,0.3,0.025,179221.5560562381,167149.40942194816,178234.43853952875,194634.08864430597,30811.05660746209,13511.892477298305,27415.509630407207,0.847015,0.0,25477.449320532345,179958.77030694633,155237.63109208387,0.75488,0.25253,0.006435,1817.6572588080912
0.6,0.3,0.05,179221.5560562381,167149.40942194816,178234.43853952875,194634.08864430597,30811.05660746209,13511.892477298305,27415.509630407207,0.847015,0.0,29227.449320532345,179958.77030694633,151487.63109208387,0.75488,0.25253,0.002695,1817.6572588080912
0.6,0.35,0.0,179221.5560562381,167149.40942194816,178234.43853952875,194634.08864430597,30811.05660746209,13511.892477298305,27415.509630407207,0.847015,0.0001,20175.488654780034,179958.77030694633,160485.5696074312,0.75488,0.25253,0.019145,1817.6572588080912
0.6,0.35,0.025,179221.5560562381,167149.40942194816,178234.43853952875,194634.08864430597,30811.05660746209,13511.892477298305,27415.509630407207,0.847015,0.0,23925.488654780034,179958.77030694633,156735.5696074312,0.75488,0.25253,0.008965,1817.6572588080912
0.6,0.35,0.05,179221.5560562381,167149.40942194816,178234.43853952875,194634.08864430597,30811.05660746209,13511.892477298305,27415.509630407207,0.847015,0.0,27675.488654780034,179958.77030694633,152985.5696074312,0.75488,0.25253,0.00382,1817.6572588080912
0.6,0.4,0.0,179221.5560562381,167149.40942194816,178234.43853952875,194634.08864430597,30811.05660746209,13511.892477298305,27415.509630407207,0.847015,0.000265,18623.527989027723,179958.77030694633,161983.50812277853,0.75488,0.25253,0.02531,1817.6572588080912
0.6,0.4,0.025,179221.5560562381,167149.40942194816,178234.43853952875,194634.08864430597,30811.05660746209,13511.892477298305,27415.509630407207,0.847015,1e-05,22373.527989027723,179958.77030694633,158233.50812277853,0.75488,0.25253,0.012135,1817.6572588080912
0.6,0.4,0.05,179221.5560562381,167149.40942194816,178234.43853952875,194634.08864430597,30811.05660746209,13511.892477298305,27415.509630407207,0.847015,0.0,26123.527989027723,179958.77030694633,154483.50812277853,0.75488,0.25253,0.005455,1817.6572588080912
0.6,0.45,0.0,179221.5560562381,167149.40942194816,178234.43853952875,194634.08864430597,30811.05660746209,13511.892477298305,27415.509630407207,0.847015,0.00085,17071.567323275412,179958.77030694633,163481.44663812587,0.75488,0.25253,0.032465,1817.6572588080912
0.6,0.45,0.025,179221.5560562381,167149.40942194816,178234.43853952875,194634.08864430597,30811.05660746209,13511.892477298305,27415.509630407207,0.847015,3.5e-05,20821.567323275412,179958.77030694633,159731.44663812587,0.75488,0.25253,0.015925,1817.6572588080912
0.6,0.45,0.05,179221.5560562381,167149.40942194816,178234.43853952875,194634.08864430597,30811.05660746209,13511.892477298305,27415.509630407207,0.847015,0.0,24571.567323275412,179958.77030694633,155981.44663812587,0.75488,0.25253,0.00766,1817.6572588080912
0.6,0.5,0.0,179221.5560562381,167149.40942194816,178234.43853952875,194634.08864430597,30811.05660746209,13511.892477298305,27415.509630407207,0.847015,0.001995,15519.606657523103,179958.77030694633,164979.38515347318,0.75488,0.25253,0.04162,1817.6572588080912
0.6,0.5,0.025,179221.5560562381,167149.40942194816,178234.43853952875,194634.08864430597,30811.05660746209,13511.892477298305,27415.509630407207,0.847015,0.00011,19269.6066575231,179958.77030694633,161229.38515347318,0.75488,0.25253,0.021395,1817.6572588080912
0.6,0.5,0.05,179221.5560562381,167149.40942194816,178234.43853952875,194634.08864430597,30811.05660746209,13511.892477298305,27415.509630407207,0.847015,5e-06,23019.6066575231,179958.77030694633,157479.38515347318,0.75488,0.25253,0.01045,1817.6572588080912
0.6,0.55,0.0,179221.5560562381,167149.40942194816,178234.43853952875,194634.08864430597,30811.05660746209,13511.892477298305,27415.509630407207,0.847015,0.004025,13967.645991770793,179958.77030694633,166477.3236688205,0.75488,0.25253,0.05307,1817.6572588080912
0.6,0.55,0.025,179221.5560562381,167149.40942194816,178234.43853952875,194634.08864430597,30811.05660746209,13511.892477298305,27415.509630407207,0.847015,0.00043,17717.64599177079,179958.77030694633,162727.3236688205,0.75488,0.25253,0.027875,1817.6572588080912
0.6,0.55,0.05,179221.5560562381,167149.40942194816,178234.43853952875,194634.08864430597,30811.05660746209,13511.892477298305,27415.509630407207,0.847015,2e-05,21467.64599177079,179958.77030694633,158977.3236688205,0.75488,0.25253,0.013965,1817.6572588080912
0.6,0.6,0.0,179221.5560562381,167149.40942194816,178234.43853952875,194634.08864430597,30811.05660746209,13511.892477298305,27415.509630407207,0.847015,0.007945,12415.685326018483,179958.77030694633,167975.2621841678,0.75488,0.25253,0.067445,1817.6572588080912
0.6,0.6,0.025,179221.5560562381,167149.40942194816,178234.43853952875,194634.08864430597,30811.05660746209,13511.892477298305,27415.509630407207,0.847015,0.00119,16165.685326018483,179958.77030694633,164225.2621841678,0.75488,0.25253,0.035595,1817.6572588080912
0.6,0.6,0.05,179221.5560562381,167149.40942194816,178234.43853952875,194634.08864430597,30811.05660746209,13511.892477298305,27415.509630407207,0.847015,6e-05,19915.685326018483,179958.77030694633,160475.2621841678,0.75488,0.25253,0.018455,1817.6572588080912
0.6,0.65,0.0,179221.5560562381,167149.40942194816,178234.43853952875,194634.08864430597,30811.05660746209,13511.892477298305,27415.509630407207,0.847015,0.014315,10863.724660266173,179958.77030694633,169473.20069951512,0.75488,0.25253,0.085845,1817.6572588080912
0.6,0.65,0.025,179221.5560562381,167149.40942194816,178234.43853952875,194634.08864430597,30811.05660746209,13511.892477298305,27415.509630407207,0.847015,0.002695,14613.724660266173,179958.77030694633,165723.20069951512,0.75488,0.25253,0.04549,1817.6572588080912
0.6,0.65,0.05,179221.5560562381,167149.40942194816,178234.43853952875,194634.08864430597,30811.05660746209,13511.892477298305,27415.509630407207,0.847015,0.000305,18363.724660266173,179958.77030694633,161973.20069951512,0.75488,0.25253,0.024435,1817.6572588080912
0.6,0.7,0.0,179221.5560562381,167149.40942194816,178234.43853952875,194634.08864430597,30811.05660746209,13511.892477298305,27415.509630407207,0.847015,0.02531,9311.763994513862,179958.77030694633,170971.13921486243,0.75488,0.25253,0.111105,1817.6572588080912
0.6,0.7,0.025,179221.5560562381,167149.40942194816,178234.43853952875,194634.08864430597,30811.05660746209,13511.892477298305,27415.509630407207,0.847015,0.005455,13061.763994513862,179958.77030694633,167221.13921486243,0.75488,0.25253,0.057595,1817.6572588080912
0.6,0.7,0.05,179221.5560562381,167149.40942194816,178234.43853952875,194634.08864430597,30811.05660746209,13511.892477298305,27415.509630407207,0.847015,0.00094,16811.76399451386,179958.77030694633,163471.13921486243,0.75488,0.25253,0.031365,1817.6572588080912
0.6,0.75,0.0,179221.5560562381,167149.40942194816,178234.43853952875,194634.08864430597,30811.05660746209,13511.892477298305,27415.509630407207,0.847015,0.04162,7759.8033287615535,179958.77030694633,172469.07773020974,0.75488,0.25253,0.149345,1817.6572588080912
0.6,0.75,0.025,179221.5560562381,167149.40942194816,178234.43853952875,194634.08864430597,30811.05660746209,13511.892477298305,27415.509630407207,0.847015,0.01045,11509.803328761554,179958.77030694633,168719.07773020974,0.75488,0.25253,0.07226,1817.6572588080912
0.6,0.75,0.05,179221.5560562381,167149.40942194816,178234.43853952875,194634.08864430597,30811.05660746209,13511.892477298305,27415.509630407207,0.847015,0.0021,15259.803328761554,179958.77030694633,164969.07773020974,0.75488,0.25253,0.040105,1817.6572588080912
0.6,0.8,0.0,179221.5560562381,167149.40942194816,178234.43853952875,194634.08864430597,30811.05660746209,13511.892477298305,27415.509630407207,0.847015,0.067445,6207.842663009241,179958.77030694633,173967.01624555705,0.75488,0.25253,0.208155,1817.6572588080912
0.6,0.8,0.025,179221.5560562381,167149.40942194816,178234.43853952875,194634.08864430597,30811.05660746209,13511.892477298305,27415.509630407207,0.847015,0.018455,9957.84266300924,179958.77030694633,170217.01624555705,0.75488,0.25253,0.089955,1817.6572588080912
0.6,0.8,0.05,179221.5560562381,167149.40942194816,178234.43853952875,194634.08864430597,30811.05660746209,13511.892477298305,27415.509630407207,0.847015,0.004345,13707.842663009244,179958.77030694633,166467.01624555705,0.75488,0.25253,0.05113,1817.6572588080912
0.6,0.85,0.0,179221.5560562381,167149.40942194816,178234.43853952875,194634.08864430597,30811.05660746209,13511.892477298305,27415.509630407207,0.847015,0.111105,4655.88199725693,179958.77030694633,175464.9547609044,0.75488,0.25253,0.28758,1817.6572588080912
0.6,0.85,0.025,179221.5560562381,167149.40942194816,178234.43853952875,194634.08864430597,30811.05660746209,13511.892477298305,27415.509630407207,0.847015,0.031365,8405.881997256929,179958.77030694633,171714.9547609044,0.75488,0.25253,0.114595,1817.6572588080912
0.6,0.85,0.05,179221.5560562381,167149.40942194816,178234.43853952875,194634.08864430597,30811.05660746209,13511.892477298305,27415.509630407207,0.847015,0.008565,12155.881997256929,179958.77030694633,167964.9547609044,0.75488,0.25253,0.064375,1817.6572588080912
0.6,0.9,0.0,179221.5560562381,167149.40942194816,178234.43853952875,194634.08864430597,30811.05660746209,13511.892477298305,27415.509630407207,0.847015,0.208155,3103.921331504618,179958.77030694633,176962.89327625168,0.75488,0.25253,0.392375,1817.6572588080912
0.6,0.9,0.025,179221.5560562381,167149.40942194816,178234.43853952875,194634.08864430597,30811.05660746209,13511.892477298305,27415.509630407207,0.847015,0.05113,6853.921331504618,179958.77030694633,173212.89327625168,0.75488,0.25253,0.167905,1817.6572588080912
0.6,0.9,0.05,179221.5560562381,167149.40942194816,178234.43853952875,194634.08864430597,30811.05660746209,13511.892477298305,27415.509630407207,0.847015,0.015175,10603.921331504618,179958.77030694633,169462.89327625168,0.75488,0.25253,0.08015,1817.6572588080912
0.6,0.95,0.0,179221.5560562381,167149.40942194816,178234.43853952875,194634.08864430597,30811.05660746209,13511.892477298305,27415.509630407207,0.847015,0.392375,1551.960665752312,179958.77030694633,178460.83179159902,0.75488,0.25253,0.536305,1817.6572588080912
0.6,0.95,0.025,179221.5560562381,167149.40942194816,178234.43853952875,194634.08864430597,30811.05660746209,13511.892477298305,27415.509630407207,0.847015,0.08015,5301.960665752312,179958.77030694633,174710.83179159902,0.75488,0.25253,0.239725,1817.6572588080912
0.6,0.95,0.05,179221.5560562381,167149.40942194816,178234.43853952875,194634.08864430597,30811.05660746209,13511.892477298305,27415.509630407207,0.847015,0.025865,9051.960665752313,179958.77030694633,170960.83179159902,0.75488,0.25253,0.09867,1817.6572588080912
0.6,1.0,0.0,179221.5560562381,167149.40942194816,178234.43853952875,194634.08864430597,30811.05660746209,13511.892477298305,27415.509630407207,0.847015,0.74747,0.0,179958.77030694633,179958.77030694633,0.75488,0.25253,0.74747,1817.6572588080912
0.6,1.0,0.025,179221.5560562381,167149.40942194816,178234.43853952875,194634.08864430597,30811.05660746209,13511.892477298305,27415.509630407207,0.847015,0.120395,3750.0,179958.77030694633,176208.77030694633,0.75488,0.25253,0.344755,1817.6572588080912
0.6,1.0,0.05,179221.5560562381,167149.40942194816,178234.43853952875,194634.08864430597,30811.05660746209,13511.892477298305,27415.509630407207,0.847015,0.04253,7500.0,179958.77030694633,172458.77030694633,0.75488,0.25253,0.120395,1817.6572588080912
0.65,0.0,0.0,181732.06787952696,168677.4687960977,180662.35874586928,198412.7504064887,28300.544784173242,11860.225006392415,24885.07714149842,0.75154,0.0,33625.81442463339,182455.33449919184,150000.0,0.75488,0.251475,0.00186,1893.7465451064306
0.65,0.0,0.025,181732.06787952696,168677.4687960977,180662.35874586928,198412.7504064887,28300.544784173242,11860.225006392415,24885.07714149842,0.75154,0.0,37375.81442463339,182455.33449919184,146250.0,0.75488,0.251475,0.000585,1893.7465451064306
0.65,0.0,0.05,181732.06787952696,168677.4687960977,180662.35874586928,198412.7504064887,28300.544784173242,11860.225006392415,24885.07714149842,0.75154,0.0,41125.81442463339,182455.33449919184,142500.0,0.75488,0.251475,0.00013,1893.7465451064306
0.65,0.05,0.0,181732.06787952696,168677.4687960977,180662.35874586928,198412.7504064887,28300.544784173242,11860.225006392415,24885.07714149842,0.75154,0.0,31944.523703401726,182455.33449919184,151622.7667249596,0.75488,0.251475,0.00261,1893.7465451064306
0.65,0.05,0.025,181732.06787952696,168677.4687960977,180662.35874586928,198412.7504064887,28300.544784173242,11860.225006392415,24885.07714149842,0.75154,0.0,35694.52370340173,182455.33449919184,147872.7667249596,0.75488,0.251475,0.000995,1893.7465451064306
0.65,0.05,0.05,181732.06787952696,168677.4687960977,180662.35874586928,198412.7504064887,28300.544784173242,11860.225006392415,24885.07714149842,0.75154,0.0,39444.52370340173,182455.33449919184,144122.7667249596,0.75488,0.251475,0.000255,1893.7465451064306
0.65,0.1,0.0,181732.06787952696,168677.4687960977,180662.35874586928,198412.7504064887,28300.544784173242,11860.225006392415,24885.07714149842,0.75154,0.0,30263.23298217006,182455.33449919184,153245.5334499192,0.75488,0.251475,0.003755,1893.7465451064306
0.65,0.1,0.025,181732.06787952696,168677.4687960977,180662.35874586928,198412.7504064887,28300.544784173242,11860.225006392415,24885.07714149842,0.75154,0.0,34013.232982170055,182455.33449919184,149495.5334499192,0.75488,0.251475,0.001495,1893.7465451064306
0.65,0.1,0.05,181732.06787952696,168677.4687960977,180662.35874586928,198412.7504064887,28300.544784173242,11860.225006392415,24885.07714149842,0.75154,0.0,37763.232982170055,182455.33449919184,145745.5334499192,0.75488,0.251475,0.00047,1893.7465451064306
0.65,0.15,0.0,181732.06787952696,168677.4687960977,180662.35874586928,198412.7504064887,28300.544784173242,11860.225006392415,24885.07714149842,0.75154,0.0,28581.942260938387,182455.33449919184,154868.3001748788,0.75488,0.251475,0.00532,1893.7465451064306
0.65,0.15,0.025,181732.06787952696,168677.4687960977,180662.35874586928,198412.7504064887,28300.544784173242,11860.225006392415,24885.07714149842,0.75154,0.0,32331.942260938387,182455.33449919184,151118.3001748788,0.75488,0.251475,0.00223,1893.7465451064306
0.65,0.15,0.05,181732.06787952696,168677.4687960977,180662.35874586928,198412.7504064887,28300.544784173242,11860.225006392415,24885.07714149842,0.75154,0.0,36081.942260938384,182455.33449919184,147368.3001748788,0.75488,0.251475,0.00083,1893.7465451064306
0.65,0.2,0.0,181732.06787952696,168677.4687960977,180662.35874586928,198412.7504064887,28300.544784173242,11860.225006392415,24885.07714149842,0.75154,0.0,26900.651539706716,182455.33449919184,156491.0668998384,0.75488,0.251475,0.00754,1893.7465451064306
0.65,0.2,0.025,181732.06787952696,168677.4687960977,180662.35874586928,198412.7504064887,28300.544784173242,11860.225006392415,24885.07714149842,0.75154,0.0,30650.651539706716,182455.33449919184,152741.0668998384,0.75488,0.251475,0.003235,1893.7465451064306
0.65,0.2,0.05,181732.06787952696,168677.4687960977,180662.35874586928,198412.7504064887,28300.544784173242,11860.225006392415,24885.07714149842,0.75154,0.0,34400.65153970672,182455.33449919184,148991.0668998384,0.75488,0.251475,0.00126,1893.7465451064306
0.65,0.25,0.0,181732.06787952696,168677.4687960977,180662.35874586928,198412.7504064887,28300.544784173242,11860.225006392415,24885.07714149842,0.75154,5e-06,25219.360818475045,182455.33449919184,158113.833624798,0.75488,0.251475,0.01039,1893.7465451064306
0.65,0.25,0.025,181732.06787952696,168677.4687960977,180662.35874586928,198412.7504064887,28300.544784173242,11860.225006392415,24885.07714149842,0.75154,0.0,28969.360818475045,182455.33449919184,154363.833624798,0.75488,0.251475,0.0046,1893.7465451064306
0.65,0.25,0.05,181732.06787952696,168677.4687960977,180662.35874586928,198412.7504064887,28300.544784173242,11860.225006392415,24885.07714149842,0.75154,0.0,32719.360818475045,182455.33449919184,150613.833624798,0.75488,0.251475,0.002025,1893.7465451064306
0.65,0.3,0.0,181732.06787952696,168677.4687960977,180662.35874586928,198412.7504064887,28300.544784173242,11860.225006392415,24885.07714149842,0.75154,3.5e-05,23538.070097243377,182455.33449919184,159736.60034975756,0.75488,0.251475,0.013735,1893.7465451064306
0.65,0.3,0.025,181732.06787952696,168677.4687960977,180662.35874586928,198412.7504064887,28300.544784173242,11860.225006392415,24885.07714149842,0.75154,0.0,27288.070097243377,182455.33449919184,155986.60034975756,0.75488,0.251475,0.00653,1893.7465451064306
0.65,0.3,0.05,181732.06787952696,168677.4687960977,180662.35874586928,198412.7504064887,28300.544784173242,11860.225006392415,24885.07714149842,0.75154,0.0,31038.070097243377,182455.33449919184,152236.60034975756,0.75488,0.251475,0.00298,1893.7465451064306
0.65,0.35,0.0,181732.06787952696,168677.4687960977,180662.35874586928,198412.7504064887,28300.544784173242,11860.225006392415,24885.07714149842,0.75154,9.5e-05,21856.77937601171,182455.33449919184,161359.36707471716,0.75488,0.251475,0.01837,1893.7465451064306
0.65,0.35,0.025,181732.06787952696,168677.4687960977,180662.35874586928,198412.7504064887,28300.544784173242,11860.225006392415,24885.07714149842,0.75154,0.0,25606.779376011706,182455.33449919184,157609.36707471716,0.75488,0.251475,0.0091,1893.7465451064306
0.65,0.35,0.05,181732.06787952696,168677.4687960977,180662.35874586928,198412.7504064887,28300.544784173242,11860.225006392415,24885.07714149842,0.75154,0.0,29356.779376011706,182455.33449919184,153859.36707471716,0.75488,0.251475,0.00415,1893.7465451064306
0.65,0.4,0.0,181732.06787952696,168677.4687960977,180662.35874586928,198412.7504064887,28300.544784173242,11860.225006392415,24885.07714149842,0.75154,0.00023,20175.488654780038,182455.33449919184,162982.13379967675,0.75488,0.251475,0.024165,1893.7465451064306
0.65,0.4,0.025,181732.06787952696,168677.4687960977,180662.35874586928,198412.7504064887,28300.544784173242,11860.225006392415,24885.07714149842,0.75154,1e-05,23925.48865478004,182455.33449919184,159232.13379967675,0.75488,0.251475,0.01241,1893.7465451064306
0.65,0.4,0.05,181732.06787952696,168677.4687960977,180662.35874586928,198412.7504064887,28300.544784173242,11860.225006392415,24885.07714149842,0.75154,0.0,27675.48865478004,182455.33449919184,155482.13379967675,0.75488,0.251475,0.005885,1893.7465451064306
0.65,0.45,0.0,181732.06787952696,168677.4687960977,180662.35874586928,198412.7504064887,28300.544784173242,11860.225006392415,24885.07714149842,0.75154,0.00081,18494.197933548363,182455.33449919184,164604.90052463632,0.75488,0.251475,0.031315,1893.7465451064306
0.65,0.45,0.025,181732.06787952696,168677.4687960977,180662.35874586928,198412.7504064887,28300.544784173242,11860.225006392415,24885.07714149842,0.75154,3.5e-05,22244.197933548363,182455.33449919184,160854.90052463632,0.75488,0.251475,0.01615,1893.7465451064306
0.65,0.45,0.05,181732.06787952696,168677.4687960977,180662.35874586928,198412.7504064887,28300.544784173242,11860.225006392415,24885.07714149842,0.75154,0.0,25994.197933548363,182455.33449919184,157104.90052463632,0.75488,0.251475,0.008215,1893.7465451064306
0.65,0.5,0.0,181732.06787952696,168677.4687960977,180662.35874586928,198412.7504064887,28300.544784173242,11860.225006392415,24885.07714149842,0.75154,0.00186,16812.907212316695,182455.33449919184,166227.66724959592,0.75488,0.251475,0.04009,1893.7465451064306
0.65,0.5,0.025,181732.06787952696,168677.4687960977,180662.35874586928,198412.7504064887,28300.544784173242,11860.225006392415,24885.07714149842,0.75154,0.00013,20562.907212316695,182455.33449919184,162477.66724959592,0.75488,0.251475,0.021665,1893.7465451064306
0.65,0.5,0.05,181732.06787952696,168677.4687960977,180662.35874586928,198412.7504064887,28300.544784173242,11860.225006392415,24885.07714149842,0.75154,5e-06,24312.907212316695,182455.33449919184,158727.66724959592,0.75488,0.251475,0.011185,1893.7465451064306
0.65,0.55,0.0,181732.06787952696,168677.4687960977,180662.35874586928,198412.7504064887,28300.544784173242,11860.225006392415,24885.07714149842,0.75154,0.003755,15131.616491085024,182455.33449919184,167850.43397455552,0.75488,0.251475,0.05117,1893.7465451064306
0.65,0.55,0.025,181732.06787952696,168677.4687960977,180662.35874586928,198412.7504064887,28300.544784173242,11860.225006392415,24885.07714149842,0.75154,0.00047,18881.616491085024,182455.33449919184,164100.43397455552,0.75488,0.251475,0.028385,1893.7465451064306
0.65,0.55,0.05,181732.06787952696,168677.4687960977,180662.35874586928,198412.7504064887,28300.544784173242,11860.225006392415,24885.07714149842,0.75154,2.5e-05,22631.616491085024,182455.33449919184,160350.43397455552,0.75488,0.251475,0.014945,1893.7465451064306
0.65,0.6,0.0,181732.06787952696,168677.4687960977,180662.35874586928,198412.7504064887,28300.544784173242,11860.225006392415,24885.07714149842,0.75154,0.00754,13450.325769853358,182455.33449919184,169473.20069951512,0.75488,0.251475,0.064895,1893.7465451064306
0.65,0.6,0.025,181732.06787952696,168677.4687960977,180662.35874586928,198412.7504064887,28300.544784173242,11860.225006392415,24885.07714149842,0.75154,0.00126,17200.32576985336,182455.33449919184,165723.20069951512,0.75488,0.251475,0.03601,1893.7465451064306
0.65,0.6,0.05,181732.06787952696,168677.4687960977,180662.35874586928,198412.7504064887,28300.544784173242,11860.225006392415,24885.07714149842,0.75154,0.0001,20950.32576985336,182455.33449919184,161973.20069951512,0.75488,0.251475,0.0198,1893.7465451064306
0.65,0.65,0.0,181732.06787952696,168677.4687960977,180662.35874586928,198412.7504064887,28300.544784173242,11860.225006392415,24885.07714149842,0.75154,0.013735,11769.035048621688,182455.33449919184,171095.96742447471,0.75488,0.251475,0.0818,1893.7465451064306
0.65,0.65,0.025,181732.06787952696,168677.4687960977,180662.35874586928,198412.7504064887,28300.544784173242,11860.225006392415,24885.07714149842,0.75154,0.00298,15519.035048621688,182455.33449919184,167345.96742447471,0.75488,0.251475,0.046075,1893.7465451064306
0.65,0.65,0.05,181732.06787952696,168677.4687960977,180662.35874586928,198412.7504064887,28300.544784173242,11860.225006392415,24885.07714149842,0.75154,0.000445,19269.03504862169,182455.33449919184,163595.96742447471,0.75488,0.251475,0.026005,1893.7465451064306
0.65,0.7,0.0,181732.06787952696,168677.4687960977,180662.35874586928,198412.7504064887,28300.544784173242,11860.225006392415,24885.07714149842,0.75154,0.024165,10087.74432739002,182455.33449919184,172718.7341494343,0.75488,0.251475,0.104785,1893.7465451064306
0.65,0.7,0.025,181732.06787952696,168677.4687960977,180662.35874586928,198412.7504064887,28300.544784173242,11860.225006392415,24885.07714149842,0.75154,0.005885,13837.74432739002,182455.33449919184,168968.7341494343,0.75488,0.251475,0.058605,1893.7465451064306
0.65,0.7,0.05,181732.06787952696,168677.4687960977,180662.35874586928,198412.7504064887,28300.544784173242,11860.225006392415,24885.07714149842,0.75154,0.001155,17587.74432739002,182455.33449919184,165218.7341494343,0.75488,0.251475,0.033345,1893.7465451064306
0.65,0.75,0.0,181732.06787952696,168677.4687960977,180662.35874586928,198412.7504064887,28300.544784173242,11860.225006392415,24885.07714149842,0.75154,0.04009,8406.453606158348,182455.33449919184,174341.5008743939,0.75488,0.251475,0.138135,1893.7465451064306
0.65,0.75,0.025,181732.06787952696,168677.4687960977,180662.35874586928,198412.7504064887,28300.544784173242,11860.225006392415,24885.07714149842,0.75154,0.011185,12156.453606158348,182455.33449919184,170591.5008743939,0.75488,0.251475,0.07331,1893.7465451064306
0.65,0.75,0.05,181732.06787952696,168677.4687960977,180662.35874586928,198412.7504064887,28300.544784173242,11860.225006392415,24885.07714149842,0.75154,0.00264,15906.453606158348,182455.33449919184,166841.5008743939,0.75488,0.251475,0.042555,1893.7465451064306
0.65,0.8,0.0,181732.06787952696,168677.4687960977,180662.35874586928,198412.7504064887,28300.544784173242,11860.225006392415,24885.07714149842,0.75154,0.064895,6725.162884926679,182455.33449919184,175964.2675993535,0.75488,0.251475,0.19179,1893.7465451064306
0.65,0.8,0.025,181732.06787952696,168677.4687960977,180662.35874586928,198412.7504064887,28300.544784173242,11860.225006392415,24885.07714149842,0.75154,0.0198,10475.16288492668,182455.33449919184,172214.2675993535,0.75488,0.251475,0.091075,1893.7465451064306
0.65,0.8,0.05,181732.06787952696,168677.4687960977,180662.35874586928,198412.7504064887,28300.544784173242,11860.225006392415,24885.07714149842,0.75154,0.005295,14225.162884926676,182455.33449919184,168464.2675993535,0.75488,0.251475,0.054415,1893.7465451064306
0.65,0.85,0.0,181732.06787952696,168677.4687960977,180662.35874586928,198412.7504064887,28300.544784173242,11860.225006392415,24885.07714149842,0.75154,0.104785,5043.87216369501,182455.33449919184,177587.03432431308,0.75488,0.251475,0.270415,1893.7465451064306
0.65,0.85,0.025,181732.06787952696,168677.4687960977,180662.35874586928,198412.7504064887,28300.544784173242,11860.225006392415,24885.07714149842,0.75154,0.033345,8793.87216369501,182455.33449919184,173837.03432431308,0.75488,0.251475,0.11451,1893.7465451064306
0.65,0.85,0.05,181732.06787952696,168677.4687960977,180662.35874586928,198412.7504064887,28300.544784173242,11860.225006392415,24885.07714149842,0.75154,0.010065,12543.87216369501,182455.33449919184,170087.03432431308,0.75488,0.251475,0.068165,1893.7465451064306
0.65,0.9,0.0,181732.06787952696,168677.4687960977,180662.35874586928,198412.7504064887,28300.544784173242,11860.225006392415,24885.07714149842,0.75154,0.19179,3362.581442463336,182455.33449919184,179209.80104927268,0.75488,0.251475,0.377635,1893.7465451064306
0.65,0.9,0.025,181732.06787952696,168677.4687960977,180662.35874586928,198412.7504064887,28300.544784173242,11860.225006392415,24885.07714149842,0.75154,0.054415,7112.581442463336,182455.33449919184,175459.80104927268,0.75488,0.251475,0.16162,1893.7465451064306
0.65,0.9,0.05,181732.06787952696,168677.4687960977,180662.35874586928,198412.7504064887,28300.544784173242,11860.225006392415,24885.07714149842,0.75154,0.01782,10862.581442463335,182455.33449919184,171709.80104927268,0.75488,0.251475,0.08466,1893.7465451064306
0.65,0.95,0.0,181732.06787952696,168677.4687960977,180662.35874586928,198412.7504064887,28300.544784173242,11860.225006392415,24885.07714149842,0.75154,0.377635,1681.2907212316738,182455.33449919184,180832.56777423227,0.75488,0.251475,0.52112,1893.7465451064306
0.65,0.95,0.025,181732.06787952696,168677.4687960977,180662.35874586928,198412.7504064887,28300.544784173242,11860.225006392415,24885.07714149842,0.75154,0.08466,5431.290721231674,182455.33449919184,177082.56777423227,0.75488,0.251475,0.23984,1893.7465451064306
0.65,0.95,0.05,181732.06787952696,168677.4687960977,180662.35874586928,198412.7504064887,28300.544784173242,11860.225006392415,24885.07714149842,0.75154,0.02988,9181.290721231673,182455.33449919184,173332.56777423227,0.75488,0.251475,0.104155,1893.7465451064306
0.65,1.0,0.0,181732.06787952696,168677.4687960977,180662.35874586928,198412.7504064887,28300.544784173242,11860.225006392415,24885.07714149842,0.75154,0.748525,0.0,182455.33449919184,182455.33449919184,0.75488,0.251475,0.748525,1893.7465451064306
0.65,1.0,0.025,181732.06787952696,168677.4687960977,180662.35874586928,198412.7504064887,28300.544784173242,11860.225006392415,24885.07714149842,0.75154,0.12727,3750.0,182455.33449919184,178705.33449919184,0.75488,0.251475,0.348635,1893.7465451064306
0.65,1.0,0.05,181732.06787952696,168677.4687960977,180662.35874586928,198412.7504064887,28300.544784173242,11860.225006392415,24885.07714149842,0.75154,0.049095,7500.0,182455.33449919184,174955.33449919184,0.75488,0.251475,0.12727,1893.7465451064306
0.7,0.0,0.0,184242.44293571977,170202.89415496218,183087.66573326726,202198.24936470584,25790.169727980472,10204.189710622084,22353.97137951714,0.64257,0.0,36212.41553422057,184951.89869143738,150000.0,0.75488,0.250505,0.00172,1969.9725985008422
0.7,0.0,0.025,184242.44293571977,170202.89415496218,183087.66573326726,202198.24936470584,25790.169727980472,10204.189710622084,22353.97137951714,0.64257,0.0,39962.41553422057,184951.89869143738,146250.0,0.75488,0.250505,0.000585,1969.9725985008422
0.7,0.0,0.05,184242.44293571977,170202.89415496218,183087.66573326726,202198.24936470584,25790.169727980472,10204.189710622084,22353.97137951714,0.64257,0.0,43712.41553422058,184951.89869143738,142500.0,0.75488,0.250505,0.000145,1969.9725985008422
0.7,0.05,0.0,184242.44293571977,170202.89415496218,183087.66573326726,202198.24936470584,25790.169727980472,10204.189710622084,22353.97137951714,0.64257,0.0,34401.794757509546,184951.89869143738,151747.59493457188,0.75488,0.250505,0.002425,1969.9725985008422
0.7,0.05,0.025,184242.44293571977,170202.89415496218,183087.66573326726,202198.24936470584,25790.169727980472,10204.189710622084,22353.97137951714,0.64257,0.0,38151.794757509546,184951.89869143738,147997.59493457188,0.75488,0.250505,0.000985,1969.9725985008422
0.7,0.05,0.05,184242.44293571977,170202.89415496218,183087.66573326726,202198.24936470584,25790.169727980472,10204.189710622084,22353.97137951714,0.64257,0.0,41901.794757509546,184951.89869143738,144247.59493457188,0.75488,0.250505,0.000275,1969.9725985008422
0.7,0.1,0.0,184242.44293571977,170202.89415496218,183087.66573326726,202198.24936470584,25790.169727980472,10204.189710622084,22353.97137951714,0.64257,0.0,32591.173980798518,184951.89869143738,153495.18986914374,0.75488,0.250505,0.003515,1969.9725985008422
0.7,0.1,0.025,184242.44293571977,170202.89415496218,183087.66573326726,202198.24936470584,25790.169727980472,10204.189710622084,22353.97137951714,0.64257,0.0,36341.17398079852,184951.89869143738,149745.18986914374,0.75488,0.250505,0.00148,1969.9725985008422
0.7,0.1,0.05,184242.44293571977,170202.89415496218,183087.66573326726,202198.24936470584,25790.169727980472,10204.189710622084,22353.97137951714,0.64257,0.0,40091.173980798514,184951.89869143738,145995.18986914374,0.75488,0.250505,0.000515,1969.9725985008422
0.7,0.15,0.0,184242.44293571977,170202.89415496218,183087.66573326726,202198.24936470584,25790.169727980472,10204.189710622084,22353.97137951714,0.64257,0.0,30780.553204087486,184951.89869143738,155242.7848037156,0.75488,0.250505,0.005105,1969.9725985008422
0.7,0.15,0.025,184242.44293571977,170202.89415496218,183087.66573326726,202198.24936470584,25790.169727980472,10204.189710622084,22353.97137951714,0.64257,0.0,34530.55320408749,184951.89869143738,151492.7848037156,0.75488,0.250505,0.00226,1969.9725985008422
0.7,0.15,0.05,184242.44293571977,170202.89415496218,183087.66573326726,202198.24936470584,25790.169727980472,10204.189710622084,22353.97137951714,0.64257,0.0,38280.55320408749,184951.89869143738,147742.7848037156,0.75488,0.250505,0.000925,1969.9725985008422
0.7,0.2,0.0,184242.44293571977,170202.89415496218,183087.66573326726,202198.24936470584,25790.169727980472,10204.189710622084,22353.97137951714,0.64257,0.0,28969.93242737646,184951.89869143738,156990.37973828748,0.75488,0.250505,0.00723,1969.9725985008422
0.7,0.2,0.025,184242.44293571977,170202.89415496218,183087.66573326726,202198.24936470584,25790.169727980472,10204.189710622084,22353.97137951714,0.64257,0.0,32719.93242737646,184951.89869143738,153240.37973828748,0.75488,0.250505,0.003315,1969.9725985008422
0.7,0.2,0.05,184242.44293571977,170202.89415496218,183087.66573326726,202198.24936470584,25790.169727980472,10204.189710622084,22353.97137951714,0.64257,0.0,36469.93242737646,184951.89869143738,149490.37973828748,0.75488,0.250505,0.00137,1969.9725985008422
0.7,0.25,0.0,184242.44293571977,170202.89415496218,183087.66573326726,202198.24936470584,25790.169727980472,10204.189710622084,22353.97137951714,0.64257,5e-06,27159.31165066543,184951.89869143738,158737.97467285936,0.75488,0.250505,0.009955,1969.9725985008422
0.7,0.25,0.025,184242.44293571977,170202.89415496218,183087.66573326726,202198.24936470584,25790.169727980472,10204.189710622084,22353.97137951714,0.64257,0.0,30909.31165066543,184951.89869143738,154987.97467285936,0.75488,0.250505,0.004645,1969.9725985008422
0.7,0.25,0.05,184242.44293571977,170202.89415496218,183087.66573326726,202198.24936470584,25790.169727980472,10204.189710622084,22353.97137951714,0.64257,0.0,34659.31165066543,184951.89869143738,151237.97467285936,0.75488,0.250505,0.002165,1969.9725985008422
0.7,0.3,0.0,184242.44293571977,170202.89415496218,183087.66573326726,202198.24936470584,25790.169727980472,10204.189710622084,22353.97137951714,0.64257,2e-05,25348.6908739544,184951.89869143738,160485.5696074312,0.75488,0.250505,0.01331,1969.9725985008422
0.7,0.3,0.025,184242.44293571977,170202.89415496218,183087.66573326726,202198.24936470584,25790.169727980472,10204.189710622084,22353.97137951714,0.64257,0.0,29098.6908739544,184951.89869143738,156735.5696074312,0.75488,0.250505,0.006555,1969.9725985008422
0.7,0.3,0.05,184242.44293571977,170202.89415496218,183087.66573326726,202198.24936470584,25790.169727980472,10204.189710622084,22353.97137951714,0.64257,0.0,32848.6908739544,184951.89869143738,152985.5696074312,0.75488,0.250505,0.00318,1969.9725985008422
0.7,0.35,0.0,184242.44293571977,170202.89415496218,183087.66573326726,202198.24936470584,25790.169727980472,10204.189710622084,22353.97137951714,0.64257,7e-05,23538.070097243377,184951.89869143738,162233.16454200307,0.75488,0.250505,0.01775,1969.9725985008422
0.7,0.35,0.025,184242.44293571977,170202.89415496218,183087.66573326726,202198.24936470584,25790.169727980472,10204.189710622084,22353.97137951714,0.64257,0.0,27288.070097243377,184951.89869143738,158483.16454200307,0.75488,0.250505,0.009295,1969.9725985008422
0.7,0.35,0.05,184242.44293571977,170202.89415496218,183087.66573326726,202198.24936470584,25790.169727980472,10204.189710622084,22353.97137951714,0.64257,0.0,31038.070097243377,184951.89869143738,154733.16454200307,0.75488,0.250505,0.004485,1969.9725985008422
0.7,0.4,0.0,184242.44293571977,170202.89415496218,183087.66573326726,202198.24936470584,25790.169727980472,10204.189710622084,22353.97137951714,0.64257,0.0002,21727.449320532345,184951.89869143738,163980.75947657495,0.75488,0.250505,0.023385,1969.9725985008422
0.7,0.4,0.025,184242.44293571977,170202.89415496218,183087.66573326726,202198.24936470584,25790.169727980472,10204.189710622084,22353.97137951714,0.64257,1e-05,25477.449320532345,184951.89869143738,160230.75947657495,0.75488,0.250505,0.01258,1969.9725985008422
0.7,0.4,0.05,184242.44293571977,170202.89415496218,183087.66573326726,202198.24936470584,25790.169727980472,10204.189710622084,22353.97137951714,0.64257,0.0,29227.449320532345,184951.89869143738,156480.75947657495,0.75488,0.250505,0.00634,1969.9725985008422
0.7,0.45,0.0,184242.44293571977,170202.89415496218,183087.66573326726,202198.24936470584,25790.169727980472,10204.189710622084,22353.97137951714,0.64257,0.00072,19916.828543821317,184951.89869143738,165728.35441114684,0.75488,0.250505,0.030405,1969.9725985008422
0.7,0.45,0.025,184242.44293571977,170202.89415496218,183087.66573326726,202198.24936470584,25790.169727980472,10204.189710622084,22353.97137951714,0.64257,3.5e-05,23666.82854382131,184951.89869143738,161978.35441114684,0.75488,0.250505,0.016485,1969.9725985008422
0.7,0.45,0.05,184242.44293571977,170202.89415496218,183087.66573326726,202198.24936470584,25790.169727980472,10204.189710622084,22353.97137951714,0.64257,0.0,27416.82854382131,184951.89869143738,158228.35441114684,0.75488,0.250505,0.00877,1969.9725985008422
0.7,0.5,0.0,184242.44293571977,170202.89415496218,183087.66573326726,202198.24936470584,25790.169727980472,10204.189710622084,22353.97137951714,0.64257,0.00172,18106.20776711029,184951.89869143738,167475.9493457187,0.75488,0.250505,0.03886,1969.9725985008422
0.7,0.5,0.025,184242.44293571977,170202.89415496218,183087.66573326726,202198.24936470584,25790.169727980472,10204.189710622084,22353.97137951714,0.64257,0.000145,21856.20776711029,184951.89869143738,163725.9493457187,0.75488,0.250505,0.021875,1969.9725985008422
0.7,0.5,0.05,184242.44293571977,170202.89415496218,183087.66573326726,202198.24936470584,25790.169727980472,10204.189710622084,22353.97137951714,0.64257,1.5e-05,25606.20776711029,184951.89869143738,159975.9493457187,0.75488,0.250505,0.011975,1969.9725985008422
0.7,0.55,0.0,184242.44293571977,170202.89415496218,183087.66573326726,202198.24936470584,25790.169727980472,10204.189710622084,22353.97137951714,0.64257,0.003515,16295.586990399259,184951.89869143738,169223.54428029057,0.75488,0.250505,0.049635,1969.9725985008422
0.7,0.55,0.025,184242.44293571977,170202.89415496218,183087.66573326726,202198.24936470584,25790.169727980472,10204.189710622084,22353.97137951714,0.64257,0.000515,20045.586990399257,184951.89869143738,165473.54428029057,0.75488,0.250505,0.02872,1969.9725985008422
0.7,0.55,0.05,184242.44293571977,170202.89415496218,183087.66573326726,202198.24936470584,25790.169727980472,10204.189710622084,22353.97137951714,0.64257,3.5e-05,23795.586990399257,184951.89869143738,161723.54428029057,0.75488,0.250505,0.01585,1969.9725985008422
0.7,0.6,0.0,184242.44293571977,170202.89415496218,183087.66573326726,202198.24936470584,25790.169727980472,10204.189710622084,22353.97137951714,0.64257,0.00723,14484.96621368823,184951.89869143738,170971.13921486243,0.75488,0.250505,0.06292,1969.9725985008422
0.7,0.6,0.025,184242.44293571977,170202.89415496218,183087.66573326726,202198.24936470584,25790.169727980472,10204.189710622084,22353.97137951714,0.64257,0.00137,18234.96621368823,184951.89869143738,167221.13921486243,0.75488,0.250505,0.036585,1969.9725985008422
0.7,0.6,0.05,184242.44293571977,170202.89415496218,183087.66573326726,202198.24936470584,25790.169727980472,10204.189710622084,22353.97137951714,0.64257,0.000125,21984.966213688225,184951.89869143738,163471.13921486243,0.75488,0.250505,0.021115,1969.9725985008422
0.7,0.65,0.0,184242.44293571977,170202.89415496218,183087.66573326726,202198.24936470584,25790.169727980472,10204.189710622084,22353.97137951714,0.64257,0.01331,12674.3454369772,184951.89869143738,172718.7341494343,0.75488,0.250505,0.079225,1969.9725985008422
0.7,0.65,0.025,184242.44293571977,170202.89415496218,183087.66573326726,202198.24936470584,25790.169727980472,10204.189710622084,22353.97137951714,0.64257,0.00318,16424.3454369772,184951.89869143738,168968.7341494343,0.75488,0.250505,0.04671,1969.9725985008422
0.7,0.65,0.05,184242.44293571977,170202.89415496218,183087.66573326726,202198.24936470584,25790.169727980472,10204.189710622084,22353.97137951714,0.64257,0.000555,20174.3454369772,184951.89869143738,165218.7341494343,0.75488,0.250505,0.027455,1969.9725985008422
0.7,0.7,0.0,184242.44293571977,170202.89415496218,183087.66573326726,202198.24936470584,25790.169727980472,10204.189710622084,22353.97137951714,0.64257,0.023385,10863.724660266174,184951.89869143738,174466.32908400617,0.75488,0.250505,0.10038,1969.9725985008422
0.7,0.7,0.025,184242.44293571977,170202.89415496218,183087.66573326726,202198.24936470584,25790.169727980472,10204.189710622084,22353.97137951714,0.64257,0.00634,14613.724660266174,184951.89869143738,170716.32908400617,0.75488,0.250505,0.059515,1969.9725985008422
0.7,0.7,0.05,184242.44293571977,170202.89415496218,183087.66573326726,202198.24936470584,25790.169727980472,10204.189710622084,22353.97137951714,0.64257,0.001375,18363.724660266176,184951.89869143738,166966.32908400617,0.75488,0.250505,0.03515,1969.9725985008422
0.7,0.75,0.0,184242.44293571977,170202.89415496218,183087.66573326726,202198.24936470584,25790.169727980472,10204.189710622084,22353.97137951714,0.64257,0.03886,9053.103883555148,184951.89869143738,176213.92401857802,0.75488,0.250505,0.129945,1969.9725985008422
0.7,0.75,0.025,184242.44293571977,170202.89415496218,183087.66573326726,202198.24936470584,25790.169727980472,10204.189710622084,22353.97137951714,0.64257,0.011975,12803.103883555144,184951.89869143738,172463.92401857802,0.75488,0.250505,0.074195,1969.9725985008422
0.7,0.75,0.05,184242.44293571977,170202.89415496218,183087.66573326726,202198.24936470584,25790.169727980472,10204.189710622084,22353.97137951714,0.64257,0.003165,16553.103883555144,184951.89869143738,168713.92401857802,0.75488,0.250505,0.044825,1969.9725985008422
0.7,0.8,0.0,184242.44293571977,170202.89415496218,183087.66573326726,202198.24936470584,25790.169727980472,10204.189710622084,22353.97137951714,0.64257,0.06292,7242.483106844115,184951.89869143738,177961.5189531499,0.75488,0.250505,0.17829,1969.9725985008422
0.7,0.8,0.025,184242.44293571977,170202.89415496218,183087.66573326726,202198.24936470584,25790.169727980472,10204.189710622084,22353.97137951714,0.64257,0.021115,10992.483106844118,184951.89869143738,174211.5189531499,0.75488,0.250505,0.092135,1969.9725985008422
0.7,0.8,0.05,184242.44293571977,170202.89415496218,183087.66573326726,202198.24936470584,25790.169727980472,10204.189710622084,22353.97137951714,0.64257,0.00629,14742.483106844118,184951.89869143738,170461.5189531499,0.75488,0.250505,0.057555,1969.9725985008422
0.7,0.85,0.0,184242.44293571977,170202.89415496218,183087.66573326726,202198.24936470584,25790.169727980472,10204.189710622084,22353.97137951714,0.64257,0.10038,5431.862330133086,184951.89869143738,179709.1138877218,0.75488,0.250505,0.254965,1969.9725985008422
0.7,0.85,0.025,184242.44293571977,170202.89415496218,183087.66573326726,202198.24936470584,25790.169727980472,10204.189710622084,22353.97137951714,0.64257,0.03515,9181.862330133086,184951.89869143738,175959.1138877218,0.75488,0.250505,0.114955,1969.9725985008422
0.7,0.85,0.05,184242.44293571977,170202.89415496218,183087.66573326726,202198.24936470584,25790.169727980472,10204.189710622084,22353.97137951714,0.64257,0.01168,12931.862330133084,184951.89869143738,172209.1138877218,0.75488,0.250505,0.071755,1969.9725985008422
0.7,0.9,0.0,184242.44293571977,170202.89415496218,183087.66573326726,202198.24936470584,25790.169727980472,10204.189710622084,22353.97137951714,0.64257,0.17829,3621.2415534220554,184951.89869143738,181456.70882229364,0.75488,0.250505,0.36298,1969.9725985008422
0.7,0.9,0.025,184242.44293571977,170202.89415496218,183087.66573326726,202198.24936470584,25790.169727980472,10204.189710622084,22353.97137951714,0.64257,0.057555,7371.241553422055,184951.89869143738,177706.70882229364,0.75488,0.250505,0.15722,1969.9725985008422
0.7,0.9,0.05,184242.44293571977,170202.89415496218,183087.66573326726,202198.24936470584,25790.169727980472,10204.189710622084,22353.97137951714,0.64257,0.020545,11121.241553422054,184951.89869143738,173956.70882229364,0.75488,0.250505,0.08886,1969.9725985008422
0.7,0.95,0.0,184242.44293571977,170202.89415496218,183087.66573326726,202198.24936470584,25790.169727980472,10204.189710622084,22353.97137951714,0.64257,0.36298,1810.6207767110307,184951.89869143738,183204.3037568655,0.75488,0.250505,0.50792,1969.9725985008422
0.7,0.95,0.025,184242.44293571977,170202.89415496218,183087.66573326726,202198.24936470584,25790.169727980472,10204.189710622084,22353.97137951714,0.64257,0.08886,5560.62077671103,184951.89869143738,179454.3037568655,0.75488,0.250505,0.239485,1969.9725985008422
0.7,0.95,0.05,184242.44293571977,170202.89415496218,183087.66573326726,202198.24936470584,25790.169727980472,10204.189710622084,22353.97137951714,0.64257,0.03395,9310.62077671103,184951.89869143738,175704.3037568655,0.75488,0.250505,0.109035,1969.9725985008422
0.7,1.0,0.0,184242.44293571977,170202.89415496218,183087.66573326726,202198.24936470584,25790.169727980472,10204.189710622084,22353.97137951714,0.64257,0.749495,0.0,184951.89869143738,184951.89869143738,0.75488,0.250505,0.749495,1969.9725985008422
0.7,1.0,0.025,184242.44293571977,170202.89415496218,183087.66573326726,202198.24936470584,25790.169727980472,10204.189710622084,22353.97137951714,0.64257,0.133275,3750.0,184951.89869143738,181201.89869143738,0.75488,0.250505,0.35228,1969.9725985008422
0.7,1.0,0.05,184242.44293571977,170202.89415496218,183087.66573326726,202198.24936470584,25790.169727980472,10204.189710622084,22353.97137951714,0.64257,0.055465,7500.0,184951.89869143738,177451.89869143738,0.75488,0.250505,0.133275,1969.9725985008422
0.75,0.0,0.0,186752.69143007518,171734.40559755632,185515.92201252034,205974.1567786125,23279.921233625028,8538.769957725506,19814.03505219033,0.53936,0.0,38799.016643807765,187448.46288368292,150000.0,0.75488,0.249565,0.00163,2046.3252137325806
0.75,0.0,0.025,186752.69143007518,171734.40559755632,185515.92201252034,205974.1567786125,23279.921233625028,8538.769957725506,19814.03505219033,0.53936,0.0,42549.016643807765,187448.46288368292,146250.0,0.75488,0.249565,0.000585,2046.3252137325806
0.75,0.0,0.05,186752.69143007518,171734.40559755632,185515.92201252034,205974.1567786125,23279.921233625028,8538.769957725506,19814.03505219033,0.53936,0.0,46299.01664380776,187448.46288368292,142500.0,0.75488,0.249565,0.00016,2046.3252137325806
0.75,0.05,0.0,186752.69143007518,171734.40559755632,185515.92201252034,205974.1567786125,23279.921233625028,8538.769957725506,19814.03505219033,0.53936,0.0,36859.06581161737,187448.46288368292,151872.42314418417,0.75488,0.249565,0.00234,2046.3252137325806
0.75,0.05,0.025,186752.69143007518,171734.40559755632,185515.92201252034,205974.1567786125,23279.921233625028,8538.769957725506,19814.03505219033,0.53936,0.0,40609.06581161737,187448.46288368292,148122.42314418417,0.75488,0.249565,0.00098,2046.3252137325806
0.75,0.05,0.05,186752.69143007518,171734.40559755632,185515.92201252034,205974.1567786125,23279.921233625028,8538.769957725506,19814.03505219033,0.53936,0.0,44359.06581161737,187448.46288368292,144372.42314418417,0.75488,0.249565,0.00031,2046.3252137325806
0.75,0.1,0.0,186752.69143007518,171734.40559755632,185515.92201252034,205974.1567786125,23279.921233625028,8538.769957725506,19814.03505219033,0.53936,0.0,34919.11497942699,187448.46288368292,153744.84628836828,0.75488,0.249565,0.00335,2046.3252137325806
0.75,0.1,0.025,186752.69143007518,171734.40559755632,185515.92201252034,205974.1567786125,23279.921233625028,8538.769957725506,19814.03505219033,0.53936,0.0,38669.11497942699,187448.46288368292,149994.84628836828,0.75488,0.249565,0.00148,2046.3252137325806
0.75,0.1,0.05,186752.69143007518,171734.40559755632,185515.92201252034,205974.1567786125,23279.921233625028,8538.769957725506,19814.03505219033,0.53936,0.0,42419.11497942699,187448.46288368292,146244.84628836828,0.75488,0.249565,0.000555,2046.3252137325806
0.75,0.15,0.0,186752.69143007518,171734.40559755632,185515.92201252034,205974.1567786125,23279.921233625028,8538.769957725506,19814.03505219033,0.53936,0.0,32979.1641472366,187448.46288368292,155617.26943255245,0.75488,0.249565,0.00489,2046.3252137325806
0.75,0.15,0.025,186752.69143007518,171734.40559755632,185515.92201252034,205974.1567786125,23279.921233625028,8538.769957725506,19814.03505219033,0.53936,0.0,36729.1641472366,187448.46288368292,151867.26943255245,0.75488,0.249565,0.00229,2046.3252137325806
0.75,0.15,0.05,186752.69143007518,171734.40559755632,185515.92201252034,205974.1567786125,23279.921233625028,8538.769957725506,19814.03505219033,0.53936,0.0,40479.1641472366,187448.46288368292,148117.26943255245,0.75488,0.249565,0.000965,2046.3252137325806
0.75,0.2,0.0,186752.69143007518,171734.40559755632,185515.92201252034,205974.1567786125,23279.921233625028,8538.769957725506,19814.03505219033,0.53936,0.0,31039.213315046207,187448.46288368292,157489.6925767366,0.75488,0.249565,0.006965,2046.3252137325806
0.75,0.2,0.025,186752.69143007518,171734.40559755632,185515.92201252034,205974.1567786125,23279.921233625028,8538.769957725506,19814.03505219033,0.53936,0.0,34789.2133150462,187448.46288368292,153739.6925767366,0.75488,0.249565,0.00333,2046.3252137325806
0.75,0.2,0.05,186752.69143007518,171734.40559755632,185515.92201252034,205974.1567786125,23279.921233625028,8538.769957725506,19814.03505219033,0.53936,0.0,38539.2133150462,187448.46288368292,149989.6925767366,0.75488,0.249565,0.001485,2046.3252137325806
0.75,0.25,0.0,186752.69143007518,171734.40559755632,185515.92201252034,205974.1567786125,23279.921233625028,8538.769957725506,19814.03505219033,0.53936,0.0,29099.262482855826,187448.46288368292,159362.11572092073,0.75488,0.249565,0.009695,2046.3252137325806
0.75,0.25,0.025,186752.69143007518,171734.40559755632,185515.92201252034,205974.1567786125,23279.921233625028,8538.769957725506,19814.03505219033,0.53936,0.0,32849.26248285582,187448.46288368292,155612.11572092073,0.75488,0.249565,0.004705,2046.3252137325806
0.75,0.25,0.05,186752.69143007518,171734.40559755632,185515.92201252034,205974.1567786125,23279.921233625028,8538.769957725506,19814.03505219033,0.53936,0.0,36599.26248285582,187448.46288368292,151862.11572092073,0.75488,0.249565,0.002295,2046.3252137325806
0.75,0.3,0.0,186752.69143007518,171734.40559755632,185515.92201252034,205974.1567786125,23279.921233625028,8538.769957725506,19814.03505219033,0.53936,1e-05,27159.31165066543,187448.46288368292,161234.53886510487,0.75488,0.249565,0.012895,2046.3252137325806
0.75,0.3,0.025,186752.69143007518,171734.40559755632,185515.92201252034,205974.1567786125,23279.921233625028,8538.769957725506,19814.03505219033,0.53936,0.0,30909.311650665437,187448.46288368292,157484.53886510487,0.75488,0.249565,0.0067,2046.3252137325806
0.75,0.3,0.05,186752.69143007518,171734.40559755632,185515.92201252034,205974.1567786125,23279.921233625028,8538.769957725506,19814.03505219033,0.53936,0.0,34659.31165066543,187448.46288368292,153734.53886510487,0.75488,0.249565,0.003345,2046.3252137325806
0.75,0.35,0.0,186752.69143007518,171734.40559755632,185515.92201252034,205974.1567786125,23279.921233625028,8538.769957725506,19814.03505219033,0.53936,6.5e-05,25219.360818475045,187448.46288368292,163106.962009289,0.75488,0.249565,0.01726,2046.3252137325806
0.75,0.35,0.025,186752.69143007518,171734.40559755632,185515.92201252034,205974.1567786125,23279.921233625028,8538.769957725506,19814.03505219033,0.53936,0.0,28969.360818475045,187448.46288368292,159356.962009289,0.75488,0.249565,0.00941,2046.3252137325806
0.75,0.35,0.05,186752.69143007518,171734.40559755632,185515.92201252034,205974.1567786125,23279.921233625028,8538.769957725506,19814.03505219033,0.53936,0.0,32719.360818475045,187448.46288368292,155606.962009289,0.75488,0.249565,0.00471,2046.3252137325806
0.75,0.4,0.0,186752.69143007518,171734.40559755632,185515.92201252034,205974.1567786125,23279.921233625028,8538.769957725506,19814.03505219033,0.53936,0.000185,23279.409986284656,187448.46288368292,164979.38515347318,0.75488,0.249565,0.02274,2046.3252137325806
0.75,0.4,0.025,186752.69143007518,171734.40559755632,185515.92201252034,205974.1567786125,23279.921233625028,8538.769957725506,19814.03505219033,0.53936,1e-05,27029.409986284656,187448.46288368292,161229.38515347318,0.75488,0.249565,0.012675,2046.3252137325806
0.75,0.4,0.05,186752.69143007518,171734.40559755632,185515.92201252034,205974.1567786125,23279.921233625028,8538.769957725506,19814.03505219033,0.53936,0.0,30779.409986284656,187448.46288368292,157479.38515347318,0.75488,0.249565,0.00673,2046.3252137325806
0.75,0.45,0.0,186752.69143007518,171734.40559755632,185515.92201252034,205974.1567786125,23279.921233625028,8538.769957725506,19814.03505219033,0.53936,0.000635,21339.459154094267,187448.46288368292,166851.8082976573,0.75488,0.249565,0.029625,2046.3252137325806
0.75,0.45,0.025,186752.69143007518,171734.40559755632,185515.92201252034,205974.1567786125,23279.921233625028,8538.769957725506,19814.03505219033,0.53936,4.5e-05,25089.459154094267,187448.46288368292,163101.8082976573,0.75488,0.249565,0.01676,2046.3252137325806
0.75,0.45,0.05,186752.69143007518,171734.40559755632,185515.92201252034,205974.1567786125,23279.921233625028,8538.769957725506,19814.03505219033,0.53936,5e-06,28839.459154094267,187448.46288368292,159351.8082976573,0.75488,0.249565,0.00927,2046.3252137325806
0.75,0.5,0.0,186752.69143007518,171734.40559755632,185515.92201252034,205974.1567786125,23279.921233625028,8538.769957725506,19814.03505219033,0.53936,0.00163,19399.508321903882,187448.46288368292,168724.23144184146,0.75488,0.249565,0.037815,2046.3252137325806
0.75,0.5,0.025,186752.69143007518,171734.40559755632,185515.92201252034,205974.1567786125,23279.921233625028,8538.769957725506,19814.03505219033,0.53936,0.00016,23149.50832190388,187448.46288368292,164974.23144184146,0.75488,0.249565,0.02226,2046.3252137325806
0.75,0.5,0.05,186752.69143007518,171734.40559755632,185515.92201252034,205974.1567786125,23279.921233625028,8538.769957725506,19814.03505219033,0.53936,1.5e-05,26899.508321903882,187448.46288368292,161224.23144184146,0.75488,0.249565,0.01263,2046.3252137325806
0.75,0.55,0.0,186752.69143007518,171734.40559755632,185515.92201252034,205974.1567786125,23279.921233625028,8538.769957725506,19814.03505219033,0.53936,0.00335,17459.557489713494,187448.46288368292,170596.65458602563,0.75488,0.249565,0.048335,2046.3252137325806
0.75,0.55,0.025,186752.69143007518,171734.40559755632,185515.92201252034,205974.1567786125,23279.921233625028,8538.769957725506,19814.03505219033,0.53936,0.000555,21209.557489713494,187448.46288368292,166846.65458602563,0.75488,0.249565,0.02898,2046.3252137325806
0.75,0.55,0.05,186752.69143007518,171734.40559755632,185515.92201252034,205974.1567786125,23279.921233625028,8538.769957725506,19814.03505219033,0.53936,3.5e-05,24959.557489713494,187448.46288368292,163096.65458602563,0.75488,0.249565,0.016765,2046.3252137325806
0.75,0.6,0.0,186752.69143007518,171734.40559755632,185515.92201252034,205974.1567786125,23279.921233625028,8538.769957725506,19814.03505219033,0.53936,0.006965,15519.606657523107,187448.46288368292,172469.07773020974,0.75488,0.249565,0.061455,2046.3252137325806
0.75,0.6,0.025,186752.69143007518,171734.40559755632,185515.92201252034,205974.1567786125,23279.921233625028,8538.769957725506,19814.03505219033,0.53936,0.001485,19269.60665752311,187448.46288368292,168719.07773020974,0.75488,0.249565,0.037065,2046.3252137325806
0.75,0.6,0.05,186752.69143007518,171734.40559755632,185515.92201252034,205974.1567786125,23279.921233625028,8538.769957725506,19814.03505219033,0.53936,0.00019,23019.60665752311,187448.46288368292,164969.07773020974,0.75488,0.249565,0.022285,2046.3252137325806
0.75,0.65,0.0,186752.69143007518,171734.40559755632,185515.92201252034,205974.1567786125,23279.921233625028,8538.769957725506,19814.03505219033,0.53936,0.012895,13579.655825332713,187448.46288368292,174341.5008743939,0.75488,0.249565,0.07717,2046.3252137325806
0.75,0.65,0.025,186752.69143007518,171734.40559755632,185515.92201252034,205974.1567786125,23279.921233625028,8538.769957725506,19814.03505219033,0.53936,0.003345,17329.655825332713,187448.46288368292,170591.5008743939,0.75488,0.249565,0.047235,2046.3252137325806
0.75,0.65,0.05,186752.69143007518,171734.40559755632,185515.92201252034,205974.1567786125,23279.921233625028,8538.769957725506,19814.03505219033,0.53936,0.000695,21079.655825332713,187448.46288368292,166841.5008743939,0.75488,0.249565,0.02873,2046.3252137325806
0.75,0.7,0.0,186752.69143007518,171734.40559755632,185515.92201252034,205974.1567786125,23279.921233625028,8538.769957725506,19814.03505219033,0.53936,0.02274,11639.704993142333,187448.46288368292,176213.92401857802,0.75488,0.249565,0.09728,2046.3252137325806
0.75,0.7,0.025,186752.69143007518,171734.40559755632,185515.92201252034,205974.1567786125,23279.921233625028,8538.769957725506,19814.03505219033,0.53936,0.00673,15389.704993142333,187448.46288368292,172463.92401857802,0.75488,0.249565,0.06028,2046.3252137325806
0.75,0.7,0.05,186752.69143007518,171734.40559755632,185515.92201252034,205974.1567786125,23279.921233625028,8538.769957725506,19814.03505219033,0.53936,0.00162,19139.70499314233,187448.46288368292,168713.92401857802,0.75488,0.249565,0.03693,2046.3252137325806
0.75,0.75,0.0,186752.69143007518,171734.40559755632,185515.92201252034,205974.1567786125,23279.921233625028,8538.769957725506,19814.03505219033,0.53936,0.037815,9699.754160951941,187448.46288368292,178086.3471627622,0.75488,0.249565,0.123965,2046.3252137325806
0.75,0.75,0.025,186752.69143007518,171734.40559755632,185515.92201252034,205974.1567786125,23279.921233625028,8538.769957725506,19814.03505219033,0.53936,0.01263,13449.75416095194,187448.46288368292,174336.3471627622,0.75488,0.249565,0.07521,2046.3252137325806
0.75,0.75,0.05,186752.69143007518,171734.40559755632,185515.92201252034,205974.1567786125,23279.921233625028,8538.769957725506,19814.03505219033,0.53936,0.003685,17199.75416095194,187448.46288368292,170586.3471627622,0.75488,0.249565,0.047055,2046.3252137325806
0.75,0.8,0.0,186752.69143007518,171734.40559755632,185515.92201252034,205974.1567786125,23279.921233625028,8538.769957725506,19814.03505219033,0.53936,0.061455,7759.803328761548,187448.46288368292,179958.77030694636,0.75488,0.249565,0.16741,2046.3252137325806
0.75,0.8,0.025,186752.69143007518,171734.40559755632,185515.92201252034,205974.1567786125,23279.921233625028,8538.769957725506,19814.03505219033,0.53936,0.022285,11509.803328761547,187448.46288368292,176208.77030694636,0.75488,0.249565,0.093245,2046.3252137325806
0.75,0.8,0.05,186752.69143007518,171734.40559755632,185515.92201252034,205974.1567786125,23279.921233625028,8538.769957725506,19814.03505219033,0.53936,0.00729,15259.803328761547,187448.46288368292,172458.77030694636,0.75488,0.249565,0.060195,2046.3252137325806
0.75,0.85,0.0,186752.69143007518,171734.40559755632,185515.92201252034,205974.1567786125,23279.921233625028,8538.769957725506,19814.03505219033,0.53936,0.09728,5819.852496571167,187448.46288368292,181831.19345113047,0.75488,0.249565,0.24065,2046.3252137325806
0.75,0.85,0.025,186752.69143007518,171734.40559755632,185515.92201252034,205974.1567786125,23279.921233625028,8538.769957725506,19814.03505219033,0.53936,0.03693,9569.852496571166,187448.46288368292,178081.19345113047,0.75488,0.249565,0.115835,2046.3252137325806
0.75,0.85,0.05,186752.69143007518,171734.40559755632,185515.92201252034,205974.1567786125,23279.921233625028,8538.769957725506,19814.03505219033,0.53936,0.01315,13319.852496571166,187448.46288368292,174331.19345113047,0.75488,0.249565,0.07505,2046.3252137325806
0.75,0.9,0.0,186752.69143007518,171734.40559755632,185515.92201252034,205974.1567786125,23279.921233625028,8538.769957725506,19814.03505219033,0.53936,0.16741,3879.901664380774,187448.46288368292,183703.61659531464,0.75488,0.249565,0.348825,2046.3252137325806
0.75,0.9,0.025,186752.69143007518,171734.40559755632,185515.92201252034,205974.1567786125,23279.921233625028,8538.769957725506,19814.03505219033,0.53936,0.060195,7629.9016643807745,187448.46288368292,179953.61659531464,0.75488,0.249565,0.15421,2046.3252137325806
0.75,0.9,0.05,186752.69143007518,171734.40559755632,185515.92201252034,205974.1567786125,23279.921233625028,8538.769957725506,19814.03505219033,0.53936,0.023125,11379.901664380772,187448.46288368292,176203.61659531464,0.75488,0.249565,0.0925,2046.3252137325806
0.75,0.95,0.0,186752.69143007518,171734.40559755632,185515.92201252034,205974.1567786125,23279.921233625028,8538.769957725506,19814.03505219033,0.53936,0.348825,1939.9508321903927,187448.46288368292,185576.03973949875,0.75488,0.249565,0.49579,2046.3252137325806
0.75,0.95,0.025,186752.69143007518,171734.40559755632,185515.92201252034,205974.1567786125,23279.921233625028,8538.769957725506,19814.03505219033,0.53936,0.0925,5689.950832190393,187448.46288368292,181826.03973949875,0.75488,0.249565,0.23893,2046.3252137325806
0.75,0.95,0.05,186752.69143007518,171734.40559755632,185515.92201252034,205974.1567786125,23279.921233625028,8538.769957725506,19814.03505219033,0.53936,0.03814,9439.950832190394,187448.46288368292,178076.03973949875,0.75488,0.249565,0.113875,2046.3252137325806
0.75,1.0,0.0,186752.69143007518,171734.40559755632,185515.92201252034,205974.1567786125,23279.921233625028,8538.769957725506,19814.03505219033,0.53936,0.750435,0.0,187448.46288368292,187448.46288368292,0.75488,0.249565,0.750435,2046.3252137325806
0.75,1.0,0.025,186752.69143007518,171734.40559755632,185515.92201252034,205974.1567786125,23279.921233625028,8538.769957725506,19814.03505219033,0.53936,0.138455,3750.0,187448.46288368292,183698.46288368292,0.75488,0.249565,0.35567,2046.3252137325806
0.75,1.0,0.05,186752.69143007518,171734.40559755632,185515.92201252034,205974.1567786125,23279.921233625028,8538.769957725506,19814.03505219033,0.53936,0.061545,7500.0,187448.46288368292,179948.46288368292,0.75488,0.249565,0.138455,2046.3252137325806
0.8,0.0,0.0,189262.84641619676,173260.76778805052,187942.6565283793,209759.2423192478,20769.766247503478,6858.8675275254645,17278.073702711583,0.44467,0.0,41385.617753394945,189945.02707592846,150000.0,0.75488,0.248775,0.00155,2122.771337198221
0.8,0.0,0.025,189262.84641619676,173260.76778805052,187942.6565283793,209759.2423192478,20769.766247503478,6858.8675275254645,17278.073702711583,0.44467,0.0,45135.617753394945,189945.02707592846,146250.0,0.75488,0.248775,0.000595,2122.771337198221
0.8,0.0,0.05,189262.84641619676,173260.76778805052,187942.6565283793,209759.2423192478,20769.766247503478,6858.8675275254645,17278.073702711583,0.44467,0.0,48885.617753394945,189945.02707592846,142500.0,0.75488,0.248775,0.00016,2122.771337198221
0.8,0.05,0.0,189262.84641619676,173260.76778805052,187942.6565283793,209759.2423192478,20769.766247503478,6858.8675275254645,17278.073702711583,0.44467,0.0,39316.3368657252,189945.02707592846,151997.25135379643,0.75488,0.248775,0.002205,2122.771337198221
0.8,0.05,0.025,189262.84641619676,173260.76778805052,187942.6565283793,209759.2423192478,20769.766247503478,6858.8675275254645,17278.073702711583,0.44467,0.0,43066.33686572519,189945.02707592846,148247.25135379643,0.75488,0.248775,0.001005,2122.771337198221
0.8,0.05,0.05,189262.84641619676,173260.76778805052,187942.6565283793,209759.2423192478,20769.766247503478,6858.8675275254645,17278.073702711583,0.44467,0.0,46816.33686572519,189945.02707592846,144497.25135379643,0.75488,0.248775,0.00034,2122.771337198221
0.8,0.1,0.0,189262.84641619676,173260.76778805052,187942.6565283793,209759.2423192478,20769.766247503478,6858.8675275254645,17278.073702711583,0.44467,0.0,37247.05597805545,189945.02707592846,153994.50270759285,0.75488,0.248775,0.00324,2122.771337198221
0.8,0.1,0.025,189262.84641619676,173260.76778805052,187942.6565283793,209759.2423192478,20769.766247503478,6858.8675275254645,17278.073702711583,0.44467,0.0,40997.05597805545,189945.02707592846,150244.50270759285,0.75488,0.248775,0.00149,2122.771337198221
0.8,0.1,0.05,189262.84641619676,173260.76778805052,187942.6565283793,209759.2423192478,20769.766247503478,6858.8675275254645,17278.073702711583,0.44467,0.0,44747.05597805545,189945.02707592846,146494.50270759285,0.75488,0.248775,0.00063,2122.771337198221
0.8,0.15,0.0,189262.84641619676,173260.76778805052,187942.6565283793,209759.2423192478,20769.766247503478,6858.8675275254645,17278.073702711583,0.44467,0.0,35177.77509038571,189945.02707592846,155991.75406138925,0.75488,0.248775,0.004715,2122.771337198221
0.8,0.15,0.025,189262.84641619676,173260.76778805052,187942.6565283793,209759.2423192478,20769.766247503478,6858.8675275254645,17278.073702711583,0.44467,0.0,38927.77509038571,189945.02707592846,152241.75406138925,0.75488,0.248775,0.002305,2122.771337198221
0.8,0.15,0.05,189262.84641619676,173260.76778805052,187942.6565283793,209759.2423192478,20769.766247503478,6858.8675275254645,17278.073702711583,0.44467,0.0,42677.77509038571,189945.02707592846,148491.75406138925,0.75488,0.248775,0.00102,2122.771337198221
0.8,0.2,0.0,189262.84641619676,173260.76778805052,187942.6565283793,209759.2423192478,20769.766247503478,6858.8675275254645,17278.073702711583,0.44467,0.0,33108.49420271596,189945.02707592846,157989.0054151857,0.75488,0.248775,0.006725,2122.771337198221
0.8,0.2,0.025,189262.84641619676,173260.76778805052,187942.6565283793,209759.2423192478,20769.766247503478,6858.8675275254645,17278.073702711583,0.44467,0.0,36858.49420271596,189945.02707592846,154239.0054151857,0.75488,0.248775,0.00339,2122.771337198221
0.8,0.2,0.05,189262.84641619676,173260.76778805052,187942.6565283793,209759.2423192478,20769.766247503478,6858.8675275254645,17278.073702711583,0.44467,0.0,40608.49420271596,189945.02707592846,150489.0054151857,0.75488,0.248775,0.00161,2122.771337198221
0.8,0.25,0.0,189262.84641619676,173260.76778805052,187942.6565283793,209759.2423192478,20769.766247503478,6858.8675275254645,17278.073702711583,0.44467,0.0,31039.21331504621,189945.02707592846,159986.2567689821,0.75488,0.248775,0.009435,2122.771337198221
0.8,0.25,0.025,189262.84641619676,173260.76778805052,187942.6565283793,209759.2423192478,20769.766247503478,6858.8675275254645,17278.073702711583,0.44467,0.0,34789.21331504621,189945.02707592846,156236.2567689821,0.75488,0.248775,0.004765,2122.771337198221
0.8,0.25,0.05,189262.84641619676,173260.76778805052,187942.6565283793,209759.2423192478,20769.766247503478,6858.8675275254645,17278.073702711583,0.44467,0.0,38539.21331504621,189945.02707592846,152486.2567689821,0.75488,0.248775,0.002425,2122.771337198221
0.8,0.3,0.0,189262.84641619676,173260.76778805052,187942.6565283793,209759.2423192478,20769.766247503478,6858.8675275254645,17278.073702711583,0.44467,1e-05,28969.932427376472,189945.02707592846,161983.50812277853,0.75488,0.248775,0.012605,2122.771337198221
0.8,0.3,0.025,189262.84641619676,173260.76778805052,187942.6565283793,209759.2423192478,20769.766247503478,6858.8675275254645,17278.073702711583,0.44467,0.0,32719.932427376472,189945.02707592846,158233.50812277853,0.75488,0.248775,0.00677,2122.771337198221
0.8,0.3,0.05,189262.84641619676,173260.76778805052,187942.6565283793,209759.2423192478,20769.766247503478,6858.8675275254645,17278.073702711583,0.44467,0.0,36469.93242737647,189945.02707592846,154483.50812277853,0.75488,0.248775,0.003565,2122.771337198221
0.8,0.35,0.0,189262.84641619676,173260.76778805052,187942.6565283793,209759.2423192478,20769.766247503478,6858.8675275254645,17278.073702711583,0.44467,6.5e-05,26900.651539706716,189945.02707592846,163980.75947657495,0.75488,0.248775,0.01674,2122.771337198221
0.8,0.35,0.025,189262.84641619676,173260.76778805052,187942.6565283793,209759.2423192478,20769.766247503478,6858.8675275254645,17278.073702711583,0.44467,0.0,30650.651539706716,189945.02707592846,160230.75947657495,0.75488,0.248775,0.009505,2122.771337198221
0.8,0.35,0.05,189262.84641619676,173260.76778805052,187942.6565283793,209759.2423192478,20769.766247503478,6858.8675275254645,17278.073702711583,0.44467,0.0,34400.65153970672,189945.02707592846,156480.75947657495,0.75488,0.248775,0.00491,2122.771337198221
0.8,0.4,0.0,189262.84641619676,173260.76778805052,187942.6565283793,209759.2423192478,20769.766247503478,6858.8675275254645,17278.073702711583,0.44467,0.000175,24831.370652036967,189945.02707592846,165978.01083037138,0.75488,0.248775,0.022175,2122.771337198221
0.8,0.4,0.025,189262.84641619676,173260.76778805052,187942.6565283793,209759.2423192478,20769.766247503478,6858.8675275254645,17278.073702711583,0.44467,1.5e-05,28581.370652036967,189945.02707592846,162228.01083037138,0.75488,0.248775,0.012725,2122.771337198221
0.8,0.4,0.05,189262.84641619676,173260.76778805052,187942.6565283793,209759.2423192478,20769.766247503478,6858.8675275254645,17278.073702711583,0.44467,0.0,32331.370652036967,189945.02707592846,158478.01083037138,0.75488,0.248775,0.00708,2122.771337198221
0.8,0.45,0.0,189262.84641619676,173260.76778805052,187942.6565283793,209759.2423192478,20769.766247503478,6858.8675275254645,17278.073702711583,0.44467,0.000605,22762.08976436722,189945.02707592846,167975.2621841678,0.75488,0.248775,0.02898,2122.771337198221
0.8,0.45,0.025,189262.84641619676,173260.76778805052,187942.6565283793,209759.2423192478,20769.766247503478,6858.8675275254645,17278.073702711583,0.44467,4.5e-05,26512.089764367218,189945.02707592846,164225.2621841678,0.75488,0.248775,0.01704,2122.771337198221
0.8,0.45,0.05,189262.84641619676,173260.76778805052,187942.6565283793,209759.2423192478,20769.766247503478,6858.8675275254645,17278.073702711583,0.44467,5e-06,30262.08976436722,189945.02707592846,160475.2621841678,0.75488,0.248775,0.00976,2122.771337198221
0.8,0.5,0.0,189262.84641619676,173260.76778805052,187942.6565283793,209759.2423192478,20769.766247503478,6858.8675275254645,17278.073702711583,0.44467,0.00155,20692.808876697472,189945.02707592846,169972.5135379642,0.75488,0.248775,0.03712,2122.771337198221
0.8,0.5,0.025,189262.84641619676,173260.76778805052,187942.6565283793,209759.2423192478,20769.766247503478,6858.8675275254645,17278.073702711583,0.44467,0.00016,24442.808876697472,189945.02707592846,166222.5135379642,0.75488,0.248775,0.02252,2122.771337198221
0.8,0.5,0.05,189262.84641619676,173260.76778805052,187942.6565283793,209759.2423192478,20769.766247503478,6858.8675275254645,17278.073702711583,0.44467,1.5e-05,28192.808876697472,189945.02707592846,162472.5135379642,0.75488,0.248775,0.013265,2122.771337198221
0.8,0.55,0.0,189262.84641619676,173260.76778805052,187942.6565283793,209759.2423192478,20769.766247503478,6858.8675275254645,17278.073702711583,0.44467,0.00324,18623.527989027723,189945.02707592846,171969.76489176066,0.75488,0.248775,0.04739,2122.771337198221
0.8,0.55,0.025,189262.84641619676,173260.76778805052,187942.6565283793,209759.2423192478,20769.766247503478,6858.8675275254645,17278.073702711583,0.44467,0.00063,22373.527989027723,189945.02707592846,168219.76489176066,0.75488,0.248775,0.029365,2122.771337198221
0.8,0.55,0.05,189262.84641619676,173260.76778805052,187942.6565283793,209759.2423192478,20769.766247503478,6858.8675275254645,17278.073702711583,0.44467,5.5e-05,26123.527989027723,189945.02707592846,164469.76489176066,0.75488,0.248775,0.01771,2122.771337198221
0.8,0.6,0.0,189262.84641619676,173260.76778805052,187942.6565283793,209759.2423192478,20769.766247503478,6858.8675275254645,17278.073702711583,0.44467,0.006725,16554.24710135798,189945.02707592846,173967.01624555705,0.75488,0.248775,0.060215,2122.771337198221
0.8,0.6,0.025,189262.84641619676,173260.76778805052,187942.6565283793,209759.2423192478,20769.766247503478,6858.8675275254645,17278.073702711583,0.44467,0.00161,20304.24710135798,189945.02707592846,170217.01624555705,0.75488,0.248775,0.037495,2122.771337198221
0.8,0.6,0.05,189262.84641619676,173260.76778805052,187942.6565283793,209759.2423192478,20769.766247503478,6858.8675275254645,17278.073702711583,0.44467,0.00025,24054.247101357985,189945.02707592846,166467.01624555705,0.75488,0.248775,0.02321,2122.771337198221
0.8,0.65,0.0,189262.84641619676,173260.76778805052,187942.6565283793,209759.2423192478,20769.766247503478,6858.8675275254645,17278.073702711583,0.44467,0.012605,14484.966213688236,189945.02707592846,175964.2675993535,0.75488,0.248775,0.07565,2122.771337198221
0.8,0.65,0.025,189262.84641619676,173260.76778805052,187942.6565283793,209759.2423192478,20769.766247503478,6858.8675275254645,17278.073702711583,0.44467,0.003565,18234.966213688236,189945.02707592846,172214.2675993535,0.75488,0.248775,0.047825,2122.771337198221
0.8,0.65,0.05,189262.84641619676,173260.76778805052,187942.6565283793,209759.2423192478,20769.766247503478,6858.8675275254645,17278.073702711583,0.44467,0.00081,21984.966213688236,189945.02707592846,168464.2675993535,0.75488,0.248775,0.029995,2122.771337198221
0.8,0.7,0.0,189262.84641619676,173260.76778805052,187942.6565283793,209759.2423192478,20769.766247503478,6858.8675275254645,17278.073702711583,0.44467,0.022175,12415.68532601849,189945.02707592846,177961.5189531499,0.75488,0.248775,0.0949,2122.771337198221
0.8,0.7,0.025,189262.84641619676,173260.76778805052,187942.6565283793,209759.2423192478,20769.766247503478,6858.8675275254645,17278.073702711583,0.44467,0.00708,16165.68532601849,189945.02707592846,174211.5189531499,0.75488,0.248775,0.061,2122.771337198221
0.8,0.7,0.05,189262.84641619676,173260.76778805052,187942.6565283793,209759.2423192478,20769.766247503478,6858.8675275254645,17278.073702711583,0.44467,0.001935,19915.68532601849,189945.02707592846,170461.5189531499,0.75488,0.248775,0.038415,2122.771337198221
0.8,0.75,0.0,189262.84641619676,173260.76778805052,187942.6565283793,209759.2423192478,20769.766247503478,6858.8675275254645,17278.073702711583,0.44467,0.03712,10346.404438348734,189945.02707592846,179958.77030694636,0.75488,0.248775,0.119715,2122.771337198221
0.8,0.75,0.025,189262.84641619676,173260.76778805052,187942.6565283793,209759.2423192478,20769.766247503478,6858.8675275254645,17278.073702711583,0.44467,0.013265,14096.404438348733,189945.02707592846,176208.77030694636,0.75488,0.248775,0.07627,2122.771337198221
0.8,0.75,0.05,189262.84641619676,173260.76778805052,187942.6565283793,209759.2423192478,20769.766247503478,6858.8675275254645,17278.073702711583,0.44467,0.00417,17846.40443834873,189945.02707592846,172458.77030694636,0.75488,0.248775,0.04913,2122.771337198221
0.8,0.8,0.0,189262.84641619676,173260.76778805052,187942.6565283793,209759.2423192478,20769.766247503478,6858.8675275254645,17278.073702711583,0.44467,0.060215,8277.123550678985,189945.02707592846,181956.02166074276,0.75488,0.248775,0.15874,2122.771337198221
0.8,0.8,0.025,189262.84641619676,173260.76778805052,187942.6565283793,209759.2423192478,20769.766247503478,6858.8675275254645,17278.073702711583,0.44467,0.02321,12027.123550678987,189945.02707592846,178206.02166074276,0.75488,0.248775,0.094295,2122.771337198221
0.8,0.8,0.05,189262.84641619676,173260.76778805052,187942.6565283793,209759.2423192478,20769.766247503478,6858.8675275254645,17278.073702711583,0.44467,0.008115,15777.123550678987,189945.02707592846,174456.02166074276,0.75488,0.248775,0.062655,2122.771337198221
0.8,0.85,0.0,189262.84641619676,173260.76778805052,187942.6565283793,209759.2423192478,20769.766247503478,6858.8675275254645,17278.073702711583,0.44467,0.0949,6207.842663009242,189945.02707592846,183953.27301453918,0.75488,0.248775,0.227685,2122.771337198221
0.8,0.85,0.025,189262.84641619676,173260.76778805052,187942.6565283793,209759.2423192478,20769.766247503478,6858.8675275254645,17278.073702711583,0.44467,0.038415,9957.842663009242,189945.02707592846,180203.27301453918,0.75488,0.248775,0.116705,2122.771337198221
0.8,0.85,0.05,189262.84641619676,173260.76778805052,187942.6565283793,209759.2423192478,20769.766247503478,6858.8675275254645,17278.073702711583,0.44467,0.0148,13707.842663009244,189945.02707592846,176453.27301453918,0.75488,0.248775,0.078065,2122.771337198221
0.8,0.9,0.0,189262.84641619676,173260.76778805052,187942.6565283793,209759.2423192478,20769.766247503478,6858.8675275254645,17278.073702711583,0.44467,0.15874,4138.561775339493,189945.02707592846,185950.5243683356,0.75488,0.248775,0.334385,2122.771337198221
0.8,0.9,0.025,189262.84641619676,173260.76778805052,187942.6565283793,209759.2423192478,20769.766247503478,6858.8675275254645,17278.073702711583,0.44467,0.062655,7888.561775339494,189945.02707592846,182200.5243683356,0.75488,0.248775,0.151505,2122.771337198221
0.8,0.9,0.05,189262.84641619676,173260.76778805052,187942.6565283793,209759.2423192478,20769.766247503478,6858.8675275254645,17278.073702711583,0.44467,0.02543,11638.561775339494,189945.02707592846,178450.5243683356,0.75488,0.248775,0.09606,2122.771337198221
0.8,0.95,0.0,189262.84641619676,173260.76778805052,187942.6565283793,209759.2423192478,20769.766247503478,6858.8675275254645,17278.073702711583,0.44467,0.334385,2069.280887669749,189945.02707592846,187947.775722132,0.75488,0.248775,0.485105,2122.771337198221
0.8,0.95,0.025,189262.84641619676,173260.76778805052,187942.6565283793,209759.2423192478,20769.766247503478,6858.8675275254645,17278.073702711583,0.44467,0.09606,5819.280887669749,189945.02707592846,184197.775722132,0.75488,0.248775,0.23776,2122.771337198221
0.8,0.95,0.05,189262.84641619676,173260.76778805052,187942.6565283793,209759.2423192478,20769.766247503478,6858.8675275254645,17278.073702711583,0.44467,0.04218,9569.280887669749,189945.02707592846,180447.775722132,0.75488,0.248775,0.11805,2122.771337198221
0.8,1.0,0.0,189262.84641619676,173260.76778805052,187942.6565283793,209759.2423192478,20769.766247503478,6858.8675275254645,17278.073702711583,0.44467,0.751225,0.0,189945.02707592846,189945.02707592846,0.75488,0.248775,0.751225,2122.771337198221
0.8,1.0,0.025,189262.84641619676,173260.76778805052,187942.6565283793,209759.2423192478,20769.766247503478,6858.8675275254645,17278.073702711583,0.44467,0.14337,3750.0,189945.02707592846,186195.02707592846,0.75488,0.248775,0.358405,2122.771337198221
0.8,1.0,0.05,189262.84641619676,173260.76778805052,187942.6565283793,209759.2423192478,20769.766247503478,6858.8675275254645,17278.073702711583,0.44467,0.067455,7500.0,189945.02707592846,182445.02707592846,0.75488,0.248775,0.14337,2122.771337198221
0.85,0.0,0.0,191772.92069799246,174786.97802560448,190364.29544388282,213538.27140305252,18259.691965707763,5165.728614919771,14777.377770234176,0.357645,0.0,43972.21886298212,192441.59126817394,150000.0,0.75488,0.24808,0.001495,2199.2981649896874
0.85,0.0,0.025,191772.92069799246,174786.97802560448,190364.29544388282,213538.27140305252,18259.691965707763,5165.728614919771,14777.377770234176,0.357645,0.0,47722.21886298212,192441.59126817394,146250.0,0.75488,0.24808,0.00057,2199.2981649896874
0.85,0.0,0.05,191772.92069799246,174786.97802560448,190364.29544388282,213538.27140305252,18259.691965707763,5165.728614919771,14777.377770234176,0.357645,0.0,51472.21886298212,192441.59126817394,142500.0,0.75488,0.24808,0.00017,2199.2981649896874
0.85,0.05,0.0,191772.92069799246,174786.97802560448,190364.29544388282,213538.27140305252,18259.691965707763,5165.728614919771,14777.377770234176,0.357645,0.0,41773.60791983302,192441.59126817394,152122.07956340868,0.75488,0.24808,0.002125,2199.2981649896874
0.85,0.05,0.025,191772.92069799246,174786.97802560448,190364.29544388282,213538.27140305252,18259.691965707763,5165.728614919771,14777.377770234176,0.357645,0.0,45523.60791983302,192441.59126817394,148372.07956340868,0.75488,0.24808,0.001015,2199.2981649896874
0.85,0.05,0.05,191772.92069799246,174786.97802560448,190364.29544388282,213538.27140305252,18259.691965707763,5165.728614919771,14777.377770234176,0.357645,0.0,49273.60791983302,192441.59126817394,144622.07956340868,0.75488,0.24808,0.00035,2199.2981649896874
0.85,0.1,0.0,191772.92069799246,174786.97802560448,190364.29544388282,213538.27140305252,18259.691965707763,5165.728614919771,14777.377770234176,0.357645,0.0,39574.99697668392,192441.59126817394,154244.1591268174,0.75488,0.24808,0.00313,2199.2981649896874
0.85,0.1,0.025,191772.92069799246,174786.97802560448,190364.29544388282,213538.27140305252,18259.691965707763,5165.728614919771,14777.377770234176,0.357645,0.0,43324.99697668391,192441.59126817394,150494.1591268174,0.75488,0.24808,0.001465,2199.2981649896874
0.85,0.1,0.05,191772.92069799246,174786.97802560448,190364.29544388282,213538.27140305252,18259.691965707763,5165.728614919771,14777.377770234176,0.357645,0.0,47074.99697668392,192441.59126817394,146744.1591268174,0.75488,0.24808,0.00068,2199.2981649896874
0.85,0.15,0.0,191772.92069799246,174786.97802560448,190364.29544388282,213538.27140305252,18259.691965707763,5165.728614919771,14777.377770234176,0.357645,0.0,37376.38603353481,192441.59126817394,156366.2386902261,0.75488,0.24808,0.004625,2199.2981649896874
0.85,0.15,0.025,191772.92069799246,174786.97802560448,190364.29544388282,213538.27140305252,18259.691965707763,5165.728614919771,14777.377770234176,0.357645,0.0,41126.38603353481,192441.59126817394,152616.2386902261,0.75488,0.24808,0.00233,2199.2981649896874
0.85,0.15,0.05,191772.92069799246,174786.97802560448,190364.29544388282,213538.27140305252,18259.691965707763,5165.728614919771,14777.377770234176,0.357645,0.0,44876.386033534814,192441.59126817394,148866.2386902261,0.75488,0.24808,0.00108,2199.2981649896874
0.85,0.2,0.0,191772.92069799246,174786.97802560448,190364.29544388282,213538.27140305252,18259.691965707763,5165.728614919771,14777.377770234176,0.357645,0.0,35177.7750903857,192441.59126817394,158488.3182536348,0.75488,0.24808,0.00657,2199.2981649896874
0.85,0.2,0.025,191772.92069799246,174786.97802560448,190364.29544388282,213538.27140305252,18259.691965707763,5165.728614919771,14777.377770234176,0.357645,0.0,38927.7750903857,192441.59126817394,154738.3182536348,0.75488,0.24808,0.00342,2199.2981649896874
0.85,0.2,0.05,191772.92069799246,174786.97802560448,190364.29544388282,213538.27140305252,18259.691965707763,5165.728614919771,14777.377770234176,0.357645,0.0,42677.7750903857,192441.59126817394,150988.3182536348,0.75488,0.24808,0.00169,2199.2981649896874
0.85,0.25,0.0,191772.92069799246,174786.97802560448,190364.29544388282,213538.27140305252,18259.691965707763,5165.728614919771,14777.377770234176,0.357645,0.0,32979.164147236595,192441.59126817394,160610.39781704347,0.75488,0.24808,0.00918,2199.2981649896874
0.85,0.25,0.025,191772.92069799246,174786.97802560448,190364.29544388282,213538.27140305252,18259.691965707763,5165.728614919771,14777.377770234176,0.357645,0.0,36729.164147236595,192441.59126817394,156860.39781704347,0.75488,0.24808,0.004845,2199.2981649896874
0.85,0.25,0.05,191772.92069799246,174786.97802560448,190364.29544388282,213538.27140305252,18259.691965707763,5165.728614919771,14777.377770234176,0.357645,0.0,40479.164147236595,192441.59126817394,153110.39781704347,0.75488,0.24808,0.002585,2199.2981649896874
0.85,0.3,0.0,191772.92069799246,174786.97802560448,190364.29544388282,213538.27140305252,18259.691965707763,5165.728614919771,14777.377770234176,0.357645,1e-05,30780.553204087486,192441.59126817394,162732.4773804522,0.75488,0.24808,0.01231,2199.2981649896874
0.85,0.3,0.025,191772.92069799246,174786.97802560448,190364.29544388282,213538.27140305252,18259.691965707763,5165.728614919771,14777.377770234176,0.357645,0.0,34530.55320408749,192441.59126817394,158982.4773804522,0.75488,0.24808,0.006875,2199.2981649896874
0.85,0.3,0.05,191772.92069799246,174786.97802560448,190364.29544388282,213538.27140305252,18259.691965707763,5165.728614919771,14777.377770234176,0.357645,0.0,38280.55320408749,192441.59126817394,155232.4773804522,0.75488,0.24808,0.00376,2199.2981649896874
0.85,0.35,0.0,191772.92069799246,174786.97802560448,190364.29544388282,213538.27140305252,18259.691965707763,5165.728614919771,14777.377770234176,0.357645,6e-05,28581.942260938387,192441.59126817394,164854.5569438609,0.75488,0.24808,0.016375,2199.2981649896874
0.85,0.35,0.025,191772.92069799246,174786.97802560448,190364.29544388282,213538.27140305252,18259.691965707763,5165.728614919771,14777.377770234176,0.357645,0.0,32331.942260938387,192441.59126817394,161104.5569438609,0.75488,0.24808,0.00962,2199.2981649896874
0.85,0.35,0.05,191772.92069799246,174786.97802560448,190364.29544388282,213538.27140305252,18259.691965707763,5165.728614919771,14777.377770234176,0.357645,0.0,36081.942260938384,192441.59126817394,157354.5569438609,0.75488,0.24808,0.00519,2199.2981649896874
0.85,0.4,0.0,191772.92069799246,174786.97802560448,190364.29544388282,213538.27140305252,18259.691965707763,5165.728614919771,14777.377770234176,0.357645,0.00014,26383.331317789278,192441.59126817394,166976.63650726958,0.75488,0.24808,0.021755,2199.2981649896874
0.85,0.4,0.025,191772.92069799246,174786.97802560448,190364.29544388282,213538.27140305252,18259.691965707763,5165.728614919771,14777.377770234176,0.357645,1.5e-05,30133.331317789274,192441.59126817394,163226.63650726958,0.75488,0.24808,0.01294,2199.2981649896874
0.85,0.4,0.05,191772.92069799246,174786.97802560448,190364.29544388282,213538.27140305252,18259.691965707763,5165.728614919771,14777.377770234176,0.357645,0.0,33883.33131778928,192441.59126817394,159476.63650726958,0.75488,0.24808,0.00747,2199.2981649896874
0.85,0.45,0.0,191772.92069799246,174786.97802560448,190364.29544388282,213538.27140305252,18259.691965707763,5165.728614919771,14777.377770234176,0.357645,0.00057,24184.72037464017,192441.59126817394,169098.7160706783,0.75488,0.24808,0.02839,2199.2981649896874
0.85,0.45,0.025,191772.92069799246,174786.97802560448,190364.29544388282,213538.27140305252,18259.691965707763,5165.728614919771,14777.377770234176,0.357645,4.5e-05,27934.72037464017,192441.59126817394,165348.7160706783,0.75488,0.24808,0.017315,2199.2981649896874
0.85,0.45,0.05,191772.92069799246,174786.97802560448,190364.29544388282,213538.27140305252,18259.691965707763,5165.728614919771,14777.377770234176,0.357645,5e-06,31684.72037464017,192441.59126817394,161598.7160706783,0.75488,0.24808,0.01024,2199.2981649896874
0.85,0.5,0.0,191772.92069799246,174786.97802560448,190364.29544388282,213538.27140305252,18259.691965707763,5165.728614919771,14777.377770234176,0.357645,0.001495,21986.109431491066,192441.59126817394,171220.795634087,0.75488,0.24808,0.036415,2199.2981649896874
0.85,0.5,0.025,191772.92069799246,174786.97802560448,190364.29544388282,213538.27140305252,18259.691965707763,5165.728614919771,14777.377770234176,0.357645,0.00017,25736.109431491066,192441.59126817394,167470.795634087,0.75488,0.24808,0.02275,2199.2981649896874
0.85,0.5,0.05,191772.92069799246,174786.97802560448,190364.29544388282,213538.27140305252,18259.691965707763,5165.728614919771,14777.377770234176,0.357645,1.5e-05,29486.10943149106,192441.59126817394,163720.795634087,0.75488,0.24808,0.013795,2199.2981649896874
0.85,0.55,0.0,191772.92069799246,174786.97802560448,190364.29544388282,213538.27140305252,18259.691965707763,5165.728614919771,14777.377770234176,0.357645,0.00313,19787.498488341957,192441.59126817394,173342.87519749568,0.75488,0.24808,0.04662,2199.2981649896874
0.85,0.55,0.025,191772.92069799246,174786.97802560448,190364.29544388282,213538.27140305252,18259.691965707763,5165.728614919771,14777.377770234176,0.357645,0.00068,23537.498488341953,192441.59126817394,169592.87519749568,0.75488,0.24808,0.02964,2199.2981649896874
0.85,0.55,0.05,191772.92069799246,174786.97802560448,190364.29544388282,213538.27140305252,18259.691965707763,5165.728614919771,14777.377770234176,0.357645,6.5e-05,27287.498488341953,192441.59126817394,165842.87519749568,0.75488,0.24808,0.01845,2199.2981649896874
0.85,0.6,0.0,191772.92069799246,174786.97802560448,190364.29544388282,213538.27140305252,18259.691965707763,5165.728614919771,14777.377770234176,0.357645,0.00657,17588.88754519285,192441.59126817394,175464.9547609044,0.75488,0.24808,0.059175,2199.2981649896874
0.85,0.6,0.025,191772.92069799246,174786.97802560448,190364.29544388282,213538.27140305252,18259.691965707763,5165.728614919771,14777.377770234176,0.357645,0.00169,21338.88754519285,192441.59126817394,171714.9547609044,0.75488,0.24808,0.037915,2199.2981649896874
0.85,0.6,0.05,191772.92069799246,174786.97802560448,190364.29544388282,213538.27140305252,18259.691965707763,5165.728614919771,14777.377770234176,0.357645,0.000325,25088.88754519285,192441.59126817394,167964.9547609044,0.75488,0.24808,0.024175,2199.2981649896874
0.85,0.65,0.0,191772.92069799246,174786.97802560448,190364.29544388282,213538.27140305252,18259.691965707763,5165.728614919771,14777.377770234176,0.357645,0.01231,15390.276602043743,192441.59126817394,177587.03432431308,0.75488,0.24808,0.07439,2199.2981649896874
0.85,0.65,0.025,191772.92069799246,174786.97802560448,190364.29544388282,213538.27140305252,18259.691965707763,5165.728614919771,14777.377770234176,0.357645,0.00376,19140.276602043745,192441.59126817394,173837.03432431308,0.75488,0.24808,0.04846,2199.2981649896874
0.85,0.65,0.05,191772.92069799246,174786.97802560448,190364.29544388282,213538.27140305252,18259.691965707763,5165.728614919771,14777.377770234176,0.357645,0.000895,22890.276602043745,192441.59126817394,170087.03432431308,0.75488,0.24808,0.031115,2199.2981649896874
0.85,0.7,0.0,191772.92069799246,174786.97802560448,190364.29544388282,213538.27140305252,18259.691965707763,5165.728614919771,14777.377770234176,0.357645,0.021755,13191.665658894639,192441.59126817394,179709.1138877218,0.75488,0.24808,0.09303,2199.2981649896874
0.85,0.7,0.025,191772.92069799246,174786.97802560448,190364.29544388282,213538.27140305252,18259.691965707763,5165.728614919771,14777.377770234176,0.357645,0.00747,16941.66565889464,192441.59126817394,175959.1138877218,0.75488,0.24808,0.06173,2199.2981649896874
0.85,0.7,0.05,191772.92069799246,174786.97802560448,190364.29544388282,213538.27140305252,18259.691965707763,5165.728614919771,14777.377770234176,0.357645,0.00225,20691.66565889464,192441.59126817394,172209.1138877218,0.75488,0.24808,0.040005,2199.2981649896874
0.85,0.75,0.0,191772.92069799246,174786.97802560448,190364.29544388282,213538.27140305252,18259.691965707763,5165.728614919771,14777.377770234176,0.357645,0.036415,10993.054715745535,192441.59126817394,181831.19345113047,0.75488,0.24808,0.11666,2199.2981649896874
0.85,0.75,0.025,191772.92069799246,174786.97802560448,190364.29544388282,213538.27140305252,18259.691965707763,5165.728614919771,14777.377770234176,0.357645,0.013795,14743.054715745533,192441.59126817394,178081.19345113047,0.75488,0.24808,0.07711,2199.2981649896874
0.85,0.75,0.05,191772.92069799246,174786.97802560448,190364.29544388282,213538.27140305252,18259.691965707763,5165.728614919771,14777.377770234176,0.357645,0.004675,18493.054715745533,192441.59126817394,174331.19345113047,0.75488,0.24808,0.051025,2199.2981649896874
0.85,0.8,0.0,191772.92069799246,174786.97802560448,190364.29544388282,213538.27140305252,18259.691965707763,5165.728614919771,14777.377770234176,0.357645,0.059175,8794.443772596422,192441.59126817394,183953.27301453918,0.75488,0.24808,0.15184,2199.2981649896874
0.85,0.8,0.025,191772.92069799246,174786.97802560448,190364.29544388282,213538.27140305252,18259.691965707763,5165.728614919771,14777.377770234176,0.357645,0.024175,12544.443772596424,192441.59126817394,180203.27301453918,0.75488,0.24808,0.095375,2199.2981649896874
0.85,0.8,0.05,191772.92069799246,174786.97802560448,190364.29544388282,213538.27140305252,18259.691965707763,5165.728614919771,14777.377770234176,0.357645,0.00903,16294.443772596424,192441.59126817394,176453.27301453918,0.75488,0.24808,0.06501,2199.2981649896874
0.85,0.85,0.0,191772.92069799246,174786.97802560448,190364.29544388282,213538.27140305252,18259.691965707763,5165.728614919771,14777.377770234176,0.357645,0.09303,6595.832829447322,192441.59126817394,186075.35257794787,0.75488,0.24808,0.21583,2199.2981649896874
0.85,0.85,0.025,191772.92069799246,174786.97802560448,190364.29544388282,213538.27140305252,18259.691965707763,5165.728614919771,14777.377770234176,0.357645,0.040005,10345.832829447321,192441.59126817394,182325.35257794787,0.75488,0.24808,0.11772,2199.2981649896874
0.85,0.85,0.05,191772.92069799246,174786.97802560448,190364.29544388282,213538.27140305252,18259.691965707763,5165.728614919771,14777.377770234176,0.357645,0.01635,14095.832829447321,192441.59126817394,178575.35257794787,0.75488,0.24808,0.080665,2199.2981649896874
0.85,0.9,0.0,191772.92069799246,174786.97802560448,190364.29544388282,213538.27140305252,18259.691965707763,5165.728614919771,14777.377770234176,0.357645,0.15184,4397.221886298211,192441.59126817394,188197.43214135658,0.75488,0.24808,0.321515,2199.2981649896874
0.85,0.9,0.025,191772.92069799246,174786.97802560448,190364.29544388282,213538.27140305252,18259.691965707763,5165.728614919771,14777.377770234176,0.357645,0.06501,8147.221886298212,192441.59126817394,184447.43214135658,0.75488,0.24808,0.149885,2199.2981649896874
0.85,0.9,0.05,191772.92069799246,174786.97802560448,190364.29544388282,213538.27140305252,18259.691965707763,5165.728614919771,14777.377770234176,0.357645,0.027885,11897.221886298214,192441.59126817394,180697.43214135658,0.75488,0.24808,0.099575,2199.2981649896874
0.85,0.95,0.0,191772.92069799246,174786.97802560448,190364.29544388282,213538.27140305252,18259.691965707763,5165.728614919771,14777.377770234176,0.357645,0.321515,2198.6109431491054,192441.59126817394,190319.51170476526,0.75488,0.24808,0.475005,2199.2981649896874
0.85,0.95,0.025,191772.92069799246,174786.97802560448,190364.29544388282,213538.27140305252,18259.691965707763,5165.728614919771,14777.377770234176,0.357645,0.099575,5948.610943149107,192441.59126817394,186569.51170476526,0.75488,0.24808,0.236035,2199.2981649896874
0.85,0.95,0.05,191772.92069799246,174786.97802560448,190364.29544388282,213538.27140305252,18259.691965707763,5165.728614919771,14777.377770234176,0.357645,0.04596,9698.610943149106,192441.59126817394,182819.51170476526,0.75488,0.24808,0.1222,2199.2981649896874
0.85,1.0,0.0,191772.92069799246,174786.97802560448,190364.29544388282,213538.27140305252,18259.691965707763,5165.728614919771,14777.377770234176,0.357645,0.75192,0.0,192441.59126817394,192441.59126817394,0.75488,0.24808,0.75192,2199.2981649896874
0.85,1.0,0.025,191772.92069799246,174786.97802560448,190364.29544388282,213538.27140305252,18259.691965707763,5165.728614919771,14777.377770234176,0.357645,0.148015,3750.0,192441.59126817394,188691.59126817394,0.75488,0.24808,0.36078,2199.2981649896874
0.85,1.0,0.05,191772.92069799246,174786.97802560448,190364.29544388282,213538.27140305252,18259.691965707763,5165.728614919771,14777.377770234176,0.357645,0.073205,7500.0,192441.59126817394,184941.59126817394,0.75488,0.24808,0.148015,2199.2981649896874
0.9,0.0,0.0,194282.9227123052,176310.8453028106,192788.22426942116,217327.25414892394,15749.689951394967,3458.5481295558043,12281.336672280202,0.281925,0.0,46558.81997256931,194938.15546041948,150000.0,0.75488,0.24744,0.00143,2275.8972602640742
0.9,0.0,0.025,194282.9227123052,176310.8453028106,192788.22426942116,217327.25414892394,15749.689951394967,3458.5481295558043,12281.336672280202,0.281925,0.0,50308.81997256931,194938.15546041948,146250.0,0.75488,0.24744,0.000565,2275.8972602640742
0.9,0.0,0.05,194282.9227123052,176310.8453028106,192788.22426942116,217327.25414892394,15749.689951394967,3458.5481295558043,12281.336672280202,0.281925,0.0,54058.81997256931,194938.15546041948,142500.0,0.75488,0.24744,0.0002,2275.8972602640742
0.9,0.05,0.0,194282.9227123052,176310.8453028106,192788.22426942116,217327.25414892394,15749.689951394967,3458.5481295558043,12281.336672280202,0.281925,0.0,44230.878973940846,194938.15546041948,152246.90777302097,0.75488,0.24744,0.00205,2275.8972602640742
0.9,0.05,0.025,194282.9227123052,176310.8453028106,192788.22426942116,217327.25414892394,15749.689951394967,3458.5481295558043,12281.336672280202,0.281925,0.0,47980.878973940846,194938.15546041948,148496.90777302097,0.75488,0.24744,0.001015,2275.8972602640742
0.9,0.05,0.05,194282.9227123052,176310.8453028106,192788.22426942116,217327.25414892394,15749.689951394967,3458.5481295558043,12281.336672280202,0.281925,0.0,51730.878973940846,194938.15546041948,144746.90777302097,0.75488,0.24744,0.000395,2275.8972602640742
0.9,0.1,0.0,194282.9227123052,176310.8453028106,192788.22426942116,217327.25414892394,15749.689951394967,3458.5481295558043,12281.336672280202,0.281925,0.0,41902.93797531239,194938.15546041948,154493.81554604194,0.75488,0.24744,0.003035,2275.8972602640742
0.9,0.1,0.025,194282.9227123052,176310.8453028106,192788.22426942116,217327.25414892394,15749.689951394967,3458.5481295558043,12281.336672280202,0.281925,0.0,45652.93797531239,194938.15546041948,150743.81554604194,0.75488,0.24744,0.001495,2275.8972602640742
0.9,0.1,0.05,194282.9227123052,176310.8453028106,192788.22426942116,217327.25414892394,15749.689951394967,3458.5481295558043,12281.336672280202,0.281925,0.0,49402.93797531239,194938.15546041948,146993.81554604194,0.75488,0.24744,0.00073,2275.8972602640742
0.9,0.15,0.0,194282.9227123052,176310.8453028106,192788.22426942116,217327.25414892394,15749.689951394967,3458.5481295558043,12281.336672280202,0.281925,0.0,39574.99697668392,194938.15546041948,156740.72331906293,0.75488,0.24744,0.004515,2275.8972602640742
0.9,0.15,0.025,194282.9227123052,176310.8453028106,192788.22426942116,217327.25414892394,15749.689951394967,3458.5481295558043,12281.336672280202,0.281925,0.0,43324.99697668392,194938.15546041948,152990.72331906293,0.75488,0.24744,0.002355,2275.8972602640742
0.9,0.15,0.05,194282.9227123052,176310.8453028106,192788.22426942116,217327.25414892394,15749.689951394967,3458.5481295558043,12281.336672280202,0.281925,0.0,47074.99697668392,194938.15546041948,149240.72331906293,0.75488,0.24744,0.001155,2275.8972602640742
0.9,0.2,0.0,194282.9227123052,176310.8453028106,192788.22426942116,217327.25414892394,15749.689951394967,3458.5481295558043,12281.336672280202,0.281925,0.0,37247.05597805545,194938.15546041948,158987.63109208387,0.75488,0.24744,0.006405,2275.8972602640742
0.9,0.2,0.025,194282.9227123052,176310.8453028106,192788.22426942116,217327.25414892394,15749.689951394967,3458.5481295558043,12281.336672280202,0.281925,0.0,40997.05597805545,194938.15546041948,155237.63109208387,0.75488,0.24744,0.003455,2275.8972602640742
0.9,0.2,0.05,194282.9227123052,176310.8453028106,192788.22426942116,217327.25414892394,15749.689951394967,3458.5481295558043,12281.336672280202,0.281925,0.0,44747.05597805545,194938.15546041948,151487.63109208387,0.75488,0.24744,0.001805,2275.8972602640742
0.9,0.25,0.0,194282.9227123052,176310.8453028106,192788.22426942116,217327.25414892394,15749.689951394967,3458.5481295558043,12281.336672280202,0.281925,0.0,34919.11497942699,194938.15546041948,161234.53886510487,0.75488,0.24744,0.008985,2275.8972602640742
0.9,0.25,0.025,194282.9227123052,176310.8453028106,192788.22426942116,217327.25414892394,15749.689951394967,3458.5481295558043,12281.336672280202,0.281925,0.0,38669.11497942699,194938.15546041948,157484.53886510487,0.75488,0.24744,0.004905,2275.8972602640742
0.9,0.25,0.05,194282.9227123052,176310.8453028106,192788.22426942116,217327.25414892394,15749.689951394967,3458.5481295558043,12281.336672280202,0.281925,0.0,42419.11497942699,194938.15546041948,153734.53886510487,0.75488,0.24744,0.002725,2275.8972602640742
0.9,0.3,0.0,194282.9227123052,176310.8453028106,192788.22426942116,217327.25414892394,15749.689951394967,3458.5481295558043,12281.336672280202,0.281925,1e-05,32591.17398079852,194938.15546041948,163481.44663812587,0.75488,0.24744,0.012085,2275.8972602640742
0.9,0.3,0.025,194282.9227123052,176310.8453028106,192788.22426942116,217327.25414892394,15749.689951394967,3458.5481295558043,12281.336672280202,0.281925,0.0,36341.17398079852,194938.15546041948,159731.44663812587,0.75488,0.24744,0.006965,2275.8972602640742
0.9,0.3,0.05,194282.9227123052,176310.8453028106,192788.22426942116,217327.25414892394,15749.689951394967,3458.5481295558043,12281.336672280202,0.281925,0.0,40091.17398079852,194938.15546041948,155981.44663812587,0.75488,0.24744,0.003935,2275.8972602640742
0.9,0.35,0.0,194282.9227123052,176310.8453028106,192788.22426942116,217327.25414892394,15749.689951394967,3458.5481295558043,12281.336672280202,0.281925,5.5e-05,30263.23298217006,194938.15546041948,165728.35441114684,0.75488,0.24744,0.016095,2275.8972602640742
0.9,0.35,0.025,194282.9227123052,176310.8453028106,192788.22426942116,217327.25414892394,15749.689951394967,3458.5481295558043,12281.336672280202,0.281925,5e-06,34013.232982170055,194938.15546041948,161978.35441114684,0.75488,0.24744,0.009735,2275.8972602640742
0.9,0.35,0.05,194282.9227123052,176310.8453028106,192788.22426942116,217327.25414892394,15749.689951394967,3458.5481295558043,12281.336672280202,0.281925,0.0,37763.232982170055,194938.15546041948,158228.35441114684,0.75488,0.24744,0.00549,2275.8972602640742
0.9,0.4,0.0,194282.9227123052,176310.8453028106,192788.22426942116,217327.25414892394,15749.689951394967,3458.5481295558043,12281.336672280202,0.281925,0.000135,27935.29198354159,194938.15546041948,167975.2621841678,0.75488,0.24744,0.02135,2275.8972602640742
0.9,0.4,0.025,194282.9227123052,176310.8453028106,192788.22426942116,217327.25414892394,15749.689951394967,3458.5481295558043,12281.336672280202,0.281925,1.5e-05,31685.29198354159,194938.15546041948,164225.2621841678,0.75488,0.24744,0.01305,2275.8972602640742
0.9,0.4,0.05,194282.9227123052,176310.8453028106,192788.22426942116,217327.25414892394,15749.689951394967,3458.5481295558043,12281.336672280202,0.281925,0.0,35435.29198354159,194938.15546041948,160475.2621841678,0.75488,0.24744,0.00775,2275.8972602640742
0.9,0.45,0.0,194282.9227123052,176310.8453028106,192788.22426942116,217327.25414892394,15749.689951394967,3458.5481295558043,12281.336672280202,0.281925,0.00053,25607.35098491312,194938.15546041948,170222.16995718877,0.75488,0.24744,0.02788,2275.8972602640742
0.9,0.45,0.025,194282.9227123052,176310.8453028106,192788.22426942116,217327.25414892394,15749.689951394967,3458.5481295558043,12281.336672280202,0.281925,4.5e-05,29357.35098491312,194938.15546041948,166472.16995718877,0.75488,0.24744,0.01742,2275.8972602640742
0.9,0.45,0.05,194282.9227123052,176310.8453028106,192788.22426942116,217327.25414892394,15749.689951394967,3458.5481295558043,12281.336672280202,0.281925,5e-06,33107.35098491312,194938.15546041948,162722.16995718877,0.75488,0.24744,0.01069,2275.8972602640742
0.9,0.5,0.0,194282.9227123052,176310.8453028106,192788.22426942116,217327.25414892394,15749.689951394967,3458.5481295558043,12281.336672280202,0.281925,0.00143,23279.409986284656,194938.15546041948,172469.07773020974,0.75488,0.24744,0.035855,2275.8972602640742
0.9,0.5,0.025,194282.9227123052,176310.8453028106,192788.22426942116,217327.25414892394,15749.689951394967,3458.5481295558043,12281.336672280202,0.281925,0.0002,27029.409986284656,194938.15546041948,168719.07773020974,0.75488,0.24744,0.022895,2275.8972602640742
0.9,0.5,0.05,194282.9227123052,176310.8453028106,192788.22426942116,217327.25414892394,15749.689951394967,3458.5481295558043,12281.336672280202,0.281925,2e-05,30779.409986284656,194938.15546041948,164969.07773020974,0.75488,0.24744,0.01427,2275.8972602640742
0.9,0.55,0.0,194282.9227123052,176310.8453028106,192788.22426942116,217327.25414892394,15749.689951394967,3458.5481295558043,12281.336672280202,0.281925,0.003035,20951.46898765619,194938.15546041948,174715.98550323074,0.75488,0.24744,0.04589,2275.8972602640742
0.9,0.55,0.025,194282.9227123052,176310.8453028106,192788.22426942116,217327.25414892394,15749.689951394967,3458.5481295558043,12281.336672280202,0.281925,0.00073,24701.468987656193,194938.15546041948,170965.98550323074,0.75488,0.24744,0.02988,2275.8972602640742
0.9,0.55,0.05,194282.9227123052,176310.8453028106,192788.22426942116,217327.25414892394,15749.689951394967,3458.5481295558043,12281.336672280202,0.281925,7.5e-05,28451.468987656193,194938.15546041948,167215.98550323074,0.75488,0.24744,0.01916,2275.8972602640742
0.9,0.6,0.0,194282.9227123052,176310.8453028106,192788.22426942116,217327.25414892394,15749.689951394967,3458.5481295558043,12281.336672280202,0.281925,0.006405,18623.527989027723,194938.15546041948,176962.89327625168,0.75488,0.24744,0.058335,2275.8972602640742
0.9,0.6,0.025,194282.9227123052,176310.8453028106,192788.22426942116,217327.25414892394,15749.689951394967,3458.5481295558043,12281.336672280202,0.281925,0.001805,22373.527989027723,194938.15546041948,173212.89327625168,0.75488,0.24744,0.038335,2275.8972602640742
0.9,0.6,0.05,194282.9227123052,176310.8453028106,192788.22426942116,217327.25414892394,15749.689951394967,3458.5481295558043,12281.336672280202,0.281925,0.000385,26123.527989027723,194938.15546041948,169462.89327625168,0.75488,0.24744,0.024935,2275.8972602640742
0.9,0.65,0.0,194282.9227123052,176310.8453028106,192788.22426942116,217327.25414892394,15749.689951394967,3458.5481295558043,12281.336672280202,0.281925,0.012085,16295.586990399259,194938.15546041948,179209.80104927268,0.75488,0.24744,0.07347,2275.8972602640742
0.9,0.65,0.025,194282.9227123052,176310.8453028106,192788.22426942116,217327.25414892394,15749.689951394967,3458.5481295558043,12281.336672280202,0.281925,0.003935,20045.586990399257,194938.15546041948,175459.80104927268,0.75488,0.24744,0.04903,2275.8972602640742
0.9,0.65,0.05,194282.9227123052,176310.8453028106,192788.22426942116,217327.25414892394,15749.689951394967,3458.5481295558043,12281.336672280202,0.281925,0.001055,23795.586990399257,194938.15546041948,171709.80104927268,0.75488,0.24744,0.03227,2275.8972602640742
0.9,0.7,0.0,194282.9227123052,176310.8453028106,192788.22426942116,217327.25414892394,15749.689951394967,3458.5481295558043,12281.336672280202,0.281925,0.02135,13967.645991770796,194938.15546041948,181456.70882229364,0.75488,0.24744,0.091665,2275.8972602640742
0.9,0.7,0.025,194282.9227123052,176310.8453028106,192788.22426942116,217327.25414892394,15749.689951394967,3458.5481295558043,12281.336672280202,0.281925,0.00775,17717.645991770798,194938.15546041948,177706.70882229364,0.75488,0.24744,0.06231,2275.8972602640742
0.9,0.7,0.05,194282.9227123052,176310.8453028106,192788.22426942116,217327.25414892394,15749.689951394967,3458.5481295558043,12281.336672280202,0.281925,0.002535,21467.645991770798,194938.15546041948,173956.70882229364,0.75488,0.24744,0.04137,2275.8972602640742
0.9,0.75,0.0,194282.9227123052,176310.8453028106,192788.22426942116,217327.25414892394,15749.689951394967,3458.5481295558043,12281.336672280202,0.281925,0.035855,11639.704993142328,194938.15546041948,183703.61659531464,0.75488,0.24744,0.114385,2275.8972602640742
0.9,0.75,0.025,194282.9227123052,176310.8453028106,192788.22426942116,217327.25414892394,15749.689951394967,3458.5481295558043,12281.336672280202,0.281925,0.01427,15389.704993142328,194938.15546041948,179953.61659531464,0.75488,0.24744,0.07779,2275.8972602640742
0.9,0.75,0.05,194282.9227123052,176310.8453028106,192788.22426942116,217327.25414892394,15749.689951394967,3458.5481295558043,12281.336672280202,0.281925,0.005245,19139.704993142328,194938.15546041948,176203.61659531464,0.75488,0.24744,0.05291,2275.8972602640742
0.9,0.8,0.0,194282.9227123052,176310.8453028106,192788.22426942116,217327.25414892394,15749.689951394967,3458.5481295558043,12281.336672280202,0.281925,0.058335,9311.76399451386,194938.15546041948,185950.5243683356,0.75488,0.24744,0.14665,2275.8972602640742
0.9,0.8,0.025,194282.9227123052,176310.8453028106,192788.22426942116,217327.25414892394,15749.689951394967,3458.5481295558043,12281.336672280202,0.281925,0.024935,13061.76399451386,194938.15546041948,182200.5243683356,0.75488,0.24744,0.096305,2275.8972602640742
0.9,0.8,0.05,194282.9227123052,176310.8453028106,192788.22426942116,217327.25414892394,15749.689951394967,3458.5481295558043,12281.336672280202,0.281925,0.00995,16811.763994513858,194938.15546041948,178450.5243683356,0.75488,0.24744,0.06706,2275.8972602640742
0.9,0.85,0.0,194282.9227123052,176310.8453028106,192788.22426942116,217327.25414892394,15749.689951394967,3458.5481295558043,12281.336672280202,0.281925,0.091665,6983.822995885398,194938.15546041948,188197.43214135658,0.75488,0.24744,0.2053,2275.8972602640742
0.9,0.85,0.025,194282.9227123052,176310.8453028106,192788.22426942116,217327.25414892394,15749.689951394967,3458.5481295558043,12281.336672280202,0.281925,0.04137,10733.822995885399,194938.15546041948,184447.43214135658,0.75488,0.24744,0.11859,2275.8972602640742
0.9,0.85,0.05,194282.9227123052,176310.8453028106,192788.22426942116,217327.25414892394,15749.689951394967,3458.5481295558043,12281.336672280202,0.281925,0.01785,14483.822995885395,194938.15546041948,180697.43214135658,0.75488,0.24744,0.083315,2275.8972602640742
0.9,0.9,0.0,194282.9227123052,176310.8453028106,192788.22426942116,217327.25414892394,15749.689951394967,3458.5481295558043,12281.336672280202,0.281925,0.14665,4655.88199725693,194938.15546041948,190444.33991437755,0.75488,0.24744,0.309025,2275.8972602640742
0.9,0.9,0.025,194282.9227123052,176310.8453028106,192788.22426942116,217327.25414892394,15749.689951394967,3458.5481295558043,12281.336672280202,0.281925,0.06706,8405.881997256929,194938.15546041948,186694.33991437755,0.75488,0.24744,0.14913,2275.8972602640742
0.9,0.9,0.05,194282.9227123052,176310.8453028106,192788.22426942116,217327.25414892394,15749.689951394967,3458.5481295558043,12281.336672280202,0.281925,0.030115,12155.881997256929,194938.15546041948,182944.33991437755,0.75488,0.24744,0.10259,2275.8972602640742
0.9,0.95,0.0,194282.9227123052,176310.8453028106,192788.22426942116,217327.25414892394,15749.689951394967,3458.5481295558043,12281.336672280202,0.281925,0.309025,2327.9409986284677,194938.15546041948,192691.2476873985,0.75488,0.24744,0.465705,2275.8972602640742
0.9,0.95,0.025,194282.9227123052,176310.8453028106,192788.22426942116,217327.25414892394,15749.689951394967,3458.5481295558043,12281.336672280202,0.281925,0.10259,6077.940998628468,194938.15546041948,188941.2476873985,0.75488,0.24744,0.23387,2275.8972602640742
0.9,0.95,0.05,194282.9227123052,176310.8453028106,192788.22426942116,217327.25414892394,15749.689951394967,3458.5481295558043,12281.336672280202,0.281925,0.049645,9827.940998628468,194938.15546041948,185191.2476873985,0.75488,0.24744,0.12571,2275.8972602640742
0.9,1.0,0.0,194282.9227123052,176310.8453028106,192788.22426942116,217327.25414892394,15749.689951394967,3458.5481295558043,12281.336672280202,0.281925,0.75256,0.0,194938.15546041948,194938.15546041948,0.75488,0.24744,0.75256,2275.8972602640742
0.9,1.0,0.025,194282.9227123052,176310.8453028106,192788.22426942116,217327.25414892394,15749.689951394967,3458.5481295558043,12281.336672280202,0.281925,0.15214,3750.0,194938.15546041948,191188.15546041948,0.75488,0.24744,0.36318,2275.8972602640742
0.9,1.0,0.05,194282.9227123052,176310.8453028106,192788.22426942116,217327.25414892394,15749.689951394967,3458.5481295558043,12281.336672280202,0.281925,0.07863,7500.0,194938.15546041948,187438.15546041948,0.75488,0.24744,0.15214,2275.8972602640742
0.95,0.0,0.0,196792.85869280854,177825.89672566458,195212.96919494594,221130.75109002055,13239.753970891696,1736.6731572318924,9824.503624284567,0.2174,0.0,49145.4210821565,197434.71965266502,150000.0,0.75488,0.246855,0.00138,2352.562389347985
0.95,0.0,0.025,196792.85869280854,177825.89672566458,195212.96919494594,221130.75109002055,13239.753970891696,1736.6731572318924,9824.503624284567,0.2174,0.0,52895.4210821565,197434.71965266502,146250.0,0.75488,0.246855,0.000565,2352.562389347985
0.95,0.0,0.05,196792.85869280854,177825.89672566458,195212.96919494594,221130.75109002055,13239.753970891696,1736.6731572318924,9824.503624284567,0.2174,0.0,56645.4210821565,197434.71965266502,142500.0,0.75488,0.246855,0.000225,2352.562389347985
0.95,0.05,0.0,196792.85869280854,177825.89672566458,195212.96919494594,221130.75109002055,13239.753970891696,1736.6731572318924,9824.503624284567,0.2174,0.0,46688.150028048665,197434.71965266502,152371.73598263325,0.75488,0.246855,0.00201,2352.562389347985
0.95,0.05,0.025,196792.85869280854,177825.89672566458,195212.96919494594,221130.75109002055,13239.753970891696,1736.6731572318924,9824.503624284567,0.2174,0.0,50438.150028048665,197434.71965266502,148621.73598263325,0.75488,0.246855,0.00101,2352.562389347985
0.95,0.05,0.05,196792.85869280854,177825.89672566458,195212.96919494594,221130.75109002055,13239.753970891696,1736.6731572318924,9824.503624284567,0.2174,0.0,54188.150028048665,197434.71965266502,144871.73598263325,0.75488,0.246855,0.00042,2352.562389347985
0.95,0.1,0.0,196792.85869280854,177825.89672566458,195212.96919494594,221130.75109002055,13239.753970891696,1736.6731572318924,9824.503624284567,0.2174,0.0,44230.878973940846,197434.71965266502,154743.4719652665,0.75488,0.246855,0.00293,2352.562389347985
0.95,0.1,0.025,196792.85869280854,177825.89672566458,195212.96919494594,221130.75109002055,13239.753970891696,1736.6731572318924,9824.503624284567,0.2174,0.0,47980.878973940846,197434.71965266502,150993.4719652665,0.75488,0.246855,0.001525,2352.562389347985
0.95,0.1,0.05,196792.85869280854,177825.89672566458,195212.96919494594,221130.75109002055,13239.753970891696,1736.6731572318924,9824.503624284567,0.2174,0.0,51730.878973940846,197434.71965266502,147243.4719652665,0.75488,0.246855,0.000765,2352.562389347985
0.95,0.15,0.0,196792.85869280854,177825.89672566458,195212.96919494594,221130.75109002055,13239.753970891696,1736.6731572318924,9824.503624284567,0.2174,0.0,41773.60791983302,197434.71965266502,157115.20794789976,0.75488,0.246855,0.004405,2352.562389347985
0.95,0.15,0.025,196792.85869280854,177825.89672566458,195212.96919494594,221130.75109002055,13239.753970891696,1736.6731572318924,9824.503624284567,0.2174,0.0,45523.60791983302,197434.71965266502,153365.20794789976,0.75488,0.246855,0.00236,2352.562389347985
0.95,0.15,0.05,196792.85869280854,177825.89672566458,195212.96919494594,221130.75109002055,13239.753970891696,1736.6731572318924,9824.503624284567,0.2174,0.0,49273.60791983302,197434.71965266502,149615.20794789976,0.75488,0.246855,0.0012,2352.562389347985
0.95,0.2,0.0,196792.85869280854,177825.89672566458,195212.96919494594,221130.75109002055,13239.753970891696,1736.6731572318924,9824.503624284567,0.2174,0.0,39316.33686572519,197434.71965266502,159486.94393053302,0.75488,0.246855,0.00626,2352.562389347985
0.95,0.2,0.025,196792.85869280854,177825.89672566458,195212.96919494594,221130.75109002055,13239.753970891696,1736.6731572318924,9824.503624284567,0.2174,0.0,43066.33686572519,197434.71965266502,155736.94393053302,0.75488,0.246855,0.0035,2352.562389347985
0.95,0.2,0.05,196792.85869280854,177825.89672566458,195212.96919494594,221130.75109002055,13239.753970891696,1736.6731572318924,9824.503624284567,0.2174,0.0,46816.33686572519,197434.71965266502,151986.94393053302,0.75488,0.246855,0.00192,2352.562389347985
0.95,0.25,0.0,196792.85869280854,177825.89672566458,195212.96919494594,221130.75109002055,13239.753970891696,1736.6731572318924,9824.503624284567,0.2174,0.0,36859.06581161737,197434.71965266502,161858.67991316627,0.75488,0.246855,0.008785,2352.562389347985
0.95,0.25,0.025,196792.85869280854,177825.89672566458,195212.96919494594,221130.75109002055,13239.753970891696,1736.6731572318924,9824.503624284567,0.2174,0.0,40609.06581161737,197434.71965266502,158108.67991316627,0.75488,0.246855,0.00494,2352.562389347985
0.95,0.25,0.05,196792.85869280854,177825.89672566458,195212.96919494594,221130.75109002055,13239.753970891696,1736.6731572318924,9824.503624284567,0.2174,0.0,44359.06581161737,197434.71965266502,154358.67991316627,0.75488,0.246855,0.002865,2352.562389347985
0.95,0.3,0.0,196792.85869280854,177825.89672566458,195212.96919494594,221130.75109002055,13239.753970891696,1736.6731572318924,9824.503624284567,0.2174,1e-05,34401.794757509546,197434.71965266502,164230.4158957995,0.75488,0.246855,0.011885,2352.562389347985
0.95,0.3,0.025,196792.85869280854,177825.89672566458,195212.96919494594,221130.75109002055,13239.753970891696,1736.6731572318924,9824.503624284567,0.2174,0.0,38151.794757509546,197434.71965266502,160480.4158957995,0.75488,0.246855,0.007025,2352.562389347985
0.95,0.3,0.05,196792.85869280854,177825.89672566458,195212.96919494594,221130.75109002055,13239.753970891696,1736.6731572318924,9824.503624284567,0.2174,0.0,41901.794757509546,197434.71965266502,156730.4158957995,0.75488,0.246855,0.004095,2352.562389347985
0.95,0.35,0.0,196792.85869280854,177825.89672566458,195212.96919494594,221130.75109002055,13239.753970891696,1736.6731572318924,9824.503624284567,0.2174,5e-05,31944.523703401723,197434.71965266502,166602.15187843275,0.75488,0.246855,0.015875,2352.562389347985
0.95,0.35,0.025,196792.85869280854,177825.89672566458,195212.96919494594,221130.75109002055,13239.753970891696,1736.6731572318924,9824.503624284567,0.2174,5e-06,35694.52370340173,197434.71965266502,162852.15187843275,0.75488,0.246855,0.00984,2352.562389347985
0.95,0.35,0.05,196792.85869280854,177825.89672566458,195212.96919494594,221130.75109002055,13239.753970891696,1736.6731572318924,9824.503624284567,0.2174,0.0,39444.52370340172,197434.71965266502,159102.15187843275,0.75488,0.246855,0.00573,2352.562389347985
0.95,0.4,0.0,196792.85869280854,177825.89672566458,195212.96919494594,221130.75109002055,13239.753970891696,1736.6731572318924,9824.503624284567,0.2174,0.000135,29487.2526492939,197434.71965266502,168973.88786106603,0.75488,0.246855,0.02106,2352.562389347985
0.95,0.4,0.025,196792.85869280854,177825.89672566458,195212.96919494594,221130.75109002055,13239.753970891696,1736.6731572318924,9824.503624284567,0.2174,1.5e-05,33237.2526492939,197434.71965266502,165223.88786106603,0.75488,0.246855,0.01314,2352.562389347985
0.95,0.4,0.05,196792.85869280854,177825.89672566458,195212.96919494594,221130.75109002055,13239.753970891696,1736.6731572318924,9824.503624284567,0.2174,0.0,36987.2526492939,197434.71965266502,161473.88786106603,0.75488,0.246855,0.00805,2352.562389347985
0.95,0.45,0.0,196792.85869280854,177825.89672566458,195212.96919494594,221130.75109002055,13239.753970891696,1736.6731572318924,9824.503624284567,0.2174,0.00051,27029.981595186073,197434.71965266502,171345.62384369926,0.75488,0.246855,0.027385,2352.562389347985
0.95,0.45,0.025,196792.85869280854,177825.89672566458,195212.96919494594,221130.75109002055,13239.753970891696,1736.6731572318924,9824.503624284567,0.2174,4.5e-05,30779.981595186073,197434.71965266502,167595.62384369926,0.75488,0.246855,0.01767,2352.562389347985
0.95,0.45,0.05,196792.85869280854,177825.89672566458,195212.96919494594,221130.75109002055,13239.753970891696,1736.6731572318924,9824.503624284567,0.2174,5e-06,34529.98159518607,197434.71965266502,163845.62384369926,0.75488,0.246855,0.011075,2352.562389347985
0.95,0.5,0.0,196792.85869280854,177825.89672566458,195212.96919494594,221130.75109002055,13239.753970891696,1736.6731572318924,9824.503624284567,0.2174,0.00138,24572.71054107825,197434.71965266502,173717.3598263325,0.75488,0.246855,0.035435,2352.562389347985
0.95,0.5,0.025,196792.85869280854,177825.89672566458,195212.96919494594,221130.75109002055,13239.753970891696,1736.6731572318924,9824.503624284567,0.2174,0.000225,28322.71054107825,197434.71965266502,169967.3598263325,0.75488,0.246855,0.02311,2352.562389347985
0.95,0.5,0.05,196792.85869280854,177825.89672566458,195212.96919494594,221130.75109002055,13239.753970891696,1736.6731572318924,9824.503624284567,0.2174,2.5e-05,32072.71054107825,197434.71965266502,166217.3598263325,0.75488,0.246855,0.01488,2352.562389347985
0.95,0.55,0.0,196792.85869280854,177825.89672566458,195212.96919494594,221130.75109002055,13239.753970891696,1736.6731572318924,9824.503624284567,0.2174,0.00293,22115.439486970423,197434.71965266502,176089.09580896577,0.75488,0.246855,0.04533,2352.562389347985
0.95,0.55,0.025,196792.85869280854,177825.89672566458,195212.96919494594,221130.75109002055,13239.753970891696,1736.6731572318924,9824.503624284567,0.2174,0.000765,25865.439486970423,197434.71965266502,172339.09580896577,0.75488,0.246855,0.030195,2352.562389347985
0.95,0.55,0.05,196792.85869280854,177825.89672566458,195212.96919494594,221130.75109002055,13239.753970891696,1736.6731572318924,9824.503624284567,0.2174,9e-05,29615.439486970423,197434.71965266502,168589.09580896577,0.75488,0.246855,0.019825,2352.562389347985
0.95,0.6,0.0,196792.85869280854,177825.89672566458,195212.96919494594,221130.75109002055,13239.753970891696,1736.6731572318924,9824.503624284567,0.2174,0.00626,19658.1684328626,197434.71965266502,178460.83179159902,0.75488,0.246855,0.057575,2352.562389347985
0.95,0.6,0.025,196792.85869280854,177825.89672566458,195212.96919494594,221130.75109002055,13239.753970891696,1736.6731572318924,9824.503624284567,0.2174,0.00192,23408.168432862596,197434.71965266502,174710.83179159902,0.75488,0.246855,0.0387,2352.562389347985
0.95,0.6,0.05,196792.85869280854,177825.89672566458,195212.96919494594,221130.75109002055,13239.753970891696,1736.6731572318924,9824.503624284567,0.2174,0.000435,27158.168432862596,197434.71965266502,170960.83179159902,0.75488,0.246855,0.025705,2352.562389347985
0.95,0.65,0.0,196792.85869280854,177825.89672566458,195212.96919494594,221130.75109002055,13239.753970891696,1736.6731572318924,9824.503624284567,0.2174,0.011885,17200.897378754773,197434.71965266502,180832.56777423227,0.75488,0.246855,0.0727,2352.562389347985
0.95,0.65,0.025,196792.85869280854,177825.89672566458,195212.96919494594,221130.75109002055,13239.753970891696,1736.6731572318924,9824.503624284567,0.2174,0.004095,20950.897378754777,197434.71965266502,177082.56777423227,0.75488,0.246855,0.04949,2352.562389347985
0.95,0.65,0.05,196792.85869280854,177825.89672566458,195212.96919494594,221130.75109002055,13239.753970891696,1736.6731572318924,9824.503624284567,0.2174,0.00118,24700.897378754773,197434.71965266502,173332.56777423227,0.75488,0.246855,0.033315,2352.562389347985
0.95,0.7,0.0,196792.85869280854,177825.89672566458,195212.96919494594,221130.75109002055,13239.753970891696,1736.6731572318924,9824.503624284567,0.2174,0.02106,14743.62632464695,197434.71965266502,183204.3037568655,0.75488,0.246855,0.0905,2352.562389347985
0.95,0.7,0.025,196792.85869280854,177825.89672566458,195212.96919494594,221130.75109002055,13239.753970891696,1736.6731572318924,9824.503624284567,0.2174,0.00805,18493.62632464695,197434.71965266502,179454.3037568655,0.75488,0.246855,0.062965,2352.562389347985
0.95,0.7,0.05,196792.85869280854,177825.89672566458,195212.96919494594,221130.75109002055,13239.753970891696,1736.6731572318924,9824.503624284567,0.2174,0.00282,22243.62632464695,197434.71965266502,175704.3037568655,0.75488,0.246855,0.04266,2352.562389347985
0.95,0.75,0.0,196792.85869280854,177825.89672566458,195212.96919494594,221130.75109002055,13239.753970891696,1736.6731572318924,9824.503624284567,0.2174,0.035435,12286.355270539127,197434.71965266502,185576.03973949875,0.75488,0.246855,0.11248,2352.562389347985
0.95,0.75,0.025,196792.85869280854,177825.89672566458,195212.96919494594,221130.75109002055,13239.753970891696,1736.6731572318924,9824.503624284567,0.2174,0.01488,16036.355270539127,197434.71965266502,181826.03973949875,0.75488,0.246855,0.07856,2352.562389347985
0.95,0.75,0.05,196792.85869280854,177825.89672566458,195212.96919494594,221130.75109002055,13239.753970891696,1736.6731572318924,9824.503624284567,0.2174,0.00582,19786.355270539127,197434.71965266502,178076.03973949875,0.75488,0.246855,0.05462,2352.562389347985
0.95,0.8,0.0,196792.85869280854,177825.89672566458,195212.96919494594,221130.75109002055,13239.753970891696,1736.6731572318924,9824.503624284567,0.2174,0.057575,9829.084216431296,197434.71965266502,187947.775722132,0.75488,0.246855,0.14248,2352.562389347985
0.95,0.8,0.025,196792.85869280854,177825.89672566458,195212.96919494594,221130.75109002055,13239.753970891696,1736.6731572318924,9824.503624284567,0.2174,0.025705,13579.084216431298,197434.71965266502,184197.775722132,0.75488,0.246855,0.097125,2352.562389347985
0.95,0.8,0.05,196792.85869280854,177825.89672566458,195212.96919494594,221130.75109002055,13239.753970891696,1736.6731572318924,9824.503624284567,0.2174,0.01083,17329.0842164313,197434.71965266502,180447.775722132,0.75488,0.246855,0.068895,2352.562389347985
0.95,0.85,0.0,196792.85869280854,177825.89672566458,195212.96919494594,221130.75109002055,13239.753970891696,1736.6731572318924,9824.503624284567,0.2174,0.0905,7371.813162323472,197434.71965266502,190319.51170476526,0.75488,0.246855,0.19609,2352.562389347985
0.95,0.85,0.025,196792.85869280854,177825.89672566458,195212.96919494594,221130.75109002055,13239.753970891696,1736.6731572318924,9824.503624284567,0.2174,0.04266,11121.813162323473,197434.71965266502,186569.51170476526,0.75488,0.246855,0.1194,2352.562389347985
0.95,0.85,0.05,196792.85869280854,177825.89672566458,195212.96919494594,221130.75109002055,13239.753970891696,1736.6731572318924,9824.503624284567,0.2174,0.019405,14871.813162323473,197434.71965266502,182819.51170476526,0.75488,0.246855,0.085675,2352.562389347985
0.95,0.9,0.0,196792.85869280854,177825.89672566458,195212.96919494594,221130.75109002055,13239.753970891696,1736.6731572318924,9824.503624284567,0.2174,0.14248,4914.542108215648,197434.71965266502,192691.2476873985,0.75488,0.246855,0.29766,2352.562389347985
0.95,0.9,0.025,196792.85869280854,177825.89672566458,195212.96919494594,221130.75109002055,13239.753970891696,1736.6731572318924,9824.503624284567,0.2174,0.068895,8664.54210821565,197434.71965266502,188941.2476873985,0.75488,0.246855,0.148915,2352.562389347985
0.95,0.9,0.05,196792.85869280854,177825.89672566458,195212.96919494594,221130.75109002055,13239.753970891696,1736.6731572318924,9824.503624284567,0.2174,0.032425,12414.542108215646,197434.71965266502,185191.2476873985,0.75488,0.246855,0.10538,2352.562389347985
0.95,0.95,0.0,196792.85869280854,177825.89672566458,195212.96919494594,221130.75109002055,13239.753970891696,1736.6731572318924,9824.503624284567,0.2174,0.29766,2457.271054107824,197434.71965266502,195062.98367003177,0.75488,0.246855,0.45679,2352.562389347985
0.95,0.95,0.025,196792.85869280854,177825.89672566458,195212.96919494594,221130.75109002055,13239.753970891696,1736.6731572318924,9824.503624284567,0.2174,0.10538,6207.271054107823,197434.71965266502,191312.98367003177,0.75488,0.246855,0.231465,2352.562389347985
0.95,0.95,0.05,196792.85869280854,177825.89672566458,195212.96919494594,221130.75109002055,13239.753970891696,1736.6731572318924,9824.503624284567,0.2174,0.05354,9957.271054107823,197434.71965266502,187562.98367003177,0.75488,0.246855,0.129045,2352.562389347985
0.95,1.0,0.0,196792.85869280854,177825.89672566458,195212.96919494594,221130.75109002055,13239.753970891696,1736.6731572318924,9824.503624284567,0.2174,0.753145,0.0,197434.71965266502,197434.71965266502,0.75488,0.246855,0.753145,2352.562389347985
0.95,1.0,0.025,196792.85869280854,177825.89672566458,195212.96919494594,221130.75109002055,13239.753970891696,1736.6731572318924,9824.503624284567,0.2174,0.15597,3750.0,197434.71965266502,193684.71965266502,0.75488,0.246855,0.365185,2352.562389347985
0.95,1.0,0.05,196792.85869280854,177825.89672566458,195212.96919494594,221130.75109002055,13239.753970891696,1736.6731572318924,9824.503624284567,0.2174,0.083675,7500.0,197434.71965266502,189934.71965266502,0.75488,0.246855,0.15597,2352.562389347985
1.0,0.0,0.0,199302.73738988608,179344.08212723234,197641.46130192888,224914.7403407293,10729.875273814123,0.0,7363.737883257272,0.16667,0.0,51732.02219174368,199931.28384491056,150000.0,0.75488,0.24631,0.00133,2429.284801857599
1.0,0.0,0.025,199302.73738988608,179344.08212723234,197641.46130192888,224914.7403407293,10729.875273814123,0.0,7363.737883257272,0.16667,0.0,55482.02219174368,199931.28384491056,146250.0,0.75488,0.24631,0.000575,2429.284801857599
1.0,0.0,0.05,199302.73738988608,179344.08212723234,197641.46130192888,224914.7403407293,10729.875273814123,0.0,7363.737883257272,0.16667,0.0,59232.02219174368,199931.28384491056,142500.0,0.75488,0.24631,0.000235,2429.284801857599
1.0,0.05,0.0,199302.73738988608,179344.08212723234,197641.46130192888,224914.7403407293,10729.875273814123,0.0,7363.737883257272,0.16667,0.0,49145.4210821565,199931.28384491056,152496.56419224554,0.75488,0.24631,0.001955,2429.284801857599
1.0,0.05,0.025,199302.73738988608,179344.08212723234,197641.46130192888,224914.7403407293,10729.875273814123,0.0,7363.737883257272,0.16667,0.0,52895.4210821565,199931.28384491056,148746.56419224554,0.75488,0.24631,0.00103,2429.284801857599
1.0,0.05,0.05,199302.73738988608,179344.08212723234,197641.46130192888,224914.7403407293,10729.875273814123,0.0,7363.737883257272,0.16667,0.0,56645.4210821565,199931.28384491056,144996.56419224554,0.75488,0.24631,0.00044,2429.284801857599
1.0,0.1,0.0,199302.73738988608,179344.08212723234,197641.46130192888,224914.7403407293,10729.875273814123,0.0,7363.737883257272,0.16667,0.0,46558.81997256931,199931.28384491056,154993.12838449105,0.75488,0.24631,0.00287,2429.284801857599
1.0,0.1,0.025,199302.73738988608,179344.08212723234,197641.46130192888,224914.7403407293,10729.875273814123,0.0,7363.737883257272,0.16667,0.0,50308.81997256931,199931.28384491056,151243.12838449105,0.75488,0.24631,0.001545,2429.284801857599
1.0,0.1,0.05,199302.73738988608,179344.08212723234,197641.46130192888,224914.7403407293,10729.875273814123,0.0,7363.737883257272,0.16667,0.0,54058.81997256931,199931.28384491056,147493.12838449105,0.75488,0.24631,0.000785,2429.284801857599
1.0,0.15,0.0,199302.73738988608,179344.08212723234,197641.46130192888,224914.7403407293,10729.875273814123,0.0,7363.737883257272,0.16667,0.0,43972.21886298213,199931.28384491056,157489.6925767366,0.75488,0.24631,0.00435,2429.284801857599
1.0,0.15,0.025,199302.73738988608,179344.08212723234,197641.46130192888,224914.7403407293,10729.875273814123,0.0,7363.737883257272,0.16667,0.0,47722.21886298213,199931.28384491056,153739.6925767366,0.75488,0.24631,0.002375,2429.284801857599
1.0,0.15,0.05,199302.73738988608,179344.08212723234,197641.46130192888,224914.7403407293,10729.875273814123,0.0,7363.737883257272,0.16667,0.0,51472.21886298213,199931.28384491056,149989.6925767366,0.75488,0.24631,0.001235,2429.284801857599
1.0,0.2,0.0,199302.73738988608,179344.08212723234,197641.46130192888,224914.7403407293,10729.875273814123,0.0,7363.737883257272,0.16667,0.0,41385.617753394945,199931.28384491056,159986.2567689821,0.75488,0.24631,0.006135,2429.284801857599
1.0,0.2,0.025,199302.73738988608,179344.08212723234,197641.46130192888,224914.7403407293,10729.875273814123,0.0,7363.737883257272,0.16667,0.0,45135.617753394945,199931.28384491056,156236.2567689821,0.75488,0.24631,0.003535,2429.284801857599
1.0,0.2,0.05,199302.73738988608,179344.08212723234,197641.46130192888,224914.7403407293,10729.875273814123,0.0,7363.737883257272,0.16667,0.0,48885.617753394945,199931.28384491056,152486.2567689821,0.75488,0.24631,0.001975,2429.284801857599
1.0,0.25,0.0,199302.73738988608,179344.08212723234,197641.46130192888,224914.7403407293,10729.875273814123,0.0,7363.737883257272,0.16667,0.0,38799.016643807765,199931.28384491056,162482.82096122764,0.75488,0.24631,0.008635,2429.284801857599
1.0,0.25,0.025,199302.73738988608,179344.08212723234,197641.46130192888,224914.7403407293,10729.875273814123,0.0,7363.737883257272,0.16667,0.0,42549.016643807765,199931.28384491056,158732.82096122764,0.75488,0.24631,0.00497,2429.284801857599
1.0,0.25,0.05,199302.73738988608,179344.08212723234,197641.46130192888,224914.7403407293,10729.875273814123,0.0,7363.737883257272,0.16667,0.0,46299.01664380776,199931.28384491056,154982.82096122764,0.75488,0.24631,0.00293,2429.284801857599
1.0,0.3,0.0,199302.73738988608,179344.08212723234,197641.46130192888,224914.7403407293,10729.875273814123,0.0,7363.737883257272,0.16667,1e-05,36212.41553422058,199931.28384491056,164979.38515347318,0.75488,0.24631,0.011735,2429.284801857599
1.0,0.3,0.025,199302.73738988608,179344.08212723234,197641.46130192888,224914.7403407293,10729.875273814123,0.0,7363.737883257272,0.16667,0.0,39962.41553422058,199931.28384491056,161229.38515347318,0.75488,0.24631,0.007125,2429.284801857599
1.0,0.3,0.05,199302.73738988608,179344.08212723234,197641.46130192888,224914.7403407293,10729.875273814123,0.0,7363.737883257272,0.16667,0.0,43712.41553422058,199931.28384491056,157479.38515347318,0.75488,0.24631,0.004215,2429.284801857599
1.0,0.35,0.0,199302.73738988608,179344.08212723234,197641.46130192888,224914.7403407293,10729.875273814123,0.0,7363.737883257272,0.16667,4e-05,33625.81442463339,199931.28384491056,167475.9493457187,0.75488,0.24631,0.015645,2429.284801857599
1.0,0.35,0.025,199302.73738988608,179344.08212723234,197641.46130192888,224914.7403407293,10729.875273814123,0.0,7363.737883257272,0.16667,5e-06,37375.81442463339,199931.28384491056,163725.9493457187,0.75488,0.24631,0.00989,2429.284801857599
1.0,0.35,0.05,199302.73738988608,179344.08212723234,197641.46130192888,224914.7403407293,10729.875273814123,0.0,7363.737883257272,0.16667,0.0,41125.81442463339,199931.28384491056,159975.9493457187,0.75488,0.24631,0.00593,2429.284801857599
1.0,0.4,0.0,199302.73738988608,179344.08212723234,197641.46130192888,224914.7403407293,10729.875273814123,0.0,7363.737883257272,0.16667,0.000125,31039.213315046207,199931.28384491056,169972.5135379642,0.75488,0.24631,0.020785,2429.284801857599
1.0,0.4,0.025,199302.73738988608,179344.08212723234,197641.46130192888,224914.7403407293,10729.875273814123,0.0,7363.737883257272,0.16667,1.5e-05,34789.2133150462,199931.28384491056,166222.5135379642,0.75488,0.24631,0.013335,2429.284801857599
1.0,0.4,0.05,199302.73738988608,179344.08212723234,197641.46130192888,224914.7403407293,10729.875273814123,0.0,7363.737883257272,0.16667,0.0,38539.2133150462,199931.28384491056,162472.5135379642,0.75488,0.24631,0.00837,2429.284801857599
1.0,0.45,0.0,199302.73738988608,179344.08212723234,197641.46130192888,224914.7403407293,10729.875273814123,0.0,7363.737883257272,0.16667,0.000475,28452.612205459027,199931.28384491056,172469.07773020974,0.75488,0.24631,0.027095,2429.284801857599
1.0,0.45,0.025,199302.73738988608,179344.08212723234,197641.46130192888,224914.7403407293,10729.875273814123,0.0,7363.737883257272,0.16667,4.5e-05,32202.612205459027,199931.28384491056,168719.07773020974,0.75488,0.24631,0.017875,2429.284801857599
1.0,0.45,0.05,199302.73738988608,179344.08212723234,197641.46130192888,224914.7403407293,10729.875273814123,0.0,7363.737883257272,0.16667,1e-05,35952.61220545903,199931.28384491056,164969.07773020974,0.75488,0.24631,0.01147,2429.284801857599
1.0,0.5,0.0,199302.73738988608,179344.08212723234,197641.46130192888,224914.7403407293,10729.875273814123,0.0,7363.737883257272,0.16667,0.00133,25866.01109587184,199931.28384491056,174965.64192245528,0.75488,0.24631,0.035035,2429.284801857599
1.0,0.5,0.025,199302.73738988608,179344.08212723234,197641.46130192888,224914.7403407293,10729.875273814123,0.0,7363.737883257272,0.16667,0.000235,29616.01109587184,199931.28384491056,171215.64192245528,0.75488,0.24631,0.02326,2429.284801857599
1.0,0.5,0.05,199302.73738988608,179344.08212723234,197641.46130192888,224914.7403407293,10729.875273814123,0.0,7363.737883257272,0.16667,3e-05,33366.011095871836,199931.28384491056,167465.64192245528,0.75488,0.24631,0.015445,2429.284801857599
1.0,0.55,0.0,199302.73738988608,179344.08212723234,197641.46130192888,224914.7403407293,10729.875273814123,0.0,7363.737883257272,0.16667,0.00287,23279.409986284656,199931.28384491056,177462.20611470082,0.75488,0.24631,0.044795,2429.284801857599
1.0,0.55,0.025,199302.73738988608,179344.08212723234,197641.46130192888,224914.7403407293,10729.875273814123,0.0,7363.737883257272,0.16667,0.000785,27029.409986284656,199931.28384491056,173712.20611470082,0.75488,0.24631,0.03038,2429.284801857599
1.0,0.55,0.05,199302.73738988608,179344.08212723234,197641.46130192888,224914.7403407293,10729.875273814123,0.0,7363.737883257272,0.16667,0.0001,30779.409986284656,199931.28384491056,169962.20611470082,0.75488,0.24631,0.02041,2429.284801857599
1.0,0.6,0.0,199302.73738988608,179344.08212723234,197641.46130192888,224914.7403407293,10729.875273814123,0.0,7363.737883257272,0.16667,0.006135,20692.808876697472,199931.28384491056,179958.77030694633,0.75488,0.24631,0.057075,2429.284801857599
1.0,0.6,0.025,199302.73738988608,179344.08212723234,197641.46130192888,224914.7403407293,10729.875273814123,0.0,7363.737883257272,0.16667,0.001975,24442.808876697472,199931.28384491056,176208.77030694633,0.75488,0.24631,0.03908,2429.284801857599
1.0,0.6,0.05,199302.73738988608,179344.08212723234,197641.46130192888,224914.7403407293,10729.875273814123,0.0,7363.737883257272,0.16667,0.000495,28192.808876697472,199931.28384491056,172458.77030694633,0.75488,0.24631,0.026455,2429.284801857599
1.0,0.65,0.0,199302.73738988608,179344.08212723234,197641.46130192888,224914.7403407293,10729.875273814123,0.0,7363.737883257272,0.16667,0.011735,18106.20776711029,199931.28384491056,182455.33449919184,0.75488,0.24631,0.07191,2429.284801857599
1.0,0.65,0.025,199302.73738988608,179344.08212723234,197641.46130192888,224914.7403407293,10729.875273814123,0.0,7363.737883257272,0.16667,0.004215,21856.20776711029,199931.28384491056,178705.33449919184,0.75488,0.24631,0.049925,2429.284801857599
1.0,0.65,0.05,199302.73738988608,179344.08212723234,197641.46130192888,224914.7403407293,10729.875273814123,0.0,7363.737883257272,0.16667,0.0013,25606.20776711029,199931.28384491056,174955.33449919184,0.75488,0.24631,0.034285,2429.284801857599
1.0,0.7,0.0,199302.73738988608,179344.08212723234,197641.46130192888,224914.7403407293,10729.875273814123,0.0,7363.737883257272,0.16667,0.020785,15519.606657523107,199931.28384491056,184951.89869143738,0.75488,0.24631,0.089645,2429.284801857599
1.0,0.7,0.025,199302.73738988608,179344.08212723234,197641.46130192888,224914.7403407293,10729.875273814123,0.0,7363.737883257272,0.16667,0.00837,19269.60665752311,199931.28384491056,181201.89869143738,0.75488,0.24631,0.063495,2429.284801857599
1.0,0.7,0.05,199302.73738988608,179344.08212723234,197641.46130192888,224914.7403407293,10729.875273814123,0.0,7363.737883257272,0.16667,0.00314,23019.60665752311,199931.28384491056,177451.89869143738,0.75488,0.24631,0.043885,2429.284801857599
1.0,0.75,0.0,199302.73738988608,179344.08212723234,197641.46130192888,224914.7403407293,10729.875273814123,0.0,7363.737883257272,0.16667,0.035035,12933.00554793592,199931.28384491056,187448.46288368292,0.75488,0.24631,0.111065,2429.284801857599
1.0,0.75,0.025,199302.73738988608,179344.08212723234,197641.46130192888,224914.7403407293,10729.875273814123,0.0,7363.737883257272,0.16667,0.015445,16683.005547935918,199931.28384491056,183698.46288368292,0.75488,0.24631,0.079325,2429.284801857599
1.0,0.75,0.05,199302.73738988608,179344.08212723234,197641.46130192888,224914.7403407293,10729.875273814123,0.0,7363.737883257272,0.16667,0.006305,20433.005547935918,199931.28384491056,179948.46288368292,0.75488,0.24631,0.056095,2429.284801857599
1.0,0.8,0.0,199302.73738988608,179344.08212723234,197641.46130192888,224914.7403407293,10729.875273814123,0.0,7363.737883257272,0.16667,0.057075,10346.404438348734,199931.28384491056,189945.02707592846,0.75488,0.24631,0.139425,2429.284801857599
1.0,0.8,0.025,199302.73738988608,179344.08212723234,197641.46130192888,224914.7403407293,10729.875273814123,0.0,7363.737883257272,0.16667,0.026455,14096.404438348733,199931.28384491056,186195.02707592846,0.75488,0.24631,0.097945,2429.284801857599
1.0,0.8,0.05,199302.73738988608,179344.08212723234,197641.46130192888,224914.7403407293,10729.875273814123,0.0,7363.737883257272,0.16667,0.011665,17846.40443834873,199931.28384491056,182445.02707592846,0.75488,0.24631,0.0707,2429.284801857599
1.0,0.85,0.0,199302.73738988608,179344.08212723234,197641.46130192888,224914.7403407293,10729.875273814123,0.0,7363.737883257272,0.16667,0.089645,7759.8033287615535,199931.28384491056,192441.59126817394,0.75488,0.24631,0.18878,2429.284801857599
1.0,0.85,0.025,199302.73738988608,179344.08212723234,197641.46130192888,224914.7403407293,10729.875273814123,0.0,7363.737883257272,0.16667,0.043885,11509.803328761554,199931.28384491056,188691.59126817394,0.75488,0.24631,0.120405,2429.284801857599
1.0,0.85,0.05,199302.73738988608,179344.08212723234,197641.46130192888,224914.7403407293,10729.875273814123,0.0,7363.737883257272,0.16667,0.02088,15259.803328761554,199931.28384491056,184941.59126817394,0.75488,0.24631,0.087635,2429.284801857599
1.0,0.9,0.0,199302.73738988608,179344.08212723234,197641.46130192888,224914.7403407293,10729.875273814123,0.0,7363.737883257272,0.16667,0.139425,5173.202219174367,199931.28384491056,194938.15546041948,0.75488,0.24631,0.287125,2429.284801857599
1.0,0.9,0.025,199302.73738988608,179344.08212723234,197641.46130192888,224914.7403407293,10729.875273814123,0.0,7363.737883257272,0.16667,0.0707,8923.202219174365,199931.28384491056,191188.15546041948,0.75488,0.24631,0.148775,2429.284801857599
1.0,0.9,0.05,199302.73738988608,179344.08212723234,197641.46130192888,224914.7403407293,10729.875273814123,0.0,7363.737883257272,0.16667,0.034785,12673.202219174369,199931.28384491056,187438.15546041948,0.75488,0.24631,0.10813,2429.284801857599
1.0,0.95,0.0,199302.73738988608,179344.08212723234,197641.46130192888,224914.7403407293,10729.875273814123,0.0,7363.737883257272,0.16667,0.287125,2586.601109587187,199931.28384491056,197434.71965266502,0.75488,0.24631,0.447905,2429.284801857599
1.0,0.95,0.025,199302.73738988608,179344.08212723234,197641.46130192888,224914.7403407293,10729.875273814123,0.0,7363.737883257272,0.16667,0.10813,6336.601109587186,199931.28384491056,193684.71965266502,0.75488,0.24631,0.228505,2429.284801857599
1.0,0.95,0.05,199302.73738988608,179344.08212723234,197641.46130192888,224914.7403407293,10729.875273814123,0.0,7363.737883257272,0.16667,0.05698,10086.601109587187,199931.28384491056,189934.71965266502,0.75488,0.24631,0.13206,2429.284801857599
1.0,1.0,0.0,199302.73738988608,179344.08212723234,197641.46130192888,224914.7403407293,10729.875273814123,0.0,7363.737883257272,0.16667,0.75369,0.0,199931.28384491056,199931.28384491056,0.75488,0.24631,0.75369,2429.284801857599
1.0,1.0,0.025,199302.73738988608,179344.08212723234,197641.46130192888,224914.7403407293,10729.875273814123,0.0,7363.737883257272,0.16667,0.1595,3750.0,199931.28384491056,196181.28384491056,0.75488,0.24631,0.367135,2429.284801857599
1.0,1.0,0.05,199302.73738988608,179344.08212723234,197641.46130192888,224914.7403407293,10729.875273814123,0.0,7363.737883257272,0.16667,0.08859,7500.0,199931.28384491056,192431.28384491056,0.75488,0.24631,0.1595,2429.284801857599
