date,V0_nov15,VA_nov15,V0_exact,VA_exact,unfunded_nov15,unfunded_exact,par_10y_pct
1990-01-02,223537.55,228082.29,221294.88,225794.03,0.00,0.00,7.94
1990-01-03,222473.95,227025.47,220231.35,224737.00,0.00,0.00,7.99
1990-01-04,222666.70,227199.43,220421.83,224908.86,0.00,0.00,7.98
1990-01-05,222404.93,226903.94,220158.31,224611.87,0.00,0.00,7.99
1990-01-08,221734.67,226237.10,219481.08,223937.75,0.00,0.00,8.02
1990-01-09,221693.60,226161.23,219438.76,223860.96,0.00,0.00,8.02
1990-01-10,221663.50,226107.88,219396.46,223795.39,0.00,0.00,8.03
1990-01-11,221473.83,225925.73,219209.05,223615.43,0.00,0.00,8.04
1990-01-12,220131.39,224561.92,217862.66,222247.53,0.00,0.00,8.10
1990-01-16,218154.79,222645.79,215887.05,220331.36,0.00,0.00,8.20
1990-01-17,218337.32,222820.93,216070.10,220507.16,0.00,0.00,8.19
1990-01-18,215762.29,220253.60,213497.76,217941.94,0.00,0.00,8.32
1990-01-19,217043.54,221522.75,214778.77,219211.24,0.00,0.00,8.26
1990-01-22,216730.83,221192.51,214462.26,218877.24,0.00,0.00,8.27
1990-01-23,217012.06,221468.46,214743.46,219153.27,0.00,0.00,8.26
1990-01-24,214455.58,218870.43,212177.95,216545.91,0.00,0.00,8.38
1990-01-25,213552.55,217959.71,211272.40,215632.50,0.00,0.00,8.42
1990-01-26,212076.01,216468.93,209788.77,214134.32,0.00,0.00,8.49
1990-01-29,211964.10,216381.75,209677.31,214047.30,0.00,0.00,8.50
1990-01-30,211750.24,216190.46,209468.65,213861.02,0.00,0.00,8.51
1990-01-31,213491.43,217962.71,211213.69,215637.26,0.00,0.00,8.43
1990-02-01,213741.10,218217.61,211466.31,215895.17,0.00,0.00,8.42
1990-02-02,212122.24,216586.49,209844.10,214260.41,0.00,0.00,8.50
1990-02-05,211518.82,215975.77,209238.23,213647.13,0.00,0.00,8.53
1990-02-06,210651.03,215084.32,208369.21,212754.48,0.00,0.00,8.57
1990-02-07,211521.60,215984.01,209254.76,213669.35,0.00,0.00,8.52
1990-02-08,212249.60,216721.96,209982.32,214406.90,0.00,0.00,8.49
1990-02-09,215790.06,220287.45,213534.30,217984.68,0.00,0.00,8.31
1990-02-12,214016.46,218487.81,211754.78,216178.88,0.00,0.00,8.40
1990-02-13,214889.78,219302.59,212626.26,216992.60,0.00,0.00,8.35
1990-02-14,214811.73,219239.40,212548.91,216929.93,0.00,0.00,8.36
1990-02-15,213376.41,217818.06,211112.05,215506.56,0.00,0.00,8.43
1990-02-16,213608.21,218049.23,211346.75,215740.75,0.00,0.00,8.42
1990-02-20,209485.54,213910.34,207212.43,211589.21,0.00,0.00,8.62
1990-02-21,209496.61,213916.30,207226.11,211597.90,0.00,0.00,8.62
1990-02-22,211107.09,215539.21,208840.27,213224.80,0.00,0.00,8.54
1990-02-23,211248.70,215651.45,208981.33,213336.83,0.00,0.00,8.53
1990-02-26,212707.53,217140.69,210442.73,214828.68,0.00,0.00,8.46
1990-02-27,213720.28,218179.99,211453.40,215865.80,0.00,0.00,8.41
1990-02-28,211677.10,216115.78,209408.95,213800.07,0.00,0.00,8.51
1990-03-01,210110.12,214542.75,207841.16,212225.92,0.00,0.00,8.59
1990-03-02,211195.40,215640.15,208931.97,213329.08,0.00,0.00,8.54
1990-03-05,208886.24,213335.68,206616.79,211017.89,0.00,0.00,8.65
1990-03-06,210195.72,214656.96,207937.24,212350.56,0.00,0.00,8.59
1990-03-07,210398.13,214852.93,208140.04,212547.04,0.00,0.00,8.58
1990-03-08,210721.72,215194.14,208467.05,212891.61,0.00,0.00,8.57
1990-03-09,209225.89,213714.58,206973.86,211414.24,0.00,0.00,8.65
1990-03-12,209588.66,214085.14,207338.96,211787.17,0.00,0.00,8.63
1990-03-13,207585.44,212044.24,205326.59,209736.87,0.00,0.00,8.73
1990-03-14,209234.37,213712.57,206984.08,211414.12,0.00,0.00,8.65
1990-03-15,208980.89,213459.00,206731.93,211161.85,0.00,0.00,8.66
1990-03-16,210452.60,214946.15,208203.19,212648.71,0.00,0.00,8.59
1990-03-19,210518.91,215029.98,208278.55,212741.61,0.00,0.00,8.59
1990-03-20,211625.75,216176.73,209392.37,213895.32,0.00,0.00,8.54
1990-03-21,211450.14,215991.95,209217.65,213711.50,0.00,0.00,8.55
1990-03-22,211634.91,216142.90,209393.79,213854.05,0.00,0.00,8.53
1990-03-23,211854.45,216361.71,209610.84,214070.37,0.00,0.00,8.52
1990-03-26,212063.61,216586.14,209819.01,214293.67,0.00,0.00,8.51
1990-03-27,211878.90,216408.31,209636.40,214117.86,0.00,0.00,8.52
1990-03-28,212073.80,216591.14,209830.44,214300.00,0.00,0.00,8.51
1990-03-29,210151.57,214633.33,207898.29,212331.99,0.00,0.00,8.60
1990-03-30,209149.55,213588.59,206892.91,211284.06,0.00,0.00,8.65
1990-04-02,209151.62,213585.37,206893.59,211279.48,0.00,0.00,8.65
1990-04-03,209504.55,213956.47,207251.92,211655.97,0.00,0.00,8.63
1990-04-04,211132.05,215575.47,208885.45,213281.59,0.00,0.00,8.55
1990-04-05,210784.32,215225.80,208536.76,212930.87,0.00,0.00,8.57
1990-04-06,210963.86,215398.35,208712.61,213099.78,0.00,0.00,8.56
1990-04-09,210317.61,214776.08,208066.95,212477.71,0.00,0.00,8.59
1990-04-10,210084.60,214527.42,207829.55,212224.67,0.00,0.00,8.60
1990-04-11,209671.54,214100.26,207408.21,211789.13,0.00,0.00,8.63
1990-04-12,209424.33,213847.84,207162.26,211537.99,0.00,0.00,8.64
1990-04-16,208597.18,212992.56,206332.50,210680.17,0.00,0.00,8.68
1990-04-17,206776.54,211159.94,204506.00,208841.27,0.00,0.00,8.77
1990-04-18,204954.55,209335.93,202682.45,207015.26,0.00,0.00,8.86
1990-04-19,204784.93,209152.23,202509.50,206828.28,0.00,0.00,8.87
1990-04-20,203136.36,207447.78,200854.23,205117.22,0.00,0.00,8.95
1990-04-23,202613.19,206949.69,200329.52,204617.14,0.00,0.00,8.98
1990-04-24,202258.40,206613.10,199979.22,204284.84,0.00,0.00,9.00
1990-04-25,202126.98,206499.47,199853.77,204177.08,0.00,0.00,9.01
1990-04-26,201032.87,205407.31,198762.67,203087.72,0.00,0.00,9.07
1990-04-27,201117.61,205458.00,198844.67,203136.01,0.00,0.00,9.06
1990-04-30,201589.28,205970.70,199317.66,203649.70,0.00,0.00,9.04
1990-05-01,200854.05,205245.09,198579.60,202920.91,0.00,0.00,9.08
1990-05-02,200642.38,205028.79,198371.93,202708.71,0.00,0.00,9.09
1990-05-03,201659.24,206047.32,199387.03,203725.66,0.00,0.00,9.04
1990-05-04,205330.63,209693.85,203052.55,207367.37,0.00,0.00,8.84
1990-05-07,204790.67,209147.65,202512.66,206821.17,0.00,0.00,8.87
1990-05-08,205318.23,209665.48,203042.09,207341.15,0.00,0.00,8.84
1990-05-09,204322.28,208638.01,202051.59,206319.37,0.00,0.00,8.88
1990-05-10,205558.76,209874.40,203292.73,207560.78,0.00,0.00,8.82
1990-05-11,209169.79,213502.52,206910.94,211196.88,0.00,0.00,8.64
1990-05-14,209861.31,214219.07,207604.71,211915.62,0.00,0.00,8.61
1990-05-15,209056.07,213413.12,206797.95,211107.94,0.00,0.00,8.65
1990-05-16,208436.96,212781.11,206178.13,210475.20,0.00,0.00,8.68
1990-05-17,208233.08,212578.29,205978.01,210276.17,0.00,0.00,8.69
1990-05-18,207095.77,211448.96,204838.13,209143.86,0.00,0.00,8.75
1990-05-21,207313.09,211681.43,205055.59,209376.35,0.00,0.00,8.74
1990-05-22,209075.83,213481.30,206823.17,211181.18,0.00,0.00,8.65
1990-05-23,209821.64,214205.36,207566.62,211903.22,0.00,0.00,8.61
1990-05-24,209378.12,213757.91,207116.17,211448.65,0.00,0.00,8.63
1990-05-25,208134.18,212519.81,205863.38,210201.17,0.00,0.00,8.69
1990-05-29,208765.35,213158.96,206496.69,210842.55,0.00,0.00,8.66
1990-05-30,209553.69,213921.11,207289.44,211609.67,0.00,0.00,8.62
1990-05-31,209978.27,214370.61,207718.67,212063.74,0.00,0.00,8.60
1990-06-01,213186.13,217585.73,210927.90,215280.90,0.00,0.00,8.44
1990-06-04,213192.00,217602.61,210935.09,215299.00,0.00,0.00,8.44
1990-06-05,212536.18,216933.22,210279.79,214630.15,0.00,0.00,8.47
1990-06-06,212791.09,217187.96,210540.32,214890.69,0.00,0.00,8.46
1990-06-07,212837.02,217229.41,210581.88,214927.74,0.00,0.00,8.46
1990-06-08,212754.08,217155.62,210502.34,214857.30,0.00,0.00,8.46
1990-06-11,212409.84,216825.95,210155.42,214524.66,0.00,0.00,8.48
1990-06-12,212429.72,216835.40,210176.46,214535.41,0.00,0.00,8.48
1990-06-13,213976.02,218381.00,211722.65,216081.24,0.00,0.00,8.40
1990-06-14,214421.73,218830.41,212167.77,216530.10,0.00,0.00,8.38
1990-06-15,212821.62,217229.99,210566.65,214928.31,0.00,0.00,8.46
1990-06-18,212028.44,216431.21,209771.51,214127.41,0.00,0.00,8.50
1990-06-19,211833.05,216237.17,209578.36,213935.60,0.00,0.00,8.51
1990-06-20,210981.39,215367.79,208725.46,213064.97,0.00,0.00,8.55
1990-06-21,211545.52,215949.05,209291.08,213647.69,0.00,0.00,8.52
1990-06-22,211766.28,216158.19,209509.33,213854.43,0.00,0.00,8.51
1990-06-25,210325.80,214709.32,208066.23,212402.65,0.00,0.00,8.58
1990-06-26,210814.03,215223.86,208554.59,212917.15,0.00,0.00,8.56
1990-06-27,211569.26,215984.08,209313.43,213681.18,0.00,0.00,8.52
1990-06-28,212527.99,216924.85,210271.93,214622.12,0.00,0.00,8.47
1990-06-29,213337.13,217745.29,211078.78,215440.28,0.00,0.00,8.43
1990-07-02,213342.86,217756.58,211084.45,215451.45,0.00,0.00,8.43
1990-07-03,213850.03,218257.87,211592.25,215953.55,0.00,0.00,8.40
1990-07-05,213479.41,217868.71,211218.93,215561.75,0.00,0.00,8.42
1990-07-06,211613.85,216018.80,209353.95,213711.86,0.00,0.00,8.51
1990-07-09,210501.10,214915.13,208236.74,212603.28,0.00,0.00,8.57
1990-07-10,210481.78,214911.51,208218.77,212600.87,0.00,0.00,8.57
1990-07-11,210540.33,214960.55,208271.19,212643.77,0.00,0.00,8.57
1990-07-12,211784.66,216139.12,209508.99,213816.66,0.00,0.00,8.50
1990-07-13,212783.03,217119.99,210506.68,214797.24,0.00,0.00,8.45
1990-07-16,212961.04,217301.63,210685.18,214979.38,0.00,0.00,8.44
1990-07-17,212943.69,217283.93,210665.24,214959.04,0.00,0.00,8.44
1990-07-18,211564.15,215860.07,209275.86,213525.31,0.00,0.00,8.50
1990-07-19,211344.31,215619.57,209051.64,213280.52,0.00,0.00,8.51
1990-07-20,211910.81,216192.12,209614.05,213848.96,0.00,0.00,8.48
1990-07-23,211882.20,216130.47,209585.74,213787.96,0.00,0.00,8.48
1990-07-24,210929.06,215179.77,208632.70,212837.12,0.00,0.00,8.53
1990-07-25,211778.27,216062.31,209483.12,213720.73,0.00,0.00,8.49
1990-07-26,211778.27,216067.72,209486.12,213729.14,0.00,0.00,8.49
1990-07-27,213227.14,217507.82,210934.68,215169.34,0.00,0.00,8.42
1990-07-30,214831.30,219116.76,212538.63,216778.34,0.00,0.00,8.34
1990-07-31,214396.81,218662.64,212096.50,216316.56,0.00,0.00,8.36
1990-08-01,215843.58,220099.61,213543.41,217754.08,0.00,0.00,8.29
1990-08-02,213361.88,217579.87,211052.71,215225.05,0.00,0.00,8.41
1990-08-03,212546.26,216682.97,210220.79,214312.24,0.00,0.00,8.43
1990-08-06,206702.24,210746.33,204349.34,208347.40,0.00,0.00,8.71
1990-08-07,205402.89,209495.02,203062.76,207108.27,0.00,0.00,8.78
1990-08-08,205554.00,209628.14,203217.05,207244.87,0.00,0.00,8.77
1990-08-09,207850.43,211970.08,205520.25,209593.72,0.00,0.00,8.66
1990-08-10,207300.38,211403.84,204969.34,209026.65,0.00,0.00,8.68
1990-08-13,206622.02,210722.60,204283.68,208337.86,0.00,0.00,8.71
1990-08-14,207709.09,211841.86,205377.01,209463.38,0.00,0.00,8.66
1990-08-15,208119.77,212266.03,205791.05,209890.91,0.00,0.00,8.64
1990-08-16,205724.96,209876.04,203386.27,207490.16,0.00,0.00,8.76
1990-08-17,204974.95,209105.66,202634.81,206718.36,0.00,0.00,8.80
1990-08-20,204835.45,208979.04,202500.51,206596.87,0.00,0.00,8.81
1990-08-21,204301.96,208450.41,201972.62,206073.77,0.00,0.00,8.84
1990-08-22,202884.65,207019.87,200547.97,204635.56,0.00,0.00,8.91
1990-08-23,201099.02,205197.83,198757.87,202808.97,0.00,0.00,9.00
1990-08-24,200090.40,204153.34,197749.76,201765.17,0.00,0.00,9.05
1990-08-27,202996.10,207123.22,200661.98,204741.65,0.00,0.00,8.90
1990-08-28,202216.76,206317.71,199884.15,203937.80,0.00,0.00,8.94
1990-08-29,204187.90,208313.19,201854.12,205932.26,0.00,0.00,8.84
1990-08-30,203674.45,207768.55,201337.08,205384.20,0.00,0.00,8.86
1990-08-31,203541.42,207601.66,201201.15,205214.71,0.00,0.00,8.86
1990-09-04,202743.64,206793.15,200399.68,204402.37,0.00,0.00,8.90
1990-09-05,203548.45,207593.23,201202.73,205200.91,0.00,0.00,8.86
1990-09-06,203951.43,208004.23,201611.72,205618.02,0.00,0.00,8.84
1990-09-07,204598.06,208674.15,202261.55,206291.09,0.00,0.00,8.81
1990-09-10,203809.11,207885.10,201468.33,205497.51,0.00,0.00,8.85
1990-09-11,204250.65,208335.48,201909.93,205947.94,0.00,0.00,8.83
1990-09-12,204372.32,208428.26,202028.35,206037.78,0.00,0.00,8.82
1990-09-13,204295.33,208323.65,201949.39,205931.45,0.00,0.00,8.82
1990-09-14,203304.41,207302.81,200954.41,204906.59,0.00,0.00,8.87
1990-09-17,202605.52,206605.70,200250.05,204203.72,0.00,0.00,8.90
1990-09-18,202633.05,206633.77,200276.06,204230.24,0.00,0.00,8.90
1990-09-19,203097.61,207123.06,200753.01,204732.00,0.00,0.00,8.88
1990-09-20,202526.75,206561.58,200178.43,204166.48,0.00,0.00,8.91
1990-09-21,200883.07,204874.90,198528.22,202473.24,0.00,0.00,8.99
1990-09-24,199968.65,203962.73,197613.48,201560.52,0.00,0.00,9.04
1990-09-25,200417.84,204436.24,198068.12,202039.41,0.00,0.00,9.02
1990-09-26,200759.19,204763.93,198411.64,202369.55,0.00,0.00,9.00
1990-09-27,202455.29,206426.64,200107.75,204033.05,0.00,0.00,8.91
1990-09-28,204264.77,208235.08,201926.09,205850.94,0.00,0.00,8.82
1990-10-01,206521.81,210530.71,204191.33,208155.00,0.00,0.00,8.71
1990-10-02,206888.90,210915.50,204553.44,208534.59,0.00,0.00,8.69
1990-10-03,206470.14,210478.04,204127.50,208089.92,0.00,0.00,8.71
1990-10-04,207223.10,211235.02,204886.39,208853.08,0.00,0.00,8.67
1990-10-05,207632.63,211615.34,205292.27,209230.09,0.00,0.00,8.65
1990-10-09,203942.96,207927.86,201594.05,205533.06,0.00,0.00,8.83
1990-10-10,202768.51,206740.82,200419.53,204345.82,0.00,0.00,8.89
1990-10-11,202153.02,206066.79,199796.30,203664.44,0.00,0.00,8.92
1990-10-12,203859.26,207811.28,201506.24,205412.63,0.00,0.00,8.84
1990-10-15,204603.92,208591.27,202250.92,206192.42,0.00,0.00,8.80
1990-10-16,204829.58,208831.80,202477.95,206434.23,0.00,0.00,8.79
1990-10-17,205528.57,209549.70,203181.24,207156.45,0.00,0.00,8.76
1990-10-18,206496.75,210526.27,204151.04,208134.78,0.00,0.00,8.71
1990-10-19,208431.23,212493.18,206090.01,210106.32,0.00,0.00,8.62
1990-10-22,208209.54,212261.85,205866.81,209873.52,0.00,0.00,8.63
1990-10-23,207722.45,211754.66,205374.16,209360.79,0.00,0.00,8.65
1990-10-24,207532.74,211561.26,205185.60,209168.56,0.00,0.00,8.66
1990-10-25,208390.58,212425.11,206042.98,210032.05,0.00,0.00,8.62
1990-10-26,208155.35,212153.40,205807.56,209760.53,0.00,0.00,8.63
1990-10-29,206665.77,210651.06,204309.49,208249.34,0.00,0.00,8.70
1990-10-30,206640.43,210641.07,204290.20,208245.34,0.00,0.00,8.70
1990-10-31,207694.76,211689.28,205345.54,209294.88,0.00,0.00,8.65
1990-11-01,209276.13,213258.27,206928.50,210865.97,0.00,0.00,8.57
1990-11-02,209293.05,213286.21,206946.64,210895.04,0.00,0.00,8.57
1990-11-05,210741.80,214757.22,208400.42,212371.23,0.00,0.00,8.50
1990-11-06,210324.51,214348.10,207981.28,211960.05,0.00,0.00,8.52
1990-11-07,209140.82,213147.12,206797.21,210758.61,0.00,0.00,8.57
1990-11-08,208937.07,212934.12,206591.50,210543.68,0.00,0.00,8.58
1990-11-09,210815.33,214832.15,208476.85,212449.11,0.00,0.00,8.49
1990-11-13,213350.49,217415.61,211021.35,215042.09,0.00,0.00,8.37
1990-11-14,213577.37,217641.35,211249.83,215269.52,0.00,0.00,8.36
1990-11-15,213336.97,217407.29,211006.35,215032.20,0.00,0.00,8.37
1990-11-16,214849.86,218932.57,212525.75,216564.29,0.00,0.00,8.30
1990-11-19,213834.17,217930.37,211506.32,215557.93,0.00,0.00,8.35
1990-11-20,214695.52,218802.74,212371.86,216434.62,0.00,0.00,8.31
1990-11-21,215474.16,219568.74,213146.91,217197.26,0.00,0.00,8.27
1990-11-23,215255.07,219317.97,212926.28,216945.22,0.00,0.00,8.28
1990-11-26,215480.85,219553.52,213158.20,217186.97,0.00,0.00,8.27
1990-11-27,215237.90,219311.47,212914.93,216944.54,0.00,0.00,8.28
1990-11-28,214786.26,218873.25,212462.84,216505.62,0.00,0.00,8.30
1990-11-29,214417.10,218497.07,212092.57,216128.30,0.00,0.00,8.32
1990-11-30,215691.35,219784.53,213373.59,217422.79,0.00,0.00,8.26
1990-12-03,216575.08,220690.57,214260.06,218331.56,0.00,0.00,8.22
1990-12-04,216841.02,220883.95,214517.90,218517.52,0.00,0.00,8.20
1990-12-05,217736.43,221784.92,215423.33,219428.82,0.00,0.00,8.16
1990-12-06,217267.62,221318.51,214949.62,218957.29,0.00,0.00,8.18
1990-12-07,220479.38,224505.57,218170.03,222154.04,0.00,0.00,8.03
1990-12-10,221568.06,225591.46,219262.54,223244.07,0.00,0.00,7.98
1990-12-11,222472.37,226523.57,220169.99,224179.26,0.00,0.00,7.94
1990-12-12,223116.13,227144.80,220818.24,224805.43,0.00,0.00,7.91
1990-12-13,221652.57,225677.50,219353.29,223336.47,0.00,0.00,7.98
1990-12-14,220157.26,224177.56,217853.12,221831.35,0.00,0.00,8.05
1990-12-17,220709.94,224734.69,218409.40,222392.20,0.00,0.00,8.02
1990-12-18,221322.19,225346.79,219022.10,223004.87,0.00,0.00,7.99
1990-12-19,220951.78,224890.50,218639.20,222536.69,0.00,0.00,8.00
1990-12-20,219925.56,223823.47,217609.06,221465.92,0.00,0.00,8.05
1990-12-21,218620.21,222534.15,216305.31,220177.80,0.00,0.00,8.11
1990-12-24,216700.33,220585.44,214383.04,218226.61,0.00,0.00,8.20
1990-12-26,217780.11,221662.29,215465.11,219306.02,0.00,0.00,8.15
1990-12-27,218681.54,222579.79,216370.95,220228.01,0.00,0.00,8.11
1990-12-28,217860.49,221710.65,215548.23,219357.53,0.00,0.00,8.14
1990-12-31,219088.76,222893.33,216769.65,220533.95,0.00,0.00,8.08
1991-01-02,221495.00,225341.36,219186.85,222993.13,0.00,0.00,7.97
1991-01-03,222370.20,226220.37,220063.80,223874.04,0.00,0.00,7.93
1991-01-04,220480.15,224359.68,218167.19,222006.02,0.00,0.00,8.02
1991-01-07,218032.03,221879.64,215710.24,219516.87,0.00,0.00,8.13
1991-01-08,217207.87,220985.34,214876.19,218613.11,0.00,0.00,8.16
1991-01-09,215284.99,218957.36,212942.53,216574.95,0.00,0.00,8.25
1991-01-10,217334.59,221019.67,214998.74,218644.21,0.00,0.00,8.16
1991-01-11,216477.68,220137.14,214142.03,217762.00,0.00,0.00,8.20
1991-01-14,215875.34,219480.38,213539.73,217105.76,0.00,0.00,8.23
1991-01-15,216066.62,219658.25,213725.74,217278.46,0.00,0.00,8.22
1991-01-16,215780.65,219378.59,213445.30,217004.29,0.00,0.00,8.24
1991-01-17,220116.07,223842.67,217805.65,221493.13,0.00,0.00,8.05
1991-01-18,220434.54,224138.30,218124.55,221789.50,0.00,0.00,8.03
1991-01-22,219489.28,223160.30,217169.18,220801.39,0.00,0.00,8.07
1991-01-23,220121.67,223808.90,217801.49,221449.85,0.00,0.00,8.04
1991-01-24,220896.17,224585.05,218575.75,222225.89,0.00,0.00,8.00
1991-01-25,219625.61,223321.41,217300.62,220957.30,0.00,0.00,8.06
1991-01-28,219687.00,223400.71,217363.07,221037.50,0.00,0.00,8.06
1991-01-29,220330.99,224055.59,218008.53,221693.86,0.00,0.00,8.03
1991-01-30,219863.53,223568.97,217533.09,221199.25,0.00,0.00,8.05
1991-01-31,220232.30,223921.39,217904.85,221554.95,0.00,0.00,8.03
1991-02-01,222698.55,226286.30,220368.37,223918.57,0.00,0.00,7.91
1991-02-04,223399.14,226992.45,221073.19,224629.08,0.00,0.00,7.88
1991-02-05,224037.71,227624.06,221712.07,225261.19,0.00,0.00,7.85
1991-02-06,225142.34,228711.75,222829.27,226362.01,0.00,0.00,7.79
1991-02-07,224579.20,228145.44,222267.37,225796.89,0.00,0.00,7.82
1991-02-08,225767.94,229353.05,223465.52,227014.07,0.00,0.00,7.77
1991-02-11,225501.05,229070.36,223191.04,226723.79,0.00,0.00,7.78
1991-02-12,225513.91,229083.43,223206.92,226739.92,0.00,0.00,7.78
1991-02-13,225500.10,229069.40,223191.56,226724.32,0.00,0.00,7.78
1991-02-14,225024.82,228569.29,222709.74,226217.74,0.00,0.00,7.80
1991-02-15,225545.71,229133.08,223241.06,226791.77,0.00,0.00,7.78
1991-02-19,225149.29,228753.44,222848.82,226416.14,0.00,0.00,7.80
1991-02-20,224269.25,227853.56,221965.34,225512.83,0.00,0.00,7.84
1991-02-21,223430.44,226989.90,221124.51,224647.22,0.00,0.00,7.88
1991-02-22,222810.74,226394.58,220510.02,224056.86,0.00,0.00,7.91
1991-02-25,222965.75,226563.52,220662.56,224223.16,0.00,0.00,7.91
1991-02-26,221709.58,225315.49,219400.19,222968.54,0.00,0.00,7.96
1991-02-27,221289.77,224877.50,218980.88,222531.18,0.00,0.00,7.98
1991-02-28,220441.63,224038.22,218124.89,221683.67,0.00,0.00,8.02
1991-03-01,218386.93,221983.56,216070.45,219628.93,0.00,0.00,8.12
1991-03-04,218294.77,221878.70,215977.58,219523.46,0.00,0.00,8.12
1991-03-05,219106.88,222681.68,216793.40,220330.46,0.00,0.00,8.08
1991-03-06,218446.20,222027.02,216131.28,219674.15,0.00,0.00,8.11
1991-03-07,219365.54,222967.05,217055.17,220618.75,0.00,0.00,8.07
1991-03-08,217988.69,221506.14,215669.08,219149.10,0.00,0.00,8.13
1991-03-11,219530.45,223050.28,217215.10,220697.80,0.00,0.00,8.06
1991-03-12,218847.35,222345.01,216532.40,219993.06,0.00,0.00,8.09
1991-03-13,220284.10,223765.19,217971.50,221416.05,0.00,0.00,8.02
1991-03-14,220218.00,223652.88,217900.34,221299.07,0.00,0.00,8.02
1991-03-15,218438.54,221879.27,216115.81,219519.95,0.00,0.00,8.10
1991-03-18,217434.58,220876.22,215113.48,218518.38,0.00,0.00,8.15
1991-03-19,215473.90,218939.73,213155.82,216584.37,0.00,0.00,8.25
1991-03-20,216565.66,220021.30,214249.37,217668.05,0.00,0.00,8.20
1991-03-21,217360.89,220812.50,215041.00,218455.78,0.00,0.00,8.16
1991-03-22,217939.64,221406.03,215625.51,219055.10,0.00,0.00,8.13
1991-03-25,217978.98,221451.58,215667.51,219103.29,0.00,0.00,8.13
1991-03-26,218006.25,221462.52,215699.00,219118.69,0.00,0.00,8.13
1991-03-27,219028.98,222467.78,216720.28,220122.83,0.00,0.00,8.08
1991-03-28,219600.54,223031.42,217292.32,220687.13,0.00,0.00,8.05
1991-04-01,219187.37,222606.18,216876.84,220259.60,0.00,0.00,8.07
1991-04-02,220014.90,223452.25,217700.67,221101.87,0.00,0.00,8.03
1991-04-03,219606.84,223043.45,217292.85,220693.25,0.00,0.00,8.05
1991-04-04,220657.49,224093.56,218349.05,221749.18,0.00,0.00,8.00
1991-04-05,220849.50,224277.24,218540.37,221932.28,0.00,0.00,7.99
1991-04-08,221097.55,224506.46,218788.86,222162.17,0.00,0.00,7.98
1991-04-09,220005.81,223386.61,217696.41,221041.72,0.00,0.00,8.03
1991-04-10,218587.52,221957.73,216271.10,219605.60,0.00,0.00,8.10
1991-04-11,218691.19,222029.34,216374.65,219677.45,0.00,0.00,8.09
1991-04-12,221120.72,224484.62,218810.33,222139.08,0.00,0.00,7.98
1991-04-15,221854.19,225269.08,219551.89,222931.34,0.00,0.00,7.95
1991-04-16,221491.72,224895.35,219187.93,222556.16,0.00,0.00,7.97
1991-04-17,221910.36,225286.27,219607.74,222948.62,0.00,0.00,7.95
1991-04-18,220385.57,223789.16,218086.63,221454.71,0.00,0.00,8.02
1991-04-19,218662.04,222072.65,216358.31,219732.99,0.00,0.00,8.10
1991-04-22,217575.91,220952.84,215262.73,218603.76,0.00,0.00,8.15
1991-04-23,218187.27,221584.88,215871.27,219232.82,0.00,0.00,8.12
1991-04-24,219493.21,222888.64,217181.23,220540.90,0.00,0.00,8.06
1991-04-25,219114.23,222486.94,216797.50,220134.55,0.00,0.00,8.07
1991-04-26,219394.41,222788.31,217076.31,220434.35,0.00,0.00,8.06
1991-04-29,219204.56,222589.91,216885.72,220235.25,0.00,0.00,8.07
1991-04-30,220137.18,223452.23,217815.96,221096.06,0.00,0.00,8.02
1991-05-01,220401.78,223726.48,218083.66,221373.38,0.00,0.00,8.01
1991-05-02,221241.70,224567.72,218927.25,222218.47,0.00,0.00,7.97
1991-05-03,219679.78,222987.95,217362.13,220635.40,0.00,0.00,8.04
1991-05-06,219483.54,222800.02,217162.38,220443.78,0.00,0.00,8.05
1991-05-07,219192.54,222538.35,216870.21,220180.57,0.00,0.00,8.06
1991-05-08,219585.46,222931.64,217268.28,220579.15,0.00,0.00,8.04
1991-05-09,220024.38,223371.60,217715.46,221027.55,0.00,0.00,8.02
1991-05-10,217783.57,221091.12,215461.89,218734.17,0.00,0.00,8.12
1991-05-13,218876.21,222189.12,216561.10,219838.96,0.00,0.00,8.07
1991-05-14,217254.32,220553.83,214931.10,218195.32,0.00,0.00,8.14
1991-05-15,217459.12,220750.59,215139.50,218395.85,0.00,0.00,8.13
1991-05-16,217768.03,221052.99,215446.46,218696.40,0.00,0.00,8.12
1991-05-17,218679.95,221973.06,216371.29,219629.63,0.00,0.00,8.08
1991-05-20,218308.42,221623.94,215993.99,219274.36,0.00,0.00,8.10
1991-05-21,219151.57,222502.38,216840.59,220156.06,0.00,0.00,8.06
1991-05-22,219012.66,222355.72,216696.89,220004.60,0.00,0.00,8.06
1991-05-23,218156.60,221469.81,215829.20,219107.06,0.00,0.00,8.10
1991-05-24,218068.14,221380.01,215738.78,219015.27,0.00,0.00,8.10
1991-05-28,218760.14,222076.91,216431.64,219713.10,0.00,0.00,8.07
1991-05-29,218735.60,222052.00,216404.24,219685.29,0.00,0.00,8.07
1991-05-30,219864.27,223197.77,217543.78,220842.10,0.00,0.00,8.02
1991-05-31,219107.50,222468.87,216785.52,220111.27,0.00,0.00,8.06
1991-06-03,217448.27,220817.65,215127.83,218461.25,0.00,0.00,8.14
1991-06-04,217421.95,220779.77,215103.21,218425.21,0.00,0.00,8.14
1991-06-05,216334.85,219686.98,214012.75,217328.90,0.00,0.00,8.19
1991-06-06,215497.42,218825.51,213178.02,216470.29,0.00,0.00,8.23
1991-06-07,214342.70,217669.45,212021.18,215311.90,0.00,0.00,8.29
1991-06-10,214303.15,217645.77,211982.05,215288.47,0.00,0.00,8.29
1991-06-11,214305.17,217653.32,211985.46,215297.37,0.00,0.00,8.29
1991-06-12,212865.10,216201.67,210539.59,213839.70,0.00,0.00,8.36
1991-06-13,213263.59,216611.87,210940.45,214252.26,0.00,0.00,8.34
1991-06-14,214395.39,217744.95,212070.73,215383.97,0.00,0.00,8.29
1991-06-17,214124.55,217486.35,211801.31,215126.64,0.00,0.00,8.30
1991-06-18,213688.04,217032.03,211359.74,214667.29,0.00,0.00,8.32
1991-06-19,213412.82,216730.61,211084.99,214366.59,0.00,0.00,8.33
1991-06-20,214025.21,217341.55,211694.67,214974.89,0.00,0.00,8.30
1991-06-21,213621.69,216942.73,211292.85,214577.68,0.00,0.00,8.32
1991-06-24,213497.79,216827.85,211172.14,214465.93,0.00,0.00,8.33
1991-06-25,213507.69,216832.43,211184.78,214473.34,0.00,0.00,8.33
1991-06-26,213460.17,216778.69,211137.75,214420.18,0.00,0.00,8.33
1991-06-27,213704.17,217015.53,211381.99,214657.37,0.00,0.00,8.32
1991-06-28,215304.94,218613.49,212988.00,216260.95,0.00,0.00,8.24
1991-07-01,214930.92,218255.78,212615.53,215904.57,0.00,0.00,8.26
1991-07-02,214780.91,218103.45,212467.54,215754.29,0.00,0.00,8.27
1991-07-03,215051.79,218361.97,212734.18,216008.69,0.00,0.00,8.26
1991-07-05,213406.19,216696.51,211088.07,214342.65,0.00,0.00,8.34
1991-07-08,213251.42,216522.95,210933.07,214169.03,0.00,0.00,8.34
1991-07-09,212778.42,216059.07,210459.85,213704.75,0.00,0.00,8.36
1991-07-10,213055.03,216334.48,210728.85,213972.49,0.00,0.00,8.35
1991-07-11,214162.55,217459.04,211837.90,215098.61,0.00,0.00,8.30
1991-07-12,214944.82,218242.33,212619.32,215881.16,0.00,0.00,8.26
1991-07-15,214960.72,218269.50,212635.07,215908.05,0.00,0.00,8.26
1991-07-16,214702.13,218023.44,212374.92,215660.24,0.00,0.00,8.27
1991-07-17,214090.79,217424.61,211762.20,215059.76,0.00,0.00,8.30
1991-07-18,213915.87,217236.00,211585.11,214869.06,0.00,0.00,8.31
1991-07-19,214448.73,217766.13,212118.52,215399.87,0.00,0.00,8.28
1991-07-22,214493.75,217828.34,212164.50,215462.88,0.00,0.00,8.28
1991-07-23,213926.62,217246.91,211597.16,214881.30,0.00,0.00,8.31
1991-07-24,215381.85,218702.64,213052.78,216337.65,0.00,0.00,8.24
1991-07-25,216253.70,219593.47,213924.64,217228.44,0.00,0.00,8.20
1991-07-26,216210.09,219538.10,213881.23,217173.40,0.00,0.00,8.20
1991-07-29,216162.81,219490.09,213833.00,217124.42,0.00,0.00,8.20
1991-07-30,215987.12,219306.16,213655.31,216938.52,0.00,0.00,8.21
1991-07-31,216224.49,219536.08,213888.98,217164.80,0.00,0.00,8.20
1991-08-01,216141.43,219457.30,213807.77,217087.83,0.00,0.00,8.20
1991-08-02,219068.22,222361.56,216735.42,219993.68,0.00,0.00,8.06
1991-08-05,219478.47,222789.24,217149.44,220425.08,0.00,0.00,8.04
1991-08-06,220845.51,224108.91,218518.13,221747.13,0.00,0.00,7.97
1991-08-07,221599.23,224856.70,219274.28,222497.58,0.00,0.00,7.93
1991-08-08,220427.22,223650.50,218094.89,221284.06,0.00,0.00,7.98
1991-08-09,220390.52,223590.64,218051.11,221217.25,0.00,0.00,7.98
1991-08-12,221024.79,224234.11,218688.21,221863.60,0.00,0.00,7.95
1991-08-13,221953.92,225188.13,219620.21,222820.41,0.00,0.00,7.91
1991-08-14,223948.88,227189.17,221618.13,224824.69,0.00,0.00,7.82
1991-08-15,223445.50,226672.77,221113.07,224306.65,0.00,0.00,7.84
1991-08-16,223421.40,226619.64,221080.50,224245.23,0.00,0.00,7.84
1991-08-19,223448.30,226583.82,221103.23,224205.85,0.00,0.00,7.83
1991-08-20,223851.97,226947.17,221498.11,224560.76,0.00,0.00,7.81
1991-08-21,224192.25,227390.01,221849.71,225014.06,0.00,0.00,7.80
1991-08-22,224671.79,227899.47,222329.98,225524.01,0.00,0.00,7.78
1991-08-23,222650.64,225935.00,220311.07,223560.91,0.00,0.00,7.88
1991-08-26,222006.23,225286.77,219671.02,222917.06,0.00,0.00,7.91
1991-08-27,222323.82,225586.23,219990.52,223218.70,0.00,0.00,7.89
1991-08-28,223858.10,227074.09,221522.85,224705.29,0.00,0.00,7.82
1991-08-29,225602.27,228825.94,223271.37,226461.73,0.00,0.00,7.74
1991-08-30,223869.40,227108.53,221539.86,224745.29,0.00,0.00,7.82
1991-09-03,224073.85,227321.69,221743.55,224957.62,0.00,0.00,7.81
1991-09-04,224025.82,227272.97,221692.86,224906.19,0.00,0.00,7.81
1991-09-05,223551.07,226791.33,221212.79,224419.16,0.00,0.00,7.83
1991-09-06,225113.57,228347.59,222777.43,225977.89,0.00,0.00,7.76
1991-09-09,225763.67,228989.64,223424.72,226617.27,0.00,0.00,7.73
1991-09-10,225761.26,228964.01,223419.17,226588.71,0.00,0.00,7.73
1991-09-11,225531.60,228736.89,223189.04,226361.03,0.00,0.00,7.74
1991-09-12,227003.95,230212.68,224670.28,227846.03,0.00,0.00,7.67
1991-09-13,227306.34,230490.16,224966.65,228117.70,0.00,0.00,7.66
1991-09-16,228033.66,231239.38,225693.51,228866.33,0.00,0.00,7.63
1991-09-17,228280.29,231501.20,225940.53,229128.43,0.00,0.00,7.62
1991-09-18,228260.12,231474.88,225920.54,229102.35,0.00,0.00,7.62
1991-09-19,228449.62,231684.65,226112.18,229314.11,0.00,0.00,7.61
1991-09-20,229334.52,232576.20,227003.75,230212.48,0.00,0.00,7.57
1991-09-23,229783.72,233031.74,227455.38,230670.49,0.00,0.00,7.55
1991-09-24,229545.23,232783.99,227213.46,230419.32,0.00,0.00,7.56
1991-09-25,229014.04,232239.43,226674.53,229866.96,0.00,0.00,7.58
1991-09-26,229379.78,232580.87,227040.75,230209.19,0.00,0.00,7.56
1991-09-27,230980.75,234180.45,228642.76,231810.07,0.00,0.00,7.49
1991-09-30,231386.02,234579.45,229046.56,232207.70,0.00,0.00,7.47
1991-10-01,231826.19,235031.65,229486.43,232659.54,0.00,0.00,7.45
1991-10-02,231386.71,234597.97,229041.14,232219.85,0.00,0.00,7.47
1991-10-03,231360.14,234547.27,229007.18,232161.90,0.00,0.00,7.47
1991-10-04,233159.57,236347.53,230808.34,233964.15,0.00,0.00,7.39
1991-10-07,232978.33,236169.79,230624.78,233784.01,0.00,0.00,7.40
1991-10-08,232233.77,235409.07,229874.34,233017.39,0.00,0.00,7.43
1991-10-09,230422.70,233567.33,228046.13,231158.32,0.00,0.00,7.51
1991-10-10,228845.10,231974.07,226461.39,229557.77,0.00,0.00,7.58
1991-10-11,230957.24,234079.49,228573.53,231663.56,0.00,0.00,7.49
1991-10-15,231611.41,234748.46,229229.77,232334.56,0.00,0.00,7.46
1991-10-16,231789.36,234916.91,229403.91,232499.27,0.00,0.00,7.45
1991-10-17,229464.45,232596.00,227070.02,230168.89,0.00,0.00,7.55
1991-10-18,229978.74,233117.31,227586.65,230692.57,0.00,0.00,7.53
1991-10-21,227899.75,231045.06,225498.50,228610.67,0.00,0.00,7.62
1991-10-22,226759.15,229894.55,224355.56,227457.72,0.00,0.00,7.67
1991-10-23,226367.68,229486.03,223966.10,227051.37,0.00,0.00,7.69
1991-10-24,227185.05,230267.98,224782.34,227832.66,0.00,0.00,7.65
1991-10-25,226542.95,229617.17,224142.94,227184.59,0.00,0.00,7.68
1991-10-28,227185.01,230238.76,224780.77,227802.21,0.00,0.00,7.65
1991-10-29,230357.15,233412.11,227963.31,230986.52,0.00,0.00,7.51
1991-10-30,230906.64,233933.28,228515.34,231510.64,0.00,0.00,7.48
1991-10-31,231069.90,234074.93,228670.37,231644.19,0.00,0.00,7.47
1991-11-01,230683.87,233654.23,228277.45,231216.83,0.00,0.00,7.48
1991-11-04,230205.62,233175.74,227799.68,230738.76,0.00,0.00,7.50
1991-11-05,228860.56,231825.09,226443.33,229376.55,0.00,0.00,7.56
1991-11-06,229825.68,232731.82,227402.97,230278.48,0.00,0.00,7.51
1991-11-07,231799.21,234724.34,229383.17,232277.81,0.00,0.00,7.43
1991-11-08,232319.14,235250.83,229914.69,232816.05,0.00,0.00,7.41
1991-11-12,233437.91,236389.73,231047.12,233968.71,0.00,0.00,7.37
1991-11-13,232405.70,235344.46,230004.97,232913.38,0.00,0.00,7.41
1991-11-14,233778.74,236716.83,231380.37,234288.32,0.00,0.00,7.35
1991-11-15,234091.46,237003.39,231684.25,234566.23,0.00,0.00,7.33
1991-11-18,234123.74,237042.09,231713.27,234601.57,0.00,0.00,7.33
1991-11-19,233046.64,235903.62,230617.98,233445.18,0.00,0.00,7.37
1991-11-20,232747.25,235594.58,230318.37,233135.97,0.00,0.00,7.38
1991-11-21,232455.19,235269.05,230012.04,232796.32,0.00,0.00,7.39
1991-11-22,231317.30,234111.43,228866.96,231631.50,0.00,0.00,7.44
1991-11-25,231076.77,233873.93,228638.18,231405.83,0.00,0.00,7.45
1991-11-26,231682.77,234457.47,229242.40,231987.88,0.00,0.00,7.42
1991-11-27,231641.70,234409.95,229196.73,231935.76,0.00,0.00,7.42
1991-11-29,232522.46,235271.32,230076.97,232796.93,0.00,0.00,7.38
1991-12-02,233910.25,236669.51,231459.99,234190.34,0.00,0.00,7.32
1991-12-03,234825.55,237577.48,232372.91,235096.10,0.00,0.00,7.28
1991-12-04,237357.54,240102.49,234900.69,237617.22,0.00,0.00,7.17
1991-12-05,236409.54,239149.61,233952.06,236663.65,0.00,0.00,7.21
1991-12-06,235530.48,238199.74,233080.70,235722.20,0.00,0.00,7.26
1991-12-09,236303.83,238951.45,233841.87,236461.90,0.00,0.00,7.22
1991-12-10,236485.24,239153.15,234026.96,236667.13,0.00,0.00,7.21
1991-12-11,236148.50,238788.29,233688.59,236300.89,0.00,0.00,7.22
1991-12-12,236889.44,239537.51,234434.49,237055.12,0.00,0.00,7.19
1991-12-13,236165.33,238811.39,233719.40,236338.06,0.00,0.00,7.22
1991-12-16,236405.81,239060.65,233960.70,236588.08,0.00,0.00,7.21
1991-12-17,237053.23,239703.13,234607.29,237229.86,0.00,0.00,7.18
1991-12-18,236884.63,239550.94,234448.16,237087.06,0.00,0.00,7.19
1991-12-19,238678.01,241327.64,236247.87,238870.52,0.00,0.00,7.11
1991-12-20,241741.76,244232.39,239310.37,241775.96,0.00,0.00,6.97
1991-12-23,243981.26,246513.82,241563.07,244070.53,0.00,0.00,6.88
1991-12-24,243947.36,246485.85,241534.08,244047.46,0.00,0.00,6.88
1991-12-26,244674.38,247245.65,242266.28,244812.25,0.00,0.00,6.85
1991-12-27,245259.39,247811.54,242855.35,245382.48,0.00,0.00,6.82
1991-12-30,246856.31,249425.08,244462.47,247006.33,0.00,0.00,6.76
1991-12-31,248149.61,250719.05,245757.63,248302.30,0.00,0.00,6.71
1992-01-02,246329.79,248886.73,243934.81,246466.90,0.00,0.00,6.78
1992-01-03,244685.27,247231.44,242294.59,244815.89,0.00,0.00,6.85
1992-01-06,245427.70,247943.66,243041.08,245532.57,0.00,0.00,6.82
1992-01-07,246868.63,249380.29,244480.72,246968.08,0.00,0.00,6.76
1992-01-08,246684.99,249175.70,244290.82,246757.36,0.00,0.00,6.77
1992-01-09,246232.96,248757.18,243849.44,246349.22,0.00,0.00,6.79
1992-01-10,244799.42,247334.17,242417.19,244927.28,0.00,0.00,6.85
1992-01-13,243285.98,245817.60,240913.24,243420.17,0.00,0.00,6.92
1992-01-14,240618.71,243116.37,238257.44,240730.59,0.00,0.00,7.03
1992-01-15,240202.17,242720.26,237837.16,240330.46,0.00,0.00,7.05
1992-01-16,238227.60,240706.57,235848.35,238302.57,0.00,0.00,7.13
1992-01-17,239121.58,241609.86,236745.65,239209.20,0.00,0.00,7.09
1992-01-21,240596.95,243069.59,238210.86,240658.98,0.00,0.00,7.03
1992-01-22,239194.77,241653.00,236793.73,239227.28,0.00,0.00,7.09
1992-01-23,236578.74,239016.18,234161.71,236574.25,0.00,0.00,7.20
1992-01-24,235662.93,238139.51,233253.71,235704.97,0.00,0.00,7.25
1992-01-27,235954.27,238439.98,233546.54,236006.89,0.00,0.00,7.24
1992-01-28,237768.97,240261.55,235360.49,237827.82,0.00,0.00,7.16
1992-01-29,235620.13,238102.32,233207.37,235664.15,0.00,0.00,7.25
1992-01-30,234303.83,236772.16,231886.89,234329.76,0.00,0.00,7.31
1992-01-31,234278.65,236746.72,231857.82,234300.38,0.00,0.00,7.31
1992-02-03,233107.83,235557.56,230689.97,233114.28,0.00,0.00,7.36
1992-02-04,234768.58,237223.66,232354.62,234784.46,0.00,0.00,7.29
1992-02-05,236519.99,238987.30,234104.87,236546.98,0.00,0.00,7.21
1992-02-06,236721.16,239184.46,234303.46,236741.60,0.00,0.00,7.20
1992-02-07,236599.10,239000.17,234177.31,236553.81,0.00,0.00,7.20
1992-02-10,236360.74,238765.48,233929.02,236309.02,0.00,0.00,7.21
1992-02-11,235906.64,238331.08,233478.49,235877.97,0.00,0.00,7.23
1992-02-12,234396.73,236805.65,231968.65,234352.62,0.00,0.00,7.30
1992-02-13,232093.35,234514.48,229667.90,232063.72,0.00,0.00,7.40
1992-02-14,231966.21,234391.99,229548.73,231949.22,0.00,0.00,7.41
1992-02-18,230503.85,232938.08,228079.02,230487.65,0.00,0.00,7.47
1992-02-19,231653.41,234117.68,229238.84,231677.43,0.00,0.00,7.42
1992-02-20,231994.31,234480.13,229581.10,232041.07,0.00,0.00,7.41
1992-02-21,231183.65,233696.51,228780.66,231267.40,0.00,0.00,7.45
1992-02-24,230745.39,233271.31,228343.99,230843.63,0.00,0.00,7.47
1992-02-25,231428.66,233956.11,229029.07,231530.31,0.00,0.00,7.44
1992-02-26,233851.00,236380.81,231458.81,233962.74,0.00,0.00,7.33
1992-02-27,233392.17,235892.97,230997.38,233472.52,0.00,0.00,7.35
1992-02-28,235160.67,237680.43,232768.35,235262.47,0.00,0.00,7.27
1992-03-02,232744.24,235322.01,230353.01,232904.30,0.00,0.00,7.38
1992-03-03,231601.35,234166.46,229205.93,231744.51,0.00,0.00,7.43
1992-03-04,231774.98,234336.05,229381.73,231916.35,0.00,0.00,7.43
1992-03-05,230005.59,232564.87,227621.14,230153.88,0.00,0.00,7.51
1992-03-06,230656.55,233217.14,228273.91,230808.04,0.00,0.00,7.48
1992-03-09,232082.62,234647.08,229695.50,232233.59,0.00,0.00,7.42
1992-03-10,231859.90,234433.84,229472.12,232019.55,0.00,0.00,7.43
1992-03-11,229916.96,232481.17,227530.08,230067.67,0.00,0.00,7.51
1992-03-12,227565.72,230115.43,225183.86,227706.88,0.00,0.00,7.62
1992-03-13,225789.73,228348.60,223421.46,225953.50,0.00,0.00,7.71
1992-03-16,226149.45,228729.86,223779.49,226332.86,0.00,0.00,7.69
1992-03-17,227670.51,230256.55,225304.41,227863.58,0.00,0.00,7.62
1992-03-18,227753.18,230346.02,225386.55,227952.45,0.00,0.00,7.62
1992-03-19,228854.86,231448.47,226490.84,229057.66,0.00,0.00,7.57
1992-03-20,227292.03,229879.63,224926.84,227487.51,0.00,0.00,7.64
1992-03-23,227722.25,230320.60,225358.15,227929.53,0.00,0.00,7.62
1992-03-24,229794.65,232375.25,227434.15,229988.24,0.00,0.00,7.53
1992-03-25,229757.79,232320.23,227388.76,229924.77,0.00,0.00,7.53
1992-03-26,228732.50,231277.62,226357.54,228876.23,0.00,0.00,7.57
1992-03-27,229487.63,232035.24,227121.57,229642.91,0.00,0.00,7.54
1992-03-30,229430.73,232001.34,227054.60,229598.58,0.00,0.00,7.54
1992-03-31,229384.20,231948.38,227008.23,229545.85,0.00,0.00,7.54
1992-04-01,231100.50,233648.16,228720.91,231242.34,0.00,0.00,7.46
1992-04-02,230818.08,233368.57,228442.60,230966.85,0.00,0.00,7.47
1992-04-03,231787.71,234289.23,229406.08,231881.89,0.00,0.00,7.42
1992-04-06,231969.56,234473.04,229585.76,232063.51,0.00,0.00,7.41
1992-04-07,231864.55,234337.04,229476.73,231923.76,0.00,0.00,7.41
1992-04-08,231104.53,233557.01,228712.25,231139.35,0.00,0.00,7.44
1992-04-09,233001.19,235335.72,230599.33,232909.80,0.00,0.00,7.35
1992-04-10,232596.68,234933.16,230189.69,232501.99,0.00,0.00,7.37
1992-04-13,233541.45,235869.36,231133.52,233437.44,0.00,0.00,7.33
1992-04-14,233120.34,235444.05,230709.31,233008.99,0.00,0.00,7.35
1992-04-15,232806.47,235121.05,230405.60,232696.31,0.00,0.00,7.37
1992-04-16,231065.74,233398.75,228667.12,230975.92,0.00,0.00,7.45
1992-04-20,227989.48,230356.04,225590.40,227932.07,0.00,0.00,7.59
1992-04-21,228135.43,230485.88,225734.21,228059.92,0.00,0.00,7.58
1992-04-22,228330.15,230682.61,225927.85,228255.55,0.00,0.00,7.57
1992-04-23,227887.78,230229.81,225484.30,227801.62,0.00,0.00,7.59
1992-04-24,228617.08,230948.93,226207.59,228514.86,0.00,0.00,7.55
1992-04-27,227571.89,229928.26,225159.13,227490.51,0.00,0.00,7.60
1992-04-28,228269.21,230615.16,225861.12,228182.32,0.00,0.00,7.57
1992-04-29,227526.21,229858.66,225115.76,227423.50,0.00,0.00,7.60
1992-04-30,227505.51,229843.61,225099.28,227412.65,0.00,0.00,7.61
1992-05-01,228561.11,230862.94,226150.82,228428.37,0.00,0.00,7.56
1992-05-04,228068.48,230377.10,225652.94,227937.11,0.00,0.00,7.58
1992-05-05,228552.80,230872.22,226136.57,228431.46,0.00,0.00,7.56
1992-05-06,230573.52,232889.68,228174.49,230466.54,0.00,0.00,7.46
1992-05-07,230024.50,232347.00,227621.04,229919.27,0.00,0.00,7.49
1992-05-08,231914.80,234244.43,229521.98,231827.57,0.00,0.00,7.41
1992-05-11,232074.02,234399.27,229677.66,231978.90,0.00,0.00,7.40
1992-05-12,233026.58,235343.36,230629.43,232922.37,0.00,0.00,7.36
1992-05-13,233403.75,235706.23,231006.81,233285.64,0.00,0.00,7.34
1992-05-14,233331.49,235639.27,230930.23,233214.26,0.00,0.00,7.34
1992-05-15,234750.01,237059.72,232359.89,234646.08,0.00,0.00,7.28
1992-05-18,234706.03,237033.46,232313.07,234616.76,0.00,0.00,7.28
1992-05-19,236500.45,238790.80,234099.16,236366.25,0.00,0.00,7.20
1992-05-20,235419.53,237729.76,233026.93,235313.68,0.00,0.00,7.25
1992-05-21,232450.23,234815.19,230074.84,232415.63,0.00,0.00,7.39
1992-05-22,233280.87,235642.25,230899.61,233236.89,0.00,0.00,7.35
1992-05-26,230858.48,233260.77,228468.48,230845.90,0.00,0.00,7.46
1992-05-27,231241.47,233623.92,228845.63,231203.39,0.00,0.00,7.44
1992-05-28,232972.99,235355.27,230579.11,232936.92,0.00,0.00,7.36
1992-05-29,233675.80,236071.29,231277.77,233648.67,0.00,0.00,7.33
1992-06-01,232350.51,234762.35,229951.24,232338.17,0.00,0.00,7.39
1992-06-02,233186.55,235601.06,230782.82,233172.44,0.00,0.00,7.35
1992-06-03,233339.08,235749.15,230933.19,233318.41,0.00,0.00,7.34
1992-06-04,233344.62,235748.74,230938.69,233318.02,0.00,0.00,7.34
1992-06-05,234073.27,236460.77,231664.60,234027.53,0.00,0.00,7.31
1992-06-08,234026.35,236419.40,231621.07,233989.53,0.00,0.00,7.31
1992-06-09,233478.23,235859.66,231070.42,233427.29,0.00,0.00,7.33
1992-06-10,232969.76,235352.01,230558.12,232915.71,0.00,0.00,7.35
1992-06-11,233455.13,235824.29,231041.51,233386.18,0.00,0.00,7.33
1992-06-12,234314.71,236668.45,231897.98,234227.44,0.00,0.00,7.29
1992-06-15,234529.35,236885.25,232113.17,234444.79,0.00,0.00,7.28
1992-06-16,235417.68,237770.36,232996.23,235324.71,0.00,0.00,7.24
1992-06-17,235724.49,238062.01,233304.77,235618.29,0.00,0.00,7.23
1992-06-18,236625.67,238966.03,234202.37,236518.76,0.00,0.00,7.19
1992-06-19,235477.61,237849.10,233057.34,235404.45,0.00,0.00,7.24
1992-06-22,235488.31,237853.84,233064.69,235405.87,0.00,0.00,7.24
1992-06-23,235322.89,237717.08,232905.62,235275.21,0.00,0.00,7.25
1992-06-24,236249.90,238604.81,233823.64,236154.37,0.00,0.00,7.20
1992-06-25,237715.43,240066.57,235286.41,237613.53,0.00,0.00,7.14
1992-06-26,237394.09,239748.17,234968.17,237298.19,0.00,0.00,7.15
1992-06-29,238052.37,240376.16,235622.34,237922.40,0.00,0.00,7.12
1992-06-30,237566.85,239885.90,235134.29,237429.59,0.00,0.00,7.14
1992-07-01,238517.86,240833.90,236090.81,238383.28,0.00,0.00,7.10
1992-07-02,242414.91,244581.25,239977.42,242121.98,0.00,0.00,6.93
1992-07-06,243026.82,245173.54,240584.22,242709.37,0.00,0.00,6.90
1992-07-07,243652.43,245785.82,241203.12,243315.07,0.00,0.00,6.87
1992-07-08,242874.06,245006.91,240418.01,242529.28,0.00,0.00,6.91
1992-07-09,242863.38,244983.60,240407.40,242506.18,0.00,0.00,6.91
1992-07-10,242415.78,244532.09,239945.39,242040.13,0.00,0.00,6.93
1992-07-13,241457.00,243583.63,238980.81,241085.63,0.00,0.00,6.97
1992-07-14,241300.40,243413.20,238814.11,240905.14,0.00,0.00,6.97
1992-07-15,242943.55,245039.39,240452.87,242527.23,0.00,0.00,6.90
1992-07-16,243666.84,245762.64,241182.83,243257.26,0.00,0.00,6.87
1992-07-17,242818.79,244907.29,240326.67,242393.73,0.00,0.00,6.90
1992-07-20,242904.50,245012.54,240415.29,242501.73,0.00,0.00,6.90
1992-07-21,243165.13,245281.71,240674.59,242769.49,0.00,0.00,6.89
1992-07-22,244193.93,246306.86,241704.51,243795.90,0.00,0.00,6.85
1992-07-23,247366.03,249500.02,244873.15,246985.64,0.00,0.00,6.72
1992-07-24,247105.21,249243.33,244614.38,246730.95,0.00,0.00,6.73
1992-07-27,248228.36,250401.82,245745.96,247897.69,0.00,0.00,6.69
1992-07-28,249876.35,252051.35,247409.32,249562.84,0.00,0.00,6.63
1992-07-29,250595.09,252776.34,248131.90,250291.71,0.00,0.00,6.60
1992-07-30,248322.39,250483.86,245879.92,248020.12,0.00,0.00,6.69
1992-07-31,247789.77,249959.39,245356.38,247504.69,0.00,0.00,6.72
1992-08-03,247722.39,249891.42,245288.01,247435.72,0.00,0.00,6.72
1992-08-04,249145.21,251313.84,246701.55,248848.91,0.00,0.00,6.66
1992-08-05,249591.25,251763.76,247142.90,249294.10,0.00,0.00,6.64
1992-08-06,249255.09,251418.25,246800.13,248941.98,0.00,0.00,6.65
1992-08-07,251201.03,253342.18,248739.92,250860.09,0.00,0.00,6.57
1992-08-10,252501.79,254660.55,250036.34,252174.02,0.00,0.00,6.52
1992-08-11,253127.64,255291.75,250669.82,252812.91,0.00,0.00,6.50
1992-08-12,253512.62,255680.02,251071.12,253217.64,0.00,0.00,6.48
1992-08-13,251715.06,253854.09,249268.60,251386.85,0.00,0.00,6.55
1992-08-14,252248.80,254379.35,249802.49,251912.38,0.00,0.00,6.53
1992-08-17,251378.34,253508.03,248925.32,251034.22,0.00,0.00,6.56
1992-08-18,253298.01,255411.27,250839.14,252931.89,0.00,0.00,6.48
1992-08-19,253540.60,255668.98,251080.90,253188.63,0.00,0.00,6.47
1992-08-20,253799.91,255937.01,251341.06,253457.45,0.00,0.00,6.46
1992-08-21,252039.16,254180.95,249592.07,251713.07,0.00,0.00,6.53
1992-08-24,248410.77,250573.01,245970.54,248111.54,0.00,0.00,6.68
1992-08-25,247252.82,249404.98,244808.43,246939.31,0.00,0.00,6.73
1992-08-26,248418.18,250567.66,245976.61,248104.97,0.00,0.00,6.68
1992-08-27,249362.61,251520.26,246916.21,249052.70,0.00,0.00,6.64
1992-08-28,249539.77,251698.96,247085.14,249223.09,0.00,0.00,6.63
1992-08-31,249753.11,251920.59,247299.30,249445.48,0.00,0.00,6.62
1992-09-01,251223.79,253384.59,248768.61,250908.28,0.00,0.00,6.56
1992-09-02,251757.41,253916.30,249298.69,251436.50,0.00,0.00,6.54
1992-09-03,251752.78,253898.63,249294.09,251418.99,0.00,0.00,6.54
1992-09-04,255130.47,257147.05,252660.17,254657.22,0.00,0.00,6.40
1992-09-08,257884.18,259895.89,255420.19,257412.67,0.00,0.00,6.29
1992-09-09,257343.51,259357.65,254882.55,256877.43,0.00,0.00,6.31
1992-09-10,257333.29,259347.35,254877.39,256872.23,0.00,0.00,6.31
1992-09-11,255708.90,257723.45,253251.15,255246.34,0.00,0.00,6.37
1992-09-14,256961.45,258952.69,254506.67,256478.89,0.00,0.00,6.32
1992-09-15,254939.15,256934.47,252480.25,254456.33,0.00,0.00,6.40
1992-09-16,254627.59,256613.90,252169.43,254136.56,0.00,0.00,6.41
1992-09-17,254847.64,256829.08,252395.30,254357.68,0.00,0.00,6.40
1992-09-18,254616.46,256589.53,252168.54,254122.64,0.00,0.00,6.41
1992-09-21,254341.03,256318.53,251896.59,253855.08,0.00,0.00,6.42
1992-09-22,252155.24,254141.79,249698.12,251665.31,0.00,0.00,6.50
1992-09-23,251031.18,253021.84,248573.35,250544.52,0.00,0.00,6.54
1992-09-24,252592.00,254562.43,250135.81,252087.07,0.00,0.00,6.48
1992-09-25,254364.36,256289.49,251898.54,253805.00,0.00,0.00,6.41
1992-09-28,255379.43,257318.83,252908.65,254829.30,0.00,0.00,6.37
1992-09-29,255330.65,257269.68,252862.90,254783.19,0.00,0.00,6.37
1992-09-30,255225.73,257157.38,252761.43,254674.42,0.00,0.00,6.37
1992-10-01,258680.46,260578.11,256217.58,258097.16,0.00,0.00,6.23
1992-10-02,257848.96,259767.16,255386.79,257286.67,0.00,0.00,6.26
1992-10-05,258305.80,260227.39,255835.67,257738.89,0.00,0.00,6.24
1992-10-06,256622.88,258565.10,254151.05,256074.57,0.00,0.00,6.30
1992-10-07,252864.37,254830.39,250392.36,252339.16,0.00,0.00,6.46
1992-10-08,254026.31,255981.69,251555.81,253492.17,0.00,0.00,6.41
1992-10-09,251478.59,253453.32,249004.18,250959.48,0.00,0.00,6.52
1992-10-13,251707.76,253703.79,249230.79,251207.17,0.00,0.00,6.51
1992-10-14,251857.98,253881.21,249388.50,251391.89,0.00,0.00,6.51
1992-10-15,251402.98,253429.04,248930.11,250936.25,0.00,0.00,6.53
1992-10-16,249801.66,251827.72,247321.15,249327.09,0.00,0.00,6.60
1992-10-19,247741.46,249814.76,245274.11,247326.76,0.00,0.00,6.69
1992-10-20,243714.35,245823.13,241258.29,243345.82,0.00,0.00,6.86
1992-10-21,245172.19,247236.65,242705.83,244749.52,0.00,0.00,6.80
1992-10-22,246465.71,248541.06,244007.53,246062.18,0.00,0.00,6.74
1992-10-23,244456.16,246546.13,242003.12,244072.11,0.00,0.00,6.83
1992-10-26,244425.92,246515.63,241974.45,244043.21,0.00,0.00,6.83
1992-10-27,245650.47,247744.31,243188.62,245261.47,0.00,0.00,6.78
1992-10-28,246028.51,248112.87,243568.11,245631.63,0.00,0.00,6.76
1992-10-29,247355.55,249451.15,244896.58,246971.35,0.00,0.00,6.71
1992-10-30,245325.59,247416.66,242871.99,244942.15,0.00,0.00,6.80
1992-11-02,243415.68,245528.16,240964.70,243055.91,0.00,0.00,6.88
1992-11-03,243607.82,245703.11,241156.41,243230.61,0.00,0.00,6.87
1992-11-04,243025.49,245115.77,240565.14,242634.26,0.00,0.00,6.89
1992-11-05,243423.17,245504.30,240962.91,243023.01,0.00,0.00,6.87
1992-11-06,241061.56,243166.05,238597.46,240680.44,0.00,0.00,6.97
1992-11-09,240500.37,242618.57,238049.22,240145.83,0.00,0.00,7.00
1992-11-10,242685.27,244810.19,240238.46,242341.97,0.00,0.00,6.91
1992-11-12,245668.30,247819.35,243228.38,245358.06,0.00,0.00,6.79
1992-11-13,245055.49,247226.46,242633.05,244782.56,0.00,0.00,6.82
1992-11-16,243385.89,245573.46,240980.30,243146.25,0.00,0.00,6.90
1992-11-17,244294.51,246496.55,241890.28,244070.65,0.00,0.00,6.86
1992-11-18,246180.23,248380.22,243768.05,245946.48,0.00,0.00,6.78
1992-11-19,245412.83,247612.29,242998.50,245176.32,0.00,0.00,6.81
1992-11-20,244838.21,247064.10,242434.82,244638.85,0.00,0.00,6.84
1992-11-23,244308.66,246554.93,241905.59,244129.77,0.00,0.00,6.86
1992-11-24,245282.60,247512.53,242874.73,245082.77,0.00,0.00,6.82
1992-11-25,244835.95,247080.76,242441.75,244664.60,0.00,0.00,6.84
1992-11-27,242751.28,244989.50,240359.50,242575.67,0.00,0.00,6.93
1992-11-30,242337.43,244584.33,239944.06,242168.77,0.00,0.00,6.95
1992-12-01,242646.85,244902.88,240260.05,242493.88,0.00,0.00,6.94
1992-12-02,242831.65,245083.13,240445.84,242675.20,0.00,0.00,6.93
1992-12-03,243236.48,245479.17,240847.77,243068.44,0.00,0.00,6.91
1992-12-04,244942.40,247150.28,242554.52,244740.88,0.00,0.00,6.84
1992-12-07,246369.21,248583.60,243984.66,246177.61,0.00,0.00,6.78
1992-12-08,247518.98,249724.54,245128.94,247313.21,0.00,0.00,6.73
1992-12-09,246893.55,249093.54,244502.47,246681.15,0.00,0.00,6.76
1992-12-10,246798.00,249016.24,244413.35,246610.15,0.00,0.00,6.77
1992-12-11,246101.65,248339.03,243725.28,245941.05,0.00,0.00,6.80
1992-12-14,245417.76,247667.90,243046.69,245275.10,0.00,0.00,6.83
1992-12-15,245398.79,247623.44,243020.22,245223.31,0.00,0.00,6.83
1992-12-16,246693.46,248904.40,244312.19,246501.78,0.00,0.00,6.77
1992-12-17,246710.02,248933.84,244334.97,246537.38,0.00,0.00,6.77
1992-12-18,246912.60,249106.39,244536.92,246709.60,0.00,0.00,6.76
1992-12-21,248148.00,250352.77,245784.12,247967.89,0.00,0.00,6.71
1992-12-22,249594.80,251799.54,247238.89,249422.82,0.00,0.00,6.65
1992-12-23,248810.67,251008.49,246448.20,248625.15,0.00,0.00,6.68
1992-12-24,248556.21,250751.78,246194.70,248369.41,0.00,0.00,6.69
1992-12-28,247798.73,250032.36,245434.54,247646.85,0.00,0.00,6.72
1992-12-29,248487.49,250708.09,246130.85,248330.39,0.00,0.00,6.69
1992-12-30,248580.67,250763.63,246209.96,248372.10,0.00,0.00,6.68
1992-12-31,248097.03,250269.34,245735.50,247887.13,0.00,0.00,6.70
1993-01-04,250502.10,252689.01,248138.38,250304.65,0.00,0.00,6.60
1993-01-05,250314.19,252493.00,247946.27,250104.46,0.00,0.00,6.61
1993-01-06,249825.21,251993.31,247463.44,249611.05,0.00,0.00,6.63
1993-01-07,246594.60,248753.76,244222.49,246360.88,0.00,0.00,6.76
1993-01-08,246680.49,248789.47,244288.15,246376.68,0.00,0.00,6.75
1993-01-11,247552.91,249656.58,245157.56,247240.87,0.00,0.00,6.71
1993-01-12,247314.70,249390.81,244919.99,246976.00,0.00,0.00,6.72
1993-01-13,247773.16,249853.12,245373.48,247433.30,0.00,0.00,6.71
1993-01-14,249227.62,251313.35,246831.14,248896.82,0.00,0.00,6.65
1993-01-15,250487.35,252544.83,248090.66,250128.46,0.00,0.00,6.60
1993-01-19,250945.45,253045.57,248558.16,250638.29,0.00,0.00,6.59
1993-01-20,250458.39,252547.96,248074.15,250143.83,0.00,0.00,6.61
1993-01-21,250737.66,252816.62,248349.39,250408.54,0.00,0.00,6.60
1993-01-22,251444.42,253496.79,249047.75,251080.55,0.00,0.00,6.57
1993-01-25,253723.12,255807.19,251340.45,253404.95,0.00,0.00,6.48
1993-01-26,253184.98,255271.16,250800.16,252866.69,0.00,0.00,6.50
1993-01-27,253636.90,255707.16,251243.24,253293.96,0.00,0.00,6.48
1993-01-28,254591.61,256663.09,252192.22,254244.18,0.00,0.00,6.44
1993-01-29,255862.21,257957.24,253463.66,255539.05,0.00,0.00,6.39
1993-02-01,256150.96,258254.97,253746.57,255830.83,0.00,0.00,6.38
1993-02-02,254231.34,256345.82,251824.34,253918.81,0.00,0.00,6.46
1993-02-03,254511.30,256628.12,252108.47,254205.30,0.00,0.00,6.45
1993-02-04,255945.65,258054.58,253540.80,255629.92,0.00,0.00,6.39
1993-02-05,257654.04,259757.09,255236.34,257319.66,0.00,0.00,6.32
1993-02-08,256523.22,258636.91,254110.12,256203.92,0.00,0.00,6.37
1993-02-09,255561.38,257673.74,253152.44,255244.89,0.00,0.00,6.41
1993-02-10,255402.80,257533.62,253013.13,255124.01,0.00,0.00,6.40
1993-02-11,256400.96,258513.63,254022.37,256115.45,0.00,0.00,6.37
1993-02-12,256937.18,259054.28,254561.90,256659.42,0.00,0.00,6.35
1993-02-16,257081.76,259200.05,254696.79,256795.43,0.00,0.00,6.34
1993-02-17,258569.69,260673.53,256177.64,258262.03,0.00,0.00,6.28
1993-02-18,261558.53,263652.93,259161.97,261237.18,0.00,0.00,6.17
1993-02-19,262003.54,264115.04,259617.23,261709.50,0.00,0.00,6.15
1993-02-22,263725.39,265871.18,261350.71,263477.19,0.00,0.00,6.09
1993-02-23,268260.59,270422.51,265896.91,268039.79,0.00,0.00,5.92
1993-02-24,265824.87,267987.75,263460.42,265604.06,0.00,0.00,6.01
1993-02-25,265166.79,267317.47,262807.52,264939.07,0.00,0.00,6.03
1993-02-26,265160.54,267318.01,262794.74,264932.96,0.00,0.00,6.03
1993-03-01,267586.10,269763.31,265226.45,267384.46,0.00,0.00,5.94
1993-03-02,267346.27,269521.53,264983.69,267139.73,0.00,0.00,5.95
1993-03-03,269220.15,271389.80,266862.17,269012.83,0.00,0.00,5.88
1993-03-04,270590.36,272757.08,268238.11,270386.00,0.00,0.00,5.83
1993-03-05,268863.30,271092.54,266525.23,268735.09,0.00,0.00,5.90
1993-03-08,270199.75,272433.10,267879.95,270094.12,0.00,0.00,5.85
1993-03-09,268743.27,270964.58,266424.79,268626.94,0.00,0.00,5.91
1993-03-10,267220.09,269428.82,264895.36,267084.87,0.00,0.00,5.97
1993-03-11,267386.75,269576.15,265063.52,267233.89,0.00,0.00,5.96
1993-03-12,263374.50,265551.44,261037.54,263195.16,0.00,0.00,6.11
1993-03-15,261715.10,263891.84,259372.63,261529.88,0.00,0.00,6.17
1993-03-16,264432.17,266617.85,262088.18,264254.49,0.00,0.00,6.06
1993-03-17,265378.09,267564.74,263030.56,265197.86,0.00,0.00,6.02
1993-03-18,267716.92,269888.28,265372.74,267525.09,0.00,0.00,5.93
1993-03-19,267253.42,269441.72,264914.60,267083.75,0.00,0.00,5.95
1993-03-22,267019.91,269185.62,264679.97,266826.70,0.00,0.00,5.96
1993-03-23,268353.40,270523.00,266018.89,268169.61,0.00,0.00,5.91
1993-03-24,267301.78,269455.98,264964.14,267099.49,0.00,0.00,5.95
1993-03-25,266450.03,268583.60,264106.50,266221.31,0.00,0.00,5.98
1993-03-26,263504.87,265642.07,261152.55,263270.67,0.00,0.00,6.09
1993-03-29,264272.42,266409.02,261919.14,264036.71,0.00,0.00,6.06
1993-03-30,265156.66,267279.87,262798.01,264902.34,0.00,0.00,6.02
1993-03-31,264922.13,267043.47,262565.02,264667.49,0.00,0.00,6.03
1993-04-01,264046.39,266160.71,261678.40,263773.77,0.00,0.00,6.06
1993-04-02,261371.93,263464.84,258989.29,261063.12,0.00,0.00,6.16
1993-04-05,262173.99,264273.32,259789.35,261869.58,0.00,0.00,6.13
1993-04-06,263631.28,265742.28,261253.07,263345.03,0.00,0.00,6.08
1993-04-07,263927.33,266067.96,261553.10,263674.47,0.00,0.00,6.07
1993-04-08,266673.74,268815.98,264311.72,266435.00,0.00,0.00,5.97
1993-04-12,268102.63,270249.44,265749.15,267877.11,0.00,0.00,5.92
1993-04-13,267947.73,270079.46,265587.54,267700.49,0.00,0.00,5.93
1993-04-14,268839.68,270957.68,266482.63,268582.06,0.00,0.00,5.90
1993-04-15,269464.18,271594.06,267112.39,269223.67,0.00,0.00,5.88
1993-04-16,269092.26,271219.20,266739.37,268847.71,0.00,0.00,5.89
1993-04-19,269691.63,271809.38,267344.13,269443.45,0.00,0.00,5.87
1993-04-20,269578.82,271674.80,267226.38,269304.06,0.00,0.00,5.87
1993-04-21,269844.50,271942.54,267491.69,269571.44,0.00,0.00,5.86
1993-04-22,270120.53,272227.69,267765.34,269854.13,0.00,0.00,5.85
1993-04-23,269000.25,271112.56,266635.88,268729.63,0.00,0.00,5.89
1993-04-26,267686.68,269802.51,265313.56,267410.63,0.00,0.00,5.94
1993-04-27,265520.26,267646.39,263145.05,265252.16,0.00,0.00,6.02
1993-04-28,265187.87,267304.49,262810.51,264908.15,0.00,0.00,6.03
1993-04-29,266257.93,268376.22,263873.55,265972.87,0.00,0.00,5.99
1993-04-30,264584.30,266689.27,262187.27,264273.17,0.00,0.00,6.05
1993-05-03,267055.82,269173.56,264669.71,266768.53,0.00,0.00,5.96
1993-05-04,268296.34,270423.91,265917.10,268025.81,0.00,0.00,5.92
1993-05-05,268038.30,270177.67,265662.65,267783.06,0.00,0.00,5.93
1993-05-06,268862.42,270987.54,266497.26,268603.68,0.00,0.00,5.89
1993-05-07,267838.06,269962.00,265467.18,267572.32,0.00,0.00,5.92
1993-05-10,268774.96,270920.21,266408.53,268534.89,0.00,0.00,5.89
1993-05-11,268849.86,271002.65,266479.42,268613.22,0.00,0.00,5.89
1993-05-12,267007.02,269145.05,264627.71,266746.69,0.00,0.00,5.96
1993-05-13,265283.95,267421.88,262894.52,265013.20,0.00,0.00,6.02
1993-05-14,265025.80,267189.02,262651.60,264795.44,0.00,0.00,6.03
1993-05-17,264056.96,266253.17,261686.34,263862.83,0.00,0.00,6.07
1993-05-18,261981.93,264154.12,259597.22,261749.63,0.00,0.00,6.15
1993-05-19,263087.85,265248.84,260705.34,262846.76,0.00,0.00,6.11
1993-05-20,263563.58,265721.67,261179.55,263318.12,0.00,0.00,6.09
1993-05-21,261835.20,264012.93,259451.77,261609.67,0.00,0.00,6.16
1993-05-24,262032.80,264279.80,259661.74,261888.41,0.00,0.00,6.16
1993-05-25,261677.09,263914.29,259305.36,261522.28,0.00,0.00,6.17
1993-05-26,263140.27,265376.40,260779.60,262995.67,0.00,0.00,6.12
1993-05-27,263432.15,265697.95,261075.55,263321.08,0.00,0.00,6.11
1993-05-28,262092.28,264346.55,259724.32,261958.23,0.00,0.00,6.16
1993-06-01,264530.38,266791.97,262173.42,264414.86,0.00,0.00,6.07
1993-06-02,264859.89,267124.30,262500.19,264744.43,0.00,0.00,6.06
1993-06-03,265905.31,268158.07,263544.78,265777.54,0.00,0.00,6.02
1993-06-04,263661.04,265976.43,261306.67,263601.38,0.00,0.00,6.11
1993-06-07,264453.36,266782.53,262105.38,264413.87,0.00,0.00,6.08
1993-06-08,264155.32,266481.87,261802.80,264108.63,0.00,0.00,6.09
1993-06-09,264734.78,267045.93,262387.79,264678.46,0.00,0.00,6.07
1993-06-10,264709.26,267013.37,262362.12,264645.80,0.00,0.00,6.07
1993-06-11,267310.33,269581.90,264966.26,267217.90,0.00,0.00,5.97
1993-06-14,267289.61,269561.00,264939.09,267190.50,0.00,0.00,5.97
1993-06-15,267437.64,269689.57,265083.39,267315.50,0.00,0.00,5.96
1993-06-16,267436.63,269688.56,265082.68,267314.79,0.00,0.00,5.96
1993-06-17,268192.24,270443.61,265843.01,268074.66,0.00,0.00,5.93
1993-06-18,267212.66,269483.39,264868.63,267119.44,0.00,0.00,5.97
1993-06-21,268603.35,270885.90,266265.98,268528.66,0.00,0.00,5.92
1993-06-22,268776.41,271053.50,266445.23,268702.57,0.00,0.00,5.91
1993-06-23,268811.68,271123.75,266482.24,268774.28,0.00,0.00,5.91
1993-06-24,269642.96,271948.26,267313.72,269599.10,0.00,0.00,5.88
1993-06-25,270707.77,273008.20,268383.02,270663.70,0.00,0.00,5.84
1993-06-28,271800.16,274074.80,269478.62,271733.84,0.00,0.00,5.80
1993-06-29,272038.04,274300.63,269711.29,271954.53,0.00,0.00,5.79
1993-06-30,271759.50,274026.78,269430.04,271677.89,0.00,0.00,5.80
1993-07-01,271680.28,273925.87,269347.83,271574.14,0.00,0.00,5.80
1993-07-02,272674.41,274900.06,270340.48,272547.08,0.00,0.00,5.76
1993-07-06,271683.51,273950.16,269354.55,271601.77,0.00,0.00,5.80
1993-07-07,271684.16,273936.79,269355.20,271588.52,0.00,0.00,5.80
1993-07-08,272236.23,274500.47,269909.65,272154.54,0.00,0.00,5.78
1993-07-09,272845.36,275114.67,270519.22,272769.18,0.00,0.00,5.76
1993-07-12,273170.20,275449.25,270848.43,273108.11,0.00,0.00,5.75
1993-07-13,272521.21,274815.96,270198.81,272474.00,0.00,0.00,5.78
1993-07-14,274182.19,276469.68,271868.63,274136.83,0.00,0.00,5.72
1993-07-15,274248.92,276544.05,271938.44,274214.24,0.00,0.00,5.72
1993-07-16,274547.94,276845.58,272240.13,274518.46,0.00,0.00,5.71
1993-07-19,274519.75,276824.24,272215.29,274500.43,0.00,0.00,5.71
1993-07-20,273542.08,275866.60,271245.43,273550.43,0.00,0.00,5.75
1993-07-21,271218.39,273530.16,268921.02,271213.21,0.00,0.00,5.83
1993-07-22,269467.84,271799.46,267168.71,269480.44,0.00,0.00,5.90
1993-07-23,267993.69,270312.56,265687.69,267986.60,0.00,0.00,5.95
1993-07-26,268627.37,270944.79,266320.21,268617.72,0.00,0.00,5.93
1993-07-27,268873.91,271214.26,266570.88,268891.19,0.00,0.00,5.92
1993-07-28,269492.46,271824.29,267186.54,269498.42,0.00,0.00,5.90
1993-07-29,272023.03,274334.64,269722.61,272014.67,0.00,0.00,5.81
1993-07-30,271515.29,273822.59,269219.14,271506.92,0.00,0.00,5.83
1993-08-02,270993.11,273344.92,268707.97,271039.94,0.00,0.00,5.85
1993-08-03,271688.54,274025.35,269405.13,271722.30,0.00,0.00,5.83
1993-08-04,270657.12,272985.06,268367.88,270676.14,0.00,0.00,5.87
1993-08-05,270919.09,273235.30,268627.95,270924.57,0.00,0.00,5.86
1993-08-06,270872.90,273174.73,268578.93,270861.28,0.00,0.00,5.86
1993-08-09,272050.75,274348.55,269764.89,272043.39,0.00,0.00,5.82
1993-08-10,272131.49,274436.99,269853.63,272139.85,0.00,0.00,5.82
1993-08-11,273811.59,276117.20,271548.33,273834.88,0.00,0.00,5.75
1993-08-12,273507.97,275796.90,271252.99,273523.06,0.00,0.00,5.77
1993-08-13,274839.12,277132.10,272583.49,274857.66,0.00,0.00,5.72
1993-08-16,276027.58,278323.35,273776.59,276053.64,0.00,0.00,5.68
1993-08-17,275513.09,277804.59,273264.70,275537.49,0.00,0.00,5.70
1993-08-18,275929.11,278209.81,273684.08,275946.23,0.00,0.00,5.69
1993-08-19,277305.41,279604.65,275063.95,277344.61,0.00,0.00,5.64
1993-08-20,278115.23,280421.19,275871.80,278159.15,0.00,0.00,5.61
1993-08-23,278374.51,280689.80,276136.92,278433.60,0.00,0.00,5.60
1993-08-24,279966.31,282273.16,277724.99,280013.38,0.00,0.00,5.54
1993-08-25,280817.45,283131.32,278575.12,280870.51,0.00,0.00,5.51
1993-08-26,283383.12,285725.44,281158.22,283482.15,0.00,0.00,5.42
1993-08-27,281842.09,284186.22,279605.19,281930.72,0.00,0.00,5.48
1993-08-30,282860.95,285198.95,280624.63,282944.15,0.00,0.00,5.44
1993-08-31,282732.56,285084.10,280503.25,282836.25,0.00,0.00,5.45
1993-09-01,282471.39,284806.17,280242.47,282558.82,0.00,0.00,5.46
1993-09-02,283818.70,286157.30,281600.60,283920.91,0.00,0.00,5.41
1993-09-03,286557.37,288874.14,284354.37,286653.33,0.00,0.00,5.31
1993-09-07,288814.69,291149.71,286631.79,288949.17,0.00,0.00,5.23
1993-09-08,288987.44,291346.24,286812.28,289153.33,0.00,0.00,5.23
1993-09-09,285621.29,287974.73,283426.54,285761.90,0.00,0.00,5.35
1993-09-10,287333.08,289678.37,285149.40,287476.88,0.00,0.00,5.29
1993-09-13,288238.07,290598.20,286063.55,288405.87,0.00,0.00,5.26
1993-09-14,284924.38,287272.09,282737.38,285067.06,0.00,0.00,5.37
1993-09-15,284217.51,286544.71,282020.12,284329.33,0.00,0.00,5.39
1993-09-16,284721.04,287052.37,282522.70,284836.02,0.00,0.00,5.37
1993-09-17,284448.55,286784.99,282241.53,284559.84,0.00,0.00,5.38
1993-09-20,283383.73,285704.11,281167.25,283469.48,0.00,0.00,5.42
1993-09-21,281747.92,284040.35,279518.97,281793.27,0.00,0.00,5.47
1993-09-22,282444.92,284750.32,280226.61,282513.91,0.00,0.00,5.45
1993-09-23,283335.72,285648.39,281128.18,283422.83,0.00,0.00,5.42
1993-09-24,283399.00,285712.19,281191.04,283486.20,0.00,0.00,5.42
1993-09-27,286849.08,289153.40,284651.21,286937.88,0.00,0.00,5.30
1993-09-28,287527.30,289851.92,285332.23,287639.09,0.00,0.00,5.28
1993-09-29,285618.59,287949.90,283411.19,285724.47,0.00,0.00,5.35
1993-09-30,284061.44,286365.36,281854.24,284140.27,0.00,0.00,5.40
1993-10-01,282725.12,285003.61,280360.54,282619.98,0.00,0.00,5.34
1993-10-04,282797.61,285120.49,280440.40,282743.92,0.00,0.00,5.34
1993-10-05,282454.02,284795.95,280091.97,282414.31,0.00,0.00,5.35
1993-10-06,282418.05,284752.39,280053.03,282367.82,0.00,0.00,5.35
1993-10-07,282845.64,285168.91,280485.07,282788.96,0.00,0.00,5.33
1993-10-08,285118.89,287453.47,282769.21,285084.55,0.00,0.00,5.26
1993-10-12,284932.72,287302.56,282588.17,284938.50,0.00,0.00,5.27
1993-10-13,284822.24,287183.81,282476.07,284818.18,0.00,0.00,5.27
1993-10-14,286136.29,288493.98,283798.59,286137.02,0.00,0.00,5.23
1993-10-15,287487.20,289856.02,285167.44,287517.14,0.00,0.00,5.19
1993-10-18,285093.28,287479.17,282765.94,285132.35,0.00,0.00,5.27
1993-10-19,285121.61,287515.09,282799.64,285173.63,0.00,0.00,5.27
1993-10-20,285456.19,287837.75,283132.15,285494.32,0.00,0.00,5.26
1993-10-21,282794.31,285175.55,280456.78,282818.35,0.00,0.00,5.35
1993-10-22,280673.19,283036.58,278324.02,280667.63,0.00,0.00,5.42
1993-10-25,279255.43,281628.50,276906.82,279259.93,0.00,0.00,5.47
1993-10-26,280370.24,282760.02,278024.66,280394.44,0.00,0.00,5.43
1993-10-27,280086.82,282474.18,277744.73,280112.13,0.00,0.00,5.44
1993-10-28,281029.95,283418.10,278703.00,281071.37,0.00,0.00,5.41
1993-10-29,280503.81,282887.48,278174.70,280538.59,0.00,0.00,5.43
1993-11-01,277213.30,279626.25,274888.24,277280.95,0.00,0.00,5.56
1993-11-02,275014.05,277422.05,272675.83,275063.35,0.00,0.00,5.63
1993-11-03,274043.74,276422.02,271682.31,274040.10,0.00,0.00,5.67
1993-11-04,273793.92,276162.97,271434.39,273783.03,0.00,0.00,5.67
1993-11-05,271688.26,274053.11,269326.23,271670.52,0.00,0.00,5.75
1993-11-08,272886.57,275254.81,270515.44,272863.10,0.00,0.00,5.70
1993-11-09,274587.33,276977.41,272238.00,274607.64,0.00,0.00,5.64
1993-11-10,272549.53,274921.88,270183.80,272535.55,0.00,0.00,5.72
1993-11-12,274150.98,276530.20,271788.92,274147.64,0.00,0.00,5.66
1993-11-15,273386.05,275765.68,271012.13,273371.10,0.00,0.00,5.69
1993-11-16,274171.44,276543.76,271789.00,274140.70,0.00,0.00,5.66
1993-11-17,274332.70,276699.34,271953.08,274299.19,0.00,0.00,5.65
1993-11-18,272472.46,274837.11,270093.31,272437.31,0.00,0.00,5.72
1993-11-19,269288.43,271646.29,266897.75,269234.68,0.00,0.00,5.84
1993-11-22,267981.50,270341.74,265592.50,267931.70,0.00,0.00,5.89
1993-11-23,269951.17,272307.86,267569.46,269905.37,0.00,0.00,5.82
1993-11-24,269394.38,271739.27,267006.47,269330.57,0.00,0.00,5.84
1993-11-26,270937.30,273295.61,268555.57,270893.15,0.00,0.00,5.78
1993-11-29,271620.77,273992.04,269245.76,271596.30,0.00,0.00,5.76
1993-11-30,269749.20,272125.01,267369.68,269724.53,0.00,0.00,5.83
1993-12-01,270081.08,272438.91,267706.06,270043.16,0.00,0.00,5.82
1993-12-02,270426.76,272780.63,268062.46,270395.75,0.00,0.00,5.81
1993-12-03,270852.22,273216.78,268498.83,270842.85,0.00,0.00,5.80
1993-12-06,273113.19,275490.45,270768.75,273125.60,0.00,0.00,5.72
1993-12-07,273320.54,275699.60,270978.67,273337.34,0.00,0.00,5.71
1993-12-08,273389.79,275762.40,271042.71,273394.95,0.00,0.00,5.71
1993-12-09,274193.78,276566.29,271848.25,274200.47,0.00,0.00,5.68
1993-12-10,272705.03,275064.66,270358.93,272698.26,0.00,0.00,5.73
1993-12-13,271213.24,273573.96,268855.14,271195.33,0.00,0.00,5.78
1993-12-14,269964.35,272307.24,267595.12,269917.44,0.00,0.00,5.82
1993-12-15,269706.44,272040.12,267336.60,269649.78,0.00,0.00,5.83
1993-12-16,269421.16,271745.42,267050.27,269354.08,0.00,0.00,5.84
1993-12-17,270277.89,272602.57,267908.53,270212.83,0.00,0.00,5.81
1993-12-20,269825.21,272173.84,267458.31,269786.35,0.00,0.00,5.83
1993-12-21,269266.24,271596.11,266897.17,269206.55,0.00,0.00,5.85
1993-12-22,272235.75,274563.21,269880.53,272187.86,0.00,0.00,5.74
1993-12-23,272819.72,275145.14,270458.12,272763.41,0.00,0.00,5.72
1993-12-27,272832.33,275171.94,270469.12,272788.47,0.00,0.00,5.72
1993-12-28,272829.33,275175.96,270467.69,272794.00,0.00,0.00,5.72
1993-12-29,272266.36,274594.09,269902.43,272209.95,0.00,0.00,5.74
1993-12-30,269930.87,272245.60,267556.48,269850.85,0.00,0.00,5.82
1993-12-31,269689.62,271995.33,267312.29,269597.67,0.00,0.00,5.83
1994-01-03,267230.72,269577.45,264859.59,267185.51,0.00,0.00,5.92
1994-01-04,268277.24,270619.32,265908.57,268229.97,0.00,0.00,5.88
1994-01-05,267669.11,269998.98,265293.40,267602.59,0.00,0.00,5.90
1994-01-06,269337.55,271661.10,266966.62,269269.71,0.00,0.00,5.84
1994-01-07,273252.24,275553.14,270880.52,273161.45,0.00,0.00,5.70
1994-01-10,273909.94,276216.38,271533.05,273819.47,0.00,0.00,5.67
1994-01-11,274058.33,276366.02,271679.52,273967.18,0.00,0.00,5.67
1994-01-12,276035.67,278331.51,273675.32,275951.53,0.00,0.00,5.60
1994-01-13,272988.34,275265.88,270623.22,272881.03,0.00,0.00,5.71
1994-01-14,271217.79,273487.55,268843.19,271093.09,0.00,0.00,5.78
1994-01-18,272230.23,274508.47,269860.21,272118.61,0.00,0.00,5.74
1994-01-19,271702.93,273969.74,269322.52,271569.48,0.00,0.00,5.76
1994-01-20,273001.02,275257.53,270621.58,272858.42,0.00,0.00,5.71
1994-01-21,272644.19,274911.82,270268.71,272516.58,0.00,0.00,5.73
1994-01-24,272288.13,274566.86,269908.20,272167.01,0.00,0.00,5.74
1994-01-25,271320.34,273590.96,268937.75,271188.44,0.00,0.00,5.78
1994-01-26,271678.15,273944.76,269297.71,271544.46,0.00,0.00,5.77
1994-01-27,272947.31,275224.50,270576.53,272833.95,0.00,0.00,5.73
1994-01-28,274503.10,276779.11,272137.80,274394.19,0.00,0.00,5.68
1994-01-31,273891.62,276197.91,271529.08,273815.47,0.00,0.00,5.70
1994-02-01,271827.34,274144.30,269458.39,271755.16,0.00,0.00,5.77
1994-02-02,271902.70,274227.32,269538.60,271843.01,0.00,0.00,5.77
1994-02-03,270960.23,273325.74,268602.81,270947.73,0.00,0.00,5.81
1994-02-04,267546.33,269964.86,265185.65,267582.84,0.00,0.00,5.94
1994-02-07,267036.52,269450.44,264681.84,267074.47,0.00,0.00,5.96
1994-02-08,265651.88,268066.99,263287.42,265681.03,0.00,0.00,6.01
1994-02-09,267563.80,269982.48,265208.96,267606.36,0.00,0.00,5.92
1994-02-10,267679.56,270120.01,265325.65,267744.64,0.00,0.00,5.91
1994-02-11,268462.09,270902.75,266114.83,268534.15,0.00,0.00,5.88
1994-02-14,267882.49,270324.79,265527.92,267948.75,0.00,0.00,5.90
1994-02-15,268266.51,270705.39,265909.31,268326.76,0.00,0.00,5.88
1994-02-16,268049.58,270493.40,265694.65,268117.00,0.00,0.00,5.89
1994-02-17,265203.44,267641.83,262840.11,265256.78,0.00,0.00,6.00
1994-02-18,262775.03,265218.20,260404.72,262825.86,0.00,0.00,6.09
1994-02-22,263792.87,266279.52,261427.97,263892.33,0.00,0.00,6.05
1994-02-23,261831.40,264340.07,259466.14,261952.14,0.00,0.00,6.13
1994-02-24,259395.41,261894.11,257018.63,259494.44,0.00,0.00,6.22
1994-02-25,259747.00,262249.09,257374.25,259853.48,0.00,0.00,6.21
1994-02-28,261291.06,263808.02,258922.34,261416.48,0.00,0.00,6.15
1994-03-01,258017.31,260569.24,255645.41,258173.89,0.00,0.00,6.28
1994-03-02,257560.24,260094.38,255185.04,257695.80,0.00,0.00,6.30
1994-03-03,256232.55,258773.44,253852.89,256370.18,0.00,0.00,6.35
1994-03-04,255751.62,258314.10,253376.45,255915.14,0.00,0.00,6.38
1994-03-07,257198.27,259781.88,254830.47,257390.29,0.00,0.00,6.32
1994-03-08,255763.45,258345.82,253392.80,255951.24,0.00,0.00,6.38
1994-03-09,255734.60,258316.69,253360.57,255918.68,0.00,0.00,6.38
1994-03-10,253057.53,255612.58,250674.41,253205.41,0.00,0.00,6.48
1994-03-11,253682.06,256249.95,251303.43,253847.25,0.00,0.00,6.46
1994-03-14,252771.37,255369.13,250398.69,252972.06,0.00,0.00,6.50
1994-03-15,253585.39,256178.45,251208.31,253777.06,0.00,0.00,6.47
1994-03-16,255559.38,258152.87,253197.60,255767.12,0.00,0.00,6.40
1994-03-17,255463.79,258056.31,253103.64,255672.21,0.00,0.00,6.40
1994-03-18,253141.23,255742.79,250779.78,253357.07,0.00,0.00,6.49
1994-03-21,251762.06,254381.87,249401.46,251996.71,0.00,0.00,6.55
1994-03-22,254483.89,257079.58,252124.92,254696.55,0.00,0.00,6.44
1994-03-23,254489.67,257059.19,252123.93,254669.56,0.00,0.00,6.44
1994-03-24,250763.98,253308.80,248390.31,250911.05,0.00,0.00,6.58
1994-03-25,250120.60,252658.90,247750.71,250264.95,0.00,0.00,6.61
1994-03-28,249860.60,252428.44,247496.38,250039.92,0.00,0.00,6.63
1994-03-29,247822.34,250375.62,245454.82,247983.71,0.00,0.00,6.71
1994-03-30,246061.45,248564.89,243689.06,246168.36,0.00,0.00,6.78
1994-03-31,246245.15,248744.12,243872.06,246346.94,0.00,0.00,6.77
1994-04-04,237182.85,239754.81,234810.46,237356.70,0.00,0.00,7.16
1994-04-05,241634.06,244223.17,239256.69,241820.34,0.00,0.00,6.97
1994-04-06,242472.27,245039.14,240095.40,242637.11,0.00,0.00,6.93
1994-04-07,244005.06,246575.59,241636.79,244182.37,0.00,0.00,6.86
1994-04-08,242146.80,244716.47,239773.85,242318.33,0.00,0.00,6.94
1994-04-11,242692.56,245293.02,240328.59,242903.72,0.00,0.00,6.92
1994-04-12,243933.28,246528.18,241569.88,244139.64,0.00,0.00,6.87
1994-04-13,242384.93,244975.85,240017.23,242582.84,0.00,0.00,6.93
1994-04-14,241457.83,244045.06,239085.37,241647.17,0.00,0.00,6.97
1994-04-15,241644.46,244239.92,239267.97,241837.90,0.00,0.00,6.97
1994-04-18,237795.84,240466.29,235428.54,238072.40,0.00,0.00,7.14
1994-04-19,238986.91,241683.04,236622.26,239291.71,0.00,0.00,7.10
1994-04-20,240090.06,242786.27,237726.24,240395.91,0.00,0.00,7.05
1994-04-21,243592.32,246321.60,241231.26,243934.08,0.00,0.00,6.91
1994-04-22,243213.02,245956.83,240856.05,243573.27,0.00,0.00,6.93
1994-04-25,244984.01,247773.02,242641.44,245403.78,0.00,0.00,6.86
1994-04-26,245143.96,247941.10,242801.19,245571.60,0.00,0.00,6.86
1994-04-28,240753.67,243525.50,238405.43,241150.23,0.00,0.00,7.04
1994-04-29,240174.55,242939.72,237817.81,240555.84,0.00,0.00,7.06
1994-05-02,239559.79,242391.85,237212.96,240017.28,0.00,0.00,7.09
1994-05-03,238740.36,241593.45,236391.59,239216.61,0.00,0.00,7.13
1994-05-04,238524.80,241381.44,236175.15,239003.65,0.00,0.00,7.14
1994-05-05,239234.86,242093.85,236885.89,239716.81,0.00,0.00,7.11
1994-05-06,233785.03,236699.15,231431.64,234316.43,0.00,0.00,7.35
1994-05-09,230880.80,233877.44,228533.04,231499.21,0.00,0.00,7.49
1994-05-10,234606.29,237609.07,232256.96,235229.66,0.00,0.00,7.33
1994-05-11,232589.64,235572.59,230235.94,233188.70,0.00,0.00,7.40
1994-05-12,233465.73,236423.89,231113.47,234041.84,0.00,0.00,7.36
1994-05-13,235018.28,237971.95,232664.77,235588.86,0.00,0.00,7.29
1994-05-16,236267.78,239243.23,233916.86,236862.70,0.00,0.00,7.24
1994-05-17,241271.08,244247.50,238927.79,241875.30,0.00,0.00,7.03
1994-05-18,241024.86,243973.44,238669.25,241589.02,0.00,0.00,7.03
1994-05-19,242525.70,245442.75,240160.31,243048.90,0.00,0.00,6.96
1994-05-20,241044.90,243981.33,238673.37,241580.91,0.00,0.00,7.02
1994-05-23,237176.71,240133.11,234802.30,237729.10,0.00,0.00,7.19
1994-05-24,237822.12,240768.23,235454.49,238371.26,0.00,0.00,7.17
1994-05-25,238623.71,241561.34,236260.33,239168.86,0.00,0.00,7.14
1994-05-26,239456.79,242404.67,237085.52,240004.21,0.00,0.00,7.09
1994-05-27,238769.99,241746.25,236392.92,239339.56,0.00,0.00,7.12
1994-05-31,237611.67,240604.05,235239.44,238201.94,0.00,0.00,7.17
1994-06-01,238859.40,241842.92,236497.95,239451.98,0.00,0.00,7.12
1994-06-02,239946.79,242900.70,237579.80,240504.57,0.00,0.00,7.07
1994-06-03,242233.86,245191.01,239872.83,242801.16,0.00,0.00,6.98
1994-06-06,243794.73,246752.11,241427.11,244355.78,0.00,0.00,6.91
1994-06-07,242838.50,245778.04,240472.77,243383.67,0.00,0.00,6.95
1994-06-08,242511.07,245434.17,240138.77,243033.28,0.00,0.00,6.96
1994-06-09,242181.12,245106.48,239810.12,242706.84,0.00,0.00,6.98
1994-06-10,240945.77,243874.80,238574.36,241474.56,0.00,0.00,7.03
1994-06-13,240074.94,242993.38,237707.89,240597.56,0.00,0.00,7.07
1994-06-14,241671.07,244571.62,239303.28,242175.40,0.00,0.00,7.00
1994-06-15,239160.23,242042.94,236776.33,239630.31,0.00,0.00,7.10
1994-06-16,239883.75,242762.84,237508.31,240358.89,0.00,0.00,7.07
1994-06-17,238068.52,240938.07,235681.09,238521.87,0.00,0.00,7.14
1994-06-20,237720.68,240628.85,235340.76,238219.81,0.00,0.00,7.16
1994-06-21,236445.86,239362.75,234067.18,236954.73,0.00,0.00,7.22
1994-06-22,238705.01,241637.49,236342.62,239246.09,0.00,0.00,7.13
1994-06-23,239301.40,242235.06,236930.71,239835.30,0.00,0.00,7.10
1994-06-24,236350.65,239272.44,233975.82,236868.26,0.00,0.00,7.22
1994-06-27,237497.04,240402.46,235131.47,238007.96,0.00,0.00,7.18
1994-06-28,235624.09,238518.73,233256.13,236121.68,0.00,0.00,7.26
1994-06-29,236076.39,238970.51,233712.82,236577.97,0.00,0.00,7.24
1994-06-30,233595.31,236513.08,231219.78,234107.88,0.00,0.00,7.34
1994-07-01,233606.15,236530.06,231232.54,234126.74,0.00,0.00,7.34
1994-07-05,234249.67,237229.82,231881.32,234831.34,0.00,0.00,7.31
1994-07-06,234034.51,237011.92,231659.48,234606.68,0.00,0.00,7.32
1994-07-07,234464.48,237435.30,232084.64,235025.31,0.00,0.00,7.30
1994-07-08,231820.38,234841.12,229446.24,232436.05,0.00,0.00,7.42
1994-07-11,230767.42,233827.82,228397.80,231426.78,0.00,0.00,7.47
1994-07-12,231750.10,234793.75,229374.91,232387.37,0.00,0.00,7.43
1994-07-13,232191.40,235205.05,229814.13,232796.92,0.00,0.00,7.41
1994-07-14,235908.51,238885.50,233538.29,236485.37,0.00,0.00,7.25
1994-07-15,235824.56,238794.42,233450.15,236390.11,0.00,0.00,7.25
1994-07-18,236927.43,239911.18,234553.46,237507.32,0.00,0.00,7.20
1994-07-19,238051.50,241018.80,235674.94,238612.62,0.00,0.00,7.15
1994-07-20,235818.80,238806.79,233444.44,236402.34,0.00,0.00,7.25
1994-07-21,235525.64,238522.02,233161.24,236127.54,0.00,0.00,7.27
1994-07-22,235196.85,238213.23,232833.38,235819.45,0.00,0.00,7.29
1994-07-25,235729.45,238782.95,233376.59,236399.62,0.00,0.00,7.27
1994-07-26,235499.33,238549.86,233137.92,236157.86,0.00,0.00,7.28
1994-07-27,234026.81,237094.35,231670.99,234707.66,0.00,0.00,7.34
1994-07-28,235349.89,238416.62,233002.80,236038.95,0.00,0.00,7.29
1994-07-29,239329.22,242343.23,236978.73,239963.13,0.00,0.00,7.12
1994-08-01,239090.37,242138.25,236742.14,239760.08,0.00,0.00,7.13
1994-08-02,239516.15,242563.30,237164.78,240182.01,0.00,0.00,7.11
1994-08-03,239895.91,242935.55,237548.30,240558.20,0.00,0.00,7.09
1994-08-04,239199.16,242229.98,236846.31,239847.31,0.00,0.00,7.12
1994-08-05,235590.86,238697.07,233239.45,236314.66,0.00,0.00,7.28
1994-08-08,235677.09,238802.60,233328.39,236422.75,0.00,0.00,7.28
1994-08-09,234634.05,237751.76,232280.04,235366.47,0.00,0.00,7.33
1994-08-10,234970.97,238069.00,232614.19,235681.15,0.00,0.00,7.30
1994-08-11,233624.70,236716.99,231259.27,234320.25,0.00,0.00,7.36
1994-08-12,235523.50,238628.81,233164.03,236238.24,0.00,0.00,7.27
1994-08-15,234904.57,238056.05,232542.97,235662.76,0.00,0.00,7.30
1994-08-16,237655.94,240832.12,235303.58,238448.32,0.00,0.00,7.19
1994-08-17,238324.52,241472.90,235966.90,239084.13,0.00,0.00,7.15
1994-08-18,235303.69,238436.34,232939.08,236040.25,0.00,0.00,7.28
1994-08-19,235512.23,238635.55,233143.55,236235.46,0.00,0.00,7.27
1994-08-22,234476.11,237609.79,232100.37,235202.30,0.00,0.00,7.31
1994-08-23,235070.51,238187.98,232695.62,235781.59,0.00,0.00,7.28
1994-08-24,236621.25,239734.96,234251.43,237333.95,0.00,0.00,7.22
1994-08-25,234866.02,237956.64,232489.27,235548.61,0.00,0.00,7.29
1994-08-26,236089.95,239184.53,233717.93,236781.42,0.00,0.00,7.24
1994-08-29,236104.30,239229.41,233725.73,236819.36,0.00,0.00,7.24
1994-08-30,236991.70,240110.29,234619.20,237706.57,0.00,0.00,7.20
1994-08-31,237340.33,240426.91,234966.54,238022.25,0.00,0.00,7.19
1994-09-01,237293.53,240355.10,234921.62,237952.59,0.00,0.00,7.19
1994-09-02,236760.59,239845.71,234376.54,237430.60,0.00,0.00,7.21
1994-09-06,235248.70,238326.21,232859.74,235905.99,0.00,0.00,7.27
1994-09-07,234749.17,237814.11,232363.62,235397.41,0.00,0.00,7.29
1994-09-08,234625.11,237694.47,232236.99,235275.10,0.00,0.00,7.30
1994-09-09,231281.74,234354.90,228885.73,231927.06,0.00,0.00,7.44
1994-09-12,230913.52,234011.46,228517.48,231583.27,0.00,0.00,7.46
1994-09-13,231321.72,234413.24,228927.30,231986.83,0.00,0.00,7.44
1994-09-14,232079.08,235168.80,229689.22,232747.12,0.00,0.00,7.41
1994-09-15,233240.28,236339.47,230850.15,233917.58,0.00,0.00,7.35
1994-09-16,229496.98,232599.49,227098.04,230168.12,0.00,0.00,7.52
1994-09-19,230288.00,233401.20,227899.47,230980.38,0.00,0.00,7.49
1994-09-20,229411.14,232547.85,227024.93,230129.02,0.00,0.00,7.53
1994-09-21,228873.56,232067.57,226490.69,229651.45,0.00,0.00,7.56
1994-09-22,228946.77,232141.81,226565.14,229726.94,0.00,0.00,7.56
1994-09-23,228736.03,231939.88,226352.27,229522.73,0.00,0.00,7.57
1994-09-26,228721.57,231936.97,226340.87,229522.79,0.00,0.00,7.57
1994-09-27,227662.46,230839.58,225271.34,228415.09,0.00,0.00,7.61
1994-09-28,228551.31,231723.23,226166.86,229305.68,0.00,0.00,7.57
1994-09-29,227175.34,230368.99,224792.01,227952.16,0.00,0.00,7.64
1994-09-30,227785.46,230981.84,225409.92,228572.96,0.00,0.00,7.62
1994-10-03,226930.02,230219.26,224559.19,227814.07,0.00,0.00,7.66
1994-10-04,225992.60,229262.45,223615.73,226851.20,0.00,0.00,7.70
1994-10-05,224477.62,227731.31,222095.84,225315.02,0.00,0.00,7.77
1994-10-06,224301.97,227558.88,221922.61,225144.96,0.00,0.00,7.78
1994-10-07,225879.86,229119.09,223494.90,226699.93,0.00,0.00,7.70
1994-10-11,227085.76,230348.11,224702.58,227930.70,0.00,0.00,7.65
1994-10-12,226310.89,229567.92,223931.22,227154.01,0.00,0.00,7.69
1994-10-13,227429.42,230661.69,225055.32,228253.84,0.00,0.00,7.64
1994-10-14,227938.63,231166.43,225559.48,228753.58,0.00,0.00,7.61
1994-10-17,227821.51,231088.59,225450.47,228683.55,0.00,0.00,7.62
1994-10-18,227291.38,230550.86,224908.90,228134.21,0.00,0.00,7.64
1994-10-19,226465.50,229730.57,224086.53,227317.31,0.00,0.00,7.68
1994-10-20,223954.77,227235.38,221573.53,224819.25,0.00,0.00,7.80
1994-10-21,223937.98,227224.08,221561.44,224812.67,0.00,0.00,7.81
1994-10-24,222863.71,226168.36,220485.93,223755.33,0.00,0.00,7.86
1994-10-25,222407.71,225711.30,220035.36,223303.72,0.00,0.00,7.88
1994-10-26,222358.20,225638.24,219984.44,223229.46,0.00,0.00,7.88
1994-10-27,222456.67,225732.46,220088.60,223329.51,0.00,0.00,7.88
1994-10-28,223899.17,227178.96,221536.62,224781.81,0.00,0.00,7.82
1994-10-31,224063.68,227374.63,221701.72,224977.76,0.00,0.00,7.81
1994-11-01,221829.16,225124.17,219459.41,222719.21,0.00,0.00,7.91
1994-11-02,220929.82,224217.14,218564.41,221816.53,0.00,0.00,7.96
1994-11-03,220846.94,224138.68,218480.01,221736.48,0.00,0.00,7.96
1994-11-04,219240.27,222564.32,216873.76,220161.92,0.00,0.00,8.04
1994-11-07,219097.93,222453.54,216733.56,220052.96,0.00,0.00,8.05
1994-11-08,220105.56,223454.01,217748.15,221060.75,0.00,0.00,8.01
1994-11-09,221435.41,224787.06,219074.14,222390.04,0.00,0.00,7.94
1994-11-10,220466.48,223814.77,218100.60,221412.96,0.00,0.00,7.98
1994-11-14,221540.55,224956.30,219185.87,222565.31,0.00,0.00,7.94
1994-11-15,222290.11,225751.61,219950.40,223375.47,0.00,0.00,7.92
1994-11-16,220974.52,224421.20,218630.89,222041.01,0.00,0.00,7.97
1994-11-17,219816.66,223250.91,217469.33,220866.92,0.00,0.00,8.03
1994-11-18,220148.78,223582.58,217807.17,221204.45,0.00,0.00,8.01
1994-11-21,219940.77,223399.52,217604.04,221026.04,0.00,0.00,8.03
1994-11-22,220599.90,224063.36,218268.69,221695.55,0.00,0.00,8.00
1994-11-23,224711.21,228181.60,222384.63,225819.09,0.00,0.00,7.81
1994-11-25,225002.60,228483.26,222683.48,226128.27,0.00,0.00,7.80
1994-11-28,223493.91,227025.72,221181.92,224677.20,0.00,0.00,7.88
1994-11-29,222114.89,225659.08,219808.76,223316.15,0.00,0.00,7.95
1994-11-30,223001.46,226582.66,220696.33,224240.51,0.00,0.00,7.91
1994-12-01,222669.32,226268.01,220364.32,223925.75,0.00,0.00,7.92
1994-12-02,225195.20,228909.73,222899.17,226575.82,0.00,0.00,7.81
1994-12-05,224850.14,228697.19,222557.20,226365.03,0.00,0.00,7.83
1994-12-06,227040.33,230849.27,224752.35,228522.91,0.00,0.00,7.73
1994-12-07,225236.92,228980.99,222946.13,226652.12,0.00,0.00,7.81
1994-12-08,225805.34,229576.21,223522.87,227255.63,0.00,0.00,7.79
1994-12-09,225891.78,229658.30,223610.96,227339.46,0.00,0.00,7.79
1994-12-12,224574.06,228410.64,222290.75,226088.33,0.00,0.00,7.85
1994-12-13,225368.27,229247.27,223107.73,226947.82,0.00,0.00,7.83
1994-12-14,225554.48,229378.93,223267.57,227053.24,0.00,0.00,7.80
1994-12-15,225684.94,229459.58,223400.88,227137.31,0.00,0.00,7.79
1994-12-16,225508.28,229303.07,223230.54,226987.00,0.00,0.00,7.81
1994-12-19,225641.45,229467.38,223370.52,227157.93,0.00,0.00,7.81
1994-12-20,225453.66,229218.66,223176.45,226903.42,0.00,0.00,7.81
1994-12-21,225711.31,229457.48,223439.07,227147.53,0.00,0.00,7.80
1994-12-22,225103.36,228879.80,222833.73,226572.09,0.00,0.00,7.84
1994-12-23,225076.31,228852.30,222823.20,226561.39,0.00,0.00,7.85
1994-12-27,227101.70,230934.93,224854.88,228650.19,0.00,0.00,7.76
1994-12-28,225988.64,229814.66,223720.69,227508.32,0.00,0.00,7.80
1994-12-29,225433.65,229221.41,223163.74,226913.36,0.00,0.00,7.82
1994-12-30,224892.01,228670.67,222615.84,226356.25,0.00,0.00,7.84
1995-01-03,223880.45,227728.11,221605.72,225414.29,0.00,0.00,7.88
1995-01-04,225390.80,229212.47,223121.86,226905.06,0.00,0.00,7.82
1995-01-05,224139.45,227962.86,221871.27,225655.99,0.00,0.00,7.88
1995-01-06,224423.21,228251.46,222164.42,225954.14,0.00,0.00,7.87
1995-01-09,223927.91,227782.11,221668.05,225483.36,0.00,0.00,7.89
1995-01-10,224886.62,228728.54,222624.21,226427.48,0.00,0.00,7.84
1995-01-11,225797.94,229591.82,223530.18,227285.95,0.00,0.00,7.79
1995-01-12,225334.53,229103.31,223058.55,226789.26,0.00,0.00,7.80
1995-01-13,227548.35,231295.86,225264.25,228974.14,0.00,0.00,7.69
1995-01-17,227541.01,231323.38,225265.21,229009.75,0.00,0.00,7.70
1995-01-18,227534.32,231328.23,225263.97,229020.03,0.00,0.00,7.71
1995-01-19,226751.81,230538.49,224478.88,228227.60,0.00,0.00,7.74
1995-01-20,224973.82,228748.09,222697.01,226433.08,0.00,0.00,7.82
1995-01-23,224740.43,228516.54,222466.55,226204.45,0.00,0.00,7.83
1995-01-24,224151.44,227929.13,221871.00,225610.27,0.00,0.00,7.86
1995-01-25,225409.32,229167.80,223132.78,226853.30,0.00,0.00,7.80
1995-01-26,226275.84,230037.18,223996.09,227719.53,0.00,0.00,7.76
1995-01-27,228689.04,232472.92,226417.30,230163.59,0.00,0.00,7.66
1995-01-30,228574.29,232344.56,226287.21,230019.75,0.00,0.00,7.65
1995-01-31,229774.70,233570.65,227497.03,231255.35,0.00,0.00,7.60
1995-02-01,228486.90,232314.25,226207.55,229996.72,0.00,0.00,7.66
1995-02-02,228294.97,232107.41,226025.77,229800.32,0.00,0.00,7.68
1995-02-03,232344.26,236146.94,230064.33,233829.70,0.00,0.00,7.49
1995-02-06,231518.40,235319.44,229241.93,233005.59,0.00,0.00,7.53
1995-02-07,231638.45,235441.46,229361.09,233126.70,0.00,0.00,7.52
1995-02-08,231348.71,235129.17,229068.44,232811.64,0.00,0.00,7.53
1995-02-09,230378.23,234160.54,228098.07,231842.95,0.00,0.00,7.58
1995-02-10,229471.89,233262.84,227198.39,230951.78,0.00,0.00,7.62
1995-02-13,229686.87,233481.37,227414.08,231171.04,0.00,0.00,7.61
1995-02-14,231640.02,235443.04,229360.88,233126.49,0.00,0.00,7.51
1995-02-15,232899.67,236693.54,230617.76,234374.46,0.00,0.00,7.45
1995-02-16,233624.38,237394.13,231329.71,235062.43,0.00,0.00,7.40
1995-02-17,233122.33,236889.95,230830.80,234561.39,0.00,0.00,7.43
1995-02-21,232808.04,236588.49,230511.23,234254.38,0.00,0.00,7.44
1995-02-22,234859.47,238601.00,232549.76,236254.49,0.00,0.00,7.34
1995-02-23,234760.01,238505.97,232449.22,236158.30,0.00,0.00,7.34
1995-02-24,234954.95,238704.02,232645.74,236357.96,0.00,0.00,7.33
1995-02-27,236851.69,240618.89,234532.25,238262.55,0.00,0.00,7.24
1995-02-28,237500.27,241296.04,235184.03,238942.78,0.00,0.00,7.22
1995-03-01,237351.51,241157.07,235040.76,238809.27,0.00,0.00,7.23
1995-03-02,235916.57,239699.13,233607.51,237353.04,0.00,0.00,7.30
1995-03-03,234462.59,238233.85,232147.18,235881.20,0.00,0.00,7.36
1995-03-06,233276.85,237058.93,230961.40,234705.94,0.00,0.00,7.41
1995-03-07,232552.29,236334.54,230226.95,233971.38,0.00,0.00,7.44
1995-03-08,234453.34,238242.48,232136.03,235887.72,0.00,0.00,7.36
1995-03-09,235683.84,239462.66,233359.33,237100.88,0.00,0.00,7.30
1995-03-10,237469.41,241282.95,235156.14,238932.53,0.00,0.00,7.23
1995-03-13,238210.59,242023.82,235887.16,239663.20,0.00,0.00,7.19
1995-03-14,240671.81,244512.10,238361.18,242164.60,0.00,0.00,7.09
1995-03-15,240525.24,244363.19,238210.37,242011.39,0.00,0.00,7.09
1995-03-16,241313.10,245151.26,238997.14,242798.46,0.00,0.00,7.05
1995-03-17,239823.25,243637.70,237517.40,241295.18,0.00,0.00,7.12
1995-03-20,239558.28,243380.80,237243.73,241029.32,0.00,0.00,7.12
1995-03-21,238568.23,242368.84,236244.82,240008.42,0.00,0.00,7.16
1995-03-22,237563.47,241335.90,235248.90,238984.57,0.00,0.00,7.21
1995-03-23,237488.58,241253.73,235167.74,238896.09,0.00,0.00,7.21
1995-03-24,240143.10,243931.86,237825.48,241577.68,0.00,0.00,7.09
1995-03-27,241229.70,244992.31,238922.31,242648.93,0.00,0.00,7.05
1995-03-28,238887.48,242656.43,236580.06,240312.61,0.00,0.00,7.16
1995-03-29,238867.46,242593.23,236564.33,240254.17,0.00,0.00,7.16
1995-03-30,238371.80,242126.50,236067.69,239786.11,0.00,0.00,7.18
1995-03-31,238029.16,241796.77,235732.32,239463.58,0.00,0.00,7.20
1995-04-03,239474.81,243296.00,237171.33,240955.76,0.00,0.00,7.14
1995-04-04,239985.29,243796.17,237670.74,241444.87,0.00,0.00,7.12
1995-04-05,239864.69,243661.36,237557.02,241317.16,0.00,0.00,7.12
1995-04-06,240453.86,244235.19,238138.15,241883.07,0.00,0.00,7.09
1995-04-07,239872.28,243650.62,237551.09,241292.87,0.00,0.00,7.11
1995-04-10,239791.09,243555.85,237473.30,241201.68,0.00,0.00,7.12
1995-04-11,240474.71,244244.04,238157.35,241890.36,0.00,0.00,7.09
1995-04-12,241012.24,244771.46,238693.13,242416.17,0.00,0.00,7.06
1995-04-13,241815.65,245556.40,239489.83,243194.60,0.00,0.00,7.03
1995-04-17,241227.41,244965.25,238880.50,242581.97,0.00,0.00,7.04
1995-04-18,241121.09,244826.36,238765.74,242434.81,0.00,0.00,7.04
1995-04-19,240993.27,244715.12,238656.77,242342.54,0.00,0.00,7.06
1995-04-20,241906.63,245636.37,239564.10,243257.73,0.00,0.00,7.02
1995-04-21,242133.91,245873.37,239796.62,243499.99,0.00,0.00,7.01
1995-04-24,242391.32,246147.19,240060.90,243780.66,0.00,0.00,7.01
1995-04-25,242290.00,246050.51,239957.82,243682.14,0.00,0.00,7.01
1995-04-26,242331.77,246099.14,240004.23,243735.42,0.00,0.00,7.01
1995-04-27,241694.80,245477.06,239372.17,243118.09,0.00,0.00,7.04
1995-04-28,241197.01,244983.85,238882.18,242632.68,0.00,0.00,7.07
1995-05-01,240829.00,244628.59,238513.76,242276.81,0.00,0.00,7.09
1995-05-02,241738.99,245515.74,239418.03,243158.52,0.00,0.00,7.04
1995-05-03,243732.31,247490.21,241414.58,245136.74,0.00,0.00,6.96
1995-05-04,246305.72,250059.08,243997.09,247715.27,0.00,0.00,6.85
1995-05-05,250120.56,253899.97,247814.28,251558.84,0.00,0.00,6.69
1995-05-08,249952.36,253767.70,247644.54,251424.65,0.00,0.00,6.70
1995-05-09,252231.88,256075.54,249925.91,253734.43,0.00,0.00,6.61
1995-05-10,250933.13,254757.00,248625.99,252414.70,0.00,0.00,6.66
1995-05-11,250532.34,254382.23,248235.09,252049.68,0.00,0.00,6.68
1995-05-12,250680.80,254539.40,248387.60,252210.90,0.00,0.00,6.67
1995-05-15,251965.53,255837.44,249675.08,253511.79,0.00,0.00,6.62
1995-05-16,253449.63,257318.35,251171.31,255005.26,0.00,0.00,6.57
1995-05-17,254296.22,258177.86,252018.07,255864.94,0.00,0.00,6.53
1995-05-18,252395.67,256274.20,250124.35,253967.97,0.00,0.00,6.61
1995-05-19,252390.82,256269.26,250118.07,253961.59,0.00,0.00,6.61
1995-05-22,251936.36,255833.67,249661.36,253523.47,0.00,0.00,6.63
1995-05-23,253292.61,257191.41,251017.90,254881.69,0.00,0.00,6.57
1995-05-24,256500.89,260403.03,254228.42,258095.99,0.00,0.00,6.44
1995-05-25,257720.71,261641.40,255450.85,259337.01,0.00,0.00,6.39
1995-05-26,257362.15,261277.39,255086.95,258967.57,0.00,0.00,6.40
1995-05-30,259819.96,263745.93,257548.54,261440.19,0.00,0.00,6.30
1995-05-31,259805.79,263718.22,257534.47,261412.69,0.00,0.00,6.30
1995-06-01,262307.38,266176.72,260027.94,263863.65,0.00,0.00,6.20
1995-06-02,264842.90,268640.88,262562.28,266327.56,0.00,0.00,6.10
1995-06-05,265250.67,269095.35,262974.01,266785.69,0.00,0.00,6.08
1995-06-06,265247.15,269105.39,262979.57,266804.83,0.00,0.00,6.08
1995-06-07,262811.51,266715.26,260562.43,264432.77,0.00,0.00,6.20
1995-06-08,262170.97,266092.11,259930.39,263818.02,0.00,0.00,6.22
1995-06-09,257556.99,261455.37,255303.81,259168.08,0.00,0.00,6.40
1995-06-12,258136.29,262010.33,255872.22,259712.28,0.00,0.00,6.37
1995-06-13,263740.33,267576.66,261473.00,265276.35,0.00,0.00,6.14
1995-06-14,263526.65,267366.63,261254.86,265061.74,0.00,0.00,6.15
1995-06-15,262554.62,266427.61,260281.12,264120.56,0.00,0.00,6.18
1995-06-16,261998.18,265856.23,259729.30,263553.95,0.00,0.00,6.21
1995-06-19,263864.58,267709.48,261593.49,265405.31,0.00,0.00,6.13
1995-06-20,263352.89,267217.38,261095.81,264927.18,0.00,0.00,6.16
1995-06-21,264062.49,267917.06,261805.59,265627.22,0.00,0.00,6.13
1995-06-22,266482.94,270338.64,264234.38,268057.55,0.00,0.00,6.04
1995-06-23,265837.08,269690.26,263581.11,267401.59,0.00,0.00,6.06
1995-06-26,264534.91,268342.06,262282.93,266057.66,0.00,0.00,6.11
1995-06-27,263641.30,267462.66,261389.59,265178.31,0.00,0.00,6.15
1995-06-28,264894.34,268706.66,262643.48,266423.41,0.00,0.00,6.10
1995-06-29,260323.67,264123.66,258062.61,261829.59,0.00,0.00,6.28
1995-06-30,261932.98,265716.12,259672.12,263422.62,0.00,0.00,6.21
1995-07-03,261495.30,265345.94,259227.55,263044.80,0.00,0.00,6.21
1995-07-05,262222.09,266076.71,259959.29,263780.65,0.00,0.00,6.19
1995-07-06,265603.83,269378.63,263337.04,267079.62,0.00,0.00,6.05
1995-07-07,265933.10,269712.58,263663.91,267411.14,0.00,0.00,6.04
1995-07-10,266067.73,269869.61,263799.77,267569.25,0.00,0.00,6.04
1995-07-11,264649.49,268458.29,262375.93,266152.00,0.00,0.00,6.09
1995-07-12,264561.71,268355.66,262295.39,266056.84,0.00,0.00,6.10
1995-07-13,264684.63,268480.35,262416.06,266179.24,0.00,0.00,6.09
1995-07-14,263186.50,267001.26,260920.45,264702.36,0.00,0.00,6.15
1995-07-17,261267.72,265068.08,258994.13,262761.42,0.00,0.00,6.22
1995-07-18,260225.86,264011.07,257949.76,261701.86,0.00,0.00,6.25
1995-07-19,255692.11,259424.49,253395.58,257094.44,0.00,0.00,6.43
1995-07-20,255806.65,259560.40,253512.89,257232.98,0.00,0.00,6.43
1995-07-21,253601.01,257335.41,251289.73,254990.10,0.00,0.00,6.53
1995-07-24,255165.57,258909.91,252874.57,256585.29,0.00,0.00,6.46
1995-07-25,256088.83,259846.72,253809.71,257534.16,0.00,0.00,6.43
1995-07-26,254729.71,258467.66,252442.80,256147.19,0.00,0.00,6.48
1995-07-27,256058.16,259763.03,253776.28,257448.13,0.00,0.00,6.43
1995-07-28,254522.32,258211.50,252225.14,255881.02,0.00,0.00,6.49
1995-07-31,255596.44,259314.31,253301.79,256986.28,0.00,0.00,6.45
1995-08-01,254229.71,257953.80,251925.30,255615.63,0.00,0.00,6.50
1995-08-02,255801.90,259522.76,253504.98,257192.42,0.00,0.00,6.44
1995-08-03,253659.65,257375.39,251358.79,255040.83,0.00,0.00,6.53
1995-08-04,254406.48,258113.57,252107.06,255780.64,0.00,0.00,6.50
1995-08-07,254844.11,258551.03,252543.50,256216.97,0.00,0.00,6.48
1995-08-08,255094.19,258804.75,252794.57,256471.68,0.00,0.00,6.47
1995-08-09,254824.90,258531.55,252528.47,256201.71,0.00,0.00,6.47
1995-08-10,253829.16,257534.35,251527.29,255198.88,0.00,0.00,6.51
1995-08-11,251728.07,255441.35,249426.37,253105.70,0.00,0.00,6.59
1995-08-14,251720.32,255420.57,249417.21,253083.61,0.00,0.00,6.59
1995-08-15,252567.89,256300.04,250282.67,253981.05,0.00,0.00,6.57
1995-08-16,253298.18,257028.12,251013.00,254709.29,0.00,0.00,6.54
1995-08-17,252665.66,256405.74,250383.27,254089.56,0.00,0.00,6.57
1995-08-18,252637.11,256370.28,250348.39,254047.74,0.00,0.00,6.57
1995-08-21,253498.26,257231.15,251214.25,254913.51,0.00,0.00,6.54
1995-08-22,252713.92,256435.26,250430.31,254118.02,0.00,0.00,6.57
1995-08-23,251984.33,255688.45,249694.80,253365.27,0.00,0.00,6.60
1995-08-24,254431.95,258113.29,252145.73,255793.99,0.00,0.00,6.50
1995-08-25,257488.20,261213.76,255212.25,258904.88,0.00,0.00,6.38
1995-08-28,258450.57,262163.52,256176.98,259857.26,0.00,0.00,6.34
1995-08-29,257984.84,261724.20,255714.81,259421.28,0.00,0.00,6.36
1995-08-30,258684.53,262394.19,256409.97,260087.02,0.00,0.00,6.33
1995-08-31,259973.83,263688.64,257708.92,261391.37,0.00,0.00,6.28
1995-09-01,261493.17,265222.98,259228.21,262925.71,0.00,0.00,6.22
1995-09-05,262592.59,266358.30,260330.00,264063.27,0.00,0.00,6.18
1995-09-06,262706.61,266473.96,260445.54,264180.47,0.00,0.00,6.17
1995-09-07,261748.54,265515.58,259487.69,263222.20,0.00,0.00,6.21
1995-09-08,261202.00,264967.89,258948.74,262682.13,0.00,0.00,6.24
1995-09-11,261205.04,264970.97,258946.52,262679.89,0.00,0.00,6.24
1995-09-12,263128.88,266895.52,260878.08,264612.51,0.00,0.00,6.16
1995-09-13,262530.20,266288.27,260277.09,264002.91,0.00,0.00,6.18
1995-09-14,264953.27,268705.22,262697.08,266417.09,0.00,0.00,6.08
1995-09-15,264205.70,267967.42,261952.58,265682.22,0.00,0.00,6.11
1995-09-18,262627.96,266340.24,260368.28,264048.62,0.00,0.00,6.17
1995-09-19,263415.12,267125.00,261158.70,264836.81,0.00,0.00,6.14
1995-09-20,264462.49,268173.54,262215.03,265894.55,0.00,0.00,6.10
1995-09-21,261751.81,265492.02,259496.90,263204.90,0.00,0.00,6.21
1995-09-22,260678.79,264396.98,258418.38,262104.33,0.00,0.00,6.25
1995-09-25,260512.09,264221.22,258255.09,261932.08,0.00,0.00,6.26
1995-09-26,260118.60,263902.25,257862.20,261613.03,0.00,0.00,6.28
1995-09-27,259302.14,263053.94,257030.57,260749.50,0.00,0.00,6.30
1995-09-28,260102.97,263873.03,257846.73,261584.09,0.00,0.00,6.28
1995-09-29,262996.11,266781.11,260754.42,264507.16,0.00,0.00,6.17
1995-10-02,263285.51,267121.98,261036.71,264840.41,0.00,0.00,6.15
1995-10-03,263977.41,267803.63,261735.47,265529.20,0.00,0.00,6.13
1995-10-04,264368.85,268173.61,262125.51,265897.98,0.00,0.00,6.12
1995-10-05,265615.73,269438.43,263370.57,267160.96,0.00,0.00,6.06
1995-10-06,265765.00,269603.49,263527.68,267333.86,0.00,0.00,6.06
1995-10-10,265607.61,269430.19,263372.05,267162.46,0.00,0.00,6.07
1995-10-11,265243.97,269061.32,263013.10,266798.35,0.00,0.00,6.09
1995-10-12,265805.65,269631.09,263573.83,267367.15,0.00,0.00,6.07
1995-10-13,268625.24,272484.36,266409.20,270236.49,0.00,0.00,5.97
1995-10-16,268528.10,272399.61,266310.54,270150.07,0.00,0.00,5.97
1995-10-17,268629.81,272482.10,266419.01,270239.59,0.00,0.00,5.97
1995-10-18,268068.24,271912.47,265858.25,269670.79,0.00,0.00,5.99
1995-10-19,268303.52,272151.13,266097.97,269913.95,0.00,0.00,5.98
1995-10-20,266734.23,270573.03,264528.09,268335.14,0.00,0.00,6.04
1995-10-23,266044.73,269873.60,263835.04,267632.12,0.00,0.00,6.07
1995-10-24,267506.12,271349.16,265304.32,269115.73,0.00,0.00,6.02
1995-10-25,267987.87,271830.96,265772.31,269583.62,0.00,0.00,6.00
1995-10-26,266323.01,270108.03,264085.10,267838.32,0.00,0.00,6.06
1995-10-27,266714.88,270526.02,264497.47,268276.92,0.00,0.00,6.05
1995-10-30,266848.04,270674.78,264625.29,268420.15,0.00,0.00,6.04
1995-10-31,267148.94,270979.99,264925.58,268724.75,0.00,0.00,6.03
1995-11-01,268396.05,272203.64,266170.96,269946.99,0.00,0.00,5.98
1995-11-02,269938.65,273747.34,267717.51,271494.86,0.00,0.00,5.92
1995-11-03,269406.23,273228.15,267182.63,270973.01,0.00,0.00,5.94
1995-11-06,268963.24,272806.50,266741.82,270553.34,0.00,0.00,5.96
1995-11-07,268124.80,271962.97,265903.07,269709.43,0.00,0.00,5.99
1995-11-08,270033.03,273863.85,267816.50,271615.87,0.00,0.00,5.92
1995-11-09,268630.56,272469.07,266405.40,270212.11,0.00,0.00,5.97
1995-11-10,267748.35,271581.12,265519.48,269320.34,0.00,0.00,6.00
1995-11-13,268536.00,272393.83,266312.88,270138.78,0.00,0.00,5.98
1995-11-14,268542.40,272372.75,266312.60,270111.15,0.00,0.00,5.97
1995-11-15,267837.33,271678.26,265618.32,269427.43,0.00,0.00,6.00
1995-11-16,269565.45,273396.55,267345.39,271144.94,0.00,0.00,5.93
1995-11-17,269732.61,273559.17,267503.93,271298.87,0.00,0.00,5.92
1995-11-20,269500.97,273317.32,267273.06,271057.86,0.00,0.00,5.93
1995-11-21,269426.62,273255.75,267200.94,270998.44,0.00,0.00,5.92
1995-11-22,269221.59,273054.72,266994.24,270795.65,0.00,0.00,5.93
1995-11-24,269646.70,273465.11,267420.32,271207.20,0.00,0.00,5.91
1995-11-27,270586.03,274424.69,268369.90,272177.12,0.00,0.00,5.88
1995-11-28,270640.50,274500.78,268422.46,272251.11,0.00,0.00,5.88
1995-11-29,271208.11,275055.60,268990.29,272806.31,0.00,0.00,5.85
1995-11-30,273820.91,277684.37,271611.66,275443.95,0.00,0.00,5.76
1995-12-01,275144.52,279012.53,272939.74,276776.76,0.00,0.00,5.71
1995-12-04,277528.72,281423.12,275338.64,279202.31,0.00,0.00,5.63
1995-12-05,276920.15,280798.90,274729.30,278577.37,0.00,0.00,5.65
1995-12-06,276532.90,280399.13,274348.95,278184.64,0.00,0.00,5.67
1995-12-07,275172.77,279034.11,272987.45,276818.12,0.00,0.00,5.72
1995-12-08,275012.29,278885.50,272835.54,276678.09,0.00,0.00,5.73
1995-12-11,275470.41,279335.92,273291.59,277126.54,0.00,0.00,5.71
1995-12-12,275313.07,279169.31,273135.92,276961.66,0.00,0.00,5.72
1995-12-13,274869.71,278726.80,272689.99,276516.49,0.00,0.00,5.74
1995-12-14,274698.35,278545.98,272510.67,276327.66,0.00,0.00,5.74
1995-12-15,274427.14,278228.69,272235.09,276006.27,0.00,0.00,5.75
1995-12-18,271589.78,275379.92,269385.03,273144.40,0.00,0.00,5.85
1995-12-19,272760.89,276504.33,270555.28,274268.45,0.00,0.00,5.81
1995-12-20,273990.16,277736.39,271788.81,275504.95,0.00,0.00,5.76
1995-12-21,273677.82,277426.81,271470.94,275189.70,0.00,0.00,5.77
1995-12-22,275431.33,279183.12,273239.81,276961.75,0.00,0.00,5.71
1995-12-26,275889.39,279640.33,273704.21,277425.44,0.00,0.00,5.69
1995-12-27,276763.71,280505.21,274582.17,278294.18,0.00,0.00,5.66
1995-12-28,277532.90,281199.24,275357.35,278994.94,0.00,0.00,5.63
1995-12-29,278923.58,282651.28,276744.06,280442.64,0.00,0.00,5.58
1996-01-02,278344.26,282121.43,276160.65,279908.19,0.00,0.00,5.60
1996-01-03,278872.69,282635.54,276690.48,280423.88,0.00,0.00,5.58
1996-01-04,276902.20,280645.57,274703.09,278416.74,0.00,0.00,5.65
1996-01-05,275839.53,279561.45,273637.16,277329.37,0.00,0.00,5.69
1996-01-08,276201.09,279927.89,273996.36,277693.41,0.00,0.00,5.68
1996-01-09,275598.01,279302.51,273387.97,277062.76,0.00,0.00,5.70
1996-01-10,272764.83,276424.24,270535.72,274165.22,0.00,0.00,5.80
1996-01-11,273154.09,276818.72,270926.35,274561.10,0.00,0.00,5.78
1996-01-12,273725.52,277390.79,271485.81,275121.08,0.00,0.00,5.75
1996-01-16,276190.25,279817.55,273967.45,277565.56,0.00,0.00,5.66
1996-01-17,278572.96,282210.08,276362.02,279970.27,0.00,0.00,5.58
1996-01-18,279735.32,283366.05,277524.23,281126.26,0.00,0.00,5.53
1996-01-19,279600.97,283258.69,277396.79,281025.68,0.00,0.00,5.54
1996-01-22,277639.10,281299.70,275425.53,279056.95,0.00,0.00,5.61
1996-01-23,276186.19,279834.73,273963.41,277582.59,0.00,0.00,5.66
1996-01-24,277478.12,281136.59,275260.96,278890.21,0.00,0.00,5.62
1996-01-25,275257.30,278900.64,273034.25,276648.17,0.00,0.00,5.70
1996-01-26,276653.90,280308.62,274439.61,278065.08,0.00,0.00,5.65
1996-01-29,275615.41,279263.50,273390.82,277009.46,0.00,0.00,5.69
1996-01-30,277196.27,280815.42,274980.10,278570.31,0.00,0.00,5.63
1996-01-31,277910.13,281481.45,275684.86,279227.58,0.00,0.00,5.60
1996-02-01,277021.78,280588.80,274779.82,278317.98,0.00,0.00,5.63
1996-02-02,276016.54,279542.24,273757.99,277254.84,0.00,0.00,5.66
1996-02-05,275091.07,278633.24,272842.27,276355.48,0.00,0.00,5.70
1996-02-06,275700.13,279243.05,273450.37,276964.38,0.00,0.00,5.68
1996-02-07,275879.51,279410.55,273625.74,277127.94,0.00,0.00,5.66
1996-02-08,275851.99,279368.50,273598.38,277086.16,0.00,0.00,5.66
1996-02-09,275882.71,279385.43,273622.69,277096.71,0.00,0.00,5.66
1996-02-12,277499.55,281015.66,275244.47,278732.00,0.00,0.00,5.61
1996-02-13,278254.54,281751.59,276000.08,279468.80,0.00,0.00,5.58
1996-02-14,277037.87,280548.13,274773.45,278255.01,0.00,0.00,5.62
1996-02-15,274735.03,278230.24,272452.48,275918.65,0.00,0.00,5.70
1996-02-16,273041.26,276500.88,270758.47,274189.16,0.00,0.00,5.76
1996-02-20,266781.66,270292.25,264490.75,267971.20,0.00,0.00,6.01
1996-02-21,267284.72,270760.71,264991.27,268437.44,0.00,0.00,5.98
1996-02-22,268691.25,272151.01,266395.62,269825.81,0.00,0.00,5.92
1996-02-23,267178.88,270626.04,264874.29,268291.71,0.00,0.00,5.97
1996-02-26,266148.73,269575.75,263836.33,267233.57,0.00,0.00,6.01
1996-02-27,265077.98,268518.47,262772.45,266183.01,0.00,0.00,6.06
1996-02-28,263989.95,267436.67,261699.06,265115.87,0.00,0.00,6.11
1996-02-29,263663.33,267105.78,261376.94,264789.55,0.00,0.00,6.13
1996-03-01,266974.10,270384.30,264690.61,268071.63,0.00,0.00,5.99
1996-03-04,268757.41,272218.02,266472.08,269903.26,0.00,0.00,5.92
1996-03-05,267609.68,271076.15,265325.67,268762.55,0.00,0.00,5.96
1996-03-06,265386.51,268851.46,263100.77,266535.88,0.00,0.00,6.05
1996-03-07,264854.38,268319.19,262569.49,266004.41,0.00,0.00,6.07
1996-03-08,256495.74,259943.48,254190.90,257607.65,0.00,0.00,6.41
1996-03-11,258485.81,261947.01,256199.97,259630.57,0.00,0.00,6.33
1996-03-12,257724.89,261182.53,255438.97,258865.94,0.00,0.00,6.36
1996-03-13,257562.97,261011.82,255264.47,258682.54,0.00,0.00,6.35
1996-03-14,257358.56,260791.45,255059.29,258461.51,0.00,0.00,6.36
1996-03-15,255066.91,258521.65,252778.76,256202.51,0.00,0.00,6.46
1996-03-18,255907.88,259393.73,253627.19,257081.98,0.00,0.00,6.43
1996-03-19,256319.74,259804.61,254034.46,257488.26,0.00,0.00,6.41
1996-03-20,257976.57,261457.46,255684.48,259134.45,0.00,0.00,6.34
1996-03-21,259251.36,262742.80,256963.95,260424.58,0.00,0.00,6.28
1996-03-22,258371.27,261857.49,256084.45,259539.82,0.00,0.00,6.32
1996-03-25,259946.96,263414.37,257667.57,261104.57,0.00,0.00,6.26
1996-03-26,260247.25,263732.04,257970.09,261424.39,0.00,0.00,6.25
1996-03-27,257763.34,261221.50,255478.39,258905.89,0.00,0.00,6.34
1996-03-28,255997.26,259458.03,253711.85,257141.72,0.00,0.00,6.41
1996-03-29,257779.82,261244.82,255495.42,258929.71,0.00,0.00,6.34
1996-04-01,258440.91,261954.63,256157.55,259640.23,0.00,0.00,6.31
1996-04-02,259896.73,263423.57,257616.59,261112.48,0.00,0.00,6.25
1996-04-03,259304.65,262823.45,257023.83,260511.68,0.00,0.00,6.27
1996-04-04,257949.21,261449.61,255671.83,259141.33,0.00,0.00,6.33
1996-04-05,252282.91,255777.70,250008.22,253471.50,0.00,0.00,6.57
1996-04-08,250807.49,254301.17,248525.63,251987.52,0.00,0.00,6.63
1996-04-09,252256.01,255724.52,249967.12,253404.16,0.00,0.00,6.56
1996-04-10,250526.79,253965.09,248234.99,251641.83,0.00,0.00,6.63
1996-04-11,249322.12,252750.28,247027.09,250423.69,0.00,0.00,6.68
1996-04-12,253286.89,256743.55,250994.04,254419.40,0.00,0.00,6.52
1996-04-15,254286.03,257710.60,251993.57,255387.26,0.00,0.00,6.47
1996-04-16,254295.48,257720.18,252012.97,255406.92,0.00,0.00,6.48
1996-04-17,253363.97,256795.65,251077.06,254477.76,0.00,0.00,6.52
1996-04-18,252006.89,255433.13,249725.53,253120.75,0.00,0.00,6.58
1996-04-19,253137.01,256565.61,250843.01,254240.54,0.00,0.00,6.53
1996-04-22,254380.57,257812.95,252094.39,255495.92,0.00,0.00,6.48
1996-04-23,253515.76,256942.98,251228.91,254625.21,0.00,0.00,6.52
1996-04-24,252318.60,255736.12,250025.78,253412.24,0.00,0.00,6.57
1996-04-25,252585.59,256006.72,250285.54,253675.52,0.00,0.00,6.56
1996-04-26,253208.70,256631.77,250920.34,254312.48,0.00,0.00,6.54
1996-04-29,252053.54,255493.36,249760.39,253168.92,0.00,0.00,6.59
1996-04-30,250357.47,253787.01,248061.16,251459.25,0.00,0.00,6.66
1996-05-01,249884.76,253301.41,247579.07,250964.19,0.00,0.00,6.68
1996-05-02,245921.95,249316.00,243614.18,246976.38,0.00,0.00,6.85
1996-05-03,244460.98,247834.86,242142.06,245483.93,0.00,0.00,6.90
1996-05-06,245435.96,248829.60,243120.24,246481.86,0.00,0.00,6.86
1996-05-07,245122.07,248517.66,242808.51,246172.05,0.00,0.00,6.87
1996-05-08,247248.69,250642.00,244951.41,248313.19,0.00,0.00,6.78
1996-05-09,246057.77,249441.05,243754.09,247105.69,0.00,0.00,6.84
1996-05-10,248280.25,251687.71,245976.66,249352.51,0.00,0.00,6.75
1996-05-13,249034.38,252471.38,246740.70,250146.04,0.00,0.00,6.72
1996-05-14,250467.99,253905.48,248177.96,251584.01,0.00,0.00,6.66
1996-05-15,250760.76,254202.27,248469.78,251879.84,0.00,0.00,6.65
1996-05-16,249475.41,252912.09,247184.78,250589.91,0.00,0.00,6.70
1996-05-17,250727.82,254181.75,248443.04,251865.50,0.00,0.00,6.65
1996-05-20,251464.58,254922.20,249177.53,252603.71,0.00,0.00,6.62
1996-05-21,250651.47,254097.91,248363.71,251778.69,0.00,0.00,6.65
1996-05-22,251391.42,254848.04,249111.36,252536.63,0.00,0.00,6.63
1996-05-23,250083.21,253534.69,247797.01,251216.93,0.00,0.00,6.68
1996-05-24,250860.65,254316.41,248583.45,252007.84,0.00,0.00,6.65
1996-05-28,250516.24,253973.69,248236.59,251662.58,0.00,0.00,6.67
1996-05-29,248154.95,251592.56,245877.08,249283.13,0.00,0.00,6.77
1996-05-30,248097.89,251528.34,245825.37,249224.39,0.00,0.00,6.78
1996-05-31,246264.09,249675.50,243983.83,247363.66,0.00,0.00,6.85
1996-06-03,245723.65,249159.13,243439.23,246842.78,0.00,0.00,6.87
1996-06-04,246013.06,249458.90,243726.16,247139.98,0.00,0.00,6.86
1996-06-05,247008.18,250461.62,244728.93,248150.50,0.00,0.00,6.82
1996-06-06,248482.84,251950.51,246202.87,249638.73,0.00,0.00,6.76
1996-06-07,244565.00,248059.63,242292.48,245754.64,0.00,0.00,6.93
1996-06-10,243431.93,246929.11,241147.62,244611.99,0.00,0.00,6.97
1996-06-11,242775.80,246244.86,240486.43,243922.79,0.00,0.00,6.99
1996-06-12,241763.12,245217.71,239472.55,242894.41,0.00,0.00,7.03
1996-06-13,242369.26,245820.08,240081.17,243499.41,0.00,0.00,7.01
1996-06-14,243850.93,247304.06,241561.44,244982.14,0.00,0.00,6.95
1996-06-17,245045.77,248503.23,242758.41,246183.60,0.00,0.00,6.90
1996-06-18,244215.14,247660.88,241929.15,245342.64,0.00,0.00,6.93
1996-06-19,243584.16,247021.00,241297.00,244701.57,0.00,0.00,6.96
1996-06-20,243364.30,246810.54,241078.87,244492.75,0.00,0.00,6.98
1996-06-21,243820.23,247272.92,241535.18,244955.51,0.00,0.00,6.96
1996-06-24,244216.69,247649.92,241931.95,245333.06,0.00,0.00,6.94
1996-06-25,245063.15,248508.27,242783.37,246196.45,0.00,0.00,6.91
1996-06-26,245167.17,248620.05,242882.73,246303.43,0.00,0.00,6.91
1996-06-27,246983.76,250443.20,244700.07,248127.52,0.00,0.00,6.83
1996-06-28,249447.90,252909.83,247168.50,250598.80,0.00,0.00,6.73
1996-07-01,249347.44,252846.39,247069.51,250536.50,0.00,0.00,6.74
1996-07-02,248083.11,251602.53,245810.30,249297.48,0.00,0.00,6.80
1996-07-03,248337.46,251822.24,246062.73,249515.59,0.00,0.00,6.78
1996-07-05,241737.13,245234.79,239449.63,242914.19,0.00,0.00,7.06
1996-07-08,241831.63,245361.70,239540.62,243037.24,0.00,0.00,7.05
1996-07-09,243015.61,246550.48,240734.53,244236.22,0.00,0.00,7.00
1996-07-10,244224.11,247738.95,241941.18,245423.16,0.00,0.00,6.95
1996-07-11,245274.58,248779.35,242992.98,246465.15,0.00,0.00,6.90
1996-07-12,246495.57,250011.46,244218.98,247702.40,0.00,0.00,6.85
1996-07-15,245623.83,249158.81,243342.17,246844.32,0.00,0.00,6.89
1996-07-16,246715.12,250215.14,244433.73,247901.38,0.00,0.00,6.84
1996-07-17,246854.84,250356.84,244576.05,248045.72,0.00,0.00,6.83
1996-07-18,249756.76,253280.69,247485.12,250977.00,0.00,0.00,6.72
1996-07-19,248228.22,251756.08,245950.18,249445.66,0.00,0.00,6.78
1996-07-22,246909.34,250437.47,244633.41,248129.02,0.00,0.00,6.84
1996-07-23,247908.83,251444.88,245640.62,249144.31,0.00,0.00,6.80
1996-07-24,246158.53,249675.94,243877.30,247362.10,0.00,0.00,6.87
1996-07-25,246320.34,249840.05,244041.25,247528.40,0.00,0.00,6.87
1996-07-26,246727.62,250246.82,244452.42,247939.17,0.00,0.00,6.85
1996-07-29,244851.99,248369.58,242570.06,246054.87,0.00,0.00,6.93
1996-07-30,245891.81,249392.77,243616.20,247084.76,0.00,0.00,6.89
1996-07-31,247988.90,251494.26,245716.25,249189.48,0.00,0.00,6.80
1996-08-01,251610.51,255128.30,249342.03,252828.10,0.00,0.00,6.65
1996-08-02,254888.62,258393.32,252623.06,256096.61,0.00,0.00,6.51
1996-08-05,254434.88,257933.34,252170.59,255637.92,0.00,0.00,6.53
1996-08-06,254095.18,257588.97,251828.49,255291.12,0.00,0.00,6.54
1996-08-07,253854.88,257351.88,251587.14,255052.91,0.00,0.00,6.55
1996-08-08,253551.43,257044.26,251275.08,254736.55,0.00,0.00,6.56
1996-08-09,255095.13,258602.67,252827.30,256303.66,0.00,0.00,6.50
1996-08-12,255309.17,258806.54,253044.13,256510.48,0.00,0.00,6.49
1996-08-13,253179.99,256661.20,250899.36,254349.21,0.00,0.00,6.57
1996-08-14,252933.84,256405.17,250657.33,254097.41,0.00,0.00,6.58
1996-08-15,252027.36,255505.66,249748.44,253195.29,0.00,0.00,6.62
1996-08-16,253487.75,256973.19,251211.23,254665.37,0.00,0.00,6.56
1996-08-19,252622.95,256115.96,250342.37,253803.85,0.00,0.00,6.59
1996-08-20,252609.51,256082.88,250329.03,253771.04,0.00,0.00,6.59
1996-08-21,252026.97,255479.38,249740.20,253161.28,0.00,0.00,6.61
1996-08-22,251832.82,255276.10,249552.72,252964.82,0.00,0.00,6.62
1996-08-23,249402.04,252831.30,247116.02,250513.85,0.00,0.00,6.72
1996-08-26,247473.25,250907.77,245181.40,248584.11,0.00,0.00,6.80
1996-08-27,247975.92,251411.05,245685.69,249089.09,0.00,0.00,6.78
1996-08-28,247718.59,251150.15,245427.59,248827.42,0.00,0.00,6.79
1996-08-29,246082.85,249523.35,243784.43,247192.79,0.00,0.00,6.86
1996-08-30,243695.27,247152.45,241397.79,244822.37,0.00,0.00,6.96
1996-09-03,244826.69,248356.49,242542.53,246039.39,0.00,0.00,6.92
1996-09-04,244299.08,247821.26,242011.57,245500.77,0.00,0.00,6.94
1996-09-05,243244.19,246757.41,240946.31,244426.34,0.00,0.00,6.98
1996-09-06,244135.77,247649.33,241838.18,245318.68,0.00,0.00,6.94
1996-09-09,245093.37,248576.68,242797.68,246248.36,0.00,0.00,6.90
1996-09-10,244061.83,247561.80,241758.44,245225.38,0.00,0.00,6.94
1996-09-11,244113.05,247594.96,241812.75,245261.85,0.00,0.00,6.94
1996-09-12,245389.32,248876.83,243089.81,246544.64,0.00,0.00,6.88
1996-09-13,248734.22,252192.63,246439.28,249865.78,0.00,0.00,6.74
1996-09-16,249044.20,252506.92,246752.57,250183.42,0.00,0.00,6.73
1996-09-17,247212.80,250700.84,244920.26,248375.95,0.00,0.00,6.81
1996-09-18,246828.72,250317.67,244540.08,247996.68,0.00,0.00,6.83
1996-09-19,245901.49,249383.65,243612.62,247062.37,0.00,0.00,6.87
1996-09-20,246308.00,249808.56,244016.47,247484.47,0.00,0.00,6.85
1996-09-23,246787.79,250295.17,244498.02,247972.86,0.00,0.00,6.83
1996-09-24,248072.46,251515.30,245779.32,249190.33,0.00,0.00,6.77
1996-09-25,249671.69,253079.01,247383.42,250759.51,0.00,0.00,6.71
1996-09-26,250932.52,254337.71,248648.60,252022.80,0.00,0.00,6.66
1996-09-27,250345.98,253736.78,248058.89,251418.71,0.00,0.00,6.68
1996-09-30,249503.86,252966.57,247216.18,250647.13,0.00,0.00,6.72
1996-10-01,251143.65,254616.21,248860.98,252301.98,0.00,0.00,6.65
1996-10-02,252145.36,255592.91,249864.85,253281.22,0.00,0.00,6.61
1996-10-03,252162.43,255623.17,249881.78,253311.23,0.00,0.00,6.61
1996-10-04,255310.31,258768.35,253036.50,256463.74,0.00,0.00,6.48
1996-10-07,254057.96,257531.67,251779.21,255221.76,0.00,0.00,6.53
1996-10-08,253966.87,257439.33,251688.19,255129.49,0.00,0.00,6.53
1996-10-09,253327.99,256804.73,251048.69,254494.15,0.00,0.00,6.55
1996-10-10,251935.15,255418.65,249651.46,253103.39,0.00,0.00,6.61
1996-10-11,253280.52,256756.60,250998.63,254443.40,0.00,0.00,6.55
1996-10-15,253071.56,256564.28,250786.90,254248.09,0.00,0.00,6.56
1996-10-16,252806.68,256289.25,250516.09,253967.11,0.00,0.00,6.57
1996-10-17,254377.54,257862.15,252095.77,255549.12,0.00,0.00,6.51
1996-10-18,254643.24,258138.03,252363.80,255827.31,0.00,0.00,6.50
1996-10-21,254204.53,257712.88,251926.27,255403.18,0.00,0.00,6.52
1996-10-22,253206.63,256707.71,250924.49,254394.02,0.00,0.00,6.56
1996-10-23,253254.18,256749.42,250975.27,254439.06,0.00,0.00,6.56
1996-10-24,252933.63,256424.44,250644.79,254104.01,0.00,0.00,6.57
1996-10-25,253747.41,257242.94,251464.55,254928.63,0.00,0.00,6.54
1996-10-28,253364.36,256861.12,251082.23,254547.50,0.00,0.00,6.56
1996-10-29,257289.78,260814.28,255015.58,258508.93,0.00,0.00,6.40
1996-10-30,257305.79,260830.51,255031.47,258525.04,0.00,0.00,6.40
1996-10-31,258085.56,261620.97,255815.69,259319.99,0.00,0.00,6.37
1996-11-01,257793.37,261324.77,255524.26,259024.58,0.00,0.00,6.38
1996-11-04,258306.96,261845.39,256036.21,259543.54,0.00,0.00,6.36
1996-11-05,260369.78,263916.41,258110.37,261626.22,0.00,0.00,6.28
1996-11-06,259933.83,263481.20,257675.37,261191.91,0.00,0.00,6.30
1996-11-07,261203.75,264768.45,258952.12,262486.09,0.00,0.00,6.26
1996-11-08,260421.86,263982.57,258172.23,261702.19,0.00,0.00,6.29
1996-11-12,262821.02,266414.54,260583.20,264146.12,0.00,0.00,6.19
1996-11-13,262473.97,266056.00,260231.98,263783.42,0.00,0.00,6.20
1996-11-14,263758.68,267351.48,261520.92,265083.23,0.00,0.00,6.15
1996-11-15,262802.47,266375.49,260565.50,264108.10,0.00,0.00,6.19
1996-11-18,262554.42,266130.80,260316.24,263862.14,0.00,0.00,6.20
1996-11-19,263343.59,266923.97,261108.71,264658.70,0.00,0.00,6.17
1996-11-20,264159.09,267750.55,261928.85,265489.99,0.00,0.00,6.14
1996-11-21,263846.64,267433.85,261613.43,265170.28,0.00,0.00,6.15
1996-11-22,263744.82,267337.42,261504.95,265067.05,0.00,0.00,6.15
1996-11-25,264155.53,267760.51,261916.56,265490.98,0.00,0.00,6.13
1996-11-26,264205.46,267804.33,261968.34,265536.74,0.00,0.00,6.13
1996-11-27,263921.47,267509.70,261681.89,265239.67,0.00,0.00,6.14
1996-11-29,266054.58,269664.98,263825.43,267405.58,0.00,0.00,6.06
1996-12-02,265668.24,269266.56,263434.93,267003.01,0.00,0.00,6.08
1996-12-03,266211.74,269803.76,263982.14,267544.07,0.00,0.00,6.06
1996-12-04,264837.79,268397.65,262604.35,266134.19,0.00,0.00,6.11
1996-12-05,261893.17,265426.91,259646.46,263149.89,0.00,0.00,6.22
1996-12-06,260946.20,264473.87,258700.35,262197.66,0.00,0.00,6.26
1996-12-09,262207.80,265718.84,259963.98,263444.98,0.00,0.00,6.21
1996-12-10,261787.47,265299.61,259542.89,263024.92,0.00,0.00,6.23
1996-12-11,258016.58,261498.01,255767.84,259218.93,0.00,0.00,6.38
1996-12-12,257431.97,260892.29,255175.13,258605.12,0.00,0.00,6.40
1996-12-13,259183.04,262666.89,256927.12,260380.65,0.00,0.00,6.33
1996-12-16,257813.46,261292.16,255557.31,259005.57,0.00,0.00,6.39
1996-12-17,256968.75,260469.06,254709.49,258179.02,0.00,0.00,6.42
1996-12-18,255914.29,259406.80,253652.80,257114.45,0.00,0.00,6.46
1996-12-19,258629.97,262139.61,256382.53,259861.67,0.00,0.00,6.36
1996-12-20,258776.70,262294.98,256528.99,260016.71,0.00,0.00,6.35
1996-12-23,259148.93,262692.24,256906.54,260419.20,0.00,0.00,6.34
1996-12-24,258711.35,262235.39,256466.95,259960.42,0.00,0.00,6.36
1996-12-26,258883.60,262409.99,256640.22,260136.05,0.00,0.00,6.35
1996-12-27,260142.54,263692.76,257907.66,261427.38,0.00,0.00,6.30
1996-12-30,259990.80,263545.62,257756.21,261280.48,0.00,0.00,6.31
1996-12-31,256944.92,260484.50,254704.89,258213.61,0.00,0.00,6.43
1997-01-02,254062.54,257575.46,251805.71,255287.42,0.00,0.00,6.54
1997-01-03,254541.89,258054.90,252282.08,255763.91,0.00,0.00,6.52
1997-01-06,254026.94,257513.27,251765.27,255220.56,0.00,0.00,6.54
1997-01-07,253244.99,256714.08,250979.17,254417.22,0.00,0.00,6.57
1997-01-08,252522.17,255981.36,250250.30,253678.37,0.00,0.00,6.60
1997-01-09,254491.83,257958.40,252225.81,255661.51,0.00,0.00,6.52
1997-01-10,251881.89,255351.72,249614.34,253052.93,0.00,0.00,6.63
1997-01-13,251831.90,255288.10,249561.16,252986.20,0.00,0.00,6.63
1997-01-14,254238.72,257701.84,251976.19,255408.48,0.00,0.00,6.53
1997-01-15,254172.35,257641.09,251906.72,255344.54,0.00,0.00,6.53
1997-01-16,253144.41,256599.12,250873.64,254297.36,0.00,0.00,6.57
1997-01-17,253398.40,256856.57,251128.56,254555.76,0.00,0.00,6.56
1997-01-21,254487.82,257980.47,252221.17,255682.71,0.00,0.00,6.52
1997-01-22,253450.00,256941.44,251178.26,254638.40,0.00,0.00,6.56
1997-01-23,252507.65,255992.58,250233.78,253687.33,0.00,0.00,6.60
1997-01-24,251476.44,254947.14,249199.08,252638.36,0.00,0.00,6.64
1997-01-27,250307.25,253761.82,248023.89,251446.94,0.00,0.00,6.69
1997-01-28,251374.05,254817.52,249092.45,252504.66,0.00,0.00,6.64
1997-01-29,251644.93,255085.64,249365.55,252775.09,0.00,0.00,6.63
1997-01-30,252168.97,255629.80,249888.27,253317.80,0.00,0.00,6.61
1997-01-31,254274.31,257744.45,252001.09,255440.20,0.00,0.00,6.53
1997-02-03,255750.71,259240.99,253481.53,256940.84,0.00,0.00,6.47
1997-02-04,256336.16,259834.43,254072.02,257539.39,0.00,0.00,6.45
1997-02-05,255724.44,259214.36,253456.97,256915.95,0.00,0.00,6.47
1997-02-06,255231.98,258715.18,252959.44,256411.63,0.00,0.00,6.49
1997-02-07,256631.58,260120.69,254366.82,257825.14,0.00,0.00,6.43
1997-02-10,256815.65,260327.06,254547.12,258027.51,0.00,0.00,6.43
1997-02-11,256805.82,260310.50,254541.83,258015.61,0.00,0.00,6.43
1997-02-12,257434.26,260934.29,255174.05,258643.35,0.00,0.00,6.39
1997-02-13,259395.75,262889.13,257147.31,260610.41,0.00,0.00,6.32
1997-02-14,260505.40,263986.95,258261.29,261712.85,0.00,0.00,6.28
1997-02-18,260424.81,263952.12,258180.63,261677.54,0.00,0.00,6.28
1997-02-19,259897.13,263417.30,257650.90,261140.64,0.00,0.00,6.30
1997-02-20,257816.00,261301.35,255565.30,259020.22,0.00,0.00,6.38
1997-02-21,258267.83,261759.29,256012.32,259473.29,0.00,0.00,6.36
1997-02-24,257575.44,261057.54,255319.93,258771.54,0.00,0.00,6.39
1997-02-25,257394.34,260880.60,255140.89,258596.63,0.00,0.00,6.40
1997-02-26,253451.02,256922.94,251191.13,254632.09,0.00,0.00,6.56
1997-02-27,252964.77,256462.51,250704.31,254170.80,0.00,0.00,6.58
1997-02-28,253362.02,256891.28,251105.16,254602.98,0.00,0.00,6.56
1997-03-03,252758.63,256279.48,250498.55,253987.93,0.00,0.00,6.58
1997-03-04,252200.06,255719.61,249936.43,253424.39,0.00,0.00,6.60
1997-03-05,252262.48,255789.38,250000.49,253495.76,0.00,0.00,6.60
1997-03-06,251662.74,255194.18,249397.58,252897.23,0.00,0.00,6.62
1997-03-07,253011.00,256541.87,250750.40,254249.72,0.00,0.00,6.57
1997-03-10,253130.41,256662.95,250869.02,254370.00,0.00,0.00,6.56
1997-03-11,252788.86,256303.65,250522.18,254005.44,0.00,0.00,6.57
1997-03-12,252094.82,255612.91,249828.47,253314.92,0.00,0.00,6.60
1997-03-13,249161.55,252670.69,246887.47,250364.58,0.00,0.00,6.72
1997-03-14,249471.70,252972.39,247198.62,250667.41,0.00,0.00,6.71
1997-03-17,249268.62,252798.46,246995.75,250493.41,0.00,0.00,6.72
1997-03-18,249237.74,252767.15,246968.07,250465.34,0.00,0.00,6.72
1997-03-19,248757.07,252292.44,246485.53,249988.62,0.00,0.00,6.74
1997-03-20,248732.38,252299.33,246466.71,250001.16,0.00,0.00,6.75
1997-03-21,248986.46,252582.62,246724.55,250288.04,0.00,0.00,6.74
1997-03-24,249445.26,253022.43,247185.46,250730.23,0.00,0.00,6.72
1997-03-25,248856.33,252457.00,246602.66,250170.71,0.00,0.00,6.75
1997-03-26,247709.90,251287.62,245450.30,248995.39,0.00,0.00,6.80
1997-03-27,245243.01,248791.39,242981.58,246497.25,0.00,0.00,6.90
1997-03-31,244751.04,248260.90,242485.08,245962.44,0.00,0.00,6.92
1997-04-01,245158.80,248661.92,242890.18,246360.87,0.00,0.00,6.90
1997-04-02,245615.32,249124.96,243346.53,246823.75,0.00,0.00,6.88
1997-04-03,245996.91,249505.69,243730.07,247206.51,0.00,0.00,6.86
1997-04-04,244540.46,248053.57,242268.61,245749.09,0.00,0.00,6.92
1997-04-07,245806.00,249330.99,243536.40,247028.84,0.00,0.00,6.87
1997-04-08,244923.91,248442.53,242650.83,246136.80,0.00,0.00,6.91
1997-04-09,244946.59,248484.40,242679.77,246184.84,0.00,0.00,6.91
1997-04-10,244974.71,248531.79,242709.11,246233.29,0.00,0.00,6.91
1997-04-11,243304.56,246862.36,241033.06,244557.65,0.00,0.00,6.98
1997-04-14,243324.32,246851.19,241054.10,244548.06,0.00,0.00,6.98
1997-04-15,245557.17,249122.70,243292.63,246825.28,0.00,0.00,6.88
1997-04-16,245187.59,248754.05,242923.91,246457.44,0.00,0.00,6.90
1997-04-17,246151.19,249737.98,243890.94,247444.80,0.00,0.00,6.86
1997-04-18,246603.86,250190.92,244340.59,247894.73,0.00,0.00,6.84
1997-04-21,245851.21,249414.71,243587.06,247117.74,0.00,0.00,6.87
1997-04-22,246689.46,250252.44,244429.03,247959.36,0.00,0.00,6.84
1997-04-23,245526.64,249091.73,243265.04,246797.30,0.00,0.00,6.89
1997-04-24,244571.37,248128.87,242314.23,245838.90,0.00,0.00,6.93
1997-04-25,244317.50,247883.85,242053.21,245586.51,0.00,0.00,6.94
1997-04-28,244776.64,248368.53,242514.21,246072.90,0.00,0.00,6.92
1997-04-29,248302.10,251850.13,246047.18,249562.99,0.00,0.00,6.77
1997-04-30,249513.48,253078.82,247253.75,250786.80,0.00,0.00,6.72
1997-05-01,250286.13,253875.36,248030.33,251587.21,0.00,0.00,6.69
1997-05-02,250695.80,254297.34,248445.29,252014.50,0.00,0.00,6.68
1997-05-05,250880.90,254491.54,248631.18,252209.45,0.00,0.00,6.67
1997-05-06,250948.40,254572.90,248704.64,252296.72,0.00,0.00,6.67
1997-05-07,248854.29,252435.76,246605.48,250154.59,0.00,0.00,6.76
1997-05-08,249841.20,253424.05,247596.01,251146.66,0.00,0.00,6.72
1997-05-09,250988.24,254542.44,248738.97,252261.32,0.00,0.00,6.67
1997-05-12,251428.94,255034.56,249179.85,252753.22,0.00,0.00,6.65
1997-05-13,250011.49,253596.78,247767.16,251320.27,0.00,0.00,6.71
1997-05-14,250722.12,254298.30,248476.47,252020.61,0.00,0.00,6.68
1997-05-15,251091.88,254686.22,248845.32,252407.51,0.00,0.00,6.67
1997-05-16,250281.69,253883.71,248029.32,251598.92,0.00,0.00,6.70
1997-05-19,250065.80,253696.80,247818.77,251417.14,0.00,0.00,6.71
1997-05-20,250184.30,253759.22,247927.67,251470.35,0.00,0.00,6.70
1997-05-21,249108.80,252649.18,246842.75,250350.91,0.00,0.00,6.74
1997-05-22,248658.93,252173.75,246393.66,249876.46,0.00,0.00,6.76
1997-05-23,249038.93,252552.74,246774.28,250256.13,0.00,0.00,6.74
1997-05-27,247825.18,251347.30,245555.99,249045.86,0.00,0.00,6.79
1997-05-28,247714.52,251222.35,245450.46,248926.24,0.00,0.00,6.80
1997-05-29,248963.48,252476.22,246705.13,250186.00,0.00,0.00,6.75
1997-05-30,250857.45,254396.91,248600.57,252108.18,0.00,0.00,6.67
1997-06-02,251168.37,254686.42,248913.34,252399.80,0.00,0.00,6.66
1997-06-03,251976.12,255492.55,249727.00,253212.04,0.00,0.00,6.63
1997-06-04,252083.66,255601.59,249832.38,253318.89,0.00,0.00,6.62
1997-06-05,252042.65,255566.48,249793.19,253285.56,0.00,0.00,6.62
1997-06-06,254783.67,258326.19,252542.82,256054.19,0.00,0.00,6.51
1997-06-09,253701.77,257242.28,251456.95,254966.13,0.00,0.00,6.55
1997-06-10,253212.16,256752.33,250970.40,254479.24,0.00,0.00,6.57
1997-06-11,253522.74,257060.75,251279.99,254786.70,0.00,0.00,6.56
1997-06-12,255348.31,258879.00,253104.73,256604.40,0.00,0.00,6.48
1997-06-13,256636.48,260178.40,254397.76,257908.79,0.00,0.00,6.43
1997-06-16,257334.10,260859.21,255103.43,258597.98,0.00,0.00,6.40
1997-06-17,256714.37,260237.58,254480.16,257972.71,0.00,0.00,6.43
1997-06-18,257298.86,260823.48,255066.29,258560.33,0.00,0.00,6.40
1997-06-19,257367.48,260899.66,255138.02,258639.60,0.00,0.00,6.40
1997-06-20,258125.05,261667.62,255906.88,259419.01,0.00,0.00,6.37
1997-06-23,257416.24,260922.64,255186.37,258662.40,0.00,0.00,6.40
1997-06-24,257044.59,260552.53,254815.92,258293.44,0.00,0.00,6.42
1997-06-25,256074.36,259555.90,253845.10,257296.33,0.00,0.00,6.45
1997-06-26,254776.87,258240.78,252531.87,255965.24,0.00,0.00,6.50
1997-06-27,255821.11,259299.21,253584.22,257031.90,0.00,0.00,6.46
1997-06-30,254586.80,258100.43,252349.82,255832.58,0.00,0.00,6.51
1997-07-01,256134.83,259650.09,253900.64,257385.24,0.00,0.00,6.45
1997-07-02,256816.09,260353.89,254583.43,258090.48,0.00,0.00,6.42
1997-07-03,259650.20,263180.36,257430.35,260930.32,0.00,0.00,6.31
1997-07-07,260668.69,264226.08,258456.22,261983.42,0.00,0.00,6.27
1997-07-08,260678.44,264249.36,258465.89,262006.50,0.00,0.00,6.27
1997-07-09,261290.85,264870.16,259081.95,262631.00,0.00,0.00,6.25
1997-07-10,261015.19,264604.13,258803.84,262362.38,0.00,0.00,6.26
1997-07-11,261780.81,265373.56,259575.83,263138.32,0.00,0.00,6.23
1997-07-14,261064.78,264661.11,258854.54,262420.42,0.00,0.00,6.26
1997-07-15,261079.40,264669.23,258874.23,262433.73,0.00,0.00,6.26
1997-07-16,262688.01,266299.95,260489.08,264070.79,0.00,0.00,6.20
1997-07-17,262872.84,266494.08,260674.89,264265.85,0.00,0.00,6.19
1997-07-18,261615.27,265239.34,259415.11,263008.70,0.00,0.00,6.24
1997-07-21,260873.96,264507.86,258667.26,262270.42,0.00,0.00,6.27
1997-07-22,263972.29,267629.01,261776.96,265403.27,0.00,0.00,6.15
1997-07-23,264260.30,267907.44,262071.15,265688.07,0.00,0.00,6.14
1997-07-24,263850.61,267498.87,261656.06,265273.97,0.00,0.00,6.16
1997-07-25,263278.96,266926.08,261084.00,264700.71,0.00,0.00,6.18
1997-07-28,263814.76,267476.07,261621.97,265252.85,0.00,0.00,6.16
1997-07-29,265188.75,268848.70,263002.01,266631.78,0.00,0.00,6.11
1997-07-30,266649.56,270329.67,264466.33,268116.31,0.00,0.00,6.05
1997-07-31,267533.69,271219.13,265352.67,269008.07,0.00,0.00,6.02
1997-08-01,262846.11,266514.23,260647.47,264284.90,0.00,0.00,6.20
1997-08-04,262132.49,265797.38,259935.14,263569.31,0.00,0.00,6.23
1997-08-05,262021.33,265698.13,259825.61,263471.60,0.00,0.00,6.23
1997-08-06,262548.98,266233.18,260355.45,264008.87,0.00,0.00,6.21
1997-08-07,261588.01,265272.16,259386.62,263039.77,0.00,0.00,6.24
1997-08-08,257804.79,261435.66,255573.59,259173.03,0.00,0.00,6.38
1997-08-11,258310.86,261948.86,256080.31,259686.89,0.00,0.00,6.36
1997-08-12,257468.11,261100.84,255235.05,258836.28,0.00,0.00,6.39
1997-08-13,258206.71,261829.97,255976.98,259568.95,0.00,0.00,6.36
1997-08-14,260468.88,264117.20,258246.19,261863.38,0.00,0.00,6.27
1997-08-15,260393.89,264014.41,258167.33,261756.90,0.00,0.00,6.27
1997-08-18,261904.24,265525.59,259683.81,263274.46,0.00,0.00,6.21
1997-08-19,262014.09,265636.95,259798.01,263390.23,0.00,0.00,6.21
1997-08-20,261299.53,264919.23,259083.36,262672.36,0.00,0.00,6.24
1997-08-21,259673.68,263277.53,257446.46,261019.40,0.00,0.00,6.30
1997-08-22,257690.05,261246.51,255451.63,258977.19,0.00,0.00,6.38
1997-08-25,257511.26,261098.31,255280.78,258836.77,0.00,0.00,6.39
1997-08-26,257772.93,261363.63,255543.43,259103.08,0.00,0.00,6.38
1997-08-27,257781.26,261378.70,255550.23,259116.54,0.00,0.00,6.38
1997-08-28,259996.21,263611.21,257784.13,261368.37,0.00,0.00,6.30
1997-08-29,258902.53,262508.97,256683.01,260258.53,0.00,0.00,6.34
1997-09-02,259735.16,263353.19,257523.49,261110.72,0.00,0.00,6.31
1997-09-03,259160.63,262764.01,256947.32,260519.92,0.00,0.00,6.33
1997-09-04,259197.79,262801.68,256985.66,260558.80,0.00,0.00,6.33
1997-09-05,258078.89,261667.22,255855.16,259412.58,0.00,0.00,6.37
1997-09-08,259143.63,262740.12,256929.73,260495.49,0.00,0.00,6.33
1997-09-09,258849.61,262428.72,256629.77,260178.19,0.00,0.00,6.34
1997-09-10,258176.89,261746.70,255959.00,259498.15,0.00,0.00,6.37
1997-09-11,257512.11,261079.34,255284.55,258820.93,0.00,0.00,6.39
1997-09-12,260041.64,263617.20,257821.23,261366.26,0.00,0.00,6.29
1997-09-15,260269.85,263841.86,258053.72,261595.32,0.00,0.00,6.28
1997-09-16,264893.73,268508.78,262695.80,266280.86,0.00,0.00,6.11
1997-09-17,265226.44,268852.85,263032.88,266629.29,0.00,0.00,6.10
1997-09-18,264947.82,268556.81,262757.68,266336.83,0.00,0.00,6.11
1997-09-19,265500.60,269117.12,263314.07,266900.81,0.00,0.00,6.09
1997-09-22,266301.00,269894.22,264119.42,267683.20,0.00,0.00,6.06
1997-09-23,265282.59,268855.25,263098.27,266641.52,0.00,0.00,6.10
1997-09-24,266872.06,270424.99,264697.79,268221.77,0.00,0.00,6.04
1997-09-25,264458.44,267992.82,262270.94,265776.09,0.00,0.00,6.13
1997-09-26,265718.93,269276.98,263533.94,267062.73,0.00,0.00,6.08
1997-09-29,265253.56,268887.15,263065.03,266668.64,0.00,0.00,6.10
1997-09-30,264628.69,268240.13,262433.37,266014.85,0.00,0.00,6.12
1997-10-01,266765.48,270399.22,264587.58,268191.66,0.00,0.00,6.04
1997-10-02,267509.60,271139.74,265333.42,268934.03,0.00,0.00,6.01
1997-10-03,267543.47,271153.45,265367.82,268948.44,0.00,0.00,6.01
1997-10-06,268832.53,272459.91,266661.01,270259.09,0.00,0.00,5.96
1997-10-07,269361.57,272975.32,267191.07,270775.70,0.00,0.00,5.94
1997-10-08,265745.68,269351.89,263565.01,267141.62,0.00,0.00,6.08
1997-10-09,265429.10,269065.09,263245.40,266851.48,0.00,0.00,6.09
1997-10-10,263807.49,267434.82,261617.21,265214.43,0.00,0.00,6.15
1997-10-14,265900.09,269569.85,263718.42,267358.08,0.00,0.00,6.07
1997-10-15,265067.34,268725.61,262883.97,266512.12,0.00,0.00,6.10
1997-10-16,265284.56,268932.20,263100.46,266718.07,0.00,0.00,6.09
1997-10-17,263354.54,266982.42,261165.90,264763.62,0.00,0.00,6.17
1997-10-20,263858.08,267513.22,261674.84,265299.73,0.00,0.00,6.15
1997-10-21,264052.26,267723.65,261869.94,265510.99,0.00,0.00,6.14
1997-10-22,264494.25,268192.16,262314.12,265981.55,0.00,0.00,6.12
1997-10-23,266679.16,270366.53,264504.15,268161.44,0.00,0.00,6.04
1997-10-24,267547.44,271246.82,265383.71,269053.16,0.00,0.00,6.01
1997-10-27,269868.57,273509.93,267695.65,271307.69,0.00,0.00,5.91
1997-10-28,268313.80,272009.99,266144.21,269810.52,0.00,0.00,5.98
1997-10-29,269944.98,273615.11,267775.33,271415.95,0.00,0.00,5.91
1997-10-30,271747.00,275434.64,269582.17,273240.44,0.00,0.00,5.84
1997-10-31,271928.41,275667.41,269766.86,273476.13,0.00,0.00,5.84
1997-11-03,270109.81,273844.62,267942.72,271647.56,0.00,0.00,5.91
1997-11-04,269067.44,272787.84,266898.94,270589.35,0.00,0.00,5.95
1997-11-05,269123.83,272824.27,266954.89,270625.50,0.00,0.00,5.95
1997-11-06,270497.35,274209.72,268334.40,272017.08,0.00,0.00,5.90
1997-11-07,270524.35,274250.99,268364.18,272061.06,0.00,0.00,5.90
1997-11-10,270288.06,274053.10,268131.69,271866.69,0.00,0.00,5.91
1997-11-12,270826.29,274584.91,268673.91,272402.66,0.00,0.00,5.89
1997-11-13,271380.83,275147.15,269230.89,272967.37,0.00,0.00,5.87
1997-11-14,271691.93,275455.59,269551.24,273285.24,0.00,0.00,5.86
1997-11-17,272022.10,275804.30,269880.75,273633.18,0.00,0.00,5.85
1997-11-18,272037.06,275826.46,269897.09,273656.68,0.00,0.00,5.85
1997-11-19,273106.14,276903.41,270978.11,274745.80,0.00,0.00,5.82
1997-11-20,272532.00,276328.29,270404.59,274171.24,0.00,0.00,5.84
1997-11-21,273009.85,276784.75,270878.71,274624.14,0.00,0.00,5.82
1997-11-24,271937.33,275753.27,269800.92,273586.88,0.00,0.00,5.86
1997-11-25,272290.00,276131.86,270158.08,273969.87,0.00,0.00,5.85
1997-11-26,272128.23,275939.87,270004.82,273786.70,0.00,0.00,5.86
1997-11-28,272301.85,276122.90,270186.25,273977.62,0.00,0.00,5.86
1997-12-01,272291.75,276105.67,270170.92,273955.14,0.00,0.00,5.86
1997-12-02,272422.37,276231.12,270308.19,274087.38,0.00,0.00,5.86
1997-12-03,273098.26,276909.45,270981.42,274763.07,0.00,0.00,5.83
1997-12-04,272760.92,276567.40,270638.77,274415.64,0.00,0.00,5.84
1997-12-05,270815.16,274657.07,268693.94,272505.76,0.00,0.00,5.92
1997-12-08,269696.94,273564.53,267568.66,271405.73,0.00,0.00,5.96
1997-12-09,269875.55,273711.06,267743.94,271549.15,0.00,0.00,5.95
1997-12-10,271122.72,274934.19,268994.39,272775.94,0.00,0.00,5.90
1997-12-11,273167.04,276972.18,271042.39,274817.93,0.00,0.00,5.82
1997-12-12,275394.30,279202.18,273282.98,277061.66,0.00,0.00,5.74
1997-12-15,274361.18,278197.04,272246.38,276052.67,0.00,0.00,5.78
1997-12-16,274600.57,278432.73,272490.35,276293.06,0.00,0.00,5.77
1997-12-17,273644.23,277477.10,271527.02,275330.23,0.00,0.00,5.81
1997-12-18,275006.76,278858.71,272900.73,276723.18,0.00,0.00,5.76
1997-12-19,276066.02,279961.16,273961.86,277827.32,0.00,0.00,5.72
1997-12-22,276360.58,280309.54,274265.82,278184.86,0.00,0.00,5.72
1997-12-23,276066.85,280011.62,273969.37,277884.16,0.00,0.00,5.73
1997-12-24,275303.01,279208.59,273200.35,277076.11,0.00,0.00,5.76
1997-12-26,275610.34,279506.13,273510.31,277376.41,0.00,0.00,5.75
1997-12-29,275269.45,279188.69,273164.70,277053.97,0.00,0.00,5.76
1997-12-30,273989.65,277876.60,271878.56,275735.56,0.00,0.00,5.80
1997-12-31,275268.23,279145.04,273160.67,277007.80,0.00,0.00,5.75
1998-01-02,277529.63,281402.66,275431.12,279274.87,0.00,0.00,5.67
1998-01-05,281540.76,285411.93,279448.67,283291.07,0.00,0.00,5.52
1998-01-06,282266.44,286133.09,280172.64,284010.60,0.00,0.00,5.49
1998-01-07,280396.80,284237.84,278284.80,282096.90,0.00,0.00,5.55
1998-01-08,282106.21,285898.19,279990.55,283754.09,0.00,0.00,5.49
1998-01-09,284304.69,288060.48,282184.41,285912.19,0.00,0.00,5.40
1998-01-12,284553.16,288326.86,282442.24,286187.94,0.00,0.00,5.39
1998-01-13,284071.33,287860.53,281970.78,285731.96,0.00,0.00,5.41
1998-01-14,283065.32,286848.38,280961.88,284716.83,0.00,0.00,5.45
1998-01-15,282318.12,286076.68,280207.42,283937.88,0.00,0.00,5.48
1998-01-16,280601.72,284373.48,278487.09,282230.43,0.00,0.00,5.54
1998-01-20,279806.88,283567.96,277691.55,281424.19,0.00,0.00,5.57
1998-01-21,280623.46,284402.73,278505.65,282256.39,0.00,0.00,5.54
1998-01-22,279882.88,283644.98,277748.13,281481.53,0.00,0.00,5.56
1998-01-23,276047.70,279800.79,273897.18,277621.04,0.00,0.00,5.70
1998-01-26,278085.68,281845.05,275953.89,279684.44,0.00,0.00,5.63
1998-01-27,276238.40,280022.47,274101.77,277856.57,0.00,0.00,5.70
1998-01-28,276448.26,280235.20,274306.61,278064.22,0.00,0.00,5.69
1998-01-29,279475.27,283253.43,277343.59,281092.93,0.00,0.00,5.58
1998-01-30,280784.59,284587.66,278659.76,282434.05,0.00,0.00,5.53
1998-02-02,279591.25,283421.25,277457.39,281258.16,0.00,0.00,5.57
1998-02-03,279694.08,283518.30,277560.51,281355.56,0.00,0.00,5.56
1998-02-04,279467.16,283238.03,277327.25,281069.25,0.00,0.00,5.57
1998-02-05,277949.84,281700.24,275801.54,279522.94,0.00,0.00,5.62
1998-02-06,278072.69,281846.17,275930.41,279674.82,0.00,0.00,5.62
1998-02-09,277195.41,280956.99,275050.86,278783.34,0.00,0.00,5.65
1998-02-10,277565.20,281324.67,275422.19,279152.63,0.00,0.00,5.64
1998-02-11,280359.51,284149.62,278241.79,282003.27,0.00,0.00,5.53
1998-02-12,280455.37,284246.77,278330.21,282092.89,0.00,0.00,5.52
1998-02-13,281227.23,285036.30,279104.44,282884.76,0.00,0.00,5.49
1998-02-17,282662.91,286527.72,280557.11,284393.13,0.00,0.00,5.44
1998-02-18,281340.08,285194.03,279225.82,283050.81,0.00,0.00,5.49
1998-02-19,280807.46,284661.34,278697.05,282521.95,0.00,0.00,5.51
1998-02-20,280099.21,283936.16,277982.94,281790.91,0.00,0.00,5.54
1998-02-23,279006.12,282799.43,276884.07,280648.53,0.00,0.00,5.58
1998-02-24,276181.54,279979.01,274064.21,277832.57,0.00,0.00,5.69
1998-02-25,277753.81,281565.77,275642.98,279425.97,0.00,0.00,5.63
1998-02-26,277246.46,281058.58,275131.03,278914.07,0.00,0.00,5.65
1998-02-27,278055.37,281885.75,275938.87,279740.10,0.00,0.00,5.62
1998-03-02,275232.79,279038.43,273100.14,276876.29,0.00,0.00,5.72
1998-03-03,273846.06,277625.49,271706.92,275456.83,0.00,0.00,5.77
1998-03-04,274253.71,278003.55,272122.56,275843.26,0.00,0.00,5.76
1998-03-05,273545.18,277264.25,271407.27,275097.27,0.00,0.00,5.78
1998-03-06,274959.85,278684.03,272825.20,276520.47,0.00,0.00,5.73
1998-03-09,276511.50,280256.70,274387.81,278104.24,0.00,0.00,5.67
1998-03-10,276620.70,280360.27,274500.05,278210.95,0.00,0.00,5.67
1998-03-11,277676.81,281423.53,275556.67,279274.77,0.00,0.00,5.63
1998-03-12,279596.99,283348.06,277485.93,281208.68,0.00,0.00,5.56
1998-03-13,279039.37,282797.30,276930.87,280660.41,0.00,0.00,5.58
1998-03-16,280166.75,283961.45,278061.44,281827.63,0.00,0.00,5.54
1998-03-17,279488.19,283280.88,277377.03,281141.08,0.00,0.00,5.56
1998-03-18,278939.25,282738.83,276825.23,280596.01,0.00,0.00,5.58
1998-03-19,278955.94,282762.91,276843.31,280621.44,0.00,0.00,5.58
1998-03-20,279301.22,283105.72,277194.88,280970.69,0.00,0.00,5.57
1998-03-23,279360.64,283122.90,277252.38,280986.24,0.00,0.00,5.57
1998-03-24,279176.69,282936.46,277068.69,280800.08,0.00,0.00,5.58
1998-03-25,277542.34,281265.84,275429.65,279124.81,0.00,0.00,5.64
1998-03-26,276587.79,280305.60,274476.24,278165.66,0.00,0.00,5.68
1998-03-27,276498.31,280214.91,274386.55,278074.77,0.00,0.00,5.68
1998-03-30,275447.03,279220.26,273331.84,277076.10,0.00,0.00,5.72
1998-03-31,276720.49,280489.84,274607.49,278348.06,0.00,0.00,5.67
1998-04-01,278093.55,281860.17,275982.15,279720.18,0.00,0.00,5.62
1998-04-02,279696.36,283470.32,277598.39,281344.04,0.00,0.00,5.56
1998-04-03,282092.50,285862.55,279997.56,283739.62,0.00,0.00,5.47
1998-04-06,280986.49,284777.86,278887.14,282650.18,0.00,0.00,5.51
1998-04-07,280445.66,284215.33,278340.29,282081.66,0.00,0.00,5.53
1998-04-08,279024.10,282781.83,276910.34,280639.59,0.00,0.00,5.58
1998-04-09,278934.90,282698.59,276826.12,280561.35,0.00,0.00,5.59
1998-04-13,277060.97,280891.89,274948.87,278750.59,0.00,0.00,5.66
1998-04-14,277884.67,281705.56,275775.26,279567.15,0.00,0.00,5.63
1998-04-15,278672.85,282490.27,276567.07,280355.64,0.00,0.00,5.60
1998-04-16,279034.23,282842.26,276930.12,280709.44,0.00,0.00,5.59
1998-04-17,278968.50,282761.30,276860.98,280625.13,0.00,0.00,5.59
1998-04-20,277332.26,281095.69,275217.06,278951.79,0.00,0.00,5.65
1998-04-21,276535.85,280288.47,274419.30,278143.21,0.00,0.00,5.68
1998-04-22,276469.51,280221.24,274349.60,278072.56,0.00,0.00,5.68
1998-04-23,276177.92,279939.88,274055.27,277788.32,0.00,0.00,5.69
1998-04-24,276824.59,280588.25,274709.32,278444.22,0.00,0.00,5.67
1998-04-27,273196.92,276974.41,271064.77,274812.77,0.00,0.00,5.80
1998-04-28,273196.85,276967.32,271066.18,274807.24,0.00,0.00,5.80
1998-04-29,272995.88,276749.56,270865.72,274590.10,0.00,0.00,5.81
1998-04-30,276413.38,280157.25,274293.89,278009.05,0.00,0.00,5.68
1998-05-01,276807.94,280578.48,274689.81,278431.50,0.00,0.00,5.67
1998-05-04,276766.84,280572.37,274650.51,278426.94,0.00,0.00,5.67
1998-05-05,275931.81,279725.85,273811.46,277576.35,0.00,0.00,5.70
1998-05-06,276754.71,280560.07,274632.46,278408.64,0.00,0.00,5.67
1998-05-07,276764.58,280570.08,274642.28,278418.59,0.00,0.00,5.67
1998-05-08,275785.84,279599.13,273661.05,277444.96,0.00,0.00,5.71
1998-05-11,273676.27,277488.50,271541.07,275323.56,0.00,0.00,5.79
1998-05-12,276039.60,279863.49,273917.80,277712.29,0.00,0.00,5.70
1998-05-13,277351.50,281207.80,275236.98,279063.89,0.00,0.00,5.64
1998-05-14,276495.30,280339.70,274378.39,278193.35,0.00,0.00,5.67
1998-05-15,276315.64,280157.54,274199.02,278011.49,0.00,0.00,5.68
1998-05-18,277543.55,281395.40,275439.22,279261.86,0.00,0.00,5.64
1998-05-19,277123.89,280969.92,275010.01,278826.69,0.00,0.00,5.65
1998-05-20,278294.45,282149.57,276185.63,280011.54,0.00,0.00,5.61
1998-05-21,277253.76,281144.30,275147.28,279008.27,0.00,0.00,5.65
1998-05-22,277604.73,281478.81,275502.95,279347.71,0.00,0.00,5.64
1998-05-26,279010.49,282889.86,276915.58,280765.82,0.00,0.00,5.59
1998-05-27,279673.74,283540.79,277576.54,281414.59,0.00,0.00,5.56
1998-05-28,279292.50,283154.28,277192.98,281025.73,0.00,0.00,5.58
1998-05-29,279913.68,283769.67,277823.42,281650.61,0.00,0.00,5.56
1998-06-01,280801.31,284647.89,278713.50,282531.47,0.00,0.00,5.53
1998-06-02,280015.51,283865.70,277926.89,281748.37,0.00,0.00,5.56
1998-06-03,279824.33,283671.90,277737.55,281556.42,0.00,0.00,5.57
1998-06-04,279277.70,283124.93,277189.49,281007.95,0.00,0.00,5.59
1998-06-05,279697.95,283558.15,277614.02,281445.46,0.00,0.00,5.58
1998-06-08,279700.88,283589.85,277616.93,281476.92,0.00,0.00,5.58
1998-06-09,279492.77,283393.20,277410.77,281282.14,0.00,0.00,5.59
1998-06-10,281745.32,285662.72,279684.70,283573.44,0.00,0.00,5.51
1998-06-11,283686.39,287587.06,281626.47,285498.82,0.00,0.00,5.44
1998-06-12,283816.10,287711.26,281747.91,285614.69,0.00,0.00,5.43
1998-06-15,285208.00,289107.61,283156.61,287028.17,0.00,0.00,5.38
1998-06-16,283356.23,287252.36,281301.16,285169.03,0.00,0.00,5.45
1998-06-17,280794.26,284684.01,278724.63,282585.71,0.00,0.00,5.54
1998-06-18,281912.88,285803.64,279853.62,283715.96,0.00,0.00,5.50
1998-06-19,282739.29,286626.93,280679.19,284538.51,0.00,0.00,5.47
1998-06-22,282996.05,286901.76,280940.62,284817.96,0.00,0.00,5.46
1998-06-23,283423.98,287335.60,281376.86,285260.22,0.00,0.00,5.45
1998-06-24,283036.28,286920.74,280978.50,284834.72,0.00,0.00,5.46
1998-06-25,283077.63,286955.39,281022.56,284872.16,0.00,0.00,5.46
1998-06-26,283243.84,287116.60,281192.43,285037.14,0.00,0.00,5.46
1998-06-29,282895.20,286748.66,280844.26,284669.78,0.00,0.00,5.47
1998-06-30,283675.60,287517.83,281625.71,285440.18,0.00,0.00,5.44
1998-07-01,283714.07,287542.24,281654.90,285455.29,0.00,0.00,5.44
1998-07-02,284411.16,288212.21,282359.52,286133.15,0.00,0.00,5.42
1998-07-06,285158.63,289013.62,283109.87,286937.17,0.00,0.00,5.39
1998-07-07,284368.04,288219.65,282318.21,286142.05,0.00,0.00,5.42
1998-07-08,283930.07,287783.04,281870.45,285695.47,0.00,0.00,5.43
1998-07-09,284522.57,288368.96,282462.78,286281.33,0.00,0.00,5.41
1998-07-10,284146.17,287980.17,282080.08,285886.20,0.00,0.00,5.42
1998-07-13,282770.00,286592.70,280690.91,284485.50,0.00,0.00,5.46
1998-07-14,282020.07,285839.88,279936.79,283728.38,0.00,0.00,5.49
1998-07-15,282235.76,286043.99,280150.51,283930.59,0.00,0.00,5.48
1998-07-16,281692.52,285507.89,279609.61,283396.76,0.00,0.00,5.50
1998-07-17,281322.63,285132.99,279234.98,283017.07,0.00,0.00,5.51
1998-07-20,282178.90,286015.36,280091.64,283899.72,0.00,0.00,5.48
1998-07-21,283116.84,286958.78,281047.21,284861.06,0.00,0.00,5.45
1998-07-22,282882.43,286713.91,280809.47,284612.87,0.00,0.00,5.46
1998-07-23,283181.28,287016.81,281115.11,284922.65,0.00,0.00,5.45
1998-07-24,283066.34,286900.32,280996.14,284802.08,0.00,0.00,5.45
1998-07-27,282471.30,286282.71,280396.86,284180.27,0.00,0.00,5.47
1998-07-28,281609.18,285394.49,279524.45,283281.73,0.00,0.00,5.50
1998-07-29,280947.18,284730.80,278859.37,282614.87,0.00,0.00,5.52
1998-07-30,281793.46,285588.48,279719.74,283486.83,0.00,0.00,5.50
1998-07-31,281852.44,285648.25,279782.19,283550.12,0.00,0.00,5.50
1998-08-03,283152.72,286995.14,281090.50,284904.94,0.00,0.00,5.46
1998-08-04,283830.52,287674.84,281769.15,285585.56,0.00,0.00,5.43
1998-08-05,283819.02,287641.32,281754.71,285549.21,0.00,0.00,5.43
1998-08-06,283449.63,287259.67,281379.00,285161.21,0.00,0.00,5.44
1998-08-07,284611.04,288407.44,282544.71,286313.55,0.00,0.00,5.40
1998-08-10,284505.17,288292.85,282440.93,286201.13,0.00,0.00,5.41
1998-08-11,285556.60,289343.60,283492.10,287251.73,0.00,0.00,5.37
1998-08-12,284718.17,288501.37,282649.91,286405.63,0.00,0.00,5.40
1998-08-13,283696.44,287487.94,281623.78,285387.57,0.00,0.00,5.44
1998-08-14,284987.76,288767.22,282927.93,286680.08,0.00,0.00,5.40
1998-08-17,284867.99,288689.77,282798.08,286592.10,0.00,0.00,5.40
1998-08-18,284611.69,288437.35,282541.59,286339.42,0.00,0.00,5.41
1998-08-19,284371.92,288187.05,282296.98,286084.28,0.00,0.00,5.42
1998-08-20,285553.85,289370.17,283491.66,287280.41,0.00,0.00,5.38
1998-08-21,287106.87,290907.06,285044.14,288817.03,0.00,0.00,5.32
1998-08-24,287547.33,291375.51,285474.63,289275.22,0.00,0.00,5.30
1998-08-25,288907.43,292753.71,286832.15,290650.81,0.00,0.00,5.25
1998-08-26,288758.46,292587.93,286680.95,290482.87,0.00,0.00,5.26
1998-08-27,292093.64,295922.30,290010.53,293811.89,0.00,0.00,5.12
1998-08-28,292835.35,296628.57,290755.52,294521.81,0.00,0.00,5.09
1998-08-31,294264.51,298091.38,292196.13,295996.10,0.00,0.00,5.05
1998-09-01,293796.64,297572.11,291719.78,295468.57,0.00,0.00,5.05
1998-09-02,292763.41,296540.66,290686.97,294437.43,0.00,0.00,5.10
1998-09-03,294599.97,298385.77,292529.08,296288.26,0.00,0.00,5.03
1998-09-04,294996.08,298802.13,292930.25,296709.65,0.00,0.00,5.02
1998-09-08,294060.64,297854.62,291972.99,295740.03,0.00,0.00,5.04
1998-09-09,296652.50,300426.55,294567.60,298315.12,0.00,0.00,4.95
1998-09-10,301744.45,305459.13,299650.20,303339.10,0.00,0.00,4.76
1998-09-11,299434.22,303212.85,297343.78,301096.04,0.00,0.00,4.85
1998-09-14,298866.43,302684.01,296767.70,300558.47,0.00,0.00,4.87
1998-09-15,298081.42,301858.31,295979.36,299729.61,0.00,0.00,4.90
1998-09-16,298814.87,302593.38,296724.13,300476.20,0.00,0.00,4.88
1998-09-17,300741.74,304498.22,298637.77,302367.97,0.00,0.00,4.80
1998-09-18,303243.98,307000.52,301128.11,304858.43,0.00,0.00,4.70
1998-09-21,303474.52,307288.54,301361.49,305148.95,0.00,0.00,4.69
1998-09-22,302420.86,306229.41,300316.72,304098.77,0.00,0.00,4.73
1998-09-23,303432.73,307105.76,301319.25,304966.70,0.00,0.00,4.69
1998-09-24,304708.09,308294.65,302579.68,306141.19,0.00,0.00,4.64
1998-09-25,305922.73,309484.23,303804.77,307341.61,0.00,0.00,4.60
1998-09-28,305526.38,309169.74,303395.77,307013.72,0.00,0.00,4.61
1998-09-29,306270.19,309946.05,304155.41,307805.89,0.00,0.00,4.59
1998-09-30,310664.92,314273.63,308565.44,312149.77,0.00,0.00,4.44
1998-10-01,313920.23,317461.72,311825.64,315343.51,0.00,0.00,4.33
1998-10-02,314804.83,318364.41,312719.66,316255.66,0.00,0.00,4.31
1998-10-05,319189.26,322773.76,317134.93,320696.36,0.00,0.00,4.16
1998-10-06,316626.57,320206.74,314564.99,318121.85,0.00,0.00,4.24
1998-10-07,313306.49,316808.79,311230.08,314709.17,0.00,0.00,4.34
1998-10-08,306264.83,309530.70,304148.27,307391.56,0.00,0.00,4.56
1998-10-09,299697.10,302838.89,297538.28,300657.44,0.00,0.00,4.77
1998-10-13,300676.14,303959.84,298505.43,301765.42,0.00,0.00,4.73
1998-10-14,305145.07,308461.86,302984.77,306278.08,0.00,0.00,4.58
1998-10-15,305142.80,308514.57,302971.17,306318.94,0.00,0.00,4.58
1998-10-16,309094.72,312175.74,306924.12,309983.50,0.00,0.00,4.44
1998-10-19,308520.13,311706.72,306334.96,309498.99,0.00,0.00,4.47
1998-10-20,305467.02,308661.42,303257.34,306428.64,0.00,0.00,4.57
1998-10-21,305080.32,308302.12,302881.49,306080.06,0.00,0.00,4.59
1998-10-22,304041.76,307283.92,301826.95,305045.49,0.00,0.00,4.62
1998-10-23,302005.26,305249.03,299806.13,303026.29,0.00,0.00,4.70
1998-10-26,302232.76,305525.68,300064.53,303333.83,0.00,0.00,4.73
1998-10-27,304952.25,308219.83,302784.56,306028.91,0.00,0.00,4.63
1998-10-28,305658.66,309028.26,303474.65,306820.17,0.00,0.00,4.60
1998-10-29,307259.60,310678.49,305080.24,308474.88,0.00,0.00,4.54
1998-10-30,304500.63,307935.86,302312.45,305722.99,0.00,0.00,4.64
1998-11-02,300543.20,304065.28,298348.78,301845.14,0.00,0.00,4.77
1998-11-03,300509.25,304015.46,298315.21,301795.82,0.00,0.00,4.78
1998-11-04,298330.50,301872.70,296143.52,299659.75,0.00,0.00,4.83
1998-11-05,298639.10,302223.38,296456.94,300015.02,0.00,0.00,4.82
1998-11-06,295397.80,298988.77,293212.63,296777.03,0.00,0.00,4.93
1998-11-09,297568.98,301155.72,295414.49,298975.26,0.00,0.00,4.88
1998-11-10,299368.51,302938.43,297216.07,300760.33,0.00,0.00,4.81
1998-11-12,300437.05,303981.07,298285.66,301804.30,0.00,0.00,4.77
1998-11-13,299326.92,302842.44,297184.93,300675.30,0.00,0.00,4.82
1998-11-16,298640.53,302186.41,296495.56,300015.97,0.00,0.00,4.85
1998-11-17,297928.68,301404.78,295771.35,299222.28,0.00,0.00,4.87
1998-11-18,298964.72,302452.91,296833.10,300296.42,0.00,0.00,4.85
1998-11-19,298807.66,302324.78,296685.44,300177.57,0.00,0.00,4.85
1998-11-20,299642.61,303184.97,297516.24,301033.46,0.00,0.00,4.82
1998-11-23,298778.46,302349.04,296634.97,300179.93,0.00,0.00,4.84
1998-11-24,298685.49,302270.33,296555.92,300115.20,0.00,0.00,4.85
1998-11-25,299213.70,302797.18,297094.22,300652.31,0.00,0.00,4.83
1998-11-27,299836.34,303411.85,297724.23,301274.55,0.00,0.00,4.81
1998-11-30,302224.17,305804.82,300122.95,303678.70,0.00,0.00,4.74
1998-12-01,303896.17,307441.89,301783.91,305304.99,0.00,0.00,4.67
1998-12-02,306095.09,309650.72,303974.40,307505.40,0.00,0.00,4.59
1998-12-03,306217.68,309766.85,304094.78,307619.35,0.00,0.00,4.58
1998-12-04,304841.11,308397.86,302717.27,306249.24,0.00,0.00,4.62
1998-12-07,302976.10,306557.86,300865.00,304421.81,0.00,0.00,4.69
1998-12-08,305615.86,309205.25,303516.46,307081.19,0.00,0.00,4.60
1998-12-09,306916.68,310505.54,304824.17,308388.57,0.00,0.00,4.56
1998-12-10,307804.05,311411.22,305704.32,309286.88,0.00,0.00,4.53
1998-12-11,305359.00,308961.08,303245.50,306822.65,0.00,0.00,4.61
1998-12-14,306135.54,309746.78,304018.52,307604.79,0.00,0.00,4.58
1998-12-15,304807.61,308403.19,302687.13,306257.69,0.00,0.00,4.62
1998-12-16,305996.58,309566.81,303863.24,307408.58,0.00,0.00,4.58
1998-12-17,305932.33,309517.56,303808.25,307368.58,0.00,0.00,4.58
1998-12-18,305943.25,309544.35,303827.00,307403.19,0.00,0.00,4.58
1998-12-21,304038.13,307671.56,301916.27,305524.35,0.00,0.00,4.64
1998-12-22,302098.68,305708.93,299961.27,303545.98,0.00,0.00,4.70
1998-12-23,299137.01,302758.04,297006.73,300601.98,0.00,0.00,4.81
1998-12-24,297724.53,301343.78,295595.53,299188.90,0.00,0.00,4.86
1998-12-28,300114.22,303747.08,298000.43,301607.71,0.00,0.00,4.78
1998-12-29,302124.45,305750.55,300020.88,303621.74,0.00,0.00,4.71
1998-12-30,303511.88,307115.60,301405.74,304984.45,0.00,0.00,4.65
1998-12-31,303479.41,307051.51,301382.24,304929.65,0.00,0.00,4.65
1999-01-04,302402.09,305977.08,300293.32,303843.37,0.00,0.00,4.69
1999-01-05,300820.82,304377.11,298699.69,302230.90,0.00,0.00,4.74
1999-01-06,301615.13,305165.29,299508.43,303033.79,0.00,0.00,4.73
1999-01-07,300104.44,303590.48,297982.95,301444.35,0.00,0.00,4.77
1999-01-08,297339.79,300824.33,295206.60,298666.13,0.00,0.00,4.86
1999-01-11,296193.90,299695.49,294052.25,297528.52,0.00,0.00,4.90
1999-01-12,298361.65,301842.80,296229.70,299685.98,0.00,0.00,4.82
1999-01-13,300497.11,303979.98,298376.98,301835.28,0.00,0.00,4.74
1999-01-14,303749.14,307214.98,301643.09,305084.90,0.00,0.00,4.63
1999-01-15,302826.06,306304.75,300715.38,304169.82,0.00,0.00,4.66
1999-01-19,301418.86,304912.42,299310.09,302779.20,0.00,0.00,4.71
1999-01-20,300155.56,303642.20,298047.29,301509.43,0.00,0.00,4.76
1999-01-21,301982.25,305459.02,299880.25,303332.81,0.00,0.00,4.70
1999-01-22,303767.98,307257.49,301672.74,305138.18,0.00,0.00,4.64
1999-01-25,302979.99,306468.25,300876.51,304340.55,0.00,0.00,4.67
1999-01-26,302461.48,305951.55,300359.59,303825.41,0.00,0.00,4.69
1999-01-27,302779.65,306281.18,300677.83,304155.05,0.00,0.00,4.68
1999-01-28,303248.43,306739.78,301157.16,304624.42,0.00,0.00,4.67
1999-01-29,303632.74,307144.13,301545.33,305032.58,0.00,0.00,4.66
1999-02-01,300763.67,304311.54,298660.27,302183.33,0.00,0.00,4.75
1999-02-02,299376.49,302915.70,297262.31,300776.53,0.00,0.00,4.79
1999-02-03,298366.38,301878.30,296256.40,299743.48,0.00,0.00,4.83
1999-02-04,296509.15,299999.20,294401.30,297866.54,0.00,0.00,4.89
1999-02-05,295140.58,298652.49,293027.75,296514.53,0.00,0.00,4.94
1999-02-08,295170.03,298674.70,293052.39,296531.92,0.00,0.00,4.94
1999-02-09,296067.60,299567.70,293945.60,297420.61,0.00,0.00,4.91
1999-02-10,296260.55,299740.05,294141.45,297596.07,0.00,0.00,4.90
1999-02-11,295639.84,299119.66,293526.17,296981.11,0.00,0.00,4.93
1999-02-12,291250.11,294708.24,289105.34,292538.01,0.00,0.00,5.06
1999-02-16,292522.90,296033.77,290399.36,293884.74,0.00,0.00,5.03
1999-02-17,293934.80,297432.36,291815.66,295288.01,0.00,0.00,4.98
1999-02-18,292161.54,295645.53,290036.85,293495.50,0.00,0.00,5.04
1999-02-19,291407.67,294912.65,289285.40,292764.86,0.00,0.00,5.07
1999-02-22,292641.54,296138.78,290523.69,293995.61,0.00,0.00,5.03
1999-02-23,290682.84,294179.11,288554.89,292025.56,0.00,0.00,5.10
1999-02-24,288283.51,291787.99,286145.26,289623.75,0.00,0.00,5.18
1999-02-25,284617.86,288077.79,282475.42,285909.30,0.00,0.00,5.32
1999-02-26,285655.15,289127.68,283523.75,286970.37,0.00,0.00,5.29
1999-03-01,282701.72,286203.78,280559.35,284034.87,0.00,0.00,5.40
1999-03-02,284211.06,287702.58,282079.25,285544.58,0.00,0.00,5.35
1999-03-03,282808.39,286282.69,280657.81,284105.69,0.00,0.00,5.39
1999-03-04,282162.37,285628.73,280014.06,283454.02,0.00,0.00,5.41
1999-03-05,284126.89,287602.76,281981.84,285431.48,0.00,0.00,5.34
1999-03-08,285182.70,288671.49,283039.43,286502.00,0.00,0.00,5.29
1999-03-09,287922.01,291407.28,285782.85,289242.23,0.00,0.00,5.18
1999-03-10,287333.83,290811.98,285191.72,288643.95,0.00,0.00,5.20
1999-03-11,287097.17,290579.84,284950.17,288406.80,0.00,0.00,5.21
1999-03-12,288496.12,291988.34,286358.50,289824.85,0.00,0.00,5.16
1999-03-15,288956.57,292484.10,286825.73,290327.24,0.00,0.00,5.15
1999-03-16,290188.34,293708.51,288061.69,291556.07,0.00,0.00,5.11
1999-03-17,289318.28,292813.02,287185.46,290654.43,0.00,0.00,5.14
1999-03-18,290037.65,293511.23,287902.50,291350.51,0.00,0.00,5.11
1999-03-19,288297.64,291757.80,286157.27,289591.74,0.00,0.00,5.17
1999-03-22,287141.00,290542.95,284992.17,288368.66,0.00,0.00,5.21
1999-03-23,287290.00,290656.76,285139.65,288481.21,0.00,0.00,5.20
1999-03-24,288176.05,291560.61,286027.00,289386.32,0.00,0.00,5.17
1999-03-25,286975.31,290360.53,284823.63,288183.47,0.00,0.00,5.21
1999-03-26,286795.17,290156.13,284633.72,287969.35,0.00,0.00,5.21
1999-03-29,285022.17,288355.02,282854.52,286162.02,0.00,0.00,5.28
1999-03-30,286877.84,290217.62,284716.70,288031.33,0.00,0.00,5.21
1999-03-31,285782.02,289131.10,283617.03,286940.74,0.00,0.00,5.25
1999-04-01,285069.15,288395.21,282895.84,286196.54,0.00,0.00,5.27
1999-04-02,287255.35,290584.75,285090.50,288394.80,0.00,0.00,5.20
1999-04-05,287155.32,290520.50,284994.21,288334.07,0.00,0.00,5.20
1999-04-06,289298.28,292688.57,287152.48,290517.63,0.00,0.00,5.13
1999-04-07,289152.20,292548.22,287009.42,290380.27,0.00,0.00,5.14
1999-04-08,292190.49,295607.16,290061.06,293452.83,0.00,0.00,5.03
1999-04-09,291647.93,295050.75,289513.51,292891.43,0.00,0.00,5.05
1999-04-12,291586.52,294981.12,289457.03,292826.84,0.00,0.00,5.06
1999-04-13,289839.20,293213.46,287701.22,291050.58,0.00,0.00,5.12
1999-04-14,289620.77,292992.48,287486.26,290833.13,0.00,0.00,5.13
1999-04-15,288400.80,291765.73,286260.45,289600.41,0.00,0.00,5.18
1999-04-16,286945.18,290322.66,284797.37,288149.57,0.00,0.00,5.23
1999-04-19,288335.37,291721.80,286191.50,289552.75,0.00,0.00,5.18
1999-04-20,288915.65,292308.89,286774.81,290142.91,0.00,0.00,5.16
1999-04-21,288721.36,292104.89,286575.29,289933.67,0.00,0.00,5.17
1999-04-22,286229.63,289606.06,284071.90,287422.87,0.00,0.00,5.25
1999-04-23,286171.72,289576.92,284019.72,287399.31,0.00,0.00,5.26
1999-04-26,287107.72,290501.89,284962.78,288331.59,0.00,0.00,5.23
1999-04-27,287480.42,290901.19,285337.30,288732.56,0.00,0.00,5.22
1999-04-28,286293.10,289699.74,284148.02,287529.13,0.00,0.00,5.27
1999-04-29,287731.76,291155.52,285589.57,288987.84,0.00,0.00,5.22
1999-04-30,283574.14,286992.20,281412.95,284804.96,0.00,0.00,5.36
1999-05-03,283172.97,286608.05,281017.97,284426.90,0.00,0.00,5.38
1999-05-04,281841.76,285260.68,279672.23,283064.84,0.00,0.00,5.42
1999-05-05,282442.59,285854.27,280278.01,283663.54,0.00,0.00,5.40
1999-05-06,279219.83,282599.77,277043.70,280397.30,0.00,0.00,5.52
1999-05-07,278524.98,281903.67,276343.22,279695.45,0.00,0.00,5.54
1999-05-10,278763.45,282145.03,276585.51,279940.67,0.00,0.00,5.54
1999-05-11,277398.82,280778.12,275213.26,278565.93,0.00,0.00,5.59
1999-05-12,279144.82,282531.03,276968.56,280328.36,0.00,0.00,5.51
1999-05-13,282007.56,285421.25,279837.88,283225.29,0.00,0.00,5.41
1999-05-14,276344.69,279725.37,274164.26,277518.25,0.00,0.00,5.62
1999-05-17,275492.96,278926.98,273322.32,276729.28,0.00,0.00,5.66
1999-05-18,275125.37,278554.81,272969.86,276372.43,0.00,0.00,5.68
1999-05-19,277256.81,280684.29,275112.40,278513.37,0.00,0.00,5.60
1999-05-20,276875.62,280284.15,274720.03,278102.03,0.00,0.00,5.60
1999-05-21,278890.05,282330.55,276738.25,280152.21,0.00,0.00,5.52
1999-05-24,279308.10,282760.94,277150.78,280576.95,0.00,0.00,5.50
1999-05-25,279552.23,283022.47,277402.62,280846.17,0.00,0.00,5.49
1999-05-26,277913.41,281370.45,275757.69,279187.92,0.00,0.00,5.55
1999-05-27,276222.07,279672.27,274078.14,277501.56,0.00,0.00,5.62
1999-05-28,275759.08,279203.50,273618.02,277035.70,0.00,0.00,5.64
1999-06-01,271969.85,275464.83,269820.94,273288.31,0.00,0.00,5.78
1999-06-02,271732.28,275217.23,269583.99,273041.39,0.00,0.00,5.80
1999-06-03,271908.17,275395.37,269757.87,273217.50,0.00,0.00,5.80
1999-06-04,271285.57,274757.82,269126.55,272571.16,0.00,0.00,5.82
1999-06-07,271564.27,275061.03,269404.97,272873.92,0.00,0.00,5.81
1999-06-08,270984.17,274473.45,268815.84,272277.20,0.00,0.00,5.83
1999-06-09,270001.29,273484.85,267837.85,271293.50,0.00,0.00,5.87
1999-06-10,268667.54,272161.52,266499.39,269965.17,0.00,0.00,5.92
1999-06-11,265913.24,269419.24,263729.38,267206.58,0.00,0.00,6.02
1999-06-14,267029.51,270522.78,264849.93,268314.69,0.00,0.00,5.98
1999-06-15,267000.97,270507.59,264818.63,268296.58,0.00,0.00,5.98
1999-06-16,267941.03,271418.68,265763.63,269213.02,0.00,0.00,5.94
1999-06-17,271947.17,275427.88,269774.93,273227.84,0.00,0.00,5.79
1999-06-18,270859.99,274354.64,268688.59,272155.22,0.00,0.00,5.84
1999-06-21,269109.76,272623.32,266936.47,270421.66,0.00,0.00,5.90
1999-06-22,267990.65,271489.60,265807.63,269278.08,0.00,0.00,5.94
1999-06-23,266349.22,269826.74,264160.92,267609.87,0.00,0.00,6.00
1999-06-24,265074.06,268541.75,262880.37,266319.36,0.00,0.00,6.05
1999-06-25,265773.82,269277.98,263583.55,267058.83,0.00,0.00,6.02
1999-06-28,267485.58,271046.67,265305.22,268837.29,0.00,0.00,5.96
1999-06-29,268398.26,271957.71,266225.94,269756.58,0.00,0.00,5.93
1999-06-30,271469.48,275006.88,269289.76,272798.76,0.00,0.00,5.81
1999-07-01,270444.44,273947.63,268267.63,271742.62,0.00,0.00,5.85
1999-07-02,271180.80,274672.62,269006.00,272469.81,0.00,0.00,5.82
1999-07-06,269707.00,273041.16,267532.77,270840.04,0.00,0.00,5.88
1999-07-07,268746.97,272048.52,266570.05,269844.86,0.00,0.00,5.92
1999-07-08,270562.00,273878.88,268390.40,271680.67,0.00,0.00,5.85
1999-07-09,270723.68,274049.51,268554.86,271854.04,0.00,0.00,5.84
1999-07-12,273428.99,276773.99,271272.94,274591.57,0.00,0.00,5.74
1999-07-13,274156.20,277496.00,271998.59,275312.10,0.00,0.00,5.71
1999-07-14,273399.45,276715.97,271241.31,274531.64,0.00,0.00,5.74
1999-07-15,273867.27,277182.41,271712.97,275002.04,0.00,0.00,5.72
1999-07-16,274847.58,278167.52,272687.17,275981.01,0.00,0.00,5.68
1999-07-19,275156.01,278493.83,272991.47,276303.03,0.00,0.00,5.66
1999-07-20,275437.85,278743.66,273271.55,276551.36,0.00,0.00,5.65
1999-07-21,275111.11,278420.08,272940.04,276222.89,0.00,0.00,5.66
1999-07-22,272090.99,275384.63,269921.70,273189.08,0.00,0.00,5.78
1999-07-23,270508.81,273804.17,268335.48,271604.37,0.00,0.00,5.84
1999-07-26,269977.31,273280.09,267799.96,271076.10,0.00,0.00,5.86
1999-07-27,270971.10,274313.91,268797.04,272113.03,0.00,0.00,5.82
1999-07-28,271239.44,274599.51,269068.14,272401.31,0.00,0.00,5.81
1999-07-29,269308.94,272672.80,267135.30,270472.01,0.00,0.00,5.88
1999-07-30,268269.26,271633.93,266092.80,269430.17,0.00,0.00,5.92
1999-08-02,268315.17,271763.19,266144.35,269564.47,0.00,0.00,5.92
1999-08-03,267566.08,271038.86,265390.54,268835.09,0.00,0.00,5.95
1999-08-04,267422.67,270872.97,265249.54,268671.79,0.00,0.00,5.96
1999-08-05,269123.81,272568.38,266946.27,270362.97,0.00,0.00,5.88
1999-08-06,265568.54,269022.22,263397.00,266822.44,0.00,0.00,6.02
1999-08-09,263073.39,266575.74,260900.33,264373.75,0.00,0.00,6.13
1999-08-10,262291.69,265776.90,260113.79,263570.06,0.00,0.00,6.16
1999-08-11,264553.24,268048.11,262382.19,265848.37,0.00,0.00,6.05
1999-08-12,263768.83,267239.78,261584.63,265026.84,0.00,0.00,6.08
1999-08-13,266587.05,270081.38,264415.33,267881.19,0.00,0.00,5.98
1999-08-16,266511.08,270052.35,264325.69,267837.93,0.00,0.00,5.98
1999-08-17,268814.29,272379.26,266634.33,270170.39,0.00,0.00,5.89
1999-08-18,269006.08,272532.12,266824.13,270321.57,0.00,0.00,5.88
1999-08-19,268401.36,271926.36,266219.00,269715.35,0.00,0.00,5.90
1999-08-20,268939.01,272484.90,266759.05,270276.20,0.00,0.00,5.88
1999-08-23,268738.06,272322.73,266558.68,270114.28,0.00,0.00,5.89
1999-08-24,269798.25,273362.41,267615.59,271150.91,0.00,0.00,5.85
1999-08-25,272943.98,276500.59,270772.47,274300.79,0.00,0.00,5.73
1999-08-26,272505.63,276070.54,270337.61,273874.16,0.00,0.00,5.75
1999-08-27,269890.65,273456.03,267708.80,271245.35,0.00,0.00,5.85
1999-08-30,267156.80,270754.70,264966.33,268534.73,0.00,0.00,5.95
1999-08-31,266408.64,269996.47,264221.78,267780.15,0.00,0.00,5.98
1999-09-01,266169.48,269754.08,263978.26,267533.36,0.00,0.00,5.99
1999-09-02,264839.23,268392.31,262626.04,266149.43,0.00,0.00,6.03
1999-09-03,268412.88,271979.43,266220.86,269758.28,0.00,0.00,5.89
1999-09-07,266785.05,270336.82,264579.39,268101.79,0.00,0.00,5.95
1999-09-08,267335.77,270894.87,265133.80,268663.59,0.00,0.00,5.93
1999-09-09,266266.25,269811.11,264058.18,267573.64,0.00,0.00,5.97
1999-09-10,268334.95,271879.77,266129.21,269644.89,0.00,0.00,5.89
1999-09-13,267550.82,271099.03,265338.41,268857.28,0.00,0.00,5.92
1999-09-14,266301.74,269840.23,264083.07,267592.08,0.00,0.00,5.96
1999-09-15,266814.28,270311.58,264588.31,268056.44,0.00,0.00,5.94
1999-09-16,267942.31,271433.75,265722.78,269185.29,0.00,0.00,5.90
1999-09-17,268900.30,272424.95,266689.95,270185.63,0.00,0.00,5.87
1999-09-20,267837.87,271362.36,265629.47,269124.90,0.00,0.00,5.91
1999-09-21,267062.51,270556.21,264852.66,268317.44,0.00,0.00,5.94
1999-09-22,267603.48,271111.13,265395.91,268874.63,0.00,0.00,5.92
1999-09-23,269056.91,272569.78,266856.69,270340.84,0.00,0.00,5.87
1999-09-24,272066.23,275583.43,269868.76,273357.56,0.00,0.00,5.75
1999-09-27,270067.13,273565.43,267864.67,271334.44,0.00,0.00,5.83
1999-09-28,268388.27,271837.23,266184.37,269605.01,0.00,0.00,5.89
1999-09-29,266177.47,269604.86,263966.28,267365.20,0.00,0.00,5.97
1999-09-30,268162.78,271622.63,265959.65,269391.07,0.00,0.00,5.90
1999-10-01,265467.57,268906.29,263259.04,266669.15,0.00,0.00,6.00
1999-10-04,266960.20,270480.00,264756.95,268247.70,0.00,0.00,5.95
1999-10-05,264990.39,268497.84,262782.17,266260.39,0.00,0.00,6.02
1999-10-06,264506.28,267986.93,262303.65,265755.32,0.00,0.00,6.04
1999-10-07,264317.12,267815.66,262116.52,265585.93,0.00,0.00,6.05
1999-10-08,264414.26,267907.29,262207.12,265670.99,0.00,0.00,6.04
1999-10-12,263715.47,267219.60,261505.01,264979.77,0.00,0.00,6.07
1999-10-13,262298.83,265797.62,260081.46,263550.66,0.00,0.00,6.12
1999-10-14,261005.71,264493.95,258788.03,262246.63,0.00,0.00,6.17
1999-10-15,263008.83,266510.32,260793.85,264265.86,0.00,0.00,6.09
1999-10-18,262317.84,265850.57,260097.33,263600.16,0.00,0.00,6.12
1999-10-19,260881.22,264414.71,258655.47,262158.82,0.00,0.00,6.18
1999-10-20,260676.10,264213.51,258455.52,261962.80,0.00,0.00,6.19
1999-10-21,260287.65,263833.16,258063.35,261578.56,0.00,0.00,6.20
1999-10-22,260142.74,263692.96,257920.16,261440.04,0.00,0.00,6.21
1999-10-25,260048.98,263631.32,257831.42,261383.21,0.00,0.00,6.22
1999-10-26,259560.96,263143.24,257342.54,260894.20,0.00,0.00,6.24
1999-10-27,260992.29,264587.62,258780.30,262345.16,0.00,0.00,6.19
1999-10-28,262931.76,266540.30,260725.77,264304.04,0.00,0.00,6.12
1999-10-29,265726.16,269352.57,263535.46,267131.98,0.00,0.00,6.02
1999-11-01,264725.12,268365.07,262531.66,266141.45,0.00,0.00,6.06
1999-11-02,265440.99,269083.97,263254.37,266867.34,0.00,0.00,6.04
1999-11-03,266128.22,269794.30,263946.61,267582.64,0.00,0.00,6.01
1999-11-04,267637.42,271324.29,265454.54,269111.34,0.00,0.00,5.95
1999-11-05,268557.40,272256.94,266379.49,270049.03,0.00,0.00,5.92
1999-11-08,267968.59,271680.67,265788.52,269470.40,0.00,0.00,5.95
1999-11-09,267433.31,271144.84,265247.20,268928.39,0.00,0.00,5.97
1999-11-10,266666.00,270394.27,264481.36,268179.09,0.00,0.00,6.00
1999-11-12,268708.45,272465.28,266536.11,270262.57,0.00,0.00,5.93
1999-11-15,268518.84,272300.59,266349.95,270101.16,0.00,0.00,5.94
1999-11-16,267756.70,271527.73,265585.39,269325.84,0.00,0.00,5.97
1999-11-17,265906.40,269644.54,263731.96,267439.53,0.00,0.00,6.04
1999-11-18,265283.95,269026.96,263102.67,266814.90,0.00,0.00,6.06
1999-11-19,265170.15,268897.93,262994.03,266691.23,0.00,0.00,6.07
1999-11-22,264580.61,268320.49,262398.93,266107.97,0.00,0.00,6.09
1999-11-23,264759.32,268501.73,262578.69,266290.27,0.00,0.00,6.08
1999-11-24,264523.90,268296.93,262333.72,266075.51,0.00,0.00,6.09
1999-11-26,263681.36,267455.92,261485.94,265229.07,0.00,0.00,6.12
1999-11-29,261384.90,265153.42,259174.64,262911.29,0.00,0.00,6.21
1999-11-30,262249.69,266023.95,260044.27,263786.79,0.00,0.00,6.18
1999-12-01,261458.75,265228.33,259251.61,262989.38,0.00,0.00,6.21
1999-12-02,260702.64,264454.63,258494.28,262214.49,0.00,0.00,6.24
1999-12-03,262546.85,266305.17,260343.01,264069.78,0.00,0.00,6.17
1999-12-06,262974.80,266739.25,260771.52,264504.42,0.00,0.00,6.16
1999-12-07,264206.28,267995.14,262008.49,265765.83,0.00,0.00,6.11
1999-12-08,263185.51,266966.48,260985.22,264734.58,0.00,0.00,6.15
1999-12-09,263514.91,267314.14,261314.49,265082.00,0.00,0.00,6.14
1999-12-10,265235.38,269066.23,263044.44,266843.64,0.00,0.00,6.08
1999-12-13,264402.87,268275.97,262205.08,266045.99,0.00,0.00,6.11
1999-12-14,261433.50,265289.94,259221.95,263045.78,0.00,0.00,6.22
1999-12-15,260539.75,264383.01,258322.18,262132.74,0.00,0.00,6.25
1999-12-16,258893.07,262738.62,256667.73,260480.22,0.00,0.00,6.31
1999-12-17,259100.79,262969.36,256884.27,260719.75,0.00,0.00,6.30
1999-12-20,257472.91,261396.44,255248.70,259138.33,0.00,0.00,6.36
1999-12-21,256983.84,260873.55,254754.46,258610.43,0.00,0.00,6.38
1999-12-22,256835.51,260690.03,254614.51,258435.70,0.00,0.00,6.39
1999-12-23,256360.36,260168.28,254140.70,257915.66,0.00,0.00,6.41
1999-12-27,256775.90,260603.17,254561.79,258356.06,0.00,0.00,6.40
1999-12-28,256060.19,259850.51,253846.29,257603.84,0.00,0.00,6.43
1999-12-29,256901.28,260671.09,254686.85,258424.16,0.00,0.00,6.40
1999-12-30,257176.43,260950.28,254959.92,258701.24,0.00,0.00,6.39
1999-12-31,255679.09,259470.34,253461.38,257219.74,0.00,0.00,6.45
2000-01-03,252681.91,256474.10,250453.48,254212.22,0.00,0.00,6.58
2000-01-04,254994.49,258782.13,252776.61,256531.30,0.00,0.00,6.49
2000-01-05,251832.82,255567.03,249604.31,253305.48,0.00,0.00,6.62
2000-01-06,253341.25,257065.32,251129.88,254821.45,0.00,0.00,6.57
2000-01-07,254551.68,258273.95,252343.48,256033.46,0.00,0.00,6.52
2000-01-10,253447.78,257140.89,251238.44,254899.37,0.00,0.00,6.57
2000-01-11,251031.32,254702.11,248816.01,252454.40,0.00,0.00,6.67
2000-01-12,249957.46,253638.21,247743.26,251391.40,0.00,0.00,6.72
2000-01-13,252189.92,255877.66,249984.27,253639.75,0.00,0.00,6.63
2000-01-14,250933.42,254622.10,248726.48,252382.72,0.00,0.00,6.69
2000-01-18,249572.37,253305.08,247370.99,251070.77,0.00,0.00,6.75
2000-01-19,250156.76,253891.79,247957.17,251659.36,0.00,0.00,6.73
2000-01-20,248927.97,252682.97,246732.08,250453.96,0.00,0.00,6.79
2000-01-21,249035.49,252785.72,246845.86,250563.12,0.00,0.00,6.79
2000-01-24,251231.50,254976.13,249040.07,252752.04,0.00,0.00,6.69
2000-01-25,251177.26,254927.52,248994.06,252711.73,0.00,0.00,6.70
2000-01-26,251685.73,255443.59,249521.57,253247.12,0.00,0.00,6.69
2000-01-27,252356.83,256131.18,250218.33,253960.70,0.00,0.00,6.68
2000-01-28,253268.35,257101.82,251157.39,254958.91,0.00,0.00,6.66
2000-01-31,252455.39,256347.78,250329.80,254189.42,0.00,0.00,6.68
2000-02-01,253949.74,257852.15,251837.58,255707.53,0.00,0.00,6.62
2000-02-02,254634.25,258540.64,252540.77,256415.05,0.00,0.00,6.60
2000-02-03,257152.55,261044.81,255067.29,258927.99,0.00,0.00,6.49
2000-02-04,256312.08,260244.22,254235.53,258135.80,0.00,0.00,6.53
2000-02-07,253670.47,257627.13,251594.88,255519.17,0.00,0.00,6.64
2000-02-08,255477.67,259449.42,253426.04,257365.89,0.00,0.00,6.59
2000-02-09,255259.43,259208.15,253195.57,257112.36,0.00,0.00,6.56
2000-02-10,252604.83,256506.01,250525.88,254394.94,0.00,0.00,6.67
2000-02-11,253795.46,257715.02,251724.10,255611.67,0.00,0.00,6.63
2000-02-14,255601.42,259588.19,253540.02,257494.65,0.00,0.00,6.56
2000-02-15,255339.94,259303.00,253271.88,257202.84,0.00,0.00,6.56
2000-02-16,255220.64,259175.30,253152.82,257075.44,0.00,0.00,6.56
2000-02-17,255088.88,259061.12,253042.74,256983.12,0.00,0.00,6.58
2000-02-18,257421.03,261422.98,255387.83,259358.18,0.00,0.00,6.49
2000-02-22,260442.03,264497.63,258413.57,262437.59,0.00,0.00,6.36
2000-02-23,258346.82,262369.80,256314.06,260305.38,0.00,0.00,6.44
2000-02-24,260014.45,264056.72,257967.56,261978.02,0.00,0.00,6.36
2000-02-25,259631.47,263647.82,257564.32,261548.69,0.00,0.00,6.36
2000-02-28,259472.31,263506.15,257409.80,261411.58,0.00,0.00,6.37
2000-02-29,258626.08,262646.77,256580.74,260569.63,0.00,0.00,6.42
2000-03-01,259119.02,263147.38,257060.93,261057.29,0.00,0.00,6.39
2000-03-02,259133.44,263168.67,257085.27,261088.60,0.00,0.00,6.40
2000-03-03,259614.84,263650.90,257578.47,261582.88,0.00,0.00,6.39
2000-03-06,258775.75,262838.58,256730.57,260761.29,0.00,0.00,6.42
2000-03-07,259290.31,263354.57,257238.16,261270.26,0.00,0.00,6.39
2000-03-08,259368.32,263447.10,257307.72,261354.10,0.00,0.00,6.38
2000-03-09,259977.11,264045.47,257915.33,261951.42,0.00,0.00,6.35
2000-03-10,258939.41,263024.73,256870.92,260923.60,0.00,0.00,6.39
2000-03-13,259626.22,263735.68,257556.67,261633.38,0.00,0.00,6.36
2000-03-14,261044.10,265169.31,258986.62,263079.31,0.00,0.00,6.31
2000-03-15,261758.70,265895.21,259707.90,263812.00,0.00,0.00,6.29
2000-03-16,262536.89,266678.96,260484.46,264594.15,0.00,0.00,6.26
2000-03-17,264028.57,268207.71,261983.67,266130.45,0.00,0.00,6.20
2000-03-20,264485.27,268698.77,262450.57,266631.64,0.00,0.00,6.18
2000-03-21,265725.81,269931.82,263696.11,267869.99,0.00,0.00,6.13
2000-03-22,265481.49,269670.01,263444.83,267601.22,0.00,0.00,6.13
2000-03-23,266842.30,271059.14,264817.28,269002.12,0.00,0.00,6.08
2000-03-24,263787.96,268003.87,261751.11,265934.46,0.00,0.00,6.20
2000-03-27,263702.24,267910.02,261667.33,265842.63,0.00,0.00,6.21
2000-03-28,264534.07,268741.55,262493.10,266668.13,0.00,0.00,6.17
2000-03-29,264266.63,268476.64,262221.62,266399.05,0.00,0.00,6.18
2000-03-30,267357.73,271596.42,265315.35,269521.66,0.00,0.00,6.06
2000-03-31,268348.46,272609.73,266319.64,270548.70,0.00,0.00,6.03
2000-04-03,269008.72,273301.17,266978.75,271238.81,0.00,0.00,6.00
2000-04-04,271418.40,275693.64,269386.43,273629.66,0.00,0.00,5.90
2000-04-05,271255.03,275541.60,269219.63,273474.04,0.00,0.00,5.90
2000-04-06,270778.98,275044.15,268756.05,272989.35,0.00,0.00,5.93
2000-04-07,272804.13,277101.20,270802.00,275067.53,0.00,0.00,5.86
2000-04-10,273965.21,278280.56,271951.93,276235.58,0.00,0.00,5.80
2000-04-11,271363.98,275652.27,269342.80,273599.15,0.00,0.00,5.89
2000-04-12,269270.44,273498.04,267247.44,271443.28,0.00,0.00,5.97
2000-04-13,270135.92,274370.18,268114.86,272317.44,0.00,0.00,5.94
2000-04-14,272131.72,276369.36,270101.05,274307.06,0.00,0.00,5.85
2000-04-17,267908.15,272093.75,265856.55,270010.10,0.00,0.00,6.01
2000-04-18,267149.39,271295.74,265102.53,269217.11,0.00,0.00,6.05
2000-04-19,268987.70,273169.47,266955.52,271105.71,0.00,0.00,5.99
2000-04-20,269222.16,273393.78,267195.69,271335.91,0.00,0.00,5.99
2000-04-24,268754.23,272925.48,266712.36,270851.92,0.00,0.00,6.00
2000-04-25,265492.16,269619.60,263459.83,267555.67,0.00,0.00,6.14
2000-04-26,265453.01,269586.64,263418.69,267520.64,0.00,0.00,6.14
2000-04-27,263328.15,267448.95,261296.51,265385.51,0.00,0.00,6.23
2000-04-28,263664.75,267831.37,261647.26,265782.00,0.00,0.00,6.23
2000-05-01,262329.44,266562.38,260313.45,264513.86,0.00,0.00,6.29
2000-05-02,261311.01,265507.42,259279.45,263443.24,0.00,0.00,6.32
2000-05-03,259058.10,263224.97,257008.68,261142.59,0.00,0.00,6.40
2000-05-04,257273.13,261404.70,255200.14,259298.42,0.00,0.00,6.46
2000-05-05,256296.51,260464.94,254228.01,258362.80,0.00,0.00,6.51
2000-05-08,254630.49,258882.72,252551.01,256768.52,0.00,0.00,6.57
2000-05-09,255706.66,259937.57,253627.34,257823.85,0.00,0.00,6.53
2000-05-10,257420.49,261679.75,255351.93,259576.97,0.00,0.00,6.47
2000-05-11,258279.55,262566.26,256215.16,260467.61,0.00,0.00,6.43
2000-05-12,256245.68,260557.71,254175.37,258452.55,0.00,0.00,6.51
2000-05-15,257430.03,261781.76,255369.97,259686.88,0.00,0.00,6.47
2000-05-16,258493.60,262850.07,256443.33,260765.25,0.00,0.00,6.43
2000-05-17,257080.48,261353.87,255017.89,259257.00,0.00,0.00,6.48
2000-05-18,254949.30,259161.15,252876.16,257053.76,0.00,0.00,6.56
2000-05-19,256027.87,260257.53,253943.53,258138.76,0.00,0.00,6.51
2000-05-22,257768.74,262040.37,255691.52,259928.72,0.00,0.00,6.44
2000-05-23,257600.22,261875.66,255526.27,259767.28,0.00,0.00,6.45
2000-05-24,256991.45,261243.61,254913.93,259131.72,0.00,0.00,6.47
2000-05-25,259259.51,263522.64,257200.00,261429.26,0.00,0.00,6.39
2000-05-26,260752.68,265033.67,258695.30,262942.52,0.00,0.00,6.33
2000-05-30,259519.71,263833.65,257454.72,261734.34,0.00,0.00,6.38
2000-05-31,261836.97,266129.06,259780.10,264038.47,0.00,0.00,6.29
2000-06-01,264100.05,268375.09,262054.54,266296.48,0.00,0.00,6.20
2000-06-02,265143.66,269422.00,263092.30,267337.54,0.00,0.00,6.15
2000-06-05,265913.80,270252.27,263864.83,268169.88,0.00,0.00,6.12
2000-06-06,265562.76,269902.32,263515.97,267822.07,0.00,0.00,6.14
2000-06-07,265959.11,270284.70,263916.22,268208.58,0.00,0.00,6.13
2000-06-08,266032.92,270339.26,263997.53,268270.92,0.00,0.00,6.13
2000-06-09,265963.36,270275.38,263923.33,268202.28,0.00,0.00,6.13
2000-06-12,266960.70,271282.05,264923.82,269212.20,0.00,0.00,6.09
2000-06-13,265985.89,270271.01,263928.44,268180.41,0.00,0.00,6.11
2000-06-14,267362.29,271655.88,265306.25,269566.83,0.00,0.00,6.06
2000-06-15,267526.04,271829.12,265465.98,269735.92,0.00,0.00,6.05
2000-06-16,269027.74,273334.28,266970.78,271244.40,0.00,0.00,5.99
2000-06-19,268605.64,272905.43,266542.54,270809.30,0.00,0.00,6.00
2000-06-20,267940.99,272223.27,265880.59,270129.94,0.00,0.00,6.03
2000-06-21,265866.62,270115.74,263802.61,268018.76,0.00,0.00,6.11
2000-06-22,265625.67,269850.52,263557.36,267749.32,0.00,0.00,6.12
2000-06-23,263884.07,268108.27,261811.13,266002.15,0.00,0.00,6.19
2000-06-26,265742.32,270016.70,263666.00,267906.99,0.00,0.00,6.11
2000-06-27,266152.04,270433.02,264084.73,268332.46,0.00,0.00,6.10
2000-06-28,265770.60,270038.63,263694.91,267929.60,0.00,0.00,6.11
2000-06-29,267708.02,272007.16,265649.28,269915.37,0.00,0.00,6.04
2000-06-30,267809.76,272117.40,265737.90,270012.21,0.00,0.00,6.03
2000-07-03,268726.08,273055.34,266652.07,270947.92,0.00,0.00,6.00
2000-07-05,268992.55,273291.63,266921.27,271187.26,0.00,0.00,5.99
2000-07-06,267381.32,271668.37,265299.70,269553.37,0.00,0.00,6.05
2000-07-07,268544.03,272835.95,266460.78,270719.40,0.00,0.00,6.01
2000-07-10,267875.68,272184.38,265798.95,270074.25,0.00,0.00,6.04
2000-07-11,267521.71,271831.57,265448.62,269725.08,0.00,0.00,6.06
2000-07-12,266886.32,271199.63,264822.44,269102.39,0.00,0.00,6.09
2000-07-13,269108.06,273464.17,267056.48,271379.38,0.00,0.00,6.01
2000-07-14,266635.39,270958.30,264578.89,268868.47,0.00,0.00,6.10
2000-07-17,264877.36,269185.35,262812.41,267086.82,0.00,0.00,6.17
2000-07-18,265134.48,269453.45,263070.79,267356.14,0.00,0.00,6.16
2000-07-19,265119.33,269451.64,263058.67,267357.31,0.00,0.00,6.16
2000-07-20,269074.07,273443.42,267024.21,271360.28,0.00,0.00,6.01
2000-07-21,269306.62,273665.94,267263.37,271589.62,0.00,0.00,6.01
2000-07-24,268475.19,272834.81,266431.24,270757.68,0.00,0.00,6.04
2000-07-25,268572.93,272927.26,266529.08,270850.28,0.00,0.00,6.04
2000-07-26,268552.25,272906.25,266505.65,270826.46,0.00,0.00,6.04
2000-07-27,269204.77,273576.24,267167.38,271505.77,0.00,0.00,6.02
2000-07-28,268685.40,273055.33,266645.31,270982.06,0.00,0.00,6.04
2000-07-31,268628.41,273080.00,266584.99,271002.72,0.00,0.00,6.04
2000-08-01,269740.23,274189.51,267700.18,272115.81,0.00,0.00,6.00
2000-08-02,270218.87,274648.35,268169.89,272565.79,0.00,0.00,5.98
2000-08-03,271063.27,275499.65,269024.66,273427.68,0.00,0.00,5.95
2000-08-04,272013.04,276444.05,269970.19,274367.93,0.00,0.00,5.91
2000-08-07,270594.84,275023.56,268552.47,272947.76,0.00,0.00,5.97
2000-08-08,271653.76,276085.89,269611.55,274010.36,0.00,0.00,5.93
2000-08-09,273945.41,278414.93,271918.43,276354.87,0.00,0.00,5.81
2000-08-10,275059.44,279540.08,273035.58,277483.25,0.00,0.00,5.76
2000-08-11,274149.51,278643.43,272128.62,276589.41,0.00,0.00,5.79
2000-08-14,274640.35,279149.35,272632.11,277108.14,0.00,0.00,5.78
2000-08-15,273910.34,278414.37,271902.59,276373.61,0.00,0.00,5.81
2000-08-16,273302.65,277782.68,271288.84,275735.87,0.00,0.00,5.83
2000-08-17,273902.23,278392.10,271898.91,276355.94,0.00,0.00,5.81
2000-08-18,274673.10,279154.49,272667.52,277116.19,0.00,0.00,5.78
2000-08-21,274340.23,278858.36,272329.90,276814.93,0.00,0.00,5.79
2000-08-22,274588.34,279096.49,272576.67,277051.79,0.00,0.00,5.78
2000-08-23,275917.17,280454.21,273907.44,278411.42,0.00,0.00,5.73
2000-08-24,275978.58,280509.55,273967.84,278465.80,0.00,0.00,5.73
2000-08-25,275978.58,280509.55,273967.84,278465.80,0.00,0.00,5.73
2000-08-28,274561.02,279089.82,272545.19,277040.74,0.00,0.00,5.78
2000-08-29,273775.06,278290.90,271754.87,276237.39,0.00,0.00,5.81
2000-08-30,273793.18,278309.31,271775.23,276258.08,0.00,0.00,5.81
2000-08-31,275940.12,280484.60,273926.75,278438.07,0.00,0.00,5.73
2000-09-01,277079.67,281600.32,275055.29,279542.91,0.00,0.00,5.68
2000-09-05,276963.09,281481.84,274940.88,279426.64,0.00,0.00,5.69
2000-09-06,275911.32,280398.77,273881.86,278336.30,0.00,0.00,5.72
2000-09-07,274908.16,279365.20,272871.91,277295.94,0.00,0.00,5.76
2000-09-08,275684.12,280139.62,273655.30,278078.00,0.00,0.00,5.73
2000-09-11,274663.61,279081.50,272628.15,277013.29,0.00,0.00,5.77
2000-09-12,274354.64,278753.49,272311.32,276677.41,0.00,0.00,5.78
2000-09-13,275423.95,279825.82,273382.44,277751.69,0.00,0.00,5.74
2000-09-14,273847.63,278231.34,271783.54,276134.20,0.00,0.00,5.79
2000-09-15,272301.06,276660.00,270209.42,274534.88,0.00,0.00,5.84
2000-09-18,271245.65,275594.65,269138.28,273453.49,0.00,0.00,5.88
2000-09-19,271828.91,276194.23,269726.75,274058.31,0.00,0.00,5.86
2000-09-20,270506.17,274857.18,268397.39,272714.48,0.00,0.00,5.91
2000-09-21,271492.34,275859.21,269395.12,273728.26,0.00,0.00,5.88
2000-09-22,272150.84,276535.29,270045.79,274396.32,0.00,0.00,5.85
2000-09-25,272485.63,276882.45,270389.63,274752.63,0.00,0.00,5.84
2000-09-26,273386.02,277790.36,271294.18,275664.82,0.00,0.00,5.81
2000-09-27,272695.18,277116.34,270592.07,274979.14,0.00,0.00,5.83
2000-09-28,272975.53,277415.23,270878.12,275283.70,0.00,0.00,5.82
2000-09-29,273439.61,277872.85,271335.69,275734.82,0.00,0.00,5.80
2000-10-02,272498.31,276951.19,270379.33,274797.59,0.00,0.00,5.83
2000-10-03,271519.90,275949.84,269399.62,273794.97,0.00,0.00,5.87
2000-10-04,270913.82,275333.88,268798.70,273184.25,0.00,0.00,5.90
2000-10-05,271809.74,276251.37,269703.10,274110.31,0.00,0.00,5.87
2000-10-06,273281.80,277747.48,271184.63,275616.05,0.00,0.00,5.82
2000-10-10,273863.02,278352.24,271773.54,276228.51,0.00,0.00,5.80
2000-10-11,274593.05,279073.13,272502.95,276948.93,0.00,0.00,5.77
2000-10-12,275499.70,279923.97,273395.98,277786.47,0.00,0.00,5.73
2000-10-13,275468.71,279878.36,273363.73,277739.68,0.00,0.00,5.73
2000-10-16,275218.21,279680.28,273117.65,277545.66,0.00,0.00,5.74
2000-10-17,276874.42,281356.25,274776.05,279223.91,0.00,0.00,5.68
2000-10-18,277263.93,281744.96,275166.26,279613.39,0.00,0.00,5.66
2000-10-19,277449.86,281962.33,275360.04,279838.52,0.00,0.00,5.66
2000-10-20,278131.95,282648.38,276049.32,280531.94,0.00,0.00,5.64
2000-10-23,279678.70,284248.92,277607.37,282143.75,0.00,0.00,5.59
2000-10-24,278565.37,283124.54,276488.36,281013.54,0.00,0.00,5.63
2000-10-25,277403.31,281957.67,275322.58,279842.78,0.00,0.00,5.67
2000-10-26,277105.59,281655.06,275028.81,279544.19,0.00,0.00,5.69
2000-10-27,276409.73,280961.94,274343.83,278862.02,0.00,0.00,5.72
2000-10-30,275889.10,280432.74,273823.17,278332.79,0.00,0.00,5.74
2000-10-31,274918.46,279432.02,272841.26,277320.72,0.00,0.00,5.77
2000-11-01,275680.45,280199.47,273600.98,278085.91,0.00,0.00,5.74
2000-11-02,275638.97,280164.37,273552.99,278044.14,0.00,0.00,5.74
2000-11-03,273243.03,277743.09,271146.83,275612.37,0.00,0.00,5.83
2000-11-06,272188.37,276685.01,270093.46,274555.49,0.00,0.00,5.87
2000-11-07,272130.02,276611.75,270025.20,274472.27,0.00,0.00,5.87
2000-11-08,272362.53,276848.09,270264.43,274715.44,0.00,0.00,5.87
2000-11-09,273613.22,278112.37,271510.46,275975.03,0.00,0.00,5.82
2000-11-10,273616.65,278108.84,271507.05,275964.61,0.00,0.00,5.82
2000-11-13,274794.04,279312.61,272689.34,277173.30,0.00,0.00,5.77
2000-11-14,275304.92,279824.83,273205.99,277691.44,0.00,0.00,5.76
2000-11-15,276387.33,280925.01,274296.97,278800.33,0.00,0.00,5.72
2000-11-16,277428.27,281968.82,275341.53,279847.94,0.00,0.00,5.68
2000-11-17,276619.58,281139.82,274524.08,279010.07,0.00,0.00,5.71
2000-11-20,277333.30,281872.31,275236.57,279741.26,0.00,0.00,5.68
2000-11-21,277712.57,282250.66,275627.17,280131.19,0.00,0.00,5.67
2000-11-22,279190.44,283752.68,277115.33,281643.66,0.00,0.00,5.62
2000-11-24,279025.75,283592.45,276960.62,281493.52,0.00,0.00,5.63
2000-11-27,278595.62,283155.28,276520.93,281046.64,0.00,0.00,5.64
2000-11-28,279902.26,284447.44,277823.07,282334.49,0.00,0.00,5.59
2000-11-29,280809.10,285325.83,278726.41,283209.64,0.00,0.00,5.55
2000-11-30,282820.62,287333.47,280736.45,285216.04,0.00,0.00,5.48
2000-12-01,281586.78,286087.15,279500.50,283967.53,0.00,0.00,5.52
2000-12-04,281207.71,285658.77,279112.25,283530.14,0.00,0.00,5.53
2000-12-05,283950.49,288401.28,281862.45,286280.51,0.00,0.00,5.43
2000-12-06,286958.23,291434.10,284875.95,289319.34,0.00,0.00,5.32
2000-12-07,287001.16,291492.41,284924.06,289382.82,0.00,0.00,5.32
2000-12-08,286032.63,290494.06,283955.29,288384.32,0.00,0.00,5.35
2000-12-11,285548.62,290017.14,283475.52,287911.61,0.00,0.00,5.37
2000-12-12,285803.58,290276.09,283735.23,288175.38,0.00,0.00,5.36
2000-12-13,287801.57,292283.21,285734.10,290183.55,0.00,0.00,5.29
2000-12-14,289387.40,293878.89,287325.46,291784.95,0.00,0.00,5.23
2000-12-15,290131.75,294619.92,288064.43,292520.62,0.00,0.00,5.20
2000-12-18,290847.74,295309.69,288768.22,293198.27,0.00,0.00,5.17
2000-12-19,290217.73,294662.57,288136.87,292549.84,0.00,0.00,5.19
2000-12-20,292969.62,297373.94,290891.06,295264.14,0.00,0.00,5.08
2000-12-21,294071.24,298356.30,291992.75,296247.53,0.00,0.00,5.03
2000-12-22,294430.75,298630.36,292350.40,296520.34,0.00,0.00,5.02
2000-12-26,293801.84,298173.45,291713.86,296054.40,0.00,0.00,5.04
2000-12-27,291854.36,296137.08,289767.82,294019.93,0.00,0.00,5.11
2000-12-28,291330.12,295687.38,289248.61,293574.73,0.00,0.00,5.13
2000-12-29,291659.32,295954.15,289565.95,293829.96,0.00,0.00,5.12
2001-01-02,296955.87,301237.23,294868.08,299119.34,0.00,0.00,4.92
2001-01-03,290722.94,294809.96,288613.83,292671.20,0.00,0.00,5.14
2001-01-04,293534.85,297480.46,291424.45,295341.69,0.00,0.00,5.03
2001-01-05,296237.54,300051.99,294113.45,297900.56,0.00,0.00,4.93
2001-01-08,295826.91,299674.10,293694.71,297514.17,0.00,0.00,4.94
2001-01-09,294945.92,298842.28,292823.58,296691.91,0.00,0.00,4.98
2001-01-10,291799.73,295692.02,289670.97,293534.87,0.00,0.00,5.10
2001-01-11,290413.12,294294.38,288262.83,292115.35,0.00,0.00,5.14
2001-01-12,287481.59,291375.36,285331.71,289196.37,0.00,0.00,5.25
2001-01-16,287947.88,291870.16,285804.72,289697.81,0.00,0.00,5.24
2001-01-17,289655.80,293593.91,287515.80,291424.81,0.00,0.00,5.19
2001-01-18,291651.58,295511.92,289512.01,293344.04,0.00,0.00,5.12
2001-01-19,289315.35,293137.34,287160.90,290954.42,0.00,0.00,5.19
2001-01-22,287682.08,291482.49,285519.48,289291.32,0.00,0.00,5.25
2001-01-23,286271.92,290075.76,284107.76,287882.85,0.00,0.00,5.30
2001-01-24,285440.97,289241.11,283274.55,287045.85,0.00,0.00,5.33
2001-01-25,286663.23,290464.91,284506.22,288279.29,0.00,0.00,5.29
2001-01-26,286521.08,290261.97,284355.57,288068.18,0.00,0.00,5.29
2001-01-29,285657.77,289380.05,283487.75,287181.75,0.00,0.00,5.32
2001-01-30,288136.70,291824.62,285988.54,289648.97,0.00,0.00,5.24
2001-01-31,289593.18,293210.40,287436.92,291027.21,0.00,0.00,5.19
2001-02-01,292235.96,295871.16,290103.99,293712.67,0.00,0.00,5.10
2001-02-02,290339.09,294025.35,288206.22,291865.39,0.00,0.00,5.17
2001-02-05,290310.73,294026.48,288186.53,291875.09,0.00,0.00,5.18
2001-02-06,289223.05,292932.31,287096.09,290778.07,0.00,0.00,5.22
2001-02-07,291559.63,295291.37,289445.30,293149.98,0.00,0.00,5.10
2001-02-08,291488.98,295227.31,289375.76,293086.99,0.00,0.00,5.10
2001-02-09,293592.34,297327.45,291486.99,295195.32,0.00,0.00,5.03
2001-02-12,292726.34,296465.48,290607.50,294319.58,0.00,0.00,5.05
2001-02-13,292168.97,295931.03,290051.42,293786.22,0.00,0.00,5.07
2001-02-14,290792.01,294566.24,288681.53,292428.37,0.00,0.00,5.13
2001-02-15,288926.71,292691.58,286806.73,290543.98,0.00,0.00,5.19
2001-02-16,290933.72,294657.44,288804.67,292501.14,0.00,0.00,5.11
2001-02-20,291026.84,294751.76,288899.61,292597.30,0.00,0.00,5.11
2001-02-21,290001.36,293698.24,287864.83,291534.47,0.00,0.00,5.14
2001-02-22,289607.80,293254.99,287460.20,291080.34,0.00,0.00,5.15
2001-02-23,291059.92,294613.13,288919.44,292446.52,0.00,0.00,5.10
2001-02-26,292460.95,296008.70,290323.19,293845.00,0.00,0.00,5.05
2001-02-27,295313.81,298858.18,293203.73,296722.77,0.00,0.00,4.96
2001-02-28,296238.57,299839.75,294119.08,297694.50,0.00,0.00,4.92
2001-03-01,297875.91,301481.67,295771.11,299351.40,0.00,0.00,4.87
2001-03-02,295212.13,298793.25,293090.74,296646.12,0.00,0.00,4.95
2001-03-05,294582.11,298163.16,292464.70,296020.01,0.00,0.00,4.98
2001-03-06,294297.91,297860.36,292175.66,295712.43,0.00,0.00,4.99
2001-03-07,296356.64,299905.90,294249.18,297773.19,0.00,0.00,4.92
2001-03-08,297192.26,300720.95,295082.10,298585.73,0.00,0.00,4.89
2001-03-09,295652.97,299193.80,293545.86,297061.45,0.00,0.00,4.95
2001-03-12,296465.95,299993.64,294361.88,297864.53,0.00,0.00,4.92
2001-03-13,295594.94,299089.45,293489.74,296959.36,0.00,0.00,4.95
2001-03-14,298565.03,302010.14,296460.94,299881.77,0.00,0.00,4.84
2001-03-15,299207.54,302629.26,297090.06,300487.57,0.00,0.00,4.81
2001-03-16,300134.30,303535.71,298020.97,301398.43,0.00,0.00,4.78
2001-03-19,299012.08,302416.17,296895.48,300275.47,0.00,0.00,4.82
2001-03-20,300149.57,303520.25,298031.42,301378.32,0.00,0.00,4.78
2001-03-21,300315.05,303648.93,298186.55,301496.81,0.00,0.00,4.77
2001-03-22,301585.71,304918.17,299460.65,302769.63,0.00,0.00,4.73
2001-03-23,299606.00,302955.16,297477.77,300803.13,0.00,0.00,4.80
2001-03-26,297975.99,301260.89,295828.78,299090.01,0.00,0.00,4.85
2001-03-27,293769.23,297015.32,291615.10,294837.39,0.00,0.00,5.00
2001-03-28,294356.07,297532.84,292193.37,295346.81,0.00,0.00,4.97
2001-03-29,294027.80,297178.32,291853.37,294980.59,0.00,0.00,4.98
2001-03-30,295441.87,298569.49,293264.65,296369.22,0.00,0.00,4.93
2001-04-02,293953.54,297118.41,291772.36,294913.74,0.00,0.00,4.98
2001-04-03,294999.98,298122.92,292813.25,295913.05,0.00,0.00,4.94
2001-04-04,294997.90,298090.42,292806.42,295875.98,0.00,0.00,4.94
2001-04-05,293788.66,296891.21,291594.14,294673.52,0.00,0.00,4.98
2001-04-06,296534.03,299566.26,294347.19,297357.06,0.00,0.00,4.89
2001-04-09,295380.19,298400.62,293185.05,296183.04,0.00,0.00,4.93
2001-04-10,290663.34,293672.99,288443.99,291430.65,0.00,0.00,5.09
2001-04-11,290096.28,293182.25,287889.48,290951.98,0.00,0.00,5.12
2001-04-12,288796.19,291868.33,286600.59,289649.38,0.00,0.00,5.17
2001-04-16,285770.23,288883.78,283565.30,286654.83,0.00,0.00,5.28
2001-04-17,287756.92,290855.07,285556.97,288631.43,0.00,0.00,5.21
2001-04-18,289386.96,292346.11,287163.63,290100.05,0.00,0.00,5.14
2001-04-19,285560.55,288473.22,283319.27,286209.07,0.00,0.00,5.27
2001-04-20,285050.94,287877.60,282808.67,285613.09,0.00,0.00,5.29
2001-04-23,287594.24,290409.05,285358.20,288151.13,0.00,0.00,5.20
2001-04-24,286963.58,289772.22,284716.27,287502.92,0.00,0.00,5.22
2001-04-25,285341.36,288200.32,283100.41,285936.91,0.00,0.00,5.28
2001-04-26,287762.18,290615.72,285534.57,288366.03,0.00,0.00,5.20
2001-04-27,283845.19,286703.79,281606.09,284442.14,0.00,0.00,5.34
2001-04-30,283746.84,286662.93,281521.56,284414.78,0.00,0.00,5.35
2001-05-01,285189.73,288083.91,282974.61,285846.32,0.00,0.00,5.30
2001-05-02,285276.20,288178.61,283076.93,285956.96,0.00,0.00,5.31
2001-05-03,287866.95,290766.05,285678.65,288555.71,0.00,0.00,5.22
2001-05-04,287939.03,290757.22,285733.81,288530.42,0.00,0.00,5.21
2001-05-07,287830.58,290610.61,285620.50,288379.18,0.00,0.00,5.21
2001-05-08,286827.81,289575.97,284584.31,287310.97,0.00,0.00,5.24
2001-05-09,288179.23,290910.62,285942.77,288652.96,0.00,0.00,5.20
2001-05-10,285000.30,287730.95,282753.37,285462.49,0.00,0.00,5.31
2001-05-11,279521.34,282264.35,277267.21,279988.10,0.00,0.00,5.51
2001-05-14,280832.89,283567.05,278576.81,281289.00,0.00,0.00,5.46
2001-05-15,279560.50,282239.03,277296.79,279953.63,0.00,0.00,5.50
2001-05-16,280188.37,282851.25,277928.46,280569.85,0.00,0.00,5.48
2001-05-17,281069.71,283762.70,278833.13,281504.69,0.00,0.00,5.46
2001-05-18,282304.53,285031.19,280082.41,282787.60,0.00,0.00,5.41
2001-05-21,282333.40,285089.45,280116.57,282850.97,0.00,0.00,5.41
2001-05-22,281906.45,284651.06,279678.18,282401.10,0.00,0.00,5.42
2001-05-23,282010.95,284727.50,279779.76,282474.82,0.00,0.00,5.41
2001-05-24,279030.01,281717.85,276784.46,279450.67,0.00,0.00,5.52
2001-05-25,279006.05,281672.07,276759.09,279403.65,0.00,0.00,5.52
2001-05-29,278507.21,281161.29,276261.05,278893.72,0.00,0.00,5.54
2001-05-30,278636.51,281270.27,276393.34,279005.90,0.00,0.00,5.54
2001-05-31,281632.62,284251.12,279392.61,281990.29,0.00,0.00,5.43
2001-06-01,282948.54,285593.87,280728.62,283353.19,0.00,0.00,5.39
2001-06-04,283911.03,286587.32,281697.93,284353.36,0.00,0.00,5.35
2001-06-05,285369.97,288030.58,283145.17,285785.04,0.00,0.00,5.29
2001-06-06,285878.71,288544.06,283661.97,286306.65,0.00,0.00,5.27
2001-06-07,284096.53,286745.27,281869.94,284497.91,0.00,0.00,5.33
2001-06-08,282963.60,285623.67,280742.11,283381.29,0.00,0.00,5.38
2001-06-11,284634.39,287302.82,282417.81,285065.46,0.00,0.00,5.32
2001-06-12,286039.82,288706.67,283826.79,286473.01,0.00,0.00,5.27
2001-06-13,285770.57,288420.18,283556.75,286185.83,0.00,0.00,5.28
2001-06-14,286324.20,288986.33,284101.61,286743.07,0.00,0.00,5.26
2001-06-15,285815.90,288443.81,283580.58,286187.94,0.00,0.00,5.27
2001-06-18,285799.86,288383.39,283555.92,286119.17,0.00,0.00,5.27
2001-06-19,286231.55,288818.99,283990.55,286557.73,0.00,0.00,5.26
2001-06-20,286834.26,289412.35,284599.15,287157.15,0.00,0.00,5.24
2001-06-21,287479.38,290070.69,285252.40,287823.63,0.00,0.00,5.22
2001-06-22,289726.04,292292.75,287510.74,290057.82,0.00,0.00,5.14
2001-06-25,289166.85,291758.44,286948.41,289520.12,0.00,0.00,5.16
2001-06-26,286967.61,289561.70,284745.98,287319.98,0.00,0.00,5.24
2001-06-27,286626.22,289261.59,284422.99,287038.10,0.00,0.00,5.26
2001-06-28,284014.73,286692.00,281808.86,284465.33,0.00,0.00,5.35
2001-06-29,282117.06,284769.16,279898.26,282529.51,0.00,0.00,5.42
2001-07-02,283628.30,286279.98,281406.65,284037.57,0.00,0.00,5.37
2001-07-03,282439.18,285094.31,280210.61,282844.80,0.00,0.00,5.41
2001-07-05,281451.08,284096.93,279218.42,281843.28,0.00,0.00,5.44
2001-07-06,282260.27,284870.05,280021.81,282610.89,0.00,0.00,5.41
2001-07-09,283478.23,286135.82,281253.53,283890.27,0.00,0.00,5.37
2001-07-10,284864.20,287505.41,282639.85,285260.42,0.00,0.00,5.32
2001-07-11,285014.10,287634.64,282784.19,285384.23,0.00,0.00,5.31
2001-07-12,286242.30,288881.52,284022.44,286641.19,0.00,0.00,5.27
2001-07-13,286332.34,288994.53,284120.61,286762.24,0.00,0.00,5.27
2001-07-16,288027.51,290720.32,285820.99,288493.17,0.00,0.00,5.21
2001-07-17,287820.35,290496.38,285617.34,288272.90,0.00,0.00,5.22
2001-07-18,290776.44,293419.96,288578.10,291201.64,0.00,0.00,5.12
2001-07-19,290460.04,293123.17,288265.04,290908.04,0.00,0.00,5.13
2001-07-20,289916.63,292567.29,287720.70,290351.29,0.00,0.00,5.15
2001-07-23,290501.75,293172.74,288303.34,290954.12,0.00,0.00,5.13
2001-07-24,290663.17,293313.17,288468.57,291098.55,0.00,0.00,5.13
2001-07-25,288628.59,291274.92,286427.17,289053.32,0.00,0.00,5.20
2001-07-26,288764.02,291396.69,286552.35,289164.86,0.00,0.00,5.19
2001-07-27,290497.61,293116.11,288293.57,290892.22,0.00,0.00,5.13
2001-07-30,291106.87,293738.38,288907.37,291519.00,0.00,0.00,5.11
2001-07-31,292147.33,294773.17,289942.08,292548.10,0.00,0.00,5.07
2001-08-01,291098.16,293714.58,288895.48,291492.10,0.00,0.00,5.11
2001-08-02,289366.45,291959.83,287161.58,289735.21,0.00,0.00,5.17
2001-08-03,288614.08,291208.16,286406.32,288980.56,0.00,0.00,5.20
2001-08-06,288749.62,291344.92,286541.90,289117.36,0.00,0.00,5.19
2001-08-07,288466.95,291059.72,286257.70,288830.60,0.00,0.00,5.20
2001-08-08,293666.11,296260.15,291479.79,294054.52,0.00,0.00,4.99
2001-08-09,292225.41,294799.18,290040.55,292595.07,0.00,0.00,5.04
2001-08-10,293585.09,296148.12,291400.82,293944.77,0.00,0.00,4.99
2001-08-13,294089.73,296657.16,291902.00,294450.33,0.00,0.00,4.97
2001-08-14,294022.54,296596.97,291835.98,294391.26,0.00,0.00,4.97
2001-08-15,293317.55,295908.51,291133.21,293704.87,0.00,0.00,5.00
2001-08-16,294777.46,297343.29,292597.17,295144.02,0.00,0.00,4.95
2001-08-17,297751.22,300319.89,295580.96,298130.90,0.00,0.00,4.84
2001-08-20,295896.91,298503.02,293722.69,296309.65,0.00,0.00,4.91
2001-08-21,296764.88,299340.35,294588.62,297145.20,0.00,0.00,4.87
2001-08-22,296041.53,298626.00,293871.40,296436.92,0.00,0.00,4.91
2001-08-23,296702.42,299285.00,294540.78,297104.55,0.00,0.00,4.89
2001-08-24,295540.89,298120.98,293369.34,295930.48,0.00,0.00,4.93
2001-08-27,295182.42,297782.24,293007.17,295587.83,0.00,0.00,4.94
2001-08-28,297827.57,300412.27,295657.69,298223.55,0.00,0.00,4.85
2001-08-29,299803.09,302389.45,297642.39,300210.12,0.00,0.00,4.78
2001-08-30,299415.48,301959.87,297250.34,299776.32,0.00,0.00,4.79
2001-08-31,297931.27,300486.11,295764.02,298300.28,0.00,0.00,4.85
2001-09-04,293841.77,296452.52,291667.24,294258.67,0.00,0.00,4.99
2001-09-05,294414.54,297000.00,292243.31,294809.70,0.00,0.00,4.97
2001-09-06,297497.13,300063.61,295322.50,297870.21,0.00,0.00,4.86
2001-09-07,299162.20,301642.66,296989.49,299451.94,0.00,0.00,4.80
2001-09-10,297918.10,300411.31,295728.44,298203.34,0.00,0.00,4.84
2001-09-13,303188.54,305350.03,300949.72,303095.25,0.00,0.00,4.64
2001-09-14,305139.53,307251.84,302885.82,304982.54,0.00,0.00,4.57
2001-09-17,303268.92,305329.09,301008.42,303053.24,0.00,0.00,4.63
2001-09-18,299952.00,301943.12,297641.94,299617.73,0.00,0.00,4.72
2001-09-19,300576.29,302392.79,298243.80,300046.21,0.00,0.00,4.69
2001-09-20,298624.94,300468.26,296277.14,298105.98,0.00,0.00,4.75
2001-09-21,300182.61,302004.50,297847.61,299655.32,0.00,0.00,4.70
2001-09-24,299510.51,301367.05,297192.17,299034.34,0.00,0.00,4.73
2001-09-25,299805.93,301648.79,297484.23,299312.82,0.00,0.00,4.72
2001-09-26,302008.48,303841.44,299705.23,301524.21,0.00,0.00,4.65
2001-09-27,304126.10,305948.32,301837.28,303645.79,0.00,0.00,4.58
2001-09-28,303698.82,305557.75,301427.88,303272.91,0.00,0.00,4.60
2001-10-01,305311.12,307187.82,303057.43,304920.28,0.00,0.00,4.55
2001-10-02,305977.75,307779.41,303729.73,305518.15,0.00,0.00,4.53
2001-10-03,306836.27,308619.17,304594.73,306364.60,0.00,0.00,4.50
2001-10-04,306289.83,308045.78,304050.84,305793.96,0.00,0.00,4.53
2001-10-05,306525.27,308258.78,304276.77,305997.56,0.00,0.00,4.52
2001-10-09,303514.18,305246.36,301252.79,302972.07,0.00,0.00,4.62
2001-10-10,304046.96,305782.19,301801.80,303524.21,0.00,0.00,4.61
2001-10-11,301656.99,303425.40,299400.44,301155.62,0.00,0.00,4.69
2001-10-12,301869.73,303623.77,299607.86,301348.75,0.00,0.00,4.68
2001-10-15,303647.22,305395.88,301396.69,303132.38,0.00,0.00,4.62
2001-10-16,304575.57,306313.81,302322.81,304048.20,0.00,0.00,4.59
2001-10-17,304843.54,306583.31,302601.82,304328.80,0.00,0.00,4.59
2001-10-18,305087.39,306820.66,302850.98,304571.54,0.00,0.00,4.58
2001-10-19,303455.12,305163.41,301207.20,302902.84,0.00,0.00,4.63
2001-10-22,303568.81,305285.59,301327.69,303031.81,0.00,0.00,4.63
2001-10-23,302692.87,304389.04,300450.47,302134.07,0.00,0.00,4.66
2001-10-24,304479.26,306161.80,302254.73,303924.98,0.00,0.00,4.61
2001-10-25,305921.94,307580.79,303699.25,305346.05,0.00,0.00,4.56
2001-10-26,306767.71,308431.14,304545.82,306197.21,0.00,0.00,4.53
2001-10-29,307702.40,309331.08,305479.21,307096.12,0.00,0.00,4.50
2001-10-30,309482.46,311064.49,307254.76,308825.39,0.00,0.00,4.44
2001-10-31,314105.72,315695.11,311923.29,313501.64,0.00,0.00,4.30
2001-11-01,315909.11,317540.34,313751.35,315371.44,0.00,0.00,4.24
2001-11-02,311577.65,313146.18,309384.94,310942.44,0.00,0.00,4.37
2001-11-05,313657.35,315252.60,311485.24,313069.44,0.00,0.00,4.31
2001-11-06,313939.55,315430.56,311737.99,313218.54,0.00,0.00,4.30
2001-11-07,316731.03,318169.67,314553.97,315982.72,0.00,0.00,4.22
2001-11-08,313629.42,315094.59,311442.64,312897.60,0.00,0.00,4.32
2001-11-09,312908.47,314386.47,310724.98,312192.68,0.00,0.00,4.34
2001-11-13,310777.78,312277.91,308590.83,310080.41,0.00,0.00,4.41
2001-11-14,306828.24,308341.09,304632.71,306134.74,0.00,0.00,4.54
2001-11-15,299282.60,300843.47,297066.14,298615.46,0.00,0.00,4.79
2001-11-16,295610.90,297190.88,293385.69,294953.78,0.00,0.00,4.91
2001-11-19,298970.46,300521.97,296752.26,298292.25,0.00,0.00,4.80
2001-11-20,296445.11,297975.84,294209.52,295728.70,0.00,0.00,4.88
2001-11-21,293483.32,295021.55,291245.52,292772.01,0.00,0.00,4.98
2001-11-23,291790.12,293319.47,289545.74,291063.33,0.00,0.00,5.04
2001-11-26,291456.42,292999.11,289212.38,290743.20,0.00,0.00,5.05
2001-11-27,293179.64,294685.92,290923.46,292418.15,0.00,0.00,4.98
2001-11-28,293308.65,294770.03,291055.72,292505.87,0.00,0.00,4.98
2001-11-29,298441.40,299835.62,296181.28,297564.94,0.00,0.00,4.79
2001-11-30,298510.19,299896.99,296239.14,297615.40,0.00,0.00,4.78
2001-12-03,299642.44,301050.03,297379.98,298776.94,0.00,0.00,4.75
2001-12-04,301334.93,302742.67,299084.08,300481.30,0.00,0.00,4.70
2001-12-05,294837.23,296275.69,292574.29,294001.71,0.00,0.00,4.92
2001-12-06,291286.30,292730.06,289013.70,290446.20,0.00,0.00,5.04
2001-12-07,286231.00,287575.59,283920.99,285254.72,0.00,0.00,5.20
2001-12-10,287095.03,288428.80,284791.54,286114.61,0.00,0.00,5.17
2001-12-11,288239.97,289534.27,285928.67,287212.59,0.00,0.00,5.13
2001-12-12,291442.81,292759.04,289143.19,290449.04,0.00,0.00,5.02
2001-12-13,288427.13,289759.62,286127.64,287449.51,0.00,0.00,5.13
2001-12-14,285396.99,286737.66,283094.23,284424.09,0.00,0.00,5.24
2001-12-17,284802.60,286162.60,282497.13,283846.12,0.00,0.00,5.26
2001-12-18,287782.96,289134.84,285494.46,286835.59,0.00,0.00,5.16
2001-12-19,290272.49,291628.55,287993.37,289338.78,0.00,0.00,5.08
2001-12-20,290241.62,291590.02,287972.40,289310.25,0.00,0.00,5.08
2001-12-21,289141.75,290500.01,286866.87,288214.44,0.00,0.00,5.12
2001-12-24,287411.60,288776.62,285128.58,286482.76,0.00,0.00,5.18
2001-12-26,286298.23,287687.62,284017.96,285396.28,0.00,0.00,5.22
2001-12-27,288793.21,290172.27,286513.23,287881.41,0.00,0.00,5.13
2001-12-28,287947.58,289315.14,285656.66,287013.34,0.00,0.00,5.15
2001-12-31,290344.81,291723.76,288063.66,289431.77,0.00,0.00,5.07
2002-01-02,286609.57,287985.63,284314.71,285679.74,0.00,0.00,5.20
2002-01-03,287717.62,289076.64,285424.87,286773.06,0.00,0.00,5.16
2002-01-04,286876.31,288231.36,284577.54,285921.73,0.00,0.00,5.18
2002-01-07,289738.82,291069.87,287453.21,288773.76,0.00,0.00,5.09
2002-01-08,289460.41,290790.18,287169.96,288489.21,0.00,0.00,5.10
2002-01-09,289483.53,290813.41,287195.26,288514.63,0.00,0.00,5.10
2002-01-10,292703.26,294032.76,290431.58,291750.77,0.00,0.00,5.00
2002-01-11,294731.22,295970.69,292447.93,293677.79,0.00,0.00,4.92
2002-01-14,294890.20,296137.97,292600.50,293838.58,0.00,0.00,4.91
2002-01-15,296013.73,297266.25,293744.54,294987.46,0.00,0.00,4.88
2002-01-16,295933.76,297201.28,293660.26,294918.04,0.00,0.00,4.88
2002-01-17,293113.82,294430.00,290840.77,292146.75,0.00,0.00,4.98
2002-01-18,294440.67,295747.56,292179.47,293476.32,0.00,0.00,4.94
2002-01-22,293768.09,295117.65,291505.10,292844.26,0.00,0.00,4.96
2002-01-23,290932.48,292276.54,288648.72,289982.24,0.00,0.00,5.05
2002-01-24,290765.41,292138.83,288493.87,289856.56,0.00,0.00,5.07
2002-01-25,289987.35,291364.60,287725.09,289091.60,0.00,0.00,5.10
2002-01-28,289538.18,290950.79,287280.10,288681.69,0.00,0.00,5.12
2002-01-29,292488.03,293884.73,290232.98,291618.91,0.00,0.00,5.02
2002-01-30,292399.42,293810.84,290145.74,291546.28,0.00,0.00,5.02
2002-01-31,291028.78,292456.20,288770.93,290187.27,0.00,0.00,5.07
2002-02-01,292434.50,293853.67,290186.28,291594.53,0.00,0.00,5.02
2002-02-04,294736.71,296167.05,292491.71,293911.15,0.00,0.00,4.94
2002-02-05,295368.78,296794.53,293124.35,294539.27,0.00,0.00,4.92
2002-02-06,294745.02,296152.50,292493.71,293890.44,0.00,0.00,4.92
2002-02-07,294276.26,295673.88,292021.16,293408.07,0.00,0.00,4.93
2002-02-08,295263.86,296658.53,293012.10,294396.13,0.00,0.00,4.90
2002-02-11,294822.82,296245.94,292562.24,293974.45,0.00,0.00,4.91
2002-02-12,293053.51,294475.68,290785.17,292196.33,0.00,0.00,4.97
2002-02-13,291932.92,293349.65,289662.12,291067.83,0.00,0.00,5.01
2002-02-14,293816.99,295235.26,291567.75,292975.16,0.00,0.00,4.95
2002-02-15,296380.85,297796.14,294134.40,295538.97,0.00,0.00,4.86
2002-02-19,295546.48,296980.75,293297.44,294720.80,0.00,0.00,4.88
2002-02-20,295633.83,297068.52,293388.36,294812.15,0.00,0.00,4.88
2002-02-21,295714.37,297149.45,293476.53,294900.76,0.00,0.00,4.88
2002-02-22,296912.72,298345.93,294675.64,296098.05,0.00,0.00,4.84
2002-02-25,296415.87,297869.70,294180.69,295623.56,0.00,0.00,4.86
2002-02-26,294253.99,295712.46,292009.74,293457.08,0.00,0.00,4.93
2002-02-27,296947.84,298396.60,294705.10,296142.92,0.00,0.00,4.84
2002-02-28,295718.47,297153.57,293465.43,294889.60,0.00,0.00,4.88
2002-03-01,292707.24,294158.05,290455.63,291895.27,0.00,0.00,4.98
2002-03-04,291691.62,293160.05,289438.54,290895.62,0.00,0.00,5.02
2002-03-05,291787.05,293248.40,289539.02,290989.11,0.00,0.00,5.02
2002-03-06,290576.66,292024.43,288316.30,289752.80,0.00,0.00,5.06
2002-03-07,285920.70,287374.88,283654.32,285096.97,0.00,0.00,5.22
2002-03-08,283240.91,284747.44,280971.99,282466.45,0.00,0.00,5.33
2002-03-11,283091.44,284619.16,280821.09,282336.56,0.00,0.00,5.33
2002-03-12,283278.67,284792.74,281004.80,282506.72,0.00,0.00,5.32
2002-03-13,284263.77,285753.67,281978.27,283456.20,0.00,0.00,5.28
2002-03-14,280931.07,282432.59,278641.19,280130.47,0.00,0.00,5.40
2002-03-15,282563.57,284095.76,280291.82,281811.68,0.00,0.00,5.35
2002-03-18,283534.81,285108.95,281269.74,282831.31,0.00,0.00,5.32
2002-03-19,283195.09,284738.03,280925.79,282456.36,0.00,0.00,5.33
2002-03-20,281103.70,282649.79,278824.64,280358.19,0.00,0.00,5.40
2002-03-21,281474.06,283022.19,279206.13,280741.79,0.00,0.00,5.39
2002-03-22,281094.64,282647.96,278825.24,280366.02,0.00,0.00,5.40
2002-03-25,280980.23,282554.73,278716.14,280277.95,0.00,0.00,5.41
2002-03-26,282654.18,284208.81,280402.37,281944.61,0.00,0.00,5.35
2002-03-27,282696.50,284236.72,280442.82,281970.77,0.00,0.00,5.35
2002-03-28,280647.75,282191.33,278383.26,279914.40,0.00,0.00,5.42
2002-04-01,280212.78,281782.98,277945.44,279502.94,0.00,0.00,5.44
2002-04-02,282481.52,284035.19,280223.52,281764.77,0.00,0.00,5.36
2002-04-03,284137.10,285670.46,281873.63,283394.78,0.00,0.00,5.30
2002-04-04,284799.40,286328.97,282546.95,284064.42,0.00,0.00,5.28
2002-04-05,286548.86,288058.15,284294.58,285792.00,0.00,0.00,5.22
2002-04-08,285447.74,286943.85,283181.03,284665.26,0.00,0.00,5.25
2002-04-09,286554.87,288056.78,284297.32,285787.40,0.00,0.00,5.22
2002-04-10,285811.71,287280.14,283542.82,284999.59,0.00,0.00,5.24
2002-04-11,286476.96,287941.38,284214.36,285667.22,0.00,0.00,5.22
2002-04-12,287607.48,289070.24,285347.67,286798.94,0.00,0.00,5.18
2002-04-15,288550.05,290017.60,286292.63,287748.70,0.00,0.00,5.15
2002-04-16,287070.08,288537.54,284805.49,286261.37,0.00,0.00,5.20
2002-04-17,285630.09,287053.21,283344.73,284756.47,0.00,0.00,5.24
2002-04-18,285978.45,287395.90,283699.65,285105.80,0.00,0.00,5.23
2002-04-19,286633.61,288054.31,284361.15,285770.59,0.00,0.00,5.21
2002-04-22,287116.42,288546.95,284842.73,286261.93,0.00,0.00,5.19
2002-04-23,287473.41,288905.71,285207.96,286628.98,0.00,0.00,5.18
2002-04-24,289472.13,290891.91,287208.43,288617.11,0.00,0.00,5.11
2002-04-25,289665.19,291093.41,287399.54,288816.60,0.00,0.00,5.10
2002-04-26,290429.90,291861.90,288170.93,289591.79,0.00,0.00,5.08
2002-04-29,289023.25,290470.76,286762.04,288198.23,0.00,0.00,5.13
2002-04-30,289733.81,291169.87,287477.18,288902.06,0.00,0.00,5.11
2002-05-01,290553.60,291993.73,288301.84,289730.81,0.00,0.00,5.08
2002-05-02,289205.48,290646.41,286953.48,288383.20,0.00,0.00,5.13
2002-05-03,290620.67,292038.56,288369.23,289776.14,0.00,0.00,5.08
2002-05-06,290097.92,291528.28,287847.08,289266.34,0.00,0.00,5.10
2002-05-07,290246.88,291647.91,287983.09,289373.20,0.00,0.00,5.09
2002-05-08,286061.63,287479.50,283781.15,285187.71,0.00,0.00,5.24
2002-05-09,287149.99,288565.81,284875.68,286280.29,0.00,0.00,5.20
2002-05-10,288522.19,289929.84,286241.24,287637.77,0.00,0.00,5.15
2002-05-13,286075.83,287501.17,283781.76,285195.67,0.00,0.00,5.23
2002-05-14,283621.82,285056.97,281318.28,282741.77,0.00,0.00,5.32
2002-05-15,284644.02,286069.60,282337.37,283751.39,0.00,0.00,5.28
2002-05-16,286768.23,288182.17,284463.72,285866.30,0.00,0.00,5.20
2002-05-17,284815.46,286256.65,282502.41,283931.89,0.00,0.00,5.27
2002-05-20,286588.01,288030.74,284279.91,285711.02,0.00,0.00,5.21
2002-05-21,287556.47,288989.19,285252.77,286674.01,0.00,0.00,5.18
2002-05-22,288939.46,290364.11,286637.87,288051.17,0.00,0.00,5.13
2002-05-23,288127.55,289555.66,285819.64,287236.31,0.00,0.00,5.16
2002-05-24,288140.27,289568.44,285833.89,287250.62,0.00,0.00,5.16
2002-05-28,288156.58,289607.21,285848.55,287287.56,0.00,0.00,5.16
2002-05-29,289599.19,291034.59,287292.93,288716.89,0.00,0.00,5.11
2002-05-30,291162.07,292597.68,288859.36,290283.61,0.00,0.00,5.06
2002-05-31,290469.57,291909.29,288160.59,289588.86,0.00,0.00,5.08
2002-06-03,291010.52,292467.98,288702.42,290148.32,0.00,0.00,5.06
2002-06-04,291502.78,292940.06,289187.67,290613.54,0.00,0.00,5.04
2002-06-05,290303.64,291735.01,287982.71,289402.64,0.00,0.00,5.08
2002-06-06,291486.76,292908.87,289170.12,290580.93,0.00,0.00,5.04
2002-06-07,289665.65,291086.38,287340.43,288749.75,0.00,0.00,5.10
2002-06-10,290730.50,292156.45,288418.23,289832.84,0.00,0.00,5.07
2002-06-11,292256.61,293674.91,289949.85,291356.96,0.00,0.00,5.02
2002-06-12,293384.44,294793.02,291078.48,292475.99,0.00,0.00,4.98
2002-06-13,294506.56,295897.64,292203.08,293583.29,0.00,0.00,4.94
2002-06-14,297835.80,299227.19,295552.81,296933.53,0.00,0.00,4.83
2002-06-17,295899.70,297320.36,293600.60,295010.22,0.00,0.00,4.89
2002-06-18,296226.11,297625.32,293926.72,295315.07,0.00,0.00,4.88
2002-06-19,299683.39,301060.13,297391.96,298758.17,0.00,0.00,4.76
2002-06-20,296976.69,298371.76,294678.11,296062.38,0.00,0.00,4.85
2002-06-21,298762.74,300150.72,296471.48,297848.82,0.00,0.00,4.79
2002-06-24,296425.34,297825.49,294127.33,295516.63,0.00,0.00,4.87
2002-06-25,296079.53,297470.38,293772.87,295152.89,0.00,0.00,4.88
2002-06-26,299844.78,301198.95,297538.53,298882.29,0.00,0.00,4.75
2002-06-27,296896.29,298252.54,294576.15,295921.79,0.00,0.00,4.84
2002-06-28,296341.68,297687.71,294014.90,295350.36,0.00,0.00,4.86
2002-07-01,296490.62,297860.37,294171.19,295530.22,0.00,0.00,4.85
2002-07-02,298961.79,300327.47,296651.40,298006.53,0.00,0.00,4.77
2002-07-03,298594.74,299943.28,296284.74,297622.84,0.00,0.00,4.78
2002-07-05,295026.50,296381.84,292708.74,294053.44,0.00,0.00,4.90
2002-07-08,296769.89,298140.93,294452.09,295812.41,0.00,0.00,4.84
2002-07-09,298538.58,299894.59,296225.54,297571.04,0.00,0.00,4.78
2002-07-10,302129.29,303493.78,299818.93,301172.99,0.00,0.00,4.66
2002-07-11,302203.86,303568.69,299898.83,301253.25,0.00,0.00,4.66
2002-07-12,303048.68,304417.33,300743.29,302101.52,0.00,0.00,4.63
2002-07-15,302013.03,303369.17,299699.09,301044.84,0.00,0.00,4.66
2002-07-16,299220.29,300579.40,296890.34,298238.86,0.00,0.00,4.75
2002-07-17,300570.05,301935.29,298242.53,299597.20,0.00,0.00,4.71
2002-07-18,301961.74,303325.48,299624.14,300977.32,0.00,0.00,4.66
2002-07-19,303453.25,304815.87,301124.15,302476.30,0.00,0.00,4.61
2002-07-22,306397.45,307773.28,304072.07,305437.46,0.00,0.00,4.51
2002-07-23,307410.82,308775.28,305077.71,306431.81,0.00,0.00,4.47
2002-07-24,306720.24,308073.68,304378.30,305721.42,0.00,0.00,4.49
2002-07-25,308451.02,309804.12,306099.21,307441.99,0.00,0.00,4.43
2002-07-26,308226.99,309571.12,305851.88,307185.65,0.00,0.00,4.43
2002-07-29,302753.63,304120.94,300378.46,301735.05,0.00,0.00,4.62
2002-07-30,302092.80,303464.96,299722.03,301083.41,0.00,0.00,4.65
2002-07-31,306390.72,307742.72,304030.73,305372.31,0.00,0.00,4.51
2002-08-01,307372.64,308697.11,304997.42,306311.67,0.00,0.00,4.47
2002-08-02,311797.95,313084.95,309426.87,310704.08,0.00,0.00,4.33
2002-08-05,313037.99,314330.11,310664.83,311947.15,0.00,0.00,4.29
2002-08-06,309067.67,310351.40,306694.50,307968.38,0.00,0.00,4.42
2002-08-07,311130.19,312382.18,308745.46,309987.86,0.00,0.00,4.35
2002-08-08,309653.35,310931.49,307281.42,308549.78,0.00,0.00,4.40
2002-08-09,313847.13,315142.59,311507.75,312793.55,0.00,0.00,4.27
2002-08-12,315572.81,316916.27,313249.85,314583.43,0.00,0.00,4.22
2002-08-13,318593.28,319900.07,316280.82,317578.13,0.00,0.00,4.12
2002-08-14,320366.49,321705.46,318097.50,319426.98,0.00,0.00,4.06
2002-08-15,316853.18,318193.89,314567.83,315898.87,0.00,0.00,4.17
2002-08-16,312139.72,313476.66,309833.47,311160.53,0.00,0.00,4.32
2002-08-19,313077.13,314442.41,310781.48,312136.75,0.00,0.00,4.29
2002-08-20,316806.87,318155.59,314514.76,315853.72,0.00,0.00,4.17
2002-08-21,315977.28,317330.65,313679.60,315023.13,0.00,0.00,4.20
2002-08-22,312854.28,314218.59,310544.47,311898.71,0.00,0.00,4.30
2002-08-23,314745.83,316110.24,312447.20,313801.64,0.00,0.00,4.25
2002-08-26,315767.66,317152.85,313476.13,314851.27,0.00,0.00,4.22
2002-08-27,313358.24,314749.10,311053.67,312434.30,0.00,0.00,4.29
2002-08-28,315611.56,316996.07,313317.48,314691.93,0.00,0.00,4.22
2002-08-29,317552.48,318920.82,315267.97,316626.47,0.00,0.00,4.16
2002-08-30,318228.89,319608.39,315948.12,317317.74,0.00,0.00,4.14
2002-09-03,323396.46,324756.47,321137.46,322487.97,0.00,0.00,3.98
2002-09-04,324178.59,325525.09,321913.70,323250.79,0.00,0.00,3.96
2002-09-05,325758.53,327094.71,323490.43,324817.30,0.00,0.00,3.91
2002-09-06,321181.13,322565.11,318894.96,320269.09,0.00,0.00,4.05
2002-09-09,321308.34,322717.83,319027.70,320427.19,0.00,0.00,4.05
2002-09-10,322764.94,324172.47,320493.41,321891.03,0.00,0.00,4.00
2002-09-11,320516.62,321922.64,318241.26,319637.31,0.00,0.00,4.07
2002-09-12,323542.81,324953.73,321280.81,322681.86,0.00,0.00,3.98
2002-09-13,325572.12,326991.89,323320.47,324730.42,0.00,0.00,3.92
2002-09-16,326284.18,327715.50,324039.90,325461.38,0.00,0.00,3.90
2002-09-17,327300.12,328735.90,325056.01,326481.95,0.00,0.00,3.87
2002-09-18,327290.13,328717.39,325040.04,326457.49,0.00,0.00,3.86
2002-09-19,329543.19,330946.12,327294.27,328687.63,0.00,0.00,3.79
2002-09-20,329394.76,330797.06,327136.12,328528.81,0.00,0.00,3.79
2002-09-23,332470.81,333868.98,330219.36,331608.07,0.00,0.00,3.70
2002-09-24,332823.80,334214.83,330576.17,331957.81,0.00,0.00,3.69
2002-09-25,329912.34,331308.30,327644.10,329030.47,0.00,0.00,3.77
2002-09-26,329182.32,330558.13,326911.64,328277.96,0.00,0.00,3.79
2002-09-27,332417.61,333772.49,330150.42,331496.06,0.00,0.00,3.69
2002-09-30,334212.69,335522.92,331937.63,333238.94,0.00,0.00,3.63
2002-10-01,331311.73,332636.35,329034.86,330350.38,0.00,0.00,3.72
2002-10-02,331780.25,333089.55,329513.56,330813.91,0.00,0.00,3.71
2002-10-03,331931.84,333233.13,329662.83,330955.23,0.00,0.00,3.70
2002-10-04,332450.12,333796.52,330185.30,331522.53,0.00,0.00,3.69
2002-10-07,333935.62,335296.69,331669.55,333021.39,0.00,0.00,3.64
2002-10-08,333630.02,334989.85,331371.24,332721.86,0.00,0.00,3.65
2002-10-09,334972.52,336303.10,332714.61,334036.21,0.00,0.00,3.61
2002-10-10,332616.84,333963.91,330339.26,331677.11,0.00,0.00,3.68
2002-10-11,327538.64,328882.12,325238.10,326572.15,0.00,0.00,3.83
2002-10-15,319847.18,321250.27,317532.05,318924.98,0.00,0.00,4.07
2002-10-16,320043.84,321431.21,317722.52,319099.82,0.00,0.00,4.06
2002-10-17,316909.78,318299.98,314573.99,315953.95,0.00,0.00,4.16
2002-10-18,317605.78,318990.81,315264.19,316639.01,0.00,0.00,4.14
2002-10-21,314655.68,316060.45,312312.96,313707.27,0.00,0.00,4.24
2002-10-22,313671.51,315063.76,311318.22,312700.03,0.00,0.00,4.27
2002-10-23,314016.37,315393.88,311653.79,313020.94,0.00,0.00,4.26
2002-10-24,316891.30,318256.80,314538.57,315893.92,0.00,0.00,4.16
2002-10-25,318190.48,319528.60,315836.54,317164.76,0.00,0.00,4.12
2002-10-28,318786.90,320069.71,316420.53,317693.81,0.00,0.00,4.10
2002-10-29,323003.12,324227.55,320645.78,321861.28,0.00,0.00,3.97
2002-10-30,322251.68,323473.26,319883.81,321096.41,0.00,0.00,3.99
2002-10-31,324237.80,325441.70,321869.55,323064.66,0.00,0.00,3.93
2002-11-01,321788.44,322974.90,319427.72,320605.47,0.00,0.00,4.01
2002-11-04,319968.67,321156.72,317605.89,318785.17,0.00,0.00,4.07
2002-11-05,319021.46,320189.46,316652.00,317811.31,0.00,0.00,4.10
2002-11-06,319361.45,320406.48,316999.13,318036.44,0.00,0.00,4.09
2002-11-07,326145.40,327221.09,323831.56,324899.62,0.00,0.00,3.88
2002-11-08,327473.22,328544.80,325190.06,326254.17,0.00,0.00,3.85
2002-11-12,327727.52,328799.94,325435.40,326500.32,0.00,0.00,3.84
2002-11-13,327884.95,328949.38,325591.21,326648.19,0.00,0.00,3.84
2002-11-14,321640.74,322701.57,319327.27,320380.48,0.00,0.00,4.03
2002-11-15,320995.40,322062.43,318687.33,319746.69,0.00,0.00,4.05
2002-11-18,322061.64,323123.86,319768.58,320823.24,0.00,0.00,4.02
2002-11-19,323187.12,324253.05,320905.51,321963.92,0.00,0.00,3.99
2002-11-20,319803.10,320857.88,317513.29,318560.52,0.00,0.00,4.08
2002-11-21,317708.38,318756.24,315412.81,316453.10,0.00,0.00,4.14
2002-11-22,316562.42,317622.92,314270.44,315323.26,0.00,0.00,4.18
2002-11-25,316210.37,317277.89,313914.91,314974.68,0.00,0.00,4.19
2002-11-26,319929.39,320992.87,317643.20,318699.09,0.00,0.00,4.08
2002-11-27,313624.50,314683.30,311308.34,312359.31,0.00,0.00,4.26
2002-11-29,315031.81,316095.35,312721.51,313777.26,0.00,0.00,4.22
2002-12-02,315060.38,316132.19,312760.86,313824.85,0.00,0.00,4.22
2002-12-03,314421.99,315491.63,312124.65,313186.47,0.00,0.00,4.24
2002-12-04,316274.46,317334.00,313975.16,315026.99,0.00,0.00,4.18
2002-12-05,317972.46,319029.44,315678.85,316728.21,0.00,0.00,4.13
2002-12-06,319136.03,320188.60,316831.05,317876.02,0.00,0.00,4.09
2002-12-09,320253.44,321318.00,317946.87,319003.76,0.00,0.00,4.06
2002-12-10,320556.13,321613.39,318257.67,319307.35,0.00,0.00,4.06
2002-12-11,322285.71,323340.32,319994.95,321042.06,0.00,0.00,4.01
2002-12-12,322240.09,323302.90,319952.96,321008.23,0.00,0.00,4.01
2002-12-13,320178.00,321242.31,317877.67,318934.34,0.00,0.00,4.07
2002-12-16,317556.59,318620.42,315235.90,316291.96,0.00,0.00,4.15
2002-12-17,318143.14,319192.44,315812.81,316854.42,0.00,0.00,4.13
2002-12-18,320437.95,321486.50,318113.23,319154.19,0.00,0.00,4.06
2002-12-19,323730.31,324772.85,321411.63,322446.70,0.00,0.00,3.96
2002-12-20,323483.57,324533.70,321168.57,322211.19,0.00,0.00,3.97
2002-12-23,323165.56,324223.05,320850.28,321900.19,0.00,0.00,3.98
2002-12-24,324299.99,325361.18,321998.53,323052.19,0.00,0.00,3.95
2002-12-26,325089.17,326161.38,322786.04,323850.65,0.00,0.00,3.93
2002-12-27,328409.74,329458.84,326116.77,327158.54,0.00,0.00,3.83
2002-12-30,328807.30,329866.19,326511.01,327562.51,0.00,0.00,3.82
2002-12-31,328419.65,329468.78,326124.99,327166.79,0.00,0.00,3.83
2003-01-02,320285.85,321325.60,317960.89,318993.10,0.00,0.00,4.07
2003-01-03,320960.12,322002.07,318638.97,319673.38,0.00,0.00,4.05
2003-01-06,319800.90,320855.67,317484.98,318532.11,0.00,0.00,4.09
2003-01-07,321165.45,322199.73,318847.60,319874.42,0.00,0.00,4.04
2003-01-08,322423.28,323453.25,320110.87,321133.46,0.00,0.00,4.00
2003-01-09,316116.98,317143.20,313785.64,314804.30,0.00,0.00,4.19
2003-01-10,317059.57,318080.63,314733.79,315747.36,0.00,0.00,4.16
2003-01-13,317468.31,318507.15,315139.05,316170.27,0.00,0.00,4.15
2003-01-14,319100.22,320127.85,316771.06,317791.19,0.00,0.00,4.10
2003-01-15,319301.39,320321.39,316978.09,317990.66,0.00,0.00,4.10
2003-01-16,319380.46,320392.43,317062.74,318067.37,0.00,0.00,4.10
2003-01-17,321121.89,322131.05,318815.94,319817.86,0.00,0.00,4.05
2003-01-21,322374.43,323395.89,320064.66,321078.80,0.00,0.00,4.01
2003-01-22,324297.58,325299.90,321991.59,322986.78,0.00,0.00,3.95
2003-01-23,323203.44,324210.76,320887.61,321887.71,0.00,0.00,3.98
2003-01-24,324718.59,325722.21,322418.54,323415.05,0.00,0.00,3.94
2003-01-27,323308.40,324307.66,321002.46,321994.59,0.00,0.00,3.98
2003-01-28,322824.42,323830.56,320520.52,321519.48,0.00,0.00,4.00
2003-01-29,320845.22,321845.19,318538.98,319531.76,0.00,0.00,4.06
2003-01-30,322729.22,323726.69,320434.29,321424.67,0.00,0.00,4.00
2003-01-31,323031.10,324029.50,320746.04,321737.38,0.00,0.00,4.00
2003-02-03,322663.92,323677.93,320388.14,321395.00,0.00,0.00,4.01
2003-02-04,324281.32,325283.59,322009.78,323005.03,0.00,0.00,3.96
2003-02-05,322041.54,323045.23,319755.61,320752.18,0.00,0.00,4.02
2003-02-06,323808.81,324809.62,321536.65,322530.44,0.00,0.00,3.97
2003-02-07,324416.23,325410.50,322141.40,323128.70,0.00,0.00,3.96
2003-02-10,323031.57,324038.35,320749.85,321749.52,0.00,0.00,3.99
2003-02-11,323396.93,324396.46,321111.87,322104.34,0.00,0.00,3.98
2003-02-12,325054.52,326059.18,322762.42,323759.99,0.00,0.00,3.93
2003-02-13,326510.24,327510.93,324217.14,325210.80,0.00,0.00,3.89
2003-02-14,324304.27,325306.61,321991.27,322986.46,0.00,0.00,3.95
2003-02-18,324716.32,325728.35,322414.59,323419.45,0.00,0.00,3.94
2003-02-19,326836.58,327846.74,324546.53,325549.62,0.00,0.00,3.88
2003-02-20,327789.10,328810.71,325497.76,326512.23,0.00,0.00,3.85
2003-02-21,326195.82,327212.46,323894.72,324904.19,0.00,0.00,3.90
2003-02-24,327491.70,328520.88,325194.66,326216.62,0.00,0.00,3.86
2003-02-25,329110.41,330136.14,326821.54,327840.13,0.00,0.00,3.81
2003-02-26,330301.71,331331.15,328022.78,329045.12,0.00,0.00,3.78
2003-02-27,330965.81,331997.32,328696.42,329720.86,0.00,0.00,3.76
2003-02-28,332704.75,333733.05,330444.23,331465.54,0.00,0.00,3.71
2003-03-03,333614.08,334662.49,331351.83,332393.14,0.00,0.00,3.68
2003-03-04,334558.01,335600.71,332290.36,333326.00,0.00,0.00,3.65
2003-03-05,335226.83,336254.23,332954.02,333974.45,0.00,0.00,3.63
2003-03-06,333883.21,334906.49,331607.58,332623.89,0.00,0.00,3.67
2003-03-07,335158.87,336125.21,332882.61,333842.38,0.00,0.00,3.63
2003-03-10,336604.09,337530.93,334326.72,335247.29,0.00,0.00,3.59
2003-03-11,336236.54,337171.09,333968.50,334896.76,0.00,0.00,3.60
2003-03-12,336345.07,337288.66,334094.37,335031.64,0.00,0.00,3.60
2003-03-13,331307.55,332288.57,329045.57,330019.89,0.00,0.00,3.74
2003-03-14,332107.16,333090.55,329843.76,330820.44,0.00,0.00,3.72
2003-03-17,328692.81,329674.61,326412.59,327387.58,0.00,0.00,3.82
2003-03-18,325775.71,326782.59,323488.60,324488.42,0.00,0.00,3.91
2003-03-19,323479.43,324470.83,321183.07,322167.43,0.00,0.00,3.98
2003-03-20,322322.12,323318.33,320013.67,321002.75,0.00,0.00,4.01
2003-03-21,318946.16,319940.21,316624.59,317611.40,0.00,0.00,4.11
2003-03-24,323132.54,324131.26,320828.26,321819.86,0.00,0.00,3.98
2003-03-25,323379.41,324378.89,321073.14,322065.50,0.00,0.00,3.97
2003-03-26,323768.70,324760.98,321459.05,322444.25,0.00,0.00,3.96
2003-03-27,324031.65,325016.33,321716.36,322694.01,0.00,0.00,3.95
2003-03-28,325126.14,326097.29,322807.75,323771.97,0.00,0.00,3.92
2003-03-31,328308.13,329271.75,326007.48,326964.35,0.00,0.00,3.83
2003-04-01,327993.28,328930.45,325686.92,326617.51,0.00,0.00,3.84
2003-04-02,324485.47,325429.46,322170.78,323108.03,0.00,0.00,3.94
2003-04-03,324743.98,325671.86,322417.66,323338.90,0.00,0.00,3.93
2003-04-04,323769.35,324694.45,321437.77,322356.21,0.00,0.00,3.96
2003-04-07,321679.38,322656.92,319352.85,320323.32,0.00,0.00,4.03
2003-04-08,324402.30,325371.29,322091.31,323053.39,0.00,0.00,3.95
2003-04-09,325039.58,325993.61,322723.21,323670.44,0.00,0.00,3.93
2003-04-10,324384.87,325362.22,322064.55,323034.91,0.00,0.00,3.95
2003-04-11,323046.49,324044.94,320726.01,321717.29,0.00,0.00,4.00
2003-04-14,321714.17,322733.54,319398.86,320410.89,0.00,0.00,4.04
2003-04-15,323755.29,324772.72,321451.64,322461.84,0.00,0.00,3.98
2003-04-16,324302.81,325313.56,322002.79,323006.37,0.00,0.00,3.96
2003-04-17,323891.06,324900.52,321602.32,322604.65,0.00,0.00,3.98
2003-04-21,323170.61,324194.58,320889.20,321905.95,0.00,0.00,4.00
2003-04-22,322829.78,323844.30,320533.51,321540.82,0.00,0.00,4.01
2003-04-23,322710.47,323724.62,320424.11,321431.07,0.00,0.00,4.02
2003-04-24,325688.82,326686.99,323414.68,324405.88,0.00,0.00,3.93
2003-04-25,326314.99,327306.61,324035.56,325020.26,0.00,0.00,3.91
2003-04-28,326065.39,327064.72,323789.62,324781.97,0.00,0.00,3.92
2003-04-29,324772.72,325768.09,322492.91,323481.29,0.00,0.00,3.96
2003-04-30,327173.46,328150.72,324902.44,325872.92,0.00,0.00,3.89
2003-05-01,327405.35,328366.32,325122.99,326077.27,0.00,0.00,3.88
2003-05-02,325407.84,326388.27,323128.69,324102.25,0.00,0.00,3.94
2003-05-05,326363.13,327354.91,324090.35,325075.21,0.00,0.00,3.92
2003-05-06,328877.30,329834.06,326595.78,327545.91,0.00,0.00,3.84
2003-05-07,332916.34,333902.12,330647.83,331626.90,0.00,0.00,3.72
2003-05-08,333645.64,334633.59,331381.42,332362.66,0.00,0.00,3.70
2003-05-09,333927.74,334916.51,331667.65,332649.73,0.00,0.00,3.69
2003-05-12,335666.00,336651.21,333416.09,334394.70,0.00,0.00,3.64
2003-05-13,336061.79,337039.45,333821.86,334793.01,0.00,0.00,3.63
2003-05-14,339706.26,340676.90,337491.09,338455.40,0.00,0.00,3.53
2003-05-15,339389.16,340367.70,337188.33,338160.52,0.00,0.00,3.53
2003-05-16,341632.04,342572.73,339431.36,340365.99,0.00,0.00,3.46
2003-05-19,341721.17,342662.11,339513.07,340447.93,0.00,0.00,3.46
2003-05-20,344710.77,345642.05,342521.11,343446.48,0.00,0.00,3.38
2003-05-21,344661.39,345628.31,342491.61,343452.44,0.00,0.00,3.39
2003-05-22,346366.61,347338.31,344206.59,345172.23,0.00,0.00,3.34
2003-05-23,346453.90,347425.84,344299.82,345265.72,0.00,0.00,3.34
2003-05-27,343547.18,344519.88,341347.28,342313.75,0.00,0.00,3.41
2003-05-28,342554.23,343541.89,340339.90,341321.18,0.00,0.00,3.44
2003-05-29,345980.72,346951.34,343780.78,344745.22,0.00,0.00,3.34
2003-05-30,345045.07,346022.01,342846.42,343817.13,0.00,0.00,3.37
2003-06-02,342694.59,343691.55,340481.37,341471.89,0.00,0.00,3.43
2003-06-03,346037.86,346981.70,343830.40,344768.22,0.00,0.00,3.34
2003-06-04,347420.74,348350.33,345215.14,346138.83,0.00,0.00,3.30
2003-06-05,345832.56,346757.89,343618.68,344538.10,0.00,0.00,3.34
2003-06-06,344907.05,345829.91,342702.40,343619.37,0.00,0.00,3.37
2003-06-09,347665.23,348568.41,345469.48,346366.95,0.00,0.00,3.29
2003-06-10,351065.02,351931.49,348891.01,349752.11,0.00,0.00,3.20
2003-06-11,350596.72,351462.03,348429.47,349289.43,0.00,0.00,3.21
2003-06-12,351923.99,352746.91,349765.52,350583.39,0.00,0.00,3.18
2003-06-13,353795.48,354586.05,351654.84,352440.62,0.00,0.00,3.13
2003-06-16,351787.37,352591.71,349641.89,350441.32,0.00,0.00,3.18
2003-06-17,348481.64,349305.56,346325.34,347144.15,0.00,0.00,3.27
2003-06-18,344911.95,345709.52,342730.30,343522.83,0.00,0.00,3.37
2003-06-19,345295.45,346031.16,343092.75,343823.78,0.00,0.00,3.35
2003-06-20,343684.61,344443.66,341466.95,342221.10,0.00,0.00,3.40
2003-06-23,346448.79,347231.93,344243.31,345021.47,0.00,0.00,3.32
2003-06-24,347688.57,348447.44,345492.51,346246.58,0.00,0.00,3.29
2003-06-25,344279.29,345120.07,342071.34,342906.73,0.00,0.00,3.38
2003-06-26,338544.35,339388.69,336318.19,337156.99,0.00,0.00,3.55
2003-06-27,337329.20,338161.77,335086.10,335913.13,0.00,0.00,3.58
2003-06-30,338934.05,339796.95,336696.58,337553.79,0.00,0.00,3.54
2003-07-01,338132.48,338975.80,335892.50,336730.23,0.00,0.00,3.56
2003-07-02,338182.42,339017.09,335938.73,336767.87,0.00,0.00,3.56
2003-07-03,334341.90,335167.09,332071.07,332890.65,0.00,0.00,3.67
2003-07-07,332035.55,332872.28,329759.65,330590.64,0.00,0.00,3.74
2003-07-08,331629.51,332456.61,329349.15,330170.57,0.00,0.00,3.75
2003-07-09,332329.05,333149.27,330052.91,330867.51,0.00,0.00,3.73
2003-07-10,333261.40,334083.92,330979.79,331796.68,0.00,0.00,3.70
2003-07-11,334637.18,335463.10,332352.90,333173.19,0.00,0.00,3.66
2003-07-14,331733.92,332561.28,329428.62,330250.23,0.00,0.00,3.74
2003-07-15,324986.91,325805.88,322654.80,323467.89,0.00,0.00,3.94
2003-07-16,324164.87,324981.77,321845.85,322656.90,0.00,0.00,3.97
2003-07-17,323798.75,324606.32,321477.78,322279.56,0.00,0.00,3.98
2003-07-18,323119.04,323924.91,320807.15,321607.26,0.00,0.00,4.00
2003-07-21,316942.62,317757.77,314601.26,315410.38,0.00,0.00,4.19
2003-07-22,317656.08,318456.58,315314.75,316109.35,0.00,0.00,4.17
2003-07-23,319124.60,319928.79,316790.09,317588.40,0.00,0.00,4.12
2003-07-24,316475.63,317281.36,314115.74,314915.46,0.00,0.00,4.20
2003-07-25,315659.63,316463.29,313294.23,314091.87,0.00,0.00,4.22
2003-07-28,312736.84,313557.39,310364.61,311178.94,0.00,0.00,4.31
2003-07-29,309192.80,310004.06,306807.17,307612.17,0.00,0.00,4.42
2003-07-30,311533.40,312350.80,309163.03,309974.21,0.00,0.00,4.34
2003-07-31,306680.50,307493.13,304270.46,305076.70,0.00,0.00,4.49
2003-08-01,307698.26,308537.53,305303.57,306136.30,0.00,0.00,4.44
2003-08-04,310637.27,311484.55,308227.84,309068.55,0.00,0.00,4.35
2003-08-05,306843.76,307680.70,304415.93,305246.25,0.00,0.00,4.47
2003-08-06,311989.51,312832.39,309597.36,310433.78,0.00,0.00,4.32
2003-08-07,312850.08,313695.29,310458.52,311297.26,0.00,0.00,4.30
2003-08-08,313405.94,314244.51,311004.02,311836.17,0.00,0.00,4.27
2003-08-11,310136.11,310990.08,307725.34,308572.67,0.00,0.00,4.38
2003-08-12,310304.63,311142.96,307888.49,308720.29,0.00,0.00,4.37
2003-08-13,303650.82,304479.05,301206.40,302027.96,0.00,0.00,4.58
2003-08-14,304765.16,305604.33,302343.95,303176.46,0.00,0.00,4.55
2003-08-15,304813.31,305644.71,302390.14,303214.93,0.00,0.00,4.55
2003-08-18,306608.73,307452.98,304191.25,305028.85,0.00,0.00,4.49
2003-08-19,310215.24,311053.32,307823.50,308655.12,0.00,0.00,4.38
2003-08-20,308006.23,308838.35,305608.19,306433.83,0.00,0.00,4.45
2003-08-21,305674.96,306524.58,303297.79,304140.80,0.00,0.00,4.53
2003-08-22,307335.73,308181.98,304974.17,305813.92,0.00,0.00,4.48
2003-08-25,305659.96,306509.53,303286.33,304129.31,0.00,0.00,4.53
2003-08-26,306676.35,307520.79,304313.13,305151.06,0.00,0.00,4.50
2003-08-27,305335.02,306175.77,302970.68,303804.92,0.00,0.00,4.54
2003-08-28,309333.20,310184.96,306981.47,307826.75,0.00,0.00,4.42
2003-08-29,308386.98,309236.13,306037.55,306880.23,0.00,0.00,4.45
2003-09-02,303242.26,304085.11,300873.87,301710.13,0.00,0.00,4.61
2003-09-03,303460.12,304279.96,301082.27,301895.68,0.00,0.00,4.60
2003-09-04,305970.13,306804.69,303587.00,304415.06,0.00,0.00,4.52
2003-09-05,311373.48,312206.62,308991.50,309818.27,0.00,0.00,4.35
2003-09-08,309603.08,310447.55,307213.21,308051.15,0.00,0.00,4.41
2003-09-09,310694.76,311526.08,308306.05,309130.98,0.00,0.00,4.37
2003-09-10,313799.31,314630.79,311418.63,312243.81,0.00,0.00,4.28
2003-09-11,311712.41,312538.37,309323.55,310143.17,0.00,0.00,4.35
2003-09-12,314063.47,314895.65,311677.34,312503.21,0.00,0.00,4.27
2003-09-15,313719.03,314558.44,311316.66,312149.64,0.00,0.00,4.28
2003-09-16,313294.19,314124.34,310884.56,311708.32,0.00,0.00,4.29
2003-09-17,316449.71,317288.22,314070.75,314902.95,0.00,0.00,4.20
2003-09-18,316607.03,317445.96,314238.60,315071.25,0.00,0.00,4.19
2003-09-19,317308.47,318149.25,314958.19,315792.74,0.00,0.00,4.17
2003-09-22,314410.46,315259.88,312037.23,312880.24,0.00,0.00,4.26
2003-09-23,315281.90,316125.49,312916.33,313753.59,0.00,0.00,4.24
2003-09-24,317910.76,318753.14,315559.19,316395.34,0.00,0.00,4.16
2003-09-25,319306.47,320152.55,316971.56,317811.46,0.00,0.00,4.12
2003-09-26,321963.99,322817.11,319629.07,320476.01,0.00,0.00,4.04
2003-09-29,320228.94,321085.77,317881.17,318731.72,0.00,0.00,4.09
2003-09-30,324566.01,325417.60,322239.31,323084.80,0.00,0.00,3.96
2003-10-01,324516.74,325359.78,322182.38,323019.36,0.00,0.00,3.96
2003-10-02,322182.73,323019.71,319843.04,320673.95,0.00,0.00,4.03
2003-10-03,316015.15,316844.31,313654.55,314477.51,0.00,0.00,4.21
2003-10-06,317500.59,318300.70,315143.88,315938.05,0.00,0.00,4.17
2003-10-07,314087.99,314912.09,311707.71,312525.56,0.00,0.00,4.27
2003-10-08,314042.07,314857.91,311654.29,312463.92,0.00,0.00,4.27
2003-10-09,312372.11,313183.60,309972.26,310777.52,0.00,0.00,4.32
2003-10-10,313550.59,314365.15,311157.52,311965.86,0.00,0.00,4.29
2003-10-14,310738.05,311553.36,308331.28,309140.28,0.00,0.00,4.37
2003-10-15,308953.01,309763.64,306545.39,307349.70,0.00,0.00,4.43
2003-10-16,307702.02,308525.33,305314.92,306131.84,0.00,0.00,4.47
2003-10-17,309687.31,310507.90,307306.70,308120.98,0.00,0.00,4.41
2003-10-20,309894.27,310731.49,307519.29,308350.10,0.00,0.00,4.41
2003-10-21,310826.88,311666.62,308454.85,309288.19,0.00,0.00,4.38
2003-10-22,313771.16,314610.71,311413.24,312246.48,0.00,0.00,4.29
2003-10-23,312094.63,312929.70,309718.77,310547.48,0.00,0.00,4.34
2003-10-24,315617.75,316462.25,313255.90,314094.08,0.00,0.00,4.24
2003-10-27,313696.82,314552.45,311333.36,312182.55,0.00,0.00,4.30
2003-10-28,315840.09,316685.18,313474.52,314313.28,0.00,0.00,4.23
2003-10-29,313236.50,314082.75,310864.15,311703.99,0.00,0.00,4.31
2003-10-30,311605.06,312446.90,309238.36,310073.80,0.00,0.00,4.36
2003-10-31,312744.98,313589.90,310392.86,311231.43,0.00,0.00,4.33
2003-11-03,310560.06,311407.14,308205.33,309045.98,0.00,0.00,4.40
2003-11-04,312802.83,313639.79,310458.14,311288.83,0.00,0.00,4.33
2003-11-05,311091.70,311940.22,308745.44,309587.56,0.00,0.00,4.38
2003-11-06,308717.91,309567.97,306359.37,307202.94,0.00,0.00,4.45
2003-11-07,307922.35,308778.21,305567.92,306417.23,0.00,0.00,4.48
2003-11-10,307622.37,308477.40,305267.86,306116.34,0.00,0.00,4.49
2003-11-12,309257.61,310109.16,306913.21,307758.30,0.00,0.00,4.44
2003-11-13,313838.92,314686.79,311508.05,312349.63,0.00,0.00,4.30
2003-11-14,316365.26,317219.96,314035.91,314884.32,0.00,0.00,4.22
2003-11-17,317493.88,318351.63,315170.32,316021.80,0.00,0.00,4.18
2003-11-18,317989.98,318849.07,315671.84,316524.67,0.00,0.00,4.17
2003-11-19,315584.97,316429.37,313259.48,314097.66,0.00,0.00,4.24
2003-11-20,318092.75,318927.36,315774.26,316602.79,0.00,0.00,4.16
2003-11-21,318392.20,319235.86,316080.87,316918.40,0.00,0.00,4.15
2003-11-24,315855.32,316708.64,313540.52,314387.59,0.00,0.00,4.23
2003-11-25,317175.72,318024.38,314868.32,315710.81,0.00,0.00,4.19
2003-11-26,315240.05,316091.71,312929.06,313774.48,0.00,0.00,4.25
2003-11-28,312313.53,313157.28,309995.42,310832.92,0.00,0.00,4.34
2003-12-01,310451.40,311306.23,308143.30,308991.78,0.00,0.00,4.40
2003-12-02,311046.00,311886.33,308734.06,309568.15,0.00,0.00,4.38
2003-12-03,310071.50,310909.19,307754.30,308585.74,0.00,0.00,4.41
2003-12-04,311154.75,311995.37,308837.23,309671.60,0.00,0.00,4.38
2003-12-05,315964.83,316793.86,313656.18,314479.15,0.00,0.00,4.23
2003-12-08,314043.01,314883.29,311719.79,312553.85,0.00,0.00,4.29
2003-12-09,313014.87,313860.52,310691.54,311530.91,0.00,0.00,4.32
2003-12-10,313700.32,314539.69,311373.67,312206.81,0.00,0.00,4.30
2003-12-11,314666.83,315476.12,312329.30,313132.58,0.00,0.00,4.27
2003-12-12,315120.60,315931.06,312793.69,313598.16,0.00,0.00,4.26
2003-12-15,314432.46,315257.47,312111.38,312930.29,0.00,0.00,4.28
2003-12-16,315722.18,316542.38,313400.89,314215.06,0.00,0.00,4.24
2003-12-17,317381.54,318197.82,315074.73,315885.07,0.00,0.00,4.19
2003-12-18,318656.49,319451.23,316370.28,317159.33,0.00,0.00,4.16
2003-12-19,318838.89,319634.09,316552.67,317342.17,0.00,0.00,4.15
2003-12-22,317832.07,318649.50,315540.19,316351.73,0.00,0.00,4.18
2003-12-23,314709.76,315527.33,312414.57,313226.18,0.00,0.00,4.28
2003-12-24,317285.75,318110.01,314996.29,315814.60,0.00,0.00,4.20
2003-12-26,318399.39,319218.28,316111.63,316924.64,0.00,0.00,4.17
2003-12-29,315860.03,316705.18,313557.61,314396.60,0.00,0.00,4.24
2003-12-30,314216.18,315048.77,311899.40,312725.85,0.00,0.00,4.29
2003-12-31,314930.67,315765.16,312617.21,313445.57,0.00,0.00,4.27
2004-01-02,311212.88,312037.51,308883.68,309702.14,0.00,0.00,4.38
2004-01-05,310374.46,311221.03,308041.85,308882.06,0.00,0.00,4.41
2004-01-06,314130.08,314970.60,311809.46,312643.76,0.00,0.00,4.29
2004-01-07,314906.36,315740.78,312587.07,313415.34,0.00,0.00,4.27
2004-01-08,314837.70,315663.77,312512.87,313332.84,0.00,0.00,4.27
2004-01-09,320067.56,320874.13,317755.79,318556.54,0.00,0.00,4.11
2004-01-12,319995.86,320810.55,317678.49,318487.28,0.00,0.00,4.11
2004-01-13,321919.77,322731.01,319604.04,320409.45,0.00,0.00,4.05
2004-01-14,323300.15,324106.48,321003.44,321804.04,0.00,0.00,4.01
2004-01-15,324055.51,324863.72,321773.69,322576.21,0.00,0.00,3.99
2004-01-16,322443.59,323256.14,320163.50,320970.31,0.00,0.00,4.04
2004-01-20,321135.21,321952.80,318847.95,319659.73,0.00,0.00,4.08
2004-01-21,322014.17,322817.28,319724.83,320522.24,0.00,0.00,4.05
2004-01-22,324057.05,324865.26,321779.51,322582.04,0.00,0.00,3.99
2004-01-23,320724.13,321524.03,318431.01,319225.19,0.00,0.00,4.09
2004-01-26,318434.36,319253.34,316131.85,316944.91,0.00,0.00,4.16
2004-01-27,320150.88,320965.96,317854.23,318663.47,0.00,0.00,4.11
2004-01-28,316591.75,317414.21,314286.83,315103.30,0.00,0.00,4.22
2004-01-29,316564.95,317403.77,314267.84,315100.57,0.00,0.00,4.22
2004-01-30,318506.39,319342.09,316218.27,317047.97,0.00,0.00,4.16
2004-02-02,317822.40,318672.79,315528.87,316373.12,0.00,0.00,4.18
2004-02-03,319401.37,320247.70,317111.75,317952.01,0.00,0.00,4.13
2004-02-04,318735.53,319571.82,316443.76,317274.05,0.00,0.00,4.15
2004-02-05,317327.32,318168.16,315039.46,315874.24,0.00,0.00,4.20
2004-02-06,319946.25,320785.72,317666.07,318499.56,0.00,0.00,4.12
2004-02-09,320879.12,321729.37,318599.13,319443.33,0.00,0.00,4.09
2004-02-10,319570.81,320417.59,317284.76,318125.48,0.00,0.00,4.13
2004-02-11,322154.91,322991.82,319877.09,320708.08,0.00,0.00,4.05
2004-02-12,320689.53,321522.63,318398.36,319225.51,0.00,0.00,4.10
2004-02-13,322066.44,322886.41,319773.46,320587.59,0.00,0.00,4.05
2004-02-17,322154.28,322991.19,319866.91,320697.88,0.00,0.00,4.05
2004-02-18,322124.03,322960.86,319840.30,320671.19,0.00,0.00,4.05
2004-02-19,322156.84,322993.75,319869.47,320700.44,0.00,0.00,4.05
2004-02-20,320478.93,321319.80,318183.55,319018.40,0.00,0.00,4.10
2004-02-23,322030.46,322883.75,319742.79,320590.02,0.00,0.00,4.05
2004-02-24,322503.12,323357.67,320217.70,321066.20,0.00,0.00,4.04
2004-02-25,323086.08,323942.17,320798.97,321649.00,0.00,0.00,4.02
2004-02-26,322060.13,322913.50,319767.15,320614.45,0.00,0.00,4.05
2004-02-27,324201.44,325052.08,321934.28,322778.97,0.00,0.00,3.99
2004-03-01,323860.85,324718.99,321584.99,322437.10,0.00,0.00,4.00
2004-03-02,322207.13,323069.26,319929.01,320785.04,0.00,0.00,4.05
2004-03-03,321525.88,322377.84,319243.87,320089.78,0.00,0.00,4.07
2004-03-04,322604.49,323459.31,320324.68,321173.46,0.00,0.00,4.04
2004-03-05,328976.16,329822.26,326715.42,327555.70,0.00,0.00,3.85
2004-03-08,331117.40,331986.18,328861.18,329724.04,0.00,0.00,3.78
2004-03-09,332945.09,333810.03,330695.83,331554.93,0.00,0.00,3.73
2004-03-10,332613.86,333477.94,330365.85,331224.08,0.00,0.00,3.74
2004-03-11,332419.21,333282.78,330172.79,331030.53,0.00,0.00,3.74
2004-03-12,331319.56,332188.87,329061.73,329925.12,0.00,0.00,3.78
2004-03-15,331362.07,332240.09,329111.96,329984.02,0.00,0.00,3.78
2004-03-16,334008.89,334885.26,331766.09,332636.58,0.00,0.00,3.70
2004-03-17,333675.49,334550.99,331430.53,332300.14,0.00,0.00,3.71
2004-03-18,331872.30,332734.46,329626.35,330482.67,0.00,0.00,3.76
2004-03-19,330665.42,331533.02,328415.42,329277.11,0.00,0.00,3.80
2004-03-22,332697.32,333578.88,330456.03,331331.65,0.00,0.00,3.74
2004-03-23,333051.84,333925.70,330814.39,331682.38,0.00,0.00,3.73
2004-03-24,333035.83,333901.01,330796.68,331656.04,0.00,0.00,3.73
2004-03-25,332238.65,333093.14,329991.15,330839.86,0.00,0.00,3.75
2004-03-26,328757.63,329611.69,326490.83,327339.00,0.00,0.00,3.85
2004-03-29,326756.76,327622.58,324479.99,325339.78,0.00,0.00,3.91
2004-03-30,326756.40,327613.74,324479.64,325331.00,0.00,0.00,3.91
2004-03-31,328374.46,329236.05,326096.22,326951.83,0.00,0.00,3.86
2004-04-01,327065.24,327931.87,324800.17,325660.81,0.00,0.00,3.91
2004-04-02,319049.70,319903.38,316767.67,317615.24,0.00,0.00,4.15
2004-04-05,316057.72,316927.99,313764.65,314628.61,0.00,0.00,4.24
2004-04-06,317690.88,318549.16,315401.30,316253.40,0.00,0.00,4.19
2004-04-07,317570.13,318428.09,315278.61,316130.37,0.00,0.00,4.19
2004-04-08,316899.93,317756.08,314606.34,315456.29,0.00,0.00,4.21
2004-04-12,315521.49,316390.29,313222.46,314084.92,0.00,0.00,4.25
2004-04-13,312278.17,313154.24,309968.46,310838.05,0.00,0.00,4.35
2004-04-14,310738.24,311650.29,308428.64,309333.91,0.00,0.00,4.40
2004-04-15,310172.60,311074.94,307859.78,308755.40,0.00,0.00,4.42
2004-04-16,311599.02,312473.18,309279.97,310147.63,0.00,0.00,4.37
2004-04-19,310932.98,311829.48,308613.96,309503.77,0.00,0.00,4.39
2004-04-20,309786.57,310695.82,307466.52,308368.97,0.00,0.00,4.43
2004-04-21,309219.84,310159.52,306912.04,307844.70,0.00,0.00,4.45
2004-04-22,310859.47,311779.94,308556.89,309470.55,0.00,0.00,4.40
2004-04-23,308235.31,309195.98,305936.75,306890.26,0.00,0.00,4.48
2004-04-26,308897.74,309852.46,306604.24,307551.87,0.00,0.00,4.46
2004-04-27,309883.85,310825.54,307590.43,308525.16,0.00,0.00,4.43
2004-04-28,307725.31,308652.46,305425.12,306345.34,0.00,0.00,4.50
2004-04-29,306085.06,306999.34,303779.91,304687.30,0.00,0.00,4.55
2004-04-30,306769.13,307701.36,304463.80,305389.02,0.00,0.00,4.53
2004-05-03,306860.58,307824.93,304558.98,305516.09,0.00,0.00,4.53
2004-05-04,305749.43,306694.42,303441.00,304378.85,0.00,0.00,4.56
2004-05-05,304313.45,305238.22,301996.58,302914.31,0.00,0.00,4.61
2004-05-06,303629.30,304583.49,301303.71,302250.59,0.00,0.00,4.63
2004-05-07,298831.58,299879.17,296517.28,297556.76,0.00,0.00,4.79
2004-05-10,298334.86,299388.45,296012.54,297057.92,0.00,0.00,4.81
2004-05-11,298914.56,299962.44,296593.21,297632.96,0.00,0.00,4.79
2004-05-12,297723.70,298751.97,295389.16,296409.37,0.00,0.00,4.83
2004-05-13,296864.74,297897.74,294530.31,295555.18,0.00,0.00,4.85
2004-05-14,298798.67,299838.40,296470.55,297502.17,0.00,0.00,4.79
2004-05-17,301511.02,302568.00,299187.86,300236.70,0.00,0.00,4.70
2004-05-18,300458.22,301527.09,298141.60,299202.23,0.00,0.00,4.74
2004-05-19,298833.42,299904.26,296506.81,297569.32,0.00,0.00,4.79
2004-05-20,300964.58,302027.45,298651.01,299705.71,0.00,0.00,4.72
2004-05-21,299820.15,300902.30,297505.42,298579.21,0.00,0.00,4.76
2004-05-24,300207.17,301306.27,297897.70,298988.36,0.00,0.00,4.75
2004-05-25,300916.11,302017.82,298615.14,299708.42,0.00,0.00,4.73
2004-05-26,302670.69,303763.13,300366.98,301451.10,0.00,0.00,4.67
2004-05-27,304883.29,305967.91,302591.19,303667.65,0.00,0.00,4.60
2004-05-28,303098.68,304192.67,300801.84,301887.53,0.00,0.00,4.66
2004-06-01,301463.41,302590.56,299154.66,300273.18,0.00,0.00,4.71
2004-06-02,300584.50,301716.15,298279.68,299402.65,0.00,0.00,4.74
2004-06-03,301286.76,302421.06,298984.84,300110.47,0.00,0.00,4.71
2004-06-04,299277.31,300450.59,296973.08,298137.33,0.00,0.00,4.78
2004-06-07,299335.86,300532.64,297024.67,298212.20,0.00,0.00,4.78
2004-06-08,299406.23,300618.81,297102.12,298305.36,0.00,0.00,4.78
2004-06-09,298223.34,299469.76,295914.34,297151.11,0.00,0.00,4.82
2004-06-10,298631.51,299910.58,296327.66,297596.87,0.00,0.00,4.81
2004-06-14,296339.69,297701.07,294029.90,295380.67,0.00,0.00,4.89
2004-06-15,302377.46,303696.08,300092.24,301400.90,0.00,0.00,4.69
2004-06-16,300839.61,302159.31,298547.76,299857.41,0.00,0.00,4.74
2004-06-17,301841.83,303142.48,299558.59,300849.40,0.00,0.00,4.71
2004-06-18,301523.48,302838.37,299238.62,300543.55,0.00,0.00,4.72
2004-06-21,302013.59,303346.27,299728.66,301051.26,0.00,0.00,4.70
2004-06-22,301507.33,302829.97,299219.30,300531.90,0.00,0.00,4.72
2004-06-23,301860.02,303184.20,299575.81,300889.98,0.00,0.00,4.71
2004-06-24,303483.73,304807.17,301205.85,302519.36,0.00,0.00,4.66
2004-06-25,303407.36,304738.33,301125.77,302446.73,0.00,0.00,4.66
2004-06-28,300412.36,301792.45,298121.12,299490.68,0.00,0.00,4.76
2004-06-29,302122.28,303494.57,299842.56,301204.49,0.00,0.00,4.70
2004-06-30,304607.72,305936.06,302334.79,303653.23,0.00,0.00,4.62
2004-07-01,305982.72,307285.35,303701.98,304994.90,0.00,0.00,4.57
2004-07-02,308859.89,310150.77,306588.02,307869.40,0.00,0.00,4.48
2004-07-06,308459.28,309804.42,306186.95,307522.19,0.00,0.00,4.49
2004-07-07,308237.62,309549.85,305967.08,307269.65,0.00,0.00,4.50
2004-07-08,308470.26,309775.49,306196.10,307491.71,0.00,0.00,4.49
2004-07-09,308586.65,309892.38,306312.73,307608.83,0.00,0.00,4.49
2004-07-12,309382.79,310723.94,307110.05,308441.35,0.00,0.00,4.46
2004-07-13,308182.27,309534.19,305906.28,307248.22,0.00,0.00,4.50
2004-07-14,308296.18,309648.60,306027.13,307369.59,0.00,0.00,4.50
2004-07-15,308325.63,309670.19,306058.12,307392.79,0.00,0.00,4.50
2004-07-16,311991.73,313336.11,309738.31,311072.98,0.00,0.00,4.38
2004-07-19,312012.60,313373.24,309760.76,311111.58,0.00,0.00,4.38
2004-07-20,309249.14,310613.75,306993.87,308348.52,0.00,0.00,4.47
2004-07-21,308252.82,309621.02,305995.78,307353.96,0.00,0.00,4.50
2004-07-22,308901.52,310272.59,306649.60,308010.68,0.00,0.00,4.48
2004-07-23,309817.99,311193.13,307569.15,308934.31,0.00,0.00,4.45
2004-07-26,308582.14,310007.74,306331.87,307747.08,0.00,0.00,4.49
2004-07-27,304537.72,305952.53,302265.36,303669.61,0.00,0.00,4.62
2004-07-28,304787.15,306195.23,302507.71,303905.25,0.00,0.00,4.61
2004-07-29,305021.30,306422.56,302743.94,304134.74,0.00,0.00,4.60
2004-07-30,308232.67,309648.68,305974.06,307379.70,0.00,0.00,4.50
2004-08-02,308912.49,310339.62,306653.87,308070.56,0.00,0.00,4.48
2004-08-03,309778.65,311201.76,307526.66,308939.43,0.00,0.00,4.45
2004-08-04,309774.31,311189.38,307520.71,308925.49,0.00,0.00,4.45
2004-08-05,310475.35,311885.58,308223.36,309623.36,0.00,0.00,4.43
2004-08-06,316288.10,317659.19,314040.01,315401.36,0.00,0.00,4.24
2004-08-09,315164.35,316579.55,312918.05,314323.16,0.00,0.00,4.28
2004-08-10,313963.88,315389.95,311726.49,313142.40,0.00,0.00,4.32
2004-08-11,314538.49,315950.89,312302.62,313704.97,0.00,0.00,4.30
2004-08-12,315450.62,316867.11,313214.85,314621.30,0.00,0.00,4.27
2004-08-13,316892.79,318307.54,314660.67,316065.46,0.00,0.00,4.22
2004-08-16,315566.85,317016.55,313325.57,314764.97,0.00,0.00,4.26
2004-08-17,317168.78,318609.41,314929.53,316359.99,0.00,0.00,4.21
2004-08-18,316494.80,317924.17,314251.79,315671.03,0.00,0.00,4.23
2004-08-19,316811.54,318234.14,314568.81,315981.33,0.00,0.00,4.22
2004-08-20,316320.81,317749.39,314083.63,315502.11,0.00,0.00,4.24
2004-08-23,314942.06,316413.36,312693.51,314154.31,0.00,0.00,4.28
2004-08-24,314887.87,316358.92,312641.27,314101.82,0.00,0.00,4.28
2004-08-25,315581.19,317047.30,313341.51,314797.22,0.00,0.00,4.26
2004-08-26,316829.32,318301.24,314593.31,316054.84,0.00,0.00,4.22
2004-08-27,316642.14,318121.38,314411.98,315880.81,0.00,0.00,4.23
2004-08-30,317907.56,319417.42,315682.76,317182.05,0.00,0.00,4.19
2004-08-31,319878.43,321364.51,317663.65,319139.44,0.00,0.00,4.13
2004-09-01,319867.91,321353.94,317651.51,319127.24,0.00,0.00,4.13
2004-09-02,317617.61,319101.41,315393.20,316866.61,0.00,0.00,4.20
2004-09-03,314552.40,316078.90,312319.95,313835.61,0.00,0.00,4.30
2004-09-07,315874.35,317439.98,313649.37,315203.98,0.00,0.00,4.26
2004-09-08,318482.36,320036.18,316266.88,317809.89,0.00,0.00,4.18
2004-09-09,317200.44,318748.01,314976.30,316513.02,0.00,0.00,4.22
2004-09-10,318253.35,319797.81,316030.42,317564.10,0.00,0.00,4.19
2004-09-13,319167.19,320732.61,316955.55,318510.12,0.00,0.00,4.16
2004-09-14,319531.57,321090.51,317316.70,318864.83,0.00,0.00,4.15
2004-09-15,318489.50,320043.35,316272.36,317815.40,0.00,0.00,4.18
2004-09-16,321884.65,323446.73,319685.21,321236.62,0.00,0.00,4.08
2004-09-17,319989.99,321567.73,317782.52,319349.38,0.00,0.00,4.14
2004-09-20,322242.28,323847.82,320044.80,321639.39,0.00,0.00,4.07
2004-09-21,323056.19,324674.14,320869.85,322476.85,0.00,0.00,4.05
2004-09-22,324891.22,326518.37,322729.79,324346.11,0.00,0.00,4.00
2004-09-23,324075.81,325715.65,321913.38,323542.29,0.00,0.00,4.02
2004-09-24,323540.52,325211.16,321385.38,323044.89,0.00,0.00,4.04
2004-09-27,324595.43,326279.92,322442.91,324116.23,0.00,0.00,4.01
2004-09-28,324046.75,325720.00,321881.10,323543.17,0.00,0.00,4.02
2004-09-29,321394.48,323054.04,319220.10,320868.42,0.00,0.00,4.10
2004-09-30,320020.56,321681.31,317833.39,319482.78,0.00,0.00,4.14
2004-10-01,317781.33,319430.45,315580.89,317218.60,0.00,0.00,4.21
2004-10-04,318433.86,320119.34,316242.41,317916.30,0.00,0.00,4.19
2004-10-05,318699.37,320378.00,316507.60,318174.69,0.00,0.00,4.18
2004-10-06,317144.95,318823.61,314950.58,316617.63,0.00,0.00,4.23
2004-10-07,316092.14,317757.05,313892.36,315545.68,0.00,0.00,4.26
2004-10-08,319589.67,321256.46,317396.68,319052.02,0.00,0.00,4.15
2004-10-12,320569.35,322249.54,318380.67,320049.39,0.00,0.00,4.12
2004-10-13,321481.68,323150.01,319295.09,320952.07,0.00,0.00,4.09
2004-10-14,323430.28,325100.35,321251.83,322910.65,0.00,0.00,4.03
2004-10-15,322174.93,323846.85,319993.94,321654.55,0.00,0.00,4.07
2004-10-18,322200.80,323914.56,320019.76,321721.92,0.00,0.00,4.07
2004-10-19,322246.21,323960.21,320072.63,321775.07,0.00,0.00,4.07
2004-10-20,324319.07,326035.70,322155.78,323860.96,0.00,0.00,4.01
2004-10-21,324344.33,326077.88,322193.68,323915.74,0.00,0.00,4.01
2004-10-22,324707.44,326451.35,322553.70,324286.03,0.00,0.00,4.00
2004-10-25,325159.01,326930.58,323003.45,324763.28,0.00,0.00,3.99
2004-10-26,324552.62,326320.89,322395.25,324151.76,0.00,0.00,4.01
2004-10-27,321147.28,322921.92,318973.14,320735.78,0.00,0.00,4.11
2004-10-28,321797.45,323584.01,319625.73,321400.24,0.00,0.00,4.09
2004-10-29,323137.65,324923.29,320974.03,322747.72,0.00,0.00,4.05
2004-11-01,321222.04,323055.29,319050.19,320871.04,0.00,0.00,4.11
2004-11-02,321460.11,323286.39,319284.75,321098.67,0.00,0.00,4.10
2004-11-03,321801.15,323621.04,319631.06,321438.68,0.00,0.00,4.09
2004-11-04,321598.01,323425.07,319437.25,321252.04,0.00,0.00,4.10
2004-11-05,318045.32,319918.03,315873.28,317733.20,0.00,0.00,4.21
2004-11-08,317640.86,319535.83,315455.51,317337.46,0.00,0.00,4.22
2004-11-09,317623.58,319510.24,315441.53,317315.23,0.00,0.00,4.22
2004-11-10,316813.21,318695.06,314625.38,316494.23,0.00,0.00,4.25
2004-11-12,318355.73,320263.21,316194.17,318088.70,0.00,0.00,4.20
2004-11-15,318385.38,320317.75,316223.75,318142.99,0.00,0.00,4.20
2004-11-16,318020.94,319967.54,315862.47,317795.86,0.00,0.00,4.21
2004-11-17,320376.59,322312.75,318226.84,320150.01,0.00,0.00,4.14
2004-11-18,321157.49,323106.68,319020.46,320956.68,0.00,0.00,4.12
2004-11-19,318499.51,320449.04,316355.79,318292.20,0.00,0.00,4.20
2004-11-22,319293.54,321305.73,317165.00,319163.78,0.00,0.00,4.18
2004-11-23,319000.75,320994.59,316877.59,318858.17,0.00,0.00,4.19
2004-11-24,318773.71,320757.89,316655.60,318626.60,0.00,0.00,4.20
2004-11-26,317308.92,319283.99,315179.37,317141.19,0.00,0.00,4.24
2004-11-29,314187.91,316192.30,312035.90,314026.57,0.00,0.00,4.34
2004-11-30,313381.98,315365.02,311213.58,313182.90,0.00,0.00,4.36
2004-12-01,312818.93,314766.05,310645.57,312579.16,0.00,0.00,4.38
2004-12-02,312109.43,314060.20,309930.10,311867.26,0.00,0.00,4.40
2004-12-03,316320.43,318281.17,314158.35,316105.69,0.00,0.00,4.27
2004-12-06,317269.41,319277.05,315116.65,317110.67,0.00,0.00,4.24
2004-12-07,317580.63,319582.02,315434.89,317422.76,0.00,0.00,4.23
2004-12-08,320732.95,322745.92,318616.09,320615.78,0.00,0.00,4.14
2004-12-09,319283.14,321287.01,317147.95,319138.42,0.00,0.00,4.19
2004-12-10,320111.30,322136.93,317977.78,319989.90,0.00,0.00,4.16
2004-12-13,320307.88,322384.44,318185.27,320248.07,0.00,0.00,4.16
2004-12-14,320987.21,323051.57,318870.23,320920.98,0.00,0.00,4.14
2004-12-15,322822.92,324890.75,320723.99,322778.37,0.00,0.00,4.09
2004-12-16,319264.97,321310.01,317139.87,319171.29,0.00,0.00,4.19
2004-12-17,318672.88,320722.36,316546.07,318581.87,0.00,0.00,4.21
2004-12-20,318772.70,320872.27,316649.70,318735.29,0.00,0.00,4.21
2004-12-21,319654.88,321760.26,317537.48,319628.92,0.00,0.00,4.18
2004-12-22,318668.65,320759.30,316538.61,318615.29,0.00,0.00,4.21
2004-12-23,318110.23,320205.44,315976.64,318057.79,0.00,0.00,4.23
2004-12-27,315663.15,317815.68,313508.17,315646.01,0.00,0.00,4.30
2004-12-28,315485.50,317628.67,313336.30,315464.86,0.00,0.00,4.31
2004-12-29,314813.00,316935.32,312663.38,314771.21,0.00,0.00,4.33
2004-12-30,316638.35,318764.80,314494.21,316606.25,0.00,0.00,4.27
2004-12-31,317936.47,320071.64,315816.87,317937.80,0.00,0.00,4.24
2005-01-03,318261.79,320432.04,316149.18,318305.02,0.00,0.00,4.23
2005-01-04,316169.70,318325.68,314048.27,316189.79,0.00,0.00,4.29
2005-01-05,316412.19,318569.83,314303.86,316447.13,0.00,0.00,4.29
2005-01-06,316423.65,318581.37,314310.32,316453.63,0.00,0.00,4.29
2005-01-07,316358.89,318516.17,314252.48,316395.39,0.00,0.00,4.29
2005-01-10,316538.18,318729.40,314442.58,316619.30,0.00,0.00,4.29
2005-01-11,317554.19,319752.45,315466.04,317649.85,0.00,0.00,4.26
2005-01-12,317881.09,320056.96,315800.78,317962.42,0.00,0.00,4.25
2005-01-13,319633.88,321830.02,317569.07,319751.02,0.00,0.00,4.20
2005-01-14,318872.55,321088.18,316807.42,319008.69,0.00,0.00,4.23
2005-01-18,319544.42,321789.49,317495.73,319726.40,0.00,0.00,4.21
2005-01-19,319907.85,322138.93,317870.16,320087.04,0.00,0.00,4.20
2005-01-20,320721.31,322941.49,318678.92,320884.96,0.00,0.00,4.17
2005-01-21,321056.26,323270.46,319010.98,321211.08,0.00,0.00,4.16
2005-01-24,321933.68,324178.89,319903.40,322134.46,0.00,0.00,4.14
2005-01-25,319795.83,322034.40,317751.17,319975.43,0.00,0.00,4.20
2005-01-26,319579.10,321824.41,317537.76,319768.73,0.00,0.00,4.21
2005-01-27,319208.99,321459.95,317169.06,319405.63,0.00,0.00,4.22
2005-01-28,321334.15,323591.79,319308.58,321551.99,0.00,0.00,4.16
2005-01-31,322010.64,324339.60,319997.36,322311.76,0.00,0.00,4.14
2005-02-01,321664.90,323974.74,319647.96,321943.31,0.00,0.00,4.15
2005-02-02,321859.47,324162.39,319853.40,322141.96,0.00,0.00,4.15
2005-02-03,320971.97,323268.54,318969.26,321251.50,0.00,0.00,4.18
2005-02-04,324052.77,326363.01,322074.69,324370.82,0.00,0.00,4.09
2005-02-07,324940.00,327281.75,322981.42,325309.05,0.00,0.00,4.07
2005-02-08,325671.21,328018.23,323727.53,326060.54,0.00,0.00,4.05
2005-02-09,327246.93,329596.85,325294.81,327630.72,0.00,0.00,4.00
2005-02-10,324733.70,327073.97,322758.31,325084.34,0.00,0.00,4.07
2005-02-11,323712.35,326087.07,321735.44,324095.66,0.00,0.00,4.10
2005-02-14,324591.97,326981.53,322630.25,325005.37,0.00,0.00,4.08
2005-02-15,323695.20,326094.89,321721.67,324106.72,0.00,0.00,4.10
2005-02-16,321777.27,324162.74,319796.41,322167.19,0.00,0.00,4.16
2005-02-17,320633.88,323002.58,318632.41,320986.32,0.00,0.00,4.19
2005-02-18,318088.01,320478.99,316073.83,318449.67,0.00,0.00,4.27
2005-02-22,317349.34,319767.55,315327.26,317730.07,0.00,0.00,4.29
2005-02-23,317978.33,320401.34,315963.71,318371.37,0.00,0.00,4.27
2005-02-24,317436.47,319855.35,315424.67,317828.22,0.00,0.00,4.29
2005-02-25,318077.13,320509.11,316074.34,318491.00,0.00,0.00,4.27
2005-02-28,315291.21,317750.74,313277.90,315721.72,0.00,0.00,4.36
2005-03-01,314760.16,317207.42,312744.84,315176.43,0.00,0.00,4.38
2005-03-02,314537.01,316982.54,312512.85,314942.64,0.00,0.00,4.38
2005-03-03,314348.85,316792.91,312326.19,314754.52,0.00,0.00,4.39
2005-03-04,316704.44,319175.00,314710.27,317165.27,0.00,0.00,4.32
2005-03-07,317181.94,319664.41,315203.92,317670.91,0.00,0.00,4.31
2005-03-08,314797.23,317269.16,312799.77,315256.02,0.00,0.00,4.38
2005-03-09,310293.05,312729.62,308261.85,310682.47,0.00,0.00,4.52
2005-03-10,311942.82,314400.40,309928.29,312370.00,0.00,0.00,4.48
2005-03-11,309293.69,311746.37,307269.09,309705.71,0.00,0.00,4.56
2005-03-14,310504.36,312998.71,308488.38,310966.54,0.00,0.00,4.52
2005-03-15,309784.59,312273.15,307761.06,310233.37,0.00,0.00,4.54
2005-03-16,310440.22,312926.04,308415.62,310885.23,0.00,0.00,4.52
2005-03-17,311981.90,314472.01,309964.68,312438.69,0.00,0.00,4.47
2005-03-18,310620.75,313124.05,308592.06,311079.01,0.00,0.00,4.51
2005-03-21,310026.95,312541.47,307989.43,310487.43,0.00,0.00,4.53
2005-03-22,307155.77,309678.72,305115.09,307621.28,0.00,0.00,4.63
2005-03-23,307688.24,310191.74,305656.60,308143.57,0.00,0.00,4.61
2005-03-24,308114.02,310636.89,306089.40,308595.69,0.00,0.00,4.60
2005-03-28,306846.63,309382.89,304813.00,307332.45,0.00,0.00,4.64
2005-03-29,308030.87,310561.01,306002.55,308516.03,0.00,0.00,4.60
2005-03-30,309383.32,311908.60,307366.25,309875.07,0.00,0.00,4.56
2005-03-31,311239.02,313763.37,309224.82,311732.84,0.00,0.00,4.50
2005-04-01,312415.24,314949.14,310403.60,312921.18,0.00,0.00,4.46
2005-04-04,312226.85,314767.28,310219.33,312743.42,0.00,0.00,4.47
2005-04-05,311764.58,314293.20,309749.08,312261.35,0.00,0.00,4.48
2005-04-06,312922.63,315444.48,310902.43,313408.00,0.00,0.00,4.44
2005-04-07,311354.32,313871.57,309321.01,311821.82,0.00,0.00,4.49
2005-04-08,311263.44,313796.03,309245.91,311762.08,0.00,0.00,4.50
2005-04-11,312761.42,315330.42,310753.20,313305.71,0.00,0.00,4.45
2005-04-12,314991.99,317571.18,312990.40,315553.20,0.00,0.00,4.38
2005-04-13,314804.02,317373.54,312791.78,315344.88,0.00,0.00,4.38
2005-04-14,315084.45,317648.13,313062.14,315609.37,0.00,0.00,4.37
2005-04-15,318018.50,320589.64,316010.20,318565.09,0.00,0.00,4.27
2005-04-18,318311.51,320909.67,316312.84,318894.68,0.00,0.00,4.27
2005-04-19,320282.19,322879.89,318297.57,320879.17,0.00,0.00,4.21
2005-04-20,319880.10,322458.03,317889.50,320451.38,0.00,0.00,4.22
2005-04-21,316881.29,319451.41,314883.07,317436.98,0.00,0.00,4.32
2005-04-22,318729.35,321322.68,316742.99,319320.17,0.00,0.00,4.26
2005-04-25,318987.78,321624.39,317016.06,319636.38,0.00,0.00,4.26
2005-04-26,318339.97,320963.01,316364.07,318970.83,0.00,0.00,4.28
2005-04-27,319297.58,321920.27,317320.60,319927.05,0.00,0.00,4.25
2005-04-28,321222.85,323844.76,319251.22,321857.04,0.00,0.00,4.19
2005-04-29,320590.68,323223.99,318627.02,321244.20,0.00,0.00,4.21
2005-05-02,320619.85,323269.95,318651.23,321285.06,0.00,0.00,4.21
2005-05-03,320674.68,323325.23,318714.87,321349.23,0.00,0.00,4.21
2005-05-04,320643.80,323277.54,318661.76,321279.22,0.00,0.00,4.20
2005-05-05,320947.10,323558.48,318953.35,321548.51,0.00,0.00,4.19
2005-05-06,318282.26,320913.04,316295.03,318909.38,0.00,0.00,4.28
2005-05-09,318013.93,320667.12,316034.97,318671.65,0.00,0.00,4.29
2005-05-10,319880.32,322532.56,317904.22,320540.08,0.00,0.00,4.23
2005-05-11,320746.05,323388.91,318780.02,321406.69,0.00,0.00,4.21
2005-05-12,321600.09,324241.69,319636.86,322262.34,0.00,0.00,4.18
2005-05-13,323259.78,325881.63,321304.63,323910.62,0.00,0.00,4.12
2005-05-16,323324.15,325988.26,321357.85,324005.76,0.00,0.00,4.13
2005-05-17,323793.69,326453.30,321831.54,324475.05,0.00,0.00,4.12
2005-05-18,325457.71,328114.19,323506.49,326147.04,0.00,0.00,4.07
2005-05-19,324294.33,326932.94,322341.02,324963.74,0.00,0.00,4.11
2005-05-20,323763.06,326422.42,321818.16,324461.55,0.00,0.00,4.13
2005-05-23,325778.18,328470.91,323847.97,326524.76,0.00,0.00,4.07
2005-05-24,326752.76,329436.68,324826.16,327494.26,0.00,0.00,4.04
2005-05-25,325245.86,327917.40,323306.88,325962.50,0.00,0.00,4.08
2005-05-26,324825.40,327476.72,322897.14,325532.73,0.00,0.00,4.08
2005-05-27,324825.06,327467.99,322896.81,325524.05,0.00,0.00,4.08
2005-05-31,327486.32,330184.72,325586.73,328269.48,0.00,0.00,4.00
2005-06-01,330654.14,333327.43,328763.24,331421.25,0.00,0.00,3.91
2005-06-02,331340.10,334027.49,329467.87,332140.07,0.00,0.00,3.89
2005-06-03,328506.87,331171.28,326624.26,329273.40,0.00,0.00,3.98
2005-06-06,329240.95,331928.31,327371.83,330043.93,0.00,0.00,3.96
2005-06-07,330686.84,333377.47,328832.53,331508.07,0.00,0.00,3.92
2005-06-08,329676.41,332367.33,327815.09,330490.82,0.00,0.00,3.95
2005-06-09,328746.89,331421.73,326882.60,329542.28,0.00,0.00,3.98
2005-06-10,326278.06,328932.82,324397.30,327036.75,0.00,0.00,4.05
2005-06-13,324852.70,327562.94,322957.53,325651.96,0.00,0.00,4.09
2005-06-14,323469.86,326168.56,321557.03,324239.78,0.00,0.00,4.13
2005-06-15,323696.25,326396.84,321786.65,324471.31,0.00,0.00,4.12
2005-06-16,324766.63,327467.77,322867.57,325552.92,0.00,0.00,4.09
2005-06-17,324798.40,327516.58,322906.69,325609.04,0.00,0.00,4.09
2005-06-20,324183.25,326921.38,322282.09,325004.16,0.00,0.00,4.11
2005-06-21,325947.78,328717.64,324063.17,326817.01,0.00,0.00,4.06
2005-06-22,329537.23,332312.07,327666.30,330425.39,0.00,0.00,3.95
2005-06-23,329205.94,331994.98,327334.27,330107.46,0.00,0.00,3.96
2005-06-24,330558.64,333359.14,328694.65,331479.36,0.00,0.00,3.92
2005-06-27,331283.26,334141.20,329432.92,332274.89,0.00,0.00,3.90
2005-06-28,329067.29,331923.09,327208.62,330048.30,0.00,0.00,3.97
2005-06-29,328356.04,331188.73,326485.40,329301.94,0.00,0.00,3.99
2005-06-30,330076.98,332933.03,328217.75,331057.72,0.00,0.00,3.94
2005-07-01,326272.48,329129.28,324397.65,327238.04,0.00,0.00,4.06
2005-07-05,324485.45,327368.46,322598.91,325465.17,0.00,0.00,4.11
2005-07-06,325484.27,328359.37,323602.84,326461.32,0.00,0.00,4.08
2005-07-07,326453.06,329303.02,324578.51,327412.11,0.00,0.00,4.05
2005-07-08,324550.62,327400.73,322666.48,325500.04,0.00,0.00,4.11
2005-07-11,324541.25,327449.88,322661.95,325553.74,0.00,0.00,4.11
2005-07-12,323203.61,326116.93,321313.94,324210.22,0.00,0.00,4.15
2005-07-13,322666.67,325558.49,320774.66,323649.53,0.00,0.00,4.17
2005-07-14,322011.02,324905.28,320114.63,322991.85,0.00,0.00,4.19
2005-07-15,322382.72,325288.64,320495.77,323384.68,0.00,0.00,4.18
2005-07-18,320909.01,323851.30,319004.05,321928.89,0.00,0.00,4.22
2005-07-19,321701.36,324650.93,319802.72,322734.87,0.00,0.00,4.20
2005-07-20,322624.62,325582.64,320740.80,323681.55,0.00,0.00,4.17
2005-07-21,319054.61,322029.27,317143.70,320100.55,0.00,0.00,4.28
2005-07-22,320768.42,323767.34,318872.06,321853.25,0.00,0.00,4.23
2005-07-25,320148.72,323199.62,318253.74,321286.59,0.00,0.00,4.25
2005-07-26,320365.44,323410.15,318472.10,321498.82,0.00,0.00,4.24
2005-07-27,319528.02,322564.78,317630.19,320648.90,0.00,0.00,4.27
2005-07-28,321795.31,324845.31,319917.47,322949.67,0.00,0.00,4.20
2005-07-29,319120.92,322170.26,317227.71,320258.96,0.00,0.00,4.28
2005-08-01,317945.01,321015.90,316045.32,319097.86,0.00,0.00,4.32
2005-08-02,317215.35,320279.19,315306.08,318351.48,0.00,0.00,4.34
2005-08-03,318512.63,321580.79,316611.78,319661.63,0.00,0.00,4.30
2005-08-04,317866.75,320928.69,315961.66,319005.25,0.00,0.00,4.32
2005-08-05,315440.12,318503.08,313527.55,316571.94,0.00,0.00,4.40
2005-08-08,314751.21,317864.27,312841.09,315935.26,0.00,0.00,4.42
2005-08-09,315216.55,318309.84,313305.62,316380.16,0.00,0.00,4.41
2005-08-10,315539.33,318627.66,313630.46,316700.10,0.00,0.00,4.40
2005-08-11,317834.51,320945.30,315937.50,319029.73,0.00,0.00,4.32
2005-08-12,320454.47,323599.16,318576.02,321702.29,0.00,0.00,4.24
2005-08-15,319583.25,322744.11,317709.46,320851.79,0.00,0.00,4.27
2005-08-16,320920.64,324078.18,319052.17,322191.33,0.00,0.00,4.23
2005-08-17,319359.82,322502.00,317484.44,320608.17,0.00,0.00,4.28
2005-08-18,321495.68,324642.31,319627.71,322756.05,0.00,0.00,4.21
2005-08-19,321588.13,324760.53,319723.97,322877.97,0.00,0.00,4.21
2005-08-22,321255.70,324433.10,319387.81,322546.73,0.00,0.00,4.22
2005-08-23,321904.12,325079.63,320042.20,323199.35,0.00,0.00,4.20
2005-08-24,322159.59,325337.63,320295.97,323455.62,0.00,0.00,4.19
2005-08-25,322449.59,325630.48,320591.53,323754.09,0.00,0.00,4.18
2005-08-26,321902.21,325086.01,320045.06,323210.48,0.00,0.00,4.20
2005-08-29,321975.72,325168.54,320120.89,323295.32,0.00,0.00,4.20
2005-08-30,323150.96,326322.11,321293.94,324446.87,0.00,0.00,4.16
2005-08-31,327726.24,330900.06,325892.15,329048.20,0.00,0.00,4.02
2005-09-01,327683.76,330755.78,325839.13,328893.85,0.00,0.00,4.02
2005-09-02,327263.71,330340.23,325411.29,328470.39,0.00,0.00,4.03
2005-09-06,325308.44,328425.30,323437.43,326536.36,0.00,0.00,4.09
2005-09-07,323359.54,326482.73,321464.34,324569.23,0.00,0.00,4.15
2005-09-08,323330.11,326453.02,321444.14,324548.82,0.00,0.00,4.15
2005-09-09,323662.24,326788.35,321774.16,324882.04,0.00,0.00,4.14
2005-09-12,322217.56,325379.55,320318.66,323462.02,0.00,0.00,4.18
2005-09-13,323498.84,326656.73,321601.41,324740.78,0.00,0.00,4.14
2005-09-14,322508.04,325647.95,320604.05,323725.42,0.00,0.00,4.17
2005-09-15,320806.00,323937.61,318882.44,321995.27,0.00,0.00,4.22
2005-09-16,319417.36,322568.35,317486.23,320618.17,0.00,0.00,4.26
2005-09-19,319754.36,322933.39,317820.51,320980.32,0.00,0.00,4.25
2005-09-20,319542.74,322760.85,317622.66,320821.43,0.00,0.00,4.26
2005-09-21,321796.95,324987.99,319896.84,323069.04,0.00,0.00,4.19
2005-09-22,321831.28,325006.07,319926.23,323082.24,0.00,0.00,4.19
2005-09-23,319920.45,323084.64,318011.24,321156.55,0.00,0.00,4.25
2005-09-26,318505.33,321704.77,316589.74,319769.95,0.00,0.00,4.30
2005-09-27,318416.06,321606.40,316507.26,319678.48,0.00,0.00,4.30
2005-09-28,319785.04,322989.10,317893.40,321078.51,0.00,0.00,4.26
2005-09-29,318750.14,321960.27,316848.18,320039.15,0.00,0.00,4.29
2005-09-30,317391.79,320620.95,315481.65,318691.37,0.00,0.00,4.34
2005-10-03,315642.19,318926.74,313730.25,316994.91,0.00,0.00,4.39
2005-10-04,315968.37,319256.32,314058.48,317326.55,0.00,0.00,4.38
2005-10-05,316687.81,319966.92,314787.46,318046.90,0.00,0.00,4.36
2005-10-06,316409.71,319685.94,314503.89,317760.39,0.00,0.00,4.37
2005-10-07,316953.52,320235.38,315058.70,318320.95,0.00,0.00,4.35
2005-10-11,315756.91,319107.73,313857.50,317188.15,0.00,0.00,4.39
2005-10-12,313863.35,317194.07,311948.30,315258.69,0.00,0.00,4.45
2005-10-13,312750.31,316061.16,310809.61,314099.92,0.00,0.00,4.48
2005-10-14,312759.94,316062.84,310829.67,314112.19,0.00,0.00,4.48
2005-10-17,312254.50,315624.44,310322.11,313671.20,0.00,0.00,4.50
2005-10-18,312414.48,315770.06,310475.04,313809.78,0.00,0.00,4.49
2005-10-19,313047.53,316409.91,311112.12,314453.71,0.00,0.00,4.47
2005-10-20,313347.39,316721.06,311418.80,314771.71,0.00,0.00,4.46
2005-10-21,315590.67,318988.49,313676.36,317053.57,0.00,0.00,4.39
2005-10-24,313666.27,317075.68,311739.70,315128.17,0.00,0.00,4.45
2005-10-25,311035.03,314423.85,309101.72,312469.48,0.00,0.00,4.54
2005-10-26,309069.43,312436.83,307119.06,310465.21,0.00,0.00,4.60
2005-10-27,310011.13,313380.82,308066.63,311415.17,0.00,0.00,4.57
2005-10-28,309754.40,313137.24,307816.45,311178.13,0.00,0.00,4.58
2005-10-31,310054.49,313472.55,308112.86,311509.51,0.00,0.00,4.57
2005-11-01,309711.49,313117.79,307771.19,311156.15,0.00,0.00,4.58
2005-11-02,308759.33,312155.15,306813.23,310187.65,0.00,0.00,4.61
2005-11-03,307324.74,310720.62,305366.82,308741.06,0.00,0.00,4.65
2005-11-04,307004.80,310397.14,305045.01,308415.70,0.00,0.00,4.66
2005-11-07,307402.31,310830.71,305448.09,308854.69,0.00,0.00,4.65
2005-11-08,309831.17,313278.68,307893.41,311319.35,0.00,0.00,4.57
2005-11-09,307686.10,311125.57,305731.37,309149.00,0.00,0.00,4.64
2005-11-10,310374.11,313827.65,308441.27,311873.31,0.00,0.00,4.55
2005-11-14,308559.48,312032.55,306617.14,310068.34,0.00,0.00,4.61
2005-11-15,310302.69,313787.39,308380.55,311843.67,0.00,0.00,4.56
2005-11-16,312429.27,315905.68,310515.85,313970.97,0.00,0.00,4.49
2005-11-17,313286.24,316772.19,311373.67,314838.34,0.00,0.00,4.46
2005-11-18,312056.96,315537.26,310134.53,313593.39,0.00,0.00,4.50
2005-11-21,313219.82,316705.03,311303.43,314767.31,0.00,0.00,4.46
2005-11-22,314003.34,317440.67,312075.11,315491.34,0.00,0.00,4.43
2005-11-23,312734.27,316206.03,310797.95,314248.21,0.00,0.00,4.47
2005-11-25,314011.30,317481.06,312083.03,315531.48,0.00,0.00,4.43
2005-11-28,314887.69,318399.56,312974.83,316465.37,0.00,0.00,4.41
2005-11-29,312678.45,316173.73,310752.80,314226.56,0.00,0.00,4.48
2005-11-30,312117.91,315598.89,310187.93,313647.39,0.00,0.00,4.49
2005-12-01,311298.94,314778.80,309364.87,312823.11,0.00,0.00,4.52
2005-12-02,311378.87,314851.61,309454.26,312905.54,0.00,0.00,4.52
2005-12-05,309884.30,313372.28,307953.51,311419.76,0.00,0.00,4.57
2005-12-06,312319.00,315818.30,310394.70,313872.44,0.00,0.00,4.49
2005-12-07,311536.59,315019.11,309609.04,313070.01,0.00,0.00,4.52
2005-12-08,313197.76,316658.53,311273.58,314713.09,0.00,0.00,4.47
2005-12-09,310866.28,314301.29,308927.67,312341.26,0.00,0.00,4.54
2005-12-12,310465.07,313951.60,308533.74,311998.57,0.00,0.00,4.56
2005-12-13,311019.72,314512.47,309088.60,312559.67,0.00,0.00,4.54
2005-12-14,313812.80,317304.61,311897.48,315367.98,0.00,0.00,4.45
2005-12-15,313114.62,316606.72,311197.15,314667.87,0.00,0.00,4.47
2005-12-16,313827.13,317319.10,311917.50,315388.22,0.00,0.00,4.45
2005-12-19,313858.43,317407.30,311950.19,315477.49,0.00,0.00,4.45
2005-12-20,313249.29,316791.27,311338.39,314858.77,0.00,0.00,4.47
2005-12-21,312632.94,316151.86,310723.65,314221.08,0.00,0.00,4.49
2005-12-22,314297.18,317810.56,312403.42,315895.63,0.00,0.00,4.44
2005-12-23,316232.85,319767.87,314351.46,317865.45,0.00,0.00,4.38
2005-12-27,317509.25,321083.06,315646.84,319199.68,0.00,0.00,4.34
2005-12-28,316256.16,319799.58,314380.44,317902.85,0.00,0.00,4.38
2005-12-29,316627.34,320183.07,314762.35,318297.14,0.00,0.00,4.37
2005-12-30,316068.51,319642.38,314203.10,317755.87,0.00,0.00,4.39
2006-01-03,316530.87,320134.40,314650.14,318232.26,0.00,0.00,4.37
2006-01-04,316904.52,320487.84,315028.29,318590.39,0.00,0.00,4.36
2006-01-05,316845.37,320428.01,314966.78,318528.18,0.00,0.00,4.36
2006-01-06,316223.88,319815.78,314342.54,317913.06,0.00,0.00,4.38
2006-01-09,316173.25,319772.71,314293.75,317871.82,0.00,0.00,4.38
2006-01-10,314622.09,318220.09,312728.81,316305.16,0.00,0.00,4.43
2006-01-11,313745.27,317357.47,311849.60,315439.97,0.00,0.00,4.46
2006-01-12,315011.93,318622.49,313124.54,316713.47,0.00,0.00,4.42
2006-01-13,317054.90,320688.88,315180.52,318793.01,0.00,0.00,4.36
2006-01-17,317662.86,321336.51,315796.04,319448.10,0.00,0.00,4.34
2006-01-18,317546.66,321210.79,315679.36,319321.95,0.00,0.00,4.34
2006-01-19,316379.83,320038.64,314504.54,318141.67,0.00,0.00,4.38
2006-01-20,316789.66,320461.36,314921.77,318571.83,0.00,0.00,4.37
2006-01-23,317035.54,320726.41,315165.95,318835.06,0.00,0.00,4.36
2006-01-24,315780.31,319464.69,313897.47,317559.89,0.00,0.00,4.40
2006-01-25,312916.92,316592.06,311015.51,314668.31,0.00,0.00,4.49
2006-01-26,311699.26,315360.09,309786.38,313424.75,0.00,0.00,4.53
2006-01-27,311946.25,315618.00,310042.00,313691.35,0.00,0.00,4.52
2006-01-30,311310.49,315030.83,309400.70,313098.22,0.00,0.00,4.54
2006-01-31,311756.94,315458.56,309861.45,313540.56,0.00,0.00,4.53
2006-02-01,310636.78,314333.08,308735.08,312408.76,0.00,0.00,4.57
2006-02-02,310660.53,314373.11,308764.44,312454.35,0.00,0.00,4.57
2006-02-03,311811.71,315546.07,309937.68,313649.59,0.00,0.00,4.54
2006-02-06,311670.42,315443.17,309801.74,313551.87,0.00,0.00,4.55
2006-02-07,310867.09,314622.11,308985.44,312717.74,0.00,0.00,4.57
2006-02-08,310926.72,314682.47,309045.30,312778.32,0.00,0.00,4.56
2006-02-09,311567.41,315330.89,309700.32,313441.26,0.00,0.00,4.54
2006-02-10,310120.34,313890.27,308243.55,311990.67,0.00,0.00,4.59
2006-02-13,310360.74,314141.58,308482.20,312240.16,0.00,0.00,4.58
2006-02-14,309136.22,312910.10,307246.47,310997.28,0.00,0.00,4.62
2006-02-15,309534.83,313297.65,307650.73,311390.64,0.00,0.00,4.61
2006-02-16,310046.09,313807.15,308165.56,311903.81,0.00,0.00,4.59
2006-02-17,311709.46,315490.69,309844.19,313602.80,0.00,0.00,4.54
2006-02-21,310887.75,314691.01,309027.15,312807.64,0.00,0.00,4.57
2006-02-22,312112.13,315906.28,310264.49,314036.18,0.00,0.00,4.53
2006-02-23,311271.48,315079.43,309425.89,313211.27,0.00,0.00,4.56
2006-02-24,310698.98,314499.93,308851.65,312630.00,0.00,0.00,4.58
2006-02-27,310247.06,314066.42,308391.70,312188.22,0.00,0.00,4.59
2006-02-28,311487.90,315306.51,309639.20,313435.14,0.00,0.00,4.55
2006-03-01,310251.42,314062.85,308389.89,312178.45,0.00,0.00,4.59
2006-03-02,308551.17,312341.71,306677.85,310445.38,0.00,0.00,4.64
2006-03-03,307350.66,311126.45,305466.14,309218.79,0.00,0.00,4.68
2006-03-06,305431.88,309199.81,303528.92,307273.38,0.00,0.00,4.74
2006-03-07,305397.29,309164.80,303496.09,307240.14,0.00,0.00,4.74
2006-03-08,305612.28,309382.44,303709.42,307456.10,0.00,0.00,4.73
2006-03-09,305411.32,309179.00,303506.95,307251.14,0.00,0.00,4.74
2006-03-10,304806.33,308574.39,302898.09,306642.55,0.00,0.00,4.76
2006-03-13,304381.07,308183.00,302469.06,306247.11,0.00,0.00,4.77
2006-03-14,306321.50,310124.04,304409.64,308188.45,0.00,0.00,4.71
2006-03-15,305597.17,309398.58,303670.77,307448.21,0.00,0.00,4.73
2006-03-16,308026.02,311825.95,306108.10,309884.37,0.00,0.00,4.65
2006-03-17,307136.48,310933.34,305209.40,308982.44,0.00,0.00,4.68
2006-03-20,307716.92,311528.86,305797.04,309585.21,0.00,0.00,4.66
2006-03-21,306193.39,310010.09,304274.03,308066.80,0.00,0.00,4.71
2006-03-22,306361.13,310172.04,304446.56,308233.66,0.00,0.00,4.70
2006-03-23,305507.94,309308.24,303592.85,307369.33,0.00,0.00,4.73
2006-03-24,307395.26,311195.32,305488.46,309264.95,0.00,0.00,4.67
2006-03-27,306380.90,310184.18,304464.66,308244.15,0.00,0.00,4.70
2006-03-28,303729.22,307523.01,301806.49,305576.27,0.00,0.00,4.79
2006-03-29,303063.69,306849.17,301123.20,304884.43,0.00,0.00,4.81
2006-03-30,301564.14,305338.64,299611.20,303361.26,0.00,0.00,4.86
2006-03-31,301541.93,305292.89,299587.59,303314.24,0.00,0.00,4.86
2006-04-03,300975.25,304757.86,299024.17,302782.26,0.00,0.00,4.88
2006-04-04,301163.26,304940.49,299201.95,302954.57,0.00,0.00,4.87
2006-04-05,302040.06,305812.75,300078.80,303827.00,0.00,0.00,4.84
2006-04-06,300196.08,303961.17,298222.53,301962.88,0.00,0.00,4.90
2006-04-07,298114.64,301853.63,296123.88,299837.91,0.00,0.00,4.97
2006-04-10,298049.54,301818.37,296055.14,299798.74,0.00,0.00,4.97
2006-04-11,299272.15,303048.74,297286.22,301037.75,0.00,0.00,4.93
2006-04-12,297761.24,301541.73,295766.54,299521.70,0.00,0.00,4.98
2006-04-13,295729.44,299506.94,293724.76,297476.66,0.00,0.00,5.05
2006-04-17,296837.25,300621.27,294835.95,298594.46,0.00,0.00,5.01
2006-04-18,297465.27,301234.35,295458.05,299201.70,0.00,0.00,4.99
2006-04-19,295904.97,299654.28,293882.41,297606.10,0.00,0.00,5.04
2006-04-20,295888.31,299637.41,293868.94,297592.46,0.00,0.00,5.04
2006-04-21,296856.59,300617.97,294852.10,298588.08,0.00,0.00,5.01
2006-04-24,297491.23,301283.58,295495.58,299262.50,0.00,0.00,4.99
2006-04-25,295019.86,298803.47,293006.94,296764.73,0.00,0.00,5.07
2006-04-26,293723.81,297505.89,291706.25,295462.36,0.00,0.00,5.12
2006-04-27,294608.15,298363.76,292580.91,296310.67,0.00,0.00,5.09
2006-04-28,295091.76,298838.36,293063.03,296783.87,0.00,0.00,5.07
2006-05-01,293087.43,296861.32,291045.01,294792.60,0.00,0.00,5.14
2006-05-02,293711.77,297493.70,291679.54,295435.30,0.00,0.00,5.12
2006-05-03,292818.93,296604.41,290781.76,294540.91,0.00,0.00,5.15
2006-05-04,292577.19,296367.07,290545.11,294308.67,0.00,0.00,5.16
2006-05-05,293742.75,297540.18,291711.86,295483.04,0.00,0.00,5.12
2006-05-08,293765.89,297586.27,291745.01,295539.11,0.00,0.00,5.12
2006-05-09,293493.98,297310.83,291468.21,295258.71,0.00,0.00,5.13
2006-05-10,293556.36,297374.01,291538.79,295330.21,0.00,0.00,5.13
2006-05-11,293038.05,296818.84,291008.22,294762.82,0.00,0.00,5.14
2006-05-12,291462.72,295230.67,289419.81,293161.36,0.00,0.00,5.19
2006-05-15,292591.89,296389.48,290551.85,294322.96,0.00,0.00,5.15
2006-05-16,294075.75,297869.93,292043.96,295811.92,0.00,0.00,5.10
2006-05-17,292305.69,296084.55,290259.36,294011.76,0.00,0.00,5.16
2006-05-18,294839.45,298635.91,292814.90,296585.29,0.00,0.00,5.08
2006-05-19,295818.79,299643.06,293808.95,297607.23,0.00,0.00,5.05
2006-05-22,296088.38,299931.35,294073.33,297890.15,0.00,0.00,5.04
2006-05-23,295224.78,299056.54,293211.52,297017.15,0.00,0.00,5.07
2006-05-24,296329.48,300152.73,294318.04,298115.35,0.00,0.00,5.03
2006-05-25,295200.37,299024.23,293180.17,296977.87,0.00,0.00,5.07
2006-05-26,295521.71,299357.33,293499.99,297309.37,0.00,0.00,5.06
2006-05-30,294608.00,298446.90,292584.41,296396.95,0.00,0.00,5.09
2006-05-31,293728.00,297585.64,291709.47,295540.60,0.00,0.00,5.12
2006-06-01,294022.95,297869.34,292006.10,295826.11,0.00,0.00,5.11
2006-06-02,297294.70,301145.69,295286.48,299111.46,0.00,0.00,5.00
2006-06-05,296745.30,300612.06,294750.61,298591.37,0.00,0.00,5.02
2006-06-06,297139.68,301019.21,295151.69,299005.27,0.00,0.00,5.01
2006-06-07,296822.91,300705.93,294836.36,298693.40,0.00,0.00,5.02
2006-06-08,297492.04,301383.82,295512.59,299378.47,0.00,0.00,5.00
2006-06-09,298138.18,302046.07,296170.59,300052.69,0.00,0.00,4.98
2006-06-12,297911.48,301862.33,295944.20,299868.96,0.00,0.00,4.99
2006-06-13,298524.59,302483.58,296560.78,300493.72,0.00,0.00,4.97
2006-06-14,296078.28,300035.25,294106.85,298037.48,0.00,0.00,5.05
2006-06-15,294699.99,298630.96,292721.77,296626.36,0.00,0.00,5.10
2006-06-16,293789.38,297730.86,291799.15,295713.93,0.00,0.00,5.13
2006-06-19,293428.19,297410.05,291441.27,295396.17,0.00,0.00,5.14
2006-06-20,293130.76,297101.06,291142.18,295085.54,0.00,0.00,5.15
2006-06-21,293013.63,296974.81,291028.70,294963.05,0.00,0.00,5.16
2006-06-22,291780.34,295732.35,289785.12,293710.10,0.00,0.00,5.20
2006-06-23,290905.02,294867.59,288904.84,292840.16,0.00,0.00,5.23
2006-06-26,290316.96,294308.80,288312.03,292276.30,0.00,0.00,5.25
2006-06-27,291448.95,295448.87,289453.85,293426.39,0.00,0.00,5.21
2006-06-28,290336.55,294321.20,288333.00,292290.15,0.00,0.00,5.25
2006-06-29,291231.31,295190.84,289224.96,293157.21,0.00,0.00,5.22
2006-06-30,293360.07,297333.47,291368.89,295315.32,0.00,0.00,5.15
2006-07-03,293199.28,297223.22,291204.17,295200.73,0.00,0.00,5.15
2006-07-05,291036.06,295037.79,289032.93,293007.12,0.00,0.00,5.23
2006-07-06,292162.12,296171.83,290167.43,294149.76,0.00,0.00,5.19
2006-07-07,293750.27,297759.14,291765.70,295747.48,0.00,0.00,5.14
2006-07-10,293948.25,297990.02,291965.03,295979.53,0.00,0.00,5.13
2006-07-11,294801.14,298839.50,292824.79,296836.07,0.00,0.00,5.10
2006-07-12,294766.63,298804.51,292793.54,296804.39,0.00,0.00,5.10
2006-07-13,295474.18,299498.99,293501.74,297499.67,0.00,0.00,5.08
2006-07-14,295723.54,299744.14,293746.05,297739.76,0.00,0.00,5.07
2006-07-17,295720.80,299771.75,293747.89,297771.82,0.00,0.00,5.07
2006-07-18,293956.08,298005.51,291972.81,295994.92,0.00,0.00,5.13
2006-07-19,296060.18,300100.57,294085.69,298099.14,0.00,0.00,5.06
2006-07-20,296846.02,300866.64,294871.88,298865.76,0.00,0.00,5.03
2006-07-21,296357.31,300378.92,294379.99,298374.76,0.00,0.00,5.05
2006-07-24,296304.60,300340.71,294323.58,298332.71,0.00,0.00,5.05
2006-07-25,295663.72,299675.92,293682.58,297667.89,0.00,0.00,5.07
2006-07-26,296471.26,300463.95,294491.82,298457.85,0.00,0.00,5.04
2006-07-27,295874.58,299851.63,293889.48,297839.85,0.00,0.00,5.07
2006-07-28,297763.03,301727.22,295786.38,299724.25,0.00,0.00,5.00
2006-07-31,297994.48,301984.72,296015.97,299979.71,0.00,0.00,4.99
2006-08-01,298022.24,302012.85,296040.49,300004.56,0.00,0.00,4.99
2006-08-02,298903.82,302906.23,296930.57,300906.56,0.00,0.00,4.96
2006-08-03,298956.04,302966.83,296991.12,300975.55,0.00,0.00,4.96
2006-08-04,300414.28,304413.76,298451.52,302424.88,0.00,0.00,4.91
2006-08-07,299977.14,304009.33,298017.89,302023.75,0.00,0.00,4.93
2006-08-08,299834.48,303833.95,297864.89,301838.08,0.00,0.00,4.93
2006-08-09,299860.65,303852.76,297888.49,301854.34,0.00,0.00,4.92
2006-08-10,299537.06,303532.55,297556.11,301525.18,0.00,0.00,4.93
2006-08-11,298364.99,302375.52,296383.87,300367.76,0.00,0.00,4.97
2006-08-14,297453.12,301481.95,295469.87,299471.84,0.00,0.00,5.00
2006-08-15,299614.28,303633.91,297647.13,301640.36,0.00,0.00,4.93
2006-08-16,301375.04,305395.06,299411.92,303405.75,0.00,0.00,4.87
2006-08-17,301396.88,305432.68,299435.16,303444.69,0.00,0.00,4.87
2006-08-18,302363.88,306420.39,300404.25,304434.48,0.00,0.00,4.84
2006-08-21,302847.76,306902.99,300891.56,304920.59,0.00,0.00,4.82
2006-08-22,302924.69,306973.16,300972.13,304994.50,0.00,0.00,4.82
2006-08-23,302890.65,306938.67,300939.84,304961.79,0.00,0.00,4.82
2006-08-24,303161.46,307213.10,301217.32,305242.97,0.00,0.00,4.81
2006-08-25,303706.89,307758.02,301762.78,305787.97,0.00,0.00,4.79
2006-08-28,303479.01,307542.68,301536.66,305574.33,0.00,0.00,4.80
2006-08-29,303736.36,307787.88,301799.25,305824.92,0.00,0.00,4.79
2006-08-30,304666.23,308714.49,302724.42,306746.88,0.00,0.00,4.76
2006-08-31,305319.88,309353.29,303385.74,307393.60,0.00,0.00,4.74
2006-09-01,305545.49,309574.02,303608.08,307611.07,0.00,0.00,4.73
2006-09-05,303922.30,307952.87,301971.87,305976.57,0.00,0.00,4.78
2006-09-06,303389.45,307405.15,301438.91,305428.80,0.00,0.00,4.80
2006-09-07,303506.20,307531.25,301555.99,305555.18,0.00,0.00,4.80
2006-09-08,304152.07,308162.24,302202.32,306186.78,0.00,0.00,4.78
2006-09-11,303446.70,307470.96,301492.75,305491.09,0.00,0.00,4.80
2006-09-12,304190.78,308217.09,302246.46,306247.04,0.00,0.00,4.78
2006-09-13,304481.51,308480.37,302539.16,306512.51,0.00,0.00,4.77
2006-09-14,303859.46,307881.39,301918.03,305914.25,0.00,0.00,4.79
2006-09-15,303526.27,307535.99,301586.21,305570.29,0.00,0.00,4.80
2006-09-18,303222.56,307236.06,301280.62,305268.41,0.00,0.00,4.81
2006-09-19,305441.53,309460.85,303507.71,307501.58,0.00,0.00,4.74
2006-09-20,305683.73,309706.23,303758.37,307755.54,0.00,0.00,4.73
2006-09-21,308080.62,312095.08,306162.40,310151.87,0.00,0.00,4.65
2006-09-22,309579.41,313597.49,307667.22,311660.47,0.00,0.00,4.60
2006-09-25,310952.75,314980.66,309050.44,313053.71,0.00,0.00,4.56
2006-09-26,310063.46,314087.82,308162.14,312161.82,0.00,0.00,4.59
2006-09-27,309659.19,313670.34,307752.23,311738.69,0.00,0.00,4.60
2006-09-28,308748.96,312748.32,306831.30,310805.82,0.00,0.00,4.63
2006-09-29,308478.70,312482.50,306566.09,310545.06,0.00,0.00,4.64
2006-10-02,309058.07,313069.38,307142.39,311128.83,0.00,0.00,4.62
2006-10-03,309060.98,313072.33,307145.28,311131.77,0.00,0.00,4.62
2006-10-04,310529.95,314544.40,308618.99,312608.74,0.00,0.00,4.57
2006-10-05,309225.31,313246.74,307304.12,311300.56,0.00,0.00,4.61
2006-10-06,306508.44,310510.29,304573.45,308550.03,0.00,0.00,4.70
2006-10-10,305039.70,309061.57,303103.51,307099.85,0.00,0.00,4.75
2006-10-11,304077.43,308094.42,302138.90,306130.29,0.00,0.00,4.78
2006-10-12,303924.35,307954.95,301980.99,305985.81,0.00,0.00,4.79
2006-10-13,303191.64,307212.52,301244.24,305239.29,0.00,0.00,4.81
2006-10-16,303766.08,307810.19,301825.71,305843.98,0.00,0.00,4.79
2006-10-17,304108.27,308156.93,302164.95,306187.74,0.00,0.00,4.78
2006-10-18,304511.59,308557.80,302576.75,306597.25,0.00,0.00,4.77
2006-10-19,303890.61,307944.18,301950.52,305978.22,0.00,0.00,4.79
2006-10-20,303858.51,307896.04,301921.69,305933.49,0.00,0.00,4.79
2006-10-23,302641.57,306694.03,300697.27,304723.70,0.00,0.00,4.83
2006-10-24,302601.54,306661.24,300660.55,304694.21,0.00,0.00,4.83
2006-10-25,304175.63,308248.63,302240.63,306287.72,0.00,0.00,4.78
2006-10-26,305697.63,309791.01,303770.66,307838.24,0.00,0.00,4.73
2006-10-27,307277.86,311368.72,305358.75,309424.06,0.00,0.00,4.68
2006-10-30,307285.32,311384.17,305366.17,309439.43,0.00,0.00,4.68
2006-10-31,309462.78,313566.82,307557.35,311636.12,0.00,0.00,4.61
2006-11-01,310736.88,314833.87,308836.19,312908.11,0.00,0.00,4.57
2006-11-02,309752.18,313860.06,307847.32,311929.94,0.00,0.00,4.60
2006-11-03,306121.82,310220.88,304208.95,308282.40,0.00,0.00,4.72
2006-11-06,306440.73,310544.06,304529.72,308607.47,0.00,0.00,4.71
2006-11-07,307957.03,312064.85,306048.71,310131.07,0.00,0.00,4.66
2006-11-08,308634.34,312751.18,306733.76,310825.26,0.00,0.00,4.64
2006-11-09,309094.10,313217.08,307193.20,311290.82,0.00,0.00,4.62
2006-11-10,310104.44,314240.90,308213.25,312324.48,0.00,0.00,4.59
2006-11-13,309446.37,313574.05,307554.47,311656.91,0.00,0.00,4.61
2006-11-14,310659.98,314795.86,308779.37,312890.22,0.00,0.00,4.57
2006-11-15,309388.87,313515.79,307503.48,311605.24,0.00,0.00,4.61
2006-11-16,307968.15,312084.03,306074.69,310165.26,0.00,0.00,4.66
2006-11-17,309524.45,313637.26,307636.26,311723.98,0.00,0.00,4.61
2006-11-20,309843.87,313968.89,307959.17,312059.10,0.00,0.00,4.60
2006-11-21,310428.45,314561.26,308549.54,312657.33,0.00,0.00,4.58
2006-11-22,310659.98,314795.86,308779.37,312890.22,0.00,0.00,4.57
2006-11-24,311295.25,315423.60,309418.64,313522.10,0.00,0.00,4.55
2006-11-27,311599.23,315739.62,309724.71,313840.18,0.00,0.00,4.54
2006-11-28,312584.85,316730.30,310713.12,314833.74,0.00,0.00,4.51
2006-11-29,312199.57,316339.91,310322.01,314437.45,0.00,0.00,4.52
2006-11-30,314086.34,318227.48,312221.16,316337.72,0.00,0.00,4.46
2006-12-01,315035.35,319148.53,313162.90,317251.64,0.00,0.00,4.43
2006-12-04,314961.39,319065.51,313085.14,317164.81,0.00,0.00,4.43
2006-12-05,314347.69,318435.73,312462.50,316526.03,0.00,0.00,4.45
2006-12-06,313457.42,317550.00,311574.57,315642.56,0.00,0.00,4.48
2006-12-07,313127.91,317216.19,311243.07,315306.74,0.00,0.00,4.49
2006-12-08,310928.58,315012.11,309038.34,313097.05,0.00,0.00,4.56
2006-12-11,312138.78,316230.19,310254.27,314320.98,0.00,0.00,4.52
2006-12-12,313145.46,317242.01,311260.53,315332.42,0.00,0.00,4.49
2006-12-13,310355.86,314423.90,308458.22,312501.38,0.00,0.00,4.58
2006-12-14,309628.72,313695.19,307728.15,311769.65,0.00,0.00,4.60
2006-12-15,309666.20,313725.19,307762.31,311796.35,0.00,0.00,4.60
2006-12-18,309662.34,313737.20,307758.47,311808.28,0.00,0.00,4.60
2006-12-19,309588.17,313654.10,307680.57,311721.44,0.00,0.00,4.60
2006-12-20,309588.17,313654.10,307680.57,311721.44,0.00,0.00,4.60
2006-12-21,311076.23,315145.72,309174.88,313219.49,0.00,0.00,4.55
2006-12-22,308632.63,312686.01,306717.69,310745.92,0.00,0.00,4.63
2006-12-26,309297.37,313383.33,307393.39,311454.19,0.00,0.00,4.61
2006-12-27,307759.40,311817.13,305847.03,309879.54,0.00,0.00,4.66
2006-12-28,306545.96,310587.69,304632.90,308649.41,0.00,0.00,4.70
2006-12-29,306240.51,310270.34,304325.50,308330.13,0.00,0.00,4.71
2007-01-02,307196.94,311255.15,305294.78,309327.86,0.00,0.00,4.68
2007-01-03,307605.02,311652.80,305705.29,309728.08,0.00,0.00,4.67
2007-01-04,309074.13,313125.37,307180.59,311207.00,0.00,0.00,4.62
2007-01-05,308120.38,312174.95,306224.12,310253.74,0.00,0.00,4.65
2007-01-08,307898.03,311981.32,306003.44,310061.61,0.00,0.00,4.66
2007-01-09,308020.47,312105.39,306126.23,310186.03,0.00,0.00,4.66
2007-01-10,307008.81,311080.31,305105.06,309151.31,0.00,0.00,4.69
2007-01-11,305479.55,309546.47,303566.08,307607.52,0.00,0.00,4.74
2007-01-12,304485.59,308539.27,302562.72,306590.80,0.00,0.00,4.77
2007-01-16,305099.28,309168.98,303180.21,307224.30,0.00,0.00,4.75
2007-01-17,303879.47,307932.89,301952.78,305980.51,0.00,0.00,4.79
2007-01-18,305071.78,309141.11,303155.94,307199.72,0.00,0.00,4.75
2007-01-19,304229.95,308295.87,302312.07,306352.35,0.00,0.00,4.78
2007-01-22,304855.05,308937.15,302942.42,306998.91,0.00,0.00,4.76
2007-01-23,303230.32,307290.67,301303.19,305337.73,0.00,0.00,4.81
2007-01-24,303225.72,307278.22,301298.61,305325.35,0.00,0.00,4.81
2007-01-25,301483.23,305520.18,299538.37,303549.28,0.00,0.00,4.87
2007-01-26,301137.43,305169.76,299194.06,303200.36,0.00,0.00,4.88
2007-01-29,300527.22,304559.10,298580.24,302585.99,0.00,0.00,4.90
2007-01-30,301169.61,305202.36,299222.98,303229.66,0.00,0.00,4.88
2007-01-31,302642.46,306679.39,300708.39,304719.52,0.00,0.00,4.83
2007-02-01,302383.40,306416.87,300454.36,304462.10,0.00,0.00,4.84
2007-02-02,302656.62,306693.73,300722.47,304733.78,0.00,0.00,4.83
2007-02-05,303258.19,307303.32,301327.81,305347.20,0.00,0.00,4.81
2007-02-06,304485.47,308546.97,302562.60,306598.45,0.00,0.00,4.77
2007-02-07,305337.49,309410.36,303418.14,307465.41,0.00,0.00,4.74
2007-02-08,305605.60,309682.05,303689.94,307740.84,0.00,0.00,4.73
2007-02-09,303875.11,307936.28,301948.45,305983.88,0.00,0.00,4.79
2007-02-12,303466.96,307530.47,301538.01,305575.69,0.00,0.00,4.80
2007-02-13,302890.95,306938.97,300954.99,304977.14,0.00,0.00,4.82
2007-02-14,305378.34,309451.76,303454.15,307501.90,0.00,0.00,4.74
2007-02-15,306485.64,310565.95,304567.28,308622.05,0.00,0.00,4.70
2007-02-16,306810.61,310895.24,304895.61,308954.76,0.00,0.00,4.69
2007-02-20,307108.31,311204.80,305195.31,309266.29,0.00,0.00,4.68
2007-02-21,306815.61,310908.20,304900.59,308967.63,0.00,0.00,4.69
2007-02-22,305580.84,309664.80,303658.13,307716.40,0.00,0.00,4.73
2007-02-23,307112.84,311217.28,305199.82,309278.70,0.00,0.00,4.68
2007-02-26,308671.45,312804.65,306768.16,310875.87,0.00,0.00,4.63
2007-02-27,312678.28,316800.86,310783.77,314881.38,0.00,0.00,4.50
2007-02-28,310808.88,314922.78,308907.88,312996.63,0.00,0.00,4.56
2007-03-01,310887.96,314994.93,308980.31,313062.08,0.00,0.00,4.56
2007-03-02,312042.00,316132.14,310138.80,314203.99,0.00,0.00,4.52
2007-03-05,312350.76,316452.97,310449.62,314526.86,0.00,0.00,4.51
2007-03-06,311708.44,315818.24,309806.44,313891.16,0.00,0.00,4.53
2007-03-07,312641.17,316755.23,310745.32,314834.43,0.00,0.00,4.50
2007-03-08,312376.69,316479.24,310475.41,314552.99,0.00,0.00,4.51
2007-03-09,309917.35,314027.42,308008.54,312093.29,0.00,0.00,4.59
2007-03-12,310894.47,315017.50,308986.78,313084.51,0.00,0.00,4.56
2007-03-13,312605.72,316727.35,310690.81,314787.19,0.00,0.00,4.50
2007-03-14,311650.16,315759.19,309729.25,313812.95,0.00,0.00,4.53
2007-03-15,311436.19,315558.40,309518.43,313615.26,0.00,0.00,4.54
2007-03-16,311073.42,315198.83,309155.50,313255.47,0.00,0.00,4.55
2007-03-19,310257.29,314371.87,308335.29,312424.38,0.00,0.00,4.58
2007-03-20,310873.11,314987.87,308953.61,313042.96,0.00,0.00,4.56
2007-03-21,311663.31,315756.49,309739.19,313807.10,0.00,0.00,4.53
2007-03-22,309391.83,313455.18,307448.55,311486.38,0.00,0.00,4.60
2007-03-23,308782.22,312853.44,306836.50,310882.06,0.00,0.00,4.62
2007-03-26,309425.56,313497.31,307478.97,311525.10,0.00,0.00,4.60
2007-03-27,308720.73,312783.20,306766.55,310803.30,0.00,0.00,4.62
2007-03-28,308616.91,312670.08,306659.15,310686.61,0.00,0.00,4.62
2007-03-29,308158.41,312189.72,306205.68,310211.45,0.00,0.00,4.64
2007-03-30,307678.39,311703.43,305723.69,309723.15,0.00,0.00,4.65
2007-04-02,307730.81,311780.25,305774.24,309797.94,0.00,0.00,4.65
2007-04-03,307201.37,311243.84,305244.58,309261.31,0.00,0.00,4.67
2007-04-04,307499.63,311538.13,305544.82,309557.65,0.00,0.00,4.66
2007-04-05,306807.92,310829.45,304845.56,308841.37,0.00,0.00,4.68
2007-04-06,304556.92,308572.42,302595.18,306584.82,0.00,0.00,4.76
2007-04-09,304789.83,308816.24,302826.30,306826.77,0.00,0.00,4.75
2007-04-10,305369.74,309395.96,303402.96,307403.25,0.00,0.00,4.73
2007-04-11,305031.43,309053.19,303067.59,307063.45,0.00,0.00,4.74
2007-04-12,305103.22,309125.93,303143.07,307139.93,0.00,0.00,4.74
2007-04-13,304465.54,308472.01,302503.33,306483.99,0.00,0.00,4.76
2007-04-16,305097.48,309112.27,303146.13,307135.24,0.00,0.00,4.74
2007-04-17,306712.00,310732.27,304765.07,308759.83,0.00,0.00,4.69
2007-04-18,307669.81,311678.92,305723.85,309707.60,0.00,0.00,4.66
2007-04-19,307031.40,311032.19,305080.15,309055.51,0.00,0.00,4.68
2007-04-20,306959.57,310967.31,305004.60,308986.82,0.00,0.00,4.68
2007-04-23,307621.46,311629.94,305668.53,309651.56,0.00,0.00,4.66
2007-04-24,308545.10,312557.68,306596.48,310583.72,0.00,0.00,4.63
2007-04-25,307624.04,311624.64,305671.10,309646.30,0.00,0.00,4.66
2007-04-26,306596.48,310591.60,304637.33,308606.92,0.00,0.00,4.69
2007-04-27,306076.42,310056.90,304112.37,308067.31,0.00,0.00,4.71
2007-04-30,308516.58,312528.79,306569.71,310556.60,0.00,0.00,4.63
2007-05-01,308175.67,312167.61,306231.68,310198.43,0.00,0.00,4.64
2007-05-02,307941.52,311938.34,305999.29,309970.90,0.00,0.00,4.65
2007-05-03,307114.98,311108.96,305172.04,309140.76,0.00,0.00,4.68
2007-05-04,308039.38,312045.38,306100.74,310081.53,0.00,0.00,4.65
2007-05-07,308431.32,312442.42,306499.85,310485.83,0.00,0.00,4.64
2007-05-08,308606.73,312612.19,306669.70,310650.01,0.00,0.00,4.63
2007-05-09,307379.16,311344.98,305434.29,309375.01,0.00,0.00,4.67
2007-05-10,307903.32,311844.24,305958.72,309874.75,0.00,0.00,4.65
2007-05-11,307276.83,311178.13,305328.40,309204.97,0.00,0.00,4.67
2007-05-14,306694.67,310612.24,304749.42,308642.14,0.00,0.00,4.69
2007-05-15,306065.39,309951.32,304116.39,307977.57,0.00,0.00,4.71
2007-05-16,306099.68,309946.69,304147.37,307969.85,0.00,0.00,4.71
2007-05-17,304642.69,308502.72,302686.10,306521.34,0.00,0.00,4.76
2007-05-18,303137.68,307040.98,301178.79,305056.87,0.00,0.00,4.81
2007-05-21,303688.57,307622.38,301728.14,305636.56,0.00,0.00,4.79
2007-05-22,302410.41,306335.44,300445.99,304345.52,0.00,0.00,4.83
2007-05-23,301536.28,305442.21,299564.58,303444.98,0.00,0.00,4.86
2007-05-24,301540.75,305431.24,299569.03,303434.08,0.00,0.00,4.86
2007-05-25,301452.79,305326.65,299486.23,303334.82,0.00,0.00,4.86
2007-05-29,301045.51,304937.35,299080.72,302947.16,0.00,0.00,4.88
2007-05-30,301019.40,304903.17,299057.85,302916.30,0.00,0.00,4.88
2007-05-31,300449.47,304302.71,298491.22,302319.35,0.00,0.00,4.90
2007-06-01,298960.16,302809.67,296994.33,300818.53,0.00,0.00,4.95
2007-06-04,299667.02,303533.33,297715.32,301556.45,0.00,0.00,4.93
2007-06-05,298156.22,302003.04,296195.62,300017.15,0.00,0.00,4.98
2007-06-06,298334.40,302152.84,296365.16,300158.40,0.00,0.00,4.97
2007-06-07,294280.20,298061.88,292287.89,296043.97,0.00,0.00,5.11
2007-06-08,293962.11,297709.48,291968.24,295690.20,0.00,0.00,5.12
2007-06-11,293348.42,297110.59,291349.81,295086.35,0.00,0.00,5.14
2007-06-12,289850.10,293574.85,287828.54,291527.31,0.00,0.00,5.26
2007-06-13,291735.45,295461.94,289733.86,293434.78,0.00,0.00,5.20
2007-06-14,290855.08,294562.84,288848.56,292530.75,0.00,0.00,5.23
2007-06-15,292777.55,296464.66,290776.99,294438.91,0.00,0.00,5.16
2007-06-18,293026.45,296761.89,291019.27,294729.13,0.00,0.00,5.15
2007-06-19,294825.17,298568.38,292824.90,296542.71,0.00,0.00,5.09
2007-06-20,293355.89,297125.69,291352.65,295096.71,0.00,0.00,5.14
2007-06-21,292649.31,296402.52,290632.41,294359.75,0.00,0.00,5.16
2007-06-22,293243.55,296996.84,291225.36,294952.81,0.00,0.00,5.14
2007-06-25,294844.87,298664.12,292836.80,296630.05,0.00,0.00,5.09
2007-06-26,294389.56,298202.92,292375.84,296163.11,0.00,0.00,5.10
2007-06-27,294810.95,298584.30,292804.64,296552.31,0.00,0.00,5.09
2007-06-28,293980.21,297742.93,291977.07,295714.14,0.00,0.00,5.12
2007-06-29,296690.22,300472.37,294699.21,298455.97,0.00,0.00,5.03
2007-07-02,297609.68,301472.40,295625.31,299462.27,0.00,0.00,5.00
2007-07-03,296125.44,299968.90,294137.87,297955.53,0.00,0.00,5.05
2007-07-05,292927.51,296736.98,290923.32,294706.73,0.00,0.00,5.16
2007-07-06,291919.39,295700.75,289911.58,293666.94,0.00,0.00,5.19
2007-07-09,292886.66,296710.66,290887.30,294685.20,0.00,0.00,5.16
2007-07-10,296636.58,300494.30,294648.97,298480.84,0.00,0.00,5.03
2007-07-11,294937.22,298780.41,292939.68,296756.85,0.00,0.00,5.09
2007-07-12,293764.12,297599.58,291768.34,295577.74,0.00,0.00,5.13
2007-07-13,294408.02,298251.89,292413.77,296231.60,0.00,0.00,5.11
2007-07-16,296193.79,300083.80,294209.82,298073.78,0.00,0.00,5.05
2007-07-17,295299.77,299178.04,293310.63,297162.78,0.00,0.00,5.08
2007-07-18,297121.19,301000.48,295139.18,298992.59,0.00,0.00,5.02
2007-07-19,296486.75,300365.38,294504.56,298357.25,0.00,0.00,5.04
2007-07-20,298715.77,302615.88,296739.05,300613.35,0.00,0.00,4.96
2007-07-23,298486.62,302422.09,296506.14,300415.50,0.00,0.00,4.97
2007-07-24,299293.71,303224.44,297313.56,301218.28,0.00,0.00,4.94
2007-07-25,299819.86,303734.38,297839.69,301728.36,0.00,0.00,4.92
2007-07-26,303645.56,307539.79,301662.11,305530.90,0.00,0.00,4.79
2007-07-27,303359.02,307233.98,301368.94,305218.47,0.00,0.00,4.80
2007-07-30,302733.12,306646.78,300744.10,304632.05,0.00,0.00,4.82
2007-07-31,304046.35,307969.17,302068.31,305965.61,0.00,0.00,4.78
2007-08-01,304549.72,308455.55,302576.60,306457.12,0.00,0.00,4.76
2007-08-02,304226.73,308120.60,302254.95,306123.58,0.00,0.00,4.77
2007-08-03,305988.83,309873.78,304009.67,307869.50,0.00,0.00,4.71
2007-08-06,305592.62,309480.40,303606.41,307468.92,0.00,0.00,4.72
2007-08-07,304223.82,308141.11,302241.74,306133.50,0.00,0.00,4.77
2007-08-08,301802.79,305712.18,299803.44,303686.93,0.00,0.00,4.84
2007-08-09,303099.13,306908.43,301078.27,304862.17,0.00,0.00,4.79
2007-08-10,302517.14,306272.45,300495.00,304225.21,0.00,0.00,4.81
2007-08-13,303394.94,307239.16,301375.96,305194.60,0.00,0.00,4.78
2007-08-14,304751.01,308541.89,302732.48,306498.25,0.00,0.00,4.73
2007-08-15,305680.70,309223.64,303634.96,307154.20,0.00,0.00,4.69
2007-08-16,308473.25,311842.10,306424.37,309770.85,0.00,0.00,4.60
2007-08-17,306071.39,309390.36,304012.78,307309.43,0.00,0.00,4.68
2007-08-20,307096.71,310410.99,305041.62,308333.72,0.00,0.00,4.64
2007-08-21,308251.25,311506.54,306204.16,309437.82,0.00,0.00,4.60
2007-08-22,307426.96,310673.54,305391.38,308616.47,0.00,0.00,4.63
2007-08-23,307874.57,311213.10,305856.34,309172.98,0.00,0.00,4.62
2007-08-24,307864.04,311305.51,305869.82,309289.00,0.00,0.00,4.63
2007-08-27,308848.71,312595.25,306860.01,310582.42,0.00,0.00,4.60
2007-08-28,310755.15,314356.91,308743.44,312321.89,0.00,0.00,4.53
2007-08-29,309501.17,312945.01,307490.57,310912.03,0.00,0.00,4.57
2007-08-30,311477.89,314871.54,309469.00,312840.76,0.00,0.00,4.51
2007-08-31,310759.13,314144.94,308757.22,312121.23,0.00,0.00,4.54
2007-09-04,310206.28,313833.62,308202.67,311806.58,0.00,0.00,4.56
2007-09-05,312591.54,316158.28,310591.27,314135.18,0.00,0.00,4.48
2007-09-06,311732.04,315296.99,309731.13,313273.19,0.00,0.00,4.51
2007-09-07,315751.66,319183.74,313759.45,317169.87,0.00,0.00,4.38
2007-09-10,317129.51,320576.57,315150.84,318576.39,0.00,0.00,4.34
2007-09-11,316301.65,319796.72,314339.94,317813.33,0.00,0.00,4.37
2007-09-12,314982.06,318405.77,313012.31,316414.61,0.00,0.00,4.41
2007-09-13,312465.27,315917.95,310491.39,313922.25,0.00,0.00,4.49
2007-09-14,313121.28,316540.90,311146.53,314544.58,0.00,0.00,4.47
2007-09-17,312945.83,316436.04,310981.45,314449.76,0.00,0.00,4.48
2007-09-18,312055.89,315383.51,310066.78,313373.18,0.00,0.00,4.50
2007-09-19,311033.47,314326.15,309024.14,312295.55,0.00,0.00,4.53
2007-09-20,306188.88,309446.04,304158.94,307394.51,0.00,0.00,4.69
2007-09-21,307690.46,310955.67,305667.66,308911.41,0.00,0.00,4.64
2007-09-24,307957.02,311233.00,305939.54,309194.05,0.00,0.00,4.63
2007-09-25,308028.31,311265.37,305997.75,309213.47,0.00,0.00,4.63
2007-09-26,307831.74,311066.73,305802.85,309016.53,0.00,0.00,4.63
2007-09-27,309537.31,312798.20,307519.77,310759.41,0.00,0.00,4.58
2007-09-28,309301.42,312575.76,307285.69,310538.70,0.00,0.00,4.59
2007-10-01,310305.30,313638.22,308308.76,311620.24,0.00,0.00,4.56
2007-10-02,310959.57,314307.52,308962.05,312288.50,0.00,0.00,4.54
2007-10-03,310526.39,313869.69,308531.34,311853.15,0.00,0.00,4.55
2007-10-04,310959.02,314298.97,308966.29,312284.83,0.00,0.00,4.54
2007-10-05,307491.66,310833.96,305477.80,308798.20,0.00,0.00,4.65
2007-10-09,307096.38,310497.64,305096.18,308475.29,0.00,0.00,4.67
2007-10-10,307498.84,310896.64,305500.15,308875.87,0.00,0.00,4.65
2007-10-11,307166.57,310560.70,305155.63,308527.54,0.00,0.00,4.66
2007-10-12,306016.68,309429.62,304006.59,307397.11,0.00,0.00,4.70
2007-10-15,306252.73,309739.25,304239.24,307702.84,0.00,0.00,4.69
2007-10-16,307060.46,310500.85,305037.13,308454.85,0.00,0.00,4.66
2007-10-17,309911.05,313255.71,307896.75,311219.67,0.00,0.00,4.57
2007-10-18,311393.66,314690.15,309385.41,312660.64,0.00,0.00,4.52
2007-10-19,314845.82,318162.63,312849.15,316144.93,0.00,0.00,4.41
2007-10-22,314672.87,318052.70,312689.79,316048.32,0.00,0.00,4.42
2007-10-23,314820.00,318177.09,312829.84,316165.70,0.00,0.00,4.41
2007-10-24,316439.42,319715.96,314454.55,317710.54,0.00,0.00,4.36
2007-10-25,316105.50,319394.87,314120.21,317388.93,0.00,0.00,4.37
2007-10-26,314867.17,318167.99,312876.12,316156.06,0.00,0.00,4.41
2007-10-29,315482.69,318830.60,313502.29,316829.18,0.00,0.00,4.39
2007-10-30,315166.83,318487.03,313185.95,316485.28,0.00,0.00,4.40
2007-10-31,312662.59,315972.51,310674.35,313963.22,0.00,0.00,4.48
2007-11-01,316355.96,319590.88,314379.51,317594.22,0.00,0.00,4.36
2007-11-02,317900.99,321020.62,315921.32,319021.53,0.00,0.00,4.31
2007-11-05,316812.00,320043.42,314828.29,318039.48,0.00,0.00,4.35
2007-11-06,315823.84,319012.63,313834.08,317002.77,0.00,0.00,4.38
2007-11-07,316740.21,319823.96,314731.28,317795.47,0.00,0.00,4.34
2007-11-08,318364.65,321390.34,316335.45,319341.86,0.00,0.00,4.28
2007-11-09,320042.72,323059.61,318031.17,321029.10,0.00,0.00,4.23
2007-11-13,319270.05,322378.43,317273.73,320362.68,0.00,0.00,4.26
2007-11-14,318681.26,321734.62,316684.70,319718.92,0.00,0.00,4.28
2007-11-15,321982.80,324951.55,319984.00,322934.32,0.00,0.00,4.17
2007-11-16,322620.62,325603.57,320624.55,323589.05,0.00,0.00,4.15
2007-11-19,325163.53,328153.22,323168.46,326139.81,0.00,0.00,4.07
2007-11-20,325474.00,328349.01,323461.14,326318.37,0.00,0.00,4.06
2007-11-21,327248.63,330029.53,325217.82,327981.47,0.00,0.00,4.00
2007-11-23,327242.53,330116.27,325228.75,328084.81,0.00,0.00,4.01
2007-11-26,333359.74,336235.59,331379.05,334237.82,0.00,0.00,3.83
2007-11-27,329286.98,332161.69,327289.74,330147.01,0.00,0.00,3.95
2007-11-28,326660.10,329520.30,324665.01,327507.74,0.00,0.00,4.03
2007-11-29,329468.77,332285.55,327489.34,330289.20,0.00,0.00,3.94
2007-11-30,328413.66,331280.74,326407.47,329257.03,0.00,0.00,3.97
2007-12-03,331050.94,333864.16,329041.05,331837.19,0.00,0.00,3.89
2007-12-04,330980.79,333742.16,328972.84,331717.46,0.00,0.00,3.89
2007-12-05,329951.52,332721.33,327924.18,330676.98,0.00,0.00,3.92
2007-12-06,326538.89,329322.20,324493.01,327258.87,0.00,0.00,4.02
2007-12-07,323153.93,325916.73,321091.77,323836.93,0.00,0.00,4.12
2007-12-10,322247.54,325010.90,320182.96,322928.62,0.00,0.00,4.15
2007-12-11,327788.99,330481.42,325729.33,328404.85,0.00,0.00,3.98
2007-12-12,325619.55,328319.38,323563.56,326246.35,0.00,0.00,4.05
2007-12-13,321478.03,324160.12,319400.57,322065.33,0.00,0.00,4.18
2007-12-14,319522.65,322221.41,317445.24,320126.46,0.00,0.00,4.24
2007-12-17,320871.03,323688.82,318796.78,321596.35,0.00,0.00,4.20
2007-12-18,322893.72,325712.61,320841.00,323641.97,0.00,0.00,4.14
2007-12-19,325517.39,328325.59,323485.27,326275.94,0.00,0.00,4.06
2007-12-20,326110.05,328864.45,324085.86,326823.16,0.00,0.00,4.04
2007-12-21,321571.17,324386.81,319523.43,322321.14,0.00,0.00,4.18
2007-12-24,319951.06,322909.33,317896.07,320835.34,0.00,0.00,4.23
2007-12-26,317734.11,320680.08,315668.70,318595.52,0.00,0.00,4.30
2007-12-27,320473.42,323320.80,318422.21,321251.35,0.00,0.00,4.21
2007-12-28,323831.80,326725.71,321796.50,324672.23,0.00,0.00,4.11
2007-12-31,326109.29,329057.21,324085.10,327014.72,0.00,0.00,4.04
2008-01-02,330447.80,333290.01,328432.36,331257.23,0.00,0.00,3.91
2008-01-03,330240.97,333055.83,328214.35,331011.93,0.00,0.00,3.91
2008-01-04,331252.68,334016.31,329209.05,331955.63,0.00,0.00,3.88
2008-01-07,332000.57,334830.43,329967.33,332779.86,0.00,0.00,3.86
2008-01-08,331784.94,334595.83,329745.57,332539.19,0.00,0.00,3.86
2008-01-09,333294.37,336075.04,331255.08,334018.74,0.00,0.00,3.82
2008-01-10,329912.58,332656.53,327836.18,330562.86,0.00,0.00,3.91
2008-01-11,332907.87,335556.40,330838.07,333470.14,0.00,0.00,3.82
2008-01-14,333150.83,335801.30,331092.10,333726.19,0.00,0.00,3.81
2008-01-15,336308.29,338966.51,334271.84,336913.97,0.00,0.00,3.72
2008-01-16,335424.02,338075.25,333371.52,336006.53,0.00,0.00,3.74
2008-01-17,338248.36,340886.97,336203.24,338825.90,0.00,0.00,3.66
2008-01-18,338034.77,340540.76,335966.91,338457.56,0.00,0.00,3.66
2008-01-22,342550.65,344691.69,340463.99,342591.99,0.00,0.00,3.52
2008-01-23,342765.64,344766.17,340680.86,342669.22,0.00,0.00,3.51
2008-01-24,336834.68,339000.97,334734.87,336887.65,0.00,0.00,3.68
2008-01-25,339287.29,341407.93,337210.68,339318.34,0.00,0.00,3.61
2008-01-28,339265.05,341341.69,337186.78,339250.70,0.00,0.00,3.61
2008-01-29,336673.49,338734.27,334587.26,336635.27,0.00,0.00,3.69
2008-01-30,333437.58,335418.17,331326.85,333294.90,0.00,0.00,3.78
2008-01-31,337241.61,339052.82,335142.96,336942.90,0.00,0.00,3.67
2008-02-01,338980.77,340871.51,336884.32,338763.36,0.00,0.00,3.62
2008-02-04,336870.53,338810.51,334753.24,336681.03,0.00,0.00,3.68
2008-02-05,339265.41,341140.18,337141.81,339004.84,0.00,0.00,3.61
2008-02-06,338973.99,340820.83,336835.57,338670.76,0.00,0.00,3.61
2008-02-07,334269.82,336116.98,332096.22,333931.37,0.00,0.00,3.74
2008-02-08,337708.11,339565.53,335552.89,337398.46,0.00,0.00,3.64
2008-02-11,338516.20,340386.83,336369.68,338228.44,0.00,0.00,3.62
2008-02-12,337006.77,338860.34,334847.01,336688.70,0.00,0.00,3.66
2008-02-13,335624.05,337452.64,333438.57,335255.25,0.00,0.00,3.70
2008-02-14,330351.25,332168.21,328122.77,329927.48,0.00,0.00,3.85
2008-02-15,333349.92,335140.23,331147.41,332925.90,0.00,0.00,3.76
2008-02-19,329110.27,330937.44,326912.57,328727.53,0.00,0.00,3.89
2008-02-20,327907.41,329753.35,325733.35,327567.05,0.00,0.00,3.93
2008-02-21,333274.63,335090.42,331095.13,332899.05,0.00,0.00,3.77
2008-02-22,332489.92,334335.85,330300.32,332134.09,0.00,0.00,3.79
2008-02-25,328374.68,330189.27,326181.62,327984.09,0.00,0.00,3.91
2008-02-26,329303.46,331089.09,327099.84,328873.52,0.00,0.00,3.88
2008-02-27,330223.36,331954.15,328022.13,329741.38,0.00,0.00,3.85
2008-02-28,334953.90,336648.78,332763.66,334447.46,0.00,0.00,3.71
2008-02-29,341125.82,342745.94,338945.52,340555.29,0.00,0.00,3.53
2008-03-03,340859.55,342451.93,338673.97,340256.14,0.00,0.00,3.54
2008-03-04,337757.16,339300.06,335538.28,337071.04,0.00,0.00,3.63
2008-03-05,335030.67,336552.43,332788.34,334299.92,0.00,0.00,3.70
2008-03-06,337506.72,338917.32,335255.80,336656.99,0.00,0.00,3.62
2008-03-07,339444.85,340819.58,337196.71,338562.33,0.00,0.00,3.56
2008-03-10,343054.05,344345.60,340832.23,342115.41,0.00,0.00,3.46
2008-03-11,338234.04,339673.97,336029.95,337460.50,0.00,0.00,3.60
2008-03-12,342307.12,343693.44,340134.89,341512.42,0.00,0.00,3.49
2008-03-13,339801.01,341124.35,337605.46,338920.25,0.00,0.00,3.56
2008-03-14,344216.08,345396.00,342035.62,343208.07,0.00,0.00,3.44
2008-03-17,347690.52,348873.34,345504.28,346679.66,0.00,0.00,3.34
2008-03-18,343146.67,344322.93,340975.27,342144.08,0.00,0.00,3.48
2008-03-19,346691.26,347789.77,344554.65,345646.38,0.00,0.00,3.38
2008-03-20,348183.39,349268.57,346071.69,347150.28,0.00,0.00,3.34
2008-03-24,340573.22,341987.82,338451.78,339857.57,0.00,0.00,3.56
2008-03-25,342052.61,343437.90,339935.85,341312.57,0.00,0.00,3.51
2008-03-26,342045.68,343360.02,339902.53,341208.64,0.00,0.00,3.51
2008-03-27,340089.34,341404.99,337934.03,339241.34,0.00,0.00,3.56
2008-03-28,343130.75,344467.05,340974.22,342302.12,0.00,0.00,3.47
2008-03-31,343908.47,345256.72,341749.59,343089.37,0.00,0.00,3.45
2008-04-01,339573.71,340922.56,337414.88,338755.15,0.00,0.00,3.57
2008-04-02,338707.13,340078.87,336564.46,337927.52,0.00,0.00,3.60
2008-04-03,338316.34,339686.50,336176.71,337538.20,0.00,0.00,3.61
2008-04-04,342144.29,343503.35,340018.34,341368.96,0.00,0.00,3.50
2008-04-07,339691.39,341111.13,337571.63,338982.51,0.00,0.00,3.57
2008-04-08,339465.62,340858.02,337337.02,338720.70,0.00,0.00,3.58
2008-04-09,342609.95,343953.10,340483.48,341818.30,0.00,0.00,3.49
2008-04-10,340592.67,341910.26,338470.14,339779.52,0.00,0.00,3.55
2008-04-11,342746.78,343992.75,340625.25,341863.50,0.00,0.00,3.49
2008-04-14,341359.39,342609.17,339224.75,340466.70,0.00,0.00,3.53
2008-04-15,338891.91,340141.44,336748.78,337990.40,0.00,0.00,3.60
2008-04-16,334720.88,336015.76,332559.99,333846.50,0.00,0.00,3.72
2008-04-17,333769.75,335138.79,331624.51,332984.75,0.00,0.00,3.75
2008-04-18,333116.74,334569.41,330972.04,332415.36,0.00,0.00,3.77
2008-04-21,333953.06,335409.37,331826.17,333273.21,0.00,0.00,3.75
2008-04-22,334247.55,335670.52,332130.08,333544.03,0.00,0.00,3.74
2008-04-23,333258.33,334677.09,331136.58,332546.30,0.00,0.00,3.77
2008-04-24,330015.44,331437.48,327899.15,329312.08,0.00,0.00,3.87
2008-04-25,328513.33,329988.47,326387.98,327853.58,0.00,0.00,3.91
2008-04-28,330128.75,331619.70,328008.58,329489.96,0.00,0.00,3.86
2008-04-29,330509.92,332002.59,328386.70,329869.78,0.00,0.00,3.85
2008-04-30,333201.94,334620.46,331092.33,332501.86,0.00,0.00,3.77
2008-05-01,332933.36,334428.35,330830.75,332316.30,0.00,0.00,3.78
2008-05-02,329323.37,330793.62,327212.24,328673.07,0.00,0.00,3.89
2008-05-05,329601.89,331107.53,327476.11,328972.04,0.00,0.00,3.88
2008-05-06,327685.32,329182.20,325540.26,327027.35,0.00,0.00,3.93
2008-05-07,329499.79,330996.43,327355.56,328842.46,0.00,0.00,3.87
2008-05-08,332264.49,333765.08,330120.44,331611.35,0.00,0.00,3.79
2008-05-09,333020.96,334524.97,330888.94,332383.32,0.00,0.00,3.77
2008-05-12,332802.29,334417.35,330673.71,332278.45,0.00,0.00,3.78
2008-05-13,328795.49,330408.14,326666.82,328269.03,0.00,0.00,3.90
2008-05-14,328234.07,329852.46,326104.01,327711.90,0.00,0.00,3.92
2008-05-15,331353.81,332987.59,329230.42,330853.73,0.00,0.00,3.83
2008-05-16,330546.04,332184.39,328422.16,330049.99,0.00,0.00,3.85
2008-05-19,331263.86,332888.61,329140.80,330755.14,0.00,0.00,3.83
2008-05-20,332793.07,334433.95,330669.71,332300.11,0.00,0.00,3.78
2008-05-21,331981.81,333618.69,329866.43,331492.87,0.00,0.00,3.81
2008-05-22,328253.51,329914.49,326134.51,327784.78,0.00,0.00,3.92
2008-05-23,330645.12,332309.64,328530.18,330184.06,0.00,0.00,3.85
2008-05-27,327794.85,329445.02,325663.84,327303.28,0.00,0.00,3.93
2008-05-28,324596.42,326280.91,322459.81,324133.22,0.00,0.00,4.03
2008-05-29,322880.93,324498.00,320734.08,322340.41,0.00,0.00,4.08
2008-05-30,323542.43,325229.83,321410.72,323087.00,0.00,0.00,4.06
2008-06-02,326169.33,327853.54,324026.60,325699.74,0.00,0.00,3.98
2008-06-03,328117.86,329820.63,325982.23,327673.92,0.00,0.00,3.92
2008-06-04,325945.84,327628.89,323786.06,325457.96,0.00,0.00,3.98
2008-06-05,323457.00,325135.58,321292.60,322959.95,0.00,0.00,4.06
2008-06-06,327414.53,329113.65,325261.93,326949.87,0.00,0.00,3.94
2008-06-09,325138.88,326927.17,323031.51,324808.21,0.00,0.00,4.02
2008-06-10,322166.10,324038.07,320055.93,321915.64,0.00,0.00,4.11
2008-06-11,322525.15,324349.14,320401.00,322212.98,0.00,0.00,4.10
2008-06-12,318564.32,320448.33,316454.33,318325.86,0.00,0.00,4.23
2008-06-13,317268.41,319161.17,315157.87,317038.04,0.00,0.00,4.27
2008-06-16,317859.80,319854.74,315758.40,317740.15,0.00,0.00,4.25
2008-06-17,318358.30,320282.26,316235.72,318146.86,0.00,0.00,4.23
2008-06-18,320796.52,322702.03,318686.77,320579.74,0.00,0.00,4.16
2008-06-19,318835.37,320729.23,316727.55,318608.89,0.00,0.00,4.22
2008-06-20,320847.72,322703.73,318741.93,320585.75,0.00,0.00,4.16
2008-06-23,319943.17,321860.16,317852.63,319757.10,0.00,0.00,4.19
2008-06-24,322832.12,324716.31,320742.11,322614.10,0.00,0.00,4.10
2008-06-25,322102.42,323957.35,320008.43,321851.30,0.00,0.00,4.12
2008-06-26,323874.92,325689.78,321775.77,323578.87,0.00,0.00,4.07
2008-06-27,326619.36,328415.80,324542.99,326328.00,0.00,0.00,3.99
2008-06-30,326583.42,328421.91,324497.91,326324.66,0.00,0.00,3.99
2008-07-01,326006.28,327807.78,323913.70,325703.63,0.00,0.00,4.01
2008-07-02,326745.11,328525.33,324660.81,326429.67,0.00,0.00,3.99
2008-07-03,326657.56,328428.85,324562.58,326322.50,0.00,0.00,3.99
2008-07-07,328036.34,329823.59,325940.49,327716.32,0.00,0.00,3.95
2008-07-08,329440.44,331226.81,327353.22,329128.27,0.00,0.00,3.91
2008-07-09,331382.19,333144.78,329294.95,331046.44,0.00,0.00,3.85
2008-07-10,331949.66,333680.90,329860.40,331580.75,0.00,0.00,3.83
2008-07-11,327666.51,329383.90,325571.18,327277.59,0.00,0.00,3.96
2008-07-14,329583.81,331251.53,327495.97,329153.12,0.00,0.00,3.90
2008-07-15,330471.31,332100.74,328364.07,329983.11,0.00,0.00,3.87
2008-07-16,326903.20,328506.57,324761.27,326354.13,0.00,0.00,3.97
2008-07-17,323731.59,325344.54,321598.48,323200.81,0.00,0.00,4.07
2008-07-18,322558.60,324157.36,320437.71,322025.96,0.00,0.00,4.11
2008-07-21,323256.40,324875.36,321141.21,322749.58,0.00,0.00,4.09
2008-07-22,321648.76,323276.33,319532.30,321149.15,0.00,0.00,4.14
2008-07-23,320954.60,322545.42,318831.66,320411.95,0.00,0.00,4.16
2008-07-24,324995.97,326598.40,322886.65,324478.67,0.00,0.00,4.03
2008-07-25,321774.74,323402.94,319643.46,321260.87,0.00,0.00,4.13
2008-07-28,324090.14,325704.88,321959.06,323563.19,0.00,0.00,4.06
2008-07-29,323220.86,324864.75,321096.57,322729.65,0.00,0.00,4.09
2008-07-30,323864.79,325461.64,321737.15,323323.51,0.00,0.00,4.07
2008-07-31,326409.76,328010.71,324284.23,325874.75,0.00,0.00,3.99
2008-08-01,327088.32,328684.13,324967.04,326552.50,0.00,0.00,3.97
2008-08-04,326761.79,328432.14,324636.71,326296.20,0.00,0.00,3.98
2008-08-05,324818.73,326479.15,322681.49,324330.99,0.00,0.00,4.04
2008-08-06,323990.14,325604.38,321840.85,323444.39,0.00,0.00,4.06
2008-08-07,328657.60,330295.10,326533.87,328160.79,0.00,0.00,3.92
2008-08-08,328143.26,329803.68,326029.98,327679.71,0.00,0.00,3.94
2008-08-11,326320.01,328055.68,324195.65,325920.02,0.00,0.00,3.99
2008-08-12,328952.33,330702.00,326828.36,328566.73,0.00,0.00,3.91
2008-08-13,327889.02,329590.60,325763.82,327454.37,0.00,0.00,3.94
2008-08-14,329666.03,331376.83,327553.97,329253.81,0.00,0.00,3.89
2008-08-15,331326.23,333037.07,329228.73,330928.74,0.00,0.00,3.84
2008-08-18,332123.03,333872.37,330028.79,331767.10,0.00,0.00,3.82
2008-08-19,331645.11,333340.42,329537.03,331221.57,0.00,0.00,3.83
2008-08-20,333043.08,334685.19,330937.03,332568.75,0.00,0.00,3.79
2008-08-21,331454.33,333131.51,329352.11,331018.66,0.00,0.00,3.84
2008-08-22,330530.47,332220.09,328438.42,330117.34,0.00,0.00,3.87
2008-08-25,333335.43,335030.76,331255.98,332940.73,0.00,0.00,3.79
2008-08-26,333230.74,334916.91,331152.44,332828.09,0.00,0.00,3.79
2008-08-27,333941.23,335613.70,331862.25,333524.31,0.00,0.00,3.77
2008-08-28,333098.72,334810.08,331043.16,332743.97,0.00,0.00,3.79
2008-08-29,331553.39,333248.24,329474.00,331158.21,0.00,0.00,3.83
2008-09-02,334524.11,336199.50,332461.24,334126.30,0.00,0.00,3.74
2008-09-03,335859.75,337515.75,333790.73,335436.52,0.00,0.00,3.71
2008-09-04,338214.48,339873.32,336149.90,337798.62,0.00,0.00,3.64
2008-09-05,337626.44,339291.14,335570.65,337225.22,0.00,0.00,3.66
2008-09-08,337655.71,339338.04,335616.14,337288.31,0.00,0.00,3.66
2008-09-09,339250.04,340913.97,337222.91,338876.89,0.00,0.00,3.62
2008-09-10,338208.93,339850.24,336169.48,337800.88,0.00,0.00,3.65
2008-09-11,338660.38,340286.33,336620.50,338236.66,0.00,0.00,3.64
2008-09-12,334979.88,336579.49,332914.63,334504.38,0.00,0.00,3.74
2008-09-15,344287.90,345673.33,342235.95,343613.11,0.00,0.00,3.47
2008-09-16,344150.25,345508.36,342119.02,343469.11,0.00,0.00,3.48
2008-09-17,346053.97,346979.90,343998.29,344918.72,0.00,0.00,3.41
2008-09-18,341737.23,342438.76,339682.27,340379.57,0.00,0.00,3.54
2008-09-19,333287.51,334620.03,331207.10,332531.30,0.00,0.00,3.78
2008-09-22,331417.87,332931.81,329319.01,330823.37,0.00,0.00,3.83
2008-09-23,330850.35,332250.27,328736.32,330127.30,0.00,0.00,3.85
2008-09-24,332529.67,333781.60,330393.21,331637.09,0.00,0.00,3.80
2008-09-25,330204.81,331550.67,328109.33,329446.65,0.00,0.00,3.88
2008-09-26,331282.14,332606.64,329195.70,330511.86,0.00,0.00,3.85
2008-09-29,339696.11,341010.23,337632.63,338938.77,0.00,0.00,3.61
2008-09-30,331415.47,332792.03,329315.74,330683.57,0.00,0.00,3.85
2008-10-01,334313.63,335606.93,332233.11,333518.36,0.00,0.00,3.77
2008-10-02,337857.24,338918.99,335754.18,336809.33,0.00,0.00,3.66
2008-10-03,338883.14,339886.59,336779.28,337776.50,0.00,0.00,3.63
2008-10-06,344264.57,345266.09,342181.52,343176.99,0.00,0.00,3.48
2008-10-07,343636.49,344654.02,341535.08,342546.38,0.00,0.00,3.50
2008-10-08,336108.12,337042.32,333989.03,334917.34,0.00,0.00,3.72
2008-10-09,332091.87,333014.90,329945.09,330862.16,0.00,0.00,3.84
2008-10-10,330764.81,331486.74,328609.74,329326.97,0.00,0.00,3.89
2008-10-14,324390.46,325292.09,322219.42,323115.02,0.00,0.00,4.08
2008-10-15,325517.66,326295.73,323319.45,324092.27,0.00,0.00,4.04
2008-10-16,326863.17,327864.94,324641.62,325636.58,0.00,0.00,3.99
2008-10-17,326726.56,327787.22,324471.04,325524.39,0.00,0.00,3.98
2008-10-20,329124.63,330611.05,326895.64,328371.99,0.00,0.00,3.91
2008-10-21,333981.92,335377.79,331743.96,333130.48,0.00,0.00,3.76
2008-10-22,337648.08,338989.29,335443.14,336775.59,0.00,0.00,3.65
2008-10-23,338721.17,340049.08,336554.60,337874.01,0.00,0.00,3.63
2008-10-24,334490.68,335732.65,332289.05,333522.85,0.00,0.00,3.76
2008-10-27,333743.96,334922.59,331552.06,332722.95,0.00,0.00,3.79
2008-10-28,330387.73,331460.28,328176.89,329242.27,0.00,0.00,3.89
2008-10-29,328618.93,329557.89,326378.14,327310.70,0.00,0.00,3.93
2008-10-30,326130.66,326977.89,323869.43,324710.79,0.00,0.00,4.00
2008-10-31,325385.52,326180.16,323085.87,323874.89,0.00,0.00,4.01
2008-11-03,326896.35,327804.94,324577.96,325480.11,0.00,0.00,3.96
2008-11-04,332170.64,333059.42,329883.30,330765.97,0.00,0.00,3.81
2008-11-05,335105.89,335889.49,332845.34,333623.64,0.00,0.00,3.73
2008-11-06,334252.35,334973.22,331973.02,332688.97,0.00,0.00,3.75
2008-11-07,331558.01,332273.07,329281.22,329991.36,0.00,0.00,3.83
2008-11-10,332649.45,333435.93,330384.42,331165.54,0.00,0.00,3.82
2008-11-12,334866.40,335519.04,332602.32,333250.55,0.00,0.00,3.75
2008-11-13,331451.94,332252.80,329143.04,329938.32,0.00,0.00,3.84
2008-11-14,335955.81,336741.39,333682.37,334462.63,0.00,0.00,3.72
2008-11-17,337054.20,337763.61,334786.42,335491.05,0.00,0.00,3.68
2008-11-18,341985.93,342661.32,339744.00,340414.97,0.00,0.00,3.53
2008-11-19,347521.44,348117.54,345316.76,345909.08,0.00,0.00,3.38
2008-11-20,357819.67,358303.32,355733.14,356213.97,0.00,0.00,3.10
2008-11-21,354403.64,354818.23,352304.80,352716.93,0.00,0.00,3.20
2008-11-24,349269.70,349759.93,347180.76,347668.06,0.00,0.00,3.35
2008-11-25,357534.63,358027.18,355487.90,355977.63,0.00,0.00,3.11
2008-11-26,361436.70,361887.68,359429.16,359877.64,0.00,0.00,2.99
2008-11-28,363826.45,364242.60,361828.04,362241.91,0.00,0.00,2.93
2008-12-01,372058.70,372484.26,370112.77,370536.11,0.00,0.00,2.72
2008-12-02,373713.11,374121.15,371773.63,372179.55,0.00,0.00,2.68
2008-12-03,374435.96,374776.68,372488.92,372827.87,0.00,0.00,2.67
2008-12-04,378958.40,379214.59,377048.32,377303.22,0.00,0.00,2.55
2008-12-05,374428.47,374652.40,372523.96,372746.75,0.00,0.00,2.67
2008-12-08,371110.23,371380.41,369197.03,369465.82,0.00,0.00,2.77
2008-12-09,375315.20,375559.17,373415.39,373658.13,0.00,0.00,2.67
2008-12-10,374369.46,374573.89,372452.79,372656.17,0.00,0.00,2.69
2008-12-11,376314.50,376529.78,374402.91,374617.09,0.00,0.00,2.64
2008-12-12,377262.96,377468.97,375353.82,375558.79,0.00,0.00,2.60
2008-12-15,380034.58,380311.25,378152.82,378428.13,0.00,0.00,2.53
2008-12-16,386227.72,386458.70,384385.35,384615.23,0.00,0.00,2.37
2008-12-17,392498.55,392692.47,390756.09,390949.15,0.00,0.00,2.20
2008-12-18,397754.21,397909.37,396075.37,396229.87,0.00,0.00,2.08
2008-12-19,395700.12,395844.18,394024.25,394167.70,0.00,0.00,2.13
2008-12-22,394416.99,394693.88,392736.28,393011.99,0.00,0.00,2.16
2008-12-23,393003.95,393269.63,391357.87,391622.44,0.00,0.00,2.18
2008-12-24,392257.06,392491.66,390606.97,390840.58,0.00,0.00,2.20
2008-12-26,393750.64,393986.12,392113.45,392347.95,0.00,0.00,2.16
2008-12-29,394555.82,394812.30,392891.30,393146.70,0.00,0.00,2.13
2008-12-30,395524.37,395791.76,393898.81,394165.10,0.00,0.00,2.11
2008-12-31,389608.80,389882.32,387903.92,388176.24,0.00,0.00,2.25
2009-01-02,381428.28,381705.97,379663.48,379939.88,0.00,0.00,2.46
2009-01-05,379321.67,379637.27,377472.08,377786.13,0.00,0.00,2.49
2009-01-06,378483.12,378788.18,376612.43,376915.98,0.00,0.00,2.51
2009-01-07,378601.84,378887.31,376715.59,376999.64,0.00,0.00,2.52
2009-01-08,380442.79,380719.76,378548.21,378823.80,0.00,0.00,2.47
2009-01-09,381997.92,382276.02,380087.25,380363.97,0.00,0.00,2.43
2009-01-12,385567.50,385858.22,383694.97,383984.29,0.00,0.00,2.34
2009-01-13,385889.04,386180.01,384015.10,384304.65,0.00,0.00,2.33
2009-01-14,389980.41,390264.33,388156.63,388439.21,0.00,0.00,2.24
2009-01-15,390318.82,390613.13,388502.10,388795.04,0.00,0.00,2.23
2009-01-16,385599.75,385890.50,383767.12,384056.48,0.00,0.00,2.36
2009-01-20,383736.35,384035.66,381862.89,382160.75,0.00,0.00,2.40
2009-01-21,376915.70,377209.69,374958.13,375250.60,0.00,0.00,2.56
2009-01-22,374330.39,374612.64,372321.67,372602.41,0.00,0.00,2.62
2009-01-23,373079.76,373370.77,371057.80,371347.22,0.00,0.00,2.65
2009-01-26,371085.16,371413.19,369038.63,369364.85,0.00,0.00,2.70
2009-01-27,375683.81,375996.37,373690.60,374001.51,0.00,0.00,2.59
2009-01-28,370610.17,370928.14,368559.83,368876.05,0.00,0.00,2.71
2009-01-29,364545.61,364877.33,362473.66,362803.49,0.00,0.00,2.87
2009-01-30,364514.02,364855.18,362432.11,362771.33,0.00,0.00,2.87
2009-02-02,368835.15,369209.11,366785.92,367157.80,0.00,0.00,2.76
2009-02-03,363827.07,364205.40,361739.49,362115.66,0.00,0.00,2.89
2009-02-04,362144.61,362521.19,360057.81,360432.22,0.00,0.00,2.95
2009-02-05,362304.90,362709.90,360223.36,360626.03,0.00,0.00,2.95
2009-02-06,358732.64,359142.97,356625.41,357033.32,0.00,0.00,3.05
2009-02-09,358429.90,358867.81,356339.21,356774.57,0.00,0.00,3.07
2009-02-10,364812.82,365230.10,362745.88,363160.79,0.00,0.00,2.90
2009-02-11,368836.97,369278.02,366814.10,367252.73,0.00,0.00,2.78
2009-02-12,369571.74,369984.86,367535.08,367945.93,0.00,0.00,2.75
2009-02-13,363520.60,363955.30,361421.84,361854.02,0.00,0.00,2.89
2009-02-17,372955.10,373420.45,370914.77,371377.58,0.00,0.00,2.64
2009-02-18,369083.78,369563.47,367044.64,367521.69,0.00,0.00,2.74
2009-02-19,364494.86,364978.06,362399.87,362880.29,0.00,0.00,2.85
2009-02-20,367458.23,367916.72,365394.16,365850.08,0.00,0.00,2.78
2009-02-23,367673.14,368151.01,365629.75,366104.96,0.00,0.00,2.78
2009-02-24,367121.19,367588.80,365099.19,365564.22,0.00,0.00,2.80
2009-02-25,361585.32,362074.06,359544.70,360030.68,0.00,0.00,2.95
2009-02-26,358532.71,358970.75,356525.01,356960.60,0.00,0.00,2.98
2009-02-27,357267.33,357685.26,355209.81,355625.34,0.00,0.00,3.02
2009-03-02,361527.86,361950.77,359479.69,359900.21,0.00,0.00,2.91
2009-03-03,360557.81,360970.22,358502.06,358912.12,0.00,0.00,2.93
2009-03-04,357792.47,358201.72,355738.23,356145.13,0.00,0.00,3.01
2009-03-05,364907.62,365287.08,362916.73,363294.12,0.00,0.00,2.83
2009-03-06,365102.70,365472.88,363122.47,363490.64,0.00,0.00,2.83
2009-03-09,362658.33,363101.41,360645.88,361086.50,0.00,0.00,2.89
2009-03-10,358739.84,359178.14,356694.05,357129.84,0.00,0.00,2.99
2009-03-11,360651.06,361082.32,358620.65,359049.49,0.00,0.00,2.95
2009-03-12,362974.77,363399.38,360964.36,361386.61,0.00,0.00,2.89
2009-03-13,362887.41,363283.63,360855.41,361249.41,0.00,0.00,2.89
2009-03-16,359770.51,360200.72,357703.33,358131.07,0.00,0.00,2.97
2009-03-17,357539.96,357958.21,355470.01,355885.84,0.00,0.00,3.02
2009-03-18,376193.27,376584.47,374196.50,374585.63,0.00,0.00,2.51
2009-03-19,373413.32,373801.63,371428.66,371814.90,0.00,0.00,2.61
2009-03-20,372107.09,372503.71,370105.67,370500.15,0.00,0.00,2.65
2009-03-23,370988.63,371374.42,368976.49,369360.18,0.00,0.00,2.68
2009-03-24,371367.76,371773.24,369388.27,369791.59,0.00,0.00,2.68
2009-03-25,366275.22,366665.62,364266.47,364654.73,0.00,0.00,2.81
2009-03-26,368180.32,368553.62,366202.36,366573.66,0.00,0.00,2.76
2009-03-27,367805.63,368178.55,365838.91,366209.83,0.00,0.00,2.78
2009-03-30,369490.64,369894.07,367521.42,367922.70,0.00,0.00,2.73
2009-03-31,370410.82,370824.88,368444.60,368856.47,0.00,0.00,2.71
2009-04-01,371967.45,372363.92,370029.92,370424.32,0.00,0.00,2.68
2009-04-02,368364.44,368757.07,366402.51,366793.05,0.00,0.00,2.77
2009-04-03,362788.69,363184.80,360789.23,361183.16,0.00,0.00,2.91
2009-04-06,361140.78,361516.33,359124.09,359497.54,0.00,0.00,2.95
2009-04-07,362104.96,362472.10,360092.43,360457.53,0.00,0.00,2.93
2009-04-08,364757.26,365127.09,362758.79,363126.59,0.00,0.00,2.86
2009-04-09,361030.08,361396.13,358986.27,359350.25,0.00,0.00,2.96
2009-04-13,364139.57,364489.85,362107.63,362455.95,0.00,0.00,2.88
2009-04-14,367005.39,367339.35,364979.11,365311.22,0.00,0.00,2.80
2009-04-15,366480.86,366804.81,364437.44,364759.59,0.00,0.00,2.82
2009-04-16,364569.15,364881.94,362518.71,362829.74,0.00,0.00,2.86
2009-04-17,360109.62,360446.66,358035.17,358370.27,0.00,0.00,2.98
2009-04-20,363974.59,364296.33,361935.58,362255.52,0.00,0.00,2.88
2009-04-21,361591.37,361911.01,359536.08,359853.89,0.00,0.00,2.94
2009-04-22,359809.15,360108.51,357731.66,358029.29,0.00,0.00,2.98
2009-04-23,360586.58,360877.21,358519.06,358808.02,0.00,0.00,2.96
2009-04-24,357728.05,358016.38,355633.09,355919.73,0.00,0.00,3.03
2009-04-27,360690.21,360971.55,358610.44,358890.15,0.00,0.00,2.95
2009-04-28,356786.24,357073.81,354675.57,354961.44,0.00,0.00,3.05
2009-04-29,354089.42,354347.21,351976.23,352232.47,0.00,0.00,3.12
2009-04-30,352807.59,353073.61,350677.22,350941.63,0.00,0.00,3.16
2009-05-01,351178.07,351461.12,349026.41,349307.72,0.00,0.00,3.21
2009-05-04,352039.08,352341.12,349900.26,350200.47,0.00,0.00,3.19
2009-05-05,351852.31,352163.34,349715.09,350024.22,0.00,0.00,3.20
2009-05-06,352216.26,352509.30,350080.39,350371.65,0.00,0.00,3.18
2009-05-07,347889.38,348178.82,345707.96,345995.58,0.00,0.00,3.29
2009-05-08,348082.80,348363.35,345901.62,346180.41,0.00,0.00,3.29
2009-05-11,352327.40,352602.22,350171.06,350444.19,0.00,0.00,3.17
2009-05-12,352488.58,352763.52,350337.32,350610.59,0.00,0.00,3.17
2009-05-13,354786.24,355062.98,352660.09,352935.16,0.00,0.00,3.11
2009-05-14,355177.16,355435.74,353061.63,353318.66,0.00,0.00,3.10
2009-05-15,353788.82,354055.58,351663.54,351928.70,0.00,0.00,3.14
2009-05-18,350700.89,350974.44,348551.12,348823.00,0.00,0.00,3.22
2009-05-19,349560.33,349823.91,347403.10,347665.04,0.00,0.00,3.25
2009-05-20,351829.56,352085.70,349698.06,349952.65,0.00,0.00,3.19
2009-05-21,345931.14,346200.97,343747.53,344015.66,0.00,0.00,3.35
2009-05-22,342303.21,342570.21,340094.97,340360.25,0.00,0.00,3.45
2009-05-26,340180.52,340445.86,337968.05,338231.66,0.00,0.00,3.50
2009-05-27,333150.61,333401.82,330890.43,331139.92,0.00,0.00,3.71
2009-05-28,334554.77,334824.42,332331.47,332599.33,0.00,0.00,3.67
2009-05-29,341426.59,341692.90,339261.93,339526.56,0.00,0.00,3.47
2009-06-01,332993.70,333244.79,330774.26,331023.67,0.00,0.00,3.71
2009-06-02,334854.74,335089.82,332657.40,332890.93,0.00,0.00,3.65
2009-06-03,337993.44,338221.93,335805.94,336032.96,0.00,0.00,3.56
2009-06-04,332444.78,332686.81,330223.08,330463.49,0.00,0.00,3.72
2009-06-05,328437.87,328736.74,326263.49,326560.38,0.00,0.00,3.84
2009-06-08,326471.13,326768.20,324307.12,324602.23,0.00,0.00,3.91
2009-06-09,328063.36,328327.78,325879.20,326141.86,0.00,0.00,3.86
2009-06-10,324260.99,324522.34,322043.82,322303.39,0.00,0.00,3.98
2009-06-11,327612.18,327876.24,325414.25,325676.53,0.00,0.00,3.88
2009-06-12,329579.62,329828.12,327393.91,327640.77,0.00,0.00,3.81
2009-06-15,331420.03,331669.93,329239.40,329487.65,0.00,0.00,3.76
2009-06-16,334669.80,334930.85,332527.78,332787.15,0.00,0.00,3.67
2009-06-17,334350.38,334619.87,332206.85,332474.61,0.00,0.00,3.68
2009-06-18,328243.18,328533.34,326071.16,326359.39,0.00,0.00,3.86
2009-06-19,330728.23,331011.99,328582.23,328864.15,0.00,0.00,3.79
2009-06-22,333386.43,333681.14,331261.97,331554.79,0.00,0.00,3.72
2009-06-23,335996.89,336293.90,333903.42,334198.58,0.00,0.00,3.65
2009-06-24,333444.49,333721.91,331330.44,331606.10,0.00,0.00,3.72
2009-06-25,339119.31,339392.63,337025.10,337296.74,0.00,0.00,3.55
2009-06-26,340250.68,340524.92,338158.11,338430.67,0.00,0.00,3.52
2009-06-29,340411.01,340729.61,338316.14,338632.78,0.00,0.00,3.51
2009-06-30,339826.29,340135.52,337727.22,338034.53,0.00,0.00,3.53
2009-07-01,339076.88,339367.80,336962.65,337251.76,0.00,0.00,3.55
2009-07-02,340605.10,340888.48,338489.40,338771.02,0.00,0.00,3.51
2009-07-06,340376.18,340623.98,338245.32,338491.57,0.00,0.00,3.52
2009-07-07,342116.72,342365.79,339997.16,340244.68,0.00,0.00,3.47
2009-07-08,347344.20,347579.02,345243.86,345477.26,0.00,0.00,3.33
2009-07-09,343100.11,343340.98,340962.96,341202.32,0.00,0.00,3.44
2009-07-10,347380.54,347615.38,345265.69,345499.10,0.00,0.00,3.32
2009-07-13,345281.59,345532.97,343152.62,343402.44,0.00,0.00,3.38
2009-07-14,340772.41,341020.50,338601.20,338847.71,0.00,0.00,3.50
2009-07-15,336203.30,336456.81,334016.24,334268.09,0.00,0.00,3.63
2009-07-16,337648.35,337894.16,335458.72,335702.94,0.00,0.00,3.59
2009-07-17,334759.58,335012.00,332548.71,332799.46,0.00,0.00,3.67
2009-07-20,336969.77,337215.09,334770.22,335013.94,0.00,0.00,3.61
2009-07-21,340881.01,341120.32,338704.09,338941.87,0.00,0.00,3.50
2009-07-22,338038.97,338285.07,335846.16,336090.67,0.00,0.00,3.58
2009-07-23,332960.04,333211.10,330751.46,331000.85,0.00,0.00,3.72
2009-07-24,333708.84,333960.46,331500.91,331750.87,0.00,0.00,3.70
2009-07-27,331725.71,331958.59,329502.52,329733.84,0.00,0.00,3.75
2009-07-28,332965.92,333191.02,330770.51,330994.12,0.00,0.00,3.72
2009-07-29,334048.46,334274.29,331891.01,332115.38,0.00,0.00,3.69
2009-07-30,334901.68,335136.80,332763.22,332996.83,0.00,0.00,3.67
2009-07-31,340413.47,340643.60,338308.84,338537.55,0.00,0.00,3.52
2009-08-03,335495.28,335739.53,333373.08,333615.79,0.00,0.00,3.66
2009-08-04,334184.90,334428.19,332046.39,332288.13,0.00,0.00,3.70
2009-08-05,330723.19,330972.56,328550.38,328798.11,0.00,0.00,3.80
2009-08-06,331229.83,331470.97,329068.99,329308.56,0.00,0.00,3.79
2009-08-07,327867.29,328123.02,325696.79,325950.84,0.00,0.00,3.89
2009-08-10,331130.93,331380.61,328981.80,329229.86,0.00,0.00,3.80
2009-08-11,334303.26,334546.64,332181.02,332422.86,0.00,0.00,3.71
2009-08-12,333167.43,333409.99,331014.21,331255.20,0.00,0.00,3.72
2009-08-13,337723.13,337969.00,335596.69,335841.01,0.00,0.00,3.59
2009-08-14,339194.70,339424.01,337070.38,337298.25,0.00,0.00,3.55
2009-08-17,341781.32,342021.26,339669.70,339908.15,0.00,0.00,3.48
2009-08-18,340638.05,340877.19,338524.77,338762.42,0.00,0.00,3.51
2009-08-19,342812.12,343034.97,340714.76,340936.24,0.00,0.00,3.45
2009-08-20,343982.45,344215.00,341909.81,342140.95,0.00,0.00,3.42
2009-08-21,338862.27,339091.35,336760.09,336987.75,0.00,0.00,3.56
2009-08-24,341892.59,342123.72,339817.58,340047.31,0.00,0.00,3.48
2009-08-25,343163.88,343395.88,341106.17,341336.77,0.00,0.00,3.45
2009-08-26,343621.82,343845.19,341569.02,341791.06,0.00,0.00,3.44
2009-08-27,342429.47,342660.96,340363.52,340593.62,0.00,0.00,3.47
2009-08-28,342970.13,343193.08,340905.13,341126.73,0.00,0.00,3.46
2009-08-31,344907.42,345122.66,342842.66,343056.61,0.00,0.00,3.40
2009-09-01,345564.42,345771.08,343485.27,343690.69,0.00,0.00,3.38
2009-09-02,348927.97,349127.57,346880.86,347079.29,0.00,0.00,3.29
2009-09-03,347363.45,347571.19,345300.35,345506.86,0.00,0.00,3.33
2009-09-04,342966.21,343171.33,340863.23,341067.08,0.00,0.00,3.45
2009-09-08,342280.24,342493.84,340164.33,340376.61,0.00,0.00,3.47
2009-09-09,341818.76,342014.30,339694.57,339888.89,0.00,0.00,3.48
2009-09-10,346494.16,346683.37,344416.75,344604.82,0.00,0.00,3.36
2009-09-11,347164.40,347353.97,345091.14,345279.58,0.00,0.00,3.34
2009-09-14,344368.61,344556.66,342284.18,342471.09,0.00,0.00,3.42
2009-09-15,342470.42,342657.43,340374.22,340560.08,0.00,0.00,3.47
2009-09-16,341975.18,342153.03,339889.39,340066.15,0.00,0.00,3.48
2009-09-17,344395.71,344574.82,342332.52,342510.55,0.00,0.00,3.42
2009-09-18,341871.96,342049.76,339799.75,339976.47,0.00,0.00,3.49
2009-09-21,341919.28,342097.10,339841.67,340018.41,0.00,0.00,3.49
2009-09-22,342880.08,343058.41,340809.17,340986.42,0.00,0.00,3.46
2009-09-23,343528.84,343707.50,341445.25,341622.83,0.00,0.00,3.44
2009-09-24,344862.23,345032.61,342794.02,342963.38,0.00,0.00,3.40
2009-09-25,347176.05,347356.60,345137.47,345316.97,0.00,0.00,3.34
2009-09-28,348453.40,348616.50,346430.86,346593.01,0.00,0.00,3.31
2009-09-29,348528.70,348700.90,346505.91,346677.11,0.00,0.00,3.31
2009-09-30,348554.65,348717.79,346524.71,346686.91,0.00,0.00,3.31
2009-10-01,352077.73,352215.06,350056.83,350193.38,0.00,0.00,3.21
2009-10-02,351075.61,351212.55,349041.30,349177.45,0.00,0.00,3.24
2009-10-05,351136.33,351273.29,349098.31,349234.48,0.00,0.00,3.24
2009-10-06,349874.57,350011.05,347822.09,347957.77,0.00,0.00,3.27
2009-10-07,352296.19,352424.45,350254.18,350381.70,0.00,0.00,3.21
2009-10-08,349808.67,349945.12,347738.49,347874.13,0.00,0.00,3.27
2009-10-09,344722.70,344866.13,342617.60,342760.16,0.00,0.00,3.40
2009-10-13,347017.36,347152.72,344919.47,345054.01,0.00,0.00,3.34
2009-10-14,342866.06,342999.80,340732.18,340865.09,0.00,0.00,3.45
2009-10-15,341487.74,341620.94,339350.32,339482.69,0.00,0.00,3.49
2009-10-16,343793.54,343945.52,341678.00,341829.05,0.00,0.00,3.43
2009-10-19,344575.20,344736.48,342472.40,342632.70,0.00,0.00,3.41
2009-10-20,346629.78,346783.02,344539.38,344691.69,0.00,0.00,3.35
2009-10-21,344092.61,344244.73,341993.09,342144.27,0.00,0.00,3.42
2009-10-22,343329.27,343463.20,341223.21,341356.31,0.00,0.00,3.44
2009-10-23,340965.13,341124.73,338850.82,339009.43,0.00,0.00,3.51
2009-10-26,338114.41,338272.67,335977.83,336135.09,0.00,0.00,3.59
2009-10-27,341746.24,341897.32,339621.37,339771.51,0.00,0.00,3.49
2009-10-28,343425.20,343577.02,341311.73,341462.61,0.00,0.00,3.44
2009-10-29,340010.29,340160.60,337876.10,338025.47,0.00,0.00,3.53
2009-10-30,344498.50,344641.84,342387.06,342529.51,0.00,0.00,3.41
2009-11-02,343221.18,343372.91,341096.92,341247.70,0.00,0.00,3.45
2009-11-03,341213.85,341364.69,339065.94,339215.83,0.00,0.00,3.50
2009-11-04,338799.41,338940.38,336622.43,336762.49,0.00,0.00,3.57
2009-11-05,338957.71,339098.74,336767.86,336907.98,0.00,0.00,3.57
2009-11-06,339920.94,340062.38,337724.17,337864.68,0.00,0.00,3.54
2009-11-09,340526.61,340677.14,338337.45,338487.02,0.00,0.00,3.52
2009-11-10,340812.23,340954.03,338618.44,338759.33,0.00,0.00,3.50
2009-11-12,342358.44,342500.89,340175.35,340316.89,0.00,0.00,3.45
2009-11-13,343193.73,343345.44,341029.18,341179.94,0.00,0.00,3.43
2009-11-16,346973.23,347126.62,344838.66,344991.10,0.00,0.00,3.33
2009-11-17,347055.89,347200.29,344925.55,345069.07,0.00,0.00,3.33
2009-11-18,345831.49,345966.39,343687.85,343821.92,0.00,0.00,3.36
2009-11-19,346316.42,346442.50,344173.95,344299.25,0.00,0.00,3.35
2009-11-20,345890.95,346007.89,343749.79,343866.00,0.00,0.00,3.36
2009-11-23,345685.21,345811.07,343542.16,343667.24,0.00,0.00,3.37
2009-11-24,347621.11,347747.67,345479.98,345605.76,0.00,0.00,3.32
2009-11-25,349139.54,349266.65,347008.30,347134.64,0.00,0.00,3.28
2009-11-27,351575.00,351703.00,349450.94,349578.16,0.00,0.00,3.21
2009-11-30,351679.78,351816.97,349548.20,349684.55,0.00,0.00,3.21
2009-12-01,349146.95,349283.14,346985.11,347120.46,0.00,0.00,3.28
2009-12-02,347883.63,348019.33,345736.53,345871.39,0.00,0.00,3.32
2009-12-03,345114.30,345257.89,342938.26,343080.95,0.00,0.00,3.39
2009-12-04,341879.91,342031.05,339690.64,339840.81,0.00,0.00,3.48
2009-12-07,343193.40,343336.19,341001.30,341143.18,0.00,0.00,3.44
2009-12-08,344515.84,344650.22,342311.28,342444.80,0.00,0.00,3.40
2009-12-09,342951.01,343075.87,340735.63,340859.68,0.00,0.00,3.45
2009-12-10,341203.54,341336.64,338974.52,339106.75,0.00,0.00,3.49
2009-12-11,339288.24,339429.40,337065.95,337206.20,0.00,0.00,3.55
2009-12-14,338990.81,339131.86,336777.65,336917.78,0.00,0.00,3.56
2009-12-15,337628.45,337777.70,335412.14,335560.42,0.00,0.00,3.60
2009-12-16,337314.08,337463.20,335097.93,335246.06,0.00,0.00,3.61
2009-12-17,341349.72,341482.87,339156.63,339288.92,0.00,0.00,3.50
2009-12-18,339426.58,339567.81,337227.72,337368.04,0.00,0.00,3.55
2009-12-21,334623.82,334771.74,332404.29,332551.24,0.00,0.00,3.69
2009-12-22,332359.86,332515.43,330129.61,330284.13,0.00,0.00,3.76
2009-12-23,331886.15,332032.87,329653.38,329799.11,0.00,0.00,3.77
2009-12-24,329999.97,330154.44,327756.22,327909.63,0.00,0.00,3.82
2009-12-28,329226.40,329397.62,326985.88,327155.94,0.00,0.00,3.85
2009-12-29,330277.64,330449.41,328056.60,328227.21,0.00,0.00,3.82
2009-12-30,330903.14,331066.63,328698.09,328860.49,0.00,0.00,3.80
2009-12-31,329251.90,329423.13,327045.37,327215.45,0.00,0.00,3.85
2010-01-04,329213.72,329367.82,326986.35,327139.40,0.00,0.00,3.85
2010-01-05,331835.63,331982.33,329615.42,329761.14,0.00,0.00,3.77
2010-01-06,329067.69,329196.05,326813.67,326941.15,0.00,0.00,3.85
2010-01-07,329171.33,329308.29,326924.77,327060.80,0.00,0.00,3.85
2010-01-08,329735.50,329864.12,327483.95,327611.69,0.00,0.00,3.83
2010-01-11,328982.38,329093.60,326718.89,326829.35,0.00,0.00,3.85
2010-01-12,332924.93,333046.14,330694.25,330814.65,0.00,0.00,3.74
2010-01-13,330646.87,330775.84,328395.22,328523.32,0.00,0.00,3.80
2010-01-14,332416.90,332537.93,330188.09,330308.30,0.00,0.00,3.76
2010-01-15,334383.23,334513.67,332157.53,332287.09,0.00,0.00,3.70
2010-01-19,333492.80,333614.21,331270.48,331391.09,0.00,0.00,3.73
2010-01-20,335316.37,335438.45,333114.58,333235.86,0.00,0.00,3.68
2010-01-21,337441.24,337564.10,335245.01,335367.07,0.00,0.00,3.62
2010-01-22,337416.40,337539.25,335218.43,335340.48,0.00,0.00,3.62
2010-01-25,336019.68,336142.01,333807.30,333928.83,0.00,0.00,3.66
2010-01-26,336230.95,336353.36,334012.54,334134.15,0.00,0.00,3.65
2010-01-27,335964.27,336104.05,333762.80,333901.67,0.00,0.00,3.66
2010-01-28,335261.67,335392.45,333046.87,333176.78,0.00,0.00,3.68
2010-01-29,337231.08,337362.62,335024.09,335154.77,0.00,0.00,3.63
2010-02-01,335494.47,335642.78,333272.61,333419.94,0.00,0.00,3.68
2010-02-02,335859.96,336008.43,333640.32,333787.82,0.00,0.00,3.67
2010-02-03,333676.08,333823.59,331431.99,331578.51,0.00,0.00,3.73
2010-02-04,337461.60,337602.01,335239.63,335379.12,0.00,0.00,3.62
2010-02-05,338692.67,338842.40,336466.22,336614.97,0.00,0.00,3.59
2010-02-08,337687.68,337836.96,335458.62,335606.92,0.00,0.00,3.62
2010-02-09,335839.24,335996.43,333596.69,333752.83,0.00,0.00,3.67
2010-02-10,333873.33,334038.28,331617.11,331780.95,0.00,0.00,3.72
2010-02-11,333341.61,333497.64,331073.30,331228.27,0.00,0.00,3.73
2010-02-12,334579.90,334736.51,332312.00,332467.54,0.00,0.00,3.69
2010-02-16,335655.03,335812.14,333393.66,333549.72,0.00,0.00,3.66
2010-02-17,332877.03,333032.84,330602.47,330757.21,0.00,0.00,3.74
2010-02-18,330998.38,331153.31,328718.95,328872.81,0.00,0.00,3.79
2010-02-19,331451.93,331624.31,329191.94,329363.14,0.00,0.00,3.78
2010-02-22,330747.33,330910.74,328475.93,328638.22,0.00,0.00,3.80
2010-02-23,334741.80,334915.89,332493.72,332666.64,0.00,0.00,3.69
2010-02-24,334457.70,334622.94,332214.99,332379.12,0.00,0.00,3.70
2010-02-25,336464.56,336630.80,334231.19,334396.33,0.00,0.00,3.64
2010-02-26,337689.46,337856.30,335464.93,335630.68,0.00,0.00,3.61
2010-03-01,337649.80,337816.62,335415.64,335581.36,0.00,0.00,3.61
2010-03-02,337332.24,337498.90,335090.37,335255.93,0.00,0.00,3.62
2010-03-03,337036.95,337203.47,334789.12,334954.53,0.00,0.00,3.63
2010-03-04,337837.92,338004.83,335605.95,335771.77,0.00,0.00,3.61
2010-03-05,334937.63,335111.82,332680.10,332853.12,0.00,0.00,3.69
2010-03-08,333839.81,334022.11,331572.30,331753.36,0.00,0.00,3.72
2010-03-09,334097.04,334279.48,331819.76,332000.95,0.00,0.00,3.71
2010-03-10,333499.58,333681.70,331233.38,331414.26,0.00,0.00,3.73
2010-03-11,333598.25,333789.09,331351.17,331540.72,0.00,0.00,3.73
2010-03-12,334428.72,334637.42,332197.92,332405.23,0.00,0.00,3.71
2010-03-15,334338.11,334546.76,332103.20,332310.45,0.00,0.00,3.71
2010-03-16,336140.94,336350.70,333917.04,334125.42,0.00,0.00,3.66
2010-03-17,336535.44,336736.70,334323.35,334523.29,0.00,0.00,3.65
2010-03-18,335508.63,335735.44,333301.16,333526.48,0.00,0.00,3.68
2010-03-19,335141.85,335359.71,332949.84,333166.28,0.00,0.00,3.70
2010-03-22,336034.42,336244.12,333831.31,334039.64,0.00,0.00,3.67
2010-03-23,335370.71,335571.28,333159.45,333358.70,0.00,0.00,3.69
2010-03-24,330216.28,330413.76,327985.83,328181.98,0.00,0.00,3.84
2010-03-25,327608.75,327821.71,325360.81,325572.31,0.00,0.00,3.91
2010-03-26,329239.06,329453.08,326989.74,327202.30,0.00,0.00,3.86
2010-03-29,328663.37,328868.47,326410.22,326613.92,0.00,0.00,3.88
2010-03-30,328828.65,329033.85,326583.59,326787.39,0.00,0.00,3.88
2010-03-31,330209.15,330415.21,327970.79,328175.46,0.00,0.00,3.84
2010-04-01,328661.70,328866.80,326417.23,326620.93,0.00,0.00,3.89
2010-04-02,326186.53,326407.05,323931.30,324150.29,0.00,0.00,3.96
2010-04-05,324520.20,324748.02,322265.91,322492.15,0.00,0.00,4.01
2010-04-06,325446.79,325666.80,323186.87,323405.36,0.00,0.00,3.98
2010-04-07,328641.70,328855.33,326404.34,326616.52,0.00,0.00,3.89
2010-04-08,327891.18,328095.80,325651.64,325854.86,0.00,0.00,3.91
2010-04-09,328386.49,328599.96,326154.50,326366.51,0.00,0.00,3.90
2010-04-12,329625.09,329830.79,327396.05,327600.36,0.00,0.00,3.87
2010-04-13,330565.54,330771.83,328342.52,328547.42,0.00,0.00,3.84
2010-04-14,329050.28,329255.62,326813.03,327016.98,0.00,0.00,3.88
2010-04-15,329708.98,329906.17,327466.48,327662.32,0.00,0.00,3.86
2010-04-16,332144.94,332352.21,329909.55,330115.43,0.00,0.00,3.79
2010-04-19,330677.87,330875.64,328437.65,328634.07,0.00,0.00,3.83
2010-04-20,331175.21,331381.88,328952.39,329157.67,0.00,0.00,3.82
2010-04-21,333043.59,333242.77,330837.37,331035.23,0.00,0.00,3.77
2010-04-22,331828.65,332035.72,329625.30,329831.00,0.00,0.00,3.80
2010-04-23,330507.43,330730.87,328299.55,328521.49,0.00,0.00,3.84
2010-04-26,330916.03,331131.14,328708.31,328921.98,0.00,0.00,3.83
2010-04-27,335105.27,335314.40,332908.15,333115.90,0.00,0.00,3.71
2010-04-28,332040.65,332247.86,329828.57,330034.40,0.00,0.00,3.80
2010-04-29,333538.45,333737.92,331339.17,331537.33,0.00,0.00,3.76
2010-04-30,335946.88,336165.26,333760.73,333977.69,0.00,0.00,3.69
2010-05-03,335000.51,335218.28,332819.61,333035.96,0.00,0.00,3.72
2010-05-04,338312.15,338523.27,336155.74,336365.52,0.00,0.00,3.63
2010-05-05,340123.92,340318.49,337967.46,338160.80,0.00,0.00,3.58
2010-05-06,346560.19,346704.39,344455.33,344598.65,0.00,0.00,3.41
2010-05-07,344791.26,344979.54,342659.73,342846.84,0.00,0.00,3.45
2010-05-10,340446.71,340641.46,338281.22,338474.74,0.00,0.00,3.57
2010-05-11,340629.02,340832.73,338457.49,338659.91,0.00,0.00,3.56
2010-05-12,340020.88,340215.39,337841.67,338034.94,0.00,0.00,3.56
2010-05-13,340646.13,340841.00,338471.86,338665.49,0.00,0.00,3.55
2010-05-14,344818.92,345016.18,342679.08,342875.12,0.00,0.00,3.44
2010-05-17,343636.91,343842.43,341487.40,341691.62,0.00,0.00,3.47
2010-05-18,346893.19,347100.65,344767.45,344973.64,0.00,0.00,3.38
2010-05-19,347474.96,347682.77,345360.89,345567.43,0.00,0.00,3.36
2010-05-20,351601.27,351802.40,349518.34,349718.28,0.00,0.00,3.25
2010-05-21,353447.74,353668.31,351384.95,351604.24,0.00,0.00,3.20
2010-05-24,352210.67,352421.32,350127.79,350337.18,0.00,0.00,3.23
2010-05-25,354200.98,354403.61,352132.58,352334.02,0.00,0.00,3.18
2010-05-26,352972.69,353183.79,350904.01,351113.87,0.00,0.00,3.21
2010-05-27,348005.66,348213.78,345898.02,346104.89,0.00,0.00,3.34
2010-05-28,349233.93,349433.71,347119.01,347317.59,0.00,0.00,3.31
2010-06-01,349937.95,350147.24,347831.81,348039.83,0.00,0.00,3.29
2010-06-02,347724.18,347923.10,345607.60,345805.31,0.00,0.00,3.35
2010-06-03,346284.33,346482.42,344154.18,344351.05,0.00,0.00,3.39
2010-06-04,353216.85,353418.91,351125.79,351326.66,0.00,0.00,3.20
2010-06-07,354291.99,354485.45,352204.41,352396.74,0.00,0.00,3.17
2010-06-08,354097.14,354272.09,352019.15,352193.07,0.00,0.00,3.18
2010-06-09,353377.88,353534.10,351290.92,351446.22,0.00,0.00,3.20
2010-06-10,348509.13,348672.25,346395.49,346557.63,0.00,0.00,3.33
2010-06-11,351940.61,352087.04,349847.66,349993.23,0.00,0.00,3.24
2010-06-14,350288.91,350425.55,348183.50,348319.32,0.00,0.00,3.28
2010-06-15,348794.62,348939.74,346677.45,346821.70,0.00,0.00,3.32
2010-06-16,350677.62,350832.64,348581.01,348735.11,0.00,0.00,3.27
2010-06-17,352851.60,352998.41,350767.75,350913.70,0.00,0.00,3.21
2010-06-18,351806.92,351962.44,349719.69,349874.29,0.00,0.00,3.24
2010-06-21,351048.62,351203.81,348954.54,349108.80,0.00,0.00,3.26
2010-06-22,353983.25,354148.94,351907.16,352071.87,0.00,0.00,3.18
2010-06-23,355937.79,356113.65,353872.78,354047.62,0.00,0.00,3.13
2010-06-24,355296.52,355472.06,353214.10,353388.61,0.00,0.00,3.14
2010-06-25,356046.16,356231.32,353967.20,354151.29,0.00,0.00,3.12
2010-06-28,358797.77,359003.02,356735.45,356939.52,0.00,0.00,3.05
2010-06-29,361602.72,361809.57,359562.65,359768.34,0.00,0.00,2.97
2010-06-30,361842.86,362049.86,359811.40,360017.23,0.00,0.00,2.97
2010-07-01,362284.90,362492.15,360272.56,360478.66,0.00,0.00,2.96
2010-07-02,360629.67,360835.98,358592.00,358797.14,0.00,0.00,3.00
2010-07-06,362716.65,362914.71,360693.40,360890.36,0.00,0.00,2.95
2010-07-07,360592.81,360780.34,358543.42,358729.89,0.00,0.00,3.00
2010-07-08,359177.93,359355.39,357114.77,357291.21,0.00,0.00,3.04
2010-07-09,357873.05,358059.17,355802.98,355988.02,0.00,0.00,3.07
2010-07-12,357635.78,357821.77,355557.34,355742.25,0.00,0.00,3.08
2010-07-13,355096.33,355281.00,352998.27,353181.85,0.00,0.00,3.15
2010-07-14,358137.92,358314.87,356060.93,356236.85,0.00,0.00,3.07
2010-07-15,360780.96,360968.59,358726.64,358913.20,0.00,0.00,3.00
2010-07-16,362375.51,362554.55,360320.21,360498.23,0.00,0.00,2.96
2010-07-19,361117.77,361305.58,359049.82,359236.55,0.00,0.00,2.99
2010-07-20,361419.22,361597.78,359347.81,359525.36,0.00,0.00,2.98
2010-07-21,364652.64,364832.80,362619.56,362798.72,0.00,0.00,2.90
2010-07-22,362211.63,362400.00,360152.10,360339.40,0.00,0.00,2.96
2010-07-23,359933.15,360120.34,357855.23,358041.34,0.00,0.00,3.02
2010-07-26,359502.67,359689.63,357424.10,357609.98,0.00,0.00,3.03
2010-07-27,357444.78,357639.97,355352.28,355546.33,0.00,0.00,3.08
2010-07-28,359281.59,359468.44,357179.69,357365.45,0.00,0.00,3.03
2010-07-29,359454.32,359641.26,357337.50,357523.34,0.00,0.00,3.03
2010-07-30,363254.64,363443.55,361171.64,361359.47,0.00,0.00,2.94
2010-08-02,361037.37,361225.13,358925.65,359112.31,0.00,0.00,2.99
2010-08-03,363084.44,363273.27,360968.72,361156.45,0.00,0.00,2.94
2010-08-04,361502.22,361690.23,359389.46,359576.37,0.00,0.00,2.98
2010-08-05,363023.06,363202.42,360912.93,361091.24,0.00,0.00,2.94
2010-08-06,366018.81,366199.65,363931.99,364111.80,0.00,0.00,2.86
2010-08-09,365872.11,366052.88,363781.84,363961.57,0.00,0.00,2.86
2010-08-10,368303.90,368485.87,366213.70,366394.64,0.00,0.00,2.79
2010-08-11,371135.48,371318.84,369080.94,369263.29,0.00,0.00,2.72
2010-08-12,370364.76,370538.12,368314.55,368486.95,0.00,0.00,2.74
2010-08-13,372730.21,372914.37,370715.05,370898.21,0.00,0.00,2.68
2010-08-16,376903.85,377090.07,374948.28,375133.53,0.00,0.00,2.58
2010-08-17,374562.54,374747.60,372589.72,372773.81,0.00,0.00,2.64
2010-08-18,374811.18,374996.36,372855.55,373039.76,0.00,0.00,2.64
2010-08-19,377188.27,377374.63,375261.29,375446.69,0.00,0.00,2.58
2010-08-20,375767.72,375953.37,373847.74,374032.45,0.00,0.00,2.62
2010-08-23,376556.09,376742.14,374632.12,374817.21,0.00,0.00,2.60
2010-08-24,380480.83,380678.70,378590.82,378787.71,0.00,0.00,2.50
2010-08-25,378885.71,379072.91,376989.79,377176.04,0.00,0.00,2.54
2010-08-26,380629.21,380817.27,378760.68,378947.81,0.00,0.00,2.50
2010-08-27,374409.24,374594.23,372474.22,372658.25,0.00,0.00,2.66
2010-08-30,379094.90,379282.20,377197.76,377384.12,0.00,0.00,2.54
2010-08-31,381887.99,382076.67,380016.76,380204.51,0.00,0.00,2.47
2010-09-01,377370.49,377556.94,375452.70,375638.20,0.00,0.00,2.58
2010-09-02,375320.69,375496.37,373375.62,373550.39,0.00,0.00,2.63
2010-09-03,371862.55,372046.27,369887.66,370070.41,0.00,0.00,2.72
2010-09-07,376313.65,376489.79,374383.85,374559.09,0.00,0.00,2.61
2010-09-08,374299.96,374484.89,372354.95,372538.92,0.00,0.00,2.66
2010-09-09,369824.69,370007.41,367842.49,368024.23,0.00,0.00,2.77
2010-09-10,368234.16,368416.09,366236.76,366417.71,0.00,0.00,2.81
2010-09-13,371045.07,371228.40,369057.77,369240.11,0.00,0.00,2.74
2010-09-14,373265.86,373459.98,371283.69,371476.78,0.00,0.00,2.68
2010-09-15,370892.73,371085.62,368878.87,369070.71,0.00,0.00,2.74
2010-09-16,369356.60,369548.69,367320.66,367511.69,0.00,0.00,2.77
2010-09-17,370130.75,370323.24,368094.09,368285.53,0.00,0.00,2.75
2010-09-20,371393.46,371586.61,369363.54,369555.63,0.00,0.00,2.72
2010-09-21,375559.35,375754.66,373552.03,373746.30,0.00,0.00,2.61
2010-09-22,377549.38,377735.92,375573.05,375758.61,0.00,0.00,2.56
2010-09-23,377544.35,377740.70,375569.80,375765.12,0.00,0.00,2.56
2010-09-24,375088.48,375273.80,373083.76,373268.09,0.00,0.00,2.62
2010-09-27,378584.71,378771.76,376615.11,376801.18,0.00,0.00,2.54
2010-09-28,381015.22,381213.37,379057.62,379254.76,0.00,0.00,2.48
2010-09-29,379348.15,379545.44,377384.99,377581.26,0.00,0.00,2.52
2010-09-30,379076.94,379264.23,377109.59,377295.91,0.00,0.00,2.53
2010-10-01,378712.46,378899.57,376729.79,376915.93,0.00,0.00,2.54
2010-10-04,380088.27,380276.06,378105.98,378292.79,0.00,0.00,2.50
2010-10-05,380111.28,380289.20,378110.11,378287.09,0.00,0.00,2.50
2010-10-06,383429.01,383598.51,381459.98,381628.62,0.00,0.00,2.41
2010-10-07,383129.19,383298.56,381135.87,381304.36,0.00,0.00,2.41
2010-10-08,383113.89,383273.30,381108.48,381267.05,0.00,0.00,2.41
2010-10-12,381787.98,381956.76,379762.04,379929.93,0.00,0.00,2.44
2010-10-13,380918.21,381096.51,378867.32,379044.66,0.00,0.00,2.46
2010-10-14,378458.67,378625.97,376387.66,376554.05,0.00,0.00,2.52
2010-10-15,375636.61,375802.67,373526.89,373692.01,0.00,0.00,2.59
2010-10-18,378316.38,378493.46,376220.20,376396.30,0.00,0.00,2.52
2010-10-19,379311.59,379489.13,377228.81,377405.38,0.00,0.00,2.50
2010-10-20,379042.72,379210.28,376957.58,377124.22,0.00,0.00,2.51
2010-10-21,376581.17,376757.44,374474.32,374649.60,0.00,0.00,2.57
2010-10-22,375873.19,376049.12,373771.55,373946.50,0.00,0.00,2.59
2010-10-25,376072.64,376248.67,373992.21,374167.26,0.00,0.00,2.59
2010-10-26,372597.49,372771.89,370484.65,370658.06,0.00,0.00,2.67
2010-10-27,369563.83,369736.81,367435.26,367607.25,0.00,0.00,2.75
2010-10-28,371801.50,371975.53,369656.80,369829.83,0.00,0.00,2.69
2010-10-29,374343.84,374509.33,372212.40,372376.95,0.00,0.00,2.63
2010-11-01,373342.53,373497.86,371197.34,371351.78,0.00,0.00,2.66
2010-11-02,375006.69,375162.72,372894.91,373050.07,0.00,0.00,2.63
2010-11-03,373000.87,373156.07,370809.74,370964.03,0.00,0.00,2.67
2010-11-04,378130.52,378297.68,375974.41,376140.62,0.00,0.00,2.53
2010-11-05,376006.44,376162.88,373826.41,373981.95,0.00,0.00,2.58
2010-11-08,375389.01,375545.20,373207.77,373363.06,0.00,0.00,2.60
2010-11-09,370400.04,370554.15,368185.71,368338.90,0.00,0.00,2.72
2010-11-10,372604.95,372759.99,370384.25,370538.35,0.00,0.00,2.65
2010-11-12,368548.64,368711.56,366332.18,366494.13,0.00,0.00,2.76
2010-11-15,362349.14,362528.17,360106.71,360284.63,0.00,0.00,2.92
2010-11-16,365180.36,365360.78,362991.50,363170.85,0.00,0.00,2.85
2010-11-17,363560.95,363740.58,361347.53,361526.06,0.00,0.00,2.89
2010-11-18,363056.95,363236.32,360853.11,361031.40,0.00,0.00,2.90
2010-11-19,363890.82,364070.60,361714.26,361892.97,0.00,0.00,2.88
2010-11-22,366931.43,367122.26,364762.24,364951.94,0.00,0.00,2.80
2010-11-23,368108.29,368299.73,365945.56,366135.88,0.00,0.00,2.77
2010-11-24,362002.20,362190.47,359804.84,359991.96,0.00,0.00,2.93
2010-11-26,364325.99,364524.94,362165.05,362362.82,0.00,0.00,2.87
2010-11-29,365619.05,365818.70,363479.06,363677.54,0.00,0.00,2.84
2010-11-30,366770.96,366971.24,364637.36,364836.47,0.00,0.00,2.81
2010-12-01,360540.53,360728.04,358371.73,358558.11,0.00,0.00,2.97
2010-12-02,359158.65,359336.10,356988.04,357164.42,0.00,0.00,3.01
2010-12-03,358350.29,358527.34,356148.77,356324.74,0.00,0.00,3.03
2010-12-06,361480.18,361658.78,359285.84,359463.36,0.00,0.00,2.95
2010-12-07,353721.83,353896.60,351500.81,351674.47,0.00,0.00,3.15
2010-12-08,349919.46,350083.25,347692.00,347854.74,0.00,0.00,3.26
2010-12-09,350894.44,351058.68,348691.04,348854.25,0.00,0.00,3.23
2010-12-10,347965.59,348128.46,345757.71,345919.55,0.00,0.00,3.32
2010-12-13,349334.23,349506.82,347124.80,347296.31,0.00,0.00,3.29
2010-12-14,342099.96,342277.88,339850.36,340027.10,0.00,0.00,3.49
2010-12-15,340545.86,340722.97,338281.16,338457.09,0.00,0.00,3.53
2010-12-16,342740.61,342909.94,340485.22,340653.44,0.00,0.00,3.47
2010-12-17,347759.31,347922.08,345545.65,345707.39,0.00,0.00,3.33
2010-12-20,346720.51,346891.81,344502.12,344672.33,0.00,0.00,3.36
2010-12-21,347026.62,347198.07,344808.17,344978.53,0.00,0.00,3.35
2010-12-22,346468.80,346648.99,344251.28,344430.32,0.00,0.00,3.36
2010-12-23,344726.09,344896.41,342510.67,342679.89,0.00,0.00,3.41
2010-12-27,346652.66,346850.97,344462.49,344659.55,0.00,0.00,3.36
2010-12-28,341592.31,341778.84,339364.31,339549.62,0.00,0.00,3.50
2010-12-29,346967.32,347147.77,344772.47,344951.77,0.00,0.00,3.35
2010-12-30,346057.44,346237.41,343855.60,344034.43,0.00,0.00,3.38
2010-12-31,348855.64,349028.00,346684.49,346855.78,0.00,0.00,3.30
2011-01-03,346853.64,347025.01,344657.30,344827.58,0.00,0.00,3.36
2011-01-04,346741.78,346913.09,344526.94,344697.16,0.00,0.00,3.36
2011-01-05,341671.72,341840.53,339426.50,339594.20,0.00,0.00,3.50
2011-01-06,343628.22,343789.06,341386.03,341545.82,0.00,0.00,3.44
2011-01-07,347046.51,347208.95,344803.68,344965.07,0.00,0.00,3.34
2011-01-10,347906.83,348069.68,345662.98,345824.77,0.00,0.00,3.32
2011-01-11,346205.10,346376.15,343957.80,344127.74,0.00,0.00,3.37
2011-01-12,345277.29,345438.91,343019.56,343180.11,0.00,0.00,3.40
2011-01-13,347356.92,347519.51,345104.95,345266.48,0.00,0.00,3.34
2011-01-14,346815.48,346977.82,344554.38,344715.66,0.00,0.00,3.35
2011-01-18,345304.31,345474.92,343030.20,343199.69,0.00,0.00,3.39
2011-01-19,346149.23,346320.25,343890.32,344060.22,0.00,0.00,3.37
2011-01-20,342421.50,342590.68,340149.31,340317.37,0.00,0.00,3.47
2011-01-21,343588.81,343758.57,341323.29,341491.93,0.00,0.00,3.44
2011-01-24,344051.86,344212.90,341792.91,341952.89,0.00,0.00,3.43
2011-01-25,347027.78,347190.21,344789.48,344950.87,0.00,0.00,3.35
2011-01-26,343332.04,343492.75,341056.64,341216.28,0.00,0.00,3.45
2011-01-27,344289.71,344441.91,342021.73,342172.93,0.00,0.00,3.42
2011-01-28,346617.06,346752.27,344352.89,344487.21,0.00,0.00,3.36
2011-01-31,344356.38,344508.61,342066.57,342217.79,0.00,0.00,3.42
2011-02-01,342195.30,342355.47,339905.92,340065.02,0.00,0.00,3.48
2011-02-02,340879.51,341039.06,338598.53,338757.02,0.00,0.00,3.52
2011-02-03,338755.55,338914.11,336476.98,336634.47,0.00,0.00,3.58
2011-02-04,335355.42,335512.39,333059.37,333215.27,0.00,0.00,3.68
2011-02-07,335342.69,335499.65,333058.28,333214.17,0.00,0.00,3.68
2011-02-08,332863.90,333019.71,330577.80,330732.54,0.00,0.00,3.75
2011-02-09,336042.48,336199.77,333778.62,333934.85,0.00,0.00,3.65
2011-02-10,334192.16,334331.21,331916.79,332054.89,0.00,0.00,3.70
2011-02-11,336330.66,336470.60,334077.32,334216.32,0.00,0.00,3.64
2011-02-14,337098.35,337247.37,334857.31,335005.34,0.00,0.00,3.62
2011-02-15,337441.90,337591.08,335201.34,335349.53,0.00,0.00,3.61
2011-02-16,337087.12,337227.37,334846.07,334985.39,0.00,0.00,3.62
2011-02-17,338386.01,338518.01,336138.36,336269.48,0.00,0.00,3.58
2011-02-18,337984.87,338116.71,335727.09,335858.04,0.00,0.00,3.59
2011-02-22,342624.96,342767.51,340384.60,340526.22,0.00,0.00,3.46
2011-02-23,341790.94,341933.15,339565.91,339707.19,0.00,0.00,3.49
2011-02-24,343001.19,343143.91,340795.28,340937.08,0.00,0.00,3.46
2011-02-25,344341.31,344484.58,342144.35,342286.71,0.00,0.00,3.42
2011-02-28,344506.93,344668.18,342304.90,342465.13,0.00,0.00,3.42
2011-03-01,344853.05,344996.54,342651.62,342794.19,0.00,0.00,3.41
2011-03-02,342927.61,343079.21,340710.20,340860.81,0.00,0.00,3.46
2011-03-03,338640.42,338781.32,336411.38,336551.35,0.00,0.00,3.58
2011-03-04,341796.51,341938.72,339562.43,339703.71,0.00,0.00,3.49
2011-03-07,341069.84,341211.75,338831.18,338972.15,0.00,0.00,3.51
2011-03-08,339377.60,339518.81,337120.10,337260.37,0.00,0.00,3.56
2011-03-09,342079.94,342213.38,339837.81,339970.37,0.00,0.00,3.48
2011-03-10,346117.55,346243.57,343894.98,344020.18,0.00,0.00,3.37
2011-03-11,344955.32,345071.94,342715.84,342831.70,0.00,0.00,3.40
2011-03-14,346543.26,346669.43,344305.69,344431.04,0.00,0.00,3.36
2011-03-15,347713.39,347839.99,345494.60,345620.39,0.00,0.00,3.33
2011-03-16,351807.60,351935.68,349605.92,349733.21,0.00,0.00,3.22
2011-03-17,350610.28,350737.93,348398.69,348525.53,0.00,0.00,3.25
2011-03-18,349444.22,349571.45,347237.09,347363.51,0.00,0.00,3.28
2011-03-21,347353.47,347497.99,345152.12,345295.73,0.00,0.00,3.34
2011-03-22,347390.87,347535.41,345201.05,345344.68,0.00,0.00,3.34
2011-03-23,346710.35,346845.60,344516.43,344650.81,0.00,0.00,3.36
2011-03-24,344523.20,344675.51,342322.95,342474.28,0.00,0.00,3.42
2011-03-25,343118.15,343278.75,340918.22,341077.80,0.00,0.00,3.46
2011-03-28,342792.50,342952.95,340599.92,340759.35,0.00,0.00,3.47
2011-03-29,341688.64,341839.69,339487.33,339637.41,0.00,0.00,3.50
2011-03-30,342821.73,342973.28,340617.47,340768.05,0.00,0.00,3.47
2011-03-31,342648.39,342799.87,340455.35,340605.86,0.00,0.00,3.47
2011-04-01,343051.64,343185.46,340868.90,341001.87,0.00,0.00,3.46
2011-04-04,343465.39,343581.51,341269.52,341384.90,0.00,0.00,3.45
2011-04-05,341731.83,341865.13,339541.93,339674.38,0.00,0.00,3.50
2011-04-06,339507.63,339631.23,337294.26,337417.05,0.00,0.00,3.56
2011-04-07,338734.43,338840.14,336493.49,336598.50,0.00,0.00,3.58
2011-04-08,338413.21,338518.82,336177.92,336282.83,0.00,0.00,3.59
2011-04-11,338404.25,338509.86,336162.82,336267.73,0.00,0.00,3.59
2011-04-12,341040.64,341138.20,338807.58,338904.51,0.00,0.00,3.52
2011-04-13,342055.80,342153.65,339825.47,339922.68,0.00,0.00,3.49
2011-04-14,341571.56,341687.03,339352.65,339467.38,0.00,0.00,3.51
2011-04-15,344351.69,344459.16,342147.53,342254.30,0.00,0.00,3.43
2011-04-18,345493.48,345592.31,343290.90,343389.10,0.00,0.00,3.40
2011-04-19,345943.39,346042.35,343749.17,343847.51,0.00,0.00,3.39
2011-04-20,344408.50,344507.02,342210.26,342308.15,0.00,0.00,3.43
2011-04-21,344753.37,344851.99,342551.27,342649.26,0.00,0.00,3.42
2011-04-25,345777.11,345885.02,343576.17,343683.39,0.00,0.00,3.39
2011-04-26,347714.73,347814.20,345530.09,345628.93,0.00,0.00,3.34
2011-04-27,345946.60,346045.56,343738.82,343837.15,0.00,0.00,3.39
2011-04-28,347625.98,347716.38,345419.95,345509.78,0.00,0.00,3.34
2011-04-29,348512.68,348612.38,346311.99,346411.06,0.00,0.00,3.32
2011-05-02,348830.06,348920.77,346633.83,346723.98,0.00,0.00,3.31
2011-05-03,349908.60,349990.50,347727.06,347808.45,0.00,0.00,3.28
2011-05-04,351044.14,351108.05,348873.59,348937.10,0.00,0.00,3.25
2011-05-05,353791.27,353855.68,351642.74,351706.76,0.00,0.00,3.18
2011-05-06,353292.03,353356.35,351126.74,351190.67,0.00,0.00,3.19
2011-05-09,353945.95,354010.39,351773.32,351837.36,0.00,0.00,3.17
2011-05-10,351869.07,351933.13,349691.75,349755.42,0.00,0.00,3.23
2011-05-11,353269.69,353334.00,351098.07,351161.98,0.00,0.00,3.19
2011-05-12,352131.65,352195.76,349950.70,350014.41,0.00,0.00,3.22
2011-05-13,353595.33,353668.90,351428.28,351501.40,0.00,0.00,3.18
2011-05-16,354808.76,354873.35,352653.67,352717.87,0.00,0.00,3.15
2011-05-17,356128.79,356193.62,353990.16,354054.60,0.00,0.00,3.12
2011-05-18,353853.88,353927.50,351701.58,351774.75,0.00,0.00,3.18
2011-05-19,353983.71,354075.77,351825.51,351917.00,0.00,0.00,3.17
2011-05-20,354722.57,354814.82,352561.37,352653.06,0.00,0.00,3.15
2011-05-23,355639.83,355732.31,353486.12,353578.05,0.00,0.00,3.13
2011-05-24,355966.03,356067.86,353820.48,353921.69,0.00,0.00,3.12
2011-05-25,355461.62,355554.07,353300.98,353392.86,0.00,0.00,3.13
2011-05-26,357800.72,357893.77,355648.26,355740.76,0.00,0.00,3.07
2011-05-27,357769.45,357871.80,355608.80,355710.53,0.00,0.00,3.07
2011-05-31,358615.98,358727.89,356463.15,356574.39,0.00,0.00,3.05
2011-06-01,362033.73,362137.30,359902.37,360005.32,0.00,0.00,2.96
2011-06-02,358963.53,359066.22,356796.99,356899.06,0.00,0.00,3.04
2011-06-03,360710.91,360804.71,358542.41,358635.66,0.00,0.00,2.99
2011-06-06,359987.18,360080.80,357807.74,357900.80,0.00,0.00,3.01
2011-06-07,359809.44,359912.37,357619.40,357721.70,0.00,0.00,3.01
2011-06-08,361341.18,361444.54,359161.03,359263.77,0.00,0.00,2.98
2011-06-09,360001.84,360095.46,357828.80,357921.85,0.00,0.00,3.01
2011-06-10,360940.93,361034.80,358781.99,358875.30,0.00,0.00,2.99
2011-06-13,360400.56,360503.66,358236.55,358339.03,0.00,0.00,3.00
2011-06-14,356155.25,356257.14,353962.47,354063.72,0.00,0.00,3.11
2011-06-15,361122.50,361225.81,358947.35,359050.03,0.00,0.00,2.98
2011-06-16,363030.45,363134.30,360874.42,360977.65,0.00,0.00,2.93
2011-06-17,362548.21,362642.49,360385.02,360478.74,0.00,0.00,2.94
2011-06-20,361599.69,361693.73,359433.42,359526.90,0.00,0.00,2.97
2011-06-21,360737.22,360831.04,358561.21,358654.46,0.00,0.00,2.99
2011-06-22,360024.77,360109.04,357845.99,357929.75,0.00,0.00,3.01
2011-06-23,363184.00,363250.12,361014.56,361080.28,0.00,0.00,2.93
2011-06-24,364871.34,364937.77,362690.29,362756.32,0.00,0.00,2.88
2011-06-27,361875.23,361969.34,359655.71,359749.24,0.00,0.00,2.95
2011-06-28,358020.62,358123.04,355805.25,355907.03,0.00,0.00,3.05
2011-06-29,354578.18,354679.61,352350.66,352451.46,0.00,0.00,3.14
2011-06-30,353162.05,353253.89,350945.00,351036.27,0.00,0.00,3.18
2011-07-01,351744.58,351836.05,349521.91,349612.81,0.00,0.00,3.22
2011-07-05,353866.84,353940.46,351634.95,351708.11,0.00,0.00,3.16
2011-07-06,355465.47,355520.94,353241.69,353296.81,0.00,0.00,3.12
2011-07-07,353634.39,353698.77,351416.14,351480.11,0.00,0.00,3.17
2011-07-08,358853.53,358918.86,356648.61,356713.53,0.00,0.00,3.03
2011-07-11,362420.04,362486.02,360238.72,360304.30,0.00,0.00,2.94
2011-07-12,363207.59,363273.71,361031.68,361097.40,0.00,0.00,2.92
2011-07-13,363417.39,363464.65,361238.24,361285.21,0.00,0.00,2.92
2011-07-14,360983.51,361030.46,358783.86,358830.52,0.00,0.00,2.98
2011-07-15,362264.46,362311.57,360053.95,360100.77,0.00,0.00,2.94
2011-07-18,362076.10,362132.61,359848.52,359904.67,0.00,0.00,2.94
2011-07-19,363655.22,363721.42,361471.78,361537.58,0.00,0.00,2.91
2011-07-20,361601.21,361676.44,359398.08,359472.86,0.00,0.00,2.96
2011-07-21,358896.96,358980.97,356681.81,356765.30,0.00,0.00,3.03
2011-07-22,360534.78,360619.17,358336.32,358420.19,0.00,0.00,2.99
2011-07-25,358967.44,359060.80,356748.50,356841.28,0.00,0.00,3.03
2011-07-26,360520.60,360623.73,358312.15,358414.65,0.00,0.00,2.99
2011-07-27,359789.04,359901.32,357587.22,357698.81,0.00,0.00,3.01
2011-07-28,360797.91,360919.89,358599.81,358721.04,0.00,0.00,2.98
2011-07-29,367133.66,367286.42,364975.09,365126.95,0.00,0.00,2.82
2011-08-01,369080.04,369233.60,366941.24,367093.91,0.00,0.00,2.77
2011-08-02,373662.10,373788.42,371567.59,371693.21,0.00,0.00,2.66
2011-08-03,374517.61,374595.53,372449.43,372526.92,0.00,0.00,2.64
2011-08-04,381468.69,381518.29,379465.98,379515.32,0.00,0.00,2.47
2011-08-05,376729.11,376778.10,374692.04,374740.76,0.00,0.00,2.58
2011-08-08,384008.41,384078.31,382042.12,382111.67,0.00,0.00,2.40
2011-08-09,391977.35,392038.52,390043.91,390104.77,0.00,0.00,2.20
2011-08-10,393638.89,393700.32,391757.21,391818.34,0.00,0.00,2.17
2011-08-11,385936.83,386017.13,383933.86,384013.74,0.00,0.00,2.34
2011-08-12,390070.37,390141.38,388109.20,388179.86,0.00,0.00,2.24
2011-08-15,388039.16,388119.90,386056.01,386136.33,0.00,0.00,2.29
2011-08-16,390571.44,390642.54,388611.62,388682.36,0.00,0.00,2.23
2011-08-17,393387.29,393448.68,391467.25,391528.34,0.00,0.00,2.17
2011-08-18,397211.37,397263.02,395357.33,395408.74,0.00,0.00,2.08
2011-08-19,397935.83,397977.23,396108.35,396149.56,0.00,0.00,2.07
2011-08-22,396582.76,396624.02,394748.69,394789.76,0.00,0.00,2.10
2011-08-23,394509.02,394550.06,392641.64,392682.49,0.00,0.00,2.15
2011-08-24,388456.58,388496.99,386516.80,386557.01,0.00,0.00,2.29
2011-08-25,390908.92,390939.42,388989.07,389019.42,0.00,0.00,2.23
2011-08-26,392660.01,392680.43,390751.45,390771.78,0.00,0.00,2.19
2011-08-29,388929.69,388980.27,386981.89,387032.21,0.00,0.00,2.28
2011-08-30,392751.08,392802.15,390847.28,390898.10,0.00,0.00,2.19
2011-08-31,390784.31,390835.13,388849.22,388899.78,0.00,0.00,2.23
2011-09-01,394199.29,394250.55,392301.50,392352.51,0.00,0.00,2.15
2011-09-02,399866.50,399918.50,398068.12,398119.89,0.00,0.00,2.02
2011-09-06,401557.52,401630.63,399796.43,399869.22,0.00,0.00,1.98
2011-09-07,398406.95,398469.12,396596.95,396658.83,0.00,0.00,2.05
2011-09-08,400398.07,400470.96,398604.77,398677.34,0.00,0.00,2.00
2011-09-09,403343.44,403395.89,401570.46,401622.68,0.00,0.00,1.93
2011-09-12,402964.95,403017.35,401218.12,401270.30,0.00,0.00,1.94
2011-09-13,400331.50,400383.56,398542.07,398593.90,0.00,0.00,2.00
2011-09-14,399305.09,399336.25,397517.60,397548.61,0.00,0.00,2.03
2011-09-15,396818.25,396849.21,395010.77,395041.59,0.00,0.00,2.09
2011-09-16,397233.68,397254.34,395429.61,395450.18,0.00,0.00,2.08
2011-09-19,401991.03,402032.86,400236.56,400278.20,0.00,0.00,1.97
2011-09-20,402789.97,402821.40,401048.45,401079.74,0.00,0.00,1.95
2011-09-21,406106.77,406149.02,404446.70,404488.77,0.00,0.00,1.88
2011-09-22,413312.34,413344.59,411758.91,411791.04,0.00,0.00,1.72
2011-09-23,408181.56,408202.79,406581.05,406602.20,0.00,0.00,1.84
2011-09-26,404931.23,404962.83,403280.44,403311.91,0.00,0.00,1.91
2011-09-27,401019.15,401060.87,399321.20,399362.74,0.00,0.00,2.00
2011-09-28,399872.62,399914.22,398158.07,398199.49,0.00,0.00,2.03
2011-09-29,401636.96,401689.19,399956.01,400008.03,0.00,0.00,1.99
2011-09-30,404791.32,404854.49,403163.81,403226.72,0.00,0.00,1.92
2011-10-03,410175.91,410239.92,408618.15,408681.91,0.00,0.00,1.80
2011-10-04,409560.75,409603.36,407999.76,408042.20,0.00,0.00,1.81
2011-10-05,405015.96,405047.56,403411.93,403443.41,0.00,0.00,1.92
2011-10-06,401276.10,401307.41,399627.59,399658.77,0.00,0.00,2.01
2011-10-07,397600.84,397642.21,395925.80,395966.99,0.00,0.00,2.10
2011-10-11,394185.84,394237.10,392472.13,392523.17,0.00,0.00,2.18
2011-10-12,391687.95,391749.07,389939.24,390000.09,0.00,0.00,2.24
2011-10-13,393714.53,393765.73,391976.56,392027.54,0.00,0.00,2.19
2011-10-14,390965.74,391026.75,389186.83,389247.56,0.00,0.00,2.26
2011-10-17,394295.07,394356.60,392559.73,392620.99,0.00,0.00,2.18
2011-10-18,393832.17,393903.87,392076.22,392147.60,0.00,0.00,2.19
2011-10-19,394328.16,394389.70,392571.90,392633.16,0.00,0.00,2.18
2011-10-20,393475.32,393536.72,391712.09,391773.21,0.00,0.00,2.20
2011-10-21,392008.82,392059.80,390215.39,390266.13,0.00,0.00,2.23
2011-10-24,391022.75,391083.77,389226.46,389287.19,0.00,0.00,2.25
2011-10-25,395880.64,395942.41,394142.29,394203.79,0.00,0.00,2.14
2011-10-26,392141.04,392202.23,390367.65,390428.56,0.00,0.00,2.23
2011-10-27,384119.89,384189.82,382241.91,382311.50,0.00,0.00,2.42
2011-10-28,387604.49,387664.97,385757.20,385817.39,0.00,0.00,2.34
2011-10-31,394960.33,395021.96,393192.45,393253.81,0.00,0.00,2.17
2011-11-01,401605.14,401657.37,399913.07,399965.08,0.00,0.00,2.01
2011-11-02,400960.24,401001.95,399249.47,399291.01,0.00,0.00,2.03
2011-11-03,398350.10,398391.55,396596.90,396638.16,0.00,0.00,2.09
2011-11-04,399543.70,399574.88,397796.34,397827.38,0.00,0.00,2.06
2011-11-07,400521.54,400563.21,398796.74,398838.23,0.00,0.00,2.04
2011-11-08,397847.33,397878.37,396092.54,396123.44,0.00,0.00,2.10
2011-11-09,402165.65,402207.49,400464.63,400506.29,0.00,0.00,2.00
2011-11-10,400164.71,400195.93,398430.98,398462.06,0.00,0.00,2.04
2011-11-14,400366.76,400408.41,398651.35,398692.83,0.00,0.00,2.04
2011-11-15,399509.86,399561.82,397787.28,397839.01,0.00,0.00,2.06
2011-11-16,401689.67,401731.46,399995.70,400037.31,0.00,0.00,2.01
2011-11-17,403895.70,403937.72,402239.29,402281.14,0.00,0.00,1.96
2011-11-18,401768.40,401810.20,400109.07,400150.69,0.00,0.00,2.01
2011-11-21,403416.53,403468.99,401777.51,401829.75,0.00,0.00,1.97
2011-11-22,404897.40,404960.58,403282.94,403345.87,0.00,0.00,1.94
2011-11-23,407194.96,407258.50,405614.85,405678.14,0.00,0.00,1.89
2011-11-25,403691.97,403765.46,402069.40,402142.60,0.00,0.00,1.97
2011-11-28,403669.80,403743.29,402036.71,402109.90,0.00,0.00,1.97
2011-11-29,402299.99,402352.30,400655.95,400708.05,0.00,0.00,2.00
2011-11-30,398794.08,398856.31,397091.35,397153.32,0.00,0.00,2.08
2011-12-01,397401.17,397452.84,395672.47,395723.93,0.00,0.00,2.11
2011-12-02,400159.42,400221.86,398463.72,398525.90,0.00,0.00,2.05
2011-12-05,400519.12,400571.20,398832.69,398884.55,0.00,0.00,2.04
2011-12-06,399147.02,399188.54,397453.18,397494.53,0.00,0.00,2.08
2011-12-07,401170.63,401222.80,399471.23,399523.18,0.00,0.00,2.02
2011-12-08,402705.24,402747.14,401017.71,401059.43,0.00,0.00,1.99
2011-12-09,399241.14,399293.06,397508.64,397560.33,0.00,0.00,2.07
2011-12-12,400893.15,400945.28,399180.72,399232.63,0.00,0.00,2.03
2011-12-13,403957.41,404020.44,402293.45,402356.23,0.00,0.00,1.96
2011-12-14,405824.17,405876.95,404202.91,404255.47,0.00,0.00,1.92
2011-12-15,405737.40,405790.16,404111.27,404163.82,0.00,0.00,1.92
2011-12-16,408361.59,408404.07,406760.00,406802.32,0.00,0.00,1.86
2011-12-19,410148.52,410191.19,408585.23,408627.74,0.00,0.00,1.82
2011-12-20,405034.15,405076.28,403403.47,403445.44,0.00,0.00,1.94
2011-12-21,403041.38,403083.31,401386.21,401427.97,0.00,0.00,1.98
2011-12-22,403384.35,403415.83,401729.85,401761.20,0.00,0.00,1.97
2011-12-23,400791.76,400833.45,399115.26,399156.78,0.00,0.00,2.03
2011-12-27,401157.11,401219.71,399486.26,399548.60,0.00,0.00,2.02
2011-12-28,405342.84,405395.55,403734.02,403786.52,0.00,0.00,1.93
2011-12-29,406201.66,406275.61,404591.72,404665.37,0.00,0.00,1.91
2011-12-30,407050.49,407114.01,405435.68,405498.95,0.00,0.00,1.89
2012-01-03,403533.65,403596.62,401871.57,401934.28,0.00,0.00,1.97
2012-01-04,402216.17,402278.93,400530.72,400593.22,0.00,0.00,2.00
2012-01-05,401415.19,401488.27,399708.21,399780.97,0.00,0.00,2.02
2012-01-06,403072.90,403125.32,401386.17,401438.37,0.00,0.00,1.98
2012-01-09,403142.72,403195.15,401452.17,401504.37,0.00,0.00,1.98
2012-01-10,402359.25,402411.58,400664.33,400716.44,0.00,0.00,2.00
2012-01-11,405486.89,405539.62,403828.20,403880.72,0.00,0.00,1.93
2012-01-12,404805.80,404868.97,403144.24,403207.14,0.00,0.00,1.94
2012-01-13,407088.87,407152.40,405452.83,405516.10,0.00,0.00,1.89
2012-01-17,407884.03,407947.67,406259.32,406322.71,0.00,0.00,1.87
2012-01-18,405759.92,405833.79,404103.90,404177.47,0.00,0.00,1.92
2012-01-19,401850.63,401923.78,400154.01,400226.86,0.00,0.00,2.01
2012-01-20,399938.75,400011.55,398217.92,398290.41,0.00,0.00,2.05
2012-01-23,398222.35,398294.84,396483.55,396555.73,0.00,0.00,2.09
2012-01-24,398631.34,398703.91,396889.30,396961.55,0.00,0.00,2.08
2012-01-25,401528.75,401601.85,399786.08,399858.86,0.00,0.00,2.01
2012-01-26,403675.12,403759.10,401945.63,402029.25,0.00,0.00,1.96
2012-01-27,404989.45,405073.71,403272.90,403356.81,0.00,0.00,1.93
2012-01-30,407552.68,407637.48,405874.71,405959.15,0.00,0.00,1.87
2012-01-31,409327.59,409412.75,407675.33,407760.15,0.00,0.00,1.83
2012-02-01,407467.18,407562.55,405782.48,405877.46,0.00,0.00,1.87
2012-02-02,407983.52,408089.62,406300.63,406406.30,0.00,0.00,1.86
2012-02-03,403157.52,403262.37,401419.57,401523.96,0.00,0.00,1.97
2012-02-06,404916.61,405021.91,403203.89,403308.75,0.00,0.00,1.93
2012-02-07,401875.35,401990.31,400135.18,400249.65,0.00,0.00,2.00
2012-02-08,401613.00,401727.88,399870.27,399984.66,0.00,0.00,2.01
2012-02-09,400062.39,400187.24,398303.01,398427.31,0.00,0.00,2.04
2012-02-10,403450.99,403576.90,401728.08,401853.45,0.00,0.00,1.96
2012-02-13,402085.53,402231.92,400355.56,400501.32,0.00,0.00,1.99
2012-02-14,405152.59,405310.63,403460.73,403618.11,0.00,0.00,1.92
2012-02-15,404691.06,404827.88,402986.75,403122.99,0.00,0.00,1.93
2012-02-16,402013.90,402149.81,400289.60,400424.92,0.00,0.00,1.99
2012-02-17,401149.23,401284.85,399415.84,399550.88,0.00,0.00,2.01
2012-02-21,399426.49,399561.52,397678.73,397813.17,0.00,0.00,2.05
2012-02-22,401385.24,401520.94,399652.74,399787.86,0.00,0.00,2.01
2012-02-23,402181.91,402328.33,400462.35,400608.15,0.00,0.00,1.99
2012-02-24,402555.97,402702.53,400852.50,400998.44,0.00,0.00,1.98
2012-02-27,405158.58,405306.09,403479.02,403625.92,0.00,0.00,1.92
2012-02-28,404369.79,404517.01,402677.24,402823.84,0.00,0.00,1.94
2012-02-29,402892.31,403028.51,401190.99,401326.62,0.00,0.00,1.98
2012-03-01,400547.03,400682.45,398812.33,398947.16,0.00,0.00,2.03
2012-03-02,402330.88,402456.43,400600.03,400725.04,0.00,0.00,1.99
2012-03-05,401828.02,401974.32,400099.21,400244.88,0.00,0.00,2.00
2012-03-06,403722.69,403859.18,402011.34,402147.25,0.00,0.00,1.96
2012-03-07,402766.73,402913.36,401043.22,401189.23,0.00,0.00,1.98
2012-03-08,400588.89,400734.74,398838.64,398983.84,0.00,0.00,2.03
2012-03-09,400093.13,400228.39,398341.31,398475.98,0.00,0.00,2.04
2012-03-12,400181.03,400337.13,398437.69,398593.11,0.00,0.00,2.04
2012-03-13,395976.61,396131.07,394190.44,394344.20,0.00,0.00,2.14
2012-03-14,389418.14,389570.04,387578.15,387729.34,0.00,0.00,2.29
2012-03-15,389540.09,389692.04,387692.40,387843.63,0.00,0.00,2.29
2012-03-16,388809.99,388961.66,386967.03,387117.98,0.00,0.00,2.31
2012-03-19,385720.48,385870.94,383856.68,384006.41,0.00,0.00,2.39
2012-03-20,386005.98,386156.55,384154.89,384304.74,0.00,0.00,2.38
2012-03-21,388921.32,389073.03,387093.40,387244.40,0.00,0.00,2.31
2012-03-22,389749.89,389891.78,387928.63,388069.86,0.00,0.00,2.29
2012-03-23,391454.33,391596.85,389655.16,389797.02,0.00,0.00,2.25
2012-03-26,391171.73,391324.32,389361.55,389513.43,0.00,0.00,2.26
2012-03-27,393513.92,393657.19,391716.51,391859.12,0.00,0.00,2.20
2012-03-28,393094.15,393237.27,391293.33,391435.79,0.00,0.00,2.21
2012-03-29,394461.91,394605.52,392674.41,392817.37,0.00,0.00,2.18
2012-03-30,392233.20,392386.20,390413.35,390565.64,0.00,0.00,2.23
2012-04-02,392562.77,392705.70,390741.57,390883.83,0.00,0.00,2.22
2012-04-03,389300.75,389452.60,387455.52,387606.65,0.00,0.00,2.30
2012-04-04,391470.51,391613.03,389640.11,389781.97,0.00,0.00,2.25
2012-04-05,393913.65,394057.07,392102.63,392245.38,0.00,0.00,2.19
2012-04-06,399186.23,399331.57,397413.28,397557.97,0.00,0.00,2.07
2012-04-09,399725.92,399881.84,397971.84,398127.08,0.00,0.00,2.06
2012-04-10,401872.47,402029.23,400136.34,400292.42,0.00,0.00,2.01
2012-04-11,400050.15,400195.80,398294.73,398439.74,0.00,0.00,2.05
2012-04-12,398758.35,398903.53,396988.53,397133.07,0.00,0.00,2.08
2012-04-13,401448.72,401584.44,399715.72,399850.85,0.00,0.00,2.02
2012-04-16,402320.14,402466.61,400596.28,400742.13,0.00,0.00,2.00
2012-04-17,400923.13,401058.67,399183.50,399318.45,0.00,0.00,2.03
2012-04-18,402142.42,402278.38,400417.44,400552.81,0.00,0.00,2.00
2012-04-19,402940.60,403066.34,401224.91,401350.12,0.00,0.00,1.98
2012-04-20,402504.38,402640.46,400786.87,400922.36,0.00,0.00,1.99
2012-04-23,403970.94,404107.51,402267.31,402403.31,0.00,0.00,1.96
2012-04-24,402307.27,402453.74,400585.17,400731.01,0.00,0.00,2.00
2012-04-25,401870.20,402016.51,400142.59,400288.27,0.00,0.00,2.01
2012-04-26,403013.40,403170.60,401293.89,401450.42,0.00,0.00,1.98
2012-04-27,403791.06,403938.07,402075.86,402222.24,0.00,0.00,1.96
2012-04-30,404130.15,404287.79,402415.57,402572.54,0.00,0.00,1.95
2012-05-01,402900.11,403057.27,401170.72,401327.21,0.00,0.00,1.98
2012-05-02,403957.46,404115.03,402245.17,402402.07,0.00,0.00,1.96
2012-05-03,403890.97,404048.52,402180.70,402337.58,0.00,0.00,1.96
2012-05-04,406137.14,406285.00,404445.20,404592.45,0.00,0.00,1.91
2012-05-07,405790.43,405948.72,404099.66,404257.28,0.00,0.00,1.92
2012-05-08,407463.77,407622.71,405793.61,405951.90,0.00,0.00,1.88
2012-05-09,407733.39,407892.44,406065.88,406224.28,0.00,0.00,1.87
2012-05-10,406948.64,407107.38,405278.51,405436.60,0.00,0.00,1.89
2012-05-11,409073.18,409232.75,407425.79,407584.72,0.00,0.00,1.84
2012-05-14,411574.21,411734.75,409961.18,410121.10,0.00,0.00,1.78
2012-05-15,412471.87,412632.76,410879.03,411039.30,0.00,0.00,1.76
2012-05-16,412663.65,412824.61,411082.63,411242.98,0.00,0.00,1.76
2012-05-17,415378.90,415551.72,413851.54,414023.73,0.00,0.00,1.70
2012-05-18,415012.98,415174.87,413479.73,413641.02,0.00,0.00,1.71
2012-05-21,413577.37,413727.94,412027.02,412177.03,0.00,0.00,1.75
2012-05-22,411761.91,411911.82,410180.17,410329.51,0.00,0.00,1.79
2012-05-23,414439.14,414579.25,412891.53,413031.12,0.00,0.00,1.73
2012-05-24,412500.27,412650.45,410932.11,411081.72,0.00,0.00,1.77
2012-05-25,413458.35,413608.88,411897.89,412047.85,0.00,0.00,1.75
2012-05-29,413734.73,413885.36,412177.03,412327.09,0.00,0.00,1.74
2012-05-30,418727.52,418869.08,417226.06,417367.11,0.00,0.00,1.63
2012-05-31,420534.32,420687.43,419059.79,419212.36,0.00,0.00,1.59
2012-06-01,425996.17,426129.11,424598.61,424731.11,0.00,0.00,1.47
2012-06-04,423293.51,423436.61,421884.67,422027.30,0.00,0.00,1.53
2012-06-05,421379.96,421533.37,419935.04,420087.93,0.00,0.00,1.57
2012-06-06,417306.86,417447.94,415803.92,415944.49,0.00,0.00,1.66
2012-06-07,417295.08,417447.01,415783.37,415934.74,0.00,0.00,1.66
2012-06-08,417565.72,417717.74,416048.07,416199.54,0.00,0.00,1.65
2012-06-11,419816.47,419980.23,418331.53,418494.71,0.00,0.00,1.60
2012-06-12,416683.69,416846.23,415168.64,415330.59,0.00,0.00,1.67
2012-06-13,419467.51,419631.13,417985.44,418148.48,0.00,0.00,1.61
2012-06-14,418046.81,418209.88,416552.67,416715.16,0.00,0.00,1.64
2012-06-15,419749.43,419913.16,418264.65,418427.80,0.00,0.00,1.60
2012-06-18,420212.92,420376.83,418742.89,418906.23,0.00,0.00,1.59
2012-06-19,418126.57,418278.80,416626.81,416778.49,0.00,0.00,1.64
2012-06-20,417525.23,417698.95,416029.01,416202.11,0.00,0.00,1.65
2012-06-21,418609.22,418772.51,417133.00,417295.72,0.00,0.00,1.63
2012-06-22,415909.79,416072.02,414396.90,414558.55,0.00,0.00,1.69
2012-06-25,418512.10,418686.23,417028.98,417202.49,0.00,0.00,1.63
2012-06-26,417247.49,417410.25,415750.32,415912.50,0.00,0.00,1.66
2012-06-27,417873.61,418058.34,416381.76,416565.83,0.00,0.00,1.65
2012-06-28,419949.22,420134.87,418476.47,418661.47,0.00,0.00,1.60
2012-06-29,416687.36,416860.73,415159.96,415332.69,0.00,0.00,1.67
2012-07-02,419641.09,419804.78,418147.87,418310.98,0.00,0.00,1.61
2012-07-03,417656.95,417819.87,416133.76,416296.08,0.00,0.00,1.65
2012-07-05,418900.43,419063.83,417387.97,417550.78,0.00,0.00,1.62
2012-07-06,421171.16,421335.44,419687.93,419851.64,0.00,0.00,1.57
2012-07-09,422893.12,423047.08,421433.85,421587.28,0.00,0.00,1.53
2012-07-10,423087.50,423252.54,421638.43,421802.90,0.00,0.00,1.53
2012-07-11,422723.73,422888.62,421275.53,421439.86,0.00,0.00,1.54
2012-07-12,424295.22,424460.72,422875.02,423039.97,0.00,0.00,1.50
2012-07-13,423467.46,423632.64,422033.26,422197.89,0.00,0.00,1.52
2012-07-16,424375.25,424529.76,422947.55,423101.53,0.00,0.00,1.50
2012-07-17,422996.69,423150.69,421547.58,421701.06,0.00,0.00,1.53
2012-07-18,423525.31,423679.50,422076.53,422230.20,0.00,0.00,1.52
2012-07-19,422520.01,422673.84,421057.81,421211.11,0.00,0.00,1.54
2012-07-20,424900.10,425054.80,423474.60,423628.77,0.00,0.00,1.49
2012-07-23,425814.11,425969.14,424397.06,424551.57,0.00,0.00,1.47
2012-07-24,427193.28,427359.91,425801.54,425967.63,0.00,0.00,1.44
2012-07-25,427479.64,427635.28,426088.99,426244.12,0.00,0.00,1.43
2012-07-26,426493.69,426660.06,425096.52,425262.34,0.00,0.00,1.45
2012-07-27,420740.44,420904.56,419267.00,419430.54,0.00,0.00,1.58
2012-07-30,422997.12,423162.12,421546.15,421710.58,0.00,0.00,1.53
2012-07-31,423727.28,423881.55,422283.31,422437.06,0.00,0.00,1.51
2012-08-01,421564.55,421718.03,420101.26,420254.21,0.00,0.00,1.56
2012-08-02,423821.76,423976.07,422384.75,422538.53,0.00,0.00,1.51
2012-08-03,419657.30,419810.09,418172.48,418324.73,0.00,0.00,1.60
2012-08-06,420192.22,420345.20,418707.75,418860.19,0.00,0.00,1.59
2012-08-07,416886.64,417038.42,415368.94,415520.16,0.00,0.00,1.66
2012-08-08,416069.46,416220.94,414541.82,414692.74,0.00,0.00,1.68
2012-08-09,415621.50,415783.63,414089.86,414251.39,0.00,0.00,1.69
2012-08-10,417307.68,417459.61,415788.81,415940.19,0.00,0.00,1.65
2012-08-13,417233.14,417395.89,415716.23,415878.39,0.00,0.00,1.65
2012-08-14,413828.18,413989.61,412268.26,412429.08,0.00,0.00,1.73
2012-08-15,410639.91,410789.41,409044.09,409193.01,0.00,0.00,1.80
2012-08-16,409221.96,409370.95,407609.66,407758.06,0.00,0.00,1.83
2012-08-17,410033.11,410182.39,408430.47,408579.17,0.00,0.00,1.81
2012-08-20,409836.93,409986.14,408227.80,408376.42,0.00,0.00,1.82
2012-08-21,410646.78,410796.29,409051.01,409199.94,0.00,0.00,1.80
2012-08-22,414630.50,414770.67,413069.81,413209.46,0.00,0.00,1.71
2012-08-23,415955.48,416096.11,414412.15,414552.25,0.00,0.00,1.68
2012-08-24,415881.31,416021.91,414341.79,414481.87,0.00,0.00,1.68
2012-08-27,417223.97,417375.87,415698.31,415849.66,0.00,0.00,1.65
2012-08-28,417764.21,417927.17,416247.57,416409.94,0.00,0.00,1.64
2012-08-29,416949.99,417101.79,415419.71,415570.95,0.00,0.00,1.66
2012-08-30,418203.51,418355.77,416680.28,416831.98,0.00,0.00,1.63
2012-08-31,421073.25,421226.55,419575.61,419728.36,0.00,0.00,1.57
2012-09-04,420258.89,420411.89,418759.94,418912.40,0.00,0.00,1.59
2012-09-05,419723.39,419876.20,418213.53,418365.79,0.00,0.00,1.60
2012-09-06,416041.27,416192.73,414490.49,414641.40,0.00,0.00,1.68
2012-09-07,416463.26,416614.88,414897.04,415048.09,0.00,0.00,1.67
2012-09-10,416007.86,416159.32,414439.46,414590.35,0.00,0.00,1.68
2012-09-11,415209.58,415360.74,413636.41,413787.00,0.00,0.00,1.70
2012-09-12,412156.59,412295.92,410539.71,410678.50,0.00,0.00,1.77
2012-09-13,413002.05,413141.68,411366.65,411505.72,0.00,0.00,1.75
2012-09-14,407240.77,407378.45,405530.99,405668.09,0.00,0.00,1.88
2012-09-17,408491.89,408629.99,406809.58,406947.11,0.00,0.00,1.85
2012-09-18,409811.40,409949.94,408142.30,408280.28,0.00,0.00,1.82
2012-09-19,410987.95,411137.58,409337.97,409487.00,0.00,0.00,1.79
2012-09-20,410720.33,410869.86,409067.69,409216.62,0.00,0.00,1.80
2012-09-21,411937.37,412087.35,410286.25,410435.63,0.00,0.00,1.77
2012-09-24,413275.19,413425.66,411648.10,411797.97,0.00,0.00,1.74
2012-09-25,415243.57,415405.55,413645.83,413807.18,0.00,0.00,1.70
2012-09-26,417939.97,418081.26,416378.56,416519.32,0.00,0.00,1.64
2012-09-27,416947.43,417099.23,415371.14,415522.36,0.00,0.00,1.66
2012-09-28,417391.01,417542.97,415816.79,415968.18,0.00,0.00,1.65
2012-10-01,417763.67,417915.77,416197.27,416348.80,0.00,0.00,1.64
2012-10-02,417841.68,417993.81,416271.47,416423.03,0.00,0.00,1.64
2012-10-03,417822.70,417974.81,416245.50,416397.04,0.00,0.00,1.64
2012-10-04,415224.36,415375.53,413614.04,413764.63,0.00,0.00,1.70
2012-10-05,412816.73,412977.76,411175.13,411335.51,0.00,0.00,1.75
2012-10-09,413446.49,413607.77,411820.57,411981.21,0.00,0.00,1.74
2012-10-10,414527.06,414688.75,412920.80,413081.87,0.00,0.00,1.72
2012-10-11,415348.81,415500.03,413764.82,413915.46,0.00,0.00,1.70
2012-10-12,415715.72,415877.88,414139.48,414301.03,0.00,0.00,1.69
2012-10-15,415348.17,415510.18,413764.18,413925.58,0.00,0.00,1.70
2012-10-16,412959.06,413120.14,411348.77,411509.22,0.00,0.00,1.75
2012-10-17,409259.81,409419.45,407615.78,407774.78,0.00,0.00,1.83
2012-10-18,408016.43,408175.59,406355.37,406513.88,0.00,0.00,1.86
2012-10-19,411036.65,411186.30,409420.35,409569.40,0.00,0.00,1.79
2012-10-22,409467.92,409627.65,407842.53,408001.62,0.00,0.00,1.83
2012-10-23,411222.13,411382.54,409615.72,409775.50,0.00,0.00,1.79
2012-10-24,410765.54,410936.45,409144.69,409314.93,0.00,0.00,1.80
2012-10-25,408144.99,408314.81,406508.14,406677.28,0.00,0.00,1.86
2012-10-26,411575.37,411735.91,409967.90,410127.82,0.00,0.00,1.78
2012-10-29,413436.51,413608.53,411853.24,412024.60,0.00,0.00,1.74
2012-10-31,414323.04,414495.43,412747.60,412919.34,0.00,0.00,1.72
2012-11-01,412974.09,413135.18,411376.27,411536.74,0.00,0.00,1.75
2012-11-02,412878.00,413039.05,411275.19,411435.62,0.00,0.00,1.75
2012-11-05,414312.42,414474.03,412726.38,412887.38,0.00,0.00,1.72
2012-11-06,411748.47,411909.09,410142.20,410302.18,0.00,0.00,1.78
2012-11-07,416260.82,416412.37,414695.44,414846.42,0.00,0.00,1.68
2012-11-08,418884.25,419047.65,417359.23,417522.03,0.00,0.00,1.62
2012-11-09,419253.66,419417.20,417736.46,417899.41,0.00,0.00,1.61
2012-11-13,420247.63,420411.56,418743.60,418906.94,0.00,0.00,1.59
2012-11-14,420168.90,420332.80,418666.81,418830.12,0.00,0.00,1.59
2012-11-15,420617.01,420770.14,419118.97,419271.56,0.00,0.00,1.58
2012-11-16,420597.20,420739.40,419092.15,419233.83,0.00,0.00,1.58
2012-11-19,419248.42,419401.05,417729.32,417881.40,0.00,0.00,1.61
2012-11-20,416922.00,417073.79,415374.13,415525.35,0.00,0.00,1.66
2012-11-21,415752.74,415904.11,414194.14,414344.94,0.00,0.00,1.69
2012-11-23,415402.35,415553.59,413844.80,413995.47,0.00,0.00,1.70
2012-11-26,417011.52,417174.18,415470.48,415632.55,0.00,0.00,1.66
2012-11-27,417818.92,417981.90,416280.92,416443.30,0.00,0.00,1.64
2012-11-28,418442.68,418595.03,416909.96,417061.75,0.00,0.00,1.63
2012-11-29,418702.51,418865.83,417163.74,417326.47,0.00,0.00,1.62
2012-11-30,418710.45,418852.00,417168.02,417309.05,0.00,0.00,1.62
2012-12-03,418347.50,418499.81,416807.87,416959.62,0.00,0.00,1.63
2012-12-04,418793.75,418957.11,417260.00,417422.76,0.00,0.00,1.62
2012-12-05,419597.00,419749.76,418066.27,418218.47,0.00,0.00,1.60
2012-12-06,420221.33,420374.32,418697.78,418850.22,0.00,0.00,1.59
2012-12-07,417954.82,418106.98,416400.36,416551.96,0.00,0.00,1.64
2012-12-10,418329.40,418481.70,416780.92,416932.66,0.00,0.00,1.63
2012-12-11,417052.14,417193.14,415487.77,415628.24,0.00,0.00,1.66
2012-12-12,414359.47,414467.23,412757.00,412864.34,0.00,0.00,1.72
2012-12-13,413408.47,413526.73,411810.77,411928.58,0.00,0.00,1.74
2012-12-14,414230.82,414327.77,412653.49,412750.07,0.00,0.00,1.72
2012-12-17,411557.87,411664.90,409946.57,410053.18,0.00,0.00,1.78
2012-12-18,408995.65,409123.28,407355.75,407482.87,0.00,0.00,1.84
2012-12-19,409707.66,409814.21,408074.26,408180.38,0.00,0.00,1.82
2012-12-20,410071.65,410178.30,408445.87,408552.09,0.00,0.00,1.81
2012-12-21,411925.05,412053.60,410323.29,410451.34,0.00,0.00,1.77
2012-12-24,411129.57,411247.18,409524.99,409642.14,0.00,0.00,1.79
2012-12-26,411924.47,412063.73,410324.55,410463.27,0.00,0.00,1.77
2012-12-27,413502.08,413631.13,411913.08,412041.62,0.00,0.00,1.74
2012-12-28,413866.23,413973.86,412284.91,412392.13,0.00,0.00,1.73
2012-12-31,411622.04,411739.79,409998.21,410115.49,0.00,0.00,1.78
2013-01-02,408083.18,408210.53,406414.55,406541.37,0.00,0.00,1.86
2013-01-03,405366.33,405492.83,403668.51,403794.48,0.00,0.00,1.92
2013-01-04,405024.08,405139.94,403327.45,403442.83,0.00,0.00,1.93
2013-01-07,405365.54,405481.50,403669.56,403785.04,0.00,0.00,1.92
2013-01-08,406760.37,406876.73,405080.40,405196.28,0.00,0.00,1.89
2013-01-09,407198.94,407294.25,405520.88,405615.79,0.00,0.00,1.88
2013-01-10,405882.89,405988.45,404193.59,404298.71,0.00,0.00,1.91
2013-01-11,406855.28,406961.09,405178.39,405283.76,0.00,0.00,1.89
2013-01-14,406929.08,407045.48,405250.22,405366.15,0.00,0.00,1.89
2013-01-15,408248.46,408365.25,406580.92,406697.23,0.00,0.00,1.86
2013-01-16,408955.83,409072.82,407296.57,407413.08,0.00,0.00,1.84
2013-01-17,406695.71,406812.05,405017.78,405133.64,0.00,0.00,1.89
2013-01-18,407736.00,407842.03,406068.50,406174.11,0.00,0.00,1.87
2013-01-22,408177.43,408283.58,406513.72,406619.44,0.00,0.00,1.86
2013-01-23,408247.98,408354.15,406582.28,406688.02,0.00,0.00,1.86
2013-01-24,407360.56,407466.50,405687.26,405792.76,0.00,0.00,1.88
2013-01-25,402916.45,403031.71,401199.41,401314.18,0.00,0.00,1.98
2013-01-28,402151.97,402267.01,400432.57,400547.12,0.00,0.00,2.00
2013-01-29,400921.35,401036.04,399185.38,399299.57,0.00,0.00,2.03
2013-01-30,400901.24,401015.92,399154.76,399268.95,0.00,0.00,2.03
2013-01-31,401331.66,401456.91,399590.63,399715.33,0.00,0.00,2.02
2013-02-01,400279.55,400394.05,398517.91,398631.91,0.00,0.00,2.04
2013-02-04,402001.99,402116.99,400256.57,400371.07,0.00,0.00,2.00
2013-02-05,400356.27,400470.79,398592.68,398706.70,0.00,0.00,2.04
2013-02-06,402086.97,402212.45,400337.80,400462.74,0.00,0.00,2.00
2013-02-07,402519.28,402634.43,400773.73,400888.38,0.00,0.00,1.99
2013-02-08,402422.12,402537.24,400673.53,400788.15,0.00,0.00,1.99
2013-02-11,402445.41,402571.00,400705.53,400830.58,0.00,0.00,1.99
2013-02-12,401146.57,401271.75,399395.83,399520.47,0.00,0.00,2.02
2013-02-13,399527.09,399651.77,397761.73,397885.86,0.00,0.00,2.05
2013-02-14,401946.45,402082.34,400204.97,400340.26,0.00,0.00,2.00
2013-02-15,401515.47,401651.21,399770.38,399905.53,0.00,0.00,2.01
2013-02-19,400491.15,400626.55,398736.02,398870.82,0.00,0.00,2.03
2013-02-20,401058.16,401193.75,399302.60,399437.59,0.00,0.00,2.02
2013-02-21,402275.54,402411.53,400534.58,400669.99,0.00,0.00,1.99
2013-02-22,403149.79,403296.57,401416.16,401562.31,0.00,0.00,1.97
2013-02-25,406975.00,407123.17,405275.21,405422.76,0.00,0.00,1.88
2013-02-26,406975.71,407123.88,405275.91,405423.46,0.00,0.00,1.88
2013-02-27,405669.26,405806.41,403952.80,404089.36,0.00,0.00,1.91
2013-02-28,406448.07,406585.48,404735.96,404872.79,0.00,0.00,1.89
2013-03-01,407760.65,407887.90,406061.58,406188.30,0.00,0.00,1.86
2013-03-04,406881.88,407008.85,405173.46,405299.90,0.00,0.00,1.88
2013-03-05,406011.32,406138.02,404293.65,404419.82,0.00,0.00,1.90
2013-03-06,403904.35,404030.39,402164.43,402289.94,0.00,0.00,1.95
2013-03-07,401734.86,401849.78,399974.93,400089.35,0.00,0.00,2.00
2013-03-08,398983.78,399097.92,397197.71,397311.33,0.00,0.00,2.06
2013-03-11,398723.61,398848.04,396935.03,397058.90,0.00,0.00,2.07
2013-03-12,400366.47,400491.41,398597.75,398722.14,0.00,0.00,2.03
2013-03-13,400028.70,400153.53,398261.24,398385.53,0.00,0.00,2.04
2013-03-14,399922.16,400046.97,398141.25,398265.50,0.00,0.00,2.04
2013-03-15,401269.36,401384.15,399488.52,399602.80,0.00,0.00,2.01
2013-03-18,403453.88,403569.29,401701.64,401816.55,0.00,0.00,1.96
2013-03-19,405115.93,405231.82,403383.98,403499.37,0.00,0.00,1.92
2013-03-20,403288.72,403404.08,401533.59,401648.45,0.00,0.00,1.96
2013-03-21,403979.84,404095.41,402237.97,402353.03,0.00,0.00,1.95
2013-03-22,404780.54,404896.33,403049.85,403165.15,0.00,0.00,1.93
2013-03-25,404754.00,404869.79,403016.40,403131.69,0.00,0.00,1.93
2013-03-26,405194.29,405310.21,403460.40,403575.82,0.00,0.00,1.92
2013-03-27,407283.85,407410.95,405567.26,405693.83,0.00,0.00,1.87
2013-03-28,407131.33,407247.80,405420.51,405536.49,0.00,0.00,1.87
2013-04-01,407569.16,407685.75,405862.07,405978.17,0.00,0.00,1.86
2013-04-02,406617.16,406733.48,404904.57,405020.40,0.00,0.00,1.88
2013-04-03,408980.93,409087.29,407290.03,407395.95,0.00,0.00,1.83
2013-04-04,411281.70,411388.66,409616.61,409723.13,0.00,0.00,1.78
2013-04-05,414087.04,414194.73,412480.20,412587.48,0.00,0.00,1.72
2013-04-08,412383.74,412490.99,410757.51,410864.33,0.00,0.00,1.76
2013-04-09,411489.46,411596.47,409843.09,409949.67,0.00,0.00,1.78
2013-04-10,408917.92,409024.26,407243.00,407348.91,0.00,0.00,1.84
2013-04-11,409622.45,409728.98,407955.79,408061.89,0.00,0.00,1.82
2013-04-12,412727.85,412824.45,411100.48,411196.70,0.00,0.00,1.75
2013-04-15,414074.02,414170.94,412468.94,412565.49,0.00,0.00,1.72
2013-04-16,412745.89,412842.50,411127.31,411223.54,0.00,0.00,1.75
2013-04-17,413635.99,413732.80,412028.92,412125.36,0.00,0.00,1.73
2013-04-18,414096.25,414193.17,412501.87,412598.42,0.00,0.00,1.72
2013-04-19,413648.97,413745.79,412050.66,412147.10,0.00,0.00,1.73
2013-04-22,414007.76,414104.67,412406.58,412503.11,0.00,0.00,1.72
2013-04-23,413192.37,413289.08,411579.55,411675.89,0.00,0.00,1.74
2013-04-24,413730.11,413826.95,412126.17,412222.63,0.00,0.00,1.73
2013-04-25,413117.44,413203.39,411506.59,411592.21,0.00,0.00,1.74
2013-04-26,415058.86,415156.01,413468.48,413565.26,0.00,0.00,1.70
2013-04-29,414867.45,414953.77,413267.06,413353.04,0.00,0.00,1.70
2013-04-30,414794.87,414891.95,413196.45,413293.17,0.00,0.00,1.70
2013-05-01,416670.55,416757.25,415094.77,415181.13,0.00,0.00,1.66
2013-05-02,416670.55,416757.25,415094.77,415181.13,0.00,0.00,1.66
2013-05-03,411300.93,411386.50,409656.99,409742.22,0.00,0.00,1.78
2013-05-06,410417.20,410502.59,408763.74,408848.79,0.00,0.00,1.80
2013-05-07,409538.36,409623.57,407875.45,407960.31,0.00,0.00,1.82
2013-05-08,409977.30,410062.59,408320.03,408404.99,0.00,0.00,1.81
2013-05-09,410070.58,410155.90,408418.26,408503.23,0.00,0.00,1.81
2013-05-10,406105.35,406189.84,404408.57,404492.71,0.00,0.00,1.90
2013-05-13,405145.75,405230.05,403434.87,403518.81,0.00,0.00,1.92
2013-05-14,403483.99,403578.43,401752.78,401846.81,0.00,0.00,1.96
2013-05-15,404184.61,404279.21,402459.64,402553.84,0.00,0.00,1.94
2013-05-16,407232.30,407317.02,405536.89,405621.27,0.00,0.00,1.87
2013-05-17,403824.56,403908.58,402092.12,402175.78,0.00,0.00,1.95
2013-05-20,403028.41,403122.74,401284.85,401378.77,0.00,0.00,1.97
2013-05-21,404345.85,404440.49,402623.76,402717.99,0.00,0.00,1.94
2013-05-22,400531.38,400614.71,398777.73,398860.70,0.00,0.00,2.03
2013-05-23,400893.81,400977.22,399147.59,399230.64,0.00,0.00,2.02
2013-05-24,401415.52,401488.60,399677.75,399750.51,0.00,0.00,2.01
2013-05-28,395332.16,395424.69,393536.38,393628.49,0.00,0.00,2.15
2013-05-29,396366.18,396448.65,394590.60,394672.70,0.00,0.00,2.13
2013-05-30,396279.97,396352.11,394497.79,394569.61,0.00,0.00,2.13
2013-05-31,394931.72,395003.62,393142.90,393214.47,0.00,0.00,2.16
2013-06-03,396133.03,396215.45,394358.45,394440.49,0.00,0.00,2.13
2013-06-04,395442.25,395524.53,393658.35,393740.25,0.00,0.00,2.14
2013-06-05,397171.00,397253.63,395409.71,395491.98,0.00,0.00,2.10
2013-06-06,398008.73,398091.54,396249.56,396332.01,0.00,0.00,2.08
2013-06-07,394099.00,394170.75,392310.33,392381.76,0.00,0.00,2.17
2013-06-10,392132.90,392214.49,390319.54,390400.74,0.00,0.00,2.22
2013-06-11,393012.22,393093.99,391214.32,391295.71,0.00,0.00,2.20
2013-06-12,391127.19,391208.57,389309.36,389390.35,0.00,0.00,2.25
2013-06-13,393425.09,393506.95,391630.57,391712.05,0.00,0.00,2.19
2013-06-14,395587.05,395669.36,393797.37,393879.30,0.00,0.00,2.14
2013-06-17,393437.45,393519.31,391618.24,391699.72,0.00,0.00,2.19
2013-06-18,393187.12,393268.93,391373.96,391455.38,0.00,0.00,2.20
2013-06-19,387735.04,387815.71,385914.11,385994.40,0.00,0.00,2.33
2013-06-20,384326.85,384416.81,382473.18,382562.70,0.00,0.00,2.41
2013-06-21,380084.74,380173.70,378209.80,378298.33,0.00,0.00,2.52
2013-06-24,378269.94,378378.15,376403.47,376511.15,0.00,0.00,2.57
2013-06-25,377102.50,377210.38,375214.56,375321.90,0.00,0.00,2.60
2013-06-26,379026.18,379134.61,377150.98,377258.87,0.00,0.00,2.55
2013-06-27,381459.31,381568.43,379594.71,379703.30,0.00,0.00,2.49
2013-06-28,380347.60,380446.52,378491.25,378589.68,0.00,0.00,2.52
2013-07-01,381320.14,381409.40,379472.80,379561.62,0.00,0.00,2.50
2013-07-02,381982.00,382061.47,380140.20,380219.29,0.00,0.00,2.48
2013-07-03,380280.75,380359.87,378428.17,378506.91,0.00,0.00,2.52
2013-07-05,371893.14,371970.52,369981.49,370058.47,0.00,0.00,2.73
2013-07-08,374921.33,374989.59,373023.02,373090.93,0.00,0.00,2.65
2013-07-09,375038.36,375116.39,373127.75,373205.38,0.00,0.00,2.65
2013-07-10,373176.36,373254.01,371251.34,371328.58,0.00,0.00,2.70
2013-07-11,377145.29,377213.95,375223.94,375292.25,0.00,0.00,2.60
2013-07-12,376742.76,376811.35,374821.92,374890.16,0.00,0.00,2.61
2013-07-15,378304.56,378373.43,376399.91,376468.44,0.00,0.00,2.57
2013-07-16,379115.13,379184.14,377216.71,377285.38,0.00,0.00,2.55
2013-07-17,380224.73,380303.84,378320.89,378399.60,0.00,0.00,2.52
2013-07-18,378498.61,378567.52,376574.03,376642.59,0.00,0.00,2.56
2013-07-19,380977.12,381046.47,379081.59,379150.60,0.00,0.00,2.50
2013-07-22,380973.80,381043.16,379080.06,379149.07,0.00,0.00,2.50
2013-07-23,379905.14,379974.31,378000.98,378069.80,0.00,0.00,2.53
2013-07-24,376731.75,376800.33,374805.49,374873.72,0.00,0.00,2.61
2013-07-25,376720.58,376779.37,374790.69,374849.17,0.00,0.00,2.61
2013-07-26,377861.44,377930.23,375944.56,376013.00,0.00,0.00,2.58
2013-07-29,376631.33,376699.90,374695.05,374763.27,0.00,0.00,2.61
2013-07-30,375906.31,375974.74,373968.47,374036.55,0.00,0.00,2.63
2013-07-31,376964.80,377043.23,375037.16,375115.19,0.00,0.00,2.60
2013-08-01,371243.12,371320.36,369269.81,369346.64,0.00,0.00,2.74
2013-08-02,375695.45,375763.85,373736.45,373804.49,0.00,0.00,2.63
2013-08-05,374237.42,374315.28,372267.09,372344.54,0.00,0.00,2.67
2013-08-06,374242.86,374320.73,372272.56,372350.01,0.00,0.00,2.67
2013-08-07,376453.61,376531.93,374509.96,374587.88,0.00,0.00,2.61
2013-08-08,377345.43,377414.12,375401.05,375469.39,0.00,0.00,2.58
2013-08-09,377688.80,377757.56,375751.31,375819.72,0.00,0.00,2.57
2013-08-12,376214.51,376292.79,374265.52,374343.39,0.00,0.00,2.61
2013-08-13,372137.67,372215.10,370167.10,370244.11,0.00,0.00,2.71
2013-08-14,372200.41,372268.17,370226.04,370293.44,0.00,0.00,2.71
2013-08-15,369803.01,369879.95,367810.97,367887.49,0.00,0.00,2.77
2013-08-16,367017.09,367093.45,365003.02,365078.96,0.00,0.00,2.84
2013-08-19,365527.47,365603.52,363504.72,363580.35,0.00,0.00,2.88
2013-08-20,367883.30,367950.27,365871.21,365937.82,0.00,0.00,2.82
2013-08-21,365711.74,365778.32,363694.94,363761.15,0.00,0.00,2.87
2013-08-22,364836.34,364893.27,362838.03,362894.65,0.00,0.00,2.90
2013-08-23,367935.15,367992.56,365967.09,366024.19,0.00,0.00,2.82
2013-08-26,369200.30,369267.51,367235.45,367302.31,0.00,0.00,2.79
2013-08-27,372061.66,372129.39,370119.07,370186.45,0.00,0.00,2.72
2013-08-28,369683.50,369750.80,367729.64,367796.58,0.00,0.00,2.78
2013-08-29,370991.37,371049.27,369059.18,369116.77,0.00,0.00,2.75
2013-08-30,369891.41,369939.51,367959.52,368007.37,0.00,0.00,2.78
2013-09-03,366793.86,366841.56,364833.09,364880.54,0.00,0.00,2.86
2013-09-04,365349.20,365396.71,363391.45,363438.70,0.00,0.00,2.90
2013-09-05,362187.47,362243.99,360214.41,360270.62,0.00,0.00,2.98
2013-09-06,363739.16,363786.46,361755.40,361802.45,0.00,0.00,2.94
2013-09-09,365125.53,365163.52,363140.66,363178.44,0.00,0.00,2.90
2013-09-10,362880.08,362917.84,360884.53,360922.07,0.00,0.00,2.96
2013-09-11,364316.06,364363.44,362322.07,362369.18,0.00,0.00,2.93
2013-09-12,364635.40,364654.37,362647.98,362666.84,0.00,0.00,2.92
2013-09-13,365342.07,365361.08,363357.67,363376.57,0.00,0.00,2.90
2013-09-16,365946.63,365984.70,363936.91,363974.77,0.00,0.00,2.88
2013-09-17,366832.36,366870.53,364837.49,364875.44,0.00,0.00,2.86
2013-09-18,373349.56,373388.40,371365.83,371404.46,0.00,0.00,2.69
2013-09-19,370549.39,370578.31,368549.63,368578.39,0.00,0.00,2.76
2013-09-20,370970.77,371019.01,368984.04,369032.02,0.00,0.00,2.75
2013-09-23,372263.35,372311.76,370291.83,370339.99,0.00,0.00,2.72
2013-09-24,374371.38,374420.06,372421.23,372469.66,0.00,0.00,2.67
2013-09-25,375909.27,375958.15,373968.54,374017.17,0.00,0.00,2.63
2013-09-26,374533.21,374562.43,372578.97,372608.04,0.00,0.00,2.66
2013-09-27,375315.02,375344.31,373358.47,373387.60,0.00,0.00,2.64
2013-09-30,375222.49,375261.52,373259.55,373298.38,0.00,0.00,2.64
2013-10-01,374422.05,374461.01,372454.90,372493.65,0.00,0.00,2.66
2013-10-02,375534.86,375583.69,373570.37,373618.95,0.00,0.00,2.63
2013-10-03,376011.95,376060.85,374046.73,374095.37,0.00,0.00,2.62
2013-10-04,374357.43,374396.38,372390.49,372429.23,0.00,0.00,2.66
2013-10-07,374927.38,374985.88,372967.86,373026.06,0.00,0.00,2.65
2013-10-08,374569.84,374657.52,372615.74,372702.96,0.00,0.00,2.66
2013-10-09,373810.02,373887.79,371844.23,371921.59,0.00,0.00,2.68
2013-10-10,372590.90,372658.73,370612.50,370679.97,0.00,0.00,2.71
2013-10-11,373054.04,373121.96,371074.81,371142.37,0.00,0.00,2.70
2013-10-15,371120.98,371275.39,369121.37,369274.95,0.00,0.00,2.75
2013-10-16,373535.64,373642.50,371563.92,371670.22,0.00,0.00,2.69
2013-10-17,376685.80,376764.18,374737.39,374815.35,0.00,0.00,2.61
2013-10-18,376942.34,377020.77,374996.23,375074.25,0.00,0.00,2.60
2013-10-21,375719.54,375787.94,373764.23,373832.28,0.00,0.00,2.63
2013-10-22,379295.46,379364.52,377365.11,377433.81,0.00,0.00,2.54
2013-10-23,380375.95,380445.20,378457.82,378526.72,0.00,0.00,2.51
2013-10-24,379638.43,379707.54,377718.61,377787.37,0.00,0.00,2.53
2013-10-25,379777.15,379856.17,377849.75,377928.37,0.00,0.00,2.53
2013-10-28,379364.82,379443.74,377434.28,377512.80,0.00,0.00,2.54
2013-10-29,379689.43,379768.43,377755.62,377834.21,0.00,0.00,2.53
2013-10-30,378798.40,378887.06,376858.52,376946.73,0.00,0.00,2.55
2013-10-31,378142.79,378221.46,376204.04,376282.31,0.00,0.00,2.57
2013-11-01,374984.92,375062.94,373022.66,373100.27,0.00,0.00,2.65
2013-11-04,375616.54,375704.46,373653.00,373740.46,0.00,0.00,2.63
2013-11-05,373246.65,373324.30,371257.59,371334.83,0.00,0.00,2.69
2013-11-06,374012.01,374099.55,372010.42,372097.50,0.00,0.00,2.67
2013-11-07,375710.80,375798.74,373727.59,373815.07,0.00,0.00,2.63
2013-11-08,370078.82,370165.44,368048.65,368134.80,0.00,0.00,2.77
2013-11-12,368911.30,369007.24,366882.57,366977.98,0.00,0.00,2.80
2013-11-13,370793.41,370889.84,368766.36,368862.27,0.00,0.00,2.75
2013-11-14,373104.27,373201.30,371088.51,371185.02,0.00,0.00,2.69
2013-11-15,372394.67,372491.51,370377.56,370473.88,0.00,0.00,2.71
2013-11-18,374007.29,374104.55,372003.88,372100.62,0.00,0.00,2.67
2013-11-19,372389.54,372486.39,370374.21,370470.53,0.00,0.00,2.71
2013-11-20,368717.56,368823.04,366650.27,366755.16,0.00,0.00,2.80
2013-11-21,369196.71,369292.73,367136.77,367232.25,0.00,0.00,2.79
2013-11-22,370773.95,370870.38,368739.63,368835.53,0.00,0.00,2.75
2013-11-25,371243.57,371349.77,369211.98,369317.60,0.00,0.00,2.74
2013-11-26,372444.54,372551.08,370421.75,370527.72,0.00,0.00,2.71
2013-11-27,371315.14,371421.36,369286.21,369391.85,0.00,0.00,2.74
2013-11-29,370762.91,370868.97,368728.54,368834.02,0.00,0.00,2.75
2013-12-02,368539.64,368635.48,366496.90,366592.21,0.00,0.00,2.81
2013-12-03,369401.60,369497.67,367360.82,367456.36,0.00,0.00,2.79
2013-12-04,367172.84,367268.33,365110.75,365205.70,0.00,0.00,2.84
2013-12-05,365750.88,365846.00,363686.38,363780.97,0.00,0.00,2.88
2013-12-06,365937.29,366032.46,363885.36,363980.00,0.00,0.00,2.88
2013-12-09,366602.42,366697.76,364561.98,364656.79,0.00,0.00,2.86
2013-12-10,368659.39,368755.26,366633.08,366728.43,0.00,0.00,2.81
2013-12-11,366731.09,366826.47,364686.63,364781.48,0.00,0.00,2.86
2013-12-12,365516.89,365602.44,363476.04,363561.12,0.00,0.00,2.89
2013-12-13,366005.50,366091.16,363973.76,364058.95,0.00,0.00,2.88
2013-12-16,365521.69,365607.24,363480.85,363565.93,0.00,0.00,2.89
2013-12-17,367014.23,367100.13,364982.06,365067.49,0.00,0.00,2.85
2013-12-18,365494.06,365589.12,363453.14,363547.66,0.00,0.00,2.89
2013-12-19,363626.75,363711.86,361602.99,361687.63,0.00,0.00,2.94
2013-12-20,365605.22,365690.79,363624.80,363709.91,0.00,0.00,2.89
2013-12-23,363881.74,363966.91,361888.74,361973.44,0.00,0.00,2.94
2013-12-24,361776.39,361861.06,359766.95,359851.16,0.00,0.00,2.99
2013-12-26,361377.73,361462.31,359359.14,359443.25,0.00,0.00,3.00
2013-12-27,360640.18,360724.59,358610.48,358694.42,0.00,0.00,3.02
2013-12-30,361956.16,362050.29,359937.16,360030.77,0.00,0.00,2.99
2013-12-31,359911.50,360005.10,357872.53,357965.60,0.00,0.00,3.04
2014-01-02,361471.51,361556.12,359445.30,359529.43,0.00,0.00,3.00
2014-01-03,361107.40,361201.31,359078.49,359171.87,0.00,0.00,3.01
2014-01-06,362337.12,362412.51,360314.50,360389.47,0.00,0.00,2.98
2014-01-07,363073.37,363148.91,361060.15,361135.27,0.00,0.00,2.96
2014-01-08,361190.90,361266.05,359181.98,359256.71,0.00,0.00,3.01
2014-01-09,362779.02,362835.63,360791.20,360847.50,0.00,0.00,2.97
2014-01-10,366392.20,366449.37,364415.89,364472.76,0.00,0.00,2.88
2014-01-13,367798.66,367856.05,365824.93,365882.02,0.00,0.00,2.84
2014-01-14,366330.18,366387.34,364357.65,364414.51,0.00,0.00,2.88
2014-01-15,365577.73,365634.77,363607.73,363664.47,0.00,0.00,2.90
2014-01-16,367008.61,367075.43,365051.20,365117.66,0.00,0.00,2.86
2014-01-17,367864.61,367931.58,365911.01,365977.62,0.00,0.00,2.84
2014-01-21,367495.27,367562.17,365548.79,365615.34,0.00,0.00,2.85
2014-01-22,366529.23,366595.96,364588.28,364654.65,0.00,0.00,2.87
2014-01-23,369802.64,369850.73,367877.51,367925.35,0.00,0.00,2.79
2014-01-24,371396.28,371454.23,369483.05,369540.71,0.00,0.00,2.75
2014-01-27,370128.34,370195.72,368208.14,368275.17,0.00,0.00,2.78
2014-01-28,370508.60,370576.05,368583.10,368650.20,0.00,0.00,2.77
2014-01-29,373557.86,373625.86,371655.62,371723.28,0.00,0.00,2.69
2014-01-30,372194.35,372252.42,370280.48,370338.26,0.00,0.00,2.72
2014-01-31,374267.90,374326.30,372365.39,372423.50,0.00,0.00,2.67
2014-02-03,376676.94,376745.51,374794.61,374862.84,0.00,0.00,2.61
2014-02-04,375442.98,375511.33,373543.04,373611.05,0.00,0.00,2.64
2014-02-05,372996.09,373063.99,371067.76,371135.32,0.00,0.00,2.70
2014-02-06,371890.61,371967.98,369956.07,370033.04,0.00,0.00,2.73
2014-02-07,372901.20,372988.48,370967.81,371054.64,0.00,0.00,2.71
2014-02-10,373240.81,373337.88,371316.02,371412.59,0.00,0.00,2.70
2014-02-11,371271.44,371368.00,369340.01,369436.06,0.00,0.00,2.75
2014-02-12,369515.36,369601.85,367576.14,367662.18,0.00,0.00,2.80
2014-02-13,372134.45,372211.87,370205.21,370282.23,0.00,0.00,2.73
2014-02-14,371484.26,371551.89,369551.56,369618.84,0.00,0.00,2.75
2014-02-18,372749.97,372827.52,370819.41,370896.56,0.00,0.00,2.71
2014-02-19,371887.39,371974.43,369954.62,370041.21,0.00,0.00,2.73
2014-02-20,370781.96,370859.10,368846.58,368923.32,0.00,0.00,2.76
2014-02-21,371847.51,371924.88,369928.62,370005.58,0.00,0.00,2.73
2014-02-24,371204.38,371281.61,369280.27,369357.10,0.00,0.00,2.75
2014-02-25,373143.00,373220.63,371237.69,371314.93,0.00,0.00,2.70
2014-02-26,374414.16,374492.05,372515.97,372593.48,0.00,0.00,2.67
2014-02-27,375245.39,375313.71,373361.69,373429.66,0.00,0.00,2.65
2014-02-28,374862.98,374940.97,372984.53,373062.13,0.00,0.00,2.66
2014-03-03,377115.78,377194.24,375248.53,375326.61,0.00,0.00,2.60
2014-03-04,373165.35,373242.99,371268.36,371345.61,0.00,0.00,2.70
2014-03-05,373233.56,373320.92,371334.59,371421.50,0.00,0.00,2.70
2014-03-06,371636.88,371714.20,369724.09,369801.01,0.00,0.00,2.74
2014-03-07,369278.61,369365.04,367358.06,367444.04,0.00,0.00,2.80
2014-03-10,369589.99,369666.89,367667.90,367744.39,0.00,0.00,2.79
2014-03-11,370327.63,370404.68,368413.46,368490.12,0.00,0.00,2.77
2014-03-12,372083.35,372160.76,370185.48,370262.50,0.00,0.00,2.73
2014-03-13,374821.48,374899.46,372948.66,373026.25,0.00,0.00,2.66
2014-03-14,375159.77,375237.82,373297.35,373375.01,0.00,0.00,2.65
2014-03-17,373243.29,373320.95,371366.57,371443.84,0.00,0.00,2.70
2014-03-18,374018.16,374086.25,372140.99,372208.74,0.00,0.00,2.68
2014-03-19,370101.69,370188.32,368238.35,368324.54,0.00,0.00,2.78
2014-03-20,369759.95,369846.49,367886.34,367972.45,0.00,0.00,2.79
2014-03-21,371338.32,371415.58,369498.76,369575.64,0.00,0.00,2.75
2014-03-24,371790.09,371867.44,369973.61,370050.59,0.00,0.00,2.74
2014-03-25,371383.05,371460.31,369561.75,369638.64,0.00,0.00,2.75
2014-03-26,372954.29,373022.18,371135.18,371202.75,0.00,0.00,2.71
2014-03-27,373870.68,373929.02,372072.34,372130.40,0.00,0.00,2.69
2014-03-28,372207.87,372265.95,370399.19,370456.99,0.00,0.00,2.73
2014-03-31,372084.46,372152.20,370262.96,370330.36,0.00,0.00,2.73
2014-04-01,370619.00,370676.83,368776.13,368833.68,0.00,0.00,2.77
2014-04-02,368508.40,368565.91,366656.28,366713.49,0.00,0.00,2.82
2014-04-03,369242.08,369290.09,367399.65,367447.43,0.00,0.00,2.80
2014-04-04,371656.16,371704.49,369819.82,369867.91,0.00,0.00,2.74
2014-04-07,372849.79,372907.97,371022.58,371080.48,0.00,0.00,2.71
2014-04-08,373726.22,373784.54,371904.97,371963.00,0.00,0.00,2.69
2014-04-09,372946.78,372995.28,371103.78,371152.04,0.00,0.00,2.71
2014-04-10,375509.62,375568.22,373687.70,373746.02,0.00,0.00,2.65
2014-04-11,376249.10,376307.82,374437.18,374495.61,0.00,0.00,2.63
2014-04-14,375532.19,375590.79,373720.36,373778.68,0.00,0.00,2.65
2014-04-15,376056.08,376104.98,374263.83,374312.50,0.00,0.00,2.64
2014-04-16,375613.07,375661.91,373831.50,373880.11,0.00,0.00,2.65
2014-04-17,372361.36,372409.78,370563.46,370611.65,0.00,0.00,2.73
2014-04-21,372360.90,372419.01,370561.25,370619.07,0.00,0.00,2.73
2014-04-22,372548.42,372606.55,370761.37,370819.23,0.00,0.00,2.73
2014-04-23,373742.95,373791.55,371965.17,372013.54,0.00,0.00,2.70
2014-04-24,373606.88,373645.74,371834.78,371873.46,0.00,0.00,2.70
2014-04-25,374410.93,374449.88,372645.07,372683.84,0.00,0.00,2.68
2014-04-28,373585.46,373634.05,371805.10,371853.45,0.00,0.00,2.70
2014-04-29,373168.26,373216.78,371378.29,371426.58,0.00,0.00,2.71
2014-04-30,374674.29,374723.01,372890.40,372938.89,0.00,0.00,2.67
2014-05-01,376462.21,376511.17,374701.79,374750.52,0.00,0.00,2.63
2014-05-02,377647.82,377696.93,375912.54,375961.42,0.00,0.00,2.60
2014-05-05,376418.10,376467.05,374663.21,374711.93,0.00,0.00,2.63
2014-05-06,377325.52,377374.58,375585.11,375633.95,0.00,0.00,2.61
2014-05-07,377281.64,377330.71,375534.26,375583.09,0.00,0.00,2.62
2014-05-08,377217.10,377266.16,375441.62,375490.44,0.00,0.00,2.61
2014-05-09,376811.35,376860.35,375030.94,375079.71,0.00,0.00,2.62
2014-05-12,375278.28,375327.08,373489.85,373538.42,0.00,0.00,2.66
2014-05-13,377206.23,377255.29,375428.96,375477.78,0.00,0.00,2.61
2014-05-14,380071.81,380121.23,378327.05,378376.25,0.00,0.00,2.54
2014-05-15,381773.92,381823.56,380043.74,380093.16,0.00,0.00,2.50
2014-05-16,380883.87,380933.40,379147.36,379196.66,0.00,0.00,2.52
2014-05-19,379948.78,379998.18,378191.01,378240.19,0.00,0.00,2.54
2014-05-20,380741.61,380801.02,378981.93,379041.07,0.00,0.00,2.52
2014-05-21,379845.75,379905.02,378075.02,378134.01,0.00,0.00,2.54
2014-05-22,379029.93,379079.22,377252.78,377301.84,0.00,0.00,2.56
2014-05-23,379866.22,379915.61,378102.07,378151.24,0.00,0.00,2.54
2014-05-27,380705.23,380764.64,378959.46,379018.59,0.00,0.00,2.52
2014-05-28,383918.56,383968.48,382204.55,382254.25,0.00,0.00,2.44
2014-05-29,383349.63,383399.48,381631.38,381681.01,0.00,0.00,2.45
2014-05-30,382210.03,382269.67,380484.79,380544.16,0.00,0.00,2.48
2014-06-02,379852.49,379911.76,378112.35,378171.36,0.00,0.00,2.54
2014-06-03,377326.86,377385.74,375561.14,375619.75,0.00,0.00,2.60
2014-06-04,376853.81,376912.62,375085.13,375143.66,0.00,0.00,2.61
2014-06-05,377631.49,377690.42,375862.57,375921.22,0.00,0.00,2.59
2014-06-06,377263.85,377322.72,375501.88,375560.47,0.00,0.00,2.60
2014-06-09,376482.32,376541.07,374722.33,374780.81,0.00,0.00,2.62
2014-06-10,375700.85,375759.48,373934.61,373992.96,0.00,0.00,2.64
2014-06-11,375506.42,375565.02,373734.13,373792.45,0.00,0.00,2.65
2014-06-12,378175.60,378244.44,376428.13,376496.66,0.00,0.00,2.58
2014-06-13,377429.39,377498.10,375692.21,375760.61,0.00,0.00,2.60
2014-06-16,377195.66,377264.32,375457.94,375526.29,0.00,0.00,2.61
2014-06-17,375122.49,375190.78,373372.68,373440.65,0.00,0.00,2.66
2014-06-18,377018.03,377076.87,375271.15,375329.71,0.00,0.00,2.61
2014-06-19,375844.53,375893.40,374074.37,374123.01,0.00,0.00,2.64
2014-06-20,376272.90,376312.04,374514.19,374553.15,0.00,0.00,2.63
2014-06-23,376211.97,376270.68,374457.00,374515.43,0.00,0.00,2.63
2014-06-24,377834.97,377893.93,376096.23,376154.92,0.00,0.00,2.59
2014-06-25,378632.32,378681.56,376899.96,376948.98,0.00,0.00,2.57
2014-06-26,380188.42,380247.74,378470.94,378530.00,0.00,0.00,2.53
2014-06-27,379747.02,379806.27,378017.93,378076.92,0.00,0.00,2.54
2014-06-30,380252.50,380321.72,378529.53,378598.44,0.00,0.00,2.53
2014-07-01,378284.82,378343.85,376542.00,376600.75,0.00,0.00,2.58
2014-07-02,375855.18,375913.83,374085.04,374143.41,0.00,0.00,2.64
2014-07-03,375333.92,375392.49,373568.11,373626.40,0.00,0.00,2.65
2014-07-07,376260.31,376319.02,374515.42,374573.86,0.00,0.00,2.63
2014-07-08,378285.43,378344.46,376558.25,376617.01,0.00,0.00,2.58
2014-07-09,378840.11,378899.23,377117.02,377175.86,0.00,0.00,2.57
2014-07-10,379450.98,379510.19,377725.08,377784.03,0.00,0.00,2.55
2014-07-11,380356.57,380425.81,378643.53,378712.46,0.00,0.00,2.53
2014-07-14,379327.20,379386.39,377608.75,377667.68,0.00,0.00,2.55
2014-07-15,379016.16,379075.30,377300.86,377359.74,0.00,0.00,2.56
2014-07-16,379448.35,379507.56,377746.37,377805.31,0.00,0.00,2.55
2014-07-17,382546.57,382606.27,380871.63,380931.07,0.00,0.00,2.47
2014-07-18,381420.41,381470.01,379741.99,379791.37,0.00,0.00,2.50
2014-07-21,381858.54,381918.12,380193.51,380252.84,0.00,0.00,2.49
2014-07-22,382258.35,382327.94,380594.87,380664.16,0.00,0.00,2.48
2014-07-23,382325.12,382374.83,380657.92,380707.42,0.00,0.00,2.48
2014-07-24,380570.16,380629.55,378895.47,378954.60,0.00,0.00,2.52
2014-07-25,382289.09,382348.74,380633.96,380693.36,0.00,0.00,2.48
2014-07-28,381411.61,381471.13,379755.33,379814.59,0.00,0.00,2.50
2014-07-29,382729.53,382789.25,381087.84,381147.31,0.00,0.00,2.47
2014-07-30,378749.14,378808.24,377073.94,377132.78,0.00,0.00,2.57
2014-07-31,378394.35,378443.56,376710.44,376759.43,0.00,0.00,2.58
2014-08-01,380762.18,380811.69,379079.38,379128.68,0.00,0.00,2.52
2014-08-04,380991.52,381050.97,379302.75,379361.94,0.00,0.00,2.51
2014-08-05,381741.31,381790.95,380064.58,380114.01,0.00,0.00,2.49
2014-08-06,381898.39,381948.05,380224.34,380273.79,0.00,0.00,2.49
2014-08-07,384171.04,384211.01,382507.63,382547.42,0.00,0.00,2.43
2014-08-08,383786.03,383835.93,382127.65,382177.34,0.00,0.00,2.44
2014-08-11,383800.21,383850.12,382141.86,382191.56,0.00,0.00,2.44
2014-08-12,382947.03,382996.83,381273.63,381323.21,0.00,0.00,2.46
2014-08-13,384234.60,384294.56,382567.46,382627.16,0.00,0.00,2.43
2014-08-14,385487.16,385547.32,383840.25,383900.15,0.00,0.00,2.40
2014-08-15,387993.47,388043.93,386378.96,386429.20,0.00,0.00,2.34
2014-08-18,385845.19,385895.37,384205.41,384255.37,0.00,0.00,2.39
2014-08-19,385350.88,385400.99,383703.05,383752.95,0.00,0.00,2.40
2014-08-20,384235.09,384295.05,382593.74,382653.44,0.00,0.00,2.43
2014-08-21,385084.33,385144.42,383458.10,383517.94,0.00,0.00,2.41
2014-08-22,385392.15,385452.29,383788.60,383848.49,0.00,0.00,2.40
2014-08-25,385895.94,385946.12,384303.98,384353.95,0.00,0.00,2.39
2014-08-26,385872.45,385922.63,384272.12,384322.09,0.00,0.00,2.39
2014-08-27,386944.69,386995.01,385356.87,385406.98,0.00,0.00,2.37
2014-08-28,388042.85,388093.31,386471.01,386521.27,0.00,0.00,2.34
2014-08-29,387617.91,387668.31,386040.83,386091.04,0.00,0.00,2.35
2014-09-02,384727.65,384777.68,383118.30,383168.12,0.00,0.00,2.42
2014-09-03,385069.76,385119.83,383467.49,383517.35,0.00,0.00,2.41
2014-09-04,383414.05,383463.91,381788.20,381837.84,0.00,0.00,2.45
2014-09-05,382974.43,383024.24,381333.37,381382.96,0.00,0.00,2.46
2014-09-08,382343.57,382393.29,380706.89,380756.40,0.00,0.00,2.48
2014-09-09,381650.26,381699.89,380021.67,380071.08,0.00,0.00,2.50
2014-09-10,380089.87,380139.29,378444.37,378493.58,0.00,0.00,2.54
2014-09-11,380002.35,380051.77,378352.24,378401.44,0.00,0.00,2.54
2014-09-12,376817.65,376866.65,375132.66,375181.44,0.00,0.00,2.62
2014-09-15,377606.79,377655.90,375919.95,375968.84,0.00,0.00,2.60
2014-09-16,377420.90,377460.17,375721.38,375760.47,0.00,0.00,2.60
2014-09-17,376653.99,376702.97,374958.11,375006.87,0.00,0.00,2.62
2014-09-18,376208.74,376247.87,374521.63,374560.59,0.00,0.00,2.63
2014-09-19,378017.12,378056.45,376362.06,376401.21,0.00,0.00,2.59
2014-09-22,378794.80,378834.21,377137.94,377177.18,0.00,0.00,2.57
2014-09-23,380010.82,380050.35,378365.51,378404.87,0.00,0.00,2.54
2014-09-24,378804.16,378833.71,377150.79,377180.22,0.00,0.00,2.57
2014-09-25,380906.95,380936.67,379271.10,379300.69,0.00,0.00,2.52
2014-09-26,380134.75,380164.41,378504.12,378533.65,0.00,0.00,2.54
2014-09-29,381692.33,381741.96,380078.62,380128.05,0.00,0.00,2.50
2014-09-30,380860.50,380890.22,379231.85,379261.44,0.00,0.00,2.52
2014-10-01,385017.63,385057.68,383428.89,383468.78,0.00,0.00,2.42
2014-10-02,384109.11,384139.08,382507.18,382537.02,0.00,0.00,2.44
2014-10-03,383828.72,383858.67,382238.18,382268.01,0.00,0.00,2.45
2014-10-06,384616.88,384666.89,383024.75,383074.56,0.00,0.00,2.43
2014-10-07,387495.78,387536.09,385929.38,385969.52,0.00,0.00,2.36
2014-10-08,387907.95,387958.39,386319.19,386369.43,0.00,0.00,2.35
2014-10-09,388255.87,388306.36,386676.04,386726.32,0.00,0.00,2.34
2014-10-10,389588.95,389629.48,388024.27,388064.64,0.00,0.00,2.31
2014-10-14,393729.74,393770.70,392193.74,392234.55,0.00,0.00,2.21
2014-10-15,396208.19,396259.71,394676.82,394728.14,0.00,0.00,2.15
2014-10-16,395366.71,395418.12,393828.10,393879.32,0.00,0.00,2.17
2014-10-17,393290.14,393341.28,391740.32,391791.26,0.00,0.00,2.22
2014-10-20,394193.53,394255.04,392647.13,392708.41,0.00,0.00,2.20
2014-10-21,392838.49,392899.79,391276.60,391337.66,0.00,0.00,2.23
2014-10-22,392103.52,392164.71,390539.32,390600.26,0.00,0.00,2.25
2014-10-23,390356.53,390417.45,388783.71,388844.38,0.00,0.00,2.29
2014-10-24,390282.18,390343.08,388711.29,388771.94,0.00,0.00,2.29
2014-10-27,391115.71,391176.74,389553.61,389614.40,0.00,0.00,2.27
2014-10-28,389784.08,389834.77,388204.98,388255.46,0.00,0.00,2.30
2014-10-29,388371.33,388442.03,386808.13,386878.55,0.00,0.00,2.34
2014-10-30,389131.57,389192.29,387575.52,387636.00,0.00,0.00,2.32
2014-10-31,387809.07,387859.50,386239.66,386289.89,0.00,0.00,2.35
2014-11-03,387648.91,387719.48,386083.51,386153.79,0.00,0.00,2.36
2014-11-04,388087.05,388147.61,386533.51,386593.83,0.00,0.00,2.35
2014-11-05,387741.85,387812.44,386181.15,386251.46,0.00,0.00,2.36
2014-11-06,386357.24,386417.53,384785.20,384845.25,0.00,0.00,2.39
2014-11-07,389310.14,389370.89,387760.42,387820.93,0.00,0.00,2.32
2014-11-10,386931.17,387001.61,385363.58,385433.74,0.00,0.00,2.38
2014-11-12,387256.77,387327.27,385689.69,385759.91,0.00,0.00,2.37
2014-11-13,387912.24,387992.95,386351.06,386431.44,0.00,0.00,2.35
2014-11-14,389159.41,389230.26,387610.43,387681.00,0.00,0.00,2.32
2014-11-17,388323.55,388394.24,386767.59,386838.00,0.00,0.00,2.34
2014-11-18,389084.59,389155.43,387539.30,387609.85,0.00,0.00,2.32
2014-11-19,387524.16,387594.71,385967.91,386038.18,0.00,0.00,2.36
2014-11-20,388345.64,388416.34,386796.32,386866.74,0.00,0.00,2.34
2014-11-21,389520.13,389591.04,387986.74,388057.37,0.00,0.00,2.31
2014-11-24,389934.40,390015.53,388404.52,388485.33,0.00,0.00,2.30
2014-11-25,391436.40,391507.66,389922.91,389993.90,0.00,0.00,2.27
2014-11-26,392536.63,392608.09,391032.81,391104.00,0.00,0.00,2.24
2014-11-28,395023.62,395095.54,393532.96,393604.61,0.00,0.00,2.18
2014-12-01,393345.57,393427.41,391838.70,391920.23,0.00,0.00,2.22
2014-12-02,390785.06,390866.36,389260.52,389341.50,0.00,0.00,2.28
2014-12-03,390555.02,390626.12,389038.16,389108.99,0.00,0.00,2.29
2014-12-04,392241.29,392322.90,390748.85,390830.15,0.00,0.00,2.25
2014-12-05,389919.69,390000.81,388430.96,388511.78,0.00,0.00,2.31
2014-12-08,392119.97,392221.94,390665.73,390767.33,0.00,0.00,2.26
2014-12-09,393864.90,393977.57,392423.22,392535.48,0.00,0.00,2.22
2014-12-10,395592.22,395695.10,394161.48,394263.98,0.00,0.00,2.18
2014-12-11,395061.78,395154.25,393643.16,393735.29,0.00,0.00,2.19
2014-12-12,398917.15,399010.52,397530.04,397623.09,0.00,0.00,2.10
2014-12-15,398124.39,398238.28,396748.49,396861.99,0.00,0.00,2.12
2014-12-16,400240.06,400354.56,398883.04,398997.15,0.00,0.00,2.07
2014-12-17,397306.88,397420.54,395931.97,396045.23,0.00,0.00,2.14
2014-12-18,393950.36,394073.30,392544.13,392666.63,0.00,0.00,2.22
2014-12-19,396005.55,396118.83,394631.57,394744.46,0.00,0.00,2.17
2014-12-22,396115.97,396280.78,394748.52,394912.76,0.00,0.00,2.17
2014-12-23,392319.66,392462.49,390912.45,391054.77,0.00,0.00,2.26
2014-12-24,391948.26,392090.95,390549.01,390691.20,0.00,0.00,2.27
2014-12-26,392788.60,392890.75,391398.36,391500.15,0.00,0.00,2.25
2014-12-29,394164.94,394287.95,392781.86,392904.43,0.00,0.00,2.22
2014-12-30,394995.07,395118.34,393615.89,393738.72,0.00,0.00,2.20
2014-12-31,396168.60,396292.23,394795.76,394918.96,0.00,0.00,2.17
2015-01-02,398365.70,398479.66,397018.12,397131.70,0.00,0.00,2.12
2015-01-05,401794.00,401898.49,400490.64,400594.79,0.00,0.00,2.04
2015-01-06,404789.67,404894.94,403513.55,403618.49,0.00,0.00,1.97
2015-01-07,405197.65,405292.49,403915.18,404009.72,0.00,0.00,1.96
2015-01-08,402240.16,402323.85,400914.75,400998.17,0.00,0.00,2.03
2015-01-09,404355.90,404440.03,403043.09,403126.94,0.00,0.00,1.98
2015-01-12,406933.79,407029.03,405644.53,405739.48,0.00,0.00,1.92
2015-01-13,407247.02,407331.75,405948.22,406032.68,0.00,0.00,1.91
2015-01-14,409310.06,409405.87,408027.97,408123.48,0.00,0.00,1.86
2015-01-15,413147.71,413233.67,411893.53,411979.23,0.00,0.00,1.77
2015-01-16,410542.99,410617.73,409273.10,409347.61,0.00,0.00,1.83
2015-01-20,410941.40,411026.90,409689.64,409774.87,0.00,0.00,1.82
2015-01-21,408760.27,408845.31,407486.62,407571.40,0.00,0.00,1.87
2015-01-22,407641.63,407726.44,406367.62,406452.17,0.00,0.00,1.90
2015-01-23,411408.83,411483.73,410180.12,410254.80,0.00,0.00,1.81
2015-01-26,410540.49,410625.90,409305.42,409390.58,0.00,0.00,1.83
2015-01-27,410594.43,410679.86,409347.09,409432.26,0.00,0.00,1.83
2015-01-28,414903.32,414989.65,413700.61,413786.68,0.00,0.00,1.73
2015-01-29,412815.90,412891.06,411588.78,411663.71,0.00,0.00,1.77
2015-01-30,416670.78,416746.64,415467.23,415542.86,0.00,0.00,1.68
2015-02-02,416389.71,416465.52,415172.88,415248.46,0.00,0.00,1.68
2015-02-03,411745.31,411820.27,410489.71,410564.44,0.00,0.00,1.79
2015-02-04,411038.51,411102.65,409776.09,409840.04,0.00,0.00,1.81
2015-02-05,410148.19,410212.19,408869.09,408932.89,0.00,0.00,1.83
2015-02-06,405129.69,405203.44,403838.90,403912.42,0.00,0.00,1.95
2015-02-09,404791.31,404875.53,403501.49,403585.44,0.00,0.00,1.96
2015-02-10,402720.43,402804.22,401405.76,401489.28,0.00,0.00,2.01
2015-02-11,402912.55,402985.90,401604.18,401677.30,0.00,0.00,2.00
2015-02-12,403303.82,403377.24,401989.05,402062.24,0.00,0.00,1.99
2015-02-13,401750.58,401823.72,400409.67,400482.57,0.00,0.00,2.02
2015-02-17,396924.92,396997.19,395541.21,395613.22,0.00,0.00,2.14
2015-02-18,399639.63,399712.38,398253.80,398326.30,0.00,0.00,2.07
2015-02-19,397813.71,397886.14,396420.22,396492.39,0.00,0.00,2.11
2015-02-20,397148.74,397221.04,395759.14,395831.19,0.00,0.00,2.13
2015-02-23,399943.30,400026.51,398580.56,398663.49,0.00,0.00,2.06
2015-02-24,402978.21,403062.06,401630.03,401713.59,0.00,0.00,1.99
2015-02-25,404123.75,404197.32,402796.25,402869.58,0.00,0.00,1.96
2015-02-26,401344.52,401417.58,400006.55,400079.37,0.00,0.00,2.03
2015-02-27,402509.54,402582.82,401169.71,401242.75,0.00,0.00,2.00
2015-03-02,399179.11,399262.16,397805.18,397887.94,0.00,0.00,2.08
2015-03-03,397513.64,397596.35,396131.44,396213.86,0.00,0.00,2.12
2015-03-04,397574.98,397657.70,396189.11,396271.54,0.00,0.00,2.12
2015-03-05,398047.01,398129.83,396652.75,396735.28,0.00,0.00,2.11
2015-03-06,392451.07,392532.72,391006.22,391087.58,0.00,0.00,2.24
2015-03-09,394276.19,394378.72,392848.69,392950.86,0.00,0.00,2.20
2015-03-10,396815.19,396918.39,395419.97,395522.81,0.00,0.00,2.14
2015-03-11,398103.51,398207.04,396727.94,396831.11,0.00,0.00,2.11
2015-03-12,398419.71,398523.33,397043.07,397146.33,0.00,0.00,2.10
2015-03-13,397406.88,397520.57,396023.23,396136.52,0.00,0.00,2.13
2015-03-16,398679.74,398835.26,397307.33,397462.31,0.00,0.00,2.10
2015-03-17,400411.14,400567.33,399065.85,399221.51,0.00,0.00,2.06
2015-03-18,405643.00,405769.59,404322.98,404449.16,0.00,0.00,1.93
2015-03-19,403713.63,403839.62,402394.22,402519.79,0.00,0.00,1.98
2015-03-20,405840.47,405956.57,404532.02,404647.74,0.00,0.00,1.93
2015-03-23,406246.88,406363.09,404935.53,405051.37,0.00,0.00,1.92
2015-03-24,407998.52,408115.23,406709.81,406826.16,0.00,0.00,1.88
2015-03-25,405931.71,406047.83,404626.40,404742.15,0.00,0.00,1.93
2015-03-26,402409.67,402545.71,401064.89,401200.48,0.00,0.00,2.01
2015-03-27,405223.18,405349.64,403911.25,404037.29,0.00,0.00,1.95
2015-03-30,404690.94,404838.28,403359.92,403506.77,0.00,0.00,1.96
2015-03-31,405526.78,405674.42,404193.23,404340.38,0.00,0.00,1.94
2015-04-01,408576.32,408703.83,407280.73,407407.83,0.00,0.00,1.87
2015-04-02,406385.21,406490.90,405059.48,405164.83,0.00,0.00,1.92
2015-04-03,409373.66,409480.13,408058.41,408164.53,0.00,0.00,1.85
2015-04-06,406337.29,406442.96,404990.85,405096.17,0.00,0.00,1.92
2015-04-07,407586.03,407692.03,406267.20,406372.85,0.00,0.00,1.89
2015-04-08,406541.64,406647.37,405218.89,405324.28,0.00,0.00,1.92
2015-04-09,404201.60,404306.72,402849.55,402954.32,0.00,0.00,1.97
2015-04-10,404657.69,404752.41,403319.85,403414.25,0.00,0.00,1.96
2015-04-13,405332.44,405448.39,403990.84,404106.41,0.00,0.00,1.94
2015-04-14,407055.09,407160.95,405729.15,405834.67,0.00,0.00,1.90
2015-04-15,406769.00,406853.63,405431.77,405516.13,0.00,0.00,1.91
2015-04-16,407078.96,407163.65,405732.13,405816.54,0.00,0.00,1.90
2015-04-17,408430.63,408515.60,407114.63,407199.34,0.00,0.00,1.87
2015-04-20,407027.95,407133.80,405686.62,405792.13,0.00,0.00,1.90
2015-04-21,406155.51,406250.57,404806.33,404901.08,0.00,0.00,1.92
2015-04-22,402893.59,402998.37,401507.75,401612.16,0.00,0.00,1.99
2015-04-23,404411.41,404506.06,403036.35,403130.68,0.00,0.00,1.96
2015-04-24,405536.18,405641.65,404169.77,404274.88,0.00,0.00,1.93
2015-04-27,405202.36,405307.74,403838.74,403943.76,0.00,0.00,1.94
2015-04-28,402631.72,402725.96,401239.71,401333.63,0.00,0.00,2.00
2015-04-29,400041.57,400114.40,398616.52,398689.09,0.00,0.00,2.06
2015-04-30,400378.50,400440.98,398954.14,399016.39,0.00,0.00,2.05
2015-05-01,397252.72,397304.38,395799.40,395850.87,0.00,0.00,2.12
2015-05-04,395538.07,395620.36,394058.07,394140.06,0.00,0.00,2.16
2015-05-05,394447.69,394529.75,392959.66,393041.41,0.00,0.00,2.19
2015-05-06,391832.77,391914.29,390308.27,390389.47,0.00,0.00,2.25
2015-05-07,394735.35,394817.48,393258.33,393340.15,0.00,0.00,2.18
2015-05-08,395518.17,395600.46,394029.70,394111.68,0.00,0.00,2.16
2015-05-11,390479.08,390570.48,388935.71,389026.75,0.00,0.00,2.28
2015-05-12,390559.97,390651.39,389019.56,389110.61,0.00,0.00,2.28
2015-05-13,390444.48,390535.87,388885.87,388976.89,0.00,0.00,2.27
2015-05-14,392147.73,392229.32,390591.06,390672.33,0.00,0.00,2.23
2015-05-15,395889.33,395981.99,394380.66,394472.97,0.00,0.00,2.14
2015-05-18,392179.86,392261.45,390635.17,390716.45,0.00,0.00,2.23
2015-05-19,390391.54,390462.61,388840.16,388910.95,0.00,0.00,2.27
2015-05-20,390846.91,390928.23,389286.91,389367.91,0.00,0.00,2.26
2015-05-21,393792.60,393864.29,392269.41,392340.83,0.00,0.00,2.19
2015-05-22,392838.08,392919.81,391315.16,391396.58,0.00,0.00,2.21
2015-05-26,395888.91,395981.57,394409.73,394502.05,0.00,0.00,2.14
2015-05-27,395989.60,396082.28,394513.47,394605.81,0.00,0.00,2.14
2015-05-28,396219.25,396301.68,394735.42,394817.55,0.00,0.00,2.13
2015-05-29,396773.36,396835.28,395287.56,395349.24,0.00,0.00,2.12
2015-06-01,393925.03,393996.74,392416.85,392488.29,0.00,0.00,2.19
2015-06-02,390576.35,390647.45,389036.17,389107.00,0.00,0.00,2.27
2015-06-03,386119.40,386189.69,384540.48,384610.49,0.00,0.00,2.38
2015-06-04,389183.79,389264.76,387643.72,387724.37,0.00,0.00,2.31
2015-06-05,385106.96,385187.09,383538.99,383618.79,0.00,0.00,2.41
2015-06-08,385889.84,385980.16,384320.34,384410.30,0.00,0.00,2.39
2015-06-09,384669.77,384749.80,383088.31,383168.01,0.00,0.00,2.42
2015-06-10,381628.29,381727.54,380017.21,380116.04,0.00,0.00,2.50
2015-06-11,386015.23,386115.61,384460.51,384560.49,0.00,0.00,2.39
2015-06-12,385946.30,386046.67,384395.26,384495.23,0.00,0.00,2.39
2015-06-15,387071.27,387181.99,385517.52,385627.81,0.00,0.00,2.36
2015-06-16,388722.20,388833.40,387184.09,387294.85,0.00,0.00,2.32
2015-06-17,388574.21,388675.27,387009.36,387110.01,0.00,0.00,2.32
2015-06-18,387234.42,387314.99,385652.73,385732.97,0.00,0.00,2.35
2015-06-19,391054.80,391105.65,389514.45,389565.10,0.00,0.00,2.26
2015-06-22,386508.56,386588.98,384926.45,385006.54,0.00,0.00,2.37
2015-06-23,384522.52,384612.52,382917.95,383007.58,0.00,0.00,2.42
2015-06-24,386116.17,386196.50,384537.25,384617.25,0.00,0.00,2.38
2015-06-25,385377.15,385447.31,383794.32,383864.19,0.00,0.00,2.40
2015-06-26,381815.23,381894.67,380184.66,380263.76,0.00,0.00,2.49
2015-06-29,388300.22,388411.30,386731.13,386841.76,0.00,0.00,2.33
2015-06-30,387563.75,387674.61,385990.68,386101.10,0.00,0.00,2.35
2015-07-01,384272.97,384402.89,382664.26,382793.63,0.00,0.00,2.43
2015-07-02,385522.91,385623.17,383910.51,384010.35,0.00,0.00,2.40
2015-07-06,389757.58,389848.80,388194.48,388285.35,0.00,0.00,2.30
2015-07-07,391030.41,391111.77,389488.05,389569.09,0.00,0.00,2.27
2015-07-08,393177.32,393259.13,391650.79,391732.27,0.00,0.00,2.22
2015-07-09,388988.31,389069.25,387416.29,387496.89,0.00,0.00,2.32
2015-07-10,384727.91,384817.96,383118.85,383208.53,0.00,0.00,2.42
2015-07-13,384005.50,384105.36,382396.10,382495.55,0.00,0.00,2.44
2015-07-14,385206.58,385306.76,383598.97,383698.73,0.00,0.00,2.41
2015-07-15,387440.27,387551.10,385860.87,385971.25,0.00,0.00,2.36
2015-07-16,387503.09,387603.87,385942.24,386042.61,0.00,0.00,2.36
2015-07-17,388370.34,388481.44,386834.94,386945.60,0.00,0.00,2.34
2015-07-20,386908.48,387049.34,385370.31,385510.62,0.00,0.00,2.38
2015-07-21,388060.01,388191.20,386527.58,386658.25,0.00,0.00,2.35
2015-07-22,389009.87,389141.38,387499.28,387630.28,0.00,0.00,2.33
2015-07-23,391100.91,391233.13,389616.41,389748.13,0.00,0.00,2.28
2015-07-24,391419.20,391561.70,389933.52,390075.49,0.00,0.00,2.27
2015-07-27,393136.07,393289.42,391652.64,391805.42,0.00,0.00,2.23
2015-07-28,391977.84,392120.54,390488.39,390630.56,0.00,0.00,2.26
2015-07-29,390736.39,390878.65,389232.77,389374.48,0.00,0.00,2.29
2015-07-30,391278.35,391430.98,389791.45,389943.50,0.00,0.00,2.28
2015-07-31,394405.62,394549.22,392931.32,393074.37,0.00,0.00,2.20
2015-08-03,396273.28,396448.46,394826.67,395001.21,0.00,0.00,2.16
2015-08-04,393561.92,393746.13,392107.76,392291.29,0.00,0.00,2.23
2015-08-05,391466.69,391660.11,389994.50,390187.18,0.00,0.00,2.28
2015-08-06,393478.99,393683.63,392030.23,392234.11,0.00,0.00,2.23
2015-08-07,395773.05,396009.75,394355.63,394591.48,0.00,0.00,2.18
2015-08-10,393323.11,393568.56,391876.58,392121.13,0.00,0.00,2.24
2015-08-11,397005.08,397242.51,395586.79,395823.37,0.00,0.00,2.15
2015-08-12,397148.40,397375.59,395719.41,395945.79,0.00,0.00,2.14
2015-08-13,395256.94,395503.60,393827.56,394073.33,0.00,0.00,2.19
2015-08-14,394859.06,395115.74,393436.20,393691.95,0.00,0.00,2.20
2015-08-17,396453.24,396700.65,395042.08,395288.61,0.00,0.00,2.16
2015-08-18,394750.41,395007.01,393314.34,393570.01,0.00,0.00,2.20
2015-08-19,398150.08,398377.85,396731.40,396958.36,0.00,0.00,2.12
2015-08-20,399382.54,399611.01,397989.03,398216.71,0.00,0.00,2.09
2015-08-21,400870.28,401089.18,399471.94,399690.08,0.00,0.00,2.05
2015-08-24,402381.39,402590.65,400986.76,401195.30,0.00,0.00,2.01
2015-08-25,397630.92,397827.38,396186.63,396382.38,0.00,0.00,2.12
2015-08-26,394876.52,395081.88,393378.44,393583.03,0.00,0.00,2.18
2015-08-27,395084.38,395310.39,393602.57,393827.73,0.00,0.00,2.18
2015-08-28,394776.50,395033.13,393299.37,393555.04,0.00,0.00,2.19
2015-08-31,393859.51,394136.01,392370.38,392645.84,0.00,0.00,2.21
2015-09-01,395420.23,395687.55,393932.37,394198.69,0.00,0.00,2.17
2015-09-02,394066.04,394322.20,392562.54,392817.72,0.00,0.00,2.20
2015-09-03,394894.76,395141.20,393396.72,393642.22,0.00,0.00,2.18
2015-09-04,397098.64,397336.13,395628.93,395865.54,0.00,0.00,2.13
2015-09-08,394073.09,394349.74,392571.35,392846.95,0.00,0.00,2.20
2015-09-09,394069.42,394335.82,392572.75,392838.15,0.00,0.00,2.21
2015-09-10,393224.61,393480.23,391720.73,391975.36,0.00,0.00,2.23
2015-09-11,394541.76,394798.23,393046.76,393302.26,0.00,0.00,2.20
2015-09-14,395229.39,395496.58,393740.57,394006.75,0.00,0.00,2.18
2015-09-15,390918.53,391192.97,389391.06,389664.42,0.00,0.00,2.28
2015-09-16,390087.06,390330.50,388550.79,388793.26,0.00,0.00,2.30
2015-09-17,393660.59,393824.39,392132.87,392296.03,0.00,0.00,2.21
2015-09-18,397226.20,397329.50,395749.09,395852.01,0.00,0.00,2.13
2015-09-21,394101.47,394214.21,392587.55,392699.86,0.00,0.00,2.20
2015-09-22,396787.45,396890.64,395296.42,395399.22,0.00,0.00,2.14
2015-09-23,396127.94,396220.65,394640.94,394733.31,0.00,0.00,2.16
2015-09-24,397424.64,397517.67,395962.10,396054.78,0.00,0.00,2.13
2015-09-25,395723.34,395795.38,394239.40,394311.17,0.00,0.00,2.17
2015-09-28,398865.66,398969.39,397418.90,397522.25,0.00,0.00,2.10
2015-09-29,400871.71,400965.54,399432.08,399525.57,0.00,0.00,2.05
2015-09-30,400263.37,400346.65,398808.54,398891.51,0.00,0.00,2.06
2015-10-01,400707.55,400790.92,399265.00,399348.07,0.00,0.00,2.05
2015-10-02,403311.13,403374.07,401879.02,401941.73,0.00,0.00,1.99
2015-10-05,399963.87,400026.29,398496.10,398558.28,0.00,0.00,2.07
2015-10-06,400824.37,400897.34,399365.88,399438.58,0.00,0.00,2.05
2015-10-07,399734.02,399817.19,398273.97,398356.84,0.00,0.00,2.08
2015-10-08,397938.37,398010.82,396456.87,396529.05,0.00,0.00,2.12
2015-10-09,397968.70,398041.15,396495.72,396567.91,0.00,0.00,2.12
2015-10-13,400516.15,400599.48,399067.29,399150.32,0.00,0.00,2.06
2015-10-14,403557.89,403641.85,402133.56,402217.22,0.00,0.00,1.99
2015-10-15,401450.48,401534.00,400013.97,400097.20,0.00,0.00,2.04
2015-10-16,401375.84,401448.91,399944.79,400017.60,0.00,0.00,2.04
2015-10-19,401189.79,401314.98,399747.27,399872.02,0.00,0.00,2.04
2015-10-20,399331.32,399455.94,397872.68,397996.85,0.00,0.00,2.08
2015-10-21,401124.23,401249.41,399687.19,399811.92,0.00,0.00,2.04
2015-10-22,401114.17,401228.92,399675.34,399789.67,0.00,0.00,2.04
2015-10-23,398759.00,398893.81,397304.02,397438.33,0.00,0.00,2.09
2015-10-26,399870.01,400036.39,398430.23,398596.01,0.00,0.00,2.07
2015-10-27,400797.11,400984.71,399361.16,399548.09,0.00,0.00,2.05
2015-10-28,398750.70,398968.44,397323.33,397540.30,0.00,0.00,2.10
2015-10-29,395008.38,395224.08,393533.92,393748.82,0.00,0.00,2.19
2015-10-30,396205.08,396442.03,394747.03,394983.11,0.00,0.00,2.16
2015-11-02,394547.04,394824.03,393082.83,393358.79,0.00,0.00,2.20
2015-11-03,393120.44,393386.21,391634.12,391898.88,0.00,0.00,2.23
2015-11-04,392325.80,392601.23,390844.22,391118.60,0.00,0.00,2.25
2015-11-05,391819.82,392094.89,390329.91,390603.94,0.00,0.00,2.26
2015-11-06,388455.57,388778.76,386939.31,387261.24,0.00,0.00,2.34
2015-11-09,387553.63,387896.21,386025.71,386366.94,0.00,0.00,2.36
2015-11-10,389032.51,389376.40,387517.52,387860.08,0.00,0.00,2.32
2015-11-12,389063.59,389417.62,387556.97,387909.63,0.00,0.00,2.32
2015-11-13,390623.86,390938.71,389123.18,389436.81,0.00,0.00,2.28
2015-11-16,391086.32,391421.86,389580.61,389914.86,0.00,0.00,2.27
2015-11-17,391866.22,392212.61,390379.69,390724.77,0.00,0.00,2.25
2015-11-18,391134.19,391449.44,389647.00,389961.06,0.00,0.00,2.27
2015-11-19,392408.23,392724.51,390941.92,391257.01,0.00,0.00,2.24
2015-11-20,391582.33,391897.95,390108.85,390423.28,0.00,0.00,2.26
2015-11-23,392105.65,392462.45,390642.24,390997.70,0.00,0.00,2.25
2015-11-24,392590.03,392957.48,391123.09,391489.16,0.00,0.00,2.24
2015-11-25,392947.85,393346.26,391488.18,391885.11,0.00,0.00,2.23
2015-11-27,393338.57,393727.15,391874.10,392261.24,0.00,0.00,2.22
2015-11-30,393693.73,394123.59,392238.28,392666.55,0.00,0.00,2.21
2015-12-01,396380.77,396813.56,394956.81,395388.04,0.00,0.00,2.15
2015-12-02,395331.83,395763.48,393914.81,394344.91,0.00,0.00,2.18
2015-12-03,389037.91,389493.00,387546.61,387999.96,0.00,0.00,2.33
2015-12-04,391222.46,391720.77,389763.75,390260.20,0.00,0.00,2.28
2015-12-07,393336.57,393919.31,391904.30,392484.92,0.00,0.00,2.23
2015-12-08,392908.19,393500.50,391465.63,392055.77,0.00,0.00,2.24
2015-12-09,393805.23,394347.75,392364.54,392905.08,0.00,0.00,2.22
2015-12-10,392925.48,393487.20,391489.58,392049.25,0.00,0.00,2.24
2015-12-11,397591.28,398128.69,396192.17,396727.69,0.00,0.00,2.13
2015-12-14,393350.10,393902.21,391916.11,392466.20,0.00,0.00,2.23
2015-12-15,391521.44,392070.98,390076.93,390624.44,0.00,0.00,2.28
2015-12-16,390420.02,390937.59,388972.83,389488.48,0.00,0.00,2.30
2015-12-17,393083.02,393573.49,391673.85,392162.55,0.00,0.00,2.24
2015-12-18,394976.60,395459.17,393574.49,394055.34,0.00,0.00,2.19
2015-12-21,394628.93,395152.08,393219.49,393740.78,0.00,0.00,2.20
2015-12-22,392876.31,393356.31,391447.53,391925.79,0.00,0.00,2.24
2015-12-23,391537.11,392015.48,390092.76,390569.36,0.00,0.00,2.27
2015-12-24,392400.12,392899.93,390971.36,391469.35,0.00,0.00,2.25
2015-12-28,392911.68,393432.56,391493.02,392012.01,0.00,0.00,2.24
2015-12-29,389490.97,389997.19,388032.22,388536.54,0.00,0.00,2.32
2015-12-30,389597.96,390073.96,388143.80,388618.02,0.00,0.00,2.31
2015-12-31,391130.89,391629.08,389679.64,390175.99,0.00,0.00,2.27
2016-01-04,392376.07,392875.85,390935.62,391433.56,0.00,0.00,2.24
2016-01-05,391864.72,392363.85,390407.57,390904.84,0.00,0.00,2.25
2016-01-06,394931.76,395414.27,393501.07,393981.84,0.00,0.00,2.18
2016-01-07,395988.94,396462.45,394563.05,395034.86,0.00,0.00,2.16
2016-01-08,397069.82,397534.31,395643.71,396106.53,0.00,0.00,2.13
2016-01-11,395454.63,395948.05,394006.64,394498.26,0.00,0.00,2.17
2016-01-12,397898.18,398384.32,396484.59,396969.00,0.00,0.00,2.12
2016-01-13,399514.84,399992.57,398118.13,398594.19,0.00,0.00,2.08
2016-01-14,398472.99,398918.41,397057.39,397501.24,0.00,0.00,2.10
2016-01-15,401495.07,401881.28,400105.65,400490.52,0.00,0.00,2.03
2016-01-19,400407.47,400792.63,399016.35,399400.18,0.00,0.00,2.06
2016-01-20,402504.34,402870.60,401125.48,401490.48,0.00,0.00,2.01
2016-01-21,402077.55,402474.77,400693.11,401088.96,0.00,0.00,2.02
2016-01-22,400124.87,400551.35,398724.40,399149.39,0.00,0.00,2.07
2016-01-25,401686.64,402125.23,400308.67,400745.75,0.00,0.00,2.03
2016-01-26,402509.64,402980.49,401132.53,401601.77,0.00,0.00,2.01
2016-01-27,402160.44,402609.99,400772.35,401220.34,0.00,0.00,2.02
2016-01-28,402853.69,403324.95,401468.55,401938.19,0.00,0.00,2.00
2016-01-29,405460.25,405913.49,404087.75,404539.45,0.00,0.00,1.94
2016-02-01,404125.37,404619.12,402753.50,403245.57,0.00,0.00,1.97
2016-02-02,408601.56,409100.77,407271.78,407769.37,0.00,0.00,1.87
2016-02-03,408048.36,408536.29,406699.32,407185.65,0.00,0.00,1.88
2016-02-04,408481.01,408937.63,407134.15,407589.26,0.00,0.00,1.87
2016-02-05,409092.12,409570.67,407754.03,408231.02,0.00,0.00,1.86
2016-02-08,413714.77,414166.49,412421.37,412871.68,0.00,0.00,1.75
2016-02-09,414170.86,414633.83,412881.59,413343.12,0.00,0.00,1.74
2016-02-10,415342.05,415795.54,414074.22,414526.33,0.00,0.00,1.71
2016-02-11,418692.91,419117.42,417462.26,417885.53,0.00,0.00,1.63
2016-02-12,414034.23,414454.02,412764.52,413183.02,0.00,0.00,1.74
2016-02-16,412357.41,412807.64,411067.74,411516.56,0.00,0.00,1.78
2016-02-17,410786.76,411245.95,409476.99,409934.72,0.00,0.00,1.81
2016-02-18,413496.93,413980.64,412218.14,412700.35,0.00,0.00,1.75
2016-02-19,413083.77,413577.73,411811.33,412303.77,0.00,0.00,1.76
2016-02-22,412650.50,413143.94,411374.00,411865.91,0.00,0.00,1.77
2016-02-23,413867.40,414373.05,412599.91,413104.01,0.00,0.00,1.74
2016-02-24,413531.91,414026.40,412260.04,412753.01,0.00,0.00,1.75
2016-02-25,415174.13,415670.59,413904.99,414399.93,0.00,0.00,1.71
2016-02-26,412681.34,413185.54,411396.10,411898.73,0.00,0.00,1.76
2016-02-29,413530.97,414057.69,412248.73,412773.82,0.00,0.00,1.74
2016-03-01,409540.01,410072.29,408223.45,408754.02,0.00,0.00,1.83
2016-03-02,409139.78,409650.28,407836.41,408345.28,0.00,0.00,1.84
2016-03-03,409921.77,410411.95,408635.28,409123.92,0.00,0.00,1.83
2016-03-04,407599.38,408097.37,406289.98,406786.37,0.00,0.00,1.88
2016-03-07,406495.90,407013.66,405186.23,405702.33,0.00,0.00,1.91
2016-03-08,409963.95,410475.48,408686.09,409196.02,0.00,0.00,1.83
2016-03-09,407262.00,407759.58,405958.78,406454.77,0.00,0.00,1.90
2016-03-10,405844.92,406372.40,404545.73,405071.52,0.00,0.00,1.93
2016-03-11,403787.78,404323.07,402465.44,402998.98,0.00,0.00,1.98
2016-03-14,404211.00,404757.35,402894.27,403438.85,0.00,0.00,1.97
2016-03-15,404213.42,404759.78,402898.44,403443.02,0.00,0.00,1.97
2016-03-16,405499.13,405994.55,404169.85,404663.65,0.00,0.00,1.94
2016-03-17,406811.57,407308.60,405502.63,405998.06,0.00,0.00,1.91
2016-03-18,408084.15,408550.92,406776.74,407242.01,0.00,0.00,1.88
2016-03-21,406277.09,406762.91,404949.02,405433.25,0.00,0.00,1.92
2016-03-22,405368.69,405853.42,404045.00,404528.15,0.00,0.00,1.94
2016-03-23,408109.14,408597.15,406813.82,407300.28,0.00,0.00,1.88
2016-03-24,406818.00,407304.47,405509.07,405993.97,0.00,0.00,1.91
2016-03-28,407686.36,408205.64,406385.34,406902.96,0.00,0.00,1.89
2016-03-29,411014.90,411495.70,409734.03,410213.34,0.00,0.00,1.81
2016-03-30,410030.65,410446.38,408721.14,409135.54,0.00,0.00,1.83
2016-03-31,412188.88,412606.80,410892.61,411309.22,0.00,0.00,1.78
2016-04-01,411776.42,412204.62,410486.53,410913.39,0.00,0.00,1.79
2016-04-04,412356.98,412764.36,411065.54,411471.64,0.00,0.00,1.78
2016-04-05,414570.38,414958.40,413306.22,413693.05,0.00,0.00,1.73
2016-04-06,413160.80,413547.49,411879.39,412264.88,0.00,0.00,1.76
2016-04-07,415890.19,416279.44,414638.38,415026.46,0.00,0.00,1.70
2016-04-08,414986.02,415352.85,413719.05,414084.76,0.00,0.00,1.72
2016-04-11,414550.48,414916.93,413277.64,413642.97,0.00,0.00,1.73
2016-04-12,412109.07,412473.36,410821.75,411184.90,0.00,0.00,1.79
2016-04-13,412910.98,413297.44,411637.22,412022.49,0.00,0.00,1.77
2016-04-14,411614.01,412009.95,410336.70,410731.41,0.00,0.00,1.80
2016-04-15,413426.98,413824.67,412164.01,412560.48,0.00,0.00,1.76
2016-04-18,412462.35,412837.67,411186.26,411560.42,0.00,0.00,1.78
2016-04-19,411788.88,412174.29,410509.36,410893.58,0.00,0.00,1.79
2016-04-20,409180.02,409562.99,407876.41,408258.16,0.00,0.00,1.85
2016-04-21,407858.24,408250.57,406535.89,406926.95,0.00,0.00,1.88
2016-04-22,407361.16,407763.59,406038.54,406439.67,0.00,0.00,1.89
2016-04-25,406498.10,406920.81,405165.86,405587.19,0.00,0.00,1.91
2016-04-26,405217.92,405670.89,403872.23,404323.69,0.00,0.00,1.94
2016-04-27,408122.29,408546.69,406792.34,407215.36,0.00,0.00,1.87
2016-04-28,409482.60,409897.77,408159.08,408572.91,0.00,0.00,1.84
2016-04-29,409838.11,410264.30,408522.24,408947.05,0.00,0.00,1.83
2016-05-02,407748.57,408183.18,406409.21,406842.39,0.00,0.00,1.88
2016-05-03,410788.67,411215.84,409477.14,409902.94,0.00,0.00,1.81
2016-05-04,411656.19,412073.57,410352.69,410768.74,0.00,0.00,1.79
2016-05-05,413153.37,413572.27,411871.94,412289.54,0.00,0.00,1.76
2016-05-06,411843.82,412261.38,410550.23,410966.49,0.00,0.00,1.79
2016-05-09,412859.28,413267.15,411568.19,411974.79,0.00,0.00,1.77
2016-05-10,412793.83,413180.18,411504.67,411889.81,0.00,0.00,1.77
2016-05-11,414229.38,414627.84,412964.35,413361.59,0.00,0.00,1.73
2016-05-12,413190.16,413587.62,411917.43,412313.67,0.00,0.00,1.75
2016-05-13,414874.01,415283.87,413623.09,414031.72,0.00,0.00,1.71
2016-05-16,413121.13,413529.25,411853.84,412260.71,0.00,0.00,1.75
2016-05-17,412706.83,413136.00,411445.87,411873.73,0.00,0.00,1.76
2016-05-18,408052.71,408508.85,406761.09,407215.78,0.00,0.00,1.87
2016-05-19,409013.20,409470.41,407732.72,408188.50,0.00,0.00,1.85
2016-05-20,409156.68,409645.94,407872.39,408360.12,0.00,0.00,1.85
2016-05-23,409521.65,410032.63,408245.02,408754.41,0.00,0.00,1.84
2016-05-24,408584.75,409094.56,407303.78,407811.99,0.00,0.00,1.86
2016-05-25,408064.07,408562.63,406770.72,407267.70,0.00,0.00,1.87
2016-05-26,409693.62,410183.53,408409.53,408897.90,0.00,0.00,1.83
2016-05-27,408921.39,409420.99,407637.74,408135.77,0.00,0.00,1.85
2016-05-31,409439.08,409960.59,408162.59,408682.47,0.00,0.00,1.84
2016-06-01,409205.83,409727.04,407936.96,408456.56,0.00,0.00,1.85
2016-06-02,411024.43,411537.28,409778.34,410289.64,0.00,0.00,1.81
2016-06-03,415420.98,415885.35,414194.92,414657.92,0.00,0.00,1.71
2016-06-06,414377.82,414841.03,413140.41,413602.24,0.00,0.00,1.73
2016-06-07,414989.40,415453.29,413757.45,414219.96,0.00,0.00,1.72
2016-06-08,415444.56,415908.96,414225.40,414688.43,0.00,0.00,1.71
2016-06-09,416683.97,417149.75,415482.70,415947.14,0.00,0.00,1.68
2016-06-10,418432.03,418888.90,417238.85,417694.42,0.00,0.00,1.64
2016-06-13,419226.12,419662.06,418034.57,418469.28,0.00,0.00,1.62
2016-06-14,419319.94,419766.88,418135.21,418580.89,0.00,0.00,1.62
2016-06-15,420265.32,420669.59,419074.92,419478.04,0.00,0.00,1.60
2016-06-16,421449.63,421844.08,420281.12,420674.48,0.00,0.00,1.57
2016-06-17,419484.05,419887.56,418298.91,418701.29,0.00,0.00,1.62
2016-06-20,417445.85,417890.79,416241.03,416684.69,0.00,0.00,1.67
2016-06-21,415670.75,416113.80,414450.99,414892.74,0.00,0.00,1.71
2016-06-22,416312.47,416745.38,415099.82,415531.48,0.00,0.00,1.69
2016-06-23,414021.84,414484.65,412783.52,413244.94,0.00,0.00,1.74
2016-06-24,421582.98,421999.47,420407.08,420822.41,0.00,0.00,1.57
2016-06-27,426564.38,426952.54,425455.58,425842.72,0.00,0.00,1.46
2016-06-28,426567.63,426955.79,425458.84,425845.98,0.00,0.00,1.46
2016-06-29,424861.16,425247.77,423738.16,424123.74,0.00,0.00,1.50
2016-06-30,425210.63,425608.60,424085.09,424482.01,0.00,0.00,1.49
2016-07-01,426680.66,427091.09,425584.00,425993.38,0.00,0.00,1.46
2016-07-05,430686.74,431078.64,429637.50,430028.45,0.00,0.00,1.37
2016-07-06,430336.10,430738.87,429287.56,429689.34,0.00,0.00,1.38
2016-07-07,429687.25,430100.57,428638.12,429050.44,0.00,0.00,1.40
2016-07-08,430992.89,431396.27,429961.02,430363.43,0.00,0.00,1.37
2016-07-11,428294.22,428739.59,427252.93,427697.22,0.00,0.00,1.43
2016-07-12,424029.35,424470.29,422939.83,423379.64,0.00,0.00,1.53
2016-07-13,426129.46,426572.59,425069.26,425511.29,0.00,0.00,1.48
2016-07-14,423766.69,424218.37,422668.87,423119.38,0.00,0.00,1.53
2016-07-15,420813.11,421272.57,419684.64,420142.87,0.00,0.00,1.60
2016-07-18,421232.04,421713.85,420100.90,420581.42,0.00,0.00,1.59
2016-07-19,422409.54,422892.70,421289.95,421771.83,0.00,0.00,1.56
2016-07-20,421069.79,421551.42,419937.26,420417.59,0.00,0.00,1.59
2016-07-21,421942.55,422425.18,420808.13,421289.46,0.00,0.00,1.57
2016-07-22,421789.93,422272.38,420662.83,421143.99,0.00,0.00,1.57
2016-07-25,421440.47,421922.52,420315.89,420796.66,0.00,0.00,1.58
2016-07-26,421888.72,422360.32,420770.22,421240.57,0.00,0.00,1.57
2016-07-27,424128.06,424569.10,423031.29,423471.20,0.00,0.00,1.52
2016-07-28,424224.34,424654.46,423130.90,423559.92,0.00,0.00,1.52
2016-07-29,426826.37,427248.04,425754.24,426174.85,0.00,0.00,1.46
2016-08-01,424553.01,424994.49,423448.30,423888.64,0.00,0.00,1.51
2016-08-02,422839.45,423290.14,421710.14,422159.63,0.00,0.00,1.55
2016-08-03,422913.19,423374.95,421781.98,422242.51,0.00,0.00,1.55
2016-08-04,424712.42,425165.11,423598.64,424050.14,0.00,0.00,1.51
2016-08-05,421080.06,421572.64,419944.02,420435.27,0.00,0.00,1.59
2016-08-08,420997.23,421489.72,419866.60,420357.76,0.00,0.00,1.59
2016-08-09,422881.32,423365.02,421773.05,422255.48,0.00,0.00,1.55
2016-08-10,424856.10,425331.02,423763.10,424236.80,0.00,0.00,1.50
2016-08-11,421738.43,422231.78,420625.47,421117.52,0.00,0.00,1.57
2016-08-12,424230.12,424704.34,423133.06,423606.05,0.00,0.00,1.51
2016-08-15,422340.03,422845.06,421220.48,421724.17,0.00,0.00,1.55
2016-08-16,421452.28,421945.29,420324.11,420815.80,0.00,0.00,1.57
2016-08-17,421991.58,422496.19,420872.78,421376.06,0.00,0.00,1.56
2016-08-18,423133.51,423617.50,422017.53,422500.24,0.00,0.00,1.53
2016-08-19,421007.24,421488.80,419874.77,420355.03,0.00,0.00,1.58
2016-08-22,422533.67,423027.95,421426.05,421919.03,0.00,0.00,1.55
2016-08-23,422530.94,423025.22,421423.31,421916.29,0.00,0.00,1.55
2016-08-24,422179.64,422684.48,421060.55,421564.04,0.00,0.00,1.56
2016-08-25,421209.27,421712.95,420085.20,420587.53,0.00,0.00,1.58
2016-08-26,419190.51,419702.66,418053.31,418564.07,0.00,0.00,1.62
2016-08-29,421583.17,422120.15,420470.58,421006.14,0.00,0.00,1.57
2016-08-30,421411.56,421926.43,420295.78,420809.28,0.00,0.00,1.57
2016-08-31,421151.31,421665.86,420041.34,420554.53,0.00,0.00,1.58
2016-09-01,421499.29,422014.26,420388.56,420902.17,0.00,0.00,1.57
2016-09-02,419974.90,420466.19,418839.42,419329.38,0.00,0.00,1.60
2016-09-06,422351.89,422845.95,421230.59,421723.35,0.00,0.00,1.55
2016-09-07,422804.19,423342.73,421687.24,422224.35,0.00,0.00,1.54
2016-09-08,419491.73,420036.94,418334.59,418878.30,0.00,0.00,1.61
2016-09-09,416813.89,417366.45,415621.00,416171.98,0.00,0.00,1.67
2016-09-12,416622.54,417196.49,415421.43,415993.72,0.00,0.00,1.68
2016-09-13,414160.11,414741.43,412930.17,413509.76,0.00,0.00,1.73
2016-09-14,415455.83,416017.39,414227.85,414787.75,0.00,0.00,1.70
2016-09-15,414965.27,415493.82,413715.81,414242.77,0.00,0.00,1.71
2016-09-16,415532.28,416072.35,414302.41,414840.88,0.00,0.00,1.70
2016-09-19,415458.97,415977.36,414232.76,414749.62,0.00,0.00,1.70
2016-09-20,415986.70,416516.55,414761.00,415289.29,0.00,0.00,1.69
2016-09-21,417227.22,417704.45,416021.19,416497.05,0.00,0.00,1.66
2016-09-22,418575.32,418999.71,417390.58,417813.77,0.00,0.00,1.63
2016-09-23,419002.01,419437.73,417812.81,418247.29,0.00,0.00,1.62
2016-09-26,420239.35,420698.19,419057.81,419515.36,0.00,0.00,1.59
2016-09-27,421591.36,422051.67,420433.11,420892.16,0.00,0.00,1.56
2016-09-28,421166.23,421647.96,420010.65,420491.06,0.00,0.00,1.57
2016-09-29,421680.58,422151.95,420527.39,420997.47,0.00,0.00,1.56
2016-09-30,419985.50,420476.80,418809.82,419299.74,0.00,0.00,1.60
2016-10-03,418674.33,419196.73,417494.64,418015.57,0.00,0.00,1.63
2016-10-04,416009.54,416528.61,414794.28,415311.83,0.00,0.00,1.69
2016-10-05,414690.02,415207.44,413464.09,413979.99,0.00,0.00,1.72
2016-10-06,413304.26,413798.48,412066.15,412558.89,0.00,0.00,1.75
2016-10-07,414067.02,414562.15,412825.25,413318.90,0.00,0.00,1.73
2016-10-11,412491.74,413006.43,411236.71,411749.83,0.00,0.00,1.77
2016-10-12,411600.61,412124.87,410335.66,410858.32,0.00,0.00,1.79
2016-10-13,413361.58,413845.13,412112.94,412595.03,0.00,0.00,1.75
2016-10-14,411210.93,411702.65,409919.33,410409.50,0.00,0.00,1.80
2016-10-17,412440.53,412944.44,411164.72,411667.06,0.00,0.00,1.77
2016-10-18,413224.38,413729.24,411951.73,412455.04,0.00,0.00,1.75
2016-10-19,412952.36,413467.62,411676.94,412190.61,0.00,0.00,1.76
2016-10-20,412975.05,413490.34,411710.04,412223.75,0.00,0.00,1.76
2016-10-21,413853.15,414358.78,412598.07,413102.17,0.00,0.00,1.74
2016-10-24,412541.34,413034.65,411272.26,411764.05,0.00,0.00,1.77
2016-10-25,412628.04,413153.61,411367.43,411891.40,0.00,0.00,1.77
2016-10-26,411591.11,412115.36,410317.58,410840.21,0.00,0.00,1.79
2016-10-27,409061.71,409582.74,407756.93,408276.30,0.00,0.00,1.85
2016-10-28,408763.27,409283.92,407448.92,407967.90,0.00,0.00,1.86
2016-10-31,409557.91,410100.85,408253.44,408794.65,0.00,0.00,1.84
2016-11-01,409986.38,410519.24,408685.89,409217.06,0.00,0.00,1.83
2016-11-02,411011.83,411556.70,409712.05,410255.20,0.00,0.00,1.81
2016-11-03,410392.18,410946.89,409076.74,409629.67,0.00,0.00,1.82
2016-11-04,411691.49,412247.95,410389.84,410944.55,0.00,0.00,1.79
2016-11-07,409876.48,410451.79,408562.46,409135.92,0.00,0.00,1.83
2016-11-08,407909.41,408503.15,406585.41,407177.22,0.00,0.00,1.88
2016-11-09,399398.10,399979.44,397974.50,398553.77,0.00,0.00,2.07
2016-11-10,396203.98,396811.55,394758.55,395363.91,0.00,0.00,2.15
2016-11-14,392906.99,393570.73,391442.62,392103.89,0.00,0.00,2.23
2016-11-15,392859.80,393482.65,391407.48,392028.02,0.00,0.00,2.23
2016-11-16,393381.44,394015.33,391945.87,392577.45,0.00,0.00,2.22
2016-11-17,390525.69,391144.84,389052.93,389669.74,0.00,0.00,2.29
2016-11-18,388753.85,389360.09,387287.55,387891.50,0.00,0.00,2.34
2016-11-21,389172.27,389779.17,387709.51,388314.13,0.00,0.00,2.33
2016-11-22,389751.98,390369.90,388288.82,388904.42,0.00,0.00,2.31
2016-11-23,387973.85,388609.11,386508.83,387141.68,0.00,0.00,2.36
2016-11-25,387911.13,388536.21,386448.02,387070.74,0.00,0.00,2.36
2016-11-28,389530.32,390137.77,388076.47,388681.66,0.00,0.00,2.32
2016-11-29,390285.25,390893.89,388840.44,389446.82,0.00,0.00,2.30
2016-11-30,387471.62,388095.99,385996.68,386618.67,0.00,0.00,2.37
2016-12-01,384187.42,384786.54,382676.44,383273.21,0.00,0.00,2.45
2016-12-02,386127.79,386739.97,384627.68,385237.48,0.00,0.00,2.40
2016-12-05,386642.44,387275.52,385152.20,385782.83,0.00,0.00,2.39
2016-12-06,386616.11,387249.14,385119.28,385749.86,0.00,0.00,2.39
2016-12-07,388515.62,389151.76,387035.24,387668.96,0.00,0.00,2.34
2016-12-08,385871.37,386493.16,384355.54,384974.89,0.00,0.00,2.40
2016-12-09,383173.71,383811.06,381634.92,382269.71,0.00,0.00,2.47
2016-12-12,382759.65,383396.31,381222.40,381856.50,0.00,0.00,2.49
2016-12-13,383112.29,383769.44,381585.52,382240.04,0.00,0.00,2.48
2016-12-14,381038.08,381691.67,379524.75,380175.74,0.00,0.00,2.54
2016-12-15,378752.96,379392.79,377240.53,377877.81,0.00,0.00,2.60
2016-12-16,378638.60,379278.24,377109.99,377747.05,0.00,0.00,2.60
2016-12-19,381037.99,381681.68,379532.90,380174.05,0.00,0.00,2.54
2016-12-20,379827.01,380478.52,378311.83,378960.74,0.00,0.00,2.57
2016-12-21,380684.99,381328.08,379174.61,379815.15,0.00,0.00,2.55
2016-12-22,380619.44,381262.42,379110.98,379751.41,0.00,0.00,2.55
2016-12-23,380686.14,381329.24,379175.77,379816.31,0.00,0.00,2.55
2016-12-27,379907.30,380558.94,378391.89,379040.94,0.00,0.00,2.57
2016-12-28,382171.80,382787.63,380675.67,381289.09,0.00,0.00,2.51
2016-12-29,382866.77,383483.72,381366.00,381980.53,0.00,0.00,2.49
2016-12-30,384469.03,385088.56,382977.13,383594.26,0.00,0.00,2.45
2017-01-03,384510.28,385159.84,383026.66,383673.71,0.00,0.00,2.45
2017-01-04,384259.28,384888.45,382773.23,383399.97,0.00,0.00,2.46
2017-01-05,387846.33,388471.31,386395.28,387017.92,0.00,0.00,2.37
2017-01-06,385912.85,386524.68,384450.65,385060.17,0.00,0.00,2.42
2017-01-09,387609.63,388214.08,386161.25,386763.45,0.00,0.00,2.38
2017-01-10,387605.74,388210.20,386157.37,386759.56,0.00,0.00,2.38
2017-01-11,387696.09,388300.68,386252.39,386854.74,0.00,0.00,2.38
2017-01-12,388264.46,388859.86,386820.37,387413.55,0.00,0.00,2.36
2017-01-13,386790.91,387404.14,385333.79,385944.71,0.00,0.00,2.40
2017-01-17,389404.34,390031.82,387966.20,388591.37,0.00,0.00,2.33
2017-01-18,385759.46,386391.09,384296.22,384925.45,0.00,0.00,2.42
2017-01-19,383966.14,384584.86,382491.26,383107.60,0.00,0.00,2.47
2017-01-20,383516.90,384134.90,382026.91,382642.50,0.00,0.00,2.48
2017-01-23,386484.11,387076.77,385014.52,385604.93,0.00,0.00,2.41
2017-01-24,383922.77,384541.42,382436.20,383052.46,0.00,0.00,2.47
2017-01-25,381492.53,382097.35,379983.78,380586.22,0.00,0.00,2.53
2017-01-26,382360.62,382976.75,380853.32,381467.03,0.00,0.00,2.51
2017-01-27,383173.42,383800.81,381674.66,382299.60,0.00,0.00,2.49
2017-01-30,382997.29,383624.39,381489.26,382113.90,0.00,0.00,2.49
2017-01-31,384624.19,385263.95,383129.88,383767.16,0.00,0.00,2.45
2017-02-01,383501.67,384149.52,382001.69,382647.01,0.00,0.00,2.48
2017-02-02,383497.52,384135.40,381995.83,382631.22,0.00,0.00,2.48
2017-02-03,383070.71,383697.94,381559.06,382183.81,0.00,0.00,2.49
2017-02-06,385883.15,386504.96,384389.01,385008.42,0.00,0.00,2.42
2017-02-07,386707.20,387340.38,385221.74,385852.49,0.00,0.00,2.40
2017-02-08,388965.58,389602.46,387510.41,388144.91,0.00,0.00,2.34
2017-02-09,386518.54,387161.45,385043.98,385684.43,0.00,0.00,2.40
2017-02-10,386044.04,386686.16,384567.90,385207.57,0.00,0.00,2.41
2017-02-13,385223.63,385854.38,383742.27,384370.60,0.00,0.00,2.43
2017-02-14,383547.68,384205.57,382057.86,382713.20,0.00,0.00,2.47
2017-02-15,382029.57,382694.78,380529.03,381191.62,0.00,0.00,2.51
2017-02-16,384326.43,384985.65,382835.22,383491.89,0.00,0.00,2.45
2017-02-17,385459.32,386120.49,383973.82,384632.45,0.00,0.00,2.42
2017-02-21,385149.50,385840.14,383665.20,384353.18,0.00,0.00,2.43
2017-02-22,385466.76,386147.96,383981.26,384659.84,0.00,0.00,2.42
2017-02-23,386928.82,387592.51,385452.77,386113.93,0.00,0.00,2.38
2017-02-24,389769.96,390428.40,388311.98,388967.95,0.00,0.00,2.31
2017-02-27,387853.28,388538.70,386392.36,387075.20,0.00,0.00,2.36
2017-02-28,387981.39,388677.11,386535.17,387228.30,0.00,0.00,2.36
2017-03-01,383836.03,384623.97,382350.33,383135.22,0.00,0.00,2.46
2017-03-02,382635.26,383470.40,381141.00,381972.88,0.00,0.00,2.49
2017-03-03,382719.81,383555.14,381228.47,382060.54,0.00,0.00,2.49
2017-03-06,382634.29,383459.50,381138.33,381960.31,0.00,0.00,2.49
2017-03-07,381670.83,382533.59,380171.99,381031.36,0.00,0.00,2.52
2017-03-08,379822.53,380671.25,378306.11,379151.45,0.00,0.00,2.57
2017-03-09,378313.78,379178.77,376785.44,377646.93,0.00,0.00,2.60
2017-03-10,379006.31,379882.72,377473.53,378346.40,0.00,0.00,2.58
2017-03-13,377574.84,378487.14,376029.78,376938.35,0.00,0.00,2.62
2017-03-14,378394.52,379308.80,376864.25,377774.83,0.00,0.00,2.60
2017-03-15,381941.32,382824.51,380424.79,381304.48,0.00,0.00,2.51
2017-03-16,381082.13,381963.34,379562.47,380440.16,0.00,0.00,2.53
2017-03-17,382280.56,383144.70,380772.75,381633.48,0.00,0.00,2.50
2017-03-20,383485.90,384372.67,381988.31,382871.62,0.00,0.00,2.47
2017-03-21,385104.22,386014.72,383620.39,384527.38,0.00,0.00,2.43
2017-03-22,386254.77,387157.97,384786.69,385686.45,0.00,0.00,2.40
2017-03-23,385931.60,386834.04,384462.98,385361.99,0.00,0.00,2.41
2017-03-24,386434.70,387328.28,384972.52,385862.73,0.00,0.00,2.40
2017-03-27,387163.92,388079.29,385707.50,386619.42,0.00,0.00,2.38
2017-03-28,385481.86,386403.25,384013.38,384931.27,0.00,0.00,2.42
2017-03-29,386765.34,387689.81,385303.71,386224.68,0.00,0.00,2.39
2017-03-30,385387.20,386298.37,383912.36,384820.04,0.00,0.00,2.42
2017-03-31,386253.59,387166.81,384782.09,385691.83,0.00,0.00,2.40
2017-04-03,388366.19,389294.48,386910.32,387835.13,0.00,0.00,2.35
2017-04-04,388025.66,388953.13,386562.63,387486.61,0.00,0.00,2.36
2017-04-05,388752.44,389691.74,387290.07,388225.84,0.00,0.00,2.34
2017-04-06,388596.89,389545.90,387135.17,388080.61,0.00,0.00,2.34
2017-04-07,387094.78,388050.17,385631.98,386583.76,0.00,0.00,2.38
2017-04-10,387663.66,388640.57,386207.13,387180.37,0.00,0.00,2.37
2017-04-11,389832.70,390784.73,388386.63,389335.13,0.00,0.00,2.32
2017-04-12,391175.63,392141.10,389739.99,390701.91,0.00,0.00,2.28
2017-04-13,392733.34,393692.45,391307.39,392263.03,0.00,0.00,2.24
2017-04-17,391817.40,392774.28,390379.51,391332.87,0.00,0.00,2.26
2017-04-18,395295.11,396260.48,393889.17,394851.11,0.00,0.00,2.18
2017-04-19,393978.36,394940.52,392563.33,393522.03,0.00,0.00,2.21
2017-04-20,392753.33,393702.30,391335.75,392281.30,0.00,0.00,2.24
2017-04-21,392817.10,393756.03,391395.89,392331.42,0.00,0.00,2.24
2017-04-24,391176.93,392152.54,389741.28,390713.32,0.00,0.00,2.28
2017-04-25,388463.64,389452.65,387004.15,387989.44,0.00,0.00,2.35
2017-04-26,389602.03,390604.05,388148.47,389146.75,0.00,0.00,2.32
2017-04-27,390331.79,391325.55,388878.93,389868.99,0.00,0.00,2.30
2017-04-28,390688.33,391693.14,389242.67,390243.76,0.00,0.00,2.29
2017-05-01,389111.89,390102.55,387648.37,388635.30,0.00,0.00,2.33
2017-05-02,390666.95,391671.71,389214.68,390215.70,0.00,0.00,2.29
2017-05-03,389141.40,390152.33,387687.92,388695.07,0.00,0.00,2.33
2017-05-04,387910.75,388918.48,386444.96,387448.88,0.00,0.00,2.36
2017-05-05,387912.34,388930.14,386448.26,387462.22,0.00,0.00,2.36
2017-05-08,386752.54,387777.33,385274.33,386295.21,0.00,0.00,2.39
2017-05-09,385546.99,386588.60,384058.35,385095.93,0.00,0.00,2.42
2017-05-10,385790.47,386832.74,384304.26,385342.51,0.00,0.00,2.41
2017-05-11,386518.41,387562.64,385036.21,386076.43,0.00,0.00,2.39
2017-05-12,388852.89,389893.33,387377.01,388413.51,0.00,0.00,2.33
2017-05-15,388353.44,389382.48,386869.36,387894.46,0.00,0.00,2.34
2017-05-16,388845.54,389896.06,387371.38,388417.92,0.00,0.00,2.33
2017-05-17,393145.74,394167.07,391705.10,392722.69,0.00,0.00,2.22
2017-05-18,392914.53,393955.65,391481.46,392518.78,0.00,0.00,2.23
2017-05-19,392939.22,393990.60,391514.51,392562.08,0.00,0.00,2.23
2017-05-22,392267.36,393337.30,390836.52,391902.56,0.00,0.00,2.25
2017-05-23,390623.15,391719.01,389177.94,390269.75,0.00,0.00,2.29
2017-05-24,391865.48,392954.66,390427.61,391512.78,0.00,0.00,2.26
2017-05-25,392194.79,393295.05,390755.79,391852.02,0.00,0.00,2.25
2017-05-26,392192.53,393292.79,390755.25,391851.48,0.00,0.00,2.25
2017-05-30,393851.21,394945.91,392430.16,393520.90,0.00,0.00,2.21
2017-05-31,393944.91,395050.08,392526.88,393628.07,0.00,0.00,2.21
2017-06-01,393945.27,395040.23,392528.96,393619.98,0.00,0.00,2.21
2017-06-02,396544.95,397636.84,395157.21,396245.28,0.00,0.00,2.15
2017-06-05,395300.15,396388.62,393901.33,394985.94,0.00,0.00,2.18
2017-06-06,396878.22,397991.63,395491.15,396600.66,0.00,0.00,2.14
2017-06-07,395301.61,396420.85,393902.78,395018.06,0.00,0.00,2.18
2017-06-08,394893.63,396032.20,393491.13,394625.66,0.00,0.00,2.19
2017-06-09,394071.82,395228.46,392661.99,393814.50,0.00,0.00,2.21
2017-06-12,394066.90,395182.64,392658.79,393770.54,0.00,0.00,2.21
2017-06-13,393987.39,395133.57,392576.25,393718.33,0.00,0.00,2.21
2017-06-14,396578.48,397732.19,395195.92,396345.61,0.00,0.00,2.15
2017-06-15,396268.66,397431.75,394895.54,396054.61,0.00,0.00,2.16
2017-06-16,396331.72,397495.00,394954.99,396114.22,0.00,0.00,2.16
2017-06-19,395128.02,396287.77,393756.93,394912.65,0.00,0.00,2.19
2017-06-20,396472.50,397646.47,395117.31,396287.27,0.00,0.00,2.16
2017-06-21,396488.98,397642.44,395142.18,396291.71,0.00,0.00,2.16
2017-06-22,396971.12,398105.38,395624.44,396754.86,0.00,0.00,2.15
2017-06-23,396876.97,398010.97,395527.23,396657.37,0.00,0.00,2.15
2017-06-26,397388.80,398524.25,396049.30,397180.93,0.00,0.00,2.14
2017-06-27,394561.24,395719.32,393198.73,394352.82,0.00,0.00,2.21
2017-06-28,393954.90,395100.98,392574.08,393716.14,0.00,0.00,2.22
2017-06-29,391974.13,393134.79,390578.09,391734.61,0.00,0.00,2.27
2017-06-30,390496.09,391652.37,389095.02,390247.15,0.00,0.00,2.31
2017-07-03,388798.10,389939.26,387384.60,388521.61,0.00,0.00,2.35
2017-07-05,389619.57,390783.36,388214.92,389374.52,0.00,0.00,2.33
2017-07-06,387883.01,389031.55,386456.02,387600.33,0.00,0.00,2.37
2017-07-07,387039.10,388185.14,385596.78,386738.55,0.00,0.00,2.39
2017-07-10,387517.66,388655.06,386075.24,387208.42,0.00,0.00,2.38
2017-07-11,387980.78,389129.61,386539.99,387684.55,0.00,0.00,2.37
2017-07-12,389615.06,390758.62,388188.48,389327.86,0.00,0.00,2.33
2017-07-13,388626.87,389777.62,387182.09,388328.55,0.00,0.00,2.35
2017-07-14,389514.22,390647.39,388074.64,389203.61,0.00,0.00,2.33
2017-07-17,390270.51,391385.63,388841.68,389952.72,0.00,0.00,2.31
2017-07-18,391930.09,393060.12,390515.66,391641.61,0.00,0.00,2.27
2017-07-19,391863.72,393003.72,390452.91,391588.80,0.00,0.00,2.27
2017-07-20,392018.99,393159.44,390609.29,391745.64,0.00,0.00,2.27
2017-07-21,393260.40,394384.06,391865.03,392984.70,0.00,0.00,2.24
2017-07-24,392440.79,393582.47,391038.14,392175.73,0.00,0.00,2.26
2017-07-25,389390.85,390553.96,387960.20,389119.03,0.00,0.00,2.33
2017-07-26,390984.16,392141.88,389549.46,390702.94,0.00,0.00,2.29
2017-07-27,389750.32,390894.28,388301.48,389441.18,0.00,0.00,2.32
2017-07-28,390659.42,391806.04,389224.13,390366.55,0.00,0.00,2.30
2017-07-31,390500.01,391646.17,389063.63,390205.58,0.00,0.00,2.30
2017-08-01,392252.01,393423.66,390834.76,392002.18,0.00,0.00,2.26
2017-08-02,392024.13,393195.10,390614.42,391781.18,0.00,0.00,2.27
2017-08-03,393348.35,394502.87,391954.30,393104.73,0.00,0.00,2.24
2017-08-04,391929.34,393089.86,390514.91,391671.24,0.00,0.00,2.27
2017-08-07,392350.91,393512.68,390940.10,392097.69,0.00,0.00,2.26
2017-08-08,391105.93,392284.30,389684.28,390858.37,0.00,0.00,2.29
2017-08-09,393007.76,394181.66,391604.81,392774.53,0.00,0.00,2.24
2017-08-10,394609.02,395777.48,393224.35,394388.70,0.00,0.00,2.20
2017-08-11,395054.76,396224.54,393660.05,394825.69,0.00,0.00,2.19
2017-08-14,393844.08,395000.05,392445.01,393596.88,0.00,0.00,2.22
2017-08-15,391945.28,393126.18,390539.19,391715.85,0.00,0.00,2.27
2017-08-16,393496.03,394650.98,392093.12,393243.95,0.00,0.00,2.23
2017-08-17,395087.44,396226.56,393702.82,394837.96,0.00,0.00,2.19
2017-08-18,395090.95,396250.58,393708.05,394863.63,0.00,0.00,2.19
2017-08-21,395594.02,396734.61,394219.58,395356.21,0.00,0.00,2.18
2017-08-22,394014.12,395170.60,392629.69,393782.10,0.00,0.00,2.22
2017-08-23,396006.81,397148.59,394637.79,395775.63,0.00,0.00,2.17
2017-08-24,395176.03,396315.42,393799.61,394935.03,0.00,0.00,2.19
2017-08-25,395949.19,397090.80,394583.79,395721.47,0.00,0.00,2.17
2017-08-28,396280.79,397433.64,394910.91,396059.78,0.00,0.00,2.16
2017-08-29,397538.18,398705.00,396177.78,397340.61,0.00,0.00,2.13
2017-08-30,396855.99,398000.22,395491.00,396631.29,0.00,0.00,2.15
2017-08-31,397961.52,399077.96,396606.59,397719.23,0.00,0.00,2.12
2017-09-01,396287.33,397419.64,394915.74,396044.13,0.00,0.00,2.16
2017-09-05,399973.47,401147.43,398632.62,399802.66,0.00,0.00,2.07
2017-09-06,398704.56,399916.17,397354.08,398561.58,0.00,0.00,2.10
2017-09-07,400901.94,402099.43,399573.54,400767.06,0.00,0.00,2.05
2017-09-08,400480.13,401665.97,399147.91,400329.81,0.00,0.00,2.06
2017-09-11,397188.91,398385.61,395822.86,397015.45,0.00,0.00,2.14
2017-09-12,395931.74,397124.66,394556.25,395745.02,0.00,0.00,2.17
2017-09-13,394930.04,396119.93,393551.07,394736.81,0.00,0.00,2.20
2017-09-14,395030.08,396230.52,393657.58,394853.85,0.00,0.00,2.20
2017-09-15,394834.84,396034.68,393471.46,394667.16,0.00,0.00,2.20
2017-09-18,393565.97,394772.17,392183.20,393385.16,0.00,0.00,2.23
2017-09-19,393153.03,394368.16,391766.60,392977.45,0.00,0.00,2.24
2017-09-20,391623.21,392843.77,390235.28,391451.51,0.00,0.00,2.28
2017-09-21,392120.28,393332.22,390742.41,391950.09,0.00,0.00,2.27
2017-09-22,392444.86,393657.80,391065.90,392274.58,0.00,0.00,2.26
2017-09-25,394032.96,395250.81,392672.27,393885.91,0.00,0.00,2.22
2017-09-26,393360.99,394576.76,391995.78,393207.34,0.00,0.00,2.24
2017-09-27,390451.09,391668.00,389048.72,390261.26,0.00,0.00,2.31
2017-09-28,390425.78,391622.36,389013.39,390205.64,0.00,0.00,2.31
2017-09-29,389720.40,390935.03,388313.84,389524.09,0.00,0.00,2.33
2017-10-02,389312.28,390545.83,387903.84,389132.93,0.00,0.00,2.34
2017-10-03,389789.61,391014.56,388381.15,389601.67,0.00,0.00,2.33
2017-10-04,389701.84,390926.52,388288.68,389508.92,0.00,0.00,2.33
2017-10-05,388972.12,390194.50,387556.51,388774.44,0.00,0.00,2.35
2017-10-06,388010.91,389240.34,386587.11,387812.02,0.00,0.00,2.37
2017-10-10,388917.02,390189.66,387505.01,388773.03,0.00,0.00,2.35
2017-10-11,389081.13,390344.22,387671.90,388930.41,0.00,0.00,2.35
2017-10-12,389837.13,391122.89,388440.36,389721.52,0.00,0.00,2.33
2017-10-13,391743.20,393025.09,390363.38,391640.75,0.00,0.00,2.28
2017-10-16,391041.11,392300.42,389668.75,390923.64,0.00,0.00,2.30
2017-10-17,391039.47,392308.92,389670.51,390935.51,0.00,0.00,2.30
2017-10-18,389401.59,390655.62,388014.80,389264.36,0.00,0.00,2.34
2017-10-19,389896.81,391162.55,388518.31,389779.58,0.00,0.00,2.33
2017-10-20,387353.94,388631.51,385947.63,387220.57,0.00,0.00,2.39
2017-10-23,387821.15,389080.15,386414.81,387669.24,0.00,0.00,2.38
2017-10-24,386195.61,387469.36,384775.14,386044.20,0.00,0.00,2.42
2017-10-25,385384.78,386655.86,383955.61,385221.97,0.00,0.00,2.44
2017-10-26,384583.01,385871.38,383145.16,384428.72,0.00,0.00,2.46
2017-10-27,386110.09,387393.57,384681.57,385960.30,0.00,0.00,2.42
2017-10-30,388082.22,389332.00,386676.65,387921.90,0.00,0.00,2.37
2017-10-31,387773.46,389062.47,386369.00,387653.34,0.00,0.00,2.38
2017-11-01,388369.29,389680.42,386979.42,388285.86,0.00,0.00,2.37
2017-11-02,389119.66,390423.23,387740.54,389039.49,0.00,0.00,2.35
2017-11-03,389701.04,391026.77,388328.30,389649.37,0.00,0.00,2.34
2017-11-06,390427.38,391745.46,389060.56,390374.02,0.00,0.00,2.32
2017-11-07,390617.68,391966.79,389260.26,390604.68,0.00,0.00,2.32
2017-11-08,390404.36,391772.98,389049.39,390413.25,0.00,0.00,2.32
2017-11-09,389891.51,391268.44,388526.55,389898.65,0.00,0.00,2.33
2017-11-10,386950.03,388326.60,385551.99,386923.58,0.00,0.00,2.40
2017-11-13,386966.31,388342.94,385571.63,386943.29,0.00,0.00,2.40
2017-11-14,387801.18,389210.93,386420.15,387824.88,0.00,0.00,2.38
2017-11-15,389934.63,391342.03,388581.29,389983.81,0.00,0.00,2.33
2017-11-16,388316.97,389748.73,386947.55,388374.26,0.00,0.00,2.37
2017-11-17,389229.94,390665.07,387874.05,389304.18,0.00,0.00,2.35
2017-11-20,388447.96,389920.48,387093.12,388560.50,0.00,0.00,2.37
2017-11-21,388814.54,390278.37,387476.78,388935.57,0.00,0.00,2.36
2017-11-22,390248.43,391717.65,388905.82,390369.99,0.00,0.00,2.32
2017-11-24,389584.58,391051.31,388237.54,389699.20,0.00,0.00,2.34
2017-11-27,390313.39,391742.39,388970.58,390394.67,0.00,0.00,2.32
2017-11-28,389517.11,390993.68,388171.95,389643.42,0.00,0.00,2.34
2017-11-29,388205.10,389666.63,386842.79,388299.20,0.00,0.00,2.37
2017-11-30,386415.25,387860.03,385042.58,386482.22,0.00,0.00,2.42
2017-12-01,388499.82,389962.46,387164.81,388622.43,0.00,0.00,2.37
2017-12-04,388448.83,389911.28,387119.03,388576.48,0.00,0.00,2.37
2017-12-05,389043.60,390538.54,387728.43,389218.32,0.00,0.00,2.36
2017-12-06,390179.72,391679.03,388869.09,390363.36,0.00,0.00,2.33
2017-12-07,388447.89,389930.48,387116.42,388593.92,0.00,0.00,2.37
2017-12-08,388104.45,389565.60,386765.82,388221.94,0.00,0.00,2.38
2017-12-11,387801.17,389281.29,386465.28,387940.30,0.00,0.00,2.39
2017-12-12,387324.34,388822.72,385988.43,387481.64,0.00,0.00,2.40
2017-12-13,389074.61,390559.59,387745.99,389225.90,0.00,0.00,2.36
2017-12-14,389537.37,391034.21,388230.51,389722.33,0.00,0.00,2.35
2017-12-15,389571.67,391068.64,388274.71,389766.70,0.00,0.00,2.35
2017-12-18,387975.32,389496.32,386650.45,388166.26,0.00,0.00,2.39
2017-12-19,384959.29,386468.47,383598.52,385102.36,0.00,0.00,2.46
2017-12-20,383573.94,385077.68,382190.05,383688.38,0.00,0.00,2.49
2017-12-21,384168.95,385704.90,382802.79,384333.28,0.00,0.00,2.48
2017-12-22,384106.39,385642.09,382742.12,384272.36,0.00,0.00,2.48
2017-12-26,384675.29,386193.32,383317.25,384829.92,0.00,0.00,2.47
2017-12-27,386799.64,388336.08,385473.85,387005.03,0.00,0.00,2.42
2017-12-28,386333.54,387878.14,385006.06,386545.35,0.00,0.00,2.43
2017-12-29,387460.05,388999.11,386138.64,387672.46,0.00,0.00,2.40
2018-01-02,385105.17,386714.71,383758.83,385362.74,0.00,0.00,2.46
2018-01-03,385856.20,387448.89,384522.15,386109.33,0.00,0.00,2.44
2018-01-04,385301.96,386902.34,383968.19,385563.03,0.00,0.00,2.46
2018-01-05,384741.36,386319.47,383402.96,384975.59,0.00,0.00,2.47
2018-01-08,384090.92,385686.27,382744.90,384334.66,0.00,0.00,2.49
2018-01-09,381657.12,383242.36,380280.36,381859.89,0.00,0.00,2.55
2018-01-10,381501.01,383075.72,380119.88,381688.89,0.00,0.00,2.55
2018-01-11,381906.94,383473.43,380530.92,382091.76,0.00,0.00,2.54
2018-01-12,381625.13,383200.35,380260.03,381829.62,0.00,0.00,2.55
2018-01-16,382055.74,383672.33,380703.89,382314.76,0.00,0.00,2.54
2018-01-17,380951.76,382563.69,379594.09,381200.27,0.00,0.00,2.57
2018-01-18,378934.43,380537.82,377551.51,379149.05,0.00,0.00,2.62
2018-01-19,378237.44,379828.07,376852.26,378437.07,0.00,0.00,2.64
2018-01-22,377536.16,379153.19,376147.09,377758.18,0.00,0.00,2.66
2018-01-23,378693.47,380295.84,377308.16,378904.67,0.00,0.00,2.63
2018-01-24,377826.05,379424.75,376426.06,378018.84,0.00,0.00,2.65
2018-01-25,378799.61,380412.24,377415.50,379022.24,0.00,0.00,2.63
2018-01-26,377496.30,379103.38,376110.71,377711.89,0.00,0.00,2.66
2018-01-29,376063.85,377684.32,374664.18,376278.62,0.00,0.00,2.70
2018-01-30,374870.29,376485.61,373452.54,375061.75,0.00,0.00,2.73
2018-01-31,375320.60,376937.87,373922.25,375533.49,0.00,0.00,2.72
2018-02-01,372889.77,374477.24,371463.75,373045.15,0.00,0.00,2.78
2018-02-02,370575.66,372162.89,369115.35,370696.32,0.00,0.00,2.84
2018-02-05,373163.91,374781.55,371713.88,373325.23,0.00,0.00,2.77
2018-02-06,372408.80,374042.46,370952.19,372579.46,0.00,0.00,2.79
2018-02-07,370306.51,371969.32,368824.77,370480.92,0.00,0.00,2.84
2018-02-08,369821.26,371481.89,368330.23,369984.17,0.00,0.00,2.85
2018-02-09,370598.39,372262.51,369100.63,370758.02,0.00,0.00,2.83
2018-02-12,369585.42,371331.14,368096.86,369835.55,0.00,0.00,2.86
2018-02-13,370763.55,372495.63,369286.22,371011.40,0.00,0.00,2.83
2018-02-14,367583.34,369310.09,366089.19,367808.92,0.00,0.00,2.91
2018-02-15,368145.78,369884.70,366665.29,368397.22,0.00,0.00,2.90
2018-02-16,369161.15,370914.43,367689.26,369435.55,0.00,0.00,2.87
2018-02-20,368771.24,370560.86,367291.43,369073.87,0.00,0.00,2.88
2018-02-21,366445.85,368205.21,364937.54,366689.65,0.00,0.00,2.94
2018-02-22,367207.51,368961.02,365703.82,367450.15,0.00,0.00,2.92
2018-02-23,368895.27,370666.39,367406.76,369170.73,0.00,0.00,2.88
2018-02-26,369575.52,371369.05,368088.94,369875.25,0.00,0.00,2.86
2018-02-27,368020.36,369806.33,366534.16,368312.93,0.00,0.00,2.90
2018-02-28,369261.41,371043.85,367790.84,369566.18,0.00,0.00,2.87
2018-03-01,371484.50,373268.05,370027.13,371803.68,0.00,0.00,2.81
2018-03-02,369556.15,371340.01,368082.69,369859.43,0.00,0.00,2.86
2018-03-05,368779.12,370559.23,367299.30,369072.27,0.00,0.00,2.88
2018-03-06,368871.53,370661.64,367396.14,369179.09,0.00,0.00,2.88
2018-03-07,368544.99,370333.51,367062.90,368844.23,0.00,0.00,2.89
2018-03-08,369651.61,371464.64,368182.57,369988.40,0.00,0.00,2.86
2018-03-09,368260.48,370066.70,366777.98,368576.92,0.00,0.00,2.90
2018-03-12,369503.42,371315.73,368038.21,369843.33,0.00,0.00,2.87
2018-03-13,370512.40,372339.25,369055.88,370875.55,0.00,0.00,2.84
2018-03-14,371710.43,373581.68,370273.24,372137.26,0.00,0.00,2.81
2018-03-15,371416.93,373296.32,369980.94,371853.07,0.00,0.00,2.82
2018-03-16,370406.80,372290.67,368963.69,370840.22,0.00,0.00,2.85
2018-03-19,370328.54,372240.77,368880.94,370785.70,0.00,0.00,2.85
2018-03-20,368795.91,370681.14,367335.46,369213.22,0.00,0.00,2.89
2018-03-21,368770.14,370636.14,367309.76,369168.37,0.00,0.00,2.89
2018-03-22,371176.94,373055.12,369740.31,371611.22,0.00,0.00,2.83
2018-03-23,371534.27,373385.40,370092.90,371936.85,0.00,0.00,2.82
2018-03-26,370409.67,372274.37,368964.90,370822.33,0.00,0.00,2.85
2018-03-27,373096.68,374965.25,371670.00,373531.43,0.00,0.00,2.78
2018-03-28,373313.55,375202.54,371899.03,373780.86,0.00,0.00,2.77
2018-03-29,374631.08,376507.34,373229.13,375098.37,0.00,0.00,2.74
2018-04-02,374925.26,376793.28,373522.14,375383.18,0.00,0.00,2.73
2018-04-03,372672.71,374529.51,371252.62,373102.35,0.00,0.00,2.79
2018-04-04,372589.63,374426.72,371166.70,372996.77,0.00,0.00,2.79
2018-04-05,371105.69,372964.30,369666.19,371517.59,0.00,0.00,2.83
2018-04-06,373428.83,375279.73,372008.95,373852.81,0.00,0.00,2.77
2018-04-09,373077.48,374945.96,371662.29,373523.68,0.00,0.00,2.78
2018-04-10,372478.81,374344.29,371066.01,372924.41,0.00,0.00,2.80
2018-04-11,373020.44,374907.95,371615.18,373495.58,0.00,0.00,2.79
2018-04-12,371264.39,373143.01,369846.90,371718.35,0.00,0.00,2.83
2018-04-13,371674.06,373574.00,370261.41,372154.13,0.00,0.00,2.82
2018-04-16,371376.04,373284.06,369966.22,371867.01,0.00,0.00,2.83
2018-04-17,371861.66,373810.68,370459.55,372401.23,0.00,0.00,2.82
2018-04-18,369789.34,371717.93,368368.36,370289.54,0.00,0.00,2.87
2018-04-19,367838.55,369756.96,366393.61,368304.49,0.00,0.00,2.92
2018-04-20,366402.64,368313.57,364947.80,366851.14,0.00,0.00,2.96
2018-04-23,365673.28,367608.81,364220.03,366147.86,0.00,0.00,2.98
2018-04-24,364875.14,366815.88,363406.14,365339.06,0.00,0.00,3.00
2018-04-25,363710.52,365626.24,362222.69,364130.58,0.00,0.00,3.03
2018-04-26,364876.99,366789.41,363406.35,365311.06,0.00,0.00,3.00
2018-04-27,366432.70,368353.27,364984.12,366897.10,0.00,0.00,2.96
2018-04-30,366903.59,368845.62,365462.58,367396.99,0.00,0.00,2.95
2018-05-01,366157.45,368105.01,364711.70,366651.57,0.00,0.00,2.97
2018-05-02,366121.29,368049.71,364666.04,366586.79,0.00,0.00,2.97
2018-05-03,367122.17,369046.36,365675.47,367592.07,0.00,0.00,2.94
2018-05-04,366892.84,368825.32,365443.87,367368.72,0.00,0.00,2.95
2018-05-07,366895.55,368847.04,365446.57,367390.35,0.00,0.00,2.95
2018-05-08,366076.52,368023.65,364624.71,366564.12,0.00,0.00,2.97
2018-05-09,364939.93,366881.01,363478.70,365412.01,0.00,0.00,3.00
2018-05-10,366037.66,367984.58,364590.91,366530.14,0.00,0.00,2.97
2018-05-11,366122.04,368078.89,364681.33,366630.48,0.00,0.00,2.97
2018-05-14,365038.73,367018.13,363583.48,365554.99,0.00,0.00,3.00
2018-05-15,362013.37,363976.36,360531.72,362486.68,0.00,0.00,3.08
2018-05-16,361555.94,363516.45,360068.49,362020.94,0.00,0.00,3.09
2018-05-17,360704.31,362669.54,359203.23,361160.28,0.00,0.00,3.11
2018-05-18,362581.88,364547.96,361097.69,363055.72,0.00,0.00,3.06
2018-05-21,362687.76,364701.34,361207.87,363213.24,0.00,0.00,3.06
2018-05-22,362605.72,364609.47,361121.45,363117.00,0.00,0.00,3.06
2018-05-23,364593.01,366588.87,363117.28,365105.06,0.00,0.00,3.01
2018-05-24,365664.83,367647.62,364203.62,366178.49,0.00,0.00,2.98
2018-05-25,367563.66,369537.73,366116.64,368082.93,0.00,0.00,2.93
2018-05-29,373575.87,375572.56,372166.76,374155.92,0.00,0.00,2.77
2018-05-30,370927.88,372929.62,369505.36,371499.42,0.00,0.00,2.84
2018-05-31,371403.07,373407.37,369991.54,371988.22,0.00,0.00,2.83
2018-06-01,369141.57,371152.77,367716.84,369720.28,0.00,0.00,2.89
2018-06-04,367379.39,369409.52,365939.59,367961.76,0.00,0.00,2.94
2018-06-05,368054.53,370088.39,366616.69,368642.60,0.00,0.00,2.92
2018-06-06,365997.40,368019.89,364541.17,366555.61,0.00,0.00,2.97
2018-06-07,367673.42,369695.65,366232.38,368246.69,0.00,0.00,2.93
2018-06-08,367672.46,369694.69,366231.43,368245.73,0.00,0.00,2.93
2018-06-11,366618.56,368625.51,365172.41,367171.44,0.00,0.00,2.96
2018-06-12,366626.84,368624.34,365182.30,367171.93,0.00,0.00,2.96
2018-06-13,365766.73,367750.08,364322.78,366298.30,0.00,0.00,2.98
2018-06-14,367445.36,369418.79,366016.61,367982.36,0.00,0.00,2.94
2018-06-15,367817.38,369792.81,366393.48,368361.27,0.00,0.00,2.93
2018-06-18,368056.29,370090.15,366633.01,368659.01,0.00,0.00,2.92
2018-06-19,369324.89,371365.77,367907.53,369940.58,0.00,0.00,2.89
2018-06-20,367733.56,369775.15,366303.60,368337.25,0.00,0.00,2.93
2018-06-21,368799.44,370827.86,367374.64,369395.23,0.00,0.00,2.90
2018-06-22,368798.22,370817.10,367373.42,369384.50,0.00,0.00,2.90
2018-06-25,369866.13,371910.00,368448.18,370484.21,0.00,0.00,2.87
2018-06-26,369559.05,371610.78,368140.71,370184.57,0.00,0.00,2.88
2018-06-27,371484.17,373508.13,370083.71,372100.05,0.00,0.00,2.83
2018-06-28,371034.49,373065.60,369634.27,371657.72,0.00,0.00,2.84
2018-06-29,370809.17,372839.06,369406.62,371428.83,0.00,0.00,2.85
2018-07-02,370136.99,372191.93,368732.36,370779.50,0.00,0.00,2.87
2018-07-03,371592.30,373636.09,370197.88,372234.00,0.00,0.00,2.83
2018-07-05,371383.49,373416.52,369996.34,372021.78,0.00,0.00,2.84
2018-07-06,372075.04,374131.12,370688.35,372736.76,0.00,0.00,2.82
2018-07-09,370616.16,372683.35,369220.84,371280.25,0.00,0.00,2.86
2018-07-10,370248.10,372313.24,368851.10,370908.44,0.00,0.00,2.87
2018-07-11,370952.36,373011.82,369562.12,371613.87,0.00,0.00,2.85
2018-07-12,370901.51,372989.48,369514.72,371594.89,0.00,0.00,2.85
2018-07-13,371731.07,373814.10,370349.00,372424.28,0.00,0.00,2.83
2018-07-16,370873.22,372980.23,369480.13,371579.22,0.00,0.00,2.85
2018-07-17,370500.61,372605.50,369104.21,371201.18,0.00,0.00,2.86
2018-07-18,369784.53,371866.22,368378.19,370451.96,0.00,0.00,2.88
2018-07-19,371181.43,373261.38,369787.12,371859.26,0.00,0.00,2.84
2018-07-20,369220.29,371289.25,367800.22,369861.22,0.00,0.00,2.89
2018-07-23,366459.19,368541.12,365010.74,367084.44,0.00,0.00,2.96
2018-07-24,366937.42,369022.07,365498.14,367574.61,0.00,0.00,2.95
2018-07-25,367414.57,369511.43,365982.85,368071.54,0.00,0.00,2.94
2018-07-26,365753.26,367831.18,364306.30,366376.01,0.00,0.00,2.98
2018-07-27,366572.77,368664.83,365130.27,367214.10,0.00,0.00,2.96
2018-07-30,365806.20,367903.35,364355.78,366444.62,0.00,0.00,2.98
2018-07-31,366579.08,368680.66,365138.18,367231.51,0.00,0.00,2.96
2018-08-01,365047.07,367149.32,363590.38,365684.23,0.00,0.00,3.00
2018-08-02,365781.52,367888.00,364324.84,366422.93,0.00,0.00,2.98
2018-08-03,366856.30,368978.46,365410.97,367524.76,0.00,0.00,2.95
2018-08-06,367303.50,369428.25,365857.83,367974.21,0.00,0.00,2.94
2018-08-07,365849.11,367965.44,364388.92,366496.80,0.00,0.00,2.98
2018-08-08,366415.89,368544.98,364962.90,367083.54,0.00,0.00,2.96
2018-08-09,367633.15,369778.82,366194.12,368331.39,0.00,0.00,2.93
2018-08-10,369897.91,372037.66,368473.48,370604.99,0.00,0.00,2.87
2018-08-13,369572.38,371700.69,368141.24,370261.30,0.00,0.00,2.88
2018-08-14,369143.32,371297.81,367712.41,369858.54,0.00,0.00,2.89
2018-08-15,370291.20,372433.22,368868.34,371002.14,0.00,0.00,2.86
2018-08-16,370000.65,372150.57,368580.61,370722.28,0.00,0.00,2.87
2018-08-17,369984.37,372134.19,368564.39,370705.96,0.00,0.00,2.87
2018-08-20,371832.75,374002.94,370424.55,372586.52,0.00,0.00,2.82
2018-08-21,370759.77,372923.69,369346.25,371501.92,0.00,0.00,2.85
2018-08-22,371832.49,373993.05,370424.29,372576.67,0.00,0.00,2.82
2018-08-23,371858.89,374009.99,370460.28,372603.29,0.00,0.00,2.82
2018-08-24,371960.13,374131.05,370565.94,372728.73,0.00,0.00,2.82
2018-08-27,370811.20,372975.42,369405.55,371561.57,0.00,0.00,2.85
2018-08-28,369575.74,371761.44,368155.91,370333.20,0.00,0.00,2.88
2018-08-29,369283.27,371467.24,367864.64,370040.21,0.00,0.00,2.89
2018-08-30,370426.58,372617.30,369017.68,371200.07,0.00,0.00,2.86
2018-08-31,370305.71,372495.72,368884.44,371066.04,0.00,0.00,2.86
2018-09-04,368778.43,370968.94,367344.25,369526.24,0.00,0.00,2.90
2018-09-05,368689.82,370889.35,367249.59,369440.52,0.00,0.00,2.90
2018-09-06,369456.98,371661.08,368024.79,370220.35,0.00,0.00,2.88
2018-09-07,367272.36,369463.43,365825.36,368007.80,0.00,0.00,2.94
2018-09-10,367361.42,369572.03,365920.45,368122.38,0.00,0.00,2.94
2018-09-11,365792.22,367983.92,364340.42,366523.42,0.00,0.00,2.98
2018-09-12,366251.59,368464.99,364808.98,367013.67,0.00,0.00,2.97
2018-09-13,366260.70,368474.16,364818.07,367022.80,0.00,0.00,2.97
2018-09-14,365361.94,367569.97,363912.08,366111.34,0.00,0.00,2.99
2018-09-17,365363.91,367590.84,363912.41,366130.50,0.00,0.00,2.99
2018-09-18,363070.18,365292.53,361592.17,363805.47,0.00,0.00,3.05
2018-09-19,362015.20,364231.09,360530.76,362737.56,0.00,0.00,3.08
2018-09-20,362396.23,364623.83,360916.46,363134.96,0.00,0.00,3.07
2018-09-21,362479.60,364717.08,361002.57,363230.93,0.00,0.00,3.07
2018-09-24,362105.11,364340.28,360625.00,362851.04,0.00,0.00,3.08
2018-09-25,361354.81,363585.35,359870.21,362091.58,0.00,0.00,3.10
2018-09-26,362781.83,365011.80,361306.72,363527.62,0.00,0.00,3.06
2018-09-27,362864.77,365095.25,361394.03,363615.47,0.00,0.00,3.06
2018-09-28,363154.16,365377.02,361680.53,363894.37,0.00,0.00,3.05
2018-10-01,361624.69,363875.60,360129.33,362370.93,0.00,0.00,3.09
2018-10-02,363076.77,365346.11,361598.74,363858.84,0.00,0.00,3.05
2018-10-03,359382.09,361628.33,357868.57,360105.35,0.00,0.00,3.15
2018-10-04,357814.64,360060.34,356283.25,358519.34,0.00,0.00,3.19
2018-10-05,356244.72,358471.36,354694.03,356910.98,0.00,0.00,3.23
2018-10-09,357216.16,359495.05,355678.06,357947.14,0.00,0.00,3.21
2018-10-10,356732.84,358999.43,355179.73,357436.45,0.00,0.00,3.22
2018-10-11,359600.35,361875.86,358079.52,360345.40,0.00,0.00,3.14
2018-10-12,359359.66,361633.65,357836.71,360101.06,0.00,0.00,3.15
2018-10-15,358907.27,361206.23,357376.99,359666.15,0.00,0.00,3.16
2018-10-16,358998.88,361289.14,357474.51,359755.05,0.00,0.00,3.16
2018-10-17,357884.36,360176.77,356349.45,358632.03,0.00,0.00,3.19
2018-10-18,358540.54,360837.15,357008.88,359295.68,0.00,0.00,3.17
2018-10-19,357446.33,359745.18,355904.10,358193.03,0.00,0.00,3.20
2018-10-22,357508.31,359816.80,355964.21,358262.73,0.00,0.00,3.20
2018-10-23,358523.96,360829.74,356982.86,359278.73,0.00,0.00,3.17
2018-10-24,361020.42,363332.92,359489.78,361792.48,0.00,0.00,3.10
2018-10-25,359549.15,361852.22,358012.69,360305.93,0.00,0.00,3.14
2018-10-26,361667.46,363984.10,360136.95,362443.79,0.00,0.00,3.08
2018-10-29,361674.82,364010.21,360144.28,362469.79,0.00,0.00,3.08
2018-10-30,360330.79,362648.18,358789.01,361096.49,0.00,0.00,3.12
2018-10-31,359079.14,361397.78,357527.53,359836.15,0.00,0.00,3.15
2018-11-01,359436.54,361757.48,357886.33,360197.26,0.00,0.00,3.14
2018-11-02,356543.87,358855.35,354968.14,357269.40,0.00,0.00,3.22
2018-11-05,357323.95,359649.72,355761.81,358077.42,0.00,0.00,3.20
2018-11-06,356672.54,359003.29,355108.81,357429.35,0.00,0.00,3.22
2018-11-07,356633.33,358954.61,355074.64,357385.77,0.00,0.00,3.22
2018-11-08,355982.64,358308.88,354422.37,356738.43,0.00,0.00,3.24
2018-11-09,357682.45,360019.81,356136.07,358463.32,0.00,0.00,3.19
2018-11-13,359499.10,361857.62,357959.83,360308.25,0.00,0.00,3.14
2018-11-14,360291.85,362646.26,358753.50,361097.86,0.00,0.00,3.12
2018-11-15,360560.28,362907.12,359014.39,361351.17,0.00,0.00,3.11
2018-11-16,361735.00,364080.13,360200.97,362536.16,0.00,0.00,3.08
2018-11-19,362391.52,364759.65,360857.61,363215.71,0.00,0.00,3.06
2018-11-20,362397.76,364756.56,360865.46,363214.29,0.00,0.00,3.06
2018-11-21,362346.40,364714.23,360817.57,363175.41,0.00,0.00,3.06
2018-11-23,362722.30,365092.59,361196.52,363556.84,0.00,0.00,3.05
2018-11-26,362131.52,364516.68,360602.09,362977.18,0.00,0.00,3.07
2018-11-27,362365.72,364743.04,360836.83,363204.13,0.00,0.00,3.06
2018-11-28,362327.91,364704.99,360789.58,363156.57,0.00,0.00,3.06
2018-11-29,363384.80,365759.42,361852.84,364217.45,0.00,0.00,3.03
2018-11-30,364149.11,366528.73,362624.90,364994.55,0.00,0.00,3.01
2018-12-03,365336.41,367761.57,363830.90,366246.06,0.00,0.00,2.98
2018-12-04,368199.86,370663.06,366736.29,369189.70,0.00,0.00,2.91
2018-12-06,369712.08,372166.28,368261.35,370705.92,0.00,0.00,2.87
2018-12-07,370357.19,372796.53,368897.27,371326.99,0.00,0.00,2.85
2018-12-10,370447.03,372886.95,368993.18,371423.53,0.00,0.00,2.85
2018-12-11,369101.00,371541.60,367643.15,370074.11,0.00,0.00,2.89
2018-12-12,368260.57,370705.14,366798.24,369233.10,0.00,0.00,2.91
2018-12-13,368224.46,370668.78,366752.61,369187.16,0.00,0.00,2.91
2018-12-14,368972.90,371422.19,367507.46,369947.03,0.00,0.00,2.89
2018-12-17,370173.13,372611.25,368713.85,371142.35,0.00,0.00,2.86
2018-12-18,371637.26,374075.42,370192.82,372621.49,0.00,0.00,2.82
2018-12-19,373744.67,376206.32,372328.84,374781.16,0.00,0.00,2.77
2018-12-20,372840.90,375306.23,371417.45,373873.37,0.00,0.00,2.79
2018-12-21,372809.94,375265.43,371384.93,373831.03,0.00,0.00,2.79
2018-12-24,374713.07,377161.71,373296.60,375735.99,0.00,0.00,2.74
2018-12-26,372014.02,374464.26,370584.16,373024.99,0.00,0.00,2.81
2018-12-27,373504.20,375915.98,372069.87,374472.38,0.00,0.00,2.77
2018-12-28,375268.90,377682.37,373843.75,376248.06,0.00,0.00,2.72
2018-12-31,376417.18,378915.89,374992.35,377481.60,0.00,0.00,2.69
2019-01-02,377698.98,380157.37,376290.36,378739.58,0.00,0.00,2.66
2019-01-03,381569.57,384013.69,380178.98,382614.19,0.00,0.00,2.56
2019-01-04,377450.52,379907.30,376039.56,378487.15,0.00,0.00,2.67
2019-01-07,376221.79,378699.75,374804.26,377272.88,0.00,0.00,2.70
2019-01-08,375160.93,377631.90,373741.14,376202.76,0.00,0.00,2.73
2019-01-09,374661.94,377110.26,373231.10,375670.06,0.00,0.00,2.74
2019-01-10,374556.77,376994.71,373113.40,375541.95,0.00,0.00,2.74
2019-01-11,375639.69,378074.97,374200.10,376626.04,0.00,0.00,2.71
2019-01-14,375548.34,378002.44,374105.90,376550.58,0.00,0.00,2.71
2019-01-15,375154.06,377605.59,373706.67,376148.74,0.00,0.00,2.72
2019-01-16,374858.06,377278.58,373411.85,375823.03,0.00,0.00,2.73
2019-01-17,374036.06,376460.94,372594.79,375010.33,0.00,0.00,2.75
2019-01-18,372674.83,375090.88,371229.37,373636.06,0.00,0.00,2.79
2019-01-22,374521.82,376959.53,373088.32,375516.70,0.00,0.00,2.74
2019-01-23,373808.16,376241.23,372366.20,374789.88,0.00,0.00,2.76
2019-01-24,375365.48,377798.99,373936.74,376360.98,0.00,0.00,2.72
2019-01-25,373903.67,376337.36,372466.18,374890.51,0.00,0.00,2.76
2019-01-28,374212.61,376648.31,372773.90,375200.24,0.00,0.00,2.75
2019-01-29,375346.52,377789.60,373911.39,376345.13,0.00,0.00,2.72
2019-01-30,376000.13,378437.75,374554.20,376982.44,0.00,0.00,2.70
2019-01-31,378735.68,381151.86,377314.90,379722.01,0.00,0.00,2.63
2019-02-01,376107.06,378506.47,374675.33,377065.61,0.00,0.00,2.70
2019-02-04,374849.93,377270.40,373402.09,375813.21,0.00,0.00,2.73
2019-02-05,375715.31,378151.08,374278.61,376705.07,0.00,0.00,2.71
2019-02-06,376109.52,378547.85,374676.15,377105.18,0.00,0.00,2.70
2019-02-07,377893.61,380333.73,376469.59,378900.51,0.00,0.00,2.65
2019-02-08,378689.74,381135.00,377278.91,379715.07,0.00,0.00,2.63
2019-02-11,377767.98,380226.82,376349.34,378798.95,0.00,0.00,2.65
2019-02-12,376736.01,379178.40,375308.33,377741.46,0.00,0.00,2.68
2019-02-13,375657.97,378103.07,374226.42,376662.21,0.00,0.00,2.71
2019-02-14,377528.03,379985.31,376108.68,378556.73,0.00,0.00,2.66
2019-02-15,377563.45,380011.20,376152.13,378590.73,0.00,0.00,2.66
2019-02-19,377922.10,380391.71,376506.12,378966.48,0.00,0.00,2.65
2019-02-20,377921.85,380381.69,376505.87,378956.50,0.00,0.00,2.65
2019-02-21,376263.75,378712.80,374829.84,377269.55,0.00,0.00,2.69
2019-02-22,377741.82,380200.49,376316.78,378766.18,0.00,0.00,2.65
2019-02-25,377050.87,379505.05,375621.99,378066.86,0.00,0.00,2.67
2019-02-26,378217.41,380679.18,376798.64,379251.18,0.00,0.00,2.64
2019-02-27,376083.53,378541.13,374637.30,377085.45,0.00,0.00,2.69
2019-02-28,374601.29,377029.83,373144.70,375563.80,0.00,0.00,2.73
2019-03-01,373381.92,375821.87,371918.99,374349.38,0.00,0.00,2.76
2019-03-04,374947.39,377416.95,373499.22,375959.25,0.00,0.00,2.72
2019-03-05,374947.13,377407.00,373498.96,375949.33,0.00,0.00,2.72
2019-03-06,376178.70,378646.65,374736.96,377195.45,0.00,0.00,2.69
2019-03-07,378042.83,380513.24,376613.33,379074.40,0.00,0.00,2.64
2019-03-08,378983.81,381460.36,377563.73,380031.00,0.00,0.00,2.62
2019-03-11,378114.34,380604.77,376682.95,379163.95,0.00,0.00,2.64
2019-03-12,379372.77,381861.68,377956.10,380435.71,0.00,0.00,2.61
2019-03-13,379306.71,381795.18,377893.56,380372.76,0.00,0.00,2.61
2019-03-14,378343.39,380815.76,376912.72,379375.75,0.00,0.00,2.63
2019-03-15,379833.42,382315.53,378413.41,380886.23,0.00,0.00,2.59
2019-03-18,379466.21,381936.11,378050.87,380511.56,0.00,0.00,2.60
2019-03-19,379138.81,381616.37,377716.54,380184.82,0.00,0.00,2.61
2019-03-20,381720.85,384185.69,380311.73,382767.47,0.00,0.00,2.54
2019-03-21,381810.52,384285.80,380405.98,382872.16,0.00,0.00,2.54
2019-03-22,385700.62,388181.18,384326.38,386798.10,0.00,0.00,2.44
2019-03-25,386142.21,388635.60,384766.34,387250.84,0.00,0.00,2.43
2019-03-26,386934.03,389432.52,385557.05,388046.65,0.00,0.00,2.41
2019-03-27,387838.22,390312.47,386482.90,388948.51,0.00,0.00,2.39
2019-03-28,387865.01,390319.37,386519.55,388965.39,0.00,0.00,2.39
2019-03-29,387154.30,389604.17,385807.99,388249.33,0.00,0.00,2.41
2019-04-01,383885.85,386334.89,382513.11,384953.39,0.00,0.00,2.49
2019-04-02,384340.73,386782.73,382966.31,385399.58,0.00,0.00,2.48
2019-04-03,382655.71,385087.00,381262.74,383685.18,0.00,0.00,2.52
2019-04-04,383057.91,385501.66,381670.06,384104.96,0.00,0.00,2.51
2019-04-05,383559.82,386006.78,382180.03,384618.19,0.00,0.00,2.50
2019-04-08,382758.79,385220.42,381372.04,383824.76,0.00,0.00,2.52
2019-04-09,383227.59,385672.43,381840.78,384276.77,0.00,0.00,2.51
2019-04-10,384327.02,386778.87,382946.10,385389.14,0.00,0.00,2.48
2019-04-11,383137.45,385581.71,381746.05,384181.43,0.00,0.00,2.51
2019-04-12,381113.26,383554.46,379716.20,382148.46,0.00,0.00,2.56
2019-04-15,381514.32,383948.23,380120.70,382545.71,0.00,0.00,2.55
2019-04-16,379675.01,382107.00,378265.32,380688.28,0.00,0.00,2.60
2019-04-17,379981.44,382415.39,378570.60,380995.51,0.00,0.00,2.59
2019-04-18,380926.79,383366.79,379525.48,381956.51,0.00,0.00,2.57
2019-04-22,379889.59,382322.95,378472.54,380896.83,0.00,0.00,2.59
2019-04-23,380656.04,383084.47,379237.72,381657.10,0.00,0.00,2.57
2019-04-24,382379.92,384819.35,380978.09,383408.57,0.00,0.00,2.53
2019-04-25,382070.17,384507.62,380669.47,383097.99,0.00,0.00,2.54
2019-04-26,383166.44,385610.89,381769.90,384205.44,0.00,0.00,2.51
2019-04-29,381883.07,384329.20,380471.55,382908.64,0.00,0.00,2.54
2019-04-30,383073.00,385516.84,381670.20,384105.10,0.00,0.00,2.51
2019-05-01,382799.60,385221.90,381407.70,383821.20,0.00,0.00,2.52
2019-05-02,381619.63,384054.21,380217.34,382642.97,0.00,0.00,2.55
2019-05-03,382095.21,384532.82,380700.97,383129.68,0.00,0.00,2.54
2019-05-06,383199.35,385644.00,381810.93,384246.72,0.00,0.00,2.51
2019-05-07,385455.38,387914.43,384086.90,386537.21,0.00,0.00,2.45
2019-05-08,384000.29,386440.12,382618.84,385049.90,0.00,0.00,2.49
2019-05-09,385420.07,387878.89,384045.11,386495.16,0.00,0.00,2.45
2019-05-10,384634.86,387078.73,383257.71,385692.82,0.00,0.00,2.47
2019-05-13,387390.71,389822.03,386023.65,388446.40,0.00,0.00,2.40
2019-05-14,386586.89,389023.16,385212.71,387640.33,0.00,0.00,2.42
2019-05-15,388512.81,390961.23,387151.83,389591.67,0.00,0.00,2.37
2019-05-16,387395.56,389836.94,386028.50,388461.26,0.00,0.00,2.40
2019-05-17,387892.50,390326.98,386533.66,388959.60,0.00,0.00,2.39
2019-05-20,387014.63,389443.59,385653.86,388074.28,0.00,0.00,2.41
2019-05-21,386157.35,388580.93,384791.33,387206.34,0.00,0.00,2.43
2019-05-22,387751.05,390174.61,386392.74,388807.81,0.00,0.00,2.39
2019-05-23,390972.95,393406.53,389643.56,392068.88,0.00,0.00,2.31
2019-05-24,390510.03,392930.64,389178.87,391591.22,0.00,0.00,2.32
2019-05-28,392875.90,395301.01,391562.01,393979.00,0.00,0.00,2.26
2019-05-29,393296.36,395724.07,391992.77,394412.42,0.00,0.00,2.25
2019-05-30,394674.91,397131.54,393387.02,395835.63,0.00,0.00,2.22
2019-05-31,397939.73,400365.22,396672.04,399089.80,0.00,0.00,2.14
2019-06-03,400717.83,403118.79,399460.46,401853.90,0.00,0.00,2.07
2019-06-04,398382.53,400748.89,397099.99,399458.73,0.00,0.00,2.12
2019-06-05,398344.55,400669.46,397050.28,399367.65,0.00,0.00,2.12
2019-06-06,398292.37,400586.07,397003.36,399289.63,0.00,0.00,2.12
2019-06-07,399875.04,402105.43,398609.98,400833.31,0.00,0.00,2.09
2019-06-10,397380.67,399658.84,396092.73,398363.52,0.00,0.00,2.15
2019-06-11,397384.02,399662.21,396097.77,398368.59,0.00,0.00,2.15
2019-06-12,398183.29,400455.76,396894.60,399159.72,0.00,0.00,2.13
2019-06-13,399400.34,401659.08,398114.72,400366.20,0.00,0.00,2.10
2019-06-14,399752.59,402013.33,398476.06,400729.58,0.00,0.00,2.09
2019-06-17,399853.07,402135.07,398581.34,400856.08,0.00,0.00,2.09
2019-06-18,401121.45,403410.68,399862.96,402145.01,0.00,0.00,2.06
2019-06-19,402317.81,404520.18,401059.17,403254.65,0.00,0.00,2.03
2019-06-20,403071.59,405205.06,401814.21,403941.03,0.00,0.00,2.01
2019-06-21,400550.57,402681.06,399269.96,401393.64,0.00,0.00,2.07
2019-06-24,402556.10,404749.36,401290.00,403476.35,0.00,0.00,2.02
2019-06-25,403400.63,405598.49,402142.32,404333.32,0.00,0.00,2.00
2019-06-26,401324.62,403531.94,400056.99,402257.34,0.00,0.00,2.05
2019-06-27,403008.20,405224.78,401756.10,403965.79,0.00,0.00,2.01
2019-06-28,403340.79,405527.88,402089.46,404269.76,0.00,0.00,2.00
2019-07-01,402080.84,404271.51,400817.83,403001.62,0.00,0.00,2.03
2019-07-02,404194.39,406386.11,402952.59,405137.58,0.00,0.00,1.98
2019-07-03,405228.90,407415.74,404006.39,406186.64,0.00,0.00,1.96
2019-07-05,401643.60,403873.46,400392.05,402614.97,0.00,0.00,2.04
2019-07-08,401497.14,403726.18,400257.84,402480.01,0.00,0.00,2.05
2019-07-09,400673.85,402908.69,399426.80,401654.68,0.00,0.00,2.07
2019-07-10,400662.33,402814.16,399389.91,401534.91,0.00,0.00,2.07
2019-07-11,398155.64,400304.31,396860.30,399001.98,0.00,0.00,2.13
2019-07-12,398475.12,400615.20,397177.10,399310.22,0.00,0.00,2.12
2019-07-15,399662.53,401798.65,398379.52,400508.78,0.00,0.00,2.09
2019-07-16,398091.69,400219.41,396798.22,398919.03,0.00,0.00,2.13
2019-07-17,400946.36,403068.59,399684.94,401800.49,0.00,0.00,2.06
2019-07-18,401887.07,403983.07,400617.86,402707.23,0.00,0.00,2.04
2019-07-19,401409.10,403523.38,400139.58,402247.18,0.00,0.00,2.05
2019-07-22,401250.56,403415.94,399978.12,402136.62,0.00,0.00,2.05
2019-07-23,400153.31,402323.12,398872.25,401035.11,0.00,0.00,2.08
2019-07-24,401188.95,403354.00,399921.77,402079.98,0.00,0.00,2.05
2019-07-25,400099.97,402259.14,398824.17,400976.45,0.00,0.00,2.08
2019-07-26,400101.13,402281.01,398825.33,400998.26,0.00,0.00,2.08
2019-07-29,400842.99,403026.91,399571.77,401748.77,0.00,0.00,2.06
2019-07-30,400936.18,403089.48,399669.77,401816.27,0.00,0.00,2.06
2019-07-31,402519.29,404712.35,401285.59,403471.92,0.00,0.00,2.02
2019-08-01,407601.97,409759.42,406393.61,408544.67,0.00,0.00,1.90
2019-08-02,409267.41,411412.49,408087.22,410226.12,0.00,0.00,1.86
2019-08-05,413876.18,416013.27,412729.38,414860.55,0.00,0.00,1.75
2019-08-06,414865.92,417018.86,413739.25,415886.35,0.00,0.00,1.73
2019-08-07,415723.64,417827.23,414607.07,416705.01,0.00,0.00,1.71
2019-08-08,415224.21,417336.01,414107.02,416213.14,0.00,0.00,1.72
2019-08-09,414377.03,416473.81,413260.01,415351.14,0.00,0.00,1.74
2019-08-12,418489.16,420595.91,417421.90,419523.27,0.00,0.00,1.65
2019-08-13,417062.59,419183.75,416001.62,418117.39,0.00,0.00,1.68
2019-08-14,420938.48,423035.76,419930.13,422022.38,0.00,0.00,1.59
2019-08-15,423818.22,425864.00,422820.14,424861.11,0.00,0.00,1.52
2019-08-16,422659.90,424689.16,421646.70,423671.08,0.00,0.00,1.55
2019-08-19,420363.25,422435.90,419323.21,421390.73,0.00,0.00,1.60
2019-08-20,422475.39,424547.51,421452.07,423519.17,0.00,0.00,1.55
2019-08-21,420737.85,422812.34,419705.71,421775.11,0.00,0.00,1.59
2019-08-22,419497.18,421576.42,418450.21,420524.26,0.00,0.00,1.62
2019-08-23,423716.57,425772.84,422703.07,424754.42,0.00,0.00,1.52
2019-08-26,422760.34,424844.81,421741.63,423821.08,0.00,0.00,1.54
2019-08-27,425166.60,427306.96,424183.53,426318.95,0.00,0.00,1.49
2019-08-28,425968.34,428057.59,424987.38,427071.82,0.00,0.00,1.47
2019-08-29,424650.12,426732.91,423662.75,425740.70,0.00,0.00,1.50
2019-08-30,424720.40,426803.54,423729.47,425807.74,0.00,0.00,1.50
2019-09-03,425867.36,427945.09,424877.87,426950.77,0.00,0.00,1.47
2019-09-04,426021.36,428088.81,425022.99,427085.60,0.00,0.00,1.47
2019-09-05,421605.37,423662.31,420571.60,422623.50,0.00,0.00,1.57
2019-09-06,422506.87,424568.21,421490.47,423546.85,0.00,0.00,1.55
2019-09-09,419053.04,421086.67,417998.34,420026.86,0.00,0.00,1.63
2019-09-10,415132.91,417169.02,414039.95,416070.70,0.00,0.00,1.72
2019-09-11,413991.45,416011.24,412887.30,414901.71,0.00,0.00,1.75
2019-09-12,412266.43,414299.16,411147.35,413174.55,0.00,0.00,1.79
2019-09-13,407554.57,409585.16,406388.85,408413.64,0.00,0.00,1.90
2019-09-16,410119.08,412173.07,408977.72,411026.00,0.00,0.00,1.84
2019-09-17,411336.20,413396.29,410209.03,412263.47,0.00,0.00,1.81
2019-09-18,411728.61,413769.34,410619.29,412654.53,0.00,0.00,1.80
2019-09-19,412385.56,414440.22,411279.91,413329.06,0.00,0.00,1.79
2019-09-20,414541.67,416596.35,413456.91,415506.21,0.00,0.00,1.74
2019-09-23,415388.28,417468.66,414305.10,416380.06,0.00,0.00,1.72
2019-09-24,418702.30,420777.60,417651.74,419721.83,0.00,0.00,1.64
2019-09-25,414949.41,416995.36,413862.02,415902.61,0.00,0.00,1.73
2019-09-26,416107.01,418137.13,415039.42,417064.32,0.00,0.00,1.70
2019-09-27,416683.94,418684.50,415613.46,417608.88,0.00,0.00,1.69
2019-09-30,417044.96,419025.65,415980.59,417956.23,0.00,0.00,1.68
2019-10-01,418159.22,420123.55,417095.95,419055.28,0.00,0.00,1.65
2019-10-02,420235.93,422144.71,419177.11,421081.08,0.00,0.00,1.60
2019-10-03,422936.29,424758.74,421889.59,423707.53,0.00,0.00,1.54
2019-10-04,424015.58,425831.69,422991.25,424802.98,0.00,0.00,1.52
2019-10-07,422255.88,424151.96,421214.02,423105.43,0.00,0.00,1.56
2019-10-08,423039.49,424895.26,422001.31,423852.53,0.00,0.00,1.54
2019-10-09,420926.61,422773.11,419869.99,421711.85,0.00,0.00,1.59
2019-10-10,417480.22,419300.78,416387.40,418203.20,0.00,0.00,1.67
2019-10-11,413516.73,415320.01,412398.19,414196.59,0.00,0.00,1.76
2019-10-15,413059.34,414849.93,411928.13,413713.81,0.00,0.00,1.77
2019-10-16,413894.24,415656.28,412764.52,414521.74,0.00,0.00,1.75
2019-10-17,413556.54,415306.42,412425.90,414171.00,0.00,0.00,1.76
2019-10-18,413461.39,415210.87,412324.09,414068.75,0.00,0.00,1.76
2019-10-21,411727.35,413490.82,410575.22,412333.77,0.00,0.00,1.80
2019-10-22,412684.64,414441.53,411547.42,413299.46,0.00,0.00,1.78
2019-10-23,413119.19,414877.93,411984.40,413738.31,0.00,0.00,1.77
2019-10-24,412934.97,414703.62,411790.28,413554.02,0.00,0.00,1.77
2019-10-25,411664.61,413438.48,410516.06,412284.99,0.00,0.00,1.80
2019-10-28,409488.54,411242.43,408311.07,410059.92,0.00,0.00,1.85
2019-10-29,409916.90,411662.00,408745.20,410485.32,0.00,0.00,1.84
2019-10-30,412520.23,414255.05,411381.64,413111.66,0.00,0.00,1.78
2019-10-31,416333.73,418030.64,415226.04,416918.44,0.00,0.00,1.69
2019-11-01,414755.74,416424.72,413634.36,415298.83,0.00,0.00,1.73
2019-11-04,412064.67,413744.18,410911.73,412586.54,0.00,0.00,1.79
2019-11-05,408978.75,410656.28,407797.40,409470.08,0.00,0.00,1.86
2019-11-06,410958.99,412634.00,409798.36,411468.63,0.00,0.00,1.81
2019-11-07,406251.05,407917.39,405046.01,406707.41,0.00,0.00,1.92
2019-11-08,405308.86,406971.34,404087.62,405745.08,0.00,0.00,1.94
2019-11-12,406248.16,407925.01,405041.42,406713.29,0.00,0.00,1.92
2019-11-13,408022.11,409706.29,406829.51,408508.76,0.00,0.00,1.88
2019-11-14,410497.95,412181.71,409324.73,411003.68,0.00,0.00,1.82
2019-11-15,409733.18,411424.42,408556.74,410243.13,0.00,0.00,1.84
2019-11-18,410858.93,412544.17,409693.37,411373.83,0.00,0.00,1.81
2019-11-19,411812.95,413502.11,410663.94,412348.38,0.00,0.00,1.79
2019-11-20,414338.82,416038.33,413218.24,414913.16,0.00,0.00,1.73
2019-11-21,412537.72,414240.54,411402.39,413100.53,0.00,0.00,1.77
2019-11-22,412636.14,414339.37,411505.76,413204.32,0.00,0.00,1.77
2019-11-25,412997.82,414723.93,411875.14,413596.57,0.00,0.00,1.76
2019-11-26,414036.52,415777.71,412921.85,414658.35,0.00,0.00,1.74
2019-11-27,412826.44,414573.23,411707.64,413449.71,0.00,0.00,1.77
2019-11-29,412324.32,414068.99,411199.84,412939.75,0.00,0.00,1.78
2019-12-02,409960.34,411684.39,408795.29,410514.43,0.00,0.00,1.83
2019-12-03,414879.19,416570.17,413762.62,415449.06,0.00,0.00,1.72
2019-12-04,412633.00,414304.14,411499.20,413165.75,0.00,0.00,1.77
2019-12-05,411408.44,413063.95,410258.70,411909.59,0.00,0.00,1.80
2019-12-06,409706.55,411365.83,408548.95,410203.55,0.00,0.00,1.84
2019-12-09,410134.83,411817.11,408983.02,410660.56,0.00,0.00,1.83
2019-12-10,409637.73,411307.34,408488.91,410153.85,0.00,0.00,1.85
2019-12-11,411883.03,413572.48,410756.13,412440.95,0.00,0.00,1.79
2019-12-12,407322.06,408982.24,406149.98,407805.39,0.00,0.00,1.90
2019-12-13,410652.56,412315.67,409509.75,411168.24,0.00,0.00,1.82
2019-12-16,407814.41,409487.16,406644.49,408312.45,0.00,0.00,1.89
2019-12-17,407719.29,409391.65,406542.78,408210.32,0.00,0.00,1.89
2019-12-18,406268.76,407935.18,405077.22,406738.75,0.00,0.00,1.92
2019-12-19,406494.78,408151.58,405302.67,406954.62,0.00,0.00,1.92
2019-12-20,406504.74,408172.12,405312.63,406975.12,0.00,0.00,1.92
2019-12-23,406002.17,407688.53,404809.64,406491.05,0.00,0.00,1.93
2019-12-24,407187.24,408889.07,406001.83,407698.71,0.00,0.00,1.90
2019-12-26,407143.85,408845.50,405967.07,407663.80,0.00,0.00,1.90
2019-12-27,408108.01,409792.54,406925.37,408605.02,0.00,0.00,1.88
2019-12-30,407231.16,408922.63,406030.31,407716.79,0.00,0.00,1.90
2019-12-31,406204.07,407891.27,404983.77,406665.91,0.00,0.00,1.92
2020-01-02,408089.50,409752.81,406898.38,408556.84,0.00,0.00,1.88
2020-01-03,411534.93,413190.95,410376.33,412027.69,0.00,0.00,1.80
2020-01-06,411011.00,412675.57,409845.08,411504.93,0.00,0.00,1.81
2020-01-07,410048.86,411709.53,408868.15,410524.04,0.00,0.00,1.83
2020-01-08,408249.63,409903.01,407049.56,408698.08,0.00,0.00,1.87
2020-01-09,409219.22,410876.53,408038.89,409691.42,0.00,0.00,1.85
2020-01-10,410246.98,411897.82,409077.81,410723.95,0.00,0.00,1.83
2020-01-13,409386.12,411054.71,408208.82,409872.62,0.00,0.00,1.85
2020-01-14,410700.98,412374.93,409544.39,411213.63,0.00,0.00,1.82
2020-01-15,411994.21,413684.11,410849.94,412535.15,0.00,0.00,1.79
2020-01-16,411128.12,412793.16,409977.34,411637.72,0.00,0.00,1.81
2020-01-17,409790.54,411460.78,408608.81,410274.24,0.00,0.00,1.84
2020-01-21,412311.42,413991.94,411156.10,412831.91,0.00,0.00,1.78
2020-01-22,412925.47,414597.79,411785.88,413453.59,0.00,0.00,1.77
2020-01-23,414321.07,415999.04,413200.63,414874.06,0.00,0.00,1.74
2020-01-24,415973.04,417646.93,414864.41,416533.83,0.00,0.00,1.70
2020-01-27,419914.19,421625.69,418847.32,420554.47,0.00,0.00,1.61
2020-01-28,418159.67,419874.86,417073.94,418784.68,0.00,0.00,1.65
2020-01-29,420453.30,422167.00,419392.33,421101.71,0.00,0.00,1.60
2020-01-30,421513.97,423231.99,420459.50,422173.22,0.00,0.00,1.57
2020-01-31,424151.90,425847.70,423115.00,424806.66,0.00,0.00,1.51
2020-02-03,423012.26,424725.43,421972.34,423681.29,0.00,0.00,1.54
2020-02-04,419914.45,421625.96,418844.14,420551.29,0.00,0.00,1.61
2020-02-05,417622.74,419324.90,416524.31,418221.99,0.00,0.00,1.66
2020-02-06,418254.02,419969.60,417169.87,418881.00,0.00,0.00,1.65
2020-02-07,420723.08,422437.89,419664.99,421375.48,0.00,0.00,1.59
2020-02-10,422024.48,423755.53,420972.49,422699.22,0.00,0.00,1.56
2020-02-11,420801.54,422494.85,419739.86,421428.90,0.00,0.00,1.59
2020-02-12,419229.73,420927.58,418157.26,419850.77,0.00,0.00,1.62
2020-02-13,419846.36,421546.71,418779.64,420475.67,0.00,0.00,1.61
2020-02-14,420722.21,422426.11,419665.84,421365.46,0.00,0.00,1.59
2020-02-18,422416.19,424126.94,421380.78,423087.35,0.00,0.00,1.55
2020-02-19,421897.46,423606.12,420861.28,422565.74,0.00,0.00,1.56
2020-02-20,423839.32,425544.86,422823.87,424525.32,0.00,0.00,1.52
2020-02-21,426522.92,428217.15,425532.37,427222.67,0.00,0.00,1.46
2020-02-24,430097.16,431761.00,429133.97,430794.08,0.00,0.00,1.38
2020-02-25,432357.87,434008.04,431417.55,433064.14,0.00,0.00,1.33
2020-02-26,432261.51,433855.30,431312.54,432902.83,0.00,0.00,1.33
2020-02-27,433610.51,435108.11,432675.36,434169.72,0.00,0.00,1.30
2020-02-28,441402.54,442675.20,440524.58,441794.71,0.00,0.00,1.13
2020-03-02,442416.52,443508.45,441542.50,442632.27,0.00,0.00,1.10
2020-03-03,445733.01,446694.30,444856.85,445816.25,0.00,0.00,1.02
2020-03-04,445708.53,446496.19,444821.56,445607.65,0.00,0.00,1.02
2020-03-05,450455.28,451075.84,449628.41,450247.83,1837.20,1009.20,0.92
2020-03-06,459281.48,459771.01,458612.00,459100.82,10404.26,9734.07,0.74
2020-03-09,468669.70,468998.72,468145.94,468474.59,19518.63,18994.51,0.54
2020-03-10,457620.40,458131.94,456922.06,457432.83,8815.11,8115.99,0.76
2020-03-11,455719.45,456193.34,455031.96,455505.14,6849.27,6161.07,0.82
2020-03-12,452230.58,452665.60,451454.58,451888.84,3320.23,2543.47,0.88
2020-03-13,449483.77,449927.83,448686.65,449129.91,559.77,0.00,0.94
2020-03-16,459693.12,460039.74,459001.76,459347.86,10514.23,9822.35,0.73
2020-03-17,445631.15,445909.25,444729.81,445007.35,0.00,0.00,1.02
2020-03-18,438157.38,438248.54,437181.36,437272.32,0.00,0.00,1.18
2020-03-19,440942.40,441011.20,439967.85,440036.50,0.00,0.00,1.12
2020-03-20,450321.32,450379.88,449463.88,449522.33,771.65,0.00,0.92
2020-03-23,458998.42,459093.92,458258.75,458354.09,9447.59,8707.76,0.76
2020-03-24,454850.13,454956.59,454092.78,454199.06,5468.65,4711.12,0.84
2020-03-25,453063.05,453145.53,452281.47,452363.81,3564.07,2782.35,0.88
2020-03-26,455270.19,455317.56,454503.22,454550.50,5646.40,4879.35,0.83
2020-03-27,460706.15,460730.11,459996.28,460020.21,11011.57,10301.66,0.72
2020-03-30,461466.67,461610.68,460748.93,460892.72,11880.57,11162.60,0.70
2020-03-31,461143.25,461323.13,460390.63,460570.21,11620.38,10867.47,0.70
2020-04-01,464992.24,465161.53,464320.44,464489.48,15449.67,14777.62,0.62
2020-04-02,464506.56,464687.76,463838.59,464019.52,14945.95,14277.71,0.63
2020-04-03,464789.39,464970.69,464117.46,464298.50,15241.91,14569.72,0.62
2020-04-06,462450.13,462654.56,461764.52,461968.65,13006.37,12320.46,0.67
2020-04-07,459029.09,459267.81,458307.03,458545.39,9613.76,8891.33,0.75
2020-04-08,457853.48,458139.21,457097.32,457382.57,8502.77,7746.14,0.77
2020-04-09,459801.34,460088.28,459055.04,459341.51,10454.57,9707.81,0.73
2020-04-13,458235.20,458556.90,457467.81,457788.96,8949.16,8181.23,0.76
2020-04-14,458412.28,458698.36,457637.55,457923.14,9064.65,8289.44,0.76
2020-04-15,464676.86,464906.45,463981.39,464210.63,15196.67,14500.85,0.63
2020-04-16,465698.13,465916.11,465041.01,465258.68,16184.19,15526.77,0.61
2020-04-17,463521.08,463713.94,462818.65,463011.21,13976.80,13274.07,0.65
2020-04-20,464706.67,464887.94,464027.82,464208.82,15141.67,14462.55,0.63
2020-04-21,467085.61,467255.66,466450.14,466619.96,17539.34,16903.63,0.58
2020-04-22,464707.32,464876.51,464039.46,464208.40,15158.82,14490.71,0.63
2020-04-23,465802.24,465971.83,465161.70,465331.05,16267.15,15626.38,0.61
2020-04-24,466216.05,466385.79,465582.77,465752.28,16694.14,16060.62,0.60
2020-04-27,462836.30,463016.84,462152.64,462332.92,13319.93,12636.00,0.67
2020-04-28,465313.90,465471.21,464666.17,464823.26,15745.76,15097.81,0.62
2020-04-29,464815.74,464960.80,464151.63,464296.48,15265.29,14600.97,0.63
2020-04-30,464124.26,464257.03,463441.87,463574.45,14539.38,13856.80,0.64
2020-05-01,464228.60,464373.47,463551.78,463696.45,14664.94,13987.92,0.64
2020-05-04,464207.23,464376.24,463522.99,463691.75,14641.06,13956.57,0.64
2020-05-05,463319.85,463500.58,462619.51,462799.96,13761.51,13060.89,0.66
2020-05-06,460266.64,460458.14,459505.35,459696.54,10703.52,9941.92,0.72
2020-05-07,464815.55,464984.78,464116.57,464285.54,15201.61,14502.38,0.63
2020-05-08,461933.40,462113.58,461189.70,461369.60,12344.00,11600.02,0.69
2020-05-11,460061.01,460252.43,459292.70,459483.80,10497.80,9729.17,0.73
2020-05-12,462028.49,462220.73,461292.14,461484.07,12466.10,11729.45,0.69
2020-05-13,464210.26,464391.33,463502.19,463682.99,14621.75,13913.41,0.64
2020-05-14,465087.88,465269.30,464401.79,464582.94,15499.72,14813.36,0.63
2020-05-15,464497.16,464678.35,463798.34,463979.26,14908.77,14209.68,0.64
2020-05-18,459858.54,460037.92,459090.17,459269.25,10306.04,9537.37,0.73
2020-05-19,461229.01,461408.92,460470.81,460650.43,11658.20,10899.71,0.70
2020-05-20,461508.54,461676.56,460731.34,460899.08,11923.91,11146.43,0.68
2020-05-21,461805.57,461973.70,461046.75,461214.61,12226.88,11467.78,0.68
2020-05-22,462988.88,463181.52,462253.49,462445.82,13439.92,12704.22,0.66
2020-05-26,461203.88,461407.77,460425.14,460628.68,11668.10,10889.01,0.69
2020-05-27,461596.12,461800.18,460817.10,461020.82,12079.35,11299.99,0.68
2020-05-28,460424.21,460639.72,459620.10,459835.23,10890.32,10085.84,0.70
2020-05-29,462793.69,463010.31,462019.40,462235.66,13255.09,12480.43,0.65
2020-06-01,462076.27,462292.55,461278.26,461494.17,12525.67,11727.29,0.66
2020-06-02,461100.66,461316.49,460290.42,460505.87,11567.09,10756.47,0.68
2020-06-03,456989.07,457214.85,456128.79,456354.15,7473.21,6612.51,0.77
2020-06-04,454559.06,454771.82,453660.65,453872.99,5034.08,4135.25,0.82
2020-06-05,450408.76,450619.58,449465.38,449675.76,912.34,0.00,0.91
2020-06-08,451767.96,451991.16,450843.15,451065.90,2293.04,1367.78,0.88
2020-06-09,453906.55,454130.81,453010.77,453234.59,4421.04,3524.82,0.84
2020-06-10,457968.40,458194.67,457105.56,457331.40,8454.39,7591.13,0.75
2020-06-11,462296.87,462513.26,461519.18,461735.21,12801.56,12023.50,0.66
2020-06-12,460035.65,460250.98,459220.90,459435.85,10526.26,9711.13,0.71
2020-06-15,460035.44,460262.73,459220.68,459447.57,10521.08,9705.93,0.71
2020-06-16,457963.81,458190.07,457102.81,457328.65,8473.11,7611.68,0.75
2020-06-17,458443.44,458658.03,457589.37,457803.55,8946.32,8091.85,0.74
2020-06-18,460026.33,460229.70,459213.38,459416.38,10521.89,9708.58,0.71
2020-06-19,460518.24,460721.83,459710.49,459913.72,11001.00,10192.89,0.70
2020-06-22,460127.55,460342.93,459320.10,459535.09,10605.18,9797.35,0.71
2020-06-23,459635.32,459838.51,458811.70,459014.53,10111.86,9287.88,0.72
2020-06-24,461101.25,461305.09,460306.01,460509.50,11571.24,10775.65,0.69
2020-06-25,461427.10,461631.09,460640.81,460844.45,11885.59,11098.95,0.68
2020-06-26,463484.15,463689.04,462728.03,462932.58,13943.54,13187.09,0.64
2020-06-29,463565.99,463782.97,462796.98,463013.60,14014.72,13245.35,0.64
2020-06-30,462585.40,462801.92,461804.04,462020.19,13033.67,12251.95,0.66
2020-07-01,461217.43,461421.32,460424.07,460627.61,11662.80,10869.09,0.69
2020-07-02,461701.01,461893.11,460903.70,461095.47,12132.66,11335.02,0.68
2020-07-06,461197.73,461389.63,460396.98,460588.54,11629.17,10828.09,0.69
2020-07-07,463276.39,463481.20,462513.20,462717.66,13703.82,12940.29,0.65
2020-07-08,462481.89,462686.34,461710.01,461914.12,12908.97,12136.75,0.67
2020-07-09,464967.21,465160.67,464242.06,464435.22,15387.20,14661.74,0.62
2020-07-10,463489.97,463670.77,462747.06,462927.57,13901.19,13157.99,0.65
2020-07-13,463976.07,464157.05,463240.27,463420.96,14400.50,13664.41,0.64
2020-07-14,464583.68,464752.82,463856.96,464025.83,15001.53,14274.55,0.63
2020-07-15,464077.55,464258.58,463336.29,463517.02,14489.00,13747.44,0.64
2020-07-16,464965.18,465122.37,464240.01,464396.96,15347.57,14622.15,0.62
2020-07-17,464065.94,464222.83,463326.46,463483.10,14436.37,13696.63,0.64
2020-07-20,464770.55,464939.76,464043.49,464212.43,15161.06,14433.72,0.62
2020-07-21,465358.81,465516.13,464633.41,464790.49,15742.70,15017.05,0.61
2020-07-22,465762.39,465931.96,465045.99,465215.30,16141.59,15424.94,0.60
2020-07-23,466661.43,466819.19,465974.52,466132.05,17044.38,16357.24,0.59
2020-07-24,466662.30,466832.20,465975.40,466145.05,17067.89,16380.74,0.59
2020-07-27,465356.70,465526.12,464657.38,464826.55,15741.58,15042.02,0.62
2020-07-28,466876.18,467021.88,466198.64,466344.13,17239.31,16561.56,0.59
2020-07-29,467063.47,467209.22,466374.54,466520.08,17401.97,16712.83,0.58
2020-07-30,468757.06,468891.16,468097.39,468231.30,19055.91,18396.05,0.55
2020-07-31,468858.07,468980.00,468192.91,468314.67,19148.65,18483.32,0.55
2020-08-03,468153.82,468287.75,467472.04,467605.77,18465.53,17783.56,0.56
2020-08-04,470249.27,470383.79,469596.70,469731.03,20587.64,19934.88,0.52
2020-08-05,468644.22,468790.47,467969.67,468115.71,18964.35,18289.60,0.55
2020-08-06,468861.57,468995.70,468196.45,468330.39,19199.54,18534.23,0.55
2020-08-07,467759.87,467905.84,467078.29,467224.06,18117.45,17435.66,0.57
2020-08-10,466754.16,466911.96,466052.55,466210.11,17112.46,16410.61,0.59
2020-08-11,464273.29,464418.18,463533.92,463678.58,14660.29,13920.70,0.64
2020-08-12,461901.46,462045.60,461130.18,461274.08,12261.67,11490.14,0.69
2020-08-13,460609.12,460752.87,459810.79,459954.29,10981.96,10183.38,0.71
2020-08-14,460615.63,460759.37,459804.49,459947.98,10963.77,10152.39,0.71
2020-08-17,461583.04,461727.09,460785.96,460929.76,11931.49,11134.16,0.69
2020-08-18,462672.40,462828.82,461891.35,462047.51,13029.33,12248.01,0.67
2020-08-19,461861.49,462005.62,461060.38,461204.26,12210.03,11408.67,0.68
2020-08-20,463463.43,463620.12,462691.02,462847.45,13801.76,13029.09,0.65
2020-08-21,463962.18,464106.97,463206.11,463350.67,14323.03,13566.73,0.64
2020-08-24,463468.46,463613.10,462707.12,462851.52,13830.53,13068.95,0.65
2020-08-25,461676.05,461820.13,460886.30,461030.13,12030.36,11240.36,0.69
2020-08-26,461408.62,461552.61,460606.09,460749.84,11755.64,10952.87,0.69
2020-08-27,458828.06,458959.32,457975.71,458106.73,9179.28,8326.69,0.74
2020-08-28,458913.17,459044.45,458046.11,458177.14,9239.73,8372.41,0.74
2020-08-31,459895.28,460050.75,459049.51,459204.70,10238.23,9392.17,0.72
2020-09-01,462051.43,462207.63,461241.12,461397.06,12389.28,11578.70,0.68
2020-09-02,463147.06,463291.60,462363.87,462508.16,13496.00,12712.56,0.66
2020-09-03,464539.72,464684.69,463776.06,463920.79,14870.24,14106.33,0.63
2020-09-04,459983.37,460126.92,459146.77,459290.05,10331.33,9494.46,0.72
2020-09-08,461452.01,461620.02,460632.82,460800.52,11842.68,11023.19,0.69
2020-09-09,460465.46,460633.10,459624.85,459792.19,10842.74,10001.82,0.71
2020-09-10,461853.57,461997.70,461032.28,461176.15,12228.16,11406.61,0.68
2020-09-11,462335.46,462479.74,461521.18,461665.20,12678.31,11863.78,0.67
2020-09-14,461944.06,462100.23,461130.08,461285.98,12313.77,11499.51,0.68
2020-09-15,461943.69,462087.85,461129.71,461273.61,12292.26,11478.02,0.68
2020-09-16,461347.26,461491.23,460522.52,460666.23,11682.61,10857.61,0.69
2020-09-17,461448.53,461580.54,460629.30,460761.08,11769.98,10950.52,0.69
2020-09-18,460854.04,460997.86,460024.08,460167.64,11202.26,10372.05,0.70
2020-09-21,461841.20,461973.32,461021.69,461153.57,12168.59,11348.84,0.68
2020-09-22,461941.00,462073.15,461126.99,461258.90,12262.59,11448.35,0.68
2020-09-23,461932.20,462064.34,461119.99,461251.90,12272.64,11460.21,0.68
2020-09-24,462447.00,462579.29,461647.45,461779.52,12774.56,11974.79,0.67
2020-09-25,462836.88,462969.29,462037.03,462169.21,13152.90,12352.82,0.66
2020-09-28,462354.59,462486.86,461547.72,461679.75,12682.13,11875.02,0.67
2020-09-29,462936.18,463068.62,462130.82,462263.02,13246.40,12440.80,0.66
2020-09-30,461346.50,461478.48,460521.75,460653.49,11667.92,10842.94,0.69
2020-10-01,461739.02,461859.10,460913.98,461033.84,12058.27,11233.02,0.68
2020-10-02,460760.70,460892.51,459923.42,460054.99,11081.95,10244.43,0.70
2020-10-05,456846.42,456977.11,455955.23,456085.66,7172.39,6280.93,0.78
2020-10-06,457712.11,457843.05,456827.43,456958.11,8064.38,7179.44,0.76
2020-10-07,455560.13,455702.29,454648.18,454790.06,5918.36,5006.13,0.81
2020-10-08,456926.56,457069.16,456033.46,456175.78,7267.73,6374.35,0.78
2020-10-09,456545.36,456687.83,455652.70,455794.89,6929.95,6037.01,0.79
2020-10-13,458807.45,458950.63,457947.72,458090.63,9166.69,8306.69,0.74
2020-10-14,459297.46,459440.79,458442.87,458585.94,9645.19,8790.34,0.73
2020-10-15,458796.24,458939.42,457938.29,458081.20,9130.79,8272.57,0.74
2020-10-16,458017.66,458160.60,457149.44,457292.10,8351.97,7483.47,0.76
2020-10-19,457123.83,457254.60,456243.51,456374.03,7474.56,6593.99,0.78
2020-10-20,455481.77,455623.91,454569.85,454711.71,5828.32,4916.11,0.81
2020-10-21,454490.00,454631.83,453560.67,453702.21,4836.24,3906.62,0.83
2020-10-22,452668.34,452797.84,451720.83,451850.05,3017.80,2070.01,0.87
2020-10-23,453549.96,453679.70,452616.14,452745.62,3898.29,2964.21,0.85
2020-10-26,455389.81,455531.92,454481.56,454623.39,5734.95,4826.42,0.81
2020-10-27,456460.12,456590.70,455569.30,455699.63,6797.63,5906.56,0.79
2020-10-28,456460.12,456590.70,455569.30,455699.63,6797.63,5906.56,0.79
2020-10-29,453738.60,453856.60,452817.41,452935.18,4067.43,3146.01,0.85
2020-10-30,452205.53,452334.89,451258.47,451387.56,2543.19,1595.86,0.88
2020-11-02,452785.77,452915.30,451850.97,451980.23,3135.26,2200.19,0.87
2020-11-03,451434.95,451575.83,450479.74,450620.32,1810.75,855.23,0.90
2020-11-04,456945.70,457064.54,456059.96,456178.56,7263.71,6377.73,0.78
2020-11-05,456668.26,456787.02,455786.54,455905.08,6986.19,6104.25,0.79
2020-11-06,454713.76,454843.84,453802.68,453932.49,5050.77,4139.43,0.83
2020-11-09,448538.85,448667.16,447545.05,447673.08,0.00,0.00,0.96
2020-11-10,447582.44,447710.48,446578.92,446706.67,0.00,0.00,0.98
2020-11-12,452299.04,452416.67,451361.10,451478.49,2646.36,1708.17,0.88
2020-11-13,451814.42,451931.92,450871.49,450988.75,2148.58,1205.41,0.89
2020-11-16,451050.32,451191.08,450097.41,450237.88,1411.60,458.40,0.91
2020-11-17,452882.74,453000.51,451955.20,452072.74,3223.00,2295.23,0.87
2020-11-18,452295.39,452413.02,451357.42,451474.80,2610.82,1672.60,0.88
2020-11-19,453377.78,453495.68,452464.36,452582.03,3705.14,2791.49,0.86
2020-11-20,454852.96,454971.25,453972.89,454090.95,5169.05,4288.75,0.83
2020-11-23,453495.22,453589.57,452594.53,452688.70,3782.14,2881.26,0.86
2020-11-24,452423.69,452541.35,451496.64,451614.06,2739.15,1811.86,0.88
2020-11-25,452321.87,452427.74,451389.39,451495.04,2635.27,1702.57,0.88
2020-11-27,454344.30,454462.46,453440.91,453558.83,4660.26,3756.63,0.84
2020-11-30,454168.60,454274.90,453259.82,453365.92,4476.60,3567.61,0.84
2020-12-01,450379.79,450496.91,449418.36,449535.24,713.57,0.00,0.92
2020-12-02,449020.32,449137.09,448029.55,448146.07,0.00,0.00,0.95
2020-12-03,450474.36,450579.80,449507.42,449612.63,768.47,0.00,0.92
2020-12-04,448054.18,448170.71,447042.75,447159.01,0.00,0.00,0.97
2020-12-07,449585.01,449701.93,448595.40,448712.06,0.00,0.00,0.94
2020-12-08,450641.56,450747.03,449669.00,449774.25,924.04,0.00,0.92
2020-12-09,449306.95,449412.11,448323.23,448428.17,0.00,0.00,0.95
2020-12-10,450841.98,450947.50,449880.22,449985.52,1124.51,162.53,0.92
2020-12-11,451802.71,451896.71,450850.83,450944.63,2060.13,1108.05,0.90
2020-12-14,451701.89,451795.87,450744.59,450838.37,1970.95,1013.44,0.90
2020-12-15,450833.12,450926.91,449860.40,449953.99,1077.29,104.37,0.92
2020-12-16,450734.70,450840.20,449756.60,449861.87,998.35,20.01,0.92
2020-12-17,449879.87,449985.17,448895.52,449000.59,143.31,0.00,0.94
2020-12-18,449297.65,449402.82,448302.99,448407.92,0.00,0.00,0.95
2020-12-21,449476.47,449581.67,448485.28,448590.25,0.00,0.00,0.95
2020-12-22,450539.68,450645.14,449563.73,449668.96,803.28,0.00,0.93
2020-12-23,449011.76,449116.85,448012.06,448116.92,0.00,0.00,0.96
2020-12-24,449984.62,450089.95,449003.82,449108.92,261.12,0.00,0.94
2020-12-28,450057.72,450186.46,449076.83,449205.30,362.87,0.00,0.94
2020-12-29,449884.36,450024.75,448898.16,449038.25,191.43,0.00,0.94
2020-12-30,450277.32,450382.71,449299.75,449404.91,574.13,0.00,0.93
2020-12-31,450467.52,450572.96,449491.66,449596.87,744.14,0.00,0.93
2021-01-04,450444.68,450550.11,449461.49,449566.69,709.63,0.00,0.93
2021-01-05,449090.91,449196.03,448089.31,448194.19,0.00,0.00,0.96
2021-01-06,444987.78,445091.93,443925.98,444029.88,0.00,0.00,1.04
2021-01-07,443094.11,443197.82,442011.48,442114.94,0.00,0.00,1.08
2021-01-08,441098.13,441201.38,439995.14,440098.12,0.00,0.00,1.13
2021-01-11,440173.52,440287.99,439066.50,439180.69,0.00,0.00,1.15
2021-01-12,440255.82,440358.86,439146.92,439249.70,0.00,0.00,1.15
2021-01-13,442440.59,442555.65,441364.42,441479.21,0.00,0.00,1.10
2021-01-14,440246.15,440349.20,439128.27,439231.05,0.00,0.00,1.15
2021-01-15,442024.25,442139.21,440921.57,441036.24,0.00,0.00,1.11
2021-01-19,442423.11,442549.68,441327.08,441453.33,0.00,0.00,1.10
2021-01-20,442416.93,442531.99,441320.85,441435.63,0.00,0.00,1.10
2021-01-21,441464.16,441567.49,440347.83,440450.90,0.00,0.00,1.12
2021-01-22,442405.90,442520.96,441300.80,441415.57,0.00,0.00,1.10
2021-01-25,444678.44,444782.52,443604.37,443708.20,0.00,0.00,1.05
2021-01-26,444598.27,444702.34,443526.10,443629.92,0.00,0.00,1.05
2021-01-27,445157.22,445261.41,444087.94,444191.88,0.00,0.00,1.04
2021-01-28,443741.09,443833.41,442653.87,442745.97,0.00,0.00,1.07
2021-01-29,441750.04,441830.47,440636.81,440717.03,0.00,0.00,1.11
2021-02-01,442782.38,442874.50,441674.81,441766.70,0.00,0.00,1.09
2021-02-02,441359.86,441451.69,440238.19,440329.78,0.00,0.00,1.12
2021-02-03,439938.10,440006.75,438791.61,438860.08,0.00,0.00,1.15
2021-02-04,439738.21,439806.83,438581.13,438649.57,0.00,0.00,1.15
2021-02-05,438031.91,438088.87,436847.10,436903.91,0.00,0.00,1.19
2021-02-08,438127.76,438184.74,436950.07,437006.89,0.00,0.00,1.19
2021-02-09,438411.60,438480.02,437236.95,437305.18,0.00,0.00,1.18
2021-02-10,439820.24,439888.87,438661.27,438729.72,0.00,0.00,1.15
2021-02-11,439257.07,439325.61,438086.38,438154.74,0.00,0.00,1.16
2021-02-12,437178.02,437234.87,435978.43,436035.13,0.00,0.00,1.20
2021-02-16,432709.30,432776.82,431462.54,431529.87,0.00,0.00,1.30
2021-02-17,432983.90,433051.47,431740.06,431807.43,0.00,0.00,1.29
2021-02-18,433087.43,433132.49,431846.98,431891.91,0.00,0.00,1.29
2021-02-19,430665.06,430732.27,429386.53,429453.53,0.00,0.00,1.34
2021-02-22,429263.17,429307.83,427962.56,428007.08,0.00,0.00,1.37
2021-02-23,429181.39,429237.21,427872.02,427927.66,0.00,0.00,1.37
2021-02-24,428346.78,428402.48,427023.19,427078.72,0.00,0.00,1.38
2021-02-25,420481.98,420547.59,419095.61,419161.01,0.00,0.00,1.54
2021-02-26,425507.61,425562.94,424210.06,424265.23,0.00,0.00,1.44
2021-03-01,425185.57,425262.97,423856.72,423933.88,0.00,0.00,1.45
2021-03-02,426545.06,426611.62,425220.19,425286.55,0.00,0.00,1.42
2021-03-03,424374.54,424451.80,423042.32,423119.34,0.00,0.00,1.47
2021-03-04,421311.23,421387.93,419949.21,420025.66,0.00,0.00,1.54
2021-03-05,420594.62,420671.19,419234.37,419310.69,0.00,0.00,1.56
2021-03-08,419170.30,419235.71,417813.74,417878.93,0.00,0.00,1.59
2021-03-09,421053.13,421129.78,419713.14,419789.55,0.00,0.00,1.55
2021-03-10,421934.07,421999.91,420593.60,420659.23,0.00,0.00,1.53
2021-03-11,421377.30,421432.09,420015.11,420069.73,0.00,0.00,1.54
2021-03-12,416607.68,416672.69,415183.75,415248.54,0.00,0.00,1.64
2021-03-15,417685.73,417750.90,416281.79,416346.75,0.00,0.00,1.62
2021-03-16,417408.74,417473.87,415987.91,416052.83,0.00,0.00,1.62
2021-03-17,417019.73,417073.96,415578.61,415632.66,0.00,0.00,1.63
2021-03-18,413842.17,413874.46,412385.34,412417.52,0.00,0.00,1.71
2021-03-19,412780.12,412812.33,411328.06,411360.16,0.00,0.00,1.74
2021-03-22,415109.00,415162.98,413692.52,413746.32,0.00,0.00,1.69
2021-03-23,417618.86,417662.31,416227.33,416270.64,0.00,0.00,1.63
2021-03-24,418325.87,418369.39,416948.39,416991.77,0.00,0.00,1.62
2021-03-25,417618.81,417662.26,416225.45,416268.75,0.00,0.00,1.63
2021-03-26,415999.62,416042.90,414591.23,414634.36,0.00,0.00,1.67
2021-03-29,413499.57,413542.59,412066.43,412109.30,0.00,0.00,1.73
2021-03-30,413633.72,413676.75,412221.27,412264.16,0.00,0.00,1.73
2021-03-31,413097.57,413151.29,411677.95,411731.49,0.00,0.00,1.74
2021-04-01,415353.05,415396.26,413972.89,414015.95,0.00,0.00,1.69
2021-04-02,413861.76,413904.81,412480.54,412523.45,0.00,0.00,1.72
2021-04-05,413648.81,413691.84,412250.54,412293.43,0.00,0.00,1.73
2021-04-06,416133.80,416177.09,414749.81,414792.96,0.00,0.00,1.67
2021-04-07,415673.54,415716.78,414274.92,414318.02,0.00,0.00,1.68
2021-04-08,417450.66,417494.09,416071.95,416115.24,0.00,0.00,1.64
2021-04-09,416308.22,416340.71,414925.53,414957.91,0.00,0.00,1.67
2021-04-12,415520.52,415563.75,414134.76,414177.84,0.00,0.00,1.69
2021-04-13,417631.24,417685.55,416255.69,416309.82,0.00,0.00,1.64
2021-04-14,417375.14,417418.56,416002.01,416045.29,0.00,0.00,1.64
2021-04-15,420983.26,421027.06,419653.89,419697.55,0.00,0.00,1.56
2021-04-16,419803.10,419846.77,418464.35,418507.88,0.00,0.00,1.59
2021-04-19,418812.45,418856.02,417458.53,417501.96,0.00,0.00,1.61
2021-04-20,420065.85,420109.55,418717.49,418761.05,0.00,0.00,1.58
2021-04-21,420421.09,420464.82,419073.66,419117.26,0.00,0.00,1.57
2021-04-22,420706.86,420750.63,419374.65,419418.28,0.00,0.00,1.57
2021-04-23,420180.14,420212.93,418847.50,418880.18,0.00,0.00,1.58
2021-04-26,420193.67,420237.38,418871.63,418915.21,0.00,0.00,1.58
2021-04-27,417951.94,417995.42,416605.52,416648.86,0.00,0.00,1.63
2021-04-28,417939.62,417983.10,416582.62,416625.96,0.00,0.00,1.63
2021-04-29,417219.51,417262.92,415853.78,415897.04,0.00,0.00,1.65
2021-04-30,417313.75,417346.31,415953.05,415985.51,0.00,0.00,1.65
2021-05-03,418187.89,418231.39,416828.43,416871.80,0.00,0.00,1.63
2021-05-04,419014.31,419057.91,417665.09,417708.54,0.00,0.00,1.61
2021-05-05,419989.87,420033.56,418647.02,418690.58,0.00,0.00,1.59
2021-05-06,420259.41,420303.13,418921.20,418964.78,0.00,0.00,1.58
2021-05-07,419508.40,419552.04,418140.13,418183.63,0.00,0.00,1.60
2021-05-10,418167.80,418211.30,416787.18,416830.54,0.00,0.00,1.63
2021-05-11,417530.37,417573.80,416133.73,416177.03,0.00,0.00,1.64
2021-05-12,415120.86,415164.04,413704.44,413747.48,0.00,0.00,1.69
2021-05-13,416269.21,416301.69,414854.90,414887.27,0.00,0.00,1.66
2021-05-14,417537.26,417569.84,416138.94,416171.41,0.00,0.00,1.63
2021-05-17,416991.33,417034.71,415585.71,415628.94,0.00,0.00,1.64
2021-05-18,417071.83,417104.37,415662.47,415694.90,0.00,0.00,1.64
2021-05-19,415299.91,415332.32,413881.26,413913.55,0.00,0.00,1.68
2021-05-20,417533.15,417565.73,416136.64,416169.11,0.00,0.00,1.63
2021-05-21,417624.07,417645.80,416234.40,416256.06,0.00,0.00,1.63
2021-05-24,418439.72,418472.37,417060.17,417092.71,0.00,0.00,1.61
2021-05-25,420776.14,420819.91,419425.98,419469.61,0.00,0.00,1.56
2021-05-26,420049.15,420092.85,418691.99,418735.54,0.00,0.00,1.58
2021-05-27,418629.96,418673.51,417258.67,417302.08,0.00,0.00,1.61
2021-05-28,419957.03,419989.79,418592.98,418625.64,0.00,0.00,1.58
2021-06-01,418168.37,418211.88,416784.19,416827.55,0.00,0.00,1.62
2021-06-02,419238.41,419282.02,417862.02,417905.49,0.00,0.00,1.59
2021-06-03,417736.83,417780.29,416359.16,416402.48,0.00,0.00,1.63
2021-06-04,420788.27,420832.05,419436.35,419479.99,0.00,0.00,1.56
2021-06-07,420341.60,420385.33,418985.53,419029.12,0.00,0.00,1.57
2021-06-08,422137.86,422181.78,420802.14,420845.92,0.00,0.00,1.53
2021-06-09,423496.68,423540.73,422175.45,422219.38,0.00,0.00,1.50
2021-06-10,425411.90,425456.16,424111.04,424155.16,0.00,0.00,1.45
2021-06-11,424592.59,424636.76,423290.11,423334.14,0.00,0.00,1.47
2021-06-14,422775.82,422830.80,421456.35,421511.16,0.00,0.00,1.51
2021-06-15,422711.07,422766.04,421391.76,421446.56,0.00,0.00,1.51
2021-06-16,420322.01,420387.60,419013.97,419079.35,0.00,0.00,1.57
2021-06-17,422619.11,422685.06,421363.98,421429.74,0.00,0.00,1.52
2021-06-18,425731.00,425797.43,424525.74,424591.98,0.00,0.00,1.45
2021-06-21,423347.91,423413.97,422094.81,422160.68,0.00,0.00,1.50
2021-06-22,424247.99,424314.20,423001.62,423067.63,0.00,0.00,1.48
2021-06-23,423437.75,423492.81,422189.72,422244.62,0.00,0.00,1.50
2021-06-24,423737.91,423793.01,422499.80,422554.74,0.00,0.00,1.49
2021-06-25,421546.88,421612.66,420273.20,420338.78,0.00,0.00,1.54
2021-06-28,423713.91,423780.03,422468.77,422534.69,0.00,0.00,1.49
2021-06-29,423894.10,423960.25,422650.38,422716.33,0.00,0.00,1.49
2021-06-30,425527.00,425593.40,424300.87,424367.08,0.00,0.00,1.45
2021-07-01,424360.40,424415.59,423129.77,423184.79,0.00,0.00,1.48
2021-07-02,426152.00,426207.42,424933.40,424988.66,0.00,0.00,1.44
2021-07-06,429166.37,429233.34,427978.74,428045.53,0.00,0.00,1.37
2021-07-07,431092.62,431148.68,429931.51,429987.42,0.00,0.00,1.33
2021-07-08,432480.10,432547.59,431328.79,431396.09,0.00,0.00,1.30
2021-07-09,429351.59,429407.42,428163.63,428219.31,0.00,0.00,1.37
2021-07-12,428794.56,428861.47,427598.84,427665.57,0.00,0.00,1.38
2021-07-13,427147.02,427213.67,425937.06,426003.52,0.00,0.00,1.42
2021-07-14,429431.30,429487.15,428243.27,428298.96,0.00,0.00,1.37
2021-07-15,432018.20,432074.38,430867.87,430923.90,0.00,0.00,1.31
2021-07-16,431839.95,431896.11,430688.14,430744.15,0.00,0.00,1.31
2021-07-19,437311.79,437380.03,436221.81,436289.88,0.00,0.00,1.19
2021-07-20,435610.56,435678.54,434482.27,434550.07,0.00,0.00,1.23
2021-07-21,432276.33,432332.54,431107.57,431163.63,0.00,0.00,1.30
2021-07-22,433856.17,433912.58,432711.30,432767.57,0.00,0.00,1.27
2021-07-23,432558.82,432615.07,431394.95,431451.05,0.00,0.00,1.30
2021-07-26,432835.11,432902.65,431676.04,431743.40,0.00,0.00,1.29
2021-07-27,434598.35,434654.86,433462.84,433519.20,0.00,0.00,1.25
2021-07-28,434116.02,434172.48,432968.87,433025.17,0.00,0.00,1.26
2021-07-29,433209.47,433265.81,432058.58,432114.76,0.00,0.00,1.28
2021-07-30,434967.71,435024.27,433829.70,433886.11,0.00,0.00,1.24
2021-08-02,436823.26,436891.42,435705.30,435773.29,0.00,0.00,1.20
2021-08-03,437292.12,437360.36,436178.77,436246.84,0.00,0.00,1.19
2021-08-04,437396.94,437453.82,436299.59,436356.33,0.00,0.00,1.19
2021-08-05,435553.13,435621.10,434446.40,434514.20,0.00,0.00,1.23
2021-08-06,432020.91,432088.32,430868.77,430936.01,0.00,0.00,1.31
2021-08-09,431100.07,431167.34,429939.00,430006.09,0.00,0.00,1.33
2021-08-10,429728.56,429784.44,428554.19,428609.92,0.00,0.00,1.36
2021-08-11,430085.93,430153.04,428910.79,428977.72,0.00,0.00,1.35
2021-08-12,429448.44,429515.45,428267.41,428334.24,0.00,0.00,1.36
2021-08-13,432501.62,432557.86,431360.99,431417.09,0.00,0.00,1.29
2021-08-16,433971.50,434027.93,432840.70,432896.99,0.00,0.00,1.26
2021-08-17,433884.39,433952.10,432759.10,432826.63,0.00,0.00,1.26
2021-08-18,433315.34,433371.69,432182.10,432238.30,0.00,0.00,1.27
2021-08-19,434717.18,434773.71,433608.25,433664.63,0.00,0.00,1.24
2021-08-20,434079.09,434135.54,432976.70,433033.00,0.00,0.00,1.26
2021-08-23,434452.05,434519.84,433347.20,433414.82,0.00,0.00,1.25
2021-08-24,432688.64,432744.91,431560.20,431616.32,0.00,0.00,1.29
2021-08-25,430110.17,430177.29,428954.57,429021.51,0.00,0.00,1.35
2021-08-26,430487.03,430554.21,429339.57,429406.57,0.00,0.00,1.34
2021-08-27,431945.96,432002.13,430806.39,430862.41,0.00,0.00,1.31
2021-08-30,432868.50,432924.79,431737.92,431794.06,0.00,0.00,1.29
2021-08-31,432217.31,432284.76,431070.03,431137.30,0.00,0.00,1.30
2021-09-01,432031.09,432098.51,430887.83,430955.07,0.00,0.00,1.31
2021-09-02,432770.12,432837.65,431636.15,431703.50,0.00,0.00,1.29
2021-09-03,431101.27,431157.33,429938.38,429994.29,0.00,0.00,1.33
2021-09-07,428908.63,428975.56,427726.95,427793.69,0.00,0.00,1.38
2021-09-08,430271.55,430338.69,429106.72,429173.68,0.00,0.00,1.35
2021-09-09,432409.64,432465.87,431276.39,431332.47,0.00,0.00,1.30
2021-09-10,430388.10,430455.26,429237.35,429304.33,0.00,0.00,1.35
2021-09-13,431318.61,431385.92,430185.65,430252.78,0.00,0.00,1.33
2021-09-14,433534.86,433591.23,432431.72,432487.96,0.00,0.00,1.28
2021-09-15,432246.87,432303.08,431133.56,431189.62,0.00,0.00,1.31
2021-09-16,430870.69,430926.72,429743.92,429799.80,0.00,0.00,1.34
2021-09-17,429503.32,429559.17,428372.00,428427.71,0.00,0.00,1.37
2021-09-20,432183.47,432239.67,431082.76,431138.81,0.00,0.00,1.31
2021-09-21,431343.98,431388.85,430230.57,430275.32,0.00,0.00,1.33
2021-09-22,431912.46,431968.63,430821.21,430877.24,0.00,0.00,1.32
2021-09-23,427793.17,427837.67,426659.95,426704.34,0.00,0.00,1.41
2021-09-24,425060.55,425115.82,423888.68,423943.80,0.00,0.00,1.47
2021-09-27,424460.10,424515.29,423287.71,423342.76,0.00,0.00,1.48
2021-09-28,421803.67,421869.49,420592.98,420658.61,0.00,0.00,1.54
2021-09-29,421342.23,421397.02,420116.74,420171.37,0.00,0.00,1.55
2021-09-30,422519.68,422574.63,421303.80,421358.59,0.00,0.00,1.52
2021-10-01,424383.98,424439.17,423174.55,423229.58,0.00,0.00,1.48
2021-10-04,424028.47,424094.64,422821.64,422887.62,0.00,0.00,1.49
2021-10-05,421780.58,421846.40,420548.79,420614.42,0.00,0.00,1.54
2021-10-06,422247.71,422313.60,421030.76,421096.46,0.00,0.00,1.53
2021-10-07,419991.26,420056.80,418742.57,418807.92,0.00,0.00,1.58
2021-10-08,418648.49,418724.70,417387.21,417463.20,0.00,0.00,1.61
2021-10-12,419769.94,419835.44,418550.03,418615.34,0.00,0.00,1.59
2021-10-13,421147.94,421213.66,419961.82,420027.35,0.00,0.00,1.56
2021-10-14,422844.87,422910.86,421670.78,421736.58,0.00,0.00,1.52
2021-10-15,419831.59,419897.11,418641.47,418706.80,0.00,0.00,1.59
2021-10-18,420034.06,420099.60,418866.31,418931.67,0.00,0.00,1.59
2021-10-19,417325.51,417390.63,416109.71,416174.64,0.00,0.00,1.65
2021-10-20,417211.39,417276.49,415981.85,416046.76,0.00,0.00,1.65
2021-10-21,415855.50,415920.39,414636.35,414701.05,0.00,0.00,1.68
2021-10-22,417012.14,417088.06,415811.24,415886.93,0.00,0.00,1.66
2021-10-25,417616.59,417681.76,416407.21,416472.19,0.00,0.00,1.64
2021-10-26,418338.89,418404.17,417152.33,417217.43,0.00,0.00,1.63
2021-10-27,422153.28,422230.13,421026.59,421103.24,0.00,0.00,1.54
2021-10-28,420620.06,420685.69,419468.58,419534.04,0.00,0.00,1.57
2021-10-29,421159.90,421236.58,420014.15,420090.61,0.00,0.00,1.55
2021-11-01,419908.46,419973.98,418746.26,418811.61,0.00,0.00,1.58
2021-11-02,421136.97,421213.64,419984.32,420060.78,0.00,0.00,1.56
2021-11-03,419356.03,419432.38,418186.35,418262.48,0.00,0.00,1.60
2021-11-04,422441.41,422518.32,421284.14,421360.84,0.00,0.00,1.53
2021-11-05,425971.46,426049.01,424854.41,424931.75,0.00,0.00,1.45
2021-11-08,423402.60,423479.68,422283.80,422360.68,0.00,0.00,1.51
2021-11-09,425727.13,425793.56,424628.27,424694.53,0.00,0.00,1.46
2021-11-10,421004.33,421080.97,419876.55,419952.99,0.00,0.00,1.56
2021-11-12,420027.10,420103.57,418883.97,418960.23,0.00,0.00,1.58
2021-11-15,417793.84,417859.03,416617.33,416682.34,0.00,0.00,1.63
2021-11-16,417621.25,417697.28,416443.37,416519.19,0.00,0.00,1.63
2021-11-17,418858.15,418923.51,417687.88,417753.06,0.00,0.00,1.60
2021-11-18,419571.11,419636.58,418411.51,418476.80,0.00,0.00,1.59
2021-11-19,421666.50,421732.30,420547.82,420613.44,0.00,0.00,1.54
2021-11-22,417692.74,417768.78,416546.15,416621.99,0.00,0.00,1.63
2021-11-23,415910.67,415986.39,414733.41,414808.91,0.00,0.00,1.67
2021-11-24,417205.24,417313.74,416063.25,416171.46,0.00,0.00,1.64
2021-11-26,424283.04,424393.38,423192.28,423302.33,0.00,0.00,1.48
2021-11-29,422645.42,422755.33,421529.97,421639.60,0.00,0.00,1.52
2021-11-30,426368.78,426479.67,425302.07,425412.68,0.00,0.00,1.43
2021-12-01,426552.66,426663.59,425490.97,425601.63,0.00,0.00,1.43
2021-12-02,425751.89,425851.54,424688.10,424787.50,0.00,0.00,1.44
2021-12-03,429928.12,430028.75,428911.36,429011.75,0.00,0.00,1.35
2021-12-06,426321.99,426455.03,425276.49,425409.20,0.00,0.00,1.43
2021-12-07,424187.28,424352.74,423124.88,423289.93,0.00,0.00,1.48
2021-12-08,422526.39,422669.23,421430.59,421573.06,0.00,0.00,1.52
2021-12-09,423699.50,423831.73,422617.05,422748.93,0.00,0.00,1.49
2021-12-10,423973.29,424116.63,422891.99,423034.96,0.00,0.00,1.48
2021-12-13,426497.57,426619.57,425442.91,425564.61,0.00,0.00,1.42
2021-12-14,425695.94,425839.85,424637.56,424781.12,0.00,0.00,1.44
2021-12-15,424253.74,424397.17,423177.10,423320.16,0.00,0.00,1.47
2021-12-16,425541.88,425685.74,424450.41,424593.90,0.00,0.00,1.44
2021-12-17,426918.85,427063.18,425851.12,425995.08,0.00,0.00,1.41
2021-12-20,426076.68,426253.96,424985.97,425162.80,0.00,0.00,1.43
2021-12-21,424033.46,424209.89,422941.55,423117.53,0.00,0.00,1.48
2021-12-22,424948.81,425125.62,423874.38,424050.74,0.00,0.00,1.46
2021-12-23,423142.71,423340.77,422040.35,422237.90,0.00,0.00,1.50
2021-12-27,423964.41,424195.92,422877.90,423108.82,0.00,0.00,1.48
2021-12-28,423497.16,423717.41,422399.33,422619.01,0.00,0.00,1.49
2021-12-29,420821.72,421029.63,419691.01,419898.36,0.00,0.00,1.55
2021-12-30,422157.52,422366.09,421041.45,421249.47,0.00,0.00,1.52
2021-12-31,422444.50,422653.22,421341.89,421550.07,0.00,0.00,1.52
2022-01-03,417553.58,417792.45,416404.00,416642.21,0.00,0.00,1.63
2022-01-04,416112.55,416350.59,414933.25,415170.62,0.00,0.00,1.66
2022-01-05,414215.32,414452.28,413032.00,413268.28,0.00,0.00,1.71
2022-01-06,413393.03,413640.26,412218.66,412465.19,0.00,0.00,1.73
2022-01-07,412079.08,412336.23,410892.37,411148.79,0.00,0.00,1.76
2022-01-10,411408.78,411708.29,410225.54,410524.19,0.00,0.00,1.78
2022-01-11,412555.32,412855.67,411383.04,411682.53,0.00,0.00,1.75
2022-01-12,412975.00,413264.92,411799.98,412089.08,0.00,0.00,1.74
2022-01-13,414552.58,414854.38,413392.74,413693.70,0.00,0.00,1.70
2022-01-14,411083.35,411404.00,409890.63,410210.35,0.00,0.00,1.78
2022-01-18,407417.80,407809.71,406207.15,406597.90,0.00,0.00,1.87
2022-01-19,409138.19,409521.12,407945.33,408327.14,0.00,0.00,1.83
2022-01-20,409314.69,409697.79,408124.86,408506.84,0.00,0.00,1.83
2022-01-21,412517.52,412892.89,411352.32,411726.63,0.00,0.00,1.75
2022-01-24,412395.59,412813.72,411216.86,411633.80,0.00,0.00,1.75
2022-01-25,411030.07,411446.81,409840.97,410256.51,0.00,0.00,1.78
2022-01-26,408236.75,408661.26,407041.14,407464.42,0.00,0.00,1.85
2022-01-27,410005.43,410463.74,408839.64,409296.66,0.00,0.00,1.81
2022-01-28,411370.95,411830.80,410212.10,410670.65,0.00,0.00,1.78
2022-01-31,410761.28,411284.48,409588.48,410110.18,0.00,0.00,1.79
2022-02-01,409965.89,410477.42,408781.35,409291.41,0.00,0.00,1.81
2022-02-02,411100.96,411581.87,409925.58,410405.11,0.00,0.00,1.78
2022-02-03,409463.11,409974.01,408279.84,408789.26,0.00,0.00,1.82
2022-02-04,404897.37,405486.72,403683.49,404271.07,0.00,0.00,1.93
2022-02-07,405396.27,406007.41,404182.75,404792.06,0.00,0.00,1.92
2022-02-08,403726.88,404345.99,402506.04,403123.27,0.00,0.00,1.96
2022-02-09,404328.97,404928.00,403113.26,403710.49,0.00,0.00,1.94
2022-02-10,400754.92,401525.57,399530.72,400299.02,0.00,0.00,2.03
2022-02-11,405017.34,405764.64,403815.16,404560.24,0.00,0.00,1.92
2022-02-14,402599.20,403394.30,401378.27,402170.96,0.00,0.00,1.98
2022-02-15,399774.08,400522.09,398517.28,399262.93,0.00,0.00,2.05
2022-02-16,400754.94,401452.75,399505.38,400201.02,0.00,0.00,2.03
2022-02-17,403095.85,403776.80,401861.62,402540.49,0.00,0.00,1.97
2022-02-18,405145.44,405829.86,403936.13,404618.50,0.00,0.00,1.92
2022-02-22,404355.84,405122.92,403147.03,403911.82,0.00,0.00,1.94
2022-02-23,402244.21,403017.72,401014.12,401785.28,0.00,0.00,1.99
2022-02-24,403294.38,403975.67,402056.24,402735.44,0.00,0.00,1.96
2022-02-25,402812.40,403555.64,401573.93,402314.88,0.00,0.00,1.97
2022-02-28,408639.27,409372.03,407442.91,408173.53,0.00,0.00,1.83
2022-03-01,413119.53,413763.77,411930.75,412573.14,0.00,0.00,1.72
2022-03-02,407079.96,407799.35,405850.17,406567.39,0.00,0.00,1.86
2022-03-03,407165.61,407895.73,405933.94,406661.86,0.00,0.00,1.86
2022-03-04,412050.27,412789.15,410857.33,411594.07,0.00,0.00,1.74
2022-03-07,409932.84,410731.79,408722.90,409519.48,0.00,0.00,1.78
2022-03-08,406799.72,407560.87,405574.14,406333.00,0.00,0.00,1.86
2022-03-09,403838.39,404625.46,402597.15,403381.80,0.00,0.00,1.94
2022-03-10,401748.08,402531.07,400482.28,401262.80,0.00,0.00,1.98
2022-03-11,401022.96,401835.78,399764.33,400574.59,0.00,0.00,2.00
2022-03-14,395412.90,396296.45,394117.40,394998.06,0.00,0.00,2.14
2022-03-15,395063.20,395945.97,393760.43,394640.29,0.00,0.00,2.15
2022-03-16,393761.51,394641.38,392477.92,393354.92,0.00,0.00,2.19
2022-03-17,393146.69,393974.16,391840.05,392664.77,0.00,0.00,2.20
2022-03-18,395666.85,396520.17,394394.06,395244.63,0.00,0.00,2.14
2022-03-21,388633.66,389592.85,387317.03,388272.97,0.00,0.00,2.32
2022-03-22,386400.26,387363.96,385071.43,386031.81,0.00,0.00,2.38
2022-03-23,388737.79,389677.06,387434.02,388370.13,0.00,0.00,2.32
2022-03-24,388284.90,389253.30,386994.19,387959.37,0.00,0.00,2.34
2022-03-25,382776.68,383781.00,381462.14,382463.02,0.00,0.00,2.48
2022-03-28,383548.80,384624.81,382244.67,383317.02,0.00,0.00,2.46
2022-03-29,385477.36,386538.78,384186.26,385244.13,0.00,0.00,2.41
2022-03-30,387859.88,388907.74,386585.47,387629.88,0.00,0.00,2.35
2022-03-31,389146.18,390217.70,387888.99,388957.05,0.00,0.00,2.32
2022-04-01,386718.38,387813.32,385478.90,386570.33,0.00,0.00,2.39
2022-04-04,385484.31,386625.75,384224.33,385362.04,0.00,0.00,2.42
2022-04-05,380820.22,381937.97,379530.58,380644.54,0.00,0.00,2.54
2022-04-06,378223.06,379352.81,376894.05,378019.82,0.00,0.00,2.61
2022-04-07,376213.36,377337.11,374852.95,375972.63,0.00,0.00,2.66
2022-04-08,373814.66,374970.02,372429.65,373580.73,0.00,0.00,2.72
2022-04-11,371116.17,372301.69,369693.62,370874.59,0.00,0.00,2.79
2022-04-12,373671.37,374835.98,372236.62,373396.76,0.00,0.00,2.72
2022-04-13,374448.92,375615.95,373024.03,374186.63,0.00,0.00,2.70
2022-04-14,369519.53,370719.11,368056.90,369251.74,0.00,0.00,2.83
2022-04-18,368725.81,369941.95,367247.25,368458.51,0.00,0.00,2.85
2022-04-19,365702.78,366918.43,364213.58,365424.28,0.00,0.00,2.93
2022-04-20,368968.03,370204.10,367525.60,368756.83,0.00,0.00,2.85
2022-04-21,366996.93,368254.94,365555.00,366808.06,0.00,0.00,2.90
2022-04-22,366912.97,368189.72,365457.03,366728.71,0.00,0.00,2.90
2022-04-25,370310.58,371675.95,368875.45,370235.53,0.00,0.00,2.81
2022-04-26,371789.98,373141.52,370359.95,371706.30,0.00,0.00,2.77
2022-04-27,369927.35,371262.54,368474.44,369804.38,0.00,0.00,2.82
2022-04-28,368825.60,370147.25,367372.59,368689.03,0.00,0.00,2.85
2022-04-29,367211.50,368555.93,365752.68,367091.76,0.00,0.00,2.89
2022-05-02,363247.57,364652.81,361747.31,363146.74,0.00,0.00,2.99
2022-05-03,364226.77,365598.03,362750.76,364116.46,0.00,0.00,2.97
2022-05-04,365461.10,366827.54,363969.94,365330.80,0.00,0.00,2.93
2022-05-05,360877.32,362161.13,359330.64,360608.95,0.00,0.00,3.05
2022-05-06,358226.53,359538.06,356649.71,357955.46,0.00,0.00,3.12
2022-05-09,360725.44,362064.82,359150.60,360484.13,0.00,0.00,3.05
2022-05-10,363039.97,364397.35,361492.55,362844.15,0.00,0.00,2.99
2022-05-11,365762.38,367120.46,364245.97,365598.42,0.00,0.00,2.91
2022-05-12,368126.63,369503.03,366610.95,367981.68,0.00,0.00,2.84
2022-05-13,364622.31,366013.96,363072.74,364458.47,0.00,0.00,2.93
2022-05-16,366336.05,367800.70,364785.11,366243.56,0.00,0.00,2.88
2022-05-17,362883.48,364362.53,361326.15,362798.86,0.00,0.00,2.98
2022-05-18,366552.39,368036.90,365039.01,366517.39,0.00,0.00,2.89
2022-05-19,367953.30,369405.34,366435.39,367881.45,0.00,0.00,2.84
2022-05-20,370266.37,371717.95,368777.00,370222.73,0.00,0.00,2.78
2022-05-23,367130.32,368626.68,365611.30,367101.48,0.00,0.00,2.86
2022-05-24,370900.40,372373.68,369409.81,370877.18,0.00,0.00,2.76
2022-05-25,371549.00,373015.23,370053.92,371514.25,0.00,0.00,2.75
2022-05-26,371268.89,372734.02,369752.45,371211.59,0.00,0.00,2.75
2022-05-27,371625.83,373111.62,370124.05,371603.85,0.00,0.00,2.74
2022-05-31,367319.13,368882.88,365776.61,367333.80,0.00,0.00,2.85
2022-06-01,364335.02,365876.63,362801.28,364336.40,0.00,0.00,2.94
2022-06-02,365073.13,366627.33,363539.26,365086.92,0.00,0.00,2.92
2022-06-03,363651.51,365237.34,362108.14,363687.24,0.00,0.00,2.96
2022-06-06,360664.79,362293.64,359097.28,360719.06,0.00,0.00,3.04
2022-06-07,362877.56,364525.81,361333.12,362974.35,0.00,0.00,2.98
2022-06-08,361062.76,362721.47,359499.79,361151.32,0.00,0.00,3.03
2022-06-09,360751.83,362446.48,359196.81,360884.16,0.00,0.00,3.04
2022-06-10,357006.77,358840.97,355465.18,357291.47,0.00,0.00,3.15
2022-06-13,347359.32,349386.66,345765.48,347783.52,0.00,0.00,3.43
2022-06-14,345356.03,347532.47,343754.31,345920.66,0.00,0.00,3.49
2022-06-15,350587.39,352697.06,348976.31,351076.28,0.00,0.00,3.33
2022-06-16,352278.77,354325.71,350688.65,352726.35,0.00,0.00,3.28
2022-06-17,353428.86,355491.63,351856.42,353910.01,0.00,0.00,3.25
2022-06-21,351131.57,353371.65,349528.71,351758.56,0.00,0.00,3.31
2022-06-22,356474.01,358692.86,354908.28,357117.39,0.00,0.00,3.16
2022-06-23,358857.21,361128.01,357295.68,359556.60,0.00,0.00,3.09
2022-06-24,357270.26,359595.68,355686.55,358001.67,0.00,0.00,3.13
2022-06-27,354821.58,357176.94,353226.41,355571.17,0.00,0.00,3.20
2022-06-28,354906.80,357253.54,353317.48,355653.71,0.00,0.00,3.20
2022-06-29,358511.31,360881.89,356946.75,359306.99,0.00,0.00,3.10
2022-06-30,362663.55,365024.08,361112.53,363462.96,0.00,0.00,2.98
2022-07-01,365937.48,368328.78,364377.79,366758.90,0.00,0.00,2.88
2022-07-05,368002.13,370473.51,366454.02,368915.01,0.00,0.00,2.82
2022-07-06,363841.42,366313.08,362266.15,364727.10,0.00,0.00,2.93
2022-07-07,361262.11,363734.92,359686.16,362148.18,0.00,0.00,3.01
2022-07-08,358262.85,360752.17,356665.06,359143.28,0.00,0.00,3.09
2022-07-11,362005.84,364624.06,360440.79,363047.70,0.00,0.00,2.99
2022-07-12,363508.24,366127.94,361959.92,364568.46,0.00,0.00,2.96
2022-07-13,365000.09,367800.26,363470.74,366259.18,0.00,0.00,2.91
2022-07-14,363434.32,366194.32,361905.59,364653.98,0.00,0.00,2.96
2022-07-15,364413.74,367190.59,362894.91,365660.19,0.00,0.00,2.93
2022-07-18,363179.80,366022.28,361638.03,364468.45,0.00,0.00,2.96
2022-07-19,361449.47,364315.74,359907.87,362761.92,0.00,0.00,3.01
2022-07-20,360440.68,363280.33,358902.19,361729.73,0.00,0.00,3.04
2022-07-21,365174.50,368013.73,363648.98,366476.36,0.00,0.00,2.91
2022-07-22,370123.36,372972.39,368625.69,371463.19,0.00,0.00,2.77
2022-07-25,368530.83,371453.26,367012.83,369923.21,0.00,0.00,2.81
2022-07-26,368695.81,371571.94,367180.30,370044.61,0.00,0.00,2.81
2022-07-27,369754.57,372562.57,368229.55,371025.97,0.00,0.00,2.78
2022-07-28,373227.19,376032.64,371690.54,374484.44,0.00,0.00,2.68
2022-07-29,373683.08,376501.60,372165.53,374972.61,0.00,0.00,2.67
2022-08-01,376455.42,379343.47,374971.85,377848.52,0.00,0.00,2.60
2022-08-02,370953.28,373837.44,369455.42,372327.94,0.00,0.00,2.75
2022-08-03,371942.33,374834.18,370470.84,373351.25,0.00,0.00,2.73
2022-08-04,373772.28,376659.05,372289.97,375165.30,0.00,0.00,2.68
2022-08-05,368189.02,371146.76,366687.16,369632.83,0.00,0.00,2.83
2022-08-08,370398.22,373421.52,368910.88,371922.04,0.00,0.00,2.77
2022-08-09,369306.64,372330.56,367820.80,370832.56,0.00,0.00,2.80
2022-08-10,369668.90,372667.16,368162.36,371148.40,0.00,0.00,2.78
2022-08-11,366113.69,369035.85,364562.08,367471.86,0.00,0.00,2.87
2022-08-12,367303.71,370282.79,365770.75,368737.39,0.00,0.00,2.84
2022-08-15,369091.89,372085.48,367562.27,370543.44,0.00,0.00,2.79
2022-08-16,368162.48,371139.02,366640.09,369604.32,0.00,0.00,2.82
2022-08-17,365485.86,368469.06,363953.07,366923.76,0.00,0.00,2.89
2022-08-18,365974.92,368933.78,364446.22,367392.72,0.00,0.00,2.88
2022-08-19,362345.51,365312.44,360787.31,363741.47,0.00,0.00,2.98
2022-08-22,360544.92,363562.25,358979.42,361983.65,0.00,0.00,3.03
2022-08-23,359857.13,362850.13,358288.50,361268.45,0.00,0.00,3.05
2022-08-24,357656.96,360696.27,356064.25,359090.03,0.00,0.00,3.11
2022-08-25,360702.08,363739.34,359135.78,362159.85,0.00,0.00,3.03
2022-08-26,360557.05,363602.39,359015.09,362047.41,0.00,0.00,3.04
2022-08-29,357826.34,360904.03,356265.85,359330.12,0.00,0.00,3.12
2022-08-30,358105.93,361176.78,356553.55,359611.10,0.00,0.00,3.11
2022-08-31,356665.79,359733.50,355098.39,358152.61,0.00,0.00,3.15
2022-09-01,352650.52,355701.89,351048.42,354085.93,0.00,0.00,3.26
2022-09-02,354593.83,357652.86,352989.61,356034.81,0.00,0.00,3.20
2022-09-06,349969.01,353051.36,348326.38,351394.26,0.00,0.00,3.33
2022-09-07,352209.90,355330.15,350588.18,353694.07,0.00,0.00,3.27
2022-09-08,351505.98,354638.14,349878.59,352996.25,0.00,0.00,3.29
2022-09-09,350213.90,353406.81,348588.65,351766.75,0.00,0.00,3.33
2022-09-12,348732.26,351947.65,347086.88,350287.09,0.00,0.00,3.37
2022-09-13,347388.55,350761.73,345769.06,349126.52,0.00,0.00,3.42
2022-09-14,347869.73,351256.55,346261.67,349632.84,0.00,0.00,3.41
2022-09-15,346475.48,349866.59,344873.33,348248.76,0.00,0.00,3.45
2022-09-16,346291.71,349672.09,344661.28,348025.75,0.00,0.00,3.45
2022-09-19,345308.13,348767.92,343699.86,347143.54,0.00,0.00,3.49
2022-09-20,342679.45,346104.07,341053.20,344461.56,0.00,0.00,3.57
2022-09-21,345081.34,348529.96,343498.74,346931.55,0.00,0.00,3.51
2022-09-22,338591.74,341984.23,336964.02,340340.21,0.00,0.00,3.70
2022-09-23,339087.57,342467.55,337483.04,340847.03,0.00,0.00,3.69
2022-09-26,332864.00,336267.73,331234.97,334622.04,0.00,0.00,3.88
2022-09-27,329452.52,332787.41,327775.40,331093.31,0.00,0.00,3.97
2022-09-28,337567.38,340949.61,335903.27,339268.83,0.00,0.00,3.72
2022-09-29,336280.76,339650.10,334621.19,337973.90,0.00,0.00,3.76
2022-09-30,333776.01,337163.26,332098.23,335468.45,0.00,0.00,3.83
2022-10-03,338750.35,342231.73,337076.83,340541.01,0.00,0.00,3.67
2022-10-04,340556.72,344065.44,338892.58,342384.14,0.00,0.00,3.62
2022-10-05,336006.73,339485.88,334320.17,337781.86,0.00,0.00,3.76
2022-10-06,333899.36,337391.10,332216.28,335690.41,0.00,0.00,3.83
2022-10-07,331883.07,335396.47,330197.32,333692.88,0.00,0.00,3.89
2022-10-11,330391.41,333957.09,328680.23,332227.44,0.00,0.00,3.93
2022-10-12,331038.21,334602.35,329326.05,332871.75,0.00,0.00,3.91
2022-10-13,328980.70,332641.28,327257.82,330899.23,0.00,0.00,3.97
2022-10-14,328085.91,331744.98,326367.16,330007.06,0.00,0.00,4.00
2022-10-17,327409.27,331119.80,325673.81,329364.66,0.00,0.00,4.02
2022-10-18,327908.91,331633.53,326173.05,329877.96,0.00,0.00,4.01
2022-10-19,323745.50,327472.83,321990.61,325697.73,0.00,0.00,4.14
2022-10-20,320573.46,324289.02,318799.91,322494.92,0.00,0.00,4.24
2022-10-21,320918.28,324596.54,319092.04,322749.37,0.00,0.00,4.21
2022-10-24,319565.97,323302.75,317722.41,321437.63,0.00,0.00,4.25
2022-10-25,324403.72,328180.37,322597.07,326352.69,0.00,0.00,4.10
2022-10-26,326415.82,330190.70,324630.10,328384.32,0.00,0.00,4.04
2022-10-27,329034.56,332814.32,327249.60,331008.85,0.00,0.00,3.96
2022-10-28,326934.10,330748.62,325146.64,328940.31,0.00,0.00,4.02
2022-10-31,324465.23,328301.04,322667.21,326481.77,0.00,0.00,4.10
2022-11-01,325668.34,329526.76,323902.56,327740.06,0.00,0.00,4.07
2022-11-02,324694.70,328533.22,322916.12,326733.62,0.00,0.00,4.10
2022-11-03,323566.18,327391.36,321796.60,325600.86,0.00,0.00,4.14
2022-11-04,322349.09,326143.29,320543.03,324315.97,0.00,0.00,4.17
2022-11-07,320666.61,324498.76,318847.08,322657.49,0.00,0.00,4.22
2022-11-08,323321.00,327168.24,321517.38,325343.16,0.00,0.00,4.14
2022-11-09,323551.14,327392.79,321729.74,325549.77,0.00,0.00,4.12
2022-11-10,333235.44,337132.06,331463.36,335339.25,0.00,0.00,3.82
2022-11-14,331378.65,335279.14,329598.51,333478.05,0.00,0.00,3.88
2022-11-15,334038.46,337961.66,332280.97,336183.53,0.00,0.00,3.80
2022-11-16,338764.51,342743.21,337063.54,341022.27,0.00,0.00,3.67
2022-11-17,335577.63,339544.81,333863.58,337810.50,0.00,0.00,3.77
2022-11-18,334062.14,338045.78,332345.15,336308.32,0.00,0.00,3.82
2022-11-21,333674.63,337687.99,331952.33,335944.97,0.00,0.00,3.83
2022-11-22,336296.69,340367.53,334602.47,338652.81,0.00,0.00,3.76
2022-11-23,338247.57,342333.33,336578.14,340643.73,0.00,0.00,3.71
2022-11-25,339041.17,343136.51,337367.27,341442.40,0.00,0.00,3.68
2022-11-28,338739.19,342874.46,337071.65,341186.56,0.00,0.00,3.69
2022-11-29,336784.00,340895.40,335100.42,339191.26,0.00,0.00,3.75
2022-11-30,338857.47,342976.75,337163.32,341262.00,0.00,0.00,3.68
2022-12-01,343991.05,348128.49,342339.51,346457.09,0.00,0.00,3.53
2022-12-02,344984.29,349133.68,343357.87,347487.70,0.00,0.00,3.51
2022-12-05,342109.64,346294.85,340485.26,344650.59,0.00,0.00,3.60
2022-12-06,345050.46,349280.52,343446.83,347657.23,0.00,0.00,3.51
2022-12-07,348417.09,352670.50,346841.59,351075.77,0.00,0.00,3.42
2022-12-08,346222.08,350439.79,344644.30,348842.79,0.00,0.00,3.48
2022-12-09,343032.02,347219.69,341408.58,345576.43,0.00,0.00,3.57
2022-12-12,341806.46,346031.92,340182.14,344387.51,0.00,0.00,3.61
2022-12-13,345398.15,349596.94,343789.17,347968.40,0.00,0.00,3.51
2022-12-14,345890.80,350077.78,344280.79,348448.28,0.00,0.00,3.49
2022-12-15,347596.05,351821.55,346007.86,350214.06,0.00,0.00,3.44
2022-12-16,346211.81,350402.68,344601.53,348772.90,0.00,0.00,3.48
2022-12-19,343058.78,347237.95,341424.25,345583.51,0.00,0.00,3.57
2022-12-20,338877.92,342997.44,337205.82,341305.02,0.00,0.00,3.69
2022-12-21,339195.97,343293.19,337526.57,341603.62,0.00,0.00,3.68
2022-12-22,339599.23,343692.59,337941.29,342014.66,0.00,0.00,3.67
2022-12-23,336959.18,341029.38,335275.50,339325.36,0.00,0.00,3.75
2022-12-27,333674.99,337782.76,331961.10,336047.77,0.00,0.00,3.84
2022-12-28,332362.45,336445.52,330641.39,334703.31,0.00,0.00,3.88
2022-12-29,334073.00,338159.89,332361.27,336427.23,0.00,0.00,3.83
2022-12-30,332401.05,336493.14,330676.97,334747.83,0.00,0.00,3.88
2023-01-03,335317.69,339454.31,333621.45,337737.14,0.00,0.00,3.79
2023-01-04,338688.91,342867.12,337015.37,341172.92,0.00,0.00,3.69
2023-01-05,338245.55,342453.07,336585.23,340772.11,0.00,0.00,3.71
2023-01-06,343561.96,347817.95,341914.15,346149.72,0.00,0.00,3.55
2023-01-09,344222.39,348521.97,342572.45,346851.42,0.00,0.00,3.53
2023-01-10,341445.72,345728.18,339769.87,344031.31,0.00,0.00,3.61
2023-01-11,343850.80,348154.58,342196.72,346479.79,0.00,0.00,3.54
2023-01-12,347827.07,352109.06,346195.91,350457.82,0.00,0.00,3.43
2023-01-13,345687.54,349952.08,344043.33,348287.59,0.00,0.00,3.49
2023-01-17,344494.75,348788.87,342838.34,347111.81,0.00,0.00,3.53
2023-01-18,350221.68,354560.17,348605.51,352923.98,0.00,0.00,3.37
2023-01-19,349310.84,353638.05,347687.25,351994.34,0.00,0.00,3.39
2023-01-20,346245.23,350543.37,344597.80,348875.48,0.00,0.00,3.48
2023-01-23,344879.55,349178.47,343228.82,347507.16,0.00,0.00,3.52
2023-01-24,346974.62,351317.50,345352.60,349675.18,0.00,0.00,3.46
2023-01-25,346928.90,351226.60,345294.68,349572.14,0.00,0.00,3.46
2023-01-26,346046.83,350333.60,344414.26,348680.81,0.00,0.00,3.49
2023-01-27,345008.62,349300.27,343375.52,347646.86,0.00,0.00,3.52
2023-01-30,344014.92,348303.06,342384.28,346652.10,0.00,0.00,3.55
2023-01-31,344878.16,349159.33,343244.32,347505.20,0.00,0.00,3.52
2023-02-01,349465.50,353794.62,347850.29,352159.40,0.00,0.00,3.39
2023-02-02,349178.54,353477.17,347564.79,351843.55,0.00,0.00,3.40
2023-02-03,344696.12,348992.75,343074.09,347350.51,0.00,0.00,3.53
2023-02-06,341547.70,345866.56,339929.18,344227.57,0.00,0.00,3.63
2023-02-07,340014.66,344314.14,338383.46,342662.30,0.00,0.00,3.67
2023-02-08,341114.91,345419.53,339485.30,343769.36,0.00,0.00,3.63
2023-02-09,339756.80,344061.75,338118.16,342402.35,0.00,0.00,3.67
2023-02-10,337403.61,341670.07,335749.56,339995.10,0.00,0.00,3.74
2023-02-13,338293.97,342658.66,336656.01,340999.56,0.00,0.00,3.72
2023-02-14,336818.21,341155.20,335184.17,339500.12,0.00,0.00,3.77
2023-02-15,335522.65,339834.32,333882.51,338173.11,0.00,0.00,3.81
2023-02-16,333609.03,337904.69,331938.06,336212.21,0.00,0.00,3.86
2023-02-17,334926.16,339247.39,333268.48,337568.32,0.00,0.00,3.82
2023-02-21,330694.87,335029.51,329013.06,333325.64,0.00,0.00,3.95
2023-02-22,331391.71,335743.99,329719.01,334049.32,0.00,0.00,3.93
2023-02-23,333090.87,337439.79,331431.96,335759.21,0.00,0.00,3.88
2023-02-24,330750.62,335077.48,329080.56,333385.58,0.00,0.00,3.95
2023-02-27,331480.32,335918.94,329809.01,334225.25,0.00,0.00,3.92
2023-02-28,331633.31,336065.46,329965.57,334375.43,0.00,0.00,3.92
2023-03-01,328748.92,333167.86,327068.95,331465.31,0.00,0.00,4.01
2023-03-02,326380.36,330750.69,324680.99,329028.57,0.00,0.00,4.08
2023-03-03,330069.91,334489.64,328411.69,332809.22,0.00,0.00,3.97
2023-03-06,329670.81,334119.08,328006.15,332431.96,0.00,0.00,3.98
2023-03-07,330154.00,334693.60,328510.37,333027.37,0.00,0.00,3.97
2023-03-08,329891.34,334444.27,328253.81,332784.14,0.00,0.00,3.98
2023-03-09,331421.12,335978.14,329766.69,334300.96,0.00,0.00,3.93
2023-03-10,338865.62,343394.43,337247.35,341754.53,0.00,0.00,3.70
2023-03-13,343222.01,347491.44,341572.86,345821.78,0.00,0.00,3.55
2023-03-14,340426.94,344766.63,338767.56,343086.10,0.00,0.00,3.64
2023-03-15,344729.02,348946.27,343071.32,347268.29,0.00,0.00,3.51
2023-03-16,342855.05,347234.51,341205.16,345563.55,0.00,0.00,3.56
2023-03-17,348472.44,352717.57,346817.61,351042.57,0.00,0.00,3.39
2023-03-20,345636.93,349927.51,343974.48,348244.43,0.00,0.00,3.47
2023-03-21,341918.44,346303.52,340253.85,344617.58,0.00,0.00,3.59
2023-03-22,345555.85,349978.69,343884.49,348285.94,0.00,0.00,3.48
2023-03-23,348819.76,353149.86,347139.71,351448.94,0.00,0.00,3.38
2023-03-24,348842.01,353136.50,347171.17,351445.09,0.00,0.00,3.38
2023-03-27,343663.59,347982.69,341968.97,346266.78,0.00,0.00,3.53
2023-03-28,343107.59,347455.00,341420.78,345746.81,0.00,0.00,3.55
2023-03-29,342513.38,346870.87,340828.47,345164.52,0.00,0.00,3.57
2023-03-30,343260.36,347627.35,341588.12,345933.84,0.00,0.00,3.55
2023-03-31,345670.55,350085.98,344020.34,348414.69,0.00,0.00,3.48
2023-04-03,347351.88,351735.20,345698.63,350061.09,0.00,0.00,3.43
2023-04-04,350090.75,354436.62,348439.70,352765.07,0.00,0.00,3.35
2023-04-05,351816.90,356202.30,350184.83,354549.88,0.00,0.00,3.30
2023-04-06,351940.65,356427.12,350314.22,354779.96,0.00,0.00,3.30
2023-04-07,348823.09,353287.76,347188.27,351632.01,0.00,0.00,3.39
2023-04-10,348208.07,352691.71,346573.44,351036.03,0.00,0.00,3.41
2023-04-11,347636.36,352121.57,345998.57,350462.65,0.00,0.00,3.43
2023-04-12,348298.31,352783.11,346642.86,351106.35,0.00,0.00,3.41
2023-04-13,346727.52,351165.36,345060.53,349477.04,0.00,0.00,3.45
2023-04-14,344433.23,348912.53,342760.49,347218.04,0.00,0.00,3.52
2023-04-17,341740.09,346219.50,340051.87,344509.15,0.00,0.00,3.60
2023-04-18,342324.42,346829.08,340642.21,345124.74,0.00,0.00,3.58
2023-04-19,341838.73,346345.79,340165.30,344650.29,0.00,0.00,3.60
2023-04-20,343701.27,348197.56,342026.54,346500.91,0.00,0.00,3.54
2023-04-21,342650.22,347141.56,340967.59,345436.88,0.00,0.00,3.57
2023-04-24,344449.19,348955.26,342776.38,347260.57,0.00,0.00,3.52
2023-04-25,348357.54,352843.11,346689.35,351153.44,0.00,0.00,3.40
2023-04-26,347221.40,351710.19,345540.87,350007.93,0.00,0.00,3.43
2023-04-27,343908.05,348398.20,342222.90,346691.05,0.00,0.00,3.53
2023-04-28,346963.44,351502.40,345299.98,349817.18,0.00,0.00,3.44
2023-05-01,341786.43,346327.93,340076.47,344595.24,0.00,0.00,3.59
2023-05-02,347015.49,351555.13,345326.84,349844.39,0.00,0.00,3.44
2023-05-03,348933.18,353515.84,347241.77,351802.22,0.00,0.00,3.38
2023-05-04,349252.28,353803.23,347536.99,352065.59,0.00,0.00,3.37
2023-05-05,346909.37,351510.03,345194.89,349772.80,0.00,0.00,3.44
2023-05-08,344113.31,348685.72,342383.60,346933.03,0.00,0.00,3.52
2023-05-09,343663.11,348264.86,341928.32,346506.84,0.00,0.00,3.53
2023-05-10,346892.41,351492.84,345159.38,349736.82,0.00,0.00,3.43
2023-05-11,348454.86,353084.96,346747.40,351354.82,0.00,0.00,3.39
2023-05-12,346101.70,350718.32,344388.71,348982.48,0.00,0.00,3.46
2023-05-15,344648.53,349316.61,342914.27,347558.86,0.00,0.00,3.50
2023-05-16,343234.70,347901.26,341494.83,346137.73,0.00,0.00,3.54
2023-05-17,342346.14,347035.80,340619.12,345285.11,0.00,0.00,3.57
2023-05-18,339739.23,344462.97,338006.09,342705.73,0.00,0.00,3.65
2023-05-19,337900.63,342581.45,336161.68,340818.41,0.00,0.00,3.70
2023-05-22,337317.39,342050.77,335568.19,340277.02,0.00,0.00,3.72
2023-05-23,337885.66,342592.31,336140.78,340823.12,0.00,0.00,3.70
2023-05-24,336953.97,341673.60,335199.27,339894.32,0.00,0.00,3.73
2023-05-25,333957.10,338669.05,332201.17,336888.35,0.00,0.00,3.83
2023-05-26,334869.30,339576.92,333133.78,337817.01,0.00,0.00,3.80
2023-05-30,338301.84,343127.21,336577.76,341378.54,0.00,0.00,3.69
2023-05-31,340058.34,344856.38,338342.11,343115.94,0.00,0.00,3.64
2023-06-01,341055.71,345850.31,339345.82,344116.37,0.00,0.00,3.61
2023-06-02,338401.70,343211.11,336699.83,341485.06,0.00,0.00,3.69
2023-06-05,338417.77,343192.66,336711.12,341461.93,0.00,0.00,3.69
2023-06-06,338273.09,343028.57,336574.93,341306.53,0.00,0.00,3.70
2023-06-07,335037.47,339738.85,333313.09,337990.28,0.00,0.00,3.79
2023-06-08,337279.57,341977.77,335570.50,340244.90,0.00,0.00,3.73
2023-06-09,336691.54,341381.56,334993.61,339659.98,0.00,0.00,3.75
2023-06-12,337256.78,341946.01,335558.50,340224.12,0.00,0.00,3.73
2023-06-13,333734.34,338357.45,332023.85,336623.26,0.00,0.00,3.84
2023-06-14,334203.66,338833.27,332516.16,337122.40,0.00,0.00,3.83
2023-06-15,337700.04,342352.07,336014.46,340643.27,0.00,0.00,3.72
2023-06-16,336140.73,340788.55,334456.83,339081.36,0.00,0.00,3.77
2023-06-20,337242.50,341957.51,335570.21,340261.84,0.00,0.00,3.74
2023-06-21,337889.95,342614.01,336226.04,340926.84,0.00,0.00,3.72
2023-06-22,335255.84,339943.07,333575.64,338239.38,0.00,0.00,3.80
2023-06-23,337110.26,341823.42,335447.94,340137.86,0.00,0.00,3.74
2023-06-26,337683.60,342439.46,336014.97,340747.33,0.00,0.00,3.72
2023-06-27,336253.38,340997.73,334585.48,339306.30,0.00,0.00,3.77
2023-06-28,338127.39,342906.86,336462.35,341218.29,0.00,0.00,3.71
2023-06-29,333548.74,338289.18,331868.52,336585.08,0.00,0.00,3.85
2023-06-30,334903.93,339637.84,333245.75,337956.22,0.00,0.00,3.81
2023-07-03,333423.17,338187.51,331767.69,336508.37,0.00,0.00,3.86
2023-07-05,330397.75,335110.38,328714.09,333402.70,0.00,0.00,3.95
2023-07-06,327331.43,332017.13,325644.42,330305.97,0.00,0.00,4.05
2023-07-07,326714.05,331382.53,325008.69,329652.79,0.00,0.00,4.06
2023-07-10,328362.97,333063.43,326646.97,331322.86,0.00,0.00,4.01
2023-07-11,328993.96,333711.90,327285.97,331979.41,0.00,0.00,3.99
2023-07-12,333064.94,337824.16,331357.25,336092.07,0.00,0.00,3.86
2023-07-13,336265.57,341036.00,334561.13,339307.38,0.00,0.00,3.76
2023-07-14,334099.74,338865.17,332399.34,337140.52,0.00,0.00,3.83
2023-07-17,334763.70,339538.61,333062.38,337813.01,0.00,0.00,3.81
2023-07-18,335191.08,339963.47,333494.65,338242.89,0.00,0.00,3.80
2023-07-19,336976.40,341774.21,335308.72,340082.79,0.00,0.00,3.75
2023-07-20,333602.49,338360.83,331915.59,336649.87,0.00,0.00,3.85
2023-07-21,333888.14,338659.13,332202.69,336949.59,0.00,0.00,3.84
2023-07-24,333251.79,338030.79,331570.20,336325.09,0.00,0.00,3.86
2023-07-25,331720.77,336494.84,330030.26,334780.00,0.00,0.00,3.91
2023-07-26,333215.36,337993.84,331521.86,336276.05,0.00,0.00,3.86
2023-07-27,328308.61,333025.15,326581.13,331272.85,0.00,0.00,4.01
2023-07-28,329879.13,334601.30,328158.16,332855.70,0.00,0.00,3.96
2023-07-31,329660.44,334371.02,327937.74,332623.70,0.00,0.00,3.97
2023-08-01,327039.98,331721.50,325293.56,329950.08,0.00,0.00,4.05
2023-08-02,325884.54,330532.79,324117.23,328740.27,0.00,0.00,4.08
2023-08-03,321877.31,326468.40,320060.79,324625.98,0.00,0.00,4.20
2023-08-04,326702.93,331346.08,324910.70,329528.38,0.00,0.00,4.05
2023-08-07,325227.68,329874.91,323412.27,328033.56,0.00,0.00,4.09
2023-08-08,327550.15,332230.57,325752.30,330407.03,0.00,0.00,4.02
2023-08-09,328128.24,332825.34,326346.39,331017.99,0.00,0.00,4.00
2023-08-10,325143.95,329781.64,323347.27,327959.33,0.00,0.00,4.09
2023-08-11,323002.44,327609.58,321209.72,325791.29,0.00,0.00,4.16
2023-08-14,322232.10,326861.34,320443.16,325046.71,0.00,0.00,4.19
2023-08-15,321471.20,326081.26,319671.07,324255.32,0.00,0.00,4.21
2023-08-16,319311.33,323882.22,317496.42,322041.33,0.00,0.00,4.28
2023-08-17,318603.72,323156.30,316775.97,321302.43,0.00,0.00,4.30
2023-08-18,319819.13,324380.86,317996.21,322531.95,0.00,0.00,4.26
2023-08-21,317169.08,321741.87,315325.13,319871.34,0.00,0.00,4.34
2023-08-22,317349.44,321916.68,315524.85,320065.84,0.00,0.00,4.34
2023-08-23,322174.05,326794.19,320386.97,324981.49,0.00,0.00,4.19
2023-08-24,320961.29,325597.00,319167.58,323777.38,0.00,0.00,4.23
2023-08-25,320370.05,325013.66,318582.01,323199.70,0.00,0.00,4.25
2023-08-28,321770.47,326393.08,319980.40,324577.30,0.00,0.00,4.20
2023-08-29,324316.46,328942.35,322525.37,327125.70,0.00,0.00,4.12
2023-08-30,324283.36,328900.45,322495.53,327087.17,0.00,0.00,4.12
2023-08-31,325253.59,329859.45,323471.14,328051.75,0.00,0.00,4.09
2023-09-01,322298.19,326853.91,320489.29,325019.44,0.00,0.00,4.18
2023-09-05,319508.22,324057.32,317680.00,322203.07,0.00,0.00,4.27
2023-09-06,318778.00,323324.89,316962.38,321483.37,0.00,0.00,4.30
2023-09-07,319590.27,324132.34,317767.38,322283.54,0.00,0.00,4.27
2023-09-08,320052.23,324592.65,318243.89,322758.65,0.00,0.00,4.26
2023-09-11,318996.02,323537.83,317172.75,321688.60,0.00,0.00,4.29
2023-09-12,319636.72,324204.07,317823.98,322365.42,0.00,0.00,4.27
2023-09-13,320280.11,324840.20,318471.76,323006.11,0.00,0.00,4.25
2023-09-14,318915.61,323448.09,317093.16,321599.74,0.00,0.00,4.29
2023-09-15,317826.12,322334.95,315999.35,320482.27,0.00,0.00,4.33
2023-09-18,318209.41,322740.02,316393.29,320898.04,0.00,0.00,4.32
2023-09-19,316705.23,321214.42,314887.84,319371.15,0.00,0.00,4.37
2023-09-20,317430.18,321949.70,315626.94,320120.78,0.00,0.00,4.35
2023-09-21,312794.48,317256.02,310938.02,315373.08,0.00,0.00,4.49
2023-09-22,314257.59,318740.01,312411.00,316867.08,0.00,0.00,4.44
2023-09-25,310619.86,315050.39,308725.51,313129.01,0.00,0.00,4.55
2023-09-26,310214.32,314647.03,308312.82,312718.36,0.00,0.00,4.56
2023-09-27,308566.63,312975.79,306658.87,311040.77,0.00,0.00,4.61
2023-09-28,309258.92,313677.98,307339.77,311731.40,0.00,0.00,4.59
2023-09-29,309181.45,313599.39,307248.28,311638.60,0.00,0.00,4.59
2023-10-02,306127.83,310541.44,304189.51,308575.17,0.00,0.00,4.69
2023-10-03,302354.83,306714.04,300382.95,304713.72,0.00,0.00,4.81
2023-10-04,304814.93,309201.78,302856.20,307214.86,0.00,0.00,4.73
2023-10-05,304992.27,309373.85,303021.83,307375.10,0.00,0.00,4.72
2023-10-06,303085.73,307463.25,301102.02,305450.89,0.00,0.00,4.78
2023-10-10,306653.87,311067.18,304681.92,309066.86,0.00,0.00,4.66
2023-10-11,309307.42,313750.99,307374.66,311790.46,0.00,0.00,4.58
2023-10-12,305484.28,309888.60,303521.91,307897.94,0.00,0.00,4.70
2023-10-13,307778.19,312207.68,305837.11,310238.67,0.00,0.00,4.63
2023-10-16,305221.21,309621.74,303259.76,307632.02,0.00,0.00,4.71
2023-10-17,301776.24,306142.60,299813.78,304151.74,0.00,0.00,4.83
2023-10-18,299471.06,303788.69,297497.02,301786.19,0.00,0.00,4.91
2023-10-19,297129.47,301398.08,295123.32,299363.12,0.00,0.00,4.98
2023-10-20,298527.37,302800.74,296513.27,300757.81,0.00,0.00,4.93
2023-10-23,300708.27,305028.30,298714.81,303006.20,0.00,0.00,4.86
2023-10-24,301646.50,305987.75,299671.54,303984.37,0.00,0.00,4.83
2023-10-25,297952.30,302240.39,295948.81,300208.06,0.00,0.00,4.95
2023-10-26,300734.43,305047.11,298736.20,303020.23,0.00,0.00,4.86
2023-10-27,301216.18,305535.77,299211.06,303501.90,0.00,0.00,4.84
2023-10-30,300092.92,304381.00,298089.80,302349.26,0.00,0.00,4.88
2023-10-31,300093.37,304389.16,298094.87,302362.05,0.00,0.00,4.88
2023-11-01,303312.72,307631.23,301311.79,305601.82,0.00,0.00,4.77
2023-11-02,306688.03,311046.73,304737.42,309068.40,0.00,0.00,4.67
2023-11-03,309557.03,313916.76,307596.61,311928.74,0.00,0.00,4.57
2023-11-06,306627.03,310961.25,304661.86,308968.30,0.00,0.00,4.67
2023-11-07,309406.91,313780.42,307463.82,311809.86,0.00,0.00,4.58
2023-11-08,312106.44,316510.09,310200.48,314577.24,0.00,0.00,4.49
2023-11-09,307847.95,312191.51,305912.23,310228.49,0.00,0.00,4.62
2023-11-10,308363.07,312713.91,306443.60,310767.35,0.00,0.00,4.61
2023-11-13,307762.17,312120.33,305835.62,310166.49,0.00,0.00,4.63
2023-11-14,313587.56,317971.85,311667.31,316024.75,0.00,0.00,4.44
2023-11-15,310830.49,315176.23,308904.74,313223.56,0.00,0.00,4.53
2023-11-16,313164.89,317519.14,311240.59,315568.09,0.00,0.00,4.45
2023-11-17,313577.06,317945.10,311664.64,316006.04,0.00,0.00,4.44
2023-11-20,314466.77,318879.51,312576.90,316963.11,0.00,0.00,4.42
2023-11-21,314666.62,319074.07,312766.42,317147.26,0.00,0.00,4.41
2023-11-22,314541.03,318946.72,312654.94,317034.21,0.00,0.00,4.42
2023-11-24,312883.76,317290.34,310983.65,315363.47,0.00,0.00,4.47
2023-11-27,315335.71,319776.83,313443.69,317858.16,0.00,0.00,4.39
2023-11-28,316733.61,321170.02,314831.13,319240.89,0.00,0.00,4.34
2023-11-29,319076.95,323513.41,317191.42,321601.66,0.00,0.00,4.27
2023-11-30,315852.39,320244.01,313944.31,318309.40,0.00,0.00,4.37
2023-12-01,320616.28,325032.97,318731.42,323122.14,0.00,0.00,4.22
2023-12-04,318839.21,323296.92,316961.13,321392.59,0.00,0.00,4.28
2023-12-05,322332.02,326805.46,320488.73,324936.58,0.00,0.00,4.18
2023-12-06,324418.52,328929.25,322605.97,327091.49,0.00,0.00,4.12
2023-12-07,323818.82,328304.58,321993.65,326454.12,0.00,0.00,4.14
2023-12-08,320946.18,325416.87,319120.12,323565.37,0.00,0.00,4.23
2023-12-11,320833.19,325310.54,318999.18,323450.94,0.00,0.00,4.23
2023-12-12,321845.33,326345.07,320019.29,324493.50,0.00,0.00,4.20
2023-12-13,326875.54,331378.46,325052.40,329530.20,0.00,0.00,4.04
2023-12-14,331080.03,335623.86,329301.74,333821.16,0.00,0.00,3.92
2023-12-15,331448.73,336014.64,329683.34,334224.93,0.00,0.00,3.91
2023-12-18,330134.35,334707.59,328356.12,332904.73,0.00,0.00,3.95
2023-12-19,330612.49,335183.86,328835.97,333382.78,0.00,0.00,3.93
2023-12-20,332923.14,337509.36,331156.16,335718.04,0.00,0.00,3.86
2023-12-21,331947.83,336503.56,330174.64,334706.04,0.00,0.00,3.89
2023-12-22,331501.73,336051.34,329720.73,334245.90,0.00,0.00,3.90
2023-12-26,331848.67,336377.48,330074.73,334579.32,0.00,0.00,3.89
2023-12-27,335250.89,339808.90,333499.68,338033.88,0.00,0.00,3.79
2023-12-28,333747.66,338302.38,331984.45,336515.11,0.00,0.00,3.84
2023-12-29,332178.97,336695.22,330393.64,334885.61,0.00,0.00,3.88
2024-01-02,330000.27,334469.94,328209.25,332654.66,0.00,0.00,3.95
2024-01-03,331315.10,335811.09,329536.89,334008.75,0.00,0.00,3.91
2024-01-04,328603.86,333063.06,326799.40,331234.12,0.00,0.00,3.99
2024-01-05,326554.23,330977.23,324728.70,329126.97,0.00,0.00,4.05
2024-01-08,327916.65,332358.10,326097.00,330513.81,0.00,0.00,4.01
2024-01-09,327634.10,332071.72,325814.64,330227.62,0.00,0.00,4.02
2024-01-10,327014.40,331435.23,325188.51,329584.66,0.00,0.00,4.04
2024-01-11,328739.24,333174.94,326910.89,331321.92,0.00,0.00,3.98
2024-01-12,329259.36,333651.33,327418.18,331785.59,0.00,0.00,3.96
2024-01-16,325643.79,330004.25,323775.59,328111.05,0.00,0.00,4.07
2024-01-17,324891.01,329258.09,323043.15,327385.39,0.00,0.00,4.10
2024-01-18,323440.58,327788.16,321571.15,325893.61,0.00,0.00,4.14
2024-01-19,323262.93,327616.44,321405.37,325733.86,0.00,0.00,4.15
2024-01-22,324556.55,328935.81,322700.59,327054.81,0.00,0.00,4.11
2024-01-23,323407.56,327763.01,321543.02,325873.36,0.00,0.00,4.14
2024-01-24,322132.09,326478.64,320250.71,324571.88,0.00,0.00,4.18
2024-01-25,323488.60,327828.52,321605.16,325919.82,0.00,0.00,4.14
2024-01-26,323164.77,327500.34,321289.71,325600.13,0.00,0.00,4.15
2024-01-29,325539.84,329907.28,323678.48,328020.95,0.00,0.00,4.08
2024-01-30,326124.03,330499.31,324280.22,328630.76,0.00,0.00,4.06
2024-01-31,328394.14,332791.44,326557.61,330930.31,0.00,0.00,3.99
2024-02-01,332528.77,336955.80,330725.95,335128.98,0.00,0.00,3.87
2024-02-02,327349.62,331766.57,325535.08,329927.55,0.00,0.00,4.03
2024-02-05,322804.23,327184.72,320961.91,325317.41,0.00,0.00,4.17
2024-02-06,325364.36,329762.88,323531.35,327905.09,0.00,0.00,4.09
2024-02-07,325134.92,329530.34,323302.33,327672.98,0.00,0.00,4.09
2024-02-08,323162.07,327539.12,321316.03,325668.07,0.00,0.00,4.15
2024-02-09,322594.46,326980.39,320747.80,325108.63,0.00,0.00,4.17
2024-02-12,322640.64,327035.49,320790.61,325160.27,0.00,0.00,4.17
2024-02-13,318244.64,322620.48,316387.06,320737.36,0.00,0.00,4.31
2024-02-14,319451.29,323835.52,317588.03,321946.69,0.00,0.00,4.27
2024-02-15,320383.04,324771.82,318528.06,322891.44,0.00,0.00,4.24
2024-02-16,318616.49,322989.26,316757.68,321104.94,0.00,0.00,4.30
2024-02-20,319485.30,323878.20,317627.68,321995.04,0.00,0.00,4.27
2024-02-21,318024.31,322397.12,316163.62,320510.84,0.00,0.00,4.32
2024-02-22,317858.21,322228.74,316007.68,320352.76,0.00,0.00,4.33
2024-02-23,320152.75,324554.83,318320.25,322697.13,0.00,0.00,4.26
2024-02-26,319409.88,323818.15,317575.12,321958.07,0.00,0.00,4.28
2024-02-27,318409.17,322795.45,316562.30,320923.14,0.00,0.00,4.31
2024-02-28,319772.00,324160.64,317927.17,322290.48,0.00,0.00,4.27
2024-02-29,320333.56,324721.67,318499.77,322862.76,0.00,0.00,4.25
2024-03-01,322247.76,326637.26,320415.32,324779.86,0.00,0.00,4.19
2024-03-04,321396.89,325857.35,319562.99,323997.99,0.00,0.00,4.22
2024-03-05,324298.93,328783.01,322488.47,326947.51,0.00,0.00,4.13
2024-03-06,325110.87,329606.17,323308.43,327778.81,0.00,0.00,4.11
2024-03-07,325714.17,330209.45,323906.05,328376.38,0.00,0.00,4.09
2024-03-08,325662.09,330156.65,323846.79,328316.29,0.00,0.00,4.09
2024-03-11,325420.11,329919.69,323607.94,328082.46,0.00,0.00,4.10
2024-03-12,323416.33,327904.82,321593.89,326057.08,0.00,0.00,4.16
2024-03-13,322395.02,326869.33,320569.20,325018.17,0.00,0.00,4.19
2024-03-14,319216.95,323655.35,317373.09,321785.85,0.00,0.00,4.29
2024-03-15,318630.06,323060.30,316790.46,321195.12,0.00,0.00,4.31
2024-03-18,317774.68,322201.19,315930.71,320331.54,0.00,0.00,4.34
2024-03-19,318972.38,323415.58,317131.72,321549.28,0.00,0.00,4.30
2024-03-20,319736.14,324165.34,317889.94,322293.57,0.00,0.00,4.27
2024-03-21,319754.98,324184.44,317910.24,322314.14,0.00,0.00,4.27
2024-03-22,321493.54,325930.57,319660.27,324072.00,0.00,0.00,4.22
2024-03-25,320426.40,324865.17,318582.76,322995.98,0.00,0.00,4.25
2024-03-26,320886.26,325331.39,319046.79,323466.43,0.00,0.00,4.24
2024-03-27,322258.33,326722.47,320425.75,324864.50,0.00,0.00,4.20
2024-03-28,322208.98,326688.99,320384.47,324839.10,0.00,0.00,4.20
2024-04-01,317995.07,322400.15,316142.22,320521.64,0.00,0.00,4.33
2024-04-02,316937.02,321311.16,315076.77,319425.24,0.00,0.00,4.36
2024-04-03,316955.40,321321.65,315091.93,319432.52,0.00,0.00,4.36
2024-04-04,318512.61,322892.14,316657.39,321011.41,0.00,0.00,4.31
2024-04-05,315957.04,320317.66,314084.79,318419.57,0.00,0.00,4.39
2024-04-08,315208.78,319567.17,313346.38,317679.02,0.00,0.00,4.42
2024-04-09,316982.11,321356.87,315130.48,319479.69,0.00,0.00,4.36
2024-04-10,311183.52,315526.21,309314.62,313631.22,0.00,0.00,4.55
2024-04-11,310841.70,315163.65,308969.41,313265.33,0.00,0.00,4.56
2024-04-12,312615.18,316945.74,310744.29,315048.93,0.00,0.00,4.50
2024-04-15,308610.38,312901.31,306712.57,310977.11,0.00,0.00,4.63
2024-04-16,307453.60,311736.34,305551.60,309807.84,0.00,0.00,4.67
2024-04-17,309893.23,314202.00,308004.67,312287.17,0.00,0.00,4.59
2024-04-18,308375.05,312670.62,306483.58,310752.80,0.00,0.00,4.64
2024-04-19,308997.48,313301.73,307109.96,311387.91,0.00,0.00,4.62
2024-04-22,308923.92,313227.14,307032.67,311309.55,0.00,0.00,4.62
2024-04-23,309193.56,313500.54,307294.22,311574.74,0.00,0.00,4.61
2024-04-24,307924.68,312221.89,306013.04,310283.57,0.00,0.00,4.65
2024-04-25,306410.18,310694.12,304490.19,308747.29,0.00,0.00,4.70
2024-04-26,307436.06,311726.45,305526.96,309790.70,0.00,0.00,4.67
2024-04-29,308621.78,312952.50,306718.22,311022.22,0.00,0.00,4.63
2024-04-30,306880.54,311194.70,304975.92,309263.30,0.00,0.00,4.69
2024-05-01,308680.65,313012.19,306779.36,311084.22,0.00,0.00,4.63
2024-05-02,310145.30,314489.42,308239.97,312557.41,0.00,0.00,4.58
2024-05-03,312578.98,316949.17,310684.48,315028.18,0.00,0.00,4.50
2024-05-06,312992.11,317376.12,311104.83,315462.40,0.00,0.00,4.49
2024-05-07,313645.21,318030.30,311770.73,316129.62,0.00,0.00,4.47
2024-05-08,313153.06,317531.27,311272.23,315624.15,0.00,0.00,4.48
2024-05-09,314097.31,318488.73,312222.69,316587.89,0.00,0.00,4.45
2024-05-10,312604.05,316990.64,310722.86,315083.05,0.00,0.00,4.50
2024-05-13,313255.47,317651.21,311378.26,315747.66,0.00,0.00,4.48
2024-05-14,314241.34,318650.91,312367.02,316750.29,0.00,0.00,4.45
2024-05-15,317057.55,321482.21,315193.52,319592.16,0.00,0.00,4.36
2024-05-16,316447.70,320871.97,314591.24,318989.56,0.00,0.00,4.38
2024-05-17,315163.56,319569.89,313298.75,317679.00,0.00,0.00,4.42
2024-05-20,314573.81,318988.04,312703.02,317091.00,0.00,0.00,4.44
2024-05-21,315496.35,319915.43,313633.55,318026.54,0.00,0.00,4.41
2024-05-22,315178.03,319600.74,313329.18,317725.95,0.00,0.00,4.43
2024-05-23,313842.11,318254.14,311989.93,316375.91,0.00,0.00,4.47
2024-05-24,314256.11,318673.95,312412.72,316804.65,0.00,0.00,4.46
2024-05-28,311645.47,316018.61,309772.70,314119.57,0.00,0.00,4.54
2024-05-29,309350.54,313691.47,307460.15,311774.56,0.00,0.00,4.61
2024-05-30,311233.02,315592.39,309354.62,313687.67,0.00,0.00,4.55
2024-05-31,312457.23,316833.74,310579.88,314930.09,0.00,0.00,4.51
2024-06-03,315697.81,320095.39,313839.22,318210.91,0.00,0.00,4.41
2024-06-04,318196.05,322620.26,316352.13,320750.70,0.00,0.00,4.33
2024-06-05,319468.99,323902.70,317633.80,322042.03,0.00,0.00,4.29
2024-06-06,319790.66,324220.62,317956.11,322360.65,0.00,0.00,4.28
2024-06-07,315059.55,319456.33,313207.17,317578.10,0.00,0.00,4.43
2024-06-10,313823.91,318203.44,311956.83,316310.31,0.00,0.00,4.47
2024-06-11,316197.67,320602.22,314342.94,318721.65,0.00,0.00,4.39
2024-06-12,318653.36,323083.92,316804.72,321209.59,0.00,0.00,4.31
2024-06-13,320887.94,325333.09,319047.31,323466.97,0.00,0.00,4.24
2024-06-14,322170.29,326633.20,320343.26,324780.86,0.00,0.00,4.20
2024-06-17,319739.63,324193.52,317902.66,322330.95,0.00,0.00,4.28
2024-06-18,321597.44,326060.69,319769.84,324207.72,0.00,0.00,4.22
2024-06-20,320684.45,325135.02,318852.63,323277.77,0.00,0.00,4.25
2024-06-21,320684.12,325126.46,318852.30,323269.25,0.00,0.00,4.25
2024-06-24,320772.16,325223.95,318945.67,323372.11,0.00,0.00,4.25
2024-06-25,321416.70,325877.44,319594.65,324030.10,0.00,0.00,4.23
2024-06-26,318490.90,322902.85,316646.19,321032.58,0.00,0.00,4.32
2024-06-27,319481.89,323899.36,317636.17,322028.12,0.00,0.00,4.29
2024-06-28,317152.70,321521.68,315281.94,319625.14,0.00,0.00,4.36
2024-07-01,313053.73,317398.40,311145.42,315463.60,0.00,0.00,4.48
2024-07-02,314646.52,319005.21,312748.40,317080.80,0.00,0.00,4.43
2024-07-03,316897.00,321286.87,315014.95,319378.75,0.00,0.00,4.36
2024-07-05,319466.44,323875.49,317589.42,321972.57,0.00,0.00,4.28
2024-07-08,319483.36,323884.45,317607.81,321983.06,0.00,0.00,4.28
2024-07-09,318796.94,323196.75,316915.74,321289.59,0.00,0.00,4.30
2024-07-10,319347.74,323746.95,317471.78,321845.15,0.00,0.00,4.28
2024-07-11,321857.72,326225.37,319989.08,324331.37,0.00,0.00,4.20
2024-07-12,322404.53,326763.04,320534.99,324868.22,0.00,0.00,4.18
2024-07-15,320752.84,325089.02,318861.92,323172.54,0.00,0.00,4.23
2024-07-16,322854.83,327219.43,320989.55,325328.93,0.00,0.00,4.17
2024-07-17,323300.79,327671.41,321438.25,325783.69,0.00,0.00,4.16
2024-07-18,321872.86,326224.18,319999.42,324325.42,0.00,0.00,4.20
2024-07-19,320363.07,324702.21,318480.81,322794.45,0.00,0.00,4.25
2024-07-22,319912.55,324245.59,318026.12,322333.60,0.00,0.00,4.26
2024-07-23,320242.86,324563.92,318355.39,322650.98,0.00,0.00,4.25
2024-07-24,319022.82,323302.83,317106.52,321360.82,0.00,0.00,4.28
2024-07-25,319591.87,323879.52,317686.46,321948.54,0.00,0.00,4.27
2024-07-26,321854.46,326164.19,319958.40,324242.74,0.00,0.00,4.20
2024-07-29,322735.49,327057.01,320846.97,325143.20,0.00,0.00,4.17
2024-07-30,323309.60,327622.19,321421.61,325709.03,0.00,0.00,4.15
2024-07-31,325278.15,329600.29,323403.55,327700.78,0.00,0.00,4.09
2024-08-01,328520.05,332834.62,326657.92,330948.04,0.00,0.00,3.99
2024-08-02,334701.80,338925.49,332864.49,337064.99,0.00,0.00,3.80
2024-08-05,335497.21,339756.81,333671.83,337908.25,0.00,0.00,3.78
2024-08-06,331323.04,335606.30,329469.37,333728.66,0.00,0.00,3.90
2024-08-07,329205.22,333452.64,327333.68,331556.95,0.00,0.00,3.96
2024-08-08,328169.07,332419.99,326293.99,330520.62,0.00,0.00,3.99
2024-08-09,329847.53,334128.67,327988.78,332245.79,0.00,0.00,3.94
2024-08-12,331166.69,335464.95,329309.87,333584.03,0.00,0.00,3.90
2024-08-13,332878.81,337156.51,331028.91,335282.84,0.00,0.00,3.85
2024-08-14,333669.21,337982.80,331829.55,336119.36,0.00,0.00,3.83
2024-08-15,330809.63,335120.26,328968.82,333255.46,0.00,0.00,3.92
2024-08-16,331690.14,335995.19,329855.86,334137.10,0.00,0.00,3.89
2024-08-19,332726.71,337028.11,330901.05,335178.86,0.00,0.00,3.86
2024-08-20,334110.59,338404.12,332291.22,336561.37,0.00,0.00,3.82
2024-08-21,335221.21,339485.93,333406.71,337648.34,0.00,0.00,3.79
2024-08-22,332877.40,337146.52,331053.39,335299.12,0.00,0.00,3.86
2024-08-23,334428.24,338682.87,332603.39,336834.80,0.00,0.00,3.81
2024-08-26,334089.27,338330.99,332261.99,336480.52,0.00,0.00,3.82
2024-08-27,333620.40,337839.02,331785.31,335980.72,0.00,0.00,3.83
2024-08-28,333263.67,337460.64,331419.90,335593.65,0.00,0.00,3.84
2024-08-29,332390.07,336593.13,330541.25,334720.93,0.00,0.00,3.87
2024-08-30,331032.36,335218.25,329175.70,333338.12,0.00,0.00,3.91
2024-09-03,333417.67,337556.57,331579.14,335695.21,0.00,0.00,3.84
2024-09-04,335812.30,339929.11,333985.83,338080.25,0.00,0.00,3.77
2024-09-05,337018.66,341141.59,335204.80,339305.54,0.00,0.00,3.73
2024-09-06,337397.18,341490.03,335577.54,339648.31,0.00,0.00,3.72
2024-09-09,338115.19,342208.05,336302.00,340372.91,0.00,0.00,3.70
2024-09-10,339706.23,343792.14,337900.08,341964.26,0.00,0.00,3.65
2024-09-11,339765.82,343913.62,337968.70,342094.56,0.00,0.00,3.65
2024-09-12,338630.87,342729.97,336820.60,340897.79,0.00,0.00,3.68
2024-09-13,339390.68,343429.13,337578.62,341595.51,0.00,0.00,3.66
2024-09-16,340476.72,344484.30,338679.72,342666.15,0.00,0.00,3.63
2024-09-17,339872.85,343873.31,338076.44,342055.77,0.00,0.00,3.65
2024-09-18,338036.29,341971.65,336220.18,340134.40,0.00,0.00,3.70
2024-09-19,337005.40,340894.07,335178.57,339046.16,0.00,0.00,3.73
2024-09-20,337119.32,340983.27,335293.15,339136.17,0.00,0.00,3.73
2024-09-23,336366.38,340195.73,334538.80,338347.34,0.00,0.00,3.75
2024-09-24,336569.61,340366.62,334729.82,338506.08,0.00,0.00,3.74
2024-09-25,334849.09,338626.69,332997.17,336753.88,0.00,0.00,3.79
2024-09-26,334993.40,338789.88,333150.09,336925.67,0.00,0.00,3.79
2024-09-27,336249.17,340033.90,334404.05,338168.02,0.00,0.00,3.75
2024-09-30,334337.06,338126.10,332490.42,336258.52,0.00,0.00,3.81
2024-10-01,336592.57,340389.84,334754.78,338531.32,0.00,0.00,3.74
2024-10-02,334846.34,338623.91,332994.92,336751.60,0.00,0.00,3.79
2024-10-03,332899.55,336663.72,331039.31,334782.45,0.00,0.00,3.85
2024-10-04,328722.30,332506.93,326864.12,330627.36,0.00,0.00,3.98
2024-10-07,327190.12,330957.11,325322.53,329068.01,0.00,0.00,4.03
2024-10-08,326762.67,330516.33,324893.26,328625.45,0.00,0.00,4.04
2024-10-09,325984.24,329745.74,324112.90,327852.80,0.00,0.00,4.06
2024-10-10,324993.90,328735.61,323109.44,326829.44,0.00,0.00,4.09
2024-10-11,325273.26,329009.81,323382.20,327097.03,0.00,0.00,4.08
2024-10-15,327095.85,330836.50,325230.29,328949.61,0.00,0.00,4.03
2024-10-16,327415.74,331160.05,325550.94,329273.92,0.00,0.00,4.02
2024-10-17,324991.41,328733.09,323105.38,326825.34,0.00,0.00,4.09
2024-10-18,325281.80,329026.82,323390.71,327113.96,0.00,0.00,4.08
2024-10-21,321764.97,325486.06,319850.22,323549.17,0.00,0.00,4.19
2024-10-22,321348.04,325064.31,319436.36,323130.52,0.00,0.00,4.20
2024-10-23,320132.09,323842.54,318217.20,321905.45,0.00,0.00,4.24
2024-10-24,321155.63,324877.94,319254.40,322954.68,0.00,0.00,4.21
2024-10-25,319903.81,323636.30,317992.11,321702.30,0.00,0.00,4.25
2024-10-28,318878.85,322558.36,316964.19,320621.61,0.00,0.00,4.28
2024-10-29,318922.63,322594.44,317006.14,320655.88,0.00,0.00,4.28
2024-10-30,318744.79,322406.35,316838.66,320478.31,0.00,0.00,4.29
2024-10-31,319041.01,322697.76,317147.70,320782.74,0.00,0.00,4.28
2024-11-01,316026.10,319640.16,314107.07,317699.18,0.00,0.00,4.37
2024-11-04,318095.87,321709.03,316198.69,319790.30,0.00,0.00,4.31
2024-11-05,319635.23,323265.87,317760.19,321369.54,0.00,0.00,4.26
2024-11-06,314454.15,318042.14,312536.25,316102.35,0.00,0.00,4.42
2024-11-07,317931.45,321550.93,316028.28,319626.09,0.00,0.00,4.31
2024-11-08,318504.74,322147.14,316622.94,320243.82,0.00,0.00,4.30
2024-11-12,314384.19,318003.74,312477.56,316075.16,0.00,0.00,4.43
2024-11-13,313888.74,317462.19,311966.34,315517.91,0.00,0.00,4.44
2024-11-14,314462.09,318066.35,312559.24,316141.69,0.00,0.00,4.43
2024-11-15,314451.95,318064.19,312538.67,316128.93,0.00,0.00,4.43
2024-11-18,314681.93,318296.81,312765.42,316358.28,0.00,0.00,4.42
2024-11-19,315733.52,319360.48,313826.93,317431.99,0.00,0.00,4.39
2024-11-20,315254.57,318876.03,313352.96,316952.57,0.00,0.00,4.41
2024-11-21,314636.57,318259.03,312730.72,316331.24,0.00,0.00,4.43
2024-11-22,315204.15,318841.25,313303.31,316918.48,0.00,0.00,4.41
2024-11-25,319722.81,323412.06,317853.09,321520.76,0.00,0.00,4.27
2024-11-26,318710.83,322380.19,316830.18,320477.89,0.00,0.00,4.30
2024-11-27,320371.41,324043.40,318492.34,322142.80,0.00,0.00,4.25
2024-11-29,322657.60,326347.49,320795.41,324464.01,0.00,0.00,4.18
2024-12-02,322237.99,325931.37,320380.37,324052.47,0.00,0.00,4.19
2024-12-03,320898.86,324552.12,319031.07,322663.06,0.00,0.00,4.23
2024-12-04,322274.66,325927.00,320419.56,324050.86,0.00,0.00,4.19
2024-12-05,322914.98,326574.57,321069.11,324707.78,0.00,0.00,4.17
2024-12-06,323508.19,327141.19,321658.08,325270.30,0.00,0.00,4.15
2024-12-09,321907.87,325522.90,320043.33,323637.42,0.00,0.00,4.20
2024-12-10,321235.82,324851.58,319366.98,322961.70,0.00,0.00,4.22
2024-12-11,319695.96,323269.69,317812.73,321365.40,0.00,0.00,4.26
2024-12-12,317714.14,321257.53,315810.93,319333.10,0.00,0.00,4.32
2024-12-13,315207.62,318731.18,313290.05,316792.18,0.00,0.00,4.40
2024-12-16,315548.17,319059.29,313634.13,317123.94,0.00,0.00,4.39
2024-12-17,315293.09,318801.37,313380.84,316867.84,0.00,0.00,4.40
2024-12-18,312346.78,315822.27,310438.98,313893.25,0.00,0.00,4.50
2024-12-19,310018.43,313460.03,308085.34,311505.48,0.00,0.00,4.57
2024-12-20,311516.52,314974.76,309582.32,313019.08,0.00,0.00,4.52
2024-12-23,309343.70,312785.78,307399.65,310820.10,0.00,0.00,4.59
2024-12-24,309406.87,312849.65,307465.07,310886.24,0.00,0.00,4.59
2024-12-26,309827.79,313283.23,307884.20,311317.97,0.00,0.00,4.58
2024-12-27,308389.20,311812.71,306428.97,309830.73,0.00,0.00,4.62
2024-12-30,310429.91,313844.12,308474.33,311867.02,0.00,0.00,4.55
2024-12-31,309557.38,312954.02,307594.98,310970.08,0.00,0.00,4.58
2025-01-02,309829.99,313237.59,307867.17,311253.19,0.00,0.00,4.57
2025-01-03,308911.71,312309.21,306948.67,310324.58,0.00,0.00,4.60
2025-01-06,308222.10,311604.08,306248.25,309608.57,0.00,0.00,4.62
2025-01-07,306565.09,309928.89,304576.56,307918.55,0.00,0.00,4.67
2025-01-08,306590.49,309962.46,304598.67,307948.73,0.00,0.00,4.67
2025-01-09,306261.86,309622.33,304268.24,307606.84,0.00,0.00,4.68
2025-01-10,303584.98,306939.53,301598.90,304931.51,0.00,0.00,4.77
2025-01-13,303094.17,306466.71,301106.22,304456.64,0.00,0.00,4.79
2025-01-14,303228.51,306594.74,301233.65,304577.74,0.00,0.00,4.78
2025-01-15,307009.34,310393.82,305024.51,308387.11,0.00,0.00,4.66
2025-01-16,308494.94,311895.81,306514.39,309893.42,0.00,0.00,4.61
2025-01-17,308452.29,311868.57,306479.83,309874.27,0.00,0.00,4.61
2025-01-21,309710.94,313141.16,307750.93,311159.44,0.00,0.00,4.57
2025-01-22,308869.06,312289.96,306905.23,310304.37,0.00,0.00,4.60
2025-01-23,307442.53,310839.70,305470.33,308845.72,0.00,0.00,4.65
2025-01-24,307991.94,311379.33,306019.86,309385.56,0.00,0.00,4.63
2025-01-27,311057.61,314478.71,309099.70,312499.27,0.00,0.00,4.53
2025-01-28,310519.66,313942.85,308552.57,311954.07,0.00,0.00,4.55
2025-01-29,310428.35,313858.52,308462.32,311870.76,0.00,0.00,4.55
2025-01-30,311442.93,314884.32,309485.05,312904.80,0.00,0.00,4.52
2025-01-31,309448.43,312875.74,307473.61,310879.05,0.00,0.00,4.58
2025-02-03,310827.59,314270.18,308876.14,312297.11,0.00,0.00,4.54
2025-02-04,311410.11,314851.12,309454.00,312873.40,0.00,0.00,4.52
2025-02-05,314533.17,318008.70,312609.49,316063.76,0.00,0.00,4.43
2025-02-06,313947.90,317425.05,312028.76,315484.65,0.00,0.00,4.45
2025-02-07,312557.20,316035.04,310632.70,314089.12,0.00,0.00,4.49
2025-02-10,312060.74,315541.09,310129.37,313588.18,0.00,0.00,4.51
2025-02-11,310997.95,314466.44,309057.03,312503.87,0.00,0.00,4.54
2025-02-12,308213.13,311666.43,306259.14,309690.55,0.00,0.00,4.62
2025-02-13,311469.88,314959.67,309540.61,313008.79,0.00,0.00,4.52
2025-02-14,312969.70,316468.24,311045.20,314522.23,0.00,0.00,4.47
2025-02-18,310469.22,313955.79,308525.44,311990.18,0.00,0.00,4.55
2025-02-19,311234.35,314729.52,309300.57,312774.02,0.00,0.00,4.53
2025-02-20,312114.99,315612.01,310183.40,313658.78,0.00,0.00,4.50
2025-02-21,314648.16,318149.26,312732.87,316212.66,0.00,0.00,4.42
2025-02-24,315176.82,318683.81,313254.67,316740.26,0.00,0.00,4.40
2025-02-25,318458.87,321985.97,316554.13,320060.14,0.00,0.00,4.30
2025-02-26,320019.42,323563.81,318119.88,321643.23,0.00,0.00,4.25
2025-02-27,318743.85,322274.11,316832.46,320341.55,0.00,0.00,4.29
2025-02-28,320268.22,323790.63,318362.19,321863.63,0.00,0.00,4.24
2025-03-03,322770.65,326370.44,320877.21,324455.88,0.00,0.00,4.16
2025-03-04,320721.05,324273.21,318805.94,322336.89,0.00,0.00,4.22
2025-03-05,318794.88,322342.12,316874.26,320400.13,0.00,0.00,4.28
2025-03-06,318392.50,321910.68,316459.59,319956.40,0.00,0.00,4.29
2025-03-07,317425.98,320949.82,315486.77,318989.08,0.00,0.00,4.32
2025-03-10,320565.29,324090.96,318636.08,322140.53,0.00,0.00,4.22
2025-03-11,318650.18,322162.99,316710.69,320202.12,0.00,0.00,4.28
2025-03-12,317389.92,320897.01,315445.05,318930.65,0.00,0.00,4.32
2025-03-13,318917.98,322441.96,316976.66,320479.19,0.00,0.00,4.27
2025-03-14,317768.95,321296.60,315833.31,319339.47,0.00,0.00,4.31
2025-03-17,317833.16,321361.52,315906.18,319413.15,0.00,0.00,4.31
2025-03-18,318603.65,322140.56,316679.74,320195.30,0.00,0.00,4.29
2025-03-19,319807.55,323357.82,317888.36,321417.33,0.00,0.00,4.25
2025-03-20,320162.25,323699.98,318241.86,321758.37,0.00,0.00,4.24
2025-03-21,319710.47,323234.97,317775.31,321278.48,0.00,0.00,4.25
2025-03-24,316826.74,320327.62,314878.39,318357.74,0.00,0.00,4.34
2025-03-25,317633.29,321134.90,315685.12,319165.24,0.00,0.00,4.31
2025-03-26,316372.58,319860.29,314409.65,317875.71,0.00,0.00,4.35
2025-03-27,315390.79,318875.80,313411.22,316874.35,0.00,0.00,4.38
2025-03-28,318940.14,322456.15,316977.46,320471.84,0.00,0.00,4.27
2025-03-31,320091.87,323595.85,318140.54,321623.16,0.00,0.00,4.23
2025-04-01,322082.91,325608.69,320145.89,323650.46,0.00,0.00,4.17
2025-04-02,321137.64,324661.34,319201.43,322703.89,0.00,0.00,4.20
2025-04-03,325399.62,328936.57,323447.96,326963.69,0.00,0.00,4.06
2025-04-04,327188.41,330694.24,325260.72,328745.90,0.00,0.00,4.01
2025-04-07,322274.09,325727.27,320296.07,323728.05,0.00,0.00,4.15
2025-04-08,318388.26,321799.80,316358.63,319748.42,0.00,0.00,4.26
2025-04-09,316056.82,319516.63,314062.24,317500.22,0.00,0.00,4.34
2025-04-10,313782.16,317168.59,311731.35,315095.64,0.00,0.00,4.40
2025-04-11,311659.91,315055.54,309630.12,313003.64,0.00,0.00,4.48
2025-04-14,314706.76,318135.59,312676.87,316083.58,0.00,0.00,4.38
2025-04-15,315716.02,319155.84,313682.90,317100.57,0.00,0.00,4.35
2025-04-16,317610.70,321062.99,315582.48,319012.72,0.00,0.00,4.29
2025-04-17,315989.94,319440.89,313950.05,317378.71,0.00,0.00,4.34
2025-04-21,313062.08,316472.99,310978.51,314366.72,0.00,0.00,4.42
2025-04-22,313613.69,317030.61,311548.30,314942.71,0.00,0.00,4.41
2025-04-23,314128.62,317559.24,312084.84,315493.14,0.00,0.00,4.40
2025-04-24,316695.68,320154.33,314660.53,318096.96,0.00,0.00,4.32
2025-04-25,317839.98,321311.13,315811.02,319260.01,0.00,0.00,4.29
2025-04-28,319561.26,323051.20,317537.32,321005.16,0.00,0.00,4.23
2025-04-29,321017.58,324506.89,319003.91,322471.34,0.00,0.00,4.19
2025-04-30,321369.10,324853.96,319337.58,322800.41,0.00,0.00,4.17
2025-05-01,318807.74,322289.46,316766.90,320226.32,0.00,0.00,4.25
2025-05-02,316377.54,319865.30,314334.55,317799.79,0.00,0.00,4.33
2025-05-05,315351.60,318836.17,313302.83,316764.77,0.00,0.00,4.36
2025-05-06,316895.31,320380.62,314848.56,318311.36,0.00,0.00,4.30
2025-05-07,318234.36,321750.79,316197.15,319691.07,0.00,0.00,4.26
2025-05-08,314877.53,318364.97,312834.64,316299.45,0.00,0.00,4.37
2025-05-09,314871.76,318359.14,312828.89,316293.64,0.00,0.00,4.37
2025-05-12,312453.76,315922.40,310406.06,313851.97,0.00,0.00,4.45
2025-05-13,311149.18,314603.34,309086.57,312517.83,0.00,0.00,4.49
2025-05-14,309917.39,313365.85,307854.33,311279.83,0.00,0.00,4.53
2025-05-15,312454.73,315923.38,310396.45,313842.25,0.00,0.00,4.45
2025-05-16,313001.36,316484.14,310946.50,314406.41,0.00,0.00,4.43
2025-05-19,312054.75,315543.06,309989.20,313454.42,0.00,0.00,4.46
2025-05-20,311295.05,314774.87,309213.17,312669.72,0.00,0.00,4.48
2025-05-21,308143.07,311595.59,306043.29,309472.28,0.00,0.00,4.58
2025-05-22,309416.76,312891.52,307318.64,310769.84,0.00,0.00,4.54
2025-05-23,310303.88,313796.58,308207.58,311676.69,0.00,0.00,4.51
2025-05-27,312847.77,316369.11,310774.74,314272.75,0.00,0.00,4.43
2025-05-28,311497.37,315011.52,309413.90,312904.55,0.00,0.00,4.47
2025-05-29,312995.21,316526.26,310916.00,314423.60,0.00,0.00,4.43
2025-05-30,313533.51,317070.64,311451.33,314964.96,0.00,0.00,4.41
2025-06-02,311833.12,315310.93,309731.87,313186.24,0.00,0.00,4.46
2025-06-03,311813.42,315291.01,309718.67,313172.90,0.00,0.00,4.46
2025-06-04,314751.91,318246.06,312675.28,316146.38,0.00,0.00,4.37
2025-06-05,313999.44,317485.24,311934.84,315397.72,0.00,0.00,4.40
2025-06-06,310567.72,314031.41,308497.83,311938.44,0.00,0.00,4.51
2025-06-09,311160.94,314639.27,309086.15,312541.27,0.00,0.00,4.49
2025-06-10,311737.80,315222.57,309670.32,313131.98,0.00,0.00,4.47
2025-06-11,313422.51,316918.04,311355.30,314827.78,0.00,0.00,4.41
2025-06-12,315235.18,318734.70,313183.51,316660.25,0.00,0.00,4.36
2025-06-13,313489.10,316977.30,311419.94,314885.12,0.00,0.00,4.41
2025-06-16,312034.94,315523.03,309951.54,313416.34,0.00,0.00,4.46
2025-06-17,314343.21,317849.01,312282.07,315764.88,0.00,0.00,4.39
2025-06-18,314541.21,318065.41,312480.09,315981.21,0.00,0.00,4.38
2025-06-20,314473.54,317964.61,312403.74,315871.82,0.00,0.00,4.38
2025-06-23,315760.06,319257.27,313689.08,317163.36,0.00,0.00,4.34
2025-06-24,317027.73,320530.82,314963.23,318443.51,0.00,0.00,4.30
2025-06-25,317270.43,320768.04,315200.95,318675.74,0.00,0.00,4.29
2025-06-26,318246.67,321755.04,316174.10,319659.62,0.00,0.00,4.26
2025-06-27,317207.78,320704.70,315126.89,318600.86,0.00,0.00,4.29
2025-06-30,318932.83,322473.39,316867.39,320385.03,0.00,0.00,4.24
2025-07-01,318329.91,321863.78,316278.37,319789.47,0.00,0.00,4.26
2025-07-02,316980.22,320490.95,314913.38,318401.22,0.00,0.00,4.30
2025-07-03,315507.46,319050.61,313443.20,316963.18,0.00,0.00,4.35
2025-07-07,313829.96,317346.19,311745.61,315238.49,0.00,0.00,4.40
2025-07-08,313183.83,316700.89,311097.20,314590.83,0.00,0.00,4.42
2025-07-09,315726.10,319247.32,313658.53,317156.70,0.00,0.00,4.34
2025-07-10,315482.31,319000.81,313416.56,316912.03,0.00,0.00,4.35
2025-07-11,312846.29,316335.40,310756.22,314222.02,0.00,0.00,4.43
2025-07-14,312767.46,316255.69,310672.03,314136.89,0.00,0.00,4.43
2025-07-15,310685.37,314166.37,308584.17,312041.63,0.00,0.00,4.50
2025-07-16,311743.86,315220.67,309634.02,313087.30,0.00,0.00,4.46
2025-07-17,311526.25,315000.63,309419.77,312870.66,0.00,0.00,4.47
2025-07-18,312435.96,315912.45,310326.45,313779.46,0.00,0.00,4.44
2025-07-21,314338.61,317836.27,312244.03,315718.38,0.00,0.00,4.38
2025-07-22,315351.89,318860.83,313261.31,316746.98,0.00,0.00,4.35
2025-07-23,313861.20,317361.63,311771.88,315249.00,0.00,0.00,4.40
2025-07-24,312980.71,316479.37,310890.93,314366.23,0.00,0.00,4.43
2025-07-25,313963.71,317465.28,311879.67,315358.00,0.00,0.00,4.40
2025-07-28,313179.01,316663.76,311087.66,314549.14,0.00,0.00,4.42
2025-07-29,315859.98,319358.31,313791.16,317266.57,0.00,0.00,4.34
2025-07-30,314566.91,318075.21,312495.07,315980.25,0.00,0.00,4.38
2025-07-31,314899.82,318411.82,312831.48,316320.42,0.00,0.00,4.37
2025-08-01,319160.25,322596.50,317091.47,320505.44,0.00,0.00,4.23
2025-08-04,319534.35,322966.40,317464.13,320873.95,0.00,0.00,4.22
2025-08-05,319507.55,322947.54,317448.17,320865.99,0.00,0.00,4.22
2025-08-06,319271.08,322700.31,317200.14,320607.12,0.00,0.00,4.22
2025-08-07,318916.44,322341.85,316846.86,320250.05,0.00,0.00,4.23
2025-08-08,317692.15,321104.41,315619.92,319009.93,0.00,0.00,4.27
2025-08-11,317770.81,321183.92,315700.83,319091.71,0.00,0.00,4.27
2025-08-12,317020.17,320400.72,314931.71,318289.99,0.00,0.00,4.29
2025-08-13,318713.91,322087.89,316637.78,319989.79,0.00,0.00,4.24
2025-08-14,317105.67,320487.13,315019.43,318378.65,0.00,0.00,4.29
2025-08-15,315718.06,319084.73,313618.53,316962.81,0.00,0.00,4.33
2025-08-18,315443.81,318815.67,313340.44,316689.82,0.00,0.00,4.34
2025-08-19,316620.78,319988.91,314523.31,317869.14,0.00,0.00,4.30
2025-08-20,317146.67,320520.40,315056.98,318408.48,0.00,0.00,4.29
2025-08-21,315899.85,319284.73,313809.46,317171.94,0.00,0.00,4.33
2025-08-22,318067.04,321425.98,315974.52,319311.36,0.00,0.00,4.26
2025-08-25,317393.50,320745.33,315301.97,318631.72,0.00,0.00,4.28
2025-08-26,317883.53,321224.16,315781.82,319100.36,0.00,0.00,4.26
2025-08-27,318334.10,321663.06,316216.60,319523.42,0.00,0.00,4.24
2025-08-28,319237.39,322575.80,317132.80,320449.20,0.00,0.00,4.22
2025-08-29,318770.49,322079.38,316651.18,319938.07,0.00,0.00,4.23
2025-09-02,317017.86,320292.22,314888.26,318140.62,0.00,0.00,4.28
2025-09-03,319057.28,322328.04,316945.04,320194.15,0.00,0.00,4.22
2025-09-04,320648.04,323918.59,318543.58,321792.66,0.00,0.00,4.17
2025-09-05,323097.12,326317.71,321016.55,324216.40,0.00,0.00,4.10
2025-09-08,324847.35,328077.01,322793.69,326002.94,0.00,0.00,4.05
2025-09-09,323792.63,327020.15,321736.11,324943.13,0.00,0.00,4.08
2025-09-10,325029.09,328252.18,322982.16,326184.96,0.00,0.00,4.04
2025-09-11,326081.25,329306.37,324051.35,327256.40,0.00,0.00,4.01
2025-09-12,324486.63,327704.34,322448.31,325645.82,0.00,0.00,4.06
2025-09-15,324935.02,328140.44,322899.32,326084.65,0.00,0.00,4.05
2025-09-16,325320.10,328529.31,323288.95,326478.12,0.00,0.00,4.04
2025-09-17,324685.62,327880.21,322657.58,325832.21,0.00,0.00,4.06
2025-09-18,322942.93,326128.70,320900.35,324065.96,0.00,0.00,4.11
2025-09-19,321975.01,325151.23,319921.12,323077.07,0.00,0.00,4.14
2025-09-22,321545.31,324717.28,319490.44,322642.14,0.00,0.00,4.15
2025-09-23,322529.35,325711.03,320480.77,323642.24,0.00,0.00,4.12
2025-09-24,321273.70,324451.28,319217.51,322374.75,0.00,0.00,4.16
2025-09-25,320771.62,323969.03,318725.55,321902.57,0.00,0.00,4.18
2025-09-26,320162.18,323337.01,318114.35,321268.87,0.00,0.00,4.20
2025-09-29,321788.33,324987.58,319757.47,322936.53,0.00,0.00,4.15
2025-09-30,321350.72,324537.34,319312.38,322478.79,0.00,0.00,4.16
2025-10-01,322549.91,325723.48,320507.14,323660.61,0.00,0.00,4.12
2025-10-02,323311.30,326500.69,321278.19,324447.53,0.00,0.00,4.10
2025-10-03,322272.64,325460.10,320238.27,323405.60,0.00,0.00,4.13
2025-10-06,320680.86,323844.31,318636.81,321780.09,0.00,0.00,4.18
2025-10-07,321957.14,325133.18,319915.70,323071.59,0.00,0.00,4.14
2025-10-08,322213.58,325400.45,320181.11,323347.88,0.00,0.00,4.13
2025-10-09,321889.66,325081.63,319856.68,323028.48,0.00,0.00,4.14
2025-10-10,324959.04,328164.69,322949.09,326134.91,0.00,0.00,4.05
2025-10-14,325622.44,328826.24,323604.39,326788.34,0.00,0.00,4.03
2025-10-15,324921.06,328134.71,322902.13,326095.81,0.00,0.00,4.05
2025-10-16,326918.29,330126.41,324901.56,328089.89,0.00,0.00,3.99
2025-10-17,325958.47,329157.18,323942.59,327121.51,0.00,0.00,4.02
2025-10-20,326593.99,329790.51,324585.90,327762.77,0.00,0.00,4.00
2025-10-21,327408.05,330612.54,325406.38,328591.28,0.00,0.00,3.98
2025-10-22,327686.11,330893.33,325690.16,328877.84,0.00,0.00,3.97
2025-10-23,326376.46,329570.85,324379.13,327553.98,0.00,0.00,4.01
2025-10-24,326082.46,329257.16,324079.48,327234.69,0.00,0.00,4.02
2025-10-27,326381.83,329534.21,324384.49,327517.57,0.00,0.00,4.01
2025-10-28,327071.36,330221.96,325079.95,328211.37,0.00,0.00,3.99
2025-10-29,324273.58,327455.75,322277.75,325440.34,0.00,0.00,4.08
2025-10-30,323107.11,326277.84,321095.49,324246.47,0.00,0.00,4.11
2025-10-31,323072.90,326243.29,321053.92,324204.49,0.00,0.00,4.11
2025-11-03,322450.35,325622.94,320423.69,323576.34,0.00,0.00,4.13
2025-11-04,323318.72,326483.18,321296.38,324441.06,0.00,0.00,4.10
2025-11-05,321000.20,324150.25,318963.16,322093.22,0.00,0.00,4.17
2025-11-06,322994.70,326139.34,320961.02,324085.87,0.00,0.00,4.11
2025-11-07,322897.90,326041.60,320857.18,323981.01,0.00,0.00,4.11
2025-11-10,322252.50,325414.84,320218.19,323360.56,0.00,0.00,4.13
2025-11-12,323816.77,326986.11,321792.51,324942.04,0.00,0.00,4.08
2025-11-13,322740.97,325916.42,320706.45,323861.88,0.00,0.00,4.11
2025-11-14,321686.96,324852.04,319642.21,322787.17,0.00,0.00,4.14
2025-11-17,322139.94,325317.78,320097.70,323255.39,0.00,0.00,4.13
2025-11-18,322303.01,325465.85,320253.52,323396.25,0.00,0.00,4.12
2025-11-19,322122.58,325291.95,320078.80,323228.06,0.00,0.00,4.13
2025-11-20,323111.07,326281.84,321073.62,324224.39,0.00,0.00,4.10
2025-11-21,324241.45,327389.87,322195.70,325324.26,0.00,0.00,4.06
2025-11-24,324984.72,328148.74,322948.77,326092.97,0.00,0.00,4.04
2025-11-25,325901.29,329065.83,323863.07,327007.82,0.00,0.00,4.01
2025-11-26,326397.03,329574.80,324366.14,327524.14,0.00,0.00,4.00
2025-11-28,325674.44,328828.38,323642.73,326776.99,0.00,0.00,4.02
2025-12-01,323134.45,326272.12,321083.48,324201.24,0.00,0.00,4.09
2025-12-02,323241.73,326355.44,321191.24,324285.20,0.00,0.00,4.09
2025-12-03,324151.55,327240.60,322101.92,325171.44,0.00,0.00,4.06
2025-12-04,322569.31,325651.60,320514.65,323577.30,0.00,0.00,4.11
2025-12-05,321592.04,324656.70,319532.68,322577.72,0.00,0.00,4.14
2025-12-08,320523.25,323585.99,318459.67,321502.70,0.00,0.00,4.17
2025-12-09,320323.43,323392.52,318270.54,321319.96,0.00,0.00,4.18
2025-12-10,321740.75,324790.24,319690.82,322720.88,0.00,0.00,4.13
2025-12-11,321489.64,324503.58,319432.32,322426.98,0.00,0.00,4.14
2025-12-12,319709.76,322674.04,317629.43,320574.42,0.00,0.00,4.19
2025-12-15,320101.01,323085.43,318025.04,320990.10,0.00,0.00,4.18
2025-12-16,321130.79,324124.82,319057.51,322032.20,0.00,0.00,4.15
2025-12-17,320800.94,323783.62,318725.60,321688.98,0.00,0.00,4.16
2025-12-18,322128.44,325115.15,320061.35,323028.89,0.00,0.00,4.12
2025-12-19,320873.88,323865.51,318802.43,321774.75,0.00,0.00,4.16
2025-12-22,320493.35,323481.43,318421.74,321390.50,0.00,0.00,4.17
2025-12-23,320254.08,323231.67,318184.26,321142.60,0.00,0.00,4.18
2025-12-24,321255.14,324242.03,319193.05,322160.77,0.00,0.00,4.15
2025-12-26,321476.38,324457.05,319405.11,322366.57,0.00,0.00,4.14
2025-12-29,322004.90,324998.77,319937.39,322912.04,0.00,0.00,4.12
2025-12-30,321442.61,324431.25,319371.45,322340.83,0.00,0.00,4.14
2025-12-31,320152.46,323129.10,318080.44,321037.82,0.00,0.00,4.18
2026-01-02,319737.15,322701.69,317659.25,320604.52,0.00,0.00,4.19
2026-01-05,320447.66,323410.52,318370.33,321313.99,0.00,0.00,4.17
2026-01-06,320119.73,323071.30,318040.36,320972.76,0.00,0.00,4.18
2026-01-07,321154.52,324115.63,319088.62,322030.69,0.00,0.00,4.15
2026-01-08,319901.11,322850.67,317830.92,320761.39,0.00,0.00,4.19
2026-01-09,320383.74,323346.01,318328.27,321271.53,0.00,0.00,4.18
2026-01-12,319920.87,322887.11,317862.98,320810.14,0.00,0.00,4.19
2026-01-13,320290.58,323268.50,318231.28,321190.06,0.00,0.00,4.18
2026-01-14,321369.01,324348.68,319319.75,322280.42,0.00,0.00,4.15
2026-01-15,320730.07,323720.36,318688.97,321660.23,0.00,0.00,4.17
2026-01-16,318610.00,321580.52,316557.28,319508.66,0.00,0.00,4.24
2026-01-20,316448.45,319406.98,314372.99,317312.11,0.00,0.00,4.30
2026-01-21,317853.04,320832.89,315790.92,318751.44,0.00,0.00,4.26
2026-01-22,318047.97,321021.45,316002.41,318956.77,0.00,0.00,4.26
2026-01-23,318638.72,321617.73,316594.92,319554.82,0.00,0.00,4.24
2026-01-26,319314.25,322307.80,317280.31,320254.79,0.00,0.00,4.22
2026-01-27,318515.47,321493.33,316463.20,319421.87,0.00,0.00,4.24
2026-01-28,317862.01,320850.15,315805.69,318774.50,0.00,0.00,4.26
2026-01-29,318530.19,321516.40,316468.73,319435.61,0.00,0.00,4.24
2026-01-30,317926.70,320899.05,315852.80,318805.76,0.00,0.00,4.26
2026-02-02,316914.81,319885.87,314838.33,317789.93,0.00,0.00,4.29
2026-02-03,317178.82,320152.36,315102.05,318056.11,0.00,0.00,4.28
2026-02-04,316840.13,319810.49,314759.81,317710.67,0.00,0.00,4.29
2026-02-05,319351.59,322312.56,317282.01,320223.78,0.00,0.00,4.21
2026-02-06,319041.88,322008.20,316971.81,319918.88,0.00,0.00,4.22
2026-02-09,319152.09,322119.44,317082.44,320030.54,0.00,0.00,4.22
2026-02-10,321077.22,324054.18,319023.37,321981.29,0.00,0.00,4.16
2026-02-11,320289.97,323276.15,318236.52,321203.56,0.00,0.00,4.18
2026-02-12,323218.66,326215.48,321181.60,324159.53,0.00,0.00,4.09
2026-02-13,324842.21,327862.45,322808.42,325809.75,0.00,0.00,4.04
2026-02-17,324697.80,327716.71,322671.22,325671.29,0.00,0.00,4.05
2026-02-18,323510.57,326526.77,321481.72,324479.01,0.00,0.00,4.09
2026-02-19,323853.90,326873.31,321827.15,324827.66,0.00,0.00,4.08
2026-02-20,323706.36,326732.74,321671.75,324679.11,0.00,0.00,4.08
2026-02-23,325271.21,328320.61,323235.94,326266.26,0.00,0.00,4.03
2026-02-24,324968.04,328014.60,322938.04,325965.56,0.00,0.00,4.04
2026-02-25,324718.91,327763.13,322689.06,325714.25,0.00,0.00,4.05
2026-02-26,325771.54,328817.23,323744.66,326771.40,0.00,0.00,4.02
2026-02-27,327332.49,330384.33,325305.12,328338.06,0.00,0.00,3.97
2026-03-02,324654.39,327748.23,322622.18,325696.66,0.00,0.00,4.05
2026-03-03,324330.83,327421.59,322296.46,325367.83,0.00,0.00,4.06
2026-03-04,323375.96,326457.62,321342.56,324404.85,0.00,0.00,4.09
2026-03-05,321999.30,325067.85,319960.97,323010.08,0.00,0.00,4.13
2026-03-06,321283.90,324329.05,319232.51,322258.22,0.00,0.00,4.15
2026-03-09,322380.33,325452.51,320342.21,323394.96,0.00,0.00,4.12
2026-03-10,321284.49,324346.22,319234.70,322276.90,0.00,0.00,4.15
2026-03-11,319225.76,322267.87,317153.96,320176.33,0.00,0.00,4.21
2026-03-12,317384.20,320425.13,315316.33,318337.44,0.00,0.00,4.27
2026-03-13,316877.31,319913.38,314796.69,317812.83,0.00,0.00,4.28
2026-03-16,318677.65,321747.40,316603.96,319653.74,0.00,0.00,4.23
2026-03-17,319557.76,322627.75,317491.29,320541.43,0.00,0.00,4.20
2026-03-18,317805.26,320883.00,315743.17,318800.93,0.00,0.00,4.26
2026-03-19,318152.77,321250.27,316103.32,319180.87,0.00,0.00,4.25
2026-03-20,313528.34,316605.06,311445.83,314502.12,0.00,0.00,4.39
2026-03-23,315050.90,318126.33,312972.79,316027.93,0.00,0.00,4.34
2026-03-24,313660.20,316730.14,311590.21,314639.88,0.00,0.00,4.39
2026-03-25,315512.24,318584.03,313448.63,316500.34,0.00,0.00,4.33
2026-03-26,312844.56,315898.45,310781.18,313814.93,0.00,0.00,4.42
2026-03-27,312124.78,315155.55,310044.11,313054.68,0.00,0.00,4.44
2026-03-30,314860.12,317901.21,312789.32,315810.41,0.00,0.00,4.35
2026-03-31,316408.47,319456.36,314343.70,317371.71,0.00,0.00,4.30
2026-04-01,315390.76,318428.85,313325.10,316343.29,0.00,0.00,4.33
2026-04-02,316160.12,319205.63,314098.79,317124.43,0.00,0.00,4.31
2026-04-03,314918.06,317959.72,312856.00,315877.74,0.00,0.00,4.35
2026-04-06,315324.85,318378.57,313268.55,316302.35,0.00,0.00,4.34
2026-04-07,315549.21,318596.96,313480.50,316508.27,0.00,0.00,4.33
2026-04-08,316725.45,319784.57,314664.30,317703.50,0.00,0.00,4.29
2026-04-09,316635.29,319677.20,314568.76,317590.83,0.00,0.00,4.29
2026-04-10,316079.20,319123.92,314014.05,317038.88,0.00,0.00,4.31
2026-04-13,316447.13,319511.71,314380.53,317425.09,0.00,0.00,4.30
2026-04-14,317755.23,320824.29,315695.02,318744.18,0.00,0.00,4.26
2026-04-15,316824.48,319876.38,314756.39,317788.37,0.00,0.00,4.29
2026-04-16,315880.44,318915.11,313801.42,316816.11,0.00,0.00,4.32
2026-04-17,317723.52,320759.51,315651.12,318667.31,0.00,0.00,4.26
2026-04-20,317742.76,320803.51,315673.48,318714.29,0.00,0.00,4.26
2026-04-21,316577.01,319634.69,314510.76,317548.48,0.00,0.00,4.30
2026-04-22,316533.77,319582.87,314469.37,317498.59,0.00,0.00,4.30
2026-04-23,315366.28,318404.14,313297.48,316315.40,0.00,0.00,4.34
2026-04-24,316239.96,319278.08,314171.76,317190.01,0.00,0.00,4.31
2026-04-27,314925.59,317959.20,312846.40,315859.99,0.00,0.00,4.35
2026-04-28,314664.18,317695.27,312591.76,315602.89,0.00,0.00,4.36
2026-04-29,312796.03,315817.19,310720.67,313721.78,0.00,0.00,4.42
2026-04-30,313318.76,316328.81,311236.28,314226.33,0.00,0.00,4.40
2026-05-01,313601.86,316614.64,311524.74,314517.56,0.00,0.00,4.39
2026-05-04,311778.26,314813.70,309693.30,312708.44,0.00,0.00,4.45
2026-05-05,312450.45,315484.38,310378.09,313391.90,0.00,0.00,4.43
2026-05-06,314652.90,317700.11,312585.39,315612.57,0.00,0.00,4.36
2026-05-07,313127.59,316160.03,311054.12,314066.47,0.00,0.00,4.41
2026-05-08,314101.20,317143.06,312035.09,315056.95,0.00,0.00,4.38
2026-05-11,312781.48,315834.75,310711.01,313744.07,0.00,0.00,4.42
2026-05-12,311397.52,314437.28,309318.99,312338.46,0.00,0.00,4.46
2026-05-13,311361.43,314400.84,309277.30,312296.36,0.00,0.00,4.46
2026-05-14,311289.33,314320.02,309214.52,312225.00,0.00,0.00,4.47
2026-05-15,307314.36,310314.27,305218.76,308198.20,0.00,0.00,4.59
2026-05-18,306903.46,309899.35,304806.45,307781.87,0.00,0.00,4.61
2026-05-19,305053.47,308031.31,302949.63,305906.93,0.00,0.00,4.67
2026-05-20,308160.01,311152.28,306068.77,309040.73,0.00,0.00,4.57
2026-05-21,308176.04,311192.29,306096.82,309092.73,0.00,0.00,4.57
2026-05-22,308664.58,311693.58,306600.94,309609.69,0.00,0.00,4.56
2026-05-26,310394.05,313448.02,308323.76,311357.36,0.00,0.00,4.50
2026-05-27,310983.06,314034.81,308918.42,311949.91,0.00,0.00,4.48
2026-05-28,311952.66,315013.92,309895.27,312936.35,0.00,0.00,4.45
2026-05-29,312036.97,315091.02,309972.76,313006.60,0.00,0.00,4.45
2026-06-01,311358.39,314413.83,309304.31,312339.59,0.00,0.00,4.47
2026-06-02,311758.02,314809.34,309709.61,312740.87,0.00,0.00,4.46
2026-06-03,310828.42,313870.63,308775.71,311797.84,0.00,0.00,4.49
2026-06-04,311437.68,314485.87,309387.35,312415.47,0.00,0.00,4.47
2026-06-05,309141.69,312191.30,307093.69,310123.10,0.00,0.00,4.55
2026-06-08,308723.31,311784.71,306668.26,309709.28,0.00,0.00,4.56
2026-06-09,309660.81,312723.53,307611.45,310653.90,0.00,0.00,4.53
2026-06-10,309065.07,312121.90,307008.56,310045.05,0.00,0.00,4.55
2026-06-11,312046.81,315125.08,310005.24,313063.38,0.00,0.00,4.45
2026-06-12,311172.82,314250.50,309129.23,312186.69,0.00,0.00,4.48
2026-06-15,311520.52,314593.60,309473.92,312526.81,0.00,0.00,4.47
2026-06-16,312894.55,315981.19,310862.53,313929.12,0.00,0.00,4.43
2026-06-17,311188.41,314338.42,309168.91,312298.48,0.00,0.00,4.49
2026-06-18,312209.56,315377.95,310198.13,313346.10,0.00,0.00,4.46
2026-06-22,310572.45,313772.24,308549.01,311727.95,0.00,0.00,4.51
2026-06-23,310844.21,314030.78,308821.34,311987.17,0.00,0.00,4.50
2026-06-24,313774.36,316982.89,311765.59,314953.57,0.00,0.00,4.41
2026-06-25,314054.48,317265.87,312040.52,315231.31,0.00,0.00,4.40
2026-06-26,314577.72,317786.35,312556.77,315744.78,0.00,0.00,4.38
2026-06-29,314628.44,317886.23,312616.20,315853.15,0.00,0.00,4.38
2026-06-30,312624.28,315869.37,310594.89,313818.91,0.00,0.00,4.44
2026-07-01,311306.18,314529.57,309272.44,312474.77,0.00,0.00,4.48
2026-07-02,310912.75,314116.05,308868.56,312050.79,0.00,0.00,4.49
2026-07-06,311195.03,314401.24,309145.60,312330.69,0.00,0.00,4.48
2026-07-07,309043.83,312235.83,306983.35,310154.07,0.00,0.00,4.55
2026-07-08,308584.86,311772.12,306527.07,309693.07,0.00,0.00,4.56
2026-07-09,309160.72,312330.03,307098.07,310246.24,0.00,0.00,4.54
2026-07-10,308566.74,311753.81,306501.75,309667.50,0.00,0.00,4.56
2026-07-13,306933.55,310135.38,304870.04,308050.35,0.00,0.00,4.62
2026-07-14,307979.44,311128.71,305913.04,309041.18,0.00,0.00,4.58
2026-07-15,308914.00,312056.90,306842.74,309964.57,0.00,0.00,4.55
2026-07-16,308291.79,311436.31,306216.77,309340.12,0.00,0.00,4.57
2026-07-17,308914.56,312081.35,306848.08,309993.69,0.00,0.00,4.55
2026-07-20,307338.26,310520.57,305262.52,308423.34,0.00,0.00,4.60
2026-07-21,306413.51,309602.03,304341.11,307508.06,0.00,0.00,4.63
2026-07-22,305294.05,308494.51,303216.18,306394.86,0.00,0.00,4.67
2026-07-23,304110.85,307330.25,302032.74,305230.14,0.00,0.00,4.71
2026-07-24,304751.67,307970.00,302673.86,305870.24,0.00,0.00,4.69
2026-07-27,305903.14,309149.39,303832.16,307056.43,0.00,0.00,4.65
2026-07-28,307184.56,310420.67,305117.57,308331.91,0.00,0.00,4.61
2026-07-29,305011.48,308146.11,302909.25,306022.28,0.00,0.00,4.67
2026-07-30,304701.90,307841.20,302597.87,305715.50,0.00,0.00,4.68
2026-07-31,302589.42,305706.96,300476.80,303572.58,0.00,0.00,4.75
2026-08-03,304160.39,307325.46,302056.46,305199.64,0.00,0.00,4.70
2026-08-04,306189.37,309359.78,304090.63,307239.30,0.00,0.00,4.63
2026-08-05,306173.72,309328.19,304075.04,307207.89,0.00,0.00,4.63
2026-08-06,304474.79,307619.60,302374.19,305497.31,0.00,0.00,4.69
2026-08-07,305537.51,308669.68,303435.27,306545.89,0.00,0.00,4.65
2026-08-10,303504.31,306646.91,301395.45,304516.22,0.00,0.00,4.72
2026-08-11,303957.82,307097.29,301845.22,304962.87,0.00,0.00,4.70
2026-08-12,304504.48,307633.90,302393.30,305501.03,0.00,0.00,4.68
2026-08-13,305975.71,309096.60,303868.27,306967.67,0.00,0.00,4.63
2026-08-14,304453.93,307567.15,302334.18,305425.73,0.00,0.00,4.68
2026-08-17,303160.07,306260.06,301024.74,304102.89,0.00,0.00,4.72
2026-08-18,303557.60,306653.83,301427.63,304502.13,0.00,0.00,4.71
2026-08-19,305803.21,308922.35,303710.23,306808.02,0.00,0.00,4.65
2026-08-20,304546.91,307653.23,302452.47,305537.43,0.00,0.00,4.69
2026-08-21,303054.07,306152.97,300947.30,304024.66,0.00,0.00,4.74
2026-08-24,304241.64,307360.52,302148.59,305246.02,0.00,0.00,4.70
2026-08-25,306074.25,309204.03,303986.48,307094.92,0.00,0.00,4.64
2026-08-26,305490.26,308606.20,303404.37,306499.04,0.00,0.00,4.66
2026-08-27,305182.45,308295.25,303094.75,306186.25,0.00,0.00,4.67
2026-08-28,303591.04,306750.18,301511.28,304648.78,0.00,0.00,4.73
2026-08-31,302820.00,305947.71,300733.48,303839.64,0.00,0.00,4.75
2026-09-01,301696.01,304819.89,299609.06,302711.34,0.00,0.00,4.79
2026-09-02,301680.87,304804.60,299592.45,302694.55,0.00,0.00,4.79
2026-09-03,302310.49,305401.79,300223.87,303293.83,0.00,0.00,4.77
2026-09-04,302063.37,305175.49,299981.90,303072.58,0.00,0.00,4.78
2026-09-08,301457.61,304579.03,299379.78,302479.68,0.00,0.00,4.80
2026-09-09,300639.95,303760.64,298561.94,301661.06,0.00,0.00,4.83
2026-09-10,297076.05,300205.67,294985.86,298093.45,0.00,0.00,4.95
2026-09-11,296898.70,300064.68,294820.41,297964.24,0.00,0.00,4.96
2026-09-14,296776.60,299987.14,294705.18,297893.31,0.00,0.00,4.97
2026-09-15,295877.92,299071.12,293801.46,296972.25,0.00,0.00,5.00
2026-09-16,295701.46,298930.83,293636.86,296843.68,0.00,0.00,5.01
2026-09-17,297834.43,301071.76,295778.38,298993.35,0.00,0.00,4.94
2026-09-18,295833.66,299079.71,293770.71,296994.13,0.00,0.00,5.01
2026-09-21,297340.86,300626.42,295290.98,298553.89,0.00,0.00,4.96
2026-09-22,297314.61,300592.23,295264.88,298519.89,0.00,0.00,4.96
2026-09-23,293033.64,296301.78,290972.81,294217.97,0.00,0.00,5.11
2026-09-24,290932.53,294199.70,288848.96,292092.74,0.00,0.00,5.18
2026-09-25,291157.69,294419.90,289057.40,292296.08,0.00,0.00,5.17
2026-09-28,289119.20,292418.11,287016.47,290291.38,0.00,0.00,5.24
