year,iso,country,eq_tr,eq_usd,gdp_usd_prev,xrusd,ltrate,cpi,cpi_infl,bill_rate,bond_tr
1870,AUS,Australia,-0.004903895314782858,,,0.36694614706545575,4.911817,2.708333,,0.04879999905824661,
1871,AUS,Australia,0.11019296944141388,0.10357564888884996,5810000.000000001,0.3691464495849117,4.844633,2.666667,-0.015384371124230412,0.04600000008940697,
1872,AUS,Australia,0.1767493039369583,0.17645495731735727,5525000.0,0.36923880927016545,4.73735,2.541667,-0.04687499414062568,0.04600000008940697,
1873,AUS,Australia,0.15168581902980804,0.1734036880520009,6119000.0,0.3624047757834013,4.671958,2.541667,0.0,0.04399999976158142,
1874,AUS,Australia,0.19148139655590057,0.16005195918715476,6764000.0,0.37222345512135085,4.653317,2.666667,0.049180321418974327,0.04500000178813934,
1875,AUS,Australia,0.12440787255764008,0.15960454157006487,6986999.999999999,0.3609256158331147,4.507325,2.75,0.03124987109376609,0.04600000008940697,
1876,AUS,Australia,0.11881456524133682,0.08544428265550508,7754999.999999999,0.3720217079912038,4.565908,2.791667,0.015151636363636367,0.04600000008940697,
1877,AUS,Australia,0.136591374874115,0.05732776311272314,7730000.0,0.39991067984815576,4.38885,2.875,0.02985062330141819,0.04500000178813934,
1878,AUS,Australia,-0.0789373591542244,-0.10720552970913955,8051999.999999999,0.41257288115076557,4.4428,2.833333,-0.014492869565217337,0.04800000041723251,
1879,AUS,Australia,0.12413585931062698,0.11732375675191475,8820000.0,0.4150882566293221,4.60335,2.75,-0.02941165051901773,0.04899999871850014,
1880,AUS,Australia,0.11423738300800323,0.12116747347067824,8943999.999999998,0.41252253898543567,4.409408,2.666667,-0.030302909090909158,0.04699999839067459,
1881,AUS,Australia,0.07269452512264252,0.06404760713866353,9415000.000000002,0.415874878239073,3.7815,2.625,-0.01562512304685959,0.04699999839067459,
1882,AUS,Australia,0.09030421078205109,0.09939372961440451,10107999.999999998,0.4124365263221646,3.8220916,2.666667,0.015873142857142808,0.04500000178813934,
1883,AUS,Australia,0.28716498613357544,0.2848603084119288,9539000.0,0.4131763213548113,4.016817,2.958333,0.10937473632815808,0.04699999839067459,
1884,AUS,Australia,0.04399999976158142,0.04243467025970715,10951000.000000002,0.4137967507243865,3.9964250000000003,3.0,0.014084621305309408,0.04899999871850014,
1885,AUS,Australia,0.11300000548362732,0.11489164555726838,11000000.0,0.41309466050859567,4.03225,3.0,0.0,0.04800000041723251,
1886,AUS,Australia,0.029000001028180122,0.03142104333595741,11719000.000000002,0.4121250083411612,4.01905,3.0,0.0,0.04699999839067459,
1887,AUS,Australia,0.28200000524520874,0.27474152210913805,11867000.0,0.41447168205588253,3.5752833,2.916667,-0.0277776666666667,0.04600000008940697,
1888,AUS,Australia,0.2619999945163727,0.2667946355673245,13131000.0,0.4129029645341571,3.3496417000000003,2.791667,-0.04285713795918422,0.04600000008940697,
1889,AUS,Australia,-0.010999999940395355,-0.00828830184538798,13205000.0,0.4117739386444417,3.4856584,2.791667,0.0,0.04500000178813934,
1890,AUS,Australia,0.0139999995008111,0.011552055585489107,14345000.0,0.4127704266670076,3.55445,2.791667,0.0,0.0430000014603138,
1891,AUS,Australia,-0.10399999469518661,-0.10525747615589354,13850000.0,0.41335053898449514,3.5774917000000004,2.75,-0.01492549075516525,0.0430000014603138,
1892,AUS,Australia,0.06300000101327896,0.06567101949636389,14913999.999999998,0.4123145091878488,3.652375,2.708333,-0.015151636363636367,0.0430000014603138,
1893,AUS,Australia,-0.049000002443790436,-0.05097253631779619,13081000.0,0.4131714963323109,3.72025,2.625,-0.030769111479275302,0.041999999433755875,
1894,AUS,Australia,0.10600000619888306,0.1080379488073322,12362000.0,0.4124115766942889,3.573975,2.458333,-0.06349219047619048,0.039000000804662704,
1895,AUS,Australia,0.20100000500679016,0.20499920918256742,12784000.0,0.41104284708261263,3.0679083,2.291667,-0.06779634817577607,0.035999998450279236,
1896,AUS,Australia,0.017000000923871994,0.012058367145520776,12065999.999999998,0.4130498688942322,2.6616667,2.291667,0.0,0.032999999821186066,
1897,AUS,Australia,0.08500000089406967,0.08522323556054023,12982000.0,0.4129649029197701,2.5364,2.291667,0.0,0.03099999949336052,
1898,AUS,Australia,0.1550000011920929,0.14579782717075496,12263999.999999998,0.4162815219700577,2.6442333,2.25,-0.018181960991714763,0.029999999329447746,
1899,AUS,Australia,0.1210000067949295,0.12306128822713713,14172000.0,0.4155174733995985,2.6498583,2.375,0.05555555555555558,0.03099999949336052,
1900,AUS,Australia,0.12200000137090683,0.12203540070017027,14171999.999999998,0.4155043641520236,2.9320332999999996,2.416667,0.017544000000000004,0.03099999949336052,0.01996787264943123
1901,AUS,Australia,-0.03200000151991844,-0.031019956112836256,15014000.000000002,0.4150841148947982,3.2178082999999997,2.458333,0.017241101070192943,0.02879999950528145,0.0019368263892829418
1902,AUS,Australia,0.15600000321865082,0.15547870612377102,14568000.0,0.4152713811266021,3.3478250000000003,2.625,0.06779675495549209,0.02879999950528145,0.004963635001331568
1903,AUS,Australia,0.21899999678134918,0.218280919244902,14717000.0,0.4155164907043526,3.62,2.666667,0.015873142857142808,0.031300000846385956,-0.014857573434710503
1904,AUS,Australia,0.07500000298023224,0.07727437944138305,15880999.999999998,0.4146392388698032,3.9637919999999998,2.541667,-0.04687499414062568,0.032499998807907104,0.01384330727159977
1905,AUS,Australia,0.1459999978542328,0.14533093404245068,16947000.0,0.41488145716796226,3.7524333,2.541667,0.0,0.032499998807907104,0.08857621252536774
1906,AUS,Australia,0.10199999809265137,0.10182733309486136,17145000.0,0.4149464723511342,3.4622833,2.583333,0.016393178177943835,0.032499998807907104,0.07954419404268265
1907,AUS,Australia,0.08799999952316284,0.09586200926619148,18309000.0,0.41196953439646916,3.5348667000000003,2.583333,0.0,0.03189999982714653,-0.03257241100072861
1908,AUS,Australia,0.17299999296665192,0.16498740407973744,19052000.0,0.41480299208149884,3.5890917,2.666667,0.03225832674300988,0.03189999982714653,0.051706720143556595
1909,AUS,Australia,0.13500000536441803,0.13842469194662832,19697000.0,0.41355515351010147,3.71705,2.708333,0.0156247480469065,0.031300000846385956,0.025407500565052032
1910,AUS,Australia,0.06700000166893005,0.06595657623230955,21307000.0,0.41395996734233387,3.771925,2.75,0.01538474035504489,0.031300000846385956,0.03399746119976044
1911,AUS,Australia,0.10700000077486038,0.10514211752725289,22793000.0,0.4146558862439013,3.7424667,2.958333,0.07575745454545468,0.032499998807907104,0.02622406557202339
1912,AUS,Australia,0.0860000029206276,0.08728787059459342,22967000.000000004,0.41416473580788926,4.2347333,3.208333,0.08450705177544249,0.033799998462200165,0.004786519333720207
1913,AUS,Australia,0.08899999409914017,0.08982966162732375,23763999.999999996,0.41384943971647487,4.549142,3.166667,-0.012986806544083906,0.032999999821186066,0.046712275594472885
1914,AUS,Australia,0.11399999260902405,0.12536541833934245,24861000.0,0.40966984169970594,4.3560916,3.333333,0.052631362880909194,0.032999999821186066,0.034674618393182755
1915,AUS,Australia,-0.03500000014901161,-0.07474900346039326,24797000.0,0.4272693557290839,4.75,3.708333,0.1125000112500012,0.034730080515146255,0.015299476683139801
1916,AUS,Australia,-0.03400000184774399,-0.030933087934712833,24341000.0,0.42591712884425026,5.16,3.791667,0.022472091907603797,0.03524843975901604,0.03868512809276581
1917,AUS,Australia,0.1550000011920929,0.15883104372132517,24172000.0,0.42450906625965557,5.18,4.041667,0.06593406013766523,0.03680352121591568,0.052007488906383514
1918,AUS,Australia,0.07500000298023224,0.07517969062162799,23716000.0,0.424438120878588,5.07,4.333333,0.07216477755342021,0.03732188045978546,0.012830662541091442
1919,AUS,Australia,0.18700000643730164,0.10152061421865222,23155000.0,0.4573750556384178,5.6,4.875,0.1250000865384684,0.03732188045978546,0.04032709449529648
1920,AUS,Australia,0.08100000023841858,-0.11617435474380367,24488000.0,0.5594117322889597,6.28,4.958333,0.01709394871794867,0.03939530998468399,0.022570228204131126
1921,AUS,Australia,0.19900000095367432,0.2661224031683451,25534000.0,0.5297549951485833,7.05,4.5,-0.09243691377727148,0.04084672033786774,0.09520445019006729
1922,AUS,Australia,0.21299999952316284,0.4195852428622806,26818000.0,0.45266236183674174,6.17,4.416667,-0.018518444444444393,0.04084672033786774,0.06473860144615173
1923,AUS,Australia,0.16200000047683716,0.207272708613776,28224999.999999996,0.435687530180402,5.6,4.416667,0.0,0.041468750685453415,0.04092918708920479
1924,AUS,Australia,0.13699999451637268,0.11994981393048709,29578999.999999996,0.44232046227806776,5.97,4.458333,0.0094338106087688,0.041468750685453415,0.03612132370471954
1925,AUS,Australia,0.1770000010728836,0.2560846420334353,31524000.0,0.41447141948415456,5.33,4.5,0.009345869857635192,0.04209078103303909,0.08992226421833038
1926,AUS,Australia,0.14100000262260437,0.1462459981473394,33002000.0,0.41257451845657517,5.12,4.5,0.0,0.04209078103303909,0.041868820786476135
1927,AUS,Australia,0.12399999797344208,0.11921516430784318,33792000.00000001,0.41433834413409815,5.08,4.583333,0.018518444444444393,0.04209078103303909,0.0581154003739357
1928,AUS,Australia,0.1770000010728836,0.1747231197516046,34305000.0,0.4151414263418,5.07,4.625,0.009090982479344145,0.04209078103303909,0.04486045241355896
1929,AUS,Australia,-0.05300000309944153,-0.09950976240364107,34368000.0,0.4365832221661474,5.23,4.625,0.0,0.04343852028250694,-0.01681390590965748
1930,AUS,Australia,-0.29600000381469727,-0.420864589178364,33662000.0,0.5307128194828947,5.84,4.25,-0.08108108108108103,0.04343852028250694,-0.044330671429634094
1931,AUS,Australia,0.1770000010728836,0.13090369535963298,30457999.999999996,0.5523449889357013,6.94,4.083333,-0.039215764705882394,0.042816489934921265,0.03795658424496651
1932,AUS,Australia,0.24799999594688416,-0.03857794684916127,28415999.999999996,0.7169864074720653,5.25,3.916667,-0.04081616659723808,0.03286398947238922,0.33444881439208984
1933,AUS,Australia,0.25600001215934753,0.5177988713328086,30024999.999999996,0.5933163830278935,4.32,3.916667,0.0,0.02768038958311081,0.05805879086256027
1934,AUS,Australia,0.23200000822544098,0.4610824474779529,32109999.999999996,0.5002905825283235,3.87,3.916667,0.0,0.02591796964406967,0.0723716989159584
1935,AUS,Australia,0.10100000351667404,0.07527864326369338,33810000.0,0.5122578566716348,3.35,3.958333,0.010638126754201949,0.023326169699430466,0.021961230784654617
1936,AUS,Australia,0.1979999989271164,0.21534562498890875,35798000.0,0.504946822636257,3.58,4.083333,0.031578950027700836,0.023326169699430466,0.03695134073495865
1937,AUS,Australia,0.024000000208616257,0.018381938267704845,37414000.0,0.5077324401141773,3.88,4.166667,0.020408328196598324,0.023326169699430466,-0.012195300310850143
1938,AUS,Australia,-0.004999999888241291,-0.016013171707842,39306000.0,0.5134151834605164,3.84,4.25,0.019999918400006367,0.023326169699430466,-0.016877157613635063
1939,AUS,Australia,0.05300000309944153,-0.04476758528615654,40639200.0,0.5659629860207143,3.91,4.375,0.02941176470588225,0.024155549705028534,0.020138269290328026
1940,AUS,Australia,0.03500000014901161,-0.1062295544584515,40749408.00000001,0.655393891728929,3.3,4.625,0.05714285714285716,0.023326169699430466,0.11944659054279327
1941,AUS,Australia,-0.054999999701976776,-0.0050806131349165895,43421952.00000001,0.6225099601593626,3.23,4.875,0.054054054054053946,0.022496800869703293,-0.0033347487915307283
1942,AUS,Australia,0.18400000035762787,0.18481075732998442,48271103.99999999,0.6220839813374806,3.24,5.166667,0.0598291282051282,0.021563749760389328,0.0647120252251625
1943,AUS,Australia,0.08899999409914017,0.09299694586597362,53836608.0,0.6198090987975704,3.23,5.208333,0.008064386576491112,0.021563749760389328,0.05429811775684357
1944,AUS,Australia,0.07999999821186066,0.08040163450721671,55737696.0,0.6195786864931846,3.24,5.25,0.00800006451200419,0.021563749760389328,0.04938143864274025
1945,AUS,Australia,0.14100000262260437,0.13817224549094975,53809056.00000001,0.6211180124223602,3.25,5.375,0.023809523809523725,,0.03436411917209625
1946,AUS,Australia,0.13300000131130219,0.13067770317196836,51108960.0,0.6223937262712392,3.24,5.5,0.023255813953488413,,0.09984293580055237
1947,AUS,Australia,0.16600000858306885,0.16476629972977275,49290528.0,0.6230529595015576,3.17,5.916667,0.07575763636363653,,-0.034264713525772095
1948,AUS,Australia,0.024000000208616257,0.028466193057808953,50502816.0,0.6203473045260441,3.129999999,6.416667,0.08450703749256117,0.02250000089406967,0.0579167939722538
1949,AUS,Australia,0.08100000023841858,-0.2489329910377276,53753952.00000001,0.892856999892857,3.119999999,6.968818,0.08604950202340245,0.019899999722838402,-0.04020370915532112
1950,AUS,Australia,0.3140000104904175,0.3140000104904175,57308160.00000001,0.892856999892857,3.139999999,7.609278,0.09190367720896142,0.019500000402331352,0.04981490224599838
1951,AUS,Australia,-0.04600000008940697,-0.052814437890037924,61274000.00000001,0.899280575941751,3.529999999,9.118934,0.19839674670842622,0.020099999383091927,-0.08226433396339417
1952,AUS,Australia,-0.13300000131130219,-0.1259829153808183,63891999.99999999,0.8920606609217285,4.339999999,10.68959,0.1722411852087098,0.024900000542402267,0.014635879546403885
1953,AUS,Australia,0.12999999523162842,0.12999999523162842,64470000.0,0.8920606609217285,4.479999999,11.14706,0.04279584156174354,0.030700000002980232,0.0874667838215828
1954,AUS,Australia,0.1860000044107437,0.17647814941390405,66481000.0,0.899280575941751,4.459999999,11.2233,0.006839471573670597,0.033399999141693115,0.07898322492837906
1955,AUS,Australia,0.10300000011920929,0.10944739171028384,70614000.0,0.8940545381262892,4.519999999,11.45204,0.020380814911835188,0.03790000081062317,-0.09786063432693481
1956,AUS,Australia,0.07699999958276749,0.07074117127528656,74471000.0,0.899280575941751,5.029999999,12.16875,0.06258360955777298,0.0471000000834465,-0.006890301592648029
1957,AUS,Australia,0.16700001060962677,0.17592042383506,77033999.99999999,0.8924587245813981,5.019999999,12.46991,0.02474863893168977,0.04569999873638153,0.04079161584377289
1958,AUS,Australia,0.1889999955892563,0.1868777287510237,78577000.0,0.8940545381262892,4.97,12.63384,0.013146045159908804,0.042899999767541885,0.09300865232944489
1959,AUS,Australia,0.4429999887943268,0.44170986875146623,82351000.0,0.8948545865299573,4.909999999,12.86639,0.0184069134958178,0.039900001138448715,0.07289112359285355
1960,AUS,Australia,-0.06199999898672104,-0.060740939002363104,87421008.62843846,0.8936550499500042,4.989999999,13.35436,0.037925945039750664,0.04390000179409981,-0.013662530109286308
1961,AUS,Australia,0.11600000411272049,0.11749598267118078,91084973.62727535,0.8924587245813981,5.269999999,13.68984,0.025121383578097456,0.04989999905228615,0.041182514280080795
1962,AUS,Australia,0.041999999433755875,0.04014011545357077,91712965.38744806,0.8940545381262892,4.919999999,13.65172,-0.002784546787983011,0.042899999767541885,0.14103387296199799
1963,AUS,Australia,0.26600000262260437,0.2631703200048383,97444018.05359682,0.8960573484724516,4.58,13.72415,0.005305558566979229,0.03819999843835831,0.049746498465538025
1964,AUS,Australia,0.04399999976158142,0.042129032019235124,103412971.80025639,0.8976660690269841,4.72,14.04819,0.023610934010485085,0.041200000792741776,0.00975099578499794
1965,AUS,Australia,-0.0819999948143959,-0.07829173626395669,110487960.60438368,0.8940545381262892,5.209999999,14.60478,0.039620050696922426,0.048500001430511475,0.05283568426966667
1966,AUS,Australia,0.06700000166893005,0.0627071997515718,116130959.3925687,0.8976660682226211,5.25,15.03938,0.029757380802723388,0.04919999837875366,0.03102748841047287
1967,AUS,Australia,0.42500001192092896,0.43395422974718234,119362969.27615187,0.8920606609206608,5.25,15.51972,0.031938816626749134,0.045499999076128006,0.042242784053087234
1968,AUS,Australia,0.3479999899864197,0.33477251580704603,127421957.06901397,0.9009009009009008,5.209999999,15.93145,0.026529473469882214,0.04809999838471413,0.021812694147229195
1969,AUS,Australia,0.10100000351667404,0.10893513768526253,134913000.0,0.8944543836265245,5.714166666,16.39655,0.029193827303855002,0.0478999987244606,0.11040104180574417
1970,AUS,Australia,-0.13699999451637268,-0.13931573693029642,143117953.75601888,0.8968609873514449,6.64666666666667,17.037,0.03906004616824865,0.05381666496396065,-0.005159309599548578
1971,AUS,Australia,-0.061000000685453415,0.0030035867691735607,152220000.00000003,0.8396305632574564,6.71333333333333,18.07013,0.060640370957328216,0.054116666316986084,0.11616829037666321
1972,AUS,Australia,0.36400002241134644,0.46020153540778175,158992000.0,0.7843137261053441,5.83166666666667,19.12994,0.058649827090341944,0.04319166764616966,0.0883873850107193
1973,AUS,Australia,-0.257999986410141,-0.1340423369837901,163452999.99999997,0.6720430112043301,6.93333333333333,20.94076,0.0946589482246154,0.0521249994635582,-0.12465823441743851
1974,AUS,Australia,-0.2619999945163727,-0.34185080161497117,172314000.0,0.7535795032054102,9.03666666666667,24.10494,0.15110148819813607,0.09069166332483292,0.006274927873164415
1975,AUS,Australia,0.5460000038146973,0.4645641331680632,176586000.0,0.7954816647804325,9.74166666666667,27.73803,0.1507197279893664,0.07509999722242355,0.06314481049776077
1976,AUS,Australia,0.035999998450279236,-0.10467711461959561,181367000.0,0.9204712812960235,10.0308333333333,31.4893,0.13523923652833325,0.07511666417121887,0.07441657781600952
1977,AUS,Australia,0.13199999928474426,0.18930854018005072,188678000.0,0.8761170500053592,10.2266666666667,35.36256,0.12300241669392475,0.08524999767541885,0.16124147176742554
1978,AUS,Australia,0.24299998581409454,0.2529100084887206,190653000.0,0.8691873106207626,9.06,38.16457,0.0792366276649652,0.08646667003631592,0.13986517488956451
1979,AUS,Australia,0.38999998569488525,0.3356323199750788,196184000.0,0.9045680695654166,9.74916666666666,41.63373,0.09090001538075776,0.0887666642665863,0.007620513904839754
1980,AUS,Australia,0.5230000019073486,0.6265998212171924,206515000.0,0.846955196787461,11.6475,45.8498,0.1012657285330909,0.10667499899864197,-0.04250805824995041
1981,AUS,Australia,-0.1080000028014183,-0.14788955975235807,210642000.0,0.8866034230752756,13.9583333333333,50.29345,0.09691754380607986,0.13250833749771118,-0.0033732643350958824
1982,AUS,Australia,-0.15299999713897705,-0.26361538904610016,218780000.00000003,1.0197838068731224,15.375,55.89891,0.11145507019303702,0.14642499387264252,0.19335214793682098
1983,AUS,Australia,0.6370000243186951,0.5057862772193038,218512000.0,1.1086474501108647,13.8875,61.55228,0.10113560353860218,0.11060833185911179,0.15729685127735138
1984,AUS,Australia,0.004999999888241291,-0.07767294910478262,218538999.99999997,1.2080212611741967,13.525,63.98371,0.03950186735568528,0.10984999686479568,0.13867172598838806
1985,AUS,Australia,0.4209999740123749,0.16883170126241387,233618000.0,1.4686444411807902,13.9541666666667,68.2956,0.06739043422146018,0.1542000025510788,0.05632564052939415
1986,AUS,Australia,0.5109999775886536,0.4752721179335244,245443999.99999997,1.5042117930204575,13.4166666666667,74.49994,0.09084538389003094,0.15386666357517242,0.22134605050086975
1987,AUS,Australia,-0.09600000083446503,-0.017539110413509085,250538999.99999997,1.3840830449826989,13.1916666666667,80.82405,0.08488745091606797,0.12798333168029785,0.16009521484375
1988,AUS,Australia,0.2110000103712082,0.43392457975442,262925000.00000003,1.168907071887785,12.1041666666667,86.66906,0.07231770741505783,0.12141666561365128,0.11884356290102005
1989,AUS,Australia,0.17899999022483826,0.09245270865134914,274737000.00000006,1.2615112905260504,13.4083333333333,93.22074,0.0755942201288442,0.1679999977350235,0.1347299963235855
1990,AUS,Australia,-0.15299999713897705,-0.1737288984326616,286820000.0,1.29315918789603,13.18,100.0,0.07272265806943823,0.1415083259344101,0.18066853284835815
1991,AUS,Australia,0.2750000059604645,0.2527415033347482,291180000.0,1.3161358252171624,10.6908333333333,103.2227,0.032227000000000006,0.09955833107233047,0.2986027002334595
1992,AUS,Australia,-0.02199999988079071,-0.11364727549080345,288018659.1988782,1.4522218995062446,9.219999999999999,104.2404,0.009859265452269561,0.06265000253915787,0.13209065794944763
1993,AUS,Australia,0.40456143021583557,0.3811044792319813,295929196.43968433,1.476886722788362,7.280833333333333,106.1304,0.01813116603543352,0.05001666769385338,0.2528584599494934
1994,AUS,Australia,-0.08810185641050339,0.04617111165611876,307755885.1833447,1.2873326799004294,9.041666666666668,108.1415,0.018949330257871377,0.05694166570901871,-0.1244513988494873
1995,AUS,Australia,0.20723018050193787,0.15780961332406784,322646353.2909581,1.342281879194631,9.21089527658369,113.1573,0.046381823814169554,0.07643807679414749,0.23438693583011627
1996,AUS,Australia,0.14342470467090607,0.22246695325986598,333087338.3260882,1.2554926390529346,8.20920705749882,116.1134,0.026123811720498713,0.07016424834728241,0.15034890174865723
1997,AUS,Australia,0.11419185996055603,-0.08696427374142124,347071125.7013375,1.5320974179240476,6.95491854388937,116.37432898876405,0.0022471910112360494,0.05290240794420242,0.17412561178207397
1998,AUS,Australia,0.08479026705026627,0.020304497605356575,361156669.99999994,1.628929766591794,5.49297052826401,117.3745567790262,0.008594917787742684,0.048368144780397415,0.1356986165046692
1999,AUS,Australia,0.19295363128185272,0.27048879528781145,379457802.5183976,1.5295197308045272,6.00931194298328,119.02710704119848,0.014079288625416853,0.047584500163793564,-0.0689505934715271
2000,AUS,Australia,0.0502253957092762,-0.11008738265075102,394881939.4178858,1.8050541516245486,6.31456933440806,124.33266314606739,0.04457435147972233,0.059760842472314835,0.17290611565113068
2001,AUS,Australia,0.10134624689817429,0.015067497592432755,407311664.00408125,1.9584802193497843,5.61526432840721,129.81217191011234,0.044071353620146914,0.04800190031528473,0.01772843301296234
2002,AUS,Australia,-0.080964095890522,0.01911110244180647,417947123.24051344,1.7661603673613564,5.84395771110088,133.76959490636705,0.03048576214405374,0.045508332550525665,0.1277306079864502
2003,AUS,Australia,0.15864193439483643,0.5347605983682928,430173512.8561234,1.3333333333333333,5.36677549770342,137.42260074906366,0.02730819245773719,0.04809166491031647,0.022816898301243782
2004,AUS,Australia,0.2756807804107666,0.3250071039199829,448044313.04556346,1.2836970474967908,5.59077450749734,140.6407249438202,0.023417721518987245,0.05249999836087227,0.08236133307218552
2005,AUS,Australia,0.21087831258773804,0.14046395114970922,466323547.6216555,1.362954886193267,5.33997311398556,144.38070711610487,0.026592455163883866,0.05457499995827675,0.0635770782828331
2006,AUS,Australia,0.24965542554855347,0.3477611261231708,480805664.1231787,1.2637432073802604,5.5878722441858,149.51231056179776,0.03554216867469884,0.0580499991774559,0.009242787025868893
2007,AUS,Australia,0.1795337051153183,0.31413738712203276,493735182.4367788,1.134301270417423,5.99452083739212,153.03485191011234,0.023560209424083656,0.06387526541948318,0.027799386531114578
2008,AUS,Australia,-0.4038478434085846,-0.5315174522611925,516915240.7571714,1.443418013856813,5.81794393964159,159.68854112359548,0.04347826086956519,0.06671666353940964,0.2755560278892517
2009,AUS,Australia,0.3957807421684265,0.8069800052697145,529760867.81698114,1.11495149960977,5.03951184202271,162.515271835206,0.017701525054466316,0.03278174623847008,-0.07558394223451614
2010,AUS,Australia,0.03306250274181366,0.17058916438455518,540179803.334775,0.983961428711995,5.36604166666667,167.16850546816477,0.028632592989028538,0.0434604175388813,0.07380643486976624
2011,AUS,Australia,-0.11430837959051132,-0.11491842006506225,554871279.9107913,0.984639621898385,4.87958333333334,172.77847872659174,0.03355879292403752,0.046927083283662796,0.196348175406456
2012,AUS,Australia,0.18840819597244263,0.21754502551134958,570218187.2300429,0.961076405574243,3.37916666666667,175.69218576779022,0.01686383085829335,0.03696666657924652,0.07906865328550339
2013,AUS,Australia,0.19655711948871613,0.019459765907490212,591865999.6405087,1.12803158488438,3.69666666666667,180.04100224719096,0.024752475247524774,0.027374999597668648,-0.04908798262476921
2014,AUS,Australia,0.05609947443008423,-0.022884614858931007,604500074.3273163,1.21921482565228,3.65541666666667,184.52028322097374,0.024879227053140163,0.02500000037252903,0.18441404402256012
2015,AUS,Australia,0.025605125352740288,-0.08643366912617134,620032026.5878613,1.36873802354229,2.71020833333333,187.26003760299622,0.014847984916332768,0.02109166607260704,0.0223712045699358
2016,AUS,Australia,0.1193000003695488,0.10857580107775067,634468311.6198592,1.38197899391929,2.33354166666667,189.65188666666663,0.012772875058058464,0.019867,0.014192426577210426
2017,AUS,Australia,0.12319999933242798,0.21074626793711126,651780353.5652084,1.28205128205128,2.63916666666667,193.43535700374525,0.019949552854849673,0.0174,0.03612414747476578
2018,AUS,Australia,-0.037300001829862595,-0.12887992473271448,667527093.3034401,1.4168319637291,2.684167,197.17533917602987,0.019334532374100544,0.019483,0.030469045042991638
2019,AUS,Australia,0.23810000717639923,0.2289782729212,686538424.3220756,1.42734798743934,1.493333,200.26299887640442,0.01565946184384659,0.013442,0.10067927092313766
2020,AUS,Australia,0.04919999837875366,0.15343111440382473,699666328.0183147,1.29836406128278,0.9208333,202.04601363295876,0.008903365906623328,0.002567,0.009823489934206009
1870,BEL,Belgium,0.05885546654462814,,,4.513422395676972,4.02,0.7120699379582628,,0.03320297971367836,0.005250237416476011
1871,BEL,Belgium,0.10193062573671341,0.0779167122269886,13716000.000000002,4.613972775695403,4.0425,0.7261703327693175,0.01980198019801982,0.0332646481692791,0.09977610409259796
1872,BEL,Belgium,0.25858625769615173,0.24356504663027634,13779821.999999998,4.669705653604547,3.9149999999999996,0.754371122391427,0.03883495145631066,0.030574839562177658,0.05920558422803879
1873,BEL,Belgium,0.18055005371570587,0.2053734398463869,14620844.000000002,4.573538023952095,3.8725,0.8107727016356459,0.07476635514018692,0.03345952928066254,-0.08932191878557205
1874,BEL,Belgium,0.02039906196296215,0.0036652256615281598,14717885.0,4.649791374824896,4.08,0.775521714608009,-0.0434782608695653,0.0335787795484066,0.001665135147050023
1875,BEL,Belgium,-0.07999185472726822,-0.050207629718794555,15203090.0,4.503980103979203,4.085,0.7473209249858996,-0.036363636363636265,0.03364000841975212,0.048008136451244354
1876,BEL,Belgium,-0.10533401370048523,-0.13295121500201157,15170743.0,4.647440688137627,4.08,0.7896221094190637,0.05660377358490565,0.03374059125781059,0.050690099596977234
1877,BEL,Belgium,0.0018992917612195015,-0.06074956480794447,15364825.0,4.957429200440308,3.9875000000000003,0.7896221094190637,0.0,0.033955398947000504,0.0697764977812767
1878,BEL,Belgium,-0.006560247391462326,-0.04304712776411357,15558907.0,5.146446999999999,3.9699999999999998,0.7543711223914269,-0.044642857142857206,0.033992718905210495,0.043411947786808014
1879,BEL,Belgium,0.32134297490119934,0.30754031810358473,16011765.0,5.200773922607739,3.805,0.7332205301748448,-0.028037383177570208,0.03402120992541313,0.1131322830915451
1880,BEL,Belgium,0.061406396329402924,0.05821780274255661,16173500.0,5.2164447555244475,3.6475,0.697969543147208,-0.04807692307692302,0.03402163088321686,0.0644107237458229
1881,BEL,Belgium,0.0033816054929047823,0.0007810160159011925,16982175.0,5.23,3.565,0.697969543147208,0.0,0.03408151865005493,0.053281500935554504
1882,BEL,Belgium,-0.06664087623357773,-0.0719642172436522,17208604.000000004,5.26,3.56,0.6909193457416807,-0.010101010101010166,0.03360145166516304,0.013115929439663887
1883,BEL,Belgium,-0.03271814435720444,-0.013972371961026187,17790850.0,5.16,3.335,0.697969543147208,0.010204081632653184,0.033456820994615555,0.02446814626455307
1884,BEL,Belgium,-0.03409774228930473,-0.030339367745683354,18049626.0,5.14,3.56,0.6486181613085167,-0.0707070707070705,0.03456123173236847,0.06159873306751251
1885,BEL,Belgium,-0.030099039897322655,-0.03572709189018164,18211360.999999996,5.17,3.4000000000000004,0.6274675690919346,-0.03260869565217395,0.03459674119949341,0.11011754721403122
1886,BEL,Belgium,0.0036220739129930735,0.009479790297699298,18437790.0,5.14,3.1300000000000003,0.5781161872532431,-0.0786516853932584,0.03469594940543175,0.09694076329469681
1887,BEL,Belgium,0.06295962631702423,0.04867801905364777,18664219.0,5.21,3.1175,0.6133671742808798,0.06097560975609739,0.034018829464912415,0.00034998502815142274
1888,BEL,Belgium,0.1556205302476883,0.15784287742124148,19375853.0,5.2,3.1075,0.5992667794698251,-0.02298850574712652,0.0338466614484787,0.04112618789076805
1889,BEL,Belgium,0.2971450984477997,0.3021533806811889,19505240.999999996,5.18,3.1075,0.6133671742808798,0.02352941176470602,0.033179640769958496,0.03812418133020401
1890,BEL,Belgium,0.015375316143035889,0.005668095147404406,20443303.999999996,5.23,2.9725,0.6345177664974619,0.034482758620689724,0.03278009966015816,0.09577672183513641
1891,BEL,Belgium,-0.01920868083834648,-0.021080419997051902,20896162.0,5.24,2.8275,0.6345177664974619,0.0,0.032783009111881256,0.05984026566147804
1892,BEL,Belgium,0.02862100675702095,0.016976240642790463,20928509.000000004,5.3,2.8225,0.6133671742808798,-0.03333333333333344,0.032807111740112305,0.007228630594909191
1893,BEL,Belgium,0.00837431475520134,-0.03877987981968212,21446061.0,5.56,2.69,0.5922165820642977,-0.034482758620689724,0.032760139554739,0.07002045214176178
1894,BEL,Belgium,0.1291980892419815,0.10924759296562114,21769531.000000004,5.66,2.5625,0.578116187253243,-0.023809523809523836,0.03244104981422424,0.06302352249622345
1895,BEL,Belgium,0.03400697559118271,0.0858032433851752,22093001.0,5.39,2.58,0.5640157924421882,-0.024390243902439046,0.03159615024924278,0.0007995596388354897
1896,BEL,Belgium,0.10684456676244736,0.08273905895636857,22610553.000000004,5.51,2.6525,0.5428652002256061,-0.03750000000000009,0.03174474835395813,0.025933148339390755
1897,BEL,Belgium,0.13035796582698822,0.15552363482499176,23063411.0,5.39,2.63,0.5499153976311335,0.012987012987013102,0.031837739050388336,0.04627842456102371
1898,BEL,Belgium,0.1487068384885788,0.11358450709594248,23483922.0,5.56,2.6125,0.5499153976311335,0.0,0.030935190618038177,0.0032150717452168465
1899,BEL,Belgium,0.03951157629489899,0.047044268876746065,23872086.0,5.52,2.7825,0.5569655950366609,0.012820512820512775,0.030915550887584686,-0.025586750358343124
1900,BEL,Belgium,-0.09390377998352051,-0.08562136480969529,24357291.0,5.47,2.92,0.6274675690919345,0.12658227848101267,0.031164009124040604,0.0029913559556007385
1901,BEL,Belgium,-0.10635245591402054,-0.0863080250186341,25068925.0,5.35,2.9075,0.6415679639029891,0.022471910112359383,0.03134629875421524,0.06926711648702621
1902,BEL,Belgium,0.017839796841144562,0.049218287687885054,25295354.0,5.19,2.8375,0.6274675690919344,-0.02197802197802201,0.031370680779218674,0.06137609854340553
1903,BEL,Belgium,0.11917615681886673,0.13226593643078344,25812906.000000004,5.13,2.77,0.6274675690919344,0.0,0.03101206012070179,0.012097341008484364
1904,BEL,Belgium,0.13691067695617676,0.13691067695617676,26395152.0,5.13,2.85,0.5499153976311335,-0.1235955056179775,0.03143617883324623,0.015363634563982487
1905,BEL,Belgium,0.163978710770607,0.16853440044094192,27074438.999999996,5.11,2.875,0.5640157924421881,0.02564102564102555,0.03146369010210037,0.022577369585633278
1906,BEL,Belgium,0.11540910601615906,0.10460087824468456,27850766.999999996,5.16,2.915,0.620417371686407,0.10000000000000009,0.031209399923682213,0.0327976793050766
1907,BEL,Belgium,-0.07092306017875671,-0.07272011422096414,28433013.000000004,5.17,3.0275,0.6345177664974616,0.022727272727272707,0.03132813051342964,0.0019060677150264382
1908,BEL,Belgium,0.023607909679412842,0.03562678924512008,28853523.999999996,5.11,3.145,0.641567963902989,0.011111111111111072,0.03135325014591217,0.02055974490940571
1909,BEL,Belgium,0.1726027876138687,0.168031236784965,29144647.0,5.13,3.11,0.6345177664974616,-0.010989010989011061,0.030959440395236015,0.0117541728541255
1910,BEL,Belgium,0.0881141945719719,0.0796955160839874,29694546.000000004,5.17,3.215,0.6486181613085163,0.022222222222222365,0.0309192705899477,0.003273796522989869
1911,BEL,Belgium,0.00031368143390864134,-0.0016174260592068945,30470874.0,5.18,3.25,0.6909193457416805,0.0652173913043479,0.030939970165491104,-0.007943892851471901
1912,BEL,Belgium,0.0775059312582016,0.07130148251775137,31182507.999999996,5.21,3.5025,0.7402707275803718,0.0714285714285714,0.031060589477419853,-0.063906729221344
1913,BEL,Belgium,-0.039487529546022415,-0.046805719797100465,31926489.000000004,5.25,,0.705019740552735,-0.04761904761904778,0.03113899938762188,-0.012981298379600048
1914,BEL,Belgium,-0.012594593688845634,-0.008818664792818343,32347000.0,5.23,,0.705019740552735,0.0,0.03167058899998665,
1915,BEL,Belgium,0.011960053816437721,-0.12664173573267823,30299897.0,6.06,,0.9837772210868649,0.3953896103896102,,
1916,BEL,Belgium,0.01129187736660242,-0.06721023183537145,29934838.0,6.57,,1.5874495754380051,0.613627090983272,,
1917,BEL,Belgium,0.08238741010427475,-0.040312377275966815,31672334.0,7.41,,3.0707081389187962,0.9343657817109146,,
1918,BEL,Belgium,0.21018804609775543,0.14235584988335903,27199206.000000004,7.85,,4.2889234989488765,0.39672131147541,,
1919,BEL,Belgium,0.2525513470172882,0.12243471165362019,21917403.000000004,8.76,,2.6730262651899688,-0.37676056338028174,0.027819029986858368,
1920,BEL,Belgium,-0.08467575907707214,-0.4082523117552751,25854495.0,13.5501,4.85,3.2078398195149442,0.2000779271381259,0.02845766954123974,-0.04893560707569122
1921,BEL,Belgium,0.006892587058246136,0.015881762289313706,29920974.999999996,13.4302,4.98,2.8130287648054124,-0.1230769230769232,0.02854277938604355,0.061725977808237076
1922,BEL,Belgium,0.2804209589958191,0.3211771420728222,30438527.0,13.0159,4.76,2.6297236322617015,-0.06516290726817042,0.028658630326390266,0.10920051485300064
1923,BEL,Belgium,0.5130442976951599,0.02780850874548202,33414451.0,19.1608,5.0,3.0174844895657063,0.14745308310991967,0.030416779220104218,-0.14293687045574188
1924,BEL,Belgium,-0.030854078009724617,-0.13766485796614358,34611290.0,21.5341,5.4,3.5321489001692026,0.17056074766355134,0.033241111785173416,0.06463775783777237
1925,BEL,Belgium,0.07084638625383377,0.09718293427424585,35743434.99999999,21.0172,5.81,3.6520022560631675,0.03393213572854292,0.03632991015911102,-0.048033200204372406
1926,BEL,Belgium,0.636900782585144,0.12336191972429456,36293334.0,30.6251,6.570000000000001,4.357021996615902,0.1930501930501929,0.03634915128350258,0.3197217285633087
1927,BEL,Belgium,0.6365461945533752,0.3948982302727928,37522520.0,35.930499999999995,4.98,5.541455160744498,0.27184466019417486,0.036575619131326675,0.12871266901493073
1928,BEL,Belgium,0.25942015647888184,0.2605428063112514,38913440.99999999,35.8985,4.59,5.7811618725324285,0.04325699745547085,0.03667815029621124,0.16934822499752045
1929,BEL,Belgium,-0.3022567927837372,-0.3030430862224044,40951302.0,35.939,4.53,6.168922729836433,0.06707317073170738,0.03989103063941002,0.08836474269628525
1930,BEL,Belgium,-0.28866109251976013,-0.28661655888122717,40595485.0,35.836,3.9699999999999998,6.161872532430906,-0.0011428571428571122,0.03480000048875809,0.27591532468795776
1931,BEL,Belgium,-0.3138085603713989,-0.31498415124923607,40207321.00000001,35.8975,3.9699999999999998,5.6260575296108275,-0.08695652173913038,0.023000000044703484,-0.08202063292264938
1932,BEL,Belgium,0.02667750045657158,0.025577570476396305,39495686.99999999,35.936,4.47,5.076142131979694,-0.09774436090225569,0.02449999935925007,0.0038182763382792473
1933,BEL,Belgium,-0.09682412445545197,0.16192128675493134,37716602.0,27.933500000000002,4.55,4.970389170896784,-0.02083333333333326,0.02500000037252903,0.05443792790174484
1934,BEL,Belgium,-0.188296839594841,0.05599097553396404,38525277.0,21.4715,4.12,4.695431472081217,-0.05531914893617018,0.02329999953508377,0.15415020287036896
1935,BEL,Belgium,0.5263822078704834,0.20764653817606282,38201807.0,27.1385,4.31,4.617879300620416,-0.016516516516516533,0.019700000062584877,0.12498270720243454
1936,BEL,Belgium,0.2667202055454254,0.16309056546595602,40563138.00000001,29.5565,4.07,4.829385222786237,0.04580152671755733,0.018200000748038292,0.11984797567129135
1937,BEL,Belgium,-0.05840388312935829,-0.060660345007607086,40854260.99999999,29.6275,3.95,5.181895093062605,0.07299270072992714,0.01600000075995922,0.04506854712963104
1938,BEL,Belgium,-0.08698742091655731,-0.08601567148281197,41404160.0,29.596,4.39,5.3652002256063165,0.035374149659864074,0.01600000075995922,-0.12002300471067429
1939,BEL,Belgium,-0.19987210631370544,-0.20188115665258177,40466096.99999999,29.6705,4.89,5.428652002256063,0.01182654402102501,0.01600000075995922,-0.07770851254463196
1940,BEL,Belgium,1.2579715251922607,1.2618212065569536,43215592.00000001,29.62,4.81,8.043841063326902,0.48173820314582816,0.01600000075995922,0.3171686828136444
1941,BEL,Belgium,0.7595657110214233,0.6744876924951759,38072419.0,31.124944419742107,4.13,15.568117725478134,0.9354084202950699,0.015200000256299973,0.10447195172309875
1942,BEL,Belgium,0.08186884969472885,0.08234989409210325,36066905.0,31.11111111111111,4.01,23.49125775521715,0.5089337175792508,0.014000000432133675,0.05406656116247177
1943,BEL,Belgium,-0.08733639121055603,-0.08733639121055603,32961593.0,31.11111111111111,3.95,26.576840742449882,0.13135026737967914,0.014000000432133675,0.06017499789595604
1944,BEL,Belgium,0.1462046355009079,-0.18624176145821958,32198203.8,43.821,3.82,25.521039947970216,-0.03972634688641852,0.01269999984651804,0.08028627187013626
1945,BEL,Belgium,-0.018135979771614075,-0.018135979771614075,34093738.00000001,43.821,4.01,19.52370575467022,-0.2349956822107081,0.012500000186264515,-0.019574381411075592
1946,BEL,Belgium,-0.09290892630815506,-0.3026379308728011,36131599.0,57.0,4.18,17.27298364354202,-0.11528150134048254,0.01269999984651804,-0.05446666106581688
1947,BEL,Belgium,-0.3096922039985657,-0.19287088467524605,38266501.0,48.75,4.45,17.583192329385223,0.01795918367346938,0.014000000432133675,-0.027305971831083298
1948,BEL,Belgium,0.008931809104979038,-0.08492231267222827,40563138.00000001,53.75,4.75,20.17766497461929,0.1475541299117884,0.014000000432133675,0.046822480857372284
1949,BEL,Belgium,0.21361523866653442,0.2942821245699647,42989162.99999999,50.4,4.6,19.51494641849972,-0.0328441649196366,0.014000000432133675,0.10190453380346298
1950,BEL,Belgium,0.15921634435653687,0.13006777090076316,44735901.0,51.7,4.42,19.345741680767063,-0.00867052023121384,0.014000000432133675,0.038445837795734406
1951,BEL,Belgium,0.4205018877983093,0.3599990296143074,47187984.446549274,54.0,4.62,21.157642413987592,0.09365889212827994,0.014000000432133675,0.04145427793264389
1952,BEL,Belgium,-0.007112113758921623,0.04923573105710832,49871781.68843838,51.1,5.1,21.355047941342356,0.009330223258913639,0.014000000432133675,0.06213293969631195
1953,BEL,Belgium,0.09432537108659744,0.10842470688850603,49483704.36423052,50.45,4.93,21.28454596728708,-0.003301419610432621,0.014000000432133675,0.06532295793294907
1954,BEL,Belgium,0.42230522632598877,0.4351059733916247,51188101.9467928,49.999999999,4.69,21.559503666102646,0.012918184829413759,0.014000000432133675,0.06770085543394089
1955,BEL,Belgium,0.2837921380996704,0.28481999409496694,53303349.32841085,49.959999999,4.61,21.453750705019736,-0.004905166775670322,0.014000000432133675,0.040223944932222366
1956,BEL,Belgium,-0.02480674721300602,-0.029952117287544655,55868863.13599576,50.224999999,4.68,22.060067681895088,0.028261583963194115,0.014000000432133675,0.010365473106503487
1957,BEL,Belgium,-0.1783108115196228,-0.17490199447332733,57487401.78700998,50.017499999,5.99,22.758037225042294,0.03163950143815897,0.016200000420212746,-0.08094849437475204
1958,BEL,Belgium,0.16084563732147217,0.16492143581744134,58627075.2469293,49.842499999,5.55,23.054145516074442,0.013011152416356753,0.021400000900030136,0.20549842715263367
1959,BEL,Belgium,-0.027247795835137367,-0.029098338201045126,58485375.03754402,49.937499999,4.99,23.336153412295534,0.012232415902140525,0.016499999910593033,0.03711068257689476
1960,BEL,Belgium,-0.13784801959991455,-0.13372807804359377,60326997.870872475,49.699999999,5.48,23.406655386350806,0.0030211480362536403,0.03189999982714653,-0.019229106605052948
1961,BEL,Belgium,0.1671425849199295,0.16526690378703535,63806258.78688848,49.779999999,5.9,23.639311900733208,0.009939759036144524,0.033799998462200165,0.0623239167034626
1962,BEL,Belgium,-0.03470245376229286,-0.034145603196024665,66653518.51447774,49.751299999,5.24,23.97067117879299,0.014017297942141127,0.026900000870227814,0.111630380153656
1963,BEL,Belgium,0.15607059001922607,0.15430263900901608,70151208.88657469,49.827499999,4.97,24.485335589396485,0.021470588235293908,0.025800000876188278,0.034408483654260635
1964,BEL,Belgium,0.03931485116481781,0.043398191636912165,73341024.44226605,49.632499999,6.41,25.50761421319795,0.041750647854880585,0.03350000083446503,0.023207567632198334
1965,BEL,Belgium,-0.04563142731785774,-0.04582367560767031,78636787.01825558,49.642499999,6.4399999999999995,26.54399323181047,0.04063018242122718,0.046300001442432404,0.05655631050467491
1966,BEL,Belgium,-0.19022873044013977,-0.19686189003309063,81305673.09829488,50.052499999,6.619999999999999,27.650874224478265,0.04169986719787522,0.05209999904036522,0.03951545059680939
1967,BEL,Belgium,0.24981649219989777,0.2605196710663662,83863000.9045205,49.627499999,6.7,28.44049633389733,0.02855685874553804,0.05220000073313713,0.0820431262254715
1968,BEL,Belgium,0.16184508800506592,0.14996942767869093,87144055.87819809,50.14,6.54,29.223068245910866,0.027516113039167234,0.04010000079870224,0.061994414776563644
1969,BEL,Belgium,0.04663727805018425,0.05661974261205005,90690335.14776117,49.666299999,7.200000000000001,30.32289904117313,0.037635705669481156,0.06949999928474426,-0.03184523433446884
1970,BEL,Belgium,0.051439132541418076,0.05125498517446703,96775861.10041922,49.674999999,7.8100000000000005,31.507332205301726,0.03906068356196246,0.07859999686479568,0.06480719894170761
1971,BEL,Belgium,0.09117309749126434,0.2111277760696797,102405062.87742016,44.754999999,7.35,32.87507050197403,0.043410158872230875,0.05090000107884407,0.12267017364501953
1972,BEL,Belgium,0.30950459837913513,0.33008518125727515,106349814.93926078,44.0625,7.04,34.66582064297798,0.05447137036242755,0.038600001484155655,0.06647101789712906
1973,BEL,Belgium,0.06918996572494507,0.14015447400521652,111884894.89242052,41.319999999,7.449999999999999,37.07698815566833,0.06955460646735823,0.06159999966621399,0.016270125284790993
1974,BEL,Belgium,-0.24737221002578735,-0.1390800669432416,118742361.37353158,36.122499999,8.68,41.779469825155076,0.12683019585472532,0.10209999978542328,-0.025416510179638863
1975,BEL,Belgium,0.23179574310779572,0.12568570565568882,123749387.98910709,39.527499999,8.54,47.10941906373375,0.12757340533243333,0.06989999860525131,0.12322814762592316
1976,BEL,Belgium,-0.03501074016094208,0.06006011167604908,122081422.28529423,35.982499999,9.05,51.43119007332202,0.0917390002993117,0.09769999980926514,0.0216154083609581
1977,BEL,Belgium,0.020513959228992462,0.11477363503495686,128900467.74029152,32.939999999,8.8,55.08319232938519,0.07100753941055515,0.07079999893903732,0.16404473781585693
1978,BEL,Belgium,0.13515537977218628,0.29833396562010406,129749487.16121283,28.799999999,8.93,57.543711223914244,0.0446691411749649,0.0714000016450882,0.06387480348348618
1979,BEL,Belgium,0.10138563811779022,0.1309150875888112,133397713.25676265,28.048,9.69,60.11703327693173,0.0447194315118844,0.10760000348091125,-0.08388116210699081
1980,BEL,Belgium,-0.11453817039728165,-0.21214879939418707,136596719.5950067,31.523,11.9,64.11449520586574,0.06649466400844384,0.14079999923706055,-0.015812644734978676
1981,BEL,Belgium,0.11069336533546448,-0.08964152479510645,142692372.54742658,38.459999999,13.44,69.00733220530172,0.07631405322190465,0.1525000035762787,0.04029020294547081
1982,BEL,Belgium,0.2801415026187897,0.049323149839894054,140717124.76147944,46.919999999,13.43,75.02820078962209,0.08724969350224776,0.14090000092983246,0.20092655718326569
1983,BEL,Belgium,0.4491335153579712,0.22202272718132465,142689563.21655288,55.639999999,11.94,80.78116187253242,0.07667731629392982,0.10540000349283218,0.20938289165496826
1984,BEL,Belgium,0.2465037703514099,0.09948430217352477,142611525.72365537,63.08,12.24,85.9066553863508,0.06344911851981139,0.11420000344514847,0.1366405189037323
1985,BEL,Belgium,0.38154616951942444,0.7304990542749263,146220048.09594837,50.36,10.97,90.08742244782853,0.048666393106278294,0.0957999974489212,0.2775988280773163
1986,BEL,Belgium,0.43664881587028503,0.7903893681570788,147661981.90339005,40.41,8.62583333333333,91.25775521714607,0.012991078416027424,0.08100000023841858,0.2770873010158539
1987,BEL,Belgium,-0.10943236947059631,0.0855241067700232,149902625.28138882,33.1525,8.18416666666667,92.67484489565707,0.015528430160692386,0.07090000063180923,0.029076511040329933
1988,BEL,Belgium,0.5234041213989258,0.3523806435848946,153482137.34270835,37.345,8.0075,93.75352509870275,0.011639406618485948,0.06719999760389328,0.06990482658147812
1989,BEL,Belgium,0.1465015560388565,0.19731824972793888,161347075.6778632,35.76,8.53916666666667,96.66525662718556,0.031057301849902297,0.0868000015616417,-0.045030608773231506
1990,BEL,Belgium,-0.1968134641647339,-0.07296213922475225,166568512.60407722,30.9825,10.0066666666667,100.0,0.034497848442856194,0.09669999778270721,0.05517009273171425
1991,BEL,Belgium,0.12569156289100647,0.11534182434507856,171746214.53239995,31.27,9.28583333333333,103.20783981951494,0.03207839819514935,0.09309999644756317,0.1664387285709381
1992,BEL,Belgium,-0.014005719684064388,-0.07076428132973767,174890220.54297623,33.18,8.65333333333333,105.71771009588268,0.02431860099733596,0.09359999746084213,0.200479656457901
1993,BEL,Belgium,0.3458561599254608,0.23665210153217364,177651849.52247846,36.11,7.22833333333333,108.62239142695995,0.027475825275091736,0.08160000294446945,0.20278139412403107
1994,BEL,Belgium,-0.029763035476207733,0.10043994625690256,175822979.0856711,31.8375,7.75083333333333,111.2098138747885,0.023820341403258283,0.0568000003695488,-0.03273160010576248
1995,BEL,Belgium,0.13405321538448334,0.22744923490747881,181361794.4909122,29.415,7.48083333333333,112.84545967287085,0.014707746925320286,0.04780000075697899,0.18958310782909393
1996,BEL,Belgium,0.25928059220314026,0.15737349225606523,185310917.87865838,32.005,6.4925,115.17202481669487,0.020617268524303345,0.032099999487400055,0.13658398389816284
1997,BEL,Belgium,0.3497387170791626,0.17005383640624605,188016417.9044359,36.92,5.75333333333333,116.90306034968981,0.015030000000000099,0.034299999475479126,0.09938362240791321
1998,BEL,Belgium,0.41247206926345825,0.5082927821720309,195061219.8408006,34.5745,4.75166666666667,117.96337110706149,0.009069999999999911,0.03550000116229057,0.17192663252353668
1999,BEL,Belgium,-0.07302501797676086,-0.20185411664540798,198916741.01965052,40.1551861437388,4.74916666666667,119.30225536912664,0.011349999999999971,0.027799999341368675,-0.05340249836444855
2000,BEL,Belgium,0.02351401560008526,-0.05198109544507312,206086256.1056151,43.35292853304674,5.5925,122.49836279046555,0.02679000000000009,0.042399998754262924,0.05384042114019394
2001,BEL,Belgium,-0.02317841351032257,-0.07482765806195313,213566448.19761446,45.77317599001475,5.13083333333333,125.4811979244134,0.024350000000000094,0.04149999842047691,0.07630744576454163
2002,BEL,Belgium,-0.2669452726840973,-0.12770396852809818,215687789.0004353,38.466577667588446,4.98666666666667,127.4236468682833,0.015479999999999938,0.032099999487400055,0.09968044608831406
2003,BEL,Belgium,0.18687132000923157,0.4294063861654045,219142602.80043483,31.93974663499604,4.18083333333333,129.35666359127515,0.015169999999999906,0.022199999541044235,0.05081488937139511
2004,BEL,Belgium,0.3925911784172058,0.5018594173571467,221380634.39688233,29.61596064899787,4.1525,131.75881683416512,0.018569999999999975,0.020099999383091927,0.09360256791114807
2005,BEL,Belgium,0.2718643844127655,0.10154791446423861,229341387.5252699,34.19504958887853,3.42833333333333,135.10153801724786,0.025369999999999893,0.02070000022649765,0.060672055929899216
2006,BEL,Belgium,0.23117119073867798,0.3744616921275232,234444600.65763637,30.630144267274105,3.815,138.2467018222894,0.023279999999999967,0.028999999165534973,-0.0029505807906389236
2007,BEL,Belgium,-0.04153551906347275,0.07134059406732152,242047425.80019212,27.40296175531552,4.32833333333333,140.75726192738216,0.018159999999999954,0.03889999911189079,-0.008605130016803741
2008,BEL,Belgium,-0.5605587363243103,-0.5845591966188048,250637614.88054058,28.986060214126592,4.4175,147.07509472600822,0.044884595736776056,0.03669999912381172,0.0322677381336689
2009,BEL,Belgium,0.5247774124145508,0.578353337877705,254860037.4184805,28.00215188116061,3.90166666666667,147.06692370583409,-5.5556790151012336e-05,0.006599999964237213,0.10888000577688217
2010,BEL,Belgium,0.11460345983505249,0.03382836528640576,249539748.99993658,30.190016464601108,3.4625,150.49875217896258,0.02333514828931138,0.00430000014603138,0.014645150862634182
2011,BEL,Belgium,-0.13232307136058807,-0.1597910657337711,257970769.75274116,31.17698431099776,4.23333333333333,155.54354003446144,0.03352046301021794,0.010099999606609344,0.0065366607159376144
2012,BEL,Belgium,0.39016497135162354,0.41756214792590773,262615694.69960797,30.57442777019858,3.0,159.6274159174843,0.026255515864677337,0.0013000000035390258,0.24321061372756958
2013,BEL,Belgium,0.18959812819957733,0.24342487388209566,264550590.06035912,29.250888260459725,2.41,161.61951063593366,0.012479652740097658,0.0005000000237487257,0.0010905904928222299
2014,BEL,Belgium,0.17930616438388824,0.038210147326864785,265763606.45180976,33.22617576805864,1.71333333333333,162.41209959282284,0.004904042548888654,0.0005000000237487257,0.15686185657978058
2015,BEL,Belgium,0.09957490861415863,-0.013996208707491742,269962029.9796288,37.053274547625605,0.84,163.41876927827386,0.006198243160298933,-0.002199999988079071,0.022625360637903214
2016,BEL,Belgium,-0.02419999986886978,-0.05521192234938521,275462108.748039,38.26951902096575,0.475833333333333,166.31131041991074,0.01770017700177018,-0.002637,0.04965917766094208
2017,BEL,Belgium,0.041999999433755875,0.18553325047045122,278955727.25050354,33.63620445259737,0.7225,170.0111483547502,0.022246460120468825,-0.003291,0.031766749918460846
2018,BEL,Belgium,-0.20669999718666077,-0.2426177743506428,283489138.5852572,35.23135371179039,0.795,173.93977485446487,0.023108052252650557,-0.003221,0.002424935344606638
2019,BEL,Belgium,0.24879999458789825,0.22524184621838006,288560523.0827689,35.90875912408758,0.1933333,176.11163201674478,0.012486259477437534,-0.003563,0.09046313166618347
2020,BEL,Belgium,-0.1031000018119812,-0.020308004471677354,293712167.82010365,32.87417488387254,-0.1483333,176.8650000767982,0.004277787057142213,-0.004252000000000001,0.04437213018536568
1870,CAN,Canada,,,,0.8686332999999999,5.025125628140704,6.196613,,,
1871,CAN,Canada,,,6407000.0,0.89059016,4.784688995215311,6.380275,0.02963909477645288,,
1872,CAN,Canada,,,6668956.000000001,0.8914961,4.807692307692308,6.971189,0.09261575715780279,,
1873,CAN,Canada,,,6599123.999999998,0.8703261299999999,4.672897196261682,6.915292,-0.00801828784157188,,
1874,CAN,Canada,,,7262528.000000001,0.8961534000000001,4.442325,6.73163,-0.026558820654283277,,
1875,CAN,Canada,,,7437108.0,0.8663232500000001,4.396008,6.436172,-0.043891004110445775,,
1876,CAN,Canada,,,7262528.0,0.89540952,4.3284,6.436172,0.0,,
1877,CAN,Canada,,,6773703.999999998,0.9533815000000001,4.29865,6.196613,-0.03722072685440969,,
1878,CAN,Canada,,,7227611.999999999,0.9876122999999999,4.288258,6.076833,-0.019329914583983254,,
1879,CAN,Canada,,,6948283.999999999,0.996319,4.259742,6.020936,-0.009198376851889734,,
1880,CAN,Canada,,,7611688.000000001,0.9981504000000001,4.0511917,6.196613,0.02917768931607978,,
1881,CAN,Canada,,,7960848.000000001,0.9984230999999999,3.7037332999999997,6.469993,0.04411764943203633,,
1882,CAN,Canada,,,9078159.999999998,0.99451426,3.7223583,6.880063,0.06338028495548609,,
1883,CAN,Canada,,,9497152.0,0.99582228,3.6658083,6.925626,0.00662246842797809,,
1884,CAN,Canada,,,9532068.0,0.9959688,3.5528000000000004,6.059923,-0.12499996390218004,,
1885,CAN,Canada,,,10300220.0,0.99622656,3.6916833000000002,6.059923,0.0,,
1886,CAN,Canada,,,9671732.0,0.99735702,3.6164,6.014359,-0.00751890741846073,,
1887,CAN,Canada,,,9776480.0,0.9956691000000001,3.4924667,6.378866,0.06060612610587435,,
1888,CAN,Canada,,,10090723.999999998,0.9961771900000002,3.21385,6.105486,-0.04285714733621937,,
1889,CAN,Canada,,,10823959.999999998,0.99590244,3.3802499999999998,6.242176,0.02238806214607636,,
1890,CAN,Canada,,,10893791.999999998,0.9922350899999999,3.4583167,6.105486,-0.021897812557672203,,
1891,CAN,Canada,,,11696860.0,0.9947446299999999,3.4826,6.105486,0.0,,
1892,CAN,Canada,,,11976187.999999998,0.9962460000000001,3.4873167,6.105486,0.0,,
1893,CAN,Canada,,,11906356.000000002,0.99463112,3.4704666,6.059923,-0.007462632786316981,,
1894,CAN,Canada,,,11836523.999999998,0.996956,3.4333916999999996,5.558726,-0.08270682647287764,,
1895,CAN,Canada,,,12395180.0,0.9979365000000001,3.241575,5.285346,-0.04918033376712583,,
1896,CAN,Canada,,,12255516.0,0.9961771900000002,3.1,5.558726,0.051724144455254306,,
1897,CAN,Canada,,,11941272.000000002,0.9955357599999999,2.8,5.60429,0.008196842226078305,,
1898,CAN,Canada,,,13233164.0,0.9952530900000001,2.9,5.832106,0.04065028754757516,,
1899,CAN,Canada,,,13756903.999999998,0.9931919200000001,3.0,5.649853,-0.031249946417297503,,
1900,CAN,Canada,,,15048795.999999998,1.0,3.0,5.832106,0.03225800742072393,,
1901,CAN,Canada,,,15886780.0,1.0,3.0,5.877669,0.007812443738162589,,
1902,CAN,Canada,,,17143756.000000004,1.0,2.9,5.968796,0.01550393531857619,,
1903,CAN,Canada,,,18819723.999999996,1.0,3.0,6.014359,0.007633532792878039,,
1904,CAN,Canada,,,19378380.000000004,1.0,3.2,6.105486,0.015151573093658,,
1905,CAN,Canada,,,19657707.999999996,1.0,3.1,6.15105,0.007462796573442176,,
1906,CAN,Canada,,,21962164.000000004,1.0,3.1,6.287739,0.022222059648352888,,
1907,CAN,Canada,,,24161872.000000004,1.0,3.2,6.469993,0.02898561788267595,,
1908,CAN,Canada,,,25558512.000000004,1.0,3.3,6.606683,0.021126761651828696,,
1909,CAN,Canada,,,24336452.0,0.9997,3.5,6.743372,0.020689504854402685,,
1910,CAN,Canada,,,26920236.0,0.9998999999999999,3.5,6.925626,0.027027131233454238,,
1911,CAN,Canada,,,29224692.0,0.9998999999999999,3.5,7.107879,0.02631574387643787,,
1912,CAN,Canada,,,31214904.000000004,1.0002,3.6,7.426823,0.044871894977390525,,
1913,CAN,Canada,,,33274947.999999996,1.0003,4.1,7.654639,0.030674758237809074,,
1914,CAN,Canada,,,34916000.0,1.0004,3.9,7.701031,0.0060606385226005255,,
1915,CAN,Canada,,,32576628.0,1.0,3.8,7.840206,0.018072255520072522,,
1916,CAN,Canada,,,34671587.99999999,1.000313097999674,4.3,8.489691,0.08284029781870528,,
1917,CAN,Canada,,,38163187.99999999,1.0025776270792206,4.9,10.05155,0.1839712422984534,,
1918,CAN,Canada,,,39734407.99999999,1.0151562833098156,5.4,11.36598,0.1307688863906562,,
1919,CAN,Canada,,,37185540.0,1.0775281504229297,5.5,12.49485,0.09932007622747885,,
1920,CAN,Canada,,,34357344.00000001,1.1584800741427248,5.77,14.47423,0.15841566725490908,,
1921,CAN,Canada,,,33973268.0,1.0778835540838851,5.88,12.74227,-0.11965817870795203,,
1922,CAN,Canada,,,30307087.999999996,1.00554659501812,5.34,11.65979,-0.08495189632616484,,
1923,CAN,Canada,,,34741419.99999999,1.024674153619149,5.05,11.69072,0.0026527064381092202,,
1924,CAN,Canada,,,36801464.00000001,1.0034689923064033,4.9,11.48969,-0.017195690256887608,,
1925,CAN,Canada,,,37360120.0,1.0004311858410975,4.81,11.59794,0.00942149004890469,,
1926,CAN,Canada,,,41445292.0,1.000658433249078,4.84,11.72165,0.010666549404463321,,
1927,CAN,Canada,,,43679916.0,1.0010270537571548,4.65,11.52062,-0.0171503158684998,,
1928,CAN,Canada,,,48009500.0,1.0021325380409511,4.48,11.56701,0.004026693007841642,,
1929,CAN,Canada,,,52269251.99999999,1.0093445114873498,4.93,11.70619,0.012032495865396564,,
1930,CAN,Canada,,,52199419.99999999,1.0010380764853153,4.73,11.62887,-0.006605052540578971,,
1931,CAN,Canada,,,50453620.00000001,1.209096273081648,4.65,10.48454,-0.09840423016165789,,
1932,CAN,Canada,,,42667351.99999999,1.1547490787989223,5.14,9.525773,-0.0914457858904636,,
1933,CAN,Canada,,,39629660.00000001,0.9945142593454505,4.55,9.07732,-0.04707785919315932,,
1934,CAN,Canada,,,36801464.00000001,0.9870791341341835,3.91,9.201031,0.013628582004380219,,
1935,CAN,Canada,,,40712056.0,1.0096390237598352,3.39,9.262887,0.006722724877244568,,
1936,CAN,Canada,,,43994160.00000001,0.9993833804542597,2.97,9.448454,0.020033386999107394,,
1937,CAN,Canada,,,46368448.00000001,1.000516266393459,3.17,9.742268,0.03109651589561624,,
1938,CAN,Canada,,,50732948.0,1.0094453804246333,3.09,9.850515,0.011111067771898853,,
1939,CAN,Canada,,,52059756.0,1.1413518628003754,3.16,9.773196,-0.007849234278613837,,
1940,CAN,Canada,,,55167280.00000001,1.175,3.28,10.15979,0.03955655857101381,,
1941,CAN,Canada,,,62744052.0,1.1449,3.1,10.76289,0.05936146317984936,,
1942,CAN,Canada,,,71507968.00000001,1.099476439790576,3.06,11.2732,0.04741384516612168,,
1943,CAN,Canada,,,84182475.99999999,1.099476439790576,3.01,11.47423,0.01783255863463795,,
1944,CAN,Canada,,,87988320.0,1.099476439790576,2.99,11.53608,0.005390339918234233,,
1945,CAN,Canada,,,91305340.0,1.099476439790576,2.93,11.59794,0.005362306780119397,,
1946,CAN,Canada,,,88477144.0,1.0718113612004287,2.61,11.98454,0.033333505777750405,,
1947,CAN,Canada,,,87569328.0,1.12,2.56,13.1134,0.0941930186723896,,
1948,CAN,Canada,,,91445003.99999999,1.09,2.92666666666667,15.00386,0.14416245977397169,,
1949,CAN,Canada,,,93120971.99999999,1.13,2.87333333333333,15.48398,0.031999765393705415,,
1950,CAN,Canada,,,95146100.0,1.05,2.8575,15.9441,0.029715874084053295,,
1951,CAN,Canada,,,102163985.41704045,1.0169,3.2325,17.60453,0.1041407166287216,,
1952,CAN,Canada,,,107959962.33254889,0.970599999,3.56333333333333,18.04464,0.02499981538842566,,
1953,CAN,Canada,,,115815968.66785917,0.974399999,3.705,17.8846,-0.008869115704164932,,
1954,CAN,Canada,,,121228039.92129548,0.966299999,3.17583333333333,17.98463,0.0055930800800689795,,
1955,CAN,Canada,,,120390038.49709441,0.999099999,3.13666666666667,18.02464,0.0022246774050955764,,
1956,CAN,Canada,,,131633032.80500445,0.959699999,3.625,18.28471,0.014428582207467011,,
1957,CAN,Canada,,,142282025.95583716,0.984699999,4.11083333333333,18.86986,0.03200214824298553,,
1958,CAN,Canada,,,146401965.57303363,0.964099999,4.14916666666667,19.36332,0.026150697461454486,,
1959,CAN,Canada,,,149020965.86394092,0.952799999,5.075,19.5717,0.010761584273771163,,
1960,CAN,Canada,,,155061965.2950526,0.995999999,5.185,19.82844,0.013117920262419647,,
1961,CAN,Canada,,,159880043.76253816,1.043399999,5.04583333333333,20.00015,0.008659783623926165,,
1962,CAN,Canada,,,164598026.49823502,1.077199999,5.11333333333333,20.23586,0.01178541160941271,,
1963,CAN,Canada,,,176130009.27690935,1.0806,5.09,20.59388,0.017692354068470584,,
1964,CAN,Canada,,,185040990.4336183,1.073799999,5.18416666666667,20.96302,0.01792474269054689,,
1965,CAN,Canada,,,197097970.00190705,1.074999999,5.20833333333333,21.47892,0.02461000371129729,,
1966,CAN,Canada,,,210202958.10833323,1.083799999,5.69,22.28168,0.03737431863427032,,
1967,CAN,Canada,,,223832043.7845404,1.0806,5.93666666666666,23.07778,0.03572890374513937,,
1968,CAN,Canada,,,230647033.23481,1.072799999,6.74833333333333,24.02064,0.04085574955649984,,
1969,CAN,Canada,,,242703000.0,1.072799999,7.58416666666666,25.10359,0.045084144302566465,,
1970,CAN,Canada,,,255496964.26294333,1.011199999,7.9125,25.9486,0.03366092260110998,,
1971,CAN,Canada,,,262098048.20196208,1.0022,6.9475,26.68465,0.028365692176071322,,
1972,CAN,Canada,,,276694000.0,0.995599999,7.23166666666667,27.95885,0.04775029839252154,,
1973,CAN,Canada,,,291314000.0,0.995799999,7.56083333333333,30.08695,0.07611543393236841,,
1974,CAN,Canada,,,312176000.0,0.991199999,8.90333333333333,33.35582,0.10864743684554257,,
1975,CAN,Canada,,,324928000.0,1.016399999,9.035,36.96269,0.10813315337473339,,
1976,CAN,Canada,,,332269000.0,1.0092,9.17583333333333,39.7379,0.07508138612205983,,
1977,CAN,Canada,,,350467000.0,1.0944,8.7,42.91337,0.07991036265127249,,
1978,CAN,Canada,,,362245000.0,1.186,9.27,46.73817,0.08912839984368492,,
1979,CAN,Canada,,,376894000.0,1.168099999,10.2133333333333,51.01216,0.09144538607309616,,
1980,CAN,Canada,,,392561000.0,1.194699999,12.4841666666667,56.20678,0.10183101440911346,,
1981,CAN,Canada,,,397814000.00000006,1.185899999,15.2191666666667,63.21149,0.12462393326926025,,
1982,CAN,Canada,,,410164000.0,1.229399999,14.2558333333333,70.04046,0.1080336818511951,,
1983,CAN,Canada,,,397671000.0,1.244399999,11.7916666666667,74.11412,0.05816152549540665,,
1984,CAN,Canada,,,409246000.0,1.3214,12.7508333333333,77.3298,0.0433882234586338,,
1985,CAN,Canada,,,432711000.0,1.3975,11.0441666666667,80.38505,0.039509348271946854,,
1986,CAN,Canada,,,456106999.99999994,1.3805,9.52,83.74023,0.04173885567030178,,
1987,CAN,Canada,,,468055000.0,1.2998,9.95,87.39537,0.04364855458362138,,
1988,CAN,Canada,,,487138000.00000006,1.1927,10.2241666666667,90.911,0.04022673054648096,,
1989,CAN,Canada,,,510814999.99999994,1.1578,9.92,95.45201,0.04995006104871802,,
1990,CAN,Canada,,,523177000.00000006,1.1603,10.8516666666667,100.0,0.04764687511556853,,
1991,CAN,Canada,,,524475000.0,1.1556,9.76416666666666,105.6152,0.05615199999999998,,
1992,CAN,Canada,,,513496651.2608694,1.2711,8.765,107.2056,0.015058438558086307,,
1993,CAN,Canada,,,517998256.1397153,1.324,7.845,109.1797,0.018414150007089125,,
1994,CAN,Canada,,,530103594.90338594,1.4028,8.63166666666666,109.382,0.0018529085535132772,,
1995,CAN,Canada,,,555581008.935996,1.3652,8.28083333333333,111.7536,0.02168181236400879,,
1996,CAN,Canada,,,571189451.7649231,1.3696,7.50333333333333,113.4975,0.01560486642041048,,
1997,CAN,Canada,,,580420494.2090807,1.4291,6.42416666666667,115.32647854933933,0.016114703401743036,,
1998,CAN,Canada,,,604959810.8374954,1.5305,5.465,116.46496345234749,0.009871843112950751,,
1999,CAN,Canada,,,629749658.2116978,1.4433,5.690833333333334,118.4968782119764,0.017446575342465742,,
2000,CAN,Canada,,,664594476.6500998,1.5002,5.885833333333333,121.7400285915097,0.027369078649748912,,
2001,CAN,Canada,,,699367724.5916018,1.5926,5.7825,124.79300604441946,0.025077844060262366,,
2002,CAN,Canada,,,711838878.527852,1.5796,5.661666666666667,127.63283666010683,0.02275632830478136,,
2003,CAN,Canada,,,732651676.2054628,1.2924,5.278333333333333,131.13252904132696,0.02742,,
2004,CAN,Canada,,,746425193.8361161,1.2036,5.0808333333333335,133.54606598256956,0.018405325962118635,,
2005,CAN,Canada,,,769726718.6980703,1.1645,4.385833333333333,136.52501639021645,0.022306538090277384,,
2006,CAN,Canada,,,792949985.9490317,1.1653,4.299166666666666,139.27933300534156,0.02017444632456744,,
2007,CAN,Canada,,,815352779.4935066,0.9881,4.335,142.24679645768902,0.02130584192439855,,
2008,CAN,Canada,,,819368515.880515,1.2246,4.04,145.63927725611464,0.023849259757738883,,
2009,CAN,Canada,,,839029168.6213406,1.0466,3.89083333333333,146.0757815574922,0.002997160584709224,,
2010,CAN,Canada,,,818412438.7957144,1.0009,3.6575,148.66034649985934,0.01769331585845335,,
2011,CAN,Canada,,,847311639.6122302,1.021,3.21416666666667,152.95774411020514,0.02890749087787081,,
2012,CAN,Canada,,,873972654.231851,0.9952,2.33166666666667,155.2972540061849,0.015295138599155544,,
2013,CAN,Canada,,,889378726.7898594,1.064,2.71833333333333,156.7331234186111,0.009245942058763168,,
2014,CAN,Canada,,,910088276.6013911,1.1599,2.59833333333333,159.74270570705642,0.01920195439739425,,
2015,CAN,Canada,,,936198157.0981487,1.384,2.02333333333334,161.52956542029793,0.011185861071605574,,
2016,CAN,Canada,,,942378703.8492333,1.3427,1.80416666666667,163.84865406241207,0.014357053682896304,,
2017,CAN,Canada,,,951806413.6858287,1.2545,2.180833333,166.47533784087707,0.016031158714703064,,
2018,CAN,Canada,,,980760387.334037,1.3641,2.325,170.25094872324865,0.022679700977573214,,
2019,CAN,Canada,,,1004583721.8200316,1.3059,1.725833333,173.56960602350765,0.01949273895473924,,
2020,CAN,Canada,,,1023273238.6038735,1.2856,1.075833333,174.81410251110478,0.007170013898796235,,
1870,CHE,Switzerland,,,,4.498449,,12.8357,,0.04100000113248825,
1871,CHE,Switzerland,,,7634850.548734653,4.624884,,14.08927,0.09766276868421686,0.04149999842047691,
1872,CHE,Switzerland,,,7852644.962254364,4.6520188000000005,,16.98898,0.20580981129611398,0.04149999842047691,
1873,CHE,Switzerland,,,6997621.087816981,4.5707853,,18.05872,0.06296669958996937,0.04149999842047691,
1874,CHE,Switzerland,,,7111708.009541669,4.6532745,,15.09038,-0.16437156121807084,0.041999999433755875,
1875,CHE,Switzerland,,,8675799.939243052,4.5072066,,14.21081,-0.05828680258548824,0.041999999433755875,
1876,CHE,Switzerland,,,9872791.188475018,4.6487240000000005,,15.3944,0.08328800399132774,0.041999999433755875,
1877,CHE,Switzerland,,,9423933.312468532,4.957307999999999,,15.52564,0.008525177986800303,0.041999999433755875,
1878,CHE,Switzerland,,,8576926.021745147,5.1589215,,13.88131,-0.10591060980416911,0.042500000447034836,
1879,CHE,Switzerland,,,9091794.814961797,5.202736,,13.17633,-0.050786273053479714,0.042500000447034836,
1880,CHE,Switzerland,,,9303423.340255143,5.2169664,4.1,13.18473,0.0006375068019699448,0.04149999842047691,
1881,CHE,Switzerland,,,9730327.664171094,5.234823,4.0,12.50219,-0.05176746129803189,0.04100000113248825,
1882,CHE,Switzerland,,,10204285.046244862,5.1754077,4.15,12.53848,0.002902691448458228,0.04100000113248825,
1883,CHE,Switzerland,,,9820044.402602026,5.2016012,3.95,11.98727,-0.043961469013787946,0.039500001817941666,
1884,CHE,Switzerland,,,10171645.390335051,5.196555999999999,3.8,10.77349,-0.10125574880685928,0.03799999877810478,
1885,CHE,Switzerland,,,11591649.019403331,5.2119466999999995,3.8,9.656342,-0.10369416038813795,0.03799999877810478,
1886,CHE,Switzerland,,,12902901.849687641,5.1984504,3.65,9.257564,-0.041297004600706955,0.03750000149011612,
1887,CHE,Switzerland,,,13440504.497177018,5.221131300000001,3.5,9.455994,0.021434364374904646,0.03700000047683716,
1888,CHE,Switzerland,,,13308645.20149747,5.205586800000001,3.5,9.301783,-0.01630828022945019,0.03700000047683716,
1889,CHE,Switzerland,,,13789831.727624908,5.194976799999999,3.55,10.02392,0.07763425571204996,0.0364999994635582,
1890,CHE,Switzerland,,,13399067.47022492,5.2003017,3.55,10.46347,0.04385011053559862,0.0364999994635582,
1891,CHE,Switzerland,,,14253435.549389431,5.208529700000001,3.6,10.74528,0.026932747931613488,0.0364999994635582,
1892,CHE,Switzerland,,,13514642.40146522,5.174118,3.45,10.59825,-0.013683217189314645,0.035999998450279236,
1893,CHE,Switzerland,,,14458872.451388719,5.1897552,3.11,10.37565,-0.021003467553605493,0.035999998450279236,
1894,CHE,Switzerland,,,14785399.994302249,5.1659999999999995,3.02,10.31382,-0.005959144728282184,0.035999998450279236,
1895,CHE,Switzerland,,,14617803.459692577,5.1696282,2.94,10.04175,-0.026379168920923513,0.03449999913573265,
1896,CHE,Switzerland,,,15396374.159123518,5.1877257,2.87,9.918081,-0.012315482859063365,0.03400000184774399,
1897,CHE,Switzerland,,,16397320.836003829,5.1936616,2.93,10.06648,0.014962471066731542,0.03400000184774399,
1898,CHE,Switzerland,,,17009723.317806523,5.2373381000000006,2.97,10.44985,0.03808381877279832,0.03449999913573265,
1899,CHE,Switzerland,,,17747363.3364346,5.214016,3.775,10.12831,-0.030769819662483044,0.0364999994635582,
1900,CHE,Switzerland,0.06717817485332489,0.06983589019568792,18299741.661906753,5.2010632,3.82,9.757315,-0.03662950679827148,0.039000000804662704,0.013076472096145153
1901,CHE,Switzerland,0.03180791437625885,0.036770077669611156,19466565.889850367,5.17617,3.6025,9.880981,0.012674183420336549,0.03849999979138374,0.10005735605955124
1902,CHE,Switzerland,0.08464536815881729,0.08274349628394373,18828765.460481547,5.1852621,3.4775,9.942815,0.0062578806699455924,0.03709999844431877,0.03958592563867569
1903,CHE,Switzerland,0.07650520652532578,0.0781359268433286,19599121.325662564,5.1774192,3.4775,10.14068,0.019900299864776816,0.03669999912381172,0.028933629393577576
1904,CHE,Switzerland,0.1426810771226883,0.14207031640003942,19467601.901109904,5.180187999999999,3.5233333333333334,10.14068,0.0,0.0364999994635582,0.022632785141468048
1905,CHE,Switzerland,0.07414871454238892,0.07438183449517277,21066284.50717856,5.179064,3.535833333333333,10.48695,0.03414662527562262,0.0364999994635582,0.033728450536727905
1906,CHE,Switzerland,0.06805161386728287,0.06550281203975605,21810503.038562432,5.1914529,3.5491666666666664,10.78375,0.028301841812919726,0.03700000047683716,0.03706636279821396
1907,CHE,Switzerland,-0.07123715430498123,-0.07110022019131779,23466349.702828787,5.1906876,3.6575,11.09292,0.028669989567636556,0.03799999877810478,-0.0056486292742192745
1908,CHE,Switzerland,0.09107472747564316,0.09540365776458826,23632464.938204706,5.1701745,3.735,11.24132,0.013377902301648259,0.039500001817941666,0.026209447532892227
1909,CHE,Switzerland,0.11583172529935837,0.1162651108566588,23970840.279478252,5.1681672,3.64,11.42682,0.016501620806097517,0.039500001817941666,0.04698408022522926
1910,CHE,Switzerland,0.06308232992887497,0.057822046054236687,24599538.152907427,5.193867200000001,3.7,11.90912,0.042207718332834654,0.039500001817941666,0.008411150425672531
1911,CHE,Switzerland,0.037536170333623886,0.03658041237030907,25715296.68490004,5.1986561,3.8491666666666666,12.19355,0.023883376773430776,0.039500001817941666,0.0187847763299942
1912,CHE,Switzerland,0.007718436885625124,0.007582881954873111,26155174.155564167,5.199355499999999,4.019166666666667,12.63875,0.0365111062815997,0.03999999910593033,-0.005695336498320103
1913,CHE,Switzerland,0.046336449682712555,0.04663902624635585,27542368.19058092,5.1978524,4.17,12.36668,-0.02152665413905641,0.04149999842047691,0.03339231386780739
1914,CHE,Switzerland,0.06035903841257095,0.07761555758525662,27405852.777023915,5.114616,4.16,12.58929,0.01800078921747783,0.04149999842047691,0.021213848143815994
1915,CHE,Switzerland,-0.01672138273715973,-0.05599494156429041,25871049.94445943,5.3274,4.75,14.47768,0.14999972198591016,0.041999999433755875,
1916,CHE,Switzerland,0.08325892686843872,0.10550431152042439,25718403.866630405,5.2202,4.85,16.86964,0.1652170789795051,0.041999999433755875,0.032046668231487274
1917,CHE,Switzerland,-0.0221231859177351,0.07046208502783546,27407648.98732833,4.7687,5.03,21.52768,0.2761197037992511,0.041999999433755875,0.013565425761044025
1918,CHE,Switzerland,0.050554729998111725,0.14396829195122418,26518731.489193574,4.3793,5.34,25.68214,0.19298224425483834,0.041999999433755875,-0.0014545847661793232
1919,CHE,Switzerland,-0.06939145922660828,-0.22636838538907067,24122659.335014224,5.2679,5.56,27.94821,0.08823524830874674,0.041999999433755875,0.0010305343894287944
1920,CHE,Switzerland,-0.15303678810596466,-0.24583467082426114,23894007.45446074,5.9161,7.0,28.2,0.009009163735351988,0.0430000014603138,-0.04482516273856163
1921,CHE,Switzerland,-0.13197241723537445,-0.10881959211547254,25464002.691017643,5.7624,6.1,25.17857,-0.10714290780141844,0.045499999076128006,0.20491088926792145
1922,CHE,Switzerland,0.27203482389450073,0.3974631032581546,21484721.976419494,5.2452,4.8,20.64643,-0.17999989673758288,0.04349999874830246,0.21727648377418518
1923,CHE,Switzerland,0.14259107410907745,0.08235695615338945,25129550.564564615,5.5371,4.79,20.64643,0.0,0.039500001817941666,-0.0005320432246662676
1924,CHE,Switzerland,0.12084880471229553,0.13095923838699108,26059181.327412125,5.4876,5.31,21.27589,0.030487595192001837,0.04100000113248825,0.03707001358270645
1925,CHE,Switzerland,0.17510651051998138,0.24628241798334982,28154031.255786534,5.1742,5.05,21.15,-0.0059170262677613605,0.04349999874830246,0.07999330013990402
1926,CHE,Switzerland,0.21690000593662262,0.21603043911957998,28781774.447330974,5.1779,4.8,20.39464,-0.03571442080378251,0.041999999433755875,0.0546724833548069
1927,CHE,Switzerland,0.26099103689193726,0.257663435149619,29479161.874743387,5.1916,4.79,20.14286,-0.012345400556224573,0.041999999433755875,0.05093833804130554
1928,CHE,Switzerland,0.21114370226860046,0.2110037449824096,31497726.80529487,5.1922,4.73,20.26875,0.006249857269523984,0.041999999433755875,0.047416362911462784
1929,CHE,Switzerland,-0.061824049800634384,-0.06086541698796066,33313607.376816384,5.1869,4.66,20.26875,0.0,0.041999999433755875,0.04743756353855133
1930,CHE,Switzerland,-0.055574674159288406,-0.050540814318876914,34733196.696467996,5.1594,4.12,19.89107,-0.018633610854147498,0.04100000113248825,0.05876965448260307
1931,CHE,Switzerland,-0.3009048402309418,-0.3002266864596308,34399752.149363995,5.1544,3.86,18.88393,-0.050632771389372166,0.03550000116229057,0.05930499732494354
1932,CHE,Switzerland,0.051598332822322845,0.05182280222369773,34423738.713419415,5.1533,3.8,17.37321,-0.08000029654844087,0.03020000085234642,0.04856889322400093
1933,CHE,Switzerland,0.09540724009275436,0.40195259663975924,32250579.99973144,4.0265,4.02,16.49196,-0.05072465019417838,0.029883330687880516,0.037287913262844086
1934,CHE,Switzerland,-0.07246813923120499,0.20879953307403998,33212161.87459628,3.0896,4.16,16.24018,-0.015266833050771367,0.030391670763492584,0.03398767486214638
1935,CHE,Switzerland,-0.11325202882289886,-0.10967875609360078,33477089.786529828,3.0772,4.64,16.11429,-0.007751761372102872,0.030158329755067825,0.03771854564547539
1936,CHE,Switzerland,0.5251672863960266,0.4168286109276538,31984345.905229423,3.3125,4.43,16.36607,0.015624641234581294,0.030033329501748085,0.05434153974056244
1937,CHE,Switzerland,0.0778479129076004,-0.18103238565317326,31569402.893780075,4.3596,3.41,17.24732,0.053846158546309475,0.029758330434560776,0.04113081842660904
1938,CHE,Switzerland,0.017958728596568108,0.01500191505376991,34946397.50716122,4.3723,3.24,17.24732,0.0,0.02645833045244217,0.05638665333390236
1939,CHE,Switzerland,-0.16496822237968445,-0.17762648858246122,33396159.249765463,4.4396,3.76,17.37321,0.007299105020374341,0.024833330884575844,0.017322026193141937
1940,CHE,Switzerland,0.03621809557080269,0.04319686548360169,34035820.08324705,4.4099,4.06,19.00982,0.09420308624600748,0.02592499926686287,0.017672305926680565
1941,CHE,Switzerland,0.3466092646121979,0.3782695529901434,34394514.65396367,4.3086,3.39,21.90536,0.15231811768864723,0.026249999180436134,0.0609738714993
1942,CHE,Switzerland,0.06427798420190811,0.066406540170312,34230549.13322019,4.3,3.15,24.29732,0.10919519240952891,0.02503333054482937,0.03429487347602844
1943,CHE,Switzerland,-0.015993637964129448,-0.015306642598500342,32868301.238252047,4.297,3.32,25.55625,0.051813533344418294,0.024900000542402267,0.03362831845879555
1944,CHE,Switzerland,0.05572018772363663,0.057442808076565655,33039796.869497173,4.29,3.27,26.18571,0.024630374174614778,0.024783330038189888,0.02958478219807148
1945,CHE,Switzerland,0.16046442091464996,0.16046442091464996,33708142.65232383,4.29,3.29,26.4375,0.009615549855245487,0.02463332936167717,0.026013130322098732
1946,CHE,Switzerland,0.07589972764253616,0.28211384210735546,32980116.379288286,3.6,3.1,26.18571,-0.009523971631205663,0.02419167011976242,0.033547550439834595
1947,CHE,Switzerland,0.0986817479133606,-0.04462456703186024,40189291.16873294,4.14,3.17,27.31875,0.043269401517087136,0.023116670548915863,0.030030973255634308
1948,CHE,Switzerland,-0.052148569375276566,-0.01651505694577582,41540132.055484734,3.99,3.419999999,28.19728,0.03215849919926783,0.023283330723643303,0.02395438589155674
1949,CHE,Switzerland,0.14061886072158813,0.058388198669566904,41767922.0,4.3,2.94,27.97225,-0.007980556989894083,0.023683330044150352,0.04379802197217941
1950,CHE,Switzerland,0.09681397676467896,0.09937065270119327,40630595.0,4.29,2.669999999,27.53951,-0.015470332204238102,0.023133330047130585,0.05742369219660759
1951,CHE,Switzerland,0.19533558189868927,0.1761444142993982,42545000.0,4.36,2.949999999,28.85504,0.04776882377355296,0.023099999874830246,0.006578271277248859
1952,CHE,Switzerland,0.0836869552731514,0.10394278621283637,45990000.0,4.28,2.839999999,29.58204,0.025194905292108327,0.023116670548915863,0.021785032004117966
1953,CHE,Switzerland,0.10475537180900574,0.10218018446213173,46369000.0,4.29,2.55,29.39164,-0.006436337723835117,0.023116670548915863,0.038632556796073914
1954,CHE,Switzerland,0.26142799854278564,0.26437526022162383,48000999.99999999,4.28,2.619999999,29.59935,0.00706697550732116,0.023099999874830246,0.031547416001558304
1955,CHE,Switzerland,0.05989021435379982,0.05989021435379982,50705000.0,4.28,2.97,29.8763,0.00935662438533269,0.02318333089351654,0.014787260442972183
1956,CHE,Switzerland,0.02119489386677742,0.02119489386677742,54117000.0,4.28,3.11,30.32635,0.015063779651429465,0.02329999953508377,0.02091924101114273
1957,CHE,Switzerland,-0.10254386067390442,-0.10254386067390442,57710000.0,4.28,3.639999999,30.92065,0.01959681926773249,0.0244416706264019,0.00791328214108944
1958,CHE,Switzerland,0.22764143347740173,0.21966233437858462,60002000.00000001,4.307999999,3.19,31.48898,0.018380273377176737,0.028483329340815544,0.028065593913197517
1959,CHE,Switzerland,0.2919606864452362,0.28747782493675555,58732000.0,4.322999999,3.08,31.28559,-0.006459085051341851,0.027416670694947243,0.06524688005447388
1960,CHE,Switzerland,0.4446042478084564,0.4506444049435536,62425000.00000001,4.304999999,3.089999999,31.73564,0.014385216964103886,0.02710000053048134,0.05846892669796944
1961,CHE,Switzerland,0.4939022660255432,0.490094822807265,66793000.0,4.315999999,2.959999999,32.32128,0.01845370063436569,0.027283329516649246,0.036640580743551254
1962,CHE,Switzerland,-0.17714400589466095,-0.17771556597405147,72200000.0,4.318999999,3.129999999,33.71614,0.04315608787770775,0.027516670525074005,0.023125000298023224
1963,CHE,Switzerland,-0.0015776043292135,-0.0006520679251327266,75661000.0,4.314999999,3.25,34.87588,0.03439717595193281,0.02784167043864727,0.012087677605450153
1964,CHE,Switzerland,-0.06931748241186142,-0.06931748241186153,79370000.0,4.314999999,3.97,35.95052,0.030813272668675173,0.02970832958817482,0.02083478681743145
1965,CHE,Switzerland,-0.06999652832746506,-0.07064266320835066,83541000.0,4.317999999,3.949999999,37.17805,0.03414498594178883,0.03188332915306091,0.04602928087115288
1966,CHE,Switzerland,-0.12094684690237045,-0.1227752449563817,86195000.0,4.326999999,4.16,38.95372,0.04776124621920719,0.03322499990463257,0.022613447159528732
1967,CHE,Switzerland,0.47190824151039124,0.47258889272049553,88305000.0,4.324999999,4.61,40.52024,0.04021490116990112,0.035716671496629715,0.05555327981710434
1968,CHE,Switzerland,0.3949434161186218,0.4024012725989068,91008000.0,4.301999999,4.369999999,41.49773,0.024123499762094047,0.03604166954755783,0.0594896525144577
1969,CHE,Switzerland,0.044843293726444244,0.04097171134953492,94272000.0,4.317999999,4.899999999,42.53061,0.024890036153784934,0.0625,0.0038751510437577963
1970,CHE,Switzerland,-0.10649757087230682,-0.10608352896807371,99584000.00000001,4.315999999,5.819999999,44.06853,0.03616030901038103,0.06750000268220901,0.03671877831220627
1971,CHE,Switzerland,0.15500229597091675,0.27330521316188494,105935000.0,3.914999999,5.269999999,46.96516,0.0657301253297986,0.011500000022351742,0.10269123315811157
1972,CHE,Switzerland,0.20729142427444458,0.25239690675133963,110253000.0,3.773999999,4.97,50.09313,0.06660192363871431,0.026900000870227814,0.0382579006254673
1973,CHE,Switzerland,-0.19998852908611298,-0.06928381893966884,113781000.0,3.243999999,5.599999999,54.47881,0.08755052838582866,0.036400001496076584,-0.0030071339569985867
1974,CHE,Switzerland,-0.33138006925582886,-0.14606178916558676,117251000.00000001,2.539999999,7.149999999,59.79961,0.09766733157350527,0.059700001031160355,0.01875598356127739
1975,CHE,Switzerland,0.46756646037101746,0.42275527072426455,118956999.99999999,2.619999999,6.439999999,63.80407,0.06696465077280611,0.027499999850988388,0.14222437143325806
1976,CHE,Switzerland,0.07885533571243286,0.15395018513481062,110294000.0,2.4495,4.989999999,64.89886,0.01715862326650952,0.01510000042617321,0.14057113230228424
1977,CHE,Switzerland,0.08091741800308228,0.32385360836120203,108745000.0,1.999999999,4.05,65.73298,0.01285261405208038,0.024700000882148743,0.08230247348546982
1978,CHE,Switzerland,-0.005118068773299456,0.2282492979547952,111392000.00000001,1.619999999,3.33,66.42699,0.010558018212471154,0.006599999964237213,0.07655122131109238
1979,CHE,Switzerland,0.10928911715745926,0.1373723859640299,111847000.00000001,1.579999999,3.449999999,68.85001,0.03647643826703573,0.0100166667252779,-0.02095283754169941
1980,CHE,Switzerland,0.06066768616437912,-0.049699493036942544,114634000.0,1.763499999,4.769999999,71.61918,0.04022032821781729,0.02290833368897438,0.022679021582007408
1981,CHE,Switzerland,-0.11905225366353989,-0.13619607970686476,119908999.99999999,1.798499999,5.57,76.26743,0.06490230689600196,0.029341666027903557,0.018928594887256622
1982,CHE,Switzerland,0.13255594670772552,0.021259398366782367,121802000.0,1.994499999,4.8325,80.58051,0.05655205636272265,0.013225000351667404,0.10715265572071075
1983,CHE,Switzerland,0.27294543385505676,0.1648954658021844,120051000.0,2.179499999,4.514999999,82.97189,0.02967690326109862,0.018433332443237305,0.032839879393577576
1984,CHE,Switzerland,0.04520061984658241,-0.11875638301337499,120658999.99999999,2.585,4.7025,85.39067,0.02915180068816081,0.03340666741132736,0.03260357677936554
1985,CHE,Switzerland,0.6135658025741577,1.0087009880389588,124311000.0,2.076499999,4.776666666,88.33022,0.03442472110828976,0.021250000223517418,0.059935711324214935
1986,CHE,Switzerland,0.09712424874305725,0.40325130977384327,128560999.99999999,1.6235,4.29333333291667,88.99487,0.007524604829468373,0.028750000521540642,0.07173249125480652
1987,CHE,Switzerland,-0.2748204469680786,-0.0787722970678213,130653000.00000001,1.278,4.1175,90.28306,0.01447487928236768,0.005625000223517418,0.04552105441689491
1988,CHE,Switzerland,0.23610004782676697,0.05035629064003211,131613999.99999999,1.504,4.14833333333333,91.96182,0.018594407411534286,0.04874999821186066,0.029050083830952644
1989,CHE,Switzerland,0.22585652768611908,0.19216826229545636,135708999.99999997,1.5465,5.1975,94.8671,0.031592241214886574,0.09687499701976776,-0.0806799978017807
1990,CHE,Switzerland,-0.19314707815647125,-0.03682127083672937,141599000.0,1.2955,6.68,100.0,0.054106218067169864,0.08749999850988388,0.002926075831055641
1991,CHE,Switzerland,0.17670057713985443,0.12461497431551583,146899914.05122113,1.3555,6.35,105.8441,0.058440999999999965,0.07562500238418579,0.08829621970653534
1992,CHE,Switzerland,0.17640012502670288,0.0951994295835823,145606048.7711315,1.456,5.48,110.1336,0.040526585799302905,0.0637499988079071,0.1404396891593933
1993,CHE,Switzerland,0.5081000328063965,0.4841457571923713,145530058.24371102,1.4795,4.05,113.7876,0.033177885767831095,0.04125000163912773,0.1819738894701004
1994,CHE,Switzerland,-0.07619982957839966,0.04213675344167567,145334302.73956913,1.3115,5.23,114.7462,0.008424468043969568,0.03500000014901161,-0.022423813119530678
1995,CHE,Switzerland,0.23059991002082825,0.4028090238959725,147167249.81453028,1.1505,3.73,116.8247,0.018113889610287703,0.017500000074505806,0.1556437909603119
1996,CHE,Switzerland,0.182899609208107,0.010788770346054077,147862363.3137693,1.3464,3.63,117.7738,0.008124138131747616,0.014999999664723873,0.05100618302822113
1997,CHE,Switzerland,0.5518854260444641,0.43575794518399413,148566137.73746336,1.4553,3.08,118.38488195809707,0.005188606957549746,0.009999999776482582,0.08880503475666046
1998,CHE,Switzerland,0.15365493297576904,0.21969780164158137,151586857.56395903,1.3765,3.04416666666667,118.40679839963218,0.0001851287189091888,0.008750000037252903,0.11432509124279022
1999,CHE,Switzerland,0.11690592765808105,-0.03887158700840909,155717851.73449576,1.5996,3.04,119.36338661251831,0.008078828460994059,0.010937499813735485,-0.05112598463892937
2000,CHE,Switzerland,0.11910942941904068,0.09387561460354243,157878512.4394642,1.6365,3.92583333333333,121.22757334544735,0.015617743311695964,0.03500000014901161,0.0467250794172287
2001,CHE,Switzerland,-0.2202742099761963,-0.23924088989807746,163661075.4287931,1.6773,3.38333333333333,122.42782082010638,0.009900779513575042,0.016499999910593033,0.038154486566782
2002,CHE,Switzerland,-0.25951531529426575,-0.10440224858888947,165909199.1597553,1.3868,3.2,123.21294510804123,0.006412956488774713,0.004399999976158142,0.13740773499011993
2003,CHE,Switzerland,0.22063781321048737,0.36856699762333545,166535220.1049532,1.2369,2.66083333333333,123.99678019353284,0.006361629330459584,0.0008999999845400453,-0.0025380710139870644
2004,CHE,Switzerland,0.06890685111284256,0.16837299765064984,166809281.72322127,1.1316,2.74,124.98946607482978,0.008005739179255844,0.005499999970197678,0.060954637825489044
2005,CHE,Switzerland,0.35608187317848206,0.16757380178708825,171069277.4622592,1.3143,2.09583333333333,126.4552892527968,0.011727573722808415,0.006300000008195639,0.06502807885408401
2006,CHE,Switzerland,0.20666758716106415,0.29961747914921477,175855203.54101878,1.2203,2.5175,127.79992740109903,0.010633308865508617,0.01940000057220459,-0.02138919197022915
2007,CHE,Switzerland,-0.0005397464265115559,0.08364402259949189,182548963.646,1.1255,2.9275,128.73846677977974,0.007343817776477524,0.019999999552965164,-0.01394559070467949
2008,CHE,Switzerland,-0.3404650092124939,-0.3021466276851199,189057210.39814886,1.0637,2.89666666666667,131.86478270464346,0.0242842407794992,9.999999747378752e-05,0.10948916524648666
2009,CHE,Switzerland,0.23181472718715668,0.2715005582813961,191760932.28786296,1.0305,2.20333333333333,131.2330735074545,-0.004790583082398103,0.0005000000237487257,0.04250982776284218
2010,CHE,Switzerland,0.02918740175664425,0.1287543821947872,188707433.2455468,0.9396,1.63166666666667,132.13551521772445,0.006876633200385118,0.00039999998989515007,0.05230806767940521
2011,CHE,Switzerland,-0.07721107453107834,-0.07848605125879604,194614109.77825633,0.9409,1.47166666666667,132.43718858944325,0.0022830604718324654,0.000699999975040555,0.11861874908208847
2012,CHE,Switzerland,0.17722399532794952,0.2084334030155659,198188837.51907623,0.9166,0.646666666666667,131.5192764498544,-0.006930924382836268,-0.00019999999494757503,0.041854072362184525
2013,CHE,Switzerland,0.24600191414356232,0.2810828429657761,200841130.38014898,0.8915,0.949166666666667,131.23565191234098,-0.002156524466750409,9.999999747378752e-05,-0.04045632854104042
2014,CHE,Switzerland,0.13001148402690887,0.018506963916681052,204567707.97959653,0.9891,0.6925,131.2201814830221,-0.00011788282447233733,-0.019999999552965164,0.09706760197877884
2015,CHE,Switzerland,0.026751631870865822,0.023646849192090924,209523682.50487608,0.9921,-0.0691666666666667,129.72212824397397,-0.011416332625953207,-0.009999999776482582,0.04209879785776138
2016,CHE,Switzerland,-0.007899999618530273,-0.03123778506057473,212942723.06107154,1.016,-0.3625,129.15874677627687,-0.0043429866232037595,-0.009000000000000001,-0.0024187390226870775
2017,CHE,Switzerland,0.2004999965429306,0.25059776118898536,217176707.3913358,0.9753,-0.0725,129.8471808809685,0.005330139242401444,-0.01,0.005397496744990349
2018,CHE,Switzerland,-0.09059999883174896,-0.09928118092881566,220774484.1644635,0.9847,0.0325,131.06035352028297,0.009343080312437468,-0.0095,0.008491598069667816
2019,CHE,Switzerland,0.29899999499320984,0.321137466504662,227268330.26605317,0.9682,-0.49,131.53365988760393,0.003611361900131893,-0.01,0.026516979560256004
2020,CHE,Switzerland,0.03999999910593033,0.1434567330619596,230098064.74849814,0.8806,-0.525,130.5792453996545,-0.0072560475300770255,-0.0085,-0.009036127477884293
1870,DEU,Germany,0.045156121253967285,,,3.633879e-12,4.626933,1.1503618935597576e-11,,0.06750000268220901,0.03348425030708313
1871,DEU,Germany,0.37325242161750793,0.35014938518720173,75041800.05893299,3.6960599999999995e-12,4.455575,1.2021799971208781e-11,0.04504504526029729,0.04125000163912773,0.14190393686294556
1872,DEU,Germany,0.13346737623214722,0.13257162957555169,74473585.79703973,3.6989832e-12,4.285192,1.2747253490839265e-11,0.06034483366616361,0.04125000163912773,0.0497431755065918
1873,DEU,Germany,-0.09736505150794983,-0.07524592866654922,79630623.32216372,3.6105075e-12,4.324108,1.3472706873053457e-11,0.05691056373324144,0.04625000059604645,0.06456244736909866
1874,DEU,Germany,-0.03579087555408478,-0.0682099032070903,83072830.61139017,3.7361250000000005e-12,4.2671833,1.3576343042494475e-11,0.007692304925619675,0.03500000014901161,0.06197554990649223
1875,DEU,Germany,-0.08155450224876404,-0.06266433318376696,89214817.9168356,3.6608307e-12,4.248025,1.2850889695092527e-11,-0.05343510731360068,0.04749999940395355,0.047438640147447586
1876,DEU,Germany,0.0756855234503746,0.04508271054789503,89812970.12651291,3.7680296e-12,4.253242,1.2954525880323761e-11,0.008064514418080204,0.03750000149011612,0.040216390043497086
1877,DEU,Germany,0.007354984991252422,-0.05730549435957022,89160995.12800367,4.026483e-12,4.234717,1.2747253490839266e-11,-0.015999998100996837,0.03999999910593033,0.038433268666267395
1878,DEU,Germany,0.09365593641996384,0.054371685751985144,88642943.02707332,4.1765035e-12,4.274867,1.2332708566424673e-11,-0.03252033269068533,0.04500000178813934,0.05011950060725212
1879,DEU,Germany,0.3330463767051697,0.3226920800521762,92803210.2466977,4.209198e-12,4.180083,1.202179997120874e-11,-0.02521008207899844,0.03500000014901161,0.05951946601271629
1880,DEU,Germany,0.1281481832265854,0.12612718901680164,90561728.0222986,4.216752e-12,4.05,1.253998107354106e-11,0.043103454022968446,0.03375000134110451,0.06521216034889221
1881,DEU,Germany,0.17513629794120789,0.17155807081425878,89802473.26666667,4.229631e-12,3.96,1.2332708566424673e-11,-0.016528933010411362,0.04125000163912773,0.04694615304470062
1882,DEU,Germany,-0.003734889905899763,0.0026990644054725177,92000598.79909644,4.202491e-12,3.94,1.2436344776962788e-11,0.008403361676790233,0.038750000298023224,0.042354702949523926
1883,DEU,Germany,0.0836617574095726,0.0807798431064013,93467552.51904245,4.213696999999999e-12,3.92,1.202179997120874e-11,-0.0333333317135075,0.03500000014901161,0.046306971460580826
1884,DEU,Germany,0.06552354246377945,0.06697573654633748,98620810.14881542,4.207962e-12,3.88,1.1918163797253297e-11,-0.008620686935703836,0.02889999933540821,0.05099194496870041
1885,DEU,Germany,0.010078897699713707,0.01160945161980198,100937442.1783505,4.2015954e-12,3.81,1.1607255142424707e-11,-0.026086959377101704,0.02850000001490116,0.05138763412833214
1886,DEU,Germany,0.09612987190485,0.09794890052825767,103509290.13086683,4.1946343999999996e-12,3.74,1.1503618935597578e-11,-0.008928571445658728,0.02160000056028366,0.053658198565244675
1887,DEU,Germany,0.006245369091629982,0.006205645092125289,104162550.4692671,4.1948e-12,3.7,1.1503618935597578e-11,0.0,0.023000000044703484,0.03385138884186745
1888,DEU,Germany,0.16583238542079926,0.17004418746875816,108165009.59718268,4.1797e-12,3.64,1.1607255142424705e-11,0.009009009026405446,0.0210999995470047,0.05711447820067406
1889,DEU,Germany,0.1727822870016098,0.17090534229424548,112404429.32141475,4.1864e-12,3.6,1.2021799971208739e-11,0.03571428590975523,0.02630000002682209,0.030128387734293938
1890,DEU,Germany,-0.043401967734098434,-0.042372605208644054,115420606.00318587,4.181899999999999e-12,3.68,1.2332708566424672e-11,0.02586206690849413,0.03779999911785126,0.0009446745971217752
1891,DEU,Germany,-0.04240553081035614,-0.04183272462454635,119542867.63450754,4.1794e-12,3.71,1.2539981073541056e-11,0.016806730330162445,0.03020000085234642,0.03385338559746742
1892,DEU,Germany,0.056862808763980865,0.05711574357366023,119268893.9928941,4.1784e-12,3.68,1.2436344776962785e-11,-0.00826446993583907,0.017999999225139618,0.046211425215005875
1893,DEU,Germany,0.045284271240234375,0.043012728107509224,124154477.57218349,4.1875e-12,3.65,1.171089137929984e-11,-0.058333329501026876,0.031700000166893005,0.03657173737883568
1894,DEU,Germany,0.16976386308670044,0.17163848466216014,130269135.05233802,4.180799999999999e-12,3.56,1.1503618935597576e-11,-0.017699117598224734,0.017400000244379044,0.08479717373847961
1895,DEU,Germany,0.1318591684103012,0.133350133233489,133358284.7335573,4.1753e-12,3.36,1.171089137929984e-11,0.018018020664859247,0.020099999383091927,0.04678182303905487
1896,DEU,Germany,0.08897232264280319,0.08743569758215264,139679045.31580722,4.1812e-12,3.35,1.181452758995148e-11,0.008849557842780964,0.030400000512599945,0.024239683523774147
1897,DEU,Germany,0.07765394449234009,0.07652108961949833,144524373.3763769,4.1856e-12,3.36,1.2021799971208738e-11,0.017543856889677745,0.030899999663233757,0.02068159356713295
1898,DEU,Germany,0.08969160169363022,0.08360769951981628,148577589.02324685,4.2091e-12,3.4,1.2021799971208738e-11,0.0,0.03550000116229057,0.008858573623001575
1899,DEU,Germany,0.03726273402571678,0.040426702997317765,154938605.82973477,4.1963e-12,3.55,1.233270856642467e-11,0.02586206690849413,0.04450000077486038,-0.01499930489808321
1900,DEU,Germany,-0.06725689768791199,-0.06834478714838266,160500627.48947603,4.2012e-12,3.68,1.2643617291677967e-11,0.025210092623102698,0.04410000145435333,0.026910047978162766
1901,DEU,Germany,0.038567397743463516,0.042512926528525785,167283818.89475623,4.1853e-12,3.65,1.2643617291677967e-11,0.0,0.03060000017285347,0.06220318749547005
1902,DEU,Germany,0.08680732548236847,0.08463044551144727,163304188.65186363,4.1937e-12,3.52,1.2747253490839261e-11,0.008196720667075885,0.021900000050663948,0.040763821452856064
1903,DEU,Germany,0.10097536444664001,0.10026698738916084,167146924.0784258,4.196399999999999e-12,3.53,1.2747253490839261e-11,0.0,0.03009999915957451,0.03314999118447304
1904,DEU,Germany,0.1247231513261795,0.12946018766755518,176365295.223496,4.1788e-12,3.57,1.2747253490839261e-11,0.0,0.03139999881386757,0.027774188667535782
1905,DEU,Germany,0.08828467130661011,0.0868801645370827,183382448.9793447,4.184200000000001e-12,3.57,1.3161798305513671e-11,0.03252032408175776,0.02850000001490116,0.027354072779417038
1906,DEU,Germany,0.05856289342045784,0.05072801125631754,187217399.9764,4.2154e-12,3.63,1.3887251706925117e-11,0.05511810655140814,0.04039999842643738,0.017608584836125374
1907,DEU,Germany,0.025070125237107277,0.02802098492244265,192762653.60098183,4.203299999999999e-12,3.75,1.3783615523991073e-11,-0.007462684850910062,0.05119999870657921,0.003328117774799466
1908,DEU,Germany,0.020598167553544044,0.02213015908453908,201224328.16327205,4.197e-12,3.8,1.3783615523991073e-11,0.0,0.03519999980926514,0.05757177248597145
1909,DEU,Germany,0.14028215408325195,0.1427326171650929,204575773.80691975,4.1879999999999995e-12,3.7,1.4198160385765414e-11,0.030075190435543186,0.028599999845027924,0.03441371023654938
1910,DEU,Germany,0.07810017466545105,0.07443150929227049,208654422.8644379,4.2023e-12,3.76,1.4716341395648174e-11,0.03649634852711414,0.03539999946951866,0.03398488461971283
1911,DEU,Germany,0.05248943716287613,0.053592596724446384,216150922.88836592,4.197900000000001e-12,3.79,1.4716341395648174e-11,0.0,0.03539999946951866,0.024636516347527504
1912,DEU,Germany,0.05938301980495453,0.058601280371154196,222769909.57833743,4.201e-12,3.91,1.492361378020115e-11,0.014084505039701822,0.0421999990940094,0.0017900161910802126
1913,DEU,Germany,0.040864042937755585,0.038466251307742505,233078242.63778958,4.2107e-12,4.09,1.5027249944261957e-11,0.0069444415801149795,0.049800001084804535,0.022681813687086105
1914,DEU,Germany,-0.08573048561811447,-0.10053396163369033,244336172.2770451,4.28e-12,4.145,1.544179487029796e-11,0.027586213550290672,0.03629999980330467,0.0455005057156086
1915,DEU,Germany,0.09815901517868042,-0.032896998978446,207389302.08424115,4.86e-12,5.825,1.9379970725641004e-11,0.2550335559059951,0.03889999911189079,0.06536457687616348
1916,DEU,Germany,0.1535072773694992,0.015587928988363586,196793655.41603503,5.519999999999999e-12,6.557,2.5494506967403004e-11,0.3155080226035665,0.04619999974966049,0.04319523647427559
1917,DEU,Germany,0.23372343182563782,0.034977711805094236,198709895.00665903,6.58e-12,5.97,3.824176052345169e-11,0.5000000028377558,0.046300001442432404,0.03154205530881882
1918,DEU,Germany,-0.26594823598861694,-0.1963293498843759,198875662.91026866,6.01e-12,5.97,4.7050837962563053e-11,0.23035229860061524,0.046300001442432404,0.038628607988357544
1919,DEU,Germany,0.590096652507782,-0.5163724250216717,199307729.76439747,1.976e-11,6.394,6.249263288262212e-11,0.3281938343445796,0.046300001442432404,0.06736224889755249
1920,DEU,Germany,0.6850277781486511,-0.47199256428453296,162668738.7814425,6.306e-11,5.978,1.5338158650649405e-10,1.4543946931246388,0.03590000048279762,0.12000566720962524
1921,DEU,Germany,1.2381927967071533,0.3497220786110078,173254243.2751995,1.0457e-10,5.701,2.0105424070659674e-10,0.3108108038645452,0.0348999984562397,0.43171799182891846
1922,DEU,Germany,20.694435119628906,0.2029966806624286,192281043.68798015,1.88578e-09,,2.259269310196312e-09,10.237113438921778,0.05939999967813492,0.047298237681388855
1923,DEU,Germany,2639074816.0,8.304009176298859,203806345.39579967,0.5349,,2.388266141806678,1057096703.2433543,,0.06114140897989273
1924,DEU,Germany,0.04148393124341965,-0.8673959256596943,169310807.5497135,4.2011511154056205,7.97,19.802945276729737,7.291766537270918,0.11110000312328339,0.06827491521835327
1925,DEU,Germany,-0.3478185534477234,-0.3477089569352584,198177071.0081822,4.200445247196203,7.91,21.65947135982542,0.09374999815190477,0.0820000022649765,0.0672944039106369
1926,DEU,Germany,1.3776044845581055,1.3765059148378498,220415582.78187633,4.202386955790889,5.48,21.81418189639468,0.007142858382786832,0.06030000001192093,0.04826834797859192
1927,DEU,Germany,-0.07390796393156052,-0.06986049495563529,226609057.96008173,4.184100418410042,6.03,22.89715545688216,0.04964538966581511,0.07259999960660934,0.04713355004787445
1928,DEU,Germany,0.11162931472063065,0.10697814603979139,249282412.44552737,4.201680672268907,6.26,23.515997494325248,0.027027026942645138,0.07460000365972519,0.05308752879500389
1929,DEU,Germany,-0.22215013206005096,-0.21888185530400095,260197254.45312378,4.184100418410042,6.48,23.82541852429542,0.013157895175181844,0.08269999921321869,0.046711549162864685
1930,DEU,Germany,-0.27195248007774353,-0.27499870401047255,259115800.18227035,4.201680672268907,6.18,22.89715545688216,-0.038961039297869315,0.05660000070929527,0.06838693469762802
1931,DEU,Germany,-0.34182441234588623,-0.3473552996370973,255463047.56929505,4.23728813559322,6.14,21.040629339347035,-0.08108108105529377,0.08449999988079071,-0.12421856820583344
1932,DEU,Germany,0.13711504638195038,0.1467516145716279,236001000.91710865,4.201680672268907,7.3,18.719971694232836,-0.11029411752311291,0.05040000006556511,0.24399156868457794
1933,DEU,Germany,0.14418908953666687,0.7941654126684201,218209849.59522796,2.679528403001072,6.66,18.255840167016665,-0.02479338830192568,0.05050000175833702,0.20961789786815643
1934,DEU,Germany,0.1400829404592514,0.22775812907441884,231901367.6829176,2.488181139586962,6.33,18.71997169423284,0.02542372867915077,0.045499999076128006,0.045467033982276917
1935,DEU,Germany,0.16027472913265228,0.16114082124198248,253079415.4406782,2.486325211337643,4.7,19.02939269921157,0.016528924831336944,0.034699998795986176,0.04637465626001358
1936,DEU,Germany,0.2989019751548767,0.299224924427665,275496000.00000006,2.4857071836937608,4.64,19.184103223682772,0.008130082074432776,0.03310000151395798,0.07111585885286331
1937,DEU,Germany,0.017761338502168655,0.01953223817144889,299753000.0,2.481389578163772,4.5,19.338813739405722,0.008064516434209024,0.031700000166893005,0.0956096276640892
1938,DEU,Germany,-0.027276359498500824,-0.015207827978631072,317783000.0,2.450980392156863,4.54,19.49352423666623,0.007999999345629893,0.03009999915957451,0.06661681830883026
1939,DEU,Germany,0.1336694359779358,0.11421922506654991,341681858.047201,2.4937655860349124,4.54,19.49352423666623,0.0,0.02500000037252903,0.04571683332324028
1940,DEU,Germany,0.3376937210559845,0.3336906475765149,374728374.8231966,2.5012506253126565,4.41,20.112366285899107,0.03174603225766992,0.022199999541044235,0.07767151296138763
1941,DEU,Germany,0.0747654065489769,0.07988531542778032,377300207.51772034,2.4893917963224896,4.35,20.576497820385075,0.023076923316147635,0.021800000220537186,0.0690060630440712
1942,DEU,Germany,0.1425996869802475,0.1425996869802475,401174000.0,2.4893917963224896,4.35,21.195339868439003,0.030075188375392248,0.021299999207258224,0.06112852692604065
1943,DEU,Germany,0.04271024838089943,0.04271024838089943,406582000.0,2.4893917963224896,4.21,21.350050371401743,0.007299269741511072,0.021299999207258224,0.06454386562108994
1944,DEU,Germany,0.03170304745435715,0.03170304745435715,414696000.0,2.4893917963224896,,21.814181896394675,0.02173913020901508,0.021299999207258224,
1945,DEU,Germany,-0.13434875011444092,,390862508.0798683,,,22.433023935057417,0.02836879428263228,,
1946,DEU,Germany,-0.09704092890024185,,297419059.5223881,17.5,,24.44426054889492,0.08965517175303428,,
1947,DEU,Germany,0.08538708835840225,-0.1917330193075728,109201707.84501687,23.5,,26.146076159445776,0.06962025327568333,,
1948,DEU,Germany,-0.8841469287872314,-0.867192820804875,119826445.18413168,20.5,5.5556,30.168549425585496,0.15384615426076165,,
1949,DEU,Germany,1.3681889772415161,7.024441989000179,139733429.60101047,6.05,5.0891,32.29096830178449,0.07035203603123863,,0.06458775699138641
1950,DEU,Germany,-0.08310543745756149,0.3207647868339327,164080520.74539277,4.199999999,5.2763,30.282438498705474,-0.06220097781855671,0.04309999942779541,0.03701186180114746
1951,DEU,Germany,1.1774762868881226,1.1774762868881226,197145187.92161506,4.199999999,5.3184,32.599972081874945,0.0765306130570873,0.06019999831914902,0.03591920807957649
1952,DEU,Germany,0.21791709959506989,0.21791709959506989,215156710.0467269,4.199999999,4.75,33.29523218101175,0.021327015170155894,0.051100000739097595,0.06294126808643341
1953,DEU,Germany,0.25189876556396484,0.25189876556396484,234964342.29439777,4.199999999,5.2521,32.67722355966636,-0.018561475048005205,0.03579999879002571,0.014948978088796139
1954,DEU,Germany,0.8926240801811218,0.8927142094292115,255790508.0293329,4.199799999,5.0236,32.75447503341013,0.002364077033739198,0.02889999933540821,0.07128824293613434
1955,DEU,Germany,0.1104106679558754,0.10635384401144155,276322702.5661133,4.215199999,4.9761,33.29523218101175,0.016509412745893126,0.031300000846385956,0.1024467870593071
1956,DEU,Germany,-0.04888329654932022,-0.045122867529875155,302770052.6067071,4.198599999,6.8884999990016675,34.14499517104503,0.025522062300496584,0.04699999839067459,-0.056685127317905426
1957,DEU,Germany,0.07799005508422852,0.07719471767995012,333112114.5849218,4.201699999,7.487500000000001,34.866004695302294,0.021116111472426757,0.03959999978542328,-0.002312250202521682
1958,DEU,Germany,0.6110981702804565,0.6204311626754582,354844945.1935226,4.177499999,6.788666665668334,35.59345312589381,0.020864117840537322,0.030799999833106995,0.12705065310001373
1959,DEU,Germany,0.8196190595626831,0.8228917557137605,372489224.7971612,4.169999999,5.790333332335,35.94108316284035,0.009766684780961654,0.027049999684095383,0.09175792336463928
1960,DEU,Germany,0.37916263937950134,0.3788319842273291,401908916.63580334,4.170999999,6.389333332335001,36.47540347333437,0.014866561146005042,0.0456399992108345,0.020545650273561478
1961,DEU,Germany,-0.06964285671710968,-0.029020481753144534,427124193.36473453,3.996499999,5.8901666656683345,37.30585284176381,0.022767379914976127,0.029319999739527702,0.09988727420568466
1962,DEU,Germany,-0.21530503034591675,-0.21559943816351945,446792130.6533466,3.997999999,5.8901666656683345,38.38093131767902,0.02881795734506487,0.02662000060081482,0.05538468062877655
1963,DEU,Germany,0.12049345672130585,0.12692011470572728,467320735.66869533,3.975199999,6.089833332335,39.526822337887275,0.029855737754868716,0.02996000088751316,0.054772816598415375
1964,DEU,Germany,0.09510250389575958,0.09460685780385414,481236810.2828805,3.976999999,6.189666665668334,40.45383579176994,0.023452769513275573,0.03288000077009201,0.06930676847696304
1965,DEU,Germany,-0.11891141533851624,-0.12520239135399702,511440658.0775886,4.005599999,7.088166665668333,41.76066763973334,0.032304275290237605,0.041039999574422836,0.0017618751153349876
1966,DEU,Germany,-0.1363368034362793,-0.13019151178895605,538458258.2038429,3.977299999,8.086499999001667,43.27350236150512,0.03622630593032938,0.05339000001549721,0.0009717082721181214
1967,DEU,Germany,0.3791571855545044,0.37167338687132956,555257710.736898,3.998999999,6.988333333333334,43.96876242879908,0.016066646547020502,0.033479999750852585,0.15889610350131989
1968,DEU,Germany,0.1598810851573944,0.15973608189630584,557091636.5164554,3.999499999,6.489166666666667,44.68333511951533,0.016251826324959362,0.025930000469088554,0.08920188248157501
1969,DEU,Germany,0.19145603477954865,0.2914248112959086,586934779.3162214,3.689899999,6.788666665668334,45.52022232796206,0.018729291495549694,0.04806999862194061,0.009404388256371021
1970,DEU,Germany,-0.21519063413143158,-0.20617651339708198,627121133.3035223,3.647999999,8.286166666666668,47.08455698054643,0.034365707647773025,0.08647000044584274,0.054736021906137466
1971,DEU,Germany,0.07233686000108719,0.19684407691860883,657404988.7325231,3.268499999,7.986666666666667,49.55015564730375,0.05236533642603902,0.0616299994289875,0.08538829535245895
1972,DEU,Germany,0.16431158781051636,0.1886779399603431,678828702.2800378,3.201499999,7.886833332335001,52.27325705893369,0.054956465344183414,0.04301999881863594,0.040691763162612915
1973,DEU,Germany,-0.15124717354774475,0.005283823175518343,708046918.7071553,2.702999999,9.284500000000001,55.929810853706314,0.06995075494626568,0.10182999819517136,0.03290973976254463
1974,DEU,Germany,0.024214988574385643,0.1489741084213836,741633600.007701,2.409499999,10.382666666666667,59.824553838399076,0.0696362624018183,0.08866000175476074,0.08233438432216644
1975,DEU,Germany,0.3115616738796234,0.20512826644797277,748559358.2221199,2.622299999,8.485833333333334,63.378105709459255,0.05939955491618387,0.044039998203516006,0.1349460780620575
1976,DEU,Germany,-0.022198447957634926,0.08532868149342687,744458727.0012676,2.362499999,7.786999999001667,66.1012081293633,0.04296597996139884,0.03884999826550484,0.11145351082086563
1977,DEU,Germany,0.12450765818357468,0.26206619600772174,780449796.9494026,2.104999999,6.189666665668334,68.54105528708712,0.03691078010176341,0.04139000177383423,0.13562846183776855
1978,DEU,Germany,0.11918660998344421,0.28877889178596416,802614810.3729731,1.827999999,5.790333332335,70.38220743959864,0.026862033926962292,0.03359999880194664,0.03743641823530197
1979,DEU,Germany,-0.09371468424797058,-0.043205569018065826,825160948.9674094,1.731499999,7.387666665668334,73.27912442810685,0.0411597915708215,0.058720000088214874,0.005099039059132338
1980,DEU,Germany,0.03376498818397522,-0.08628684226299743,858614939.2225734,1.959,8.485833333333334,77.25111883609296,0.05420362809988233,0.09060999751091003,0.03102438896894455
1981,DEU,Germany,0.027976246550679207,-0.10688066884606173,868944397.7197653,2.254799999,10.108333333333333,82.1372529935331,0.06325001153455467,0.11263000220060349,0.05071915313601494
1982,DEU,Germany,0.14812473952770233,0.08932954455218511,872713841.3988551,2.376499999,8.965,86.46331535052717,0.05266870024658199,0.0866599977016449,0.18569885194301605
1983,DEU,Germany,0.3932937681674957,0.21564088401218906,865375382.295887,2.723799999,8.018333333333333,89.29585658556124,0.03276003497611435,0.053630001842975616,0.04906577616930008
1984,DEU,Germany,0.10989166051149368,-0.03966870908789233,880121365.3499788,3.148,7.949166666666667,91.44601251496428,0.02407901118393796,0.05544999986886978,0.13191428780555725
1985,DEU,Germany,0.6665141582489014,1.131469780265527,904361258.5517807,2.4613,6.9475,93.44166660212248,0.021823303523831994,0.05192999914288521,0.10259690135717392
1986,DEU,Germany,0.15035311877727509,0.4588644534452324,923888833.9532928,1.9408,5.894166666666667,93.32485405730733,-0.0012501119582181142,0.045729998499155045,0.0862049013376236
1987,DEU,Germany,-0.3350880444049835,-0.18402711133809158,944630818.782609,1.5815,6.140833333333333,93.5506908008213,0.002419899241152823,0.037220001220703125,0.06814783066511154
1988,DEU,Germany,0.2789909243583679,0.1361703908738745,958992769.8622531,1.7803,6.489166666666666,94.74217141760197,0.012736203298781001,0.04008999839425087,0.0494999997317791
1989,DEU,Germany,0.3148202896118164,0.3787104261962049,993022893.2193397,1.6978,6.898333333333334,97.3743311136727,0.027782345039029765,0.06588999927043915,0.016102906316518784
1990,DEU,Germany,-0.06978867948055267,0.05710360105616985,1027646662.0079206,1.494,8.704166666666666,100.0,0.026964692401965307,0.07923000305891037,0.014066016301512718
1991,DEU,Germany,0.12855538725852966,0.11217793440913137,1007547239.1079338,1.516,8.458333333333334,103.63620687590307,0.0363620687590307,0.08839999884366989,0.11170704662799835
1992,DEU,Germany,-0.02086845226585865,-0.08032005801427622,1331312548.721383,1.614,7.8475,108.87803295302335,0.05057910005715471,0.09415999799966812,0.13408750295639038
1993,DEU,Germany,0.46705931425094604,0.3716235493257414,1360889351.0013945,1.7263,6.510833333333333,113.73125431140113,0.044574844224746,0.07489000260829926,0.14661875367164612
1994,DEU,Germany,-0.07063193619251251,0.035878156347407986,1349933501.723873,1.5488,6.866666666666666,116.84008149225397,0.02733485355169596,0.05347000062465668,-0.025139128789305687
1995,DEU,Germany,0.0699237659573555,0.15598041765940174,1385789349.8985202,1.4335,6.8500000000000005,118.99035661606668,0.01840357432440909,0.04503000155091286,0.16692912578582764
1996,DEU,Germany,0.22141863405704498,0.12612786977152934,1411998810.8970776,1.5548,6.215833333333333,120.760659852491,0.014877703427147226,0.03272999823093414,0.07546108961105347
1997,DEU,Germany,0.4082593023777008,0.2217853709820039,1426036695.6502006,1.7921,5.640833333333332,122.59459526127759,0.015186530207989435,0.0318400003015995,0.06561748683452606
1998,DEU,Germany,0.1553555130958557,0.23760467126065943,1451744897.1751082,1.673,4.571666666666666,123.312222160368,0.005853658536585371,0.03413999825716019,0.11240861564874649
1999,DEU,Germany,0.316754549741745,0.13152157466745162,1478242018.1700716,1.9468743778618356,4.490833333333333,124.14945354264015,0.00678952473326877,0.027319999411702156,-0.019451305270195007
2000,DEU,Germany,-0.09912479668855667,-0.16557398299691606,1508009059.1046128,2.101912950026867,5.263333333333333,125.8908948177662,0.014026974951830473,0.041120000183582306,0.06855292618274689
2001,DEU,Germany,-0.17913822829723358,-0.22254112906862122,1556342474.8523533,2.2192556450697833,4.7975,128.2829844814009,0.019001292087861943,0.0437299981713295,0.05624079331755638
2002,DEU,Germany,-0.39940106868743896,-0.28531930186374366,1576499795.012311,1.865004291026986,4.782500000000001,129.95744724594516,0.013052882822406131,0.0327799990773201,0.09019169956445694
2003,DEU,Germany,0.37576285004615784,0.6568975680445288,1577817948.5872068,1.5485589865399843,4.070833333333333,131.37834850614416,0.010933588573111441,0.023180000483989716,0.04087153449654579
2004,DEU,Germany,0.08466467261314392,0.169771774003455,1574323870.8029094,1.4358931062330225,4.036666666666667,133.6779440361183,0.017503611181918677,0.02048330008983612,0.0670132040977478
2005,DEU,Germany,0.28201770782470703,0.1103415974750801,1590170035.7231903,1.657904552004747,3.3533333333333335,136.2566166935165,0.019290187891440436,0.020899999886751175,0.040816325694322586
2006,DEU,Germany,0.24087242782115936,0.3852920127493997,1600256754.435416,1.485064540622627,3.7624999999999997,138.68857451821177,0.017848364972730124,0.028358299285173416,0.002688172273337841
2007,DEU,Germany,0.2042311728000641,0.3460506526036258,1649783945.8227198,1.3285986006385428,4.216666666666667,141.8636748650762,0.022893741304172766,0.03859170153737068,0.025137992575764656
2008,DEU,Germany,-0.4257866144180298,-0.4571477693672794,1689204711.2634418,1.4053531651936473,3.98416666666667,145.75799683747348,0.02745115672564591,0.0381833016872406,0.10143991559743881
2009,DEU,Germany,0.254040002822876,0.298103059615316,1706882750.8923566,1.3576495904484234,3.2225,146.1168102870187,0.002461706783369877,0.006258329842239618,0.04924718290567398
2010,DEU,Germany,0.1845751404762268,0.09872921192859452,1618225650.9039853,1.4637254901960783,2.74333333333333,147.75140489050239,0.011186903137789805,0.0038333300035446882,0.04006709158420563
2011,DEU,Germany,-0.14815965294837952,-0.17512630964669085,1685340412.4377065,1.5115774016539145,2.60666666666667,151.4192757080756,0.024824608742579635,0.008091670460999012,0.08290884643793106
2012,DEU,Germany,0.2926276624202728,0.31810258736943164,1748053640.5319753,1.482363195391845,1.49513,154.6757071035036,0.02150605581885201,0.0025500000920146704,0.046400036662817
2013,DEU,Germany,0.2674599885940552,0.32480981527214015,1755517229.9219368,1.4181930244362266,1.571408,157.14753308925944,0.015980699439128943,0.0008916666847653687,-0.0048566716723144054
2014,DEU,Germany,0.03094451129436493,-0.09240103606519556,1763113933.1323712,1.6109299069269414,1.163472,158.35633573261615,0.007692151569888894,0.0009666666737757623,0.07100376486778259
2015,DEU,Germany,0.11329784989356995,-0.0016906604240760625,1802171944.0943487,1.7964820428033434,0.4951937,159.43277608125175,0.006797583081570968,-0.001075000036507845,0.005129074677824974
2016,DEU,Germany,0.0568000003695488,0.023213814999119453,1828982194.3962739,1.8554501470448723,0.09149919,160.03079849716042,0.0037509377344335793,-0.002637,0.04064487665891647
2017,DEU,Germany,0.16380000114440918,0.3241109395432018,1869771409.5087125,1.6308096389560587,0.3163361,162.76894379880093,0.01711011459890388,-0.003291,0.011384469456970692
2018,DEU,Germany,-0.16850000619888306,-0.20614734186418793,1919869687.674068,1.7081484716157205,0.396364,165.91852852258663,0.01935003478107533,-0.003221,0.02532372996211052
2019,DEU,Germany,0.22769999504089355,0.2045398903309521,1940738402.3324902,1.7409916325440622,-0.2536345,168.16390335351838,0.013532996289959742,-0.003563,0.05853414162993431
2020,DEU,Germany,0.07590000331401825,0.17521532318553645,1961118487.1725,1.5938635808002606,-0.511024,168.78903611894825,0.0037174016121384046,-0.004252000000000001,0.032080188393592834
1870,DNK,Denmark,,,,3.226296,4.8,2.81371,,,0.05740181356668472
1871,DNK,Denmark,,,3782000.0000000005,3.2972335999999998,4.5,3.037528,0.07954551108678576,,0.11077844351530075
1872,DNK,Denmark,,,3792750.0,3.3032934,4.4,3.171046,0.043956138017493096,,0.0760563388466835
1873,DNK,Denmark,-0.010062160901725292,0.0031385529720600047,4002810.0,3.259824,4.3,3.347215,0.05555548547703171,,0.054644808173179626
1874,DNK,Denmark,0.11027878522872925,0.08177318647702059,3979469.9999999995,3.345723,4.3,3.179854,-0.05000007468895773,,0.04324324056506157
1875,DNK,Denmark,0.08056949824094772,0.11077993509662831,4096170.0000000005,3.2547277,4.325,2.904675,-0.08653824986933367,0.05380000174045563,0.045945946127176285
1876,DNK,Denmark,-0.02071562595665455,-0.047358425206196375,4166190.0000000005,3.3457535999999997,4.375,2.759441,-0.050000086068148875,0.0560000017285347,0.013477089814841747
1877,DNK,Denmark,-0.06005743145942688,-0.12225577747482685,4247880.0,3.5828390000000003,4.5,2.595514,-0.05940587242126205,0.05620000138878822,0.01666666567325592
1878,DNK,Denmark,0.14749807119369507,0.10571777560642559,4131180.0,3.7182189999999995,4.5,2.41739,-0.06862763984320641,0.05130000039935112,0.08285713940858841
1879,DNK,Denmark,0.17056792974472046,0.16409316033258015,4294560.0,3.7388999999999997,4.3,2.443107,0.010638333078237139,0.03999999910593033,0.08264462649822235
1880,DNK,Denmark,0.19821083545684814,0.1975382231193823,4434600.000000001,3.741,4.175,2.637445,0.07954543128892855,0.03480000048875809,0.07692307233810425
1881,DNK,Denmark,0.0901954174041748,0.082734361774083,4539630.0,3.7667789999999997,4.075,2.69297,0.02105257171239594,0.0357000008225441,0.043589744716882706
1882,DNK,Denmark,0.05709286034107208,0.06526078189329576,4586310.000000001,3.7378971000000005,4.075,2.665208,-0.010309063970263321,0.04349999874830246,0.046035803854465485
1883,DNK,Denmark,0.06907913833856583,0.06540771297747416,4749690.0,3.750778,4.05,2.526395,-0.05208336460043639,0.04670000076293945,0.04325699806213379
1884,DNK,Denmark,0.041174620389938354,0.042242767104233137,4913070.0,3.746934,4.0,2.47087,-0.021977956732814885,0.04529999941587448,0.050761424005031586
1885,DNK,Denmark,-0.0791454091668129,-0.07935617569552378,4936409.999999999,3.7477918000000003,4.0,2.387582,-0.03370796521063435,0.04340000078082085,0.04522613063454628
1886,DNK,Denmark,0.11672041565179825,0.12119404292171443,4971420.0,3.7328378999999994,3.85,2.276532,-0.04651149154248946,0.04050000011920929,0.02500000037252903
1887,DNK,Denmark,0.03440308943390846,0.031883751814423045,5169810.0,3.7419515999999997,3.6,2.276532,0.0,0.03500000014901161,0.027918782085180283
1888,DNK,Denmark,0.12778066098690033,0.13217532503361018,5356529.999999999,3.7274268,3.55,2.221006,-0.024390608170673622,0.033399999141693115,0.04859334975481033
1889,DNK,Denmark,0.09005042165517807,0.0877224310783622,5391540.0,3.7354044,3.575,2.304294,0.03750012381776546,0.0357000008225441,0.030303029343485832
1890,DNK,Denmark,0.010680236853659153,0.009317225177952082,5461560.000000001,3.7404488000000002,3.6,2.332057,0.012048375771494424,0.041099999099969864,0.012690356001257896
1891,DNK,Denmark,0.03563785180449486,0.037349272733994354,5788320.0,3.7342778,3.75,2.554157,0.09523780936743842,0.04390000179409981,0.005194805096834898
1892,DNK,Denmark,0.057856570929288864,0.061252610840680566,5905020.0,3.722328,3.775,2.415344,-0.054347872898964256,0.04280000180006027,0.040214475244283676
1893,DNK,Denmark,0.07704534381628036,0.07406178115947282,6045060.000000001,3.7326680000000003,3.7,2.276532,-0.05747090269543387,0.040800001472234726,0.04278074577450752
1894,DNK,Denmark,0.10303031653165817,0.1076619601372033,6161760.000000001,3.717059999999999,3.575,2.221006,-0.024390608170673622,0.03999999910593033,0.11170212924480438
1895,DNK,Denmark,0.1120045855641365,0.11264450297694739,6290130.0,3.7149222,3.475,2.165481,-0.02499993246303689,0.03920000046491623,0.024752475321292877
1896,DNK,Denmark,0.07126051187515259,0.06743152750256098,6640230.000000001,3.7282480000000002,3.5,2.109956,-0.025640954596230725,0.038600001484155655,0.029999999329447746
1897,DNK,Denmark,0.03643586486577988,0.0358932796095357,6885299.999999999,3.7302008000000004,3.5,2.109956,0.0,0.04619999974966049,0.0477386936545372
1898,DNK,Denmark,0.0662151426076889,0.059560523351555705,7048680.0,3.7536285000000005,3.5,2.221006,0.05263142928098974,0.04580000042915344,0.017369726672768593
1899,DNK,Denmark,-0.025713680312037468,-0.023737945447116382,7165380.0,3.746032,3.65,2.276532,0.025000382709456925,0.056699998676776886,-0.015151514671742916
1900,DNK,Denmark,0.04688404127955437,0.04573614211148458,7468800.0,3.7501440000000006,3.775,2.332057,0.024390168906037735,0.062199998646974564,0.01595744676887989
1901,DNK,Denmark,0.050443459302186966,0.05660398472381978,7725540.0,3.7282788,3.6,2.415344,0.03571396410979677,0.057500001043081284,0.10054347664117813
1902,DNK,Denmark,0.084967240691185,0.08306771451527983,8052300.000000001,3.7348176000000004,3.55,2.415344,0.0,0.044599998742341995,0.040920715779066086
1903,DNK,Denmark,0.07942571491003036,0.07755451574696326,8239020.000000001,3.7413032,3.5,2.332057,-0.03448245881332035,0.04540000110864639,0.04071246460080147
1904,DNK,Denmark,0.06914178282022476,0.07112461994843144,8729160.0,3.7343774,3.6,2.332057,0.0,0.0478999987244606,0.027848100289702415
1905,DNK,Denmark,0.09799419343471527,0.09716749340890796,8915880.0,3.7371912,3.55,2.387582,0.023809452341859716,0.045499999076128006,0.040816325694322586
1906,DNK,Denmark,0.10399577021598816,0.0985977188901741,9067590.0,3.7555542,3.575,2.415344,0.01162766346873112,0.054499998688697815,0.022842638194561005
1907,DNK,Denmark,0.0023283278569579124,0.0008783211522949141,9324330.0,3.760995,3.625,2.554157,0.05747131671513461,0.06419999897480011,0.02313624694943428
1908,DNK,Denmark,-0.05052150785923004,-0.045426806132559006,9674430.000000002,3.740922,3.7,2.609683,0.021739462374474217,0.06780000030994415,0.0234375
1909,DNK,Denmark,0.113736592233181,0.11554870335459566,9977850.0,3.7348452,3.675,2.526395,-0.0319149873758614,0.05339999869465828,0.023746702820062637
1910,DNK,Denmark,0.056907858699560165,0.05467777929529172,10362960.0,3.7427424,3.7,2.554157,0.01098878045594609,0.05350000038743019,0.04010694846510887
1911,DNK,Denmark,0.1311631202697754,0.13098598171423892,10678050.0,3.7433286,3.75,2.526395,-0.010869339668626465,0.04989999905228615,0.029333334416151047
1912,DNK,Denmark,0.07642561197280884,0.07611315546320063,11249880.0,3.7444154999999997,3.925,2.665208,0.054945089742498565,0.05380000174045563,-0.032258063554763794
1913,DNK,Denmark,0.0367041751742363,0.03856681446802179,11249879.999999998,3.7377,4.2,2.776258,0.041666541598254225,0.05979999899864197,-0.005780347157269716
1914,DNK,Denmark,0.0031264189165085554,-0.001707860912659287,11670000.000000002,3.7558,4.25,2.859546,0.03000009365123857,0.059700001031160355,0.039393939077854156
1915,DNK,Denmark,0.4419366121292114,0.3970399917025389,12405210.000000002,3.8765,5.2,3.383796,0.18333329836274714,0.05979999899864197,
1916,DNK,Denmark,0.6746337413787842,0.8382323937292531,11541630.0,3.5315,4.9,3.955705,0.16901403039663165,0.052799999713897705,0.16417910158634186
1917,DNK,Denmark,0.055031534284353256,0.11907366592334756,12031770.0,3.3294,4.875,4.575273,0.15662644206279297,0.04769999906420708,0.0033557049464434385
1918,DNK,Denmark,0.24182665348052979,0.2504272372896039,11319900.0,3.3065,4.9,5.385478,0.17708342212584904,0.05469999834895134,0.045614033937454224
1919,DNK,Denmark,-0.0395403727889061,-0.2605225731445344,10946459.999999998,4.2946,5.2,6.386319,0.18584069974847184,0.06109999865293503,-0.13732394576072693
1920,DNK,Denmark,-0.08175387978553772,-0.37790856937530104,12358530.000000002,6.3391,6.3,7.577796,0.18656709757216938,0.0731000006198883,0.017316017299890518
1921,DNK,Denmark,-0.207868292927742,-0.10638487608525227,12942030.000000002,5.6192,5.525,6.433978,-0.15094336136787012,0.06199999898672104,0.24434389173984528
1922,DNK,Denmark,-0.08430855721235275,0.07780757337920985,12568590.0,4.774,4.9,5.480796,-0.1481481596610993,0.05640000104904175,0.16858237981796265
1923,DNK,Denmark,0.17091070115566254,0.026541243493064526,13840620.000000004,5.4454,5.0,5.719091,0.04347817360835915,0.06109999865293503,-0.024561403319239616
1924,DNK,Denmark,0.12003561854362488,0.019923737389831775,15299369.999999998,5.9799,5.3,6.052705,0.05833339598897802,0.06392499804496765,-0.023872679099440575
1925,DNK,Denmark,0.02256849966943264,0.29212606102046323,15346050.0,4.7324,5.275,5.862069,-0.03149600054851498,0.06392499804496765,0.07758620381355286
1926,DNK,Denmark,-0.07233268022537231,0.15131856602277627,14995950.0,3.8131,5.25,5.004205,-0.14634150502152055,0.053325001150369644,0.09014084935188293
1927,DNK,Denmark,0.12051218003034592,0.1418635399202821,15871200.0,3.7418,5.1,4.813569,-0.03809516196878415,0.049424998462200165,0.08446866273880005
1928,DNK,Denmark,0.10877277702093124,0.1095140740397722,16186290.000000002,3.7393,4.925,4.813569,0.0,0.04922499880194664,0.09259258955717087
1929,DNK,Denmark,0.07345010340213776,0.07092979687084489,16734780.0,3.7481,5.1,4.76591,-0.009900969530093007,0.05152500048279762,0.06361323595046997
1930,DNK,Denmark,0.010390120558440685,0.013608267990228295,17855100.0,3.7362,4.65,4.527614,-0.05000010491175877,0.047325000166893005,0.06532663106918335
1931,DNK,Denmark,-0.08999190479516983,-0.1480260993549285,18917070.0,3.9907,4.75,4.289319,-0.0526314743262124,0.046025000512599945,-0.02227722853422165
1932,DNK,Denmark,-0.10433220863342285,-0.32689136849711886,19127130.0,5.3102,5.0,4.24166,-0.011111087797386787,0.05252499878406525,0.13866667449474335
1933,DNK,Denmark,0.2489832043647766,0.26484678690553,18625320.0,5.2436,4.125,4.384637,0.033707793646826856,0.04532499983906746,0.08599508553743362
1934,DNK,Denmark,0.23683631420135498,0.45921361168775454,19220490.000000004,4.4445,3.95,4.527614,0.032608628718865384,0.038724999874830246,0.05061368644237518
1935,DNK,Denmark,0.08058654516935349,0.050980786486025664,19803990.000000004,4.5697,4.275,4.71825,0.042105179460970144,0.03682500123977661,0.007594936527311802
1936,DNK,Denmark,0.144076406955719,0.1600696644696893,20247450.000000004,4.5067,4.375,4.76591,0.0101012027764531,0.04312499985098839,0.023560209199786186
1937,DNK,Denmark,-0.005098729860037565,-0.010478117465623105,20749260.0,4.5312,4.55,4.956546,0.039999916070593056,0.04582500085234642,0.03999999910593033
1938,DNK,Denmark,0.028394000604748726,0.016992338616376612,21251070.0,4.582,4.275,5.004205,0.009615365216019356,0.045524999499320984,0.08021389693021774
1939,DNK,Denmark,0.08144742250442505,0.008197947041704845,21764549.999999996,4.9149,4.625,5.147182,0.02857137147658828,0.046424999833106995,-0.012886597774922848
1940,DNK,Denmark,0.01573232375085354,-0.03608294916045829,22803180.0,5.1791,4.925,6.386319,0.24074085587026084,0.048124998807907104,0.08516483008861542
1941,DNK,Denmark,0.2533999979496002,0.25669065823728365,19605599.999999996,5.165538461538461,4.2,7.3395,0.14925358410690093,0.03999999910593033,0.058047495782375336
1942,DNK,Denmark,0.13024911284446716,0.21908550621759892,17668380.0,4.789118756429307,4.05,7.577796,0.03246760678520344,0.03999999910593033,0.10129870474338531
1943,DNK,Denmark,0.1349419355392456,0.14026055702251328,18065159.999999996,4.766780432309443,4.35,7.625455,0.00628929572662007,0.03999999910593033,0.04303797334432602
1944,DNK,Denmark,0.10178676247596741,0.10178676247596741,20060730.0,4.766780432309443,3.975,7.816092,0.025000081962322396,0.03999999910593033,0.07828282564878464
1945,DNK,Denmark,-0.08303241431713104,-0.08438856660539928,22161330.0,4.773840720063804,3.75,7.91141,0.01219509698708765,0.03999999910593033,0.07366889715194702
1946,DNK,Denmark,0.057748839259147644,-0.37660191599314297,20492520.0,8.1,3.55,7.863751,-0.00602408420243683,0.035208333283662796,0.03117506019771099
1947,DNK,Denmark,0.052977100014686584,0.04651711780600731,23690099.999999996,8.15,3.65,8.078217,0.027272735365095002,0.03500000014901161,0.009661835618317127
1948,DNK,Denmark,0.04570000246167183,-0.11224426874347637,25020480.0,9.6,4.069999999,8.292683,0.026548680234759647,0.03500000014901161,-0.02238805964589119
1949,DNK,Denmark,-0.027696968987584114,0.003667644916042212,25697340.000000004,9.3,4.419999999,8.518863,0.027274646818164827,0.03500000014901161,0.058355435729026794
1950,DNK,Denmark,0.2555214762687683,0.20374739477314918,27471180.0,9.7,4.529999999,9.042368,0.061452449698979894,0.040833331644535065,-0.02872062660753727
1951,DNK,Denmark,-0.028101220726966858,0.07129751806232032,29654000.000000004,8.8,5.139999999,9.994196,0.10526313461252634,0.05000000074505806,-0.03651685640215874
1952,DNK,Denmark,-0.011065546423196793,0.11572092198408579,29851999.999999996,7.8,5.289999999,10.37493,0.03809551063437233,0.05000000074505806,0.04892966151237488
1953,DNK,Denmark,0.09309585392475128,0.14444935041786033,30144000.0,7.45,5.08,10.47011,0.009174037800736778,0.04874999821186066,0.08749999850988388
1954,DNK,Denmark,0.15272089838981628,0.1480976862304988,31859000.0,7.48,5.239999999,10.47011,0.0,0.05000000074505806,-0.0535714291036129
1955,DNK,Denmark,0.16086648404598236,0.2212772574773485,32478000.0,7.11,5.549999999,11.04121,0.05454574975812099,0.05791666731238365,0.04307692497968674
1956,DNK,Denmark,0.16992928087711334,0.10614324295695154,32828000.0,7.52,5.709999999,11.70749,0.06034483539394686,0.05999999865889549,0.043887149542570114
1957,DNK,Denmark,0.10950013995170593,0.20674588568752883,33225000.0,6.913999999,5.769999999,12.02873,0.027438844705397925,0.05999999865889549,0.10862619429826736
1958,DNK,Denmark,0.0657549798488617,0.06698956424504265,35746000.0,6.905999999,5.239999999,12.11671,0.007314155359709584,0.056458331644535065,0.1834862381219864
1959,DNK,Denmark,0.3021252453327179,0.3017482548157746,36551000.0,6.907999999,5.319999999,12.32603,0.017275316484425263,0.05145833268761635,0.01089918240904808
1960,DNK,Denmark,0.16120368242263794,0.16153997077554583,39270000.0,6.905999999,5.759999999,12.48075,0.012552297860706219,0.059583332389593124,0.022792022675275803
1961,DNK,Denmark,0.04479999840259552,0.04783456127960495,40367000.0,6.885999999,6.029999999,12.91154,0.034516355186988035,0.06624999642372131,-0.02064896747469902
1962,DNK,Denmark,0.06029679626226425,0.05783884947254325,42926000.0,6.901999999,6.319999999,13.86413,0.07377818602583419,0.07000000029802322,0.0833333283662796
1963,DNK,Denmark,-0.0029285233467817307,-0.004226981354476411,45295000.00000001,6.910999999,6.449999999,14.71054,0.06105035079734544,0.06812500208616257,0.14465409517288208
1964,DNK,Denmark,0.24081949889659882,0.23902666621479574,45579000.0,6.920999999,6.239999999,15.16551,0.030928164431761163,0.06541666388511658,-0.058139532804489136
1965,DNK,Denmark,0.07116587460041046,0.07582920013265193,49843000.0,6.890999999,7.349999999,15.99203,0.05449998054796712,0.07000000029802322,-0.03618421033024788
1966,DNK,Denmark,0.09230412542819977,0.08835565765207876,52116999.99999999,6.915999999,7.859999999,17.12186,0.07064956731571925,0.07000000029802322,0.0074930633418262005
1967,DNK,Denmark,-0.1491570919752121,-0.2114138901317104,53539000.0,7.461999999,8.17,18.5272,0.08207869939364065,0.07041666656732559,0.06332392245531082
1968,DNK,Denmark,0.08233288675546646,0.07670550606101334,55339000.0,7.500999999,8.429999999,20.00078,0.0795360335074915,0.0716666653752327,0.19751057028770447
1969,DNK,Denmark,0.1981286257505417,0.1995679153438672,57613000.00000001,7.491999999,9.339999999,20.69839,0.03487913971355128,0.08500000089406967,-0.08863253891468048
1970,DNK,Denmark,-0.051789622753858566,-0.05140978150240727,61283000.0,7.488999999,10.569999999,22.04686,0.06514854536995385,0.0949999988079071,0.07820869982242584
1971,DNK,Denmark,-0.011852901428937912,0.04789487698363515,62523999.99999999,7.061999999,10.67,23.34098,0.05869860832789797,0.08187499642372131,0.14233244955539703
1972,DNK,Denmark,0.48656490445137024,0.533243954327772,64191000.0,6.846999999,10.369999999,24.8727,0.0656236370537997,0.07770833373069763,0.09866905957460403
1973,DNK,Denmark,0.6243217587471008,0.7681607444014689,67578000.0,6.289999999,11.079999999,27.1867,0.09303372774166063,0.08104166388511658,-0.056724678725004196
1974,DNK,Denmark,-0.22610144317150116,-0.13843859778072198,70032000.0,5.649999999,14.549999999,31.33952,0.15275189706731607,0.133366659283638,0.004801061004400253
1975,DNK,Denmark,0.16444967687129974,0.0650167016144736,69379000.0,6.177499999,13.099999999,34.34988,0.09605635312857363,0.06470832973718643,0.2961331307888031
1976,DNK,Denmark,0.3568114936351776,0.4482424193559813,68921000.0,5.787499999,13.209999999,37.44137,0.09000002328974666,0.10279999673366547,-0.01991800218820572
1977,DNK,Denmark,0.07841011136770248,0.0802766801458148,73382000.0,5.777499999,13.38,41.61201,0.11139122313099126,0.14481666684150696,0.017880035564303398
1978,DNK,Denmark,-0.0009329179883934557,0.13400983623909624,74573000.00000001,5.089999999,14.54,45.77694,0.10008961355147239,0.1542000025510788,0.21741901338100433
1979,DNK,Denmark,0.020366918295621872,-0.031935207069447746,75674000.0,5.364999999,15.819999999,50.17658,0.09611039969032431,0.1263333261013031,0.0492144450545311
1980,DNK,Denmark,-0.015120103023946285,-0.12154935209142148,78356000.0,6.014999999,17.66,56.35098,0.12305342452594403,0.16927500069141388,0.0901615172624588
1981,DNK,Denmark,0.7752422094345093,0.45775861971755494,78010000.0,7.324999999,18.918333333,62.96905,0.11744374277075575,0.14839999377727509,0.1686018705368042
1982,DNK,Denmark,0.34867653250694275,0.17832247142688473,77316000.0,8.383999999,20.385,69.34203,0.10120813320194588,0.16918332874774933,0.12275335192680359
1983,DNK,Denmark,0.8164311051368713,0.5421730008760606,79650000.0,9.875,14.463333333,74.13235,0.0690824886436121,0.12809999287128448,0.6857261061668396
1984,DNK,Denmark,0.09639935195446014,-0.03845971575929896,81656000.0,11.26,14.426666666666666,78.79585,0.06290775889338462,0.11772499978542328,0.04011356830596924
1985,DNK,Denmark,0.06628897786140442,0.3386569172393148,85241000.00000001,8.969,11.58,82.48251,0.04678748944265476,0.1033250018954277,0.44490325450897217
1986,DNK,Denmark,0.02779509499669075,0.255470780663986,88897000.0,7.3425,10.050833333333333,85.51637,0.03678185836003278,0.09224999696016312,-0.08035556972026825
1987,DNK,Denmark,-0.1387002319097519,0.03733183748095592,92135000.00000001,6.0965,11.284166666666666,88.93063,0.0399252213348158,0.10108333081007004,0.09140429645776749
1988,DNK,Denmark,0.15420204401016235,0.023653296669763568,92406000.0,6.874,9.884166666666667,92.9883,0.045627361461399785,0.08527500182390213,0.345295786857605
1989,DNK,Denmark,0.4185817837715149,0.4757973789853034,93482000.0,6.6075,9.706666666666667,97.42638,0.04772729472417492,0.09593600034713745,0.021850839257240295
1990,DNK,Denmark,0.11323237419128418,0.2734908089454484,93728000.00000001,5.776,10.629166666666666,100.0,0.02641604871288461,0.10892999917268753,0.07979787886142731
1991,DNK,Denmark,0.09394088387489319,0.06850470030631328,94863073.80970444,5.9135,9.261666666666667,102.3951,0.023951000000000056,0.09699500352144241,0.19857338070869446
1992,DNK,Denmark,-0.06935238093137741,-0.12023264401529854,96096657.28758039,6.2555,8.986666666666666,104.5414,0.020960963952376677,0.11035100370645523,0.07661158591508865
1993,DNK,Denmark,0.033562153577804565,-0.0453380506894121,97995026.84833477,6.7725,7.3025,105.8564,0.012578748706254084,0.10405399650335312,0.26268067955970764
1994,DNK,Denmark,0.20573121309280396,0.34239925048019293,97907094.51826482,6.083,7.825833333333334,107.9651,0.01992038270713925,0.061344001442193985,-0.11028869450092316
1995,DNK,Denmark,0.012022796086966991,0.11001346350469166,103316989.5417992,5.546,8.269166666666667,110.2146,0.020835436636468696,0.06069299951195717,0.20457930862903595
1996,DNK,Denmark,0.31960150599479675,0.23113970094156677,106483810.70005983,5.9445,7.194166666666666,112.5562,0.02124582405597808,0.03869299963116646,0.11511840671300888
1997,DNK,Denmark,0.4376201927661896,0.251967951347585,109501995.95169592,6.826,6.254166666666667,114.78505121719445,0.019802118561167203,0.0365849994122982,0.12217415124177933
1998,DNK,Denmark,-0.03903428465127945,0.027096527514345325,113004544.16261454,6.3865,4.9375,116.29192451717488,0.013127783487495659,0.0414620004594326,0.1447409987449646
1999,DNK,Denmark,0.23249000310897827,0.06386135655180447,115445824.68740487,7.3988,4.909999999999999,118.67806939825036,0.020518577631098323,0.03307599946856499,-0.043158650398254395
2000,DNK,Denmark,0.16969966888427734,0.07903171998516201,118401909.02174947,8.0205,5.641666666666667,121.90258950781184,0.02717031146454607,0.04907400161027908,0.08502339571714401
2001,DNK,Denmark,-0.12866342067718506,-0.1689690190310199,122579728.13552615,8.4095,5.079166666666667,124.72129196456022,0.023122580645161372,0.04618600010871887,0.05423121899366379
2002,DNK,Denmark,-0.20234304666519165,-0.052851352818464536,123443707.80603568,7.0822,5.055833333333334,127.67054816232985,0.023646773949452582,0.03484800085425377,0.0985339805483818
2003,DNK,Denmark,0.33083227276802063,0.5820498728007377,124018929.2238213,5.9576,4.308333333333334,130.22657020039688,0.02002045166138955,0.02375260926783085,0.04259059578180313
2004,DNK,Denmark,0.24031348526477814,0.35146894795036987,124494843.84069008,5.4676,4.305,131.37953275664495,0.00885351241665866,0.02161666750907898,0.08519765734672546
2005,DNK,Denmark,0.43154194951057434,0.2376620804769083,127353937.05143726,6.3241,3.4041666666666672,133.5816440509796,0.016761448668063395,0.021994750946760178,0.07861414551734924
2006,DNK,Denmark,0.22443418204784393,0.36776136833447004,130467769.91557045,5.6614,3.811666666666667,136.09834267307636,0.01884015307624365,0.031814899295568466,-0.012141002342104912
2007,DNK,Denmark,0.07134317606687546,0.19506280554548683,134896914.74872586,5.0753,4.285833333333333,138.35236087649176,0.016561687373591427,0.04327499866485596,0.0030361106619238853
2008,DNK,Denmark,-0.4795536398887634,-0.5001946278127194,137032660.0,5.2849,4.281666666666667,143.38575812068527,0.03638100002273803,0.04880833253264427,0.12009971588850021
2009,DNK,Denmark,0.35473018884658813,0.3794750727414373,135958604.36579987,5.1901,3.5875,144.8800479275552,0.010421466026020676,0.01809166744351387,0.005764995235949755
2010,DNK,Denmark,0.32678353786468506,0.22675418022758498,128475549.65517905,5.6133,2.9275,148.06524462114643,0.02198506101532982,0.007018666714429855,0.0763423815369606
2011,DNK,Denmark,-0.1632012575864792,-0.18246964968152735,130349725.80185866,5.7456,2.73058333333333,151.99758621817264,0.026558167698894186,0.008877333253622055,0.1424882709980011
2012,DNK,Denmark,0.26641517877578735,0.28577248169747205,132094239.82555552,5.6591,1.40333333333333,155.57601707146648,0.02354268210652677,0.0008008666918613017,0.061103448271751404
2013,DNK,Denmark,0.3064801096916199,0.3659544384052036,132399194.94722646,5.4127,1.74583333333333,156.3892253137315,0.0052270797104378985,-0.00023101666010916233,-0.06716862320899963
2014,DNK,Denmark,0.19768305122852325,0.05902229087865973,133634582.12883902,6.1214,1.32666666666667,156.93975313731517,0.0035202413879809047,0.0006411583162844181,0.1434582769870758
2015,DNK,Denmark,0.3398592174053192,0.20085127575767503,135779367.89385423,6.83,0.69,157.2936638810475,0.002255073916311634,-0.0012600832851603627,-0.02894405834376812
2016,DNK,Denmark,-0.060600001364946365,-0.09027592010585628,138973419.75131276,7.0528,0.320833333,157.32040380390728,0.00017000000000000348,-0.0044,0.047262340784072876
2017,DNK,Denmark,0.18719999492168427,0.34882228912216373,143473097.1963285,6.2077,0.515,158.9845707677688,0.01057820170571011,-0.0044,0.03171081840991974
2018,DNK,Denmark,-0.0794999971985817,-0.12351015931061682,147530460.57962,6.5194,0.456666667,160.11236633779592,0.00709374227059123,-0.0049,0.020567787811160088
2019,DNK,Denmark,0.2971000075340271,0.26669269897951375,150456255.5972266,6.6759,-0.181666667,161.27791238715446,0.007279550455831396,-0.0055000000000000005,0.06944725662469864
2020,DNK,Denmark,0.30570000410079956,0.438972969059781,153640435.06888217,6.0576,-0.358333333,161.81585671762764,0.0033355114938604657,-0.0015,0.017344053834676743
1870,ESP,Spain,,,,4.35686,11.194029850746269,0.28234712601742945,,0.05000000074505806,
1871,ESP,Spain,,,18529454.219299994,4.391304,9.917355371900827,0.28304020487732034,0.002454704850964662,0.05000000074505806,
1872,ESP,Spain,,,20003628.958901774,4.495139,11.560693641618498,0.29145616246170897,0.029734141791044832,0.05583333224058151,
1873,ESP,Spain,,,23122679.47267171,4.424562,22.607385079125848,0.3141627460619417,0.07790737175857765,0.05999999865889549,
1874,ESP,Spain,,,25044330.71710931,4.53501,23.346303501945524,0.3103673142101587,-0.012081100955982582,0.05999999865889549,
1875,ESP,Spain,,,22911009.848343737,4.463555,17.59530791788856,0.3036675518978807,-0.021586558911101617,0.05999999865889549,
1876,ESP,Spain,,,23592996.37266279,4.792556,23.715415019762844,0.2995420824937686,-0.01358547983914793,0.05999999865889549,
1877,ESP,Spain,,,24365912.615300532,4.9762200000000005,22.988505747126435,0.3024134091990306,0.009585720581753998,0.05166666582226753,
1878,ESP,Spain,,,27115503.29168722,5.147265,19.672131147540984,0.30099424772401606,-0.004692786205391153,0.04333333298563957,
1879,ESP,Spain,,,26159538.427894093,5.209739999999999,19.2,0.30310648805892143,0.007017543859649145,0.03999999910593033,
1880,ESP,Spain,,,24454324.35156694,5.1434880000000005,15.78,0.3074299799944309,0.014263937282229966,0.03999999910593033,
1881,ESP,Spain,,,26794480.486891523,5.18949,11.95,0.3094795219468866,0.0066666951365408345,0.04541666805744171,
1882,ESP,Spain,,,27183810.233496163,5.265945,10.75,0.32075195513321875,0.0364238419247227,0.04833333194255829,
1883,ESP,Spain,,,27457173.003775742,5.274596,6.64,0.3057220408735227,-0.04685837145857341,0.054999999701976776,
1884,ESP,Spain,,,27941104.766222816,5.24682,6.56,0.2783949299706558,-0.08938547847183897,0.04500000178813934,
1885,ESP,Spain,,,28137614.50295456,5.2936890000000005,6.9,0.2749790409355164,-0.012269939813557174,0.03999999910593033,
1886,ESP,Spain,,,27143282.042527284,5.28649,6.45,0.27292951007261723,-0.007453407561268555,0.03999999910593033,
1887,ESP,Spain,,,26595519.508503266,5.245245,5.93,0.2630234350816002,-0.03629536061667116,0.03999999910593033,
1888,ESP,Spain,,,26136451.206546348,5.259786,5.49,0.2678056709192151,0.01818178610636445,0.03500000014901161,
1889,ESP,Spain,,,27238084.60061221,5.338346,5.28,0.27224632496808293,0.01658162813963493,0.03500000014901161,
1890,ESP,Spain,,,27213804.21671139,5.411967,5.14,0.2862514730788334,0.051442928063004656,0.03999999910593033,
1891,ESP,Spain,,,27143494.442654483,5.537444,5.47,0.26643932389261427,-0.06921239207304586,0.03999999910593033,
1892,ESP,Spain,,,27685936.620235514,5.954904,6.24,0.2739542750224791,0.02820511259401659,0.04500000178813934,
1893,ESP,Spain,,,30096849.001601055,6.159776,6.14,0.26678090499112256,-0.02618455226065708,0.05000000074505806,
1894,ESP,Spain,,,28903255.6488926,6.172549999999999,5.77,0.2568748309073702,-0.037131870753950746,0.05000000074505806,
1895,ESP,Spain,,,29329270.196436763,5.910894,5.72,0.27156315189265373,0.0571808492618735,0.04500000178813934,
1896,ESP,Spain,,,28943428.32795735,6.239067,5.96,0.25892436188198664,-0.04654088716595495,0.03999999910593033,
1897,ESP,Spain,,,26197895.899669215,6.704616,6.17,0.28146922596352975,0.08707123546689921,0.03999999910593033,
1898,ESP,Spain,,,27957528.34189615,8.095212,9.09,0.30913793008523693,0.09830099197164888,0.05000000074505806,
1899,ESP,Spain,,,30055918.21909267,6.459952,6.39,0.31460334999125,0.017679551339772948,0.03999999910593033,
1900,ESP,Spain,0.04194788634777069,0.005466909983014467,30454631.866925284,6.694336000000001,5.29,0.33031643699092555,0.049945707825783,0.03500000014901161,0.08271805942058563
1901,ESP,Spain,0.022268075495958328,-0.04421704197719101,31156924.5698608,7.16,5.53,0.3309996208744967,0.002068270927704008,0.03999999910593033,0.07742112129926682
1902,ESP,Spain,0.043839555233716965,0.06769874506763052,33819179.125789165,7.0,4.78,0.32348465903658213,-0.022703838203983806,0.03999999910593033,0.07750304043292999
1903,ESP,Spain,0.05404460430145264,0.055552536496447535,32412392.962085526,6.99,4.45,0.333732326158566,0.03167898951531112,0.03500000014901161,0.0744122713804245
1904,ESP,Spain,-0.0013100476935505867,-0.02091966807544443,32447984.463557415,7.13,4.59,0.33988092986088114,0.01842375826486098,0.029999999329447746,0.059901781380176544
1905,ESP,Spain,-0.05744031071662903,-0.008783099617930001,32119635.065888956,6.78,4.34,0.34158886916848363,0.005025110730106475,0.03999999910593033,0.06795503944158554
1906,ESP,Spain,0.10474343597888947,0.2825617287563136,31845716.860980805,5.84,4.17,0.33236596797134593,-0.02700000506336364,0.04500000178813934,0.068261057138443
1907,ESP,Spain,0.07707184553146362,0.09013857502664613,33848304.058679916,5.77,4.27,0.34637111604927756,0.042137731980847803,0.04500000178813934,0.0603632777929306
1908,ESP,Spain,0.04249191656708717,0.0282356168533493,34682443.9177862,5.85,4.16,0.3368066220966839,-0.02761342822602142,0.03999999910593033,0.06476330757141113
1909,ESP,Spain,0.048455577343702316,0.07604651358958914,35989139.654948674,5.7,4.09,0.33236596797134593,-0.013184580806915425,0.04500000178813934,0.061131976544857025
1910,ESP,Spain,0.02423804998397827,0.053818932293985045,36982666.99812588,5.54,4.18,0.33544027610736227,0.009249768123917423,0.03999999910593033,0.04076983407139778
1911,ESP,Spain,0.021169040352106094,0.008427180668568068,35266464.92748096,5.61,4.18,0.32348465903658213,-0.03564156698628995,0.03999999910593033,0.054538849741220474
1912,ESP,Spain,0.05338047072291374,0.07055515231078746,38006803.504496776,5.52,4.28,0.3395393381012502,0.049630418680387756,0.04500000178813934,0.03584335371851921
1913,ESP,Spain,0.027530286461114883,0.02382079084212152,36784449.2538137,5.54,4.4,0.34158886916848363,0.006036210940077558,0.04500000178813934,0.008317871950566769
1914,ESP,Spain,-0.07236882299184799,-0.05183086335329101,38949667.239128254,5.42,4.22,0.3405641029084553,-0.002999998982762153,0.03999999910593033,-0.00703732855618
1915,ESP,Spain,0.12925145030021667,0.17027588157307338,37994254.73302456,5.23,4.47,0.3730150420274868,0.09528584733944911,0.04500000178813934,0.014213294722139835
1916,ESP,Spain,0.09042031317949295,0.09882432330033697,38640160.48021963,5.19,4.31,0.43996646318887855,0.17948718849911205,0.04500000178813934,0.08720002323389053
1917,ESP,Spain,0.15157994627952576,0.3491421943997153,40449559.74043804,4.43,4.31,0.5127248958770176,0.1653726790009986,0.04500000178813934,0.06025832146406174
1918,ESP,Spain,0.1326514482498169,0.203272401857719,39943017.71292457,4.17,4.12,0.7450053309429933,0.45303131744492164,0.04500000178813934,0.05580171197652817
1919,ESP,Spain,0.021468309685587883,0.04914355945539439,39563008.82800885,4.06,4.16,0.760718416753869,0.021091239429101627,0.05000000074505806,0.05979105830192566
1920,ESP,Spain,0.06401766091585159,-0.32183489743824856,40246042.203465104,6.37,4.44,0.7774562699094358,0.022002692174839744,0.05999999865889549,0.010231894440948963
1921,ESP,Spain,-0.050043996423482895,-0.18005152536823654,43411645.46876082,7.38,4.72,0.6264739842794006,-0.19420035759390408,0.05999999865889549,0.03809772804379463
1922,ESP,Spain,0.21264490485191345,0.38749137950498014,44828017.87136466,6.45,4.62,0.5479085497381593,-0.12540893399046882,0.03500000014901161,0.09575322270393372
1923,ESP,Spain,0.1751825362443924,0.08907002281269127,46727089.91817526,6.96,4.53,0.5520076130736815,0.007481291061220308,0.03500000014901161,0.04235083982348442
1924,ESP,Spain,0.09121785312891006,0.011301765349828852,47184845.77571357,7.51,4.57,0.612127255047958,0.10891089280366817,0.03500000014901161,0.048107050359249115
1925,ESP,Spain,0.05101613700389862,0.1324434991247172,48717607.99542545,6.97,4.58,0.6216917492917946,0.01562500961191038,0.03500000014901161,0.03896767273545265
1926,ESP,Spain,0.17691169679164886,0.22069561408300475,52025554.697868444,6.72,4.71,0.5694286490215961,-0.08406593835246245,0.03500000014901161,0.039843037724494934
1927,ESP,Spain,0.3053540885448456,0.49692482508896973,51524686.39113638,5.86,4.61,0.5588393898587377,-0.018596288017915907,0.03500000014901161,0.06967757642269135
1928,ESP,Spain,0.24964042007923126,0.21441009314499104,56514334.402547464,6.03,4.29,0.5728445382693444,0.02506113324285697,0.03500000014901161,0.05892150476574898
1929,ESP,Spain,0.02551354095339775,-0.09327761701627735,56377770.41950609,6.82,4.34,0.5888992167821371,0.02802624000098941,0.03500000014901161,0.012517832219600677
1930,ESP,Spain,0.004128334578126669,-0.2110420228314719,60881804.38593531,8.68,4.48,0.5909487492697648,0.003480277149673805,0.03500000014901161,0.013179928995668888
1931,ESP,Spain,-0.2420930117368698,-0.37643292340057155,57973135.13880288,10.55,5.53,0.5947062177813288,0.0063583661293928895,0.03500000014901161,-0.02272876724600792
1932,ESP,Spain,-0.09457386285066605,-0.23027834432510286,56867024.59170876,12.41,5.03,0.5902655639269418,-0.007466970617784563,0.03500000014901161,0.0973108783364296
1933,ESP,Spain,0.12095972150564194,0.8824235648017615,58900036.77009949,7.39,4.83,0.5639632297996959,-0.044560170429494006,0.035999998450279236,0.11161752790212631
1934,ESP,Spain,-0.01797538809478283,-0.012631036465366674,57327914.3702021,7.35,4.58,0.5755772429347892,0.020593564476212745,0.035999998450279236,0.07807275652885437
1935,ESP,Spain,0.5931804776191711,0.6017010915893948,59672495.888998546,7.3109,4.19,0.5885576247874126,0.022551937228161067,0.035999998450279236,0.13342753052711487
1936,ESP,Spain,-0.06590405106544495,-0.15908360139568545,60931078.88361714,8.121,4.30755754627735,0.5994884648404608,0.018572251199695966,,-0.04754848778247833
1937,ESP,Spain,0.08781150728464127,-0.46530539949287775,46623538.018166006,16.5218,,0.6732716630360474,0.12307692728536845,,
1938,ESP,Spain,0.08781150728464127,0.006468248542898181,43305968.44692139,17.8571,,0.7409062573414761,0.10045661806177564,,
1939,ESP,Spain,0.08781150728464127,1.06492461803008,43144562.040716596,9.4072,,0.8389422699892648,0.13231905072520522,0.029999999329447746,
1940,ESP,Spain,0.09783615171909332,-0.03729930493471534,46872622.938506536,10.7277,4.488330341113106,0.9977810884319989,0.1893322390881158,0.029999999329447746,
1941,ESP,Spain,0.30140000581741333,0.27464222647951364,51061834.76848912,10.9529,4.426247648555936,1.19556104149745,0.19821978523992678,0.029999999329447746,0.04722337797284126
1942,ESP,Spain,0.13562317192554474,0.13592393057381713,51310325.92512983,10.95,4.4145237832468815,1.364305944831929,0.1411428588565622,0.029999999329447746,0.04443301633000374
1943,ESP,Spain,-0.07233235985040665,-0.07233235985040665,54501675.32350686,10.95,4.41988950276243,1.5620859101483207,0.1449674584103322,0.029999999329447746,0.039807289838790894
1944,ESP,Spain,0.019766593351960182,0.019766593351960182,57396245.63521523,10.95,4.358722894192002,1.6819836030175515,0.07675486481908433,0.029999999329447746,0.08768846839666367
1945,ESP,Spain,0.1719476580619812,0.1719476580619812,59966697.40943852,10.95,4.349244318799609,1.8298915796402755,0.08793663407738972,0.029999999329447746,0.06095123291015625
1946,ESP,Spain,0.35947513580322266,-0.48668094010188667,55310047.91997542,29.0,4.408685109666042,2.178995400217605,0.19077841794646488,0.029999999329447746,0.016804279759526253
1947,ESP,Spain,0.43663299083709717,0.003912210464477539,57785757.6256843,41.5,4.3763676148796495,2.623060935923138,0.20379370037274347,0.029999999329447746,-0.00249754567630589
1948,ESP,Spain,-0.2906784117221832,-0.21501744230588282,59083228.46718223,37.5,4.540295119182748,2.813467200714304,0.07258934101893288,0.029999999329447746,0.0253619272261858
1949,ESP,Spain,-0.1040574461221695,-0.2963801932896619,59388624.39030199,47.75,4.626416840157298,2.965630400953257,0.05408387209928045,0.029999999329447746,0.029855959117412567
1950,ESP,Spain,0.06613561511039734,-0.010534973342634202,59640600.05635272,51.45,4.776119402985075,3.287347001653823,0.10848169097442328,0.029999999329447746,0.0252761822193861
1951,ESP,Spain,0.1954616755247116,0.18281736934127713,60770804.4087012,52.0,4.753416518122401,3.597263098829164,0.09427544369956253,0.029999999329447746,0.034093569964170456
1952,ESP,Spain,0.09629630297422409,0.19512385229894447,66875797.690350235,47.7,4.7511580947856045,3.525839598942266,-0.019854955816310693,0.029999999329447746,0.04602577164769173
1953,ESP,Spain,0.041314754635095596,0.14845581031431365,72890427.56344981,43.25,4.785833931562575,3.5829784005844516,0.016205729171379968,0.029999999329447746,0.052049897611141205
1954,ESP,Spain,0.2604258060455322,0.23894127526066522,72806820.54568945,44.0,4.81869654258523,3.6270747013703852,0.01230716344221916,0.029999999329447746,0.052417267113924026
1955,ESP,Spain,0.377144992351532,0.3818558646172727,78093353.08746164,43.85,4.844374470146542,3.7730271997223013,0.04023972770584838,0.029999999329447746,0.04316599667072296
1956,ESP,Spain,0.4941006898880005,0.29735277725918463,80797284.67801128,50.5,4.866772113395791,3.9941296992933193,0.05860082312348336,0.029999999329447746,0.009478663094341755
1957,ESP,Spain,0.09216836094856262,-0.08075829620162644,87437238.1800013,60.0,4.990019960079841,4.424534300072505,0.10775929506128379,0.029999999329447746,0.013888729736208916
1958,ESP,Spain,-0.11816783249378204,-0.11224949579910948,90564674.88682766,59.6,5.0006250781347665,5.015964901512411,0.1336707009888507,0.029999999329447746,0.05576278641819954
1959,ESP,Spain,-0.05387706309556961,-0.07178720922627069,96592665.39810194,60.75,5.0012503125781445,5.382287700859441,0.0730313721367104,0.029999999329447746,0.04792387783527374
1960,ESP,Spain,0.022008666768670082,0.00954514644222293,95918027.84245135,61.5,4.900159255175794,5.447371898986122,0.012092292672554183,0.029999999329447746,0.08568171411752701
1961,ESP,Spain,0.2837013304233551,0.29104876240451905,96078643.0337909,61.15,4.569339730408956,5.5566418001133515,0.02005919609556428,0.029999999329447746,0.046176861971616745
1962,ESP,Spain,0.2533000707626343,0.27096682134552363,107755802.24683695,60.3,4.351610095735422,5.873206501009648,0.05697050705874873,0.029999999329447746,0.07040824741125107
1963,ESP,Spain,0.08891188353300095,0.09162737451437986,118399869.15188138,60.15,4.189797842254111,6.386227599227279,0.08734940583639261,0.029999999329447746,0.044273387640714645
1964,ESP,Spain,0.015990160405635834,0.01565245385406344,130332736.94706105,60.17,4.23728813559322,6.832211402524457,0.069835250367704,0.029999999329447746,0.03400472179055214
1965,ESP,Spain,0.09911638498306274,0.09765697733495249,137566818.5662782,60.25,4.184538131603724,7.641313603272756,0.11842464365920247,0.029999999329447746,0.04119895026087761
1966,ESP,Spain,0.0783480703830719,0.08284118736104862,148566235.7263896,59.999999999,4.059677255658175,8.218578596649095,0.0755452561362091,0.029999999329447746,0.04981051757931709
1967,ESP,Spain,0.0803629457950592,-0.06998885585906478,159873226.40600714,69.7,3.86286817962337,8.742772499619223,0.06378157692424491,0.029999999329447746,0.05986524000763893
1968,ESP,Spain,0.2247946411371231,0.22268958016696505,168878480.2747357,69.82,3.6032789838753265,9.176652401674168,0.04962726664497352,0.029999999329447746,0.047318216413259506
1969,ESP,Spain,0.5244439840316772,0.51922179512719,179134782.28063908,70.059999999,3.53356890459364,9.374039797396659,0.021509738745959295,0.04500000178813934,0.05287754163146019
1970,ESP,Spain,0.09525782614946365,0.10059901463047582,195746060.36807868,69.719999999,3.624830086089715,9.912199804870141,0.057409614115670804,0.054999999701976776,0.01168357115238905
1971,ESP,Spain,0.04052033647894859,0.09883486609164782,201978417.06445074,66.019999999,3.369556060988965,10.726888004104417,0.08219045371078937,0.03999999910593033,0.07701534777879715
1972,ESP,Spain,0.34751248359680176,0.39944587332252324,212217964.206771,63.569999999,3.1680440771349865,11.61233900379079,0.08254500273961796,0.03999999910593033,0.09501674026250839
1973,ESP,Spain,0.2975999414920807,0.4484359663003057,234142282.9206112,56.949999999,4.786898066728948,12.940978998850644,0.11441622524334893,0.05000000074505806,0.00848248228430748
1974,ESP,Spain,0.0412130244076252,0.05676293377583774,255222608.71948212,56.111999999,4.421564004322625,14.878542003968924,0.1497230623193473,0.05999999865889549,0.010435054078698158
1975,ESP,Spain,-0.1133933886885643,-0.1677105401369665,274666527.94735193,59.773999999,4.744478532293131,17.506959997412125,0.17665830380033598,0.06695166975259781,0.07111278921365738
1976,ESP,Spain,-0.10935620218515396,-0.22039974270042217,282899922.60747254,68.287999999,5.674551714886196,20.594397010128212,0.17635483334470825,0.09965833276510239,0.10709350556135178
1977,ESP,Spain,-0.2875902056694031,-0.39874134819140983,295670947.6712475,80.911999999,6.111111111111111,25.648258998217827,0.24539985247463925,0.13122832775115967,-0.09845157712697983
1978,ESP,Spain,-0.1326136440038681,0.0010264560903248121,305422235.97177446,70.109999999,9.84724088172364,30.719811985589992,0.19773478534057864,0.2077208310365677,-0.038204897195100784
1979,ESP,Spain,-0.0715109258890152,-0.01591302990230159,313844887.7231888,66.149,13.308194836048452,35.530664984532685,0.15660424618481916,0.13134583830833435,-0.012500000186264515
1980,ESP,Spain,0.00961595680564642,-0.15728598199701305,319175065.5711865,79.25,15.960833333333333,41.057512020423324,0.15555146626995597,0.15456749498844147,0.1353181004524231
1981,ESP,Spain,0.42419999837875366,0.15821292838908385,329450329.1104758,97.45,15.811666666666667,47.0322059959101,0.14552011754912875,0.1589466631412506,0.11086869984865189
1982,ESP,Spain,7.298133823496755e-06,-0.22412471872105333,329214126.40802175,125.600999999,15.9875,53.81134599319745,0.14413825279377424,0.17172832787036896,0.1490514725446701
1983,ESP,Spain,0.12420602887868881,-0.09890618102763826,334748733.1603559,156.699999999,16.909166666666668,60.36330498761555,0.1217579466465375,0.19452832639217377,0.10193490982055664
1984,ESP,Spain,0.4670845866203308,0.32579097302156157,340939238.26877934,173.4,16.5225,67.17130799541991,0.11278380150326628,0.1260174959897995,0.1683332324028015
1985,ESP,Spain,0.3446483910083771,0.512565883884869,344153615.95003396,154.15,13.3675,73.09199900285351,0.08814315492914493,0.11610499769449234,0.1305326521396637
1986,ESP,Spain,1.1325998306274414,1.4830262766057634,354685231.52069813,132.395,11.354166666666666,79.52105600491339,0.08795842349049576,0.11490833014249802,0.12416651099920273
1987,ESP,Spain,0.47929155826568604,0.7967963840053716,368865654.2909692,109.0,12.813333333333333,83.69412400629847,0.052477522445466995,0.16064833104610443,0.11574339121580124
1988,ESP,Spain,0.14383281767368317,0.09896674417304063,394920116.8480481,113.45,11.744166666666668,87.74242799785586,0.04837022956656711,0.11292000114917755,0.1356482058763504
1989,ESP,Spain,0.126303568482399,0.16459296248931987,420135777.22523797,109.72,13.7025,93.70222397299456,0.06792376403447986,0.14391666650772095,0.10226000100374222
1990,ESP,Spain,-0.11797450482845306,-0.0013741001328863023,447176253.67488897,96.909,14.6775,100.00000000119083,0.06721052885587131,0.14758333563804626,0.1391867697238922
1991,ESP,Spain,0.05410340055823326,0.056512767299952804,468467269.48499995,96.688,12.360833333333334,105.93466000467863,0.05934660003417136,0.13201667368412018,0.1810174584388733
1992,ESP,Spain,-0.08082805573940277,-0.2246504022171063,483724875.58764416,114.623,11.693333333333332,112.21102002980527,0.05924746466217412,0.1300666630268097,0.0344066396355629
1993,ESP,Spain,0.5609999895095825,0.25814970254375025,491435661.0513319,142.214,10.211666666666668,117.33750003952983,0.0456860654894935,0.12326666712760925,0.429264098405838
1994,ESP,Spain,-0.09200000017881393,-0.019801941911126053,483684639.7101164,131.739,9.995833333333334,122.87272997079562,0.04717357988197324,0.078125,-0.12512464821338654
1995,ESP,Spain,0.15700000524520874,0.2554425429004321,497095565.38480145,121.409,11.27,128.61837995040491,0.04676098578565746,0.0898333340883255,0.2522870898246765
1996,ESP,Spain,0.42899999022483826,0.32160319796768166,515593070.1008309,131.275,8.736666666666666,133.193669939459,0.03557259849500749,0.0764833316206932,0.290670245885849
1997,ESP,Spain,0.45399999618530273,0.2582157750011578,529470334.3701492,151.702,6.401666666666666,135.6939412944318,0.018771698055239705,0.054858334362506866,0.1692834049463272
1998,ESP,Spain,0.39500001072883606,0.4839685742444033,549675837.3935409,142.60699,4.833333333333333,138.08577207508907,0.017626658624849245,0.04340000078082085,0.17690154910087585
1999,ESP,Spain,0.19699999690055847,0.03065035035581576,575600215.6925144,165.62412900656977,4.7275,141.17325937022324,0.022359199276919206,0.027233334258198738,-0.06519570201635361
2000,ESP,Spain,-0.10400000214576721,-0.1700895898831738,602895287.8481969,178.81354110693175,5.525833333333334,146.0919601372892,0.03484158961129302,0.04111666604876518,0.08714491873979568
2001,ESP,Spain,-0.036376893520355225,-0.08732827110100916,634779001.4689572,188.79609667536593,5.116666666666666,151.3359826273017,0.03589535307134262,0.04360833391547203,0.05825338512659073
2002,ESP,Spain,-0.20465430617332458,-0.05358104037667699,659642844.0031626,158.65929245732812,4.95916666666667,156.03371014859266,0.031041708916379473,0.032749999314546585,0.12270617485046387
2003,ESP,Spain,0.32978054881095886,0.6015188644495479,678031606.7602817,131.73871733966746,4.1241666666666665,160.7764507384674,0.030395615058811165,0.023116666823625565,0.05054610222578049
2004,ESP,Spain,0.23081998527050018,0.3273950134100936,698563033.9600264,122.15402687027384,4.10333333333333,165.6624147283815,0.030389798801206513,0.020408334210515022,0.10246747732162476
2005,ESP,Spain,0.2578282356262207,0.08939135861409042,720664639.2923183,141.04094261252862,3.3875,171.2419891842005,0.03368038830634701,0.020866665989160538,0.07018428295850754
2006,ESP,Spain,0.40547147393226624,0.569048004720518,746858274.0748838,126.33712984054668,3.785,177.2614640829975,0.035151862738069584,0.02827499993145466,-0.01611456833779812
2007,ESP,Spain,0.09162062406539917,0.22017822375601748,777226677.2662165,113.02628897493369,4.307499999999999,182.20267138435537,0.0278752481647353,0.038474999368190765,0.01035739853978157
2008,ESP,Spain,-0.3694705069065094,-0.40390741421220655,805306454.5763595,119.5559387799094,4.36666666666667,189.6277816521101,0.04075192867008792,0.03849999979138374,0.09730370342731476
2009,ESP,Spain,0.3560526967048645,0.4037001615815392,813070447.8125653,115.49770928779668,3.97916666666667,189.08353273196053,-0.0028700906344411026,0.006758333183825016,0.050090767443180084
2010,ESP,Spain,-0.14669620990753174,-0.20853496853980613,783061343.5442051,124.52177817691963,4.25083333333333,192.48611150718125,0.017995108966173845,0.004533333238214254,-0.06035424768924713
2011,ESP,Spain,-0.08770720660686493,-0.11658760262582135,784146973.9526174,128.59262694180384,5.44,198.63857956315766,0.03196317909797286,0.010174999944865704,0.09407396614551544
2012,ESP,Spain,0.05010807141661644,0.07080345422913958,777760984.8684828,126.10732150977718,5.845,203.49589887306388,0.024453050966173562,0.0027000000700354576,0.06485568732023239
2013,ESP,Spain,0.2988026738166809,0.357570689298609,753770142.9086683,120.64824885795085,4.56166666666666,206.362412922423,0.014086348006193461,0.0014916666550561786,0.15901830792427063
2014,ESP,Spain,0.09084642678499222,-0.03966598016122136,742455551.4286004,137.0447244872745,2.72333333333333,206.0514135394804,-0.0015070544026809518,0.0011500000255182385,0.2909969389438629
2015,ESP,Spain,-0.031990598887205124,-0.13197279055143774,753686703.2600595,152.82998071093965,1.73583333333333,205.02020505919702,-0.005004617355298002,-0.0007583333062939346,0.015871023759245872
2016,ESP,Spain,0.022700000554323196,-0.009802451929537881,783715057.1143836,157.84650412674318,1.39333333333,204.6048571990829,-0.0020258874484795353,-0.0021,0.055494289845228195
2017,ESP,Spain,0.09719999879598618,0.24833693061002293,807016774.2556177,138.73592929208715,1.555,208.60692820589696,0.019560000000000022,-0.0029,0.03233438357710838
2018,ESP,Spain,-0.1088000014424324,-0.14915033907411357,832030175.3375432,145.31528384279477,1.4225,212.10157916685728,0.01675232453215103,,0.03185267373919487
2019,ESP,Spain,0.1623000055551529,0.1403736473717545,851973112.7006439,148.10931102011747,0.659166667,213.5849643815506,0.006993749035344887,-0.0036,0.1178174540400505
2020,ESP,Spain,-0.09809999912977219,-0.0148464562329923,870006804.7683119,135.5928612175047,0.375,212.8954460127897,-0.0032283094962112235,-0.0036,0.05083153396844864
1870,FIN,Finland,,,,0.0453765,5.6,0.0536,,0.04500000178813934,0.13200077414512634
1871,FIN,Finland,,,2015831.9446978336,0.046258,5.2,0.0569,0.06156716417910446,0.03999999910593033,0.1447432041168213
1872,FIN,Finland,,,2032643.4474104147,0.0462924,4.9,0.0611,0.07381370826010558,0.03999999910593033,0.08082029968500137
1873,FIN,Finland,,,2100689.1013490935,0.0452553,4.9,0.0611,0.0,0.03999999910593033,0.06080511957406998
1874,FIN,Finland,,,2219690.5246778554,0.04653089999999999,4.9,0.066,0.08019639934533562,0.03999999910593033,0.07346201688051224
1875,FIN,Finland,,,2271111.4437207687,0.047408500000000006,4.9,0.066,0.0,0.03999999910593033,-0.004724774044007063
1876,FIN,Finland,,,2316569.0394312795,0.0504334,4.9,0.066,0.0,0.03999999910593033,-0.02320624142885208
1877,FIN,Finland,,,2446275.4615767635,0.0503335,4.9,0.0636,-0.036363636363636376,0.03999999910593033,0.07600098103284836
1878,FIN,Finland,,,2387797.8316244255,0.051472649999999995,4.9,0.0578,-0.09119496855345921,0.03999999910593033,0.13799788057804108
1879,FIN,Finland,,,2339168.426882501,0.05195319999999999,4.6,0.0536,-0.07266435986159159,0.03999999910593033,0.062389299273490906
1880,FIN,Finland,,,2372946.268464747,0.0523224,4.5,0.0594,0.10820895522388052,0.03999999910593033,0.08447779715061188
1881,FIN,Finland,,,2379845.8198632146,0.052578,4.5,0.0627,0.05555555555555558,0.03999999910593033,0.04946426302194595
1882,FIN,Finland,,,2311854.3463899614,0.05204355,4.5,0.0586,-0.065390749601276,0.03999999910593033,0.04479999840259552
1883,FIN,Finland,,,2542061.5628265017,0.0522717,4.5,0.0569,-0.029010238907849817,0.03999999910593033,0.0866604596376419
1884,FIN,Finland,,,2639652.6941549294,0.052221,4.5,0.0561,-0.01405975395430581,0.03999999910593033,0.0766538679599762
1885,FIN,Finland,,,2658833.459047597,0.05219565,4.5,0.0528,-0.05882352941176461,0.03999999910593033,0.05130873993039131
1886,FIN,Finland,,,2719190.7495881543,0.0522478,4.4,0.0479,-0.09280303030303039,0.03500000014901161,0.078983373939991
1887,FIN,Finland,,,2855302.6122086328,0.052246350000000004,4.5,0.0462,-0.035490605427975,0.03500000014901161,0.02481166645884514
1888,FIN,Finland,,,2905852.785949535,0.052146200000000004,4.4,0.047,0.017316017316017396,0.03500000014901161,0.06836121529340744
1889,FIN,Finland,,,3013726.283670732,0.0521716,4.5,0.0503,0.07021276595744674,0.03500000014901161,0.09865949302911758
1890,FIN,Finland,,,3114432.6682762764,0.0522478,4.5,0.052,0.03379721669980129,0.03999999910593033,-0.021524185314774513
1891,FIN,Finland,,,3287068.9886040613,0.05214495,4.7,0.0586,0.12692307692307692,0.04749999940395355,-0.04674653708934784
1892,FIN,Finland,,,3252144.579030911,0.052161839999999994,4.5,0.0619,0.056313993174061494,0.05000000074505806,0.009292175993323326
1893,FIN,Finland,,,3100522.267441861,0.05205792,4.4,0.0586,-0.05331179321486268,0.05000000074505806,0.15699996054172516
1894,FIN,Finland,,,3267374.0382716046,0.051762499999999996,4.4,0.0528,-0.0989761092150171,0.04500000178813934,0.11526881903409958
1895,FIN,Finland,,,3450556.1589008356,0.0517638,4.3,0.0512,-0.030303030303030276,0.03999999910593033,0.08804745972156525
1896,FIN,Finland,0.05425237491726875,0.05273825958134215,3730841.497382199,0.05183825,4.5,0.052,0.015625,0.03999999910593033,0.055572934448719025
1897,FIN,Finland,0.16239392757415771,0.1620785148296371,3973364.064333996,0.05185232,4.4,0.0545,0.04807692307692313,0.03999999910593033,0.034699998795986176
1898,FIN,Finland,-0.034918516874313354,-0.04199175633600605,4170119.599843075,0.052235159999999996,4.5,0.0561,0.029357798165137616,0.04500000178813934,0.061327170580625534
1899,FIN,Finland,-0.01339611317962408,-0.01702502699541808,4354496.612282735,0.052428,4.6,0.0586,0.04456327985739761,0.05000000074505806,-0.04521908611059189
1900,FIN,Finland,-0.02435016818344593,-0.01896408867026289,4234898.979420732,0.05214016,4.4,0.0594,0.013651877133105783,0.05000000074505806,-0.07896264642477036
1901,FIN,Finland,0.0,0.0035321760606537023,4431316.955442177,0.05195663999999999,4.0,0.0586,-0.013468013468013518,0.05000000074505806,0.13073888421058655
1902,FIN,Finland,0.0015480522997677326,-0.000518753120381743,4382503.048181477,0.05206408,3.9,0.0586,0.0,0.04500000178813934,0.046036530286073685
1903,FIN,Finland,0.09135858714580536,0.09019602586831388,4286812.2970588235,0.0521196,3.9,0.0586,0.0,0.04500000178813934,-0.002809121273458004
1904,FIN,Finland,-0.0003607419494073838,0.002590111916854987,4580458.2618625285,0.0519662,4.1,0.0586,0.0,0.04500000178813934,-0.11510643362998962
1905,FIN,Finland,0.15066853165626526,0.1486411875417959,4763502.677550274,0.05205792,4.6,0.0586,0.0,0.04500000178813934,0.09614947438240051
1906,FIN,Finland,0.028041446581482887,0.0203088584579576,4830077.060463431,0.052452450000000005,5.1,0.0611,0.04266211604095571,0.04500000178813934,-0.08158422261476517
1907,FIN,Finland,0.1851632297039032,0.1808589802658498,5030757.952618363,0.052643640000000005,5.3,0.0627,0.026186579378068897,0.05000000074505806,0.033391889184713364
1908,FIN,Finland,-0.02783898636698723,-0.01913421814379057,5207560.433534208,0.05217645,5.2,0.066,0.05263157894736836,0.05000000074505806,0.0734390839934349
1909,FIN,Finland,0.09067989140748978,0.09270482083689169,5272827.631247816,0.05207976,4.9,0.0652,-0.01212121212121231,0.05000000074505806,0.1226339265704155
1910,FIN,Finland,0.04567369818687439,0.04528673157672092,5492366.990686445,0.052099040000000006,4.7,0.0652,0.0,0.05000000074505806,0.09842497855424881
1911,FIN,Finland,0.09009762853384018,0.08870840265542612,5611438.850256061,0.05216552,4.9,0.0677,0.0383435582822087,0.04500000178813934,0.060737110674381256
1912,FIN,Finland,-0.18561998009681702,-0.18482739613584065,5778615.388251183,0.052114799999999996,5.0,0.0693,0.02363367799113747,0.05000000074505806,-0.08400517702102661
1913,FIN,Finland,0.055490054190158844,0.05351138987903492,6098553.033855905,0.05221268,5.1,0.0693,0.0,0.05000000074505806,0.06066017225384712
1914,FIN,Finland,0.026466386392712593,-0.08871385153575706,6407573.901552692,0.058811999999999996,4.736842105263158,0.0693,0.0,0.05000000074505806,0.028287624940276146
1915,FIN,Finland,0.2553213834762573,0.02398605805113596,6140894.182115951,0.0720986,6.122448979591836,0.0834,0.20346320346320357,0.03999999910593033,-0.06175679713487625
1916,FIN,Finland,0.896595299243927,0.8489999370162491,5826238.31190399,0.07395449999999999,6.25,0.1106,0.32613908872901676,0.03999999910593033,0.041787829250097275
1917,FIN,Finland,0.11540393531322479,0.2885002278074942,5895295.940740741,0.0640195,8.108108108108109,0.2154,0.9475587703435804,0.03999999910593033,-0.2045539915561676
1918,FIN,Finland,0.33963173627853394,-0.029482946401537258,4954980.155921894,0.0883679,6.666666666666667,0.7354,2.414113277623027,0.03999999910593033,0.3429242968559265
1919,FIN,Finland,0.029847152531147003,-0.6777142799817366,4267342.9244800005,0.282375,7.82608695652174,0.652,-0.11340766929562152,0.05000000074505806,-0.16842816770076752
1920,FIN,Finland,-0.04813892021775246,-0.1341455916194808,5170359.229387231,0.31042374999999994,10.344827586206897,0.652,0.0,0.06499999761581421,-0.07952019572257996
1921,FIN,Finland,-0.22581800818443298,-0.5851854357062217,5808989.7357165655,0.5793539999999999,7.4,0.8113,0.24432515337423322,0.06499999761581421,0.06441561132669449
1922,FIN,Finland,0.14166511595249176,0.5723381375971015,6017434.302208202,0.4206654,6.9,0.7907,-0.025391347220510396,0.06499999761581421,0.5263692140579224
1923,FIN,Finland,0.046965740621089935,0.14800025561437868,6642858.655077884,0.38364299999999996,8.0,0.7973,0.008347034273428644,0.06499999761581421,0.3316771984100342
1924,FIN,Finland,-0.03552400693297386,-0.1311326407833845,7125904.0684551345,0.42585839999999997,8.6,0.8113,0.017559262510974616,0.07000000029802322,0.16715435683727264
1925,FIN,Finland,0.3782046437263489,0.46991356744760404,7308652.420599021,0.3992888,7.0,0.846,0.04277086158017984,0.06499999761581421,0.09657742828130722
1926,FIN,Finland,0.38301604986190796,0.391391464813893,7734496.327966102,0.39688530000000005,6.7,0.8253,-0.024468085106382875,0.06499999761581421,0.07133892178535461
1927,FIN,Finland,0.740195095539093,0.7316130621574997,8024997.30458221,0.3988523,6.2,0.8394,0.017084696474009453,0.05999999865889549,0.10703233629465103
1928,FIN,Finland,-0.08177943527698517,-0.07612107139946611,8644591.681472685,0.39640949999999997,7.2,0.86,0.024541339051703526,0.07000000029802322,0.041083723306655884
1929,FIN,Finland,-0.15218403935432434,-0.15906242144333127,9237357.48795642,0.3996519,7.5,0.8534,-0.007674418604651123,0.07000000029802322,0.06107298284769058
1930,FIN,Finland,-0.04048769921064377,-0.03357999935019973,9333084.040654205,0.3967953,7.1,0.7841,-0.08120459339114139,0.05999999865889549,0.07558590173721313
1931,FIN,Finland,0.0802667886018753,-0.17277988234994412,9230290.183154538,0.518175,8.3,0.7213,-0.08009182502231849,0.054999999701976776,0.0839056670665741
1932,FIN,Finland,0.009640108793973923,-0.19367128003588385,9005252.122439586,0.64883,7.1,0.7147,-0.009150145570497759,0.05000000074505806,0.08100000023841858
1933,FIN,Finland,0.43665409088134766,0.739984084571315,8964968.927205252,0.53572,5.9,0.6933,-0.029942633272701746,0.04500000178813934,0.1659376323223114
1934,FIN,Finland,0.15350878238677979,0.3714260586563223,9554636.433182076,0.450595,5.4,0.6867,-0.009519688446560037,0.03999999910593033,0.07909813523292542
1935,FIN,Finland,0.12974447011947632,0.09928567313096104,10643393.514792899,0.46308,5.2,0.6933,0.009611183923110556,0.03709999844431877,0.06331011652946472
1936,FIN,Finland,0.45579013228416443,0.4760496371072045,11101419.202013422,0.45672399999999996,5.1,0.6933,0.0,0.03635000064969063,0.07014147192239761
1937,FIN,Finland,-0.010937025770545006,-0.01631502513610328,11844250.045209665,0.45922100000000005,5.1,0.728,0.05005048319630734,0.0340999998152256,0.056400928646326065
1938,FIN,Finland,0.01903979294002056,0.008077017661448416,12526581.749420851,0.464215,5.1,0.7494,0.02939560439560429,0.03395000100135803,0.04699999839067459
1939,FIN,Finland,-0.05563109740614891,-0.013156977461018182,13180796.042833699,0.444235,,0.7626,0.017614091273018495,0.033649999648332596,0.04699999839067459
1940,FIN,Finland,0.21878299117088318,0.0856727018449881,12607459.459522516,0.49870099999999995,,0.9079,0.19053238919485982,0.031599998474121094,0.04699999839067459
1941,FIN,Finland,0.4565349817276001,0.49435371116387383,11901421.750197947,0.48608,,1.0729,0.18173807688071375,0.03085000067949295,0.04699999839067459
1942,FIN,Finland,0.30703994631767273,0.308094861528583,12318143.656773366,0.48568799999999995,,1.2628,0.17699692422406565,0.03085000067949295,0.04699999839067459
1943,FIN,Finland,-0.015148509293794632,-0.015148509293794632,12339824.065900484,0.48568799999999995,,1.4278,0.13066202090592327,0.03135000169277191,0.04699999839067459
1944,FIN,Finland,-0.04062843695282936,-0.04062843695282936,13798147.642849775,0.48568799999999995,,1.5186,0.06359434094410976,0.03164999932050705,0.04699999839067459
1945,FIN,Finland,1.056167721748352,-0.26412877655150724,13769628.879511649,1.3571069999999998,,2.1294,0.4022125642038721,0.031199999153614044,0.04699999839067459
1946,FIN,Finland,-0.18748058378696442,-0.724331053155344,13035341.388528474,4.0,,3.3922,0.5930309007232084,0.03085000067949295,0.04699999839067459
1947,FIN,Finland,-0.0019897466991096735,-0.026331460194253253,14117171.948384656,4.1,,4.4073,0.2992453275160665,0.030300000682473183,-0.004599657841026783
1948,FIN,Finland,-0.2529885470867157,-0.4328246376028768,14440998.554967608,5.4,12.0,5.9342,0.3464479386472441,0.05195000022649765,-0.12867669761180878
1949,FIN,Finland,0.42893654108047485,1.1374674021702398,15582800.919856854,3.61,9.4,6.0144,0.013514879849011008,0.04309999942779541,0.2150520533323288
1950,FIN,Finland,0.8363265991210938,0.3258278045654297,16523294.867797125,5.0,12.8,6.8965,0.14666467145517426,0.061650000512599945,-0.030275873839855194
1951,FIN,Finland,0.13682959973812103,0.30670068935416217,17139906.44640674,4.35,9.3,8.019,0.16276372072790557,0.059450000524520874,0.27244818210601807
1952,FIN,Finland,-0.12833622097969055,-0.015133132795234872,18580662.225928396,3.85,10.8,8.099,0.009976306272602598,0.04809999838471413,0.040306348353624344
1953,FIN,Finland,0.36808499693870544,0.33344993372506737,19241265.270260356,3.95,10.8,8.26,0.019878997407087207,0.04874999821186066,0.10613122582435608
1954,FIN,Finland,0.05448929965496063,0.17661941628166522,19362959.92051989,3.54,12.6,8.26,0.0,0.04935000091791153,0.04940541833639145
1955,FIN,Finland,0.6034619808197021,0.5855462044976945,21062492.71083618,3.58,14.2,8.019,-0.02917675544794185,0.05485000088810921,0.06921260058879852
1956,FIN,Finland,0.023885563015937805,0.023885563015937805,22131013.853455808,3.58,15.4,8.901,0.10998877665544327,0.05104999989271164,0.09117027372121811
1957,FIN,Finland,-0.15161383152008057,-0.2007309254847074,22795491.49543406,3.8,15.5,9.905,0.11279631502078424,0.049150001257658005,0.14450283348560333
1958,FIN,Finland,0.05864592641592026,0.10517981329134529,23844354.165124882,3.64,15.5,10.559,0.06602725896012118,0.04194999858736992,0.14815260469913483
1959,FIN,Finland,0.4315430521965027,0.48880477428436286,23957403.14647461,3.5,15.8,10.722,0.015437067904157553,0.03985000029206276,0.12545613944530487
1960,FIN,Finland,0.14852936565876007,0.21813720600171527,25390554.101531394,3.3,16.4,11.068,0.032270098862152485,0.0406000018119812,0.12875762581825256
1961,FIN,Finland,-0.0077870381064713,0.01718011004928388,27701561.033953402,3.219,20.9,11.268,0.018070112034694663,0.041600000113248825,0.0025950074195861816
1962,FIN,Finland,0.14488838613033295,0.14346748835046275,29799424.00567227,3.223,10.6,11.771,0.04463968761093362,0.04050000011920929,0.5089685320854187
1963,FIN,Finland,0.048010602593421936,0.04898700998714234,30733750.92281033,3.22,9.2,12.344,0.04867895675813427,0.041200000792741776,0.15624721348285675
1964,FIN,Finland,0.08780182152986526,0.08780182152986526,31749372.657052614,3.22,11.1,13.622,0.10353208036292938,0.039250001311302185,0.036326222121715546
1965,FIN,Finland,-0.05768774449825287,-0.05768774449825287,33300928.658709247,3.22,9.4,14.278,0.04815739245338424,0.03884999826550484,0.18839555978775024
1966,FIN,Finland,-0.06924358010292053,-0.06924358010292053,35049275.41582196,3.22,9.7,14.84,0.03936125507774202,0.039500001817941666,0.08137177675962448
1967,FIN,Finland,-0.012867141515016556,-0.24319814182817934,35928858.21576648,4.2,12.5,15.676,0.05633423180592989,0.03739999979734421,-0.015854932367801666
1968,FIN,Finland,0.4042204022407532,0.4042204022407532,36710465.67069295,4.2,7.1,17.116,0.09186016841030864,0.0430000014603138,0.32572320103645325
1969,FIN,Finland,0.2586260437965393,0.2586260437965393,37497218.51891799,4.2,6.8,17.494,0.02208459920542194,0.04154999926686287,0.08034329116344452
1970,FIN,Finland,0.24894042313098907,0.25491621462922365,40963592.013036944,4.18,6.8,17.972,0.027323653824168348,0.04170000180602074,0.07030094414949417
1971,FIN,Finland,0.1975766122341156,0.2062337925635187,44037662.774973534,4.15,6.6,19.137,0.06482305809036282,0.05079999938607216,0.08557595312595367
1972,FIN,Finland,0.7067652940750122,0.6945157823950483,45170635.66200735,4.18,5.2,20.504,0.07143230391388422,0.04320000112056732,0.1253073811531067
1973,FIN,Finland,0.4416668713092804,0.5672737378602837,48616590.98355761,3.845,7.6,22.756,0.10983222785797886,0.0568000003695488,-0.03161211311817169
1974,FIN,Finland,-0.17428036034107208,-0.10591607589733087,51864559.13731459,3.551,8.8,26.55,0.16672525927227988,0.05705000087618828,0.03025401383638382
1975,FIN,Finland,0.03365388885140419,-0.04662208849056204,53425210.99059518,3.85,9.8,31.279,0.17811676082862515,0.05640000104904175,0.053447939455509186
1976,FIN,Finland,-0.13385243713855743,-0.11476821953369953,54008578.11382042,3.767,11.7,35.765,0.14341890725406814,0.0575999990105629,0.03785758092999458
1977,FIN,Finland,-0.11511716991662979,-0.17039481808759194,53734745.664524615,4.018,8.85,40.293,0.1266042220047532,0.04699999839067459,0.11977247893810272
1978,FIN,Finland,0.1923189014196396,0.22025913038820977,53899574.276066475,3.926,8.2183333,43.435,0.07797880525153267,0.11754167079925537,0.24730034172534943
1979,FIN,Finland,0.2625076174736023,0.33565209005695573,54998267.48879753,3.711,8.03,46.679,0.07468631288131689,0.0926416665315628,0.0431574247777462
1980,FIN,Finland,0.040810827165842056,0.0058460884407396385,58837412.87512935,3.84,9.7675,52.091,0.11594078707770095,0.12346667051315308,0.0314629040658474
1981,FIN,Finland,0.2392420917749405,0.092194085934306,61996738.264287226,4.357,9.8391667,58.346,0.12007832447063782,0.11461666971445084,0.127841979265213
1982,FIN,Finland,0.41609060764312744,0.16611354706125603,63203051.616637126,5.291,9.3208333,63.928,0.09567065437219346,0.1166333332657814,0.12422684580087662
1983,FIN,Finland,0.688093900680542,0.5372985935457399,65289331.621135,5.81,9.5641667,69.276,0.08365661369040178,0.14668333530426025,0.09506866335868835
1984,FIN,Finland,-0.028777852654457092,-0.13586513383191368,67042713.66145179,6.53,10.49,74.172,0.07067382643339681,0.165024995803833,0.10993430763483047
1985,FIN,Finland,0.1611374467611313,0.3997097152206366,69034716.33098365,5.417,10.41,78.524,0.05867443240036674,0.13460832834243774,0.13921816647052765
1986,FIN,Finland,0.6566540598869324,0.8719430626632276,71312970.43871586,4.794,9.0833333,80.801,0.028997503947837622,0.11902499943971634,0.14907856285572052
1987,FIN,Finland,0.311012864112854,0.5927510569075067,72995379.09206232,3.946,8.9075,84.099,0.04081632653061229,0.09965833276510239,-0.0037509631365537643
1988,FIN,Finland,0.34797030687332153,0.27586731372562423,75966722.0810389,4.169,10.557500000000001,88.385,0.05096374510993007,0.12556666135787964,0.06354576349258423
1989,FIN,Finland,-0.1548997461795807,-0.1319973002765884,79705295.2137343,4.059,12.089166666666667,94.248,0.06633478531425019,0.1399666666984558,0.06741061806678772
1990,FIN,Finland,-0.3055950403213501,-0.2243836732703246,84294365.461675,3.634,13.295833333333333,100.0,0.0610304727951787,0.13079166412353516,0.11544720828533173
1991,FIN,Finland,-0.19758999347686768,-0.29446940147470047,84306206.0901286,4.133,11.676666666666668,104.116,0.041160000000000085,0.13251666724681854,0.1369599997997284
1992,FIN,Finland,0.08005882054567337,-0.148926004706336,79296741.11475751,5.245,11.973333333333333,106.825,0.026019055668677238,0.07773333042860031,0.18678277730941772
1993,FIN,Finland,0.9286217093467712,0.7487459357807615,76512787.71212289,5.7845,8.825,109.069,0.021006318745611985,0.05350000038743019,0.38025516271591187
1994,FIN,Finland,0.17700904607772827,0.4354041210652344,75878363.21315734,4.7432,7.795691278920858,110.254,0.010864681990299774,0.057500001043081284,-0.11808408051729202
1995,FIN,Finland,-0.06346261501312256,0.019176828447152072,78644554.1583039,4.3586,8.124578754215836,111.34,0.009849982767065057,0.036249998956918716,0.28859567642211914
1996,FIN,Finland,0.5078455209732056,0.4152103808681957,81751465.80160834,4.6439,7.174004024173522,111.982,0.005766121789114287,0.0323166660964489,0.16059450805187225
1997,FIN,Finland,0.35156741738319397,0.15788439308314706,84666184.99645528,5.4207,6.193905234353018,113.34413300822071,0.012163856764664915,0.03568333387374878,0.11638478934764862
1998,FIN,Finland,0.7205333113670349,0.8301599138397344,89936044.13545667,5.096,4.7208841670803405,114.8732170266128,0.013490632270143132,0.029634999111294746,0.1762569546699524
1999,FIN,Finland,1.6703780889511108,1.299271019085094,94455190.45046222,5.91850487756321,4.636407247854343,116.3788966977846,0.013107317006913588,0.043917667120695114,-0.06379954516887665
2000,FIN,Finland,-0.09294048696756363,-0.1598458322947619,98156497.19757661,6.389822675980655,5.425407678087801,119.81309457990805,0.029508768166461197,0.042617835104465485,0.09091049432754517
2001,FIN,Finland,-0.30624720454216003,-0.34292924380763634,103367865.41243276,6.746544876886418,4.932487369037506,123.00700783056989,0.026657463959681715,0.033185917884111404,0.04624957591295242
2002,FIN,Finland,-0.32819512486457825,-0.2005880261494194,105770218.4732458,5.6696195289405935,4.930846706071634,125.47538631740282,0.020066974478664568,0.023334667086601257,0.12214834988117218
2003,FIN,Finland,0.08504386246204376,0.3067706668156396,107681803.17439301,4.707624703087887,4.067210381804597,127.0949671450467,0.01290755800940091,0.02106333337724209,0.04358291253447533
2004,FIN,Finland,0.07573208957910538,0.16013830500055382,109891736.17472874,4.365120035239704,4.012259490758669,127.282201922809,0.0014731879787861502,0.0218468327075243,0.09650126099586487
2005,FIN,Finland,0.3520565927028656,0.1710015141410839,114572299.83761658,5.0400356022717645,3.2765692886052666,128.26830508569043,0.007747376679415607,0.030792249366641045,0.07093699276447296
2006,FIN,Finland,0.2182711809873581,0.36006030801080846,118138102.33700398,4.514601366742597,3.7055165365987435,129.90348881148114,0.012748151031529709,0.04277608171105385,-0.01473566610366106
2007,FIN,Finland,0.25041505694389343,0.3976735044245303,123662630.19884847,4.03894436519258,4.237804883222464,131.95995078723703,0.015830690881137643,0.046342331916093826,0.013387619517743587
2008,FIN,Finland,-0.5130674242973328,-0.5396616631985585,130664034.7294892,4.2722785082992,4.454329089876309,137.12763065347642,0.03916097145694897,0.012283583171665668,0.11503367125988007
2009,FIN,Finland,0.26212233304977417,0.30646937773335114,131528306.13589591,4.127259475218656,5.1424499080288,139.3682068273652,0.016339348701727152,0.008109583519399166,0.05199330300092697
2010,FIN,Finland,0.23451858758926392,0.14505326720586775,120737502.27171694,4.449730579254603,5.6484935524041955,141.71800328828203,0.016860347954591237,0.013906000182032585,0.0760173350572586
2011,FIN,Finland,-0.2702140212059021,-0.29331681038640667,125192775.83383666,4.595200556457223,9.449968696387224,146.42851823881847,0.03323864887479622,0.005731833167374134,0.11286138743162155
2012,FIN,Finland,0.14102987945079803,0.1635171365232111,128459667.67895906,4.506389267849023,6.074160458666865,151.05789811899123,0.031615288714609946,0.0022066666278988123,0.10474903136491776
2013,FIN,Finland,0.3224339783191681,0.3822712592844968,126648408.93955733,4.311311725038069,3.730121560082133,154.4047197714923,0.022155886545334402,0.002099333330988884,-0.02912985160946846
2014,FIN,Finland,0.10742779821157455,-0.025068457828531066,125484421.3031807,4.897232517914504,2.330095723877164,156.2723866796712,0.012095918511706882,0.0020992739591747522,0.17269517481327057
2015,FIN,Finland,0.14863774180412292,0.029999101805574746,124930061.5370564,5.46131165610361,1.1638176107644125,156.0289814685802,-0.0015575701905028438,-0.00019277077808510512,0.0011106575839221478
2016,FIN,Finland,0.10649999976158142,0.07133429755550935,125494780.42762262,5.640574898017266,0.724207825054455,156.63593420649298,0.003889999999999949,-0.002637,0.03781925141811371
2017,FIN,Finland,0.10989999771118164,0.2627863269661501,129032171.99634947,4.957666972400572,0.7890011191741148,157.9512585202731,0.008397334369303344,-0.003291,-0.019234921783208847
2018,FIN,Finland,-0.025299999862909317,-0.0694309179046364,133001760.61906725,5.192777292576421,0.9358110270116207,159.7970813710464,0.011686028133396587,-0.003221,-0.004887427669018507
2019,FIN,Finland,0.2046000063419342,0.18187567434456686,134397297.41594213,5.2926206159871825,0.3280669469718537,161.61325871534066,0.011365522628521196,-0.003563,0.02994687482714653
2020,FIN,Finland,0.18119999766349792,0.2902354612185136,136266302.8649425,4.845350827153452,-0.05987222052891588,162.23269377177093,0.0038328232556792408,-0.004252000000000001,-0.0014356066239997745
1870,FRA,France,-0.2104566991329193,,,0.04510262999999999,5.792,0.06186036760679077,,0.05999999865889549,-0.21380528807640076
1871,FRA,France,0.221278116106987,0.17757649270971831,72100011.0,0.046776456,5.401,0.0645795046444519,0.04395604395604402,0.054999999701976776,0.09574708342552185
1872,FRA,France,0.11752408742904663,0.11618728149650659,71666544.00000001,0.046832478000000004,5.592,0.06389972038503662,-0.010526315789473717,0.05000000074505806,-0.008292817510664463
1873,FRA,France,0.07771899551153183,0.10136852186234502,78313038.00000001,0.04582685099999999,5.128,0.06389972038503662,0.0,0.04749999940395355,0.16242556273937225
1874,FRA,France,0.09581796824932098,0.08065139970547341,72822456.0,0.046470015,4.835,0.06389972038503662,0.0,0.03500000014901161,0.1215175986289978
1875,FRA,France,0.15812399983406067,0.194660654494746,82069751.99999999,0.045048808999999995,4.535,0.06254015186620605,-0.021276595744680882,0.032499998807907104,0.10847428441047668
1876,FRA,France,0.06832072138786316,0.03575723929265573,84815043.0,0.046465112,4.252,0.0645795046444519,0.032608695652173836,0.02500000037252903,0.10364202409982681
1877,FRA,France,0.052489448338747025,-0.012829131289174955,77879571.0,0.04953959,4.152,0.0645795046444519,0.0,0.019999999552965164,0.08817841857671738
1878,FRA,France,0.09132376313209534,0.05050594677883846,82069752.0,0.05146446999999999,3.934,0.06321993612562134,-0.021052631578947434,0.029999999329447746,0.09590411186218262
1879,FRA,France,0.1176941841840744,0.1059082376638536,81058329.0,0.05201294,3.681,0.06321993612562134,0.0,0.028750000521540642,0.10677671432495117
1880,FRA,France,0.2264171540737152,0.22273284815111904,76001214.0,0.052169664,3.534,0.06389972038503662,0.010752688172043001,0.025200000032782555,0.07605385780334473
1881,FRA,France,0.2659670412540436,0.26294713292104444,82792196.99999997,0.05229440999999999,3.578,0.06321993612562134,-0.010638297872340385,0.03680000081658363,0.0395994707942009
1882,FRA,France,-0.16996677219867706,-0.1608681666225681,85970955.0,0.051727388000000006,3.759,0.06321993612562134,0.0,0.0340999998152256,-0.03290891647338867
1883,FRA,France,-0.03652653470635414,-0.042062482007685253,90016647.0,0.052026322,3.984,0.0645795046444519,0.021505376344086002,0.02669999934732914,0.0020501520484685898
1884,FRA,France,0.051439400762319565,0.05408954043716063,90305624.99999999,0.05189552,3.812,0.0645795046444519,0.0,0.024800000712275505,0.0657527968287468
1885,FRA,France,0.02231903001666069,0.02066821725257073,89294201.99999999,0.051979454999999994,3.745,0.06321993612562134,-0.021052631578947434,0.02449999935925007,0.053103554993867874
1886,FRA,France,0.04122351109981537,0.0431449408110931,87704823.0,0.05188371099999999,3.645,0.06321993612562134,0.0,0.02199999988079071,0.07766764611005783
1887,FRA,France,0.022940820083022118,0.017968942918161535,89149713.0,0.052137117000000004,3.697,0.06254015186620605,-0.010752688172043001,0.02419999986886978,0.01282438077032566
1888,FRA,France,0.03794721141457558,0.041662399704520015,89727669.00000001,0.051951165,3.625,0.06321993612562134,0.010869565217391353,0.027300000190734863,0.05328810214996338
1889,FRA,France,0.05686738342046738,0.05949301131045126,90594602.99999999,0.05182242000000001,3.417,0.06254015186620605,-0.010752688172043001,0.02539999969303608,0.09163151681423187
1890,FRA,France,0.09971122443675995,0.09832503003307691,92906426.99999999,0.051887825000000005,3.165,0.06254015186620605,0.0,0.026200000196695328,0.12223191559314728
1891,FRA,France,0.022633520886301994,0.022349816279207957,95073761.99999997,0.051902224,3.151,0.06321993612562134,0.010869565217391353,0.025100000202655792,0.036002445966005325
1892,FRA,France,0.0007818816811777651,0.005891436173457665,97241097.0,0.051638579999999996,3.107,0.06254015186620605,-0.010752688172043001,0.01810000091791153,0.0690501481294632
1893,FRA,France,0.08415529131889343,0.08174513709866726,99697410.00000001,0.05175363200000001,3.057,0.06186036760679077,-0.010869565217391353,0.022199999541044235,0.031126471236348152
1894,FRA,France,-0.009490976110100746,-0.005920570219234533,101431278.0,0.051567749999999996,2.948,0.06254015186620605,0.01098901098901095,0.017899999395012856,0.06084715202450752
1895,FRA,France,0.029274865984916687,0.02793627787641917,105187992.0,0.05163490200000001,2.981,0.06186036760679078,-0.010869565217391242,0.016300000250339508,0.02106120064854622
1896,FRA,France,0.08523831516504288,0.08394326972750643,103020656.99999999,0.051696593,2.928,0.06186036760679078,0.0,0.017100000753998756,0.04569881036877632
1897,FRA,France,0.10292354226112366,0.10306643825306994,107933283.0,0.051689896,2.911,0.060500799087960216,-0.0219780219780219,0.018200000748038292,0.035165462642908096
1898,FRA,France,0.042981963604688644,0.034914916739131385,106488393.00000001,0.052092812999999995,2.943,0.0611805833473755,0.011235955056179803,0.019899999722838402,0.016473639756441116
1899,FRA,France,0.035471394658088684,0.040893037573859425,111689996.99999999,0.05182148,3.027,0.0611805833473755,0.0,0.0284000001847744,0.008621372282505035
1900,FRA,France,0.039699506014585495,0.04226329591129252,118047513.0,0.051694008,2.956,0.061860367606790784,0.011111111111111072,0.030400000512599945,0.040602002292871475
1901,FRA,France,-0.05437985435128212,-0.052800247750805385,116747112.0,0.0516078,2.999,0.061860367606790784,0.0,0.02410000003874302,0.029814645648002625
1902,FRA,France,0.007407220080494881,0.007397186671708855,114868755.0,0.051608314,3.015,0.061860367606790784,0.0,0.023900000378489494,0.01478710025548935
1903,FRA,France,0.028068458661437035,0.02636421281351331,112990398.00000001,0.051694008,3.075,0.0611805833473755,-0.01098901098901095,0.027000000700354576,0.013269084505736828
1904,FRA,France,0.0629340335726738,0.06358830878808086,115446711.00000001,0.05166220800000001,3.072,0.0611805833473755,0.0,0.021400000900030136,-0.023891454562544823
1905,FRA,France,0.05404086410999298,0.053685816128165254,116313644.99999999,0.05167961600000001,3.027,0.0611805833473755,0.0,0.0210999995470047,0.10570073872804642
1906,FRA,France,0.028873179107904434,0.025887364154920656,118336491.00000001,0.051830028,3.146,0.061860367606790784,0.011111111111111072,0.026799999177455902,-0.01088752131909132
1907,FRA,France,0.01749630831182003,0.017119054093552855,120503826.00000001,0.051849252000000005,3.148,0.06254015186620607,0.01098901098901095,0.03350000083446503,0.030166415497660637
1908,FRA,France,0.06305345892906189,0.066510298020094,125705430.0,0.05168119499999999,3.101,0.06321993612562135,0.010869565217391353,0.021400000900030136,0.04519106447696686
1909,FRA,France,0.09491437673568726,0.09438284676938591,124982985.0,0.051706296,3.041,0.06321993612562135,0.0,0.017500000074505806,0.048972271382808685
1910,FRA,France,0.03348471596837044,0.030165794444736438,130184588.99999997,0.05187288,3.09,0.06389972038503663,0.010752688172043001,0.023900000378489494,0.020308585837483406
1911,FRA,France,0.07698795199394226,0.07522848501440538,122237694.0,0.051957763000000004,3.181,0.06661885742269777,0.042553191489361764,0.026100000366568565,0.006021533627063036
1912,FRA,France,0.06303086131811142,0.06482425340018683,134230281.00000003,0.051870255,3.361,0.06661885742269777,0.0,0.031199999153614044,-0.01954321376979351
1913,FRA,France,0.002376275137066841,0.0029612846703281903,145355933.99999997,0.051840000000000004,3.509,0.06661885742269777,0.0,0.03819999843835831,-0.02016141265630722
1914,FRA,France,-0.11047793179750443,-0.09493966603302495,144489000.0,0.050949999999999995,4.161,0.06797842594152834,0.020408163265306145,0.028699999675154686,-0.14229680597782135
1915,FRA,France,-0.09544692188501358,-0.1724370743408411,134230281.00000003,0.055689999999999996,4.706,0.07997461875473923,0.17647058823529416,,-0.048620786517858505
1916,FRA,France,0.15625160932540894,0.09379398884545642,131484989.99999999,0.05887,4.918,0.09197081156795012,0.15000000000000013,,-0.009595845825970173
1917,FRA,France,0.04952055588364601,0.07191663991794295,138131483.99999997,0.057640000000000004,5.128,0.10796573531889796,0.17391304347826075,,0.021741995587944984
1918,FRA,France,0.10341951996088028,0.13249823950400907,117036090.0,0.056159999999999995,4.874,0.13995558282079365,0.2962962962962963,,0.10619137436151505
1919,FRA,France,0.08083564043045044,-0.16952073379977983,92328470.99999999,0.07309,5.042,0.17594416126042628,0.2571428571428569,,0.004498492460697889
1920,FRA,France,-0.06666947156190872,-0.5197667840651876,108800216.99999999,0.14205,5.137,0.24392258720195462,0.38636363636363646,,-0.012265819124877453
1921,FRA,France,-0.04545501619577408,0.010908185710805318,125849918.99999997,0.13413,5.484,0.21193273970005894,-0.13114754098360648,,0.024496935307979584
1922,FRA,France,0.23332425951957703,0.35672749060412423,120648315.0,0.12193,5.085,0.203935277824585,-0.037735849056603765,0.042899999767541885,0.1367598921060562
1923,FRA,France,0.26318517327308655,-0.06336555474831285,142321665.0,0.16444,5.634,0.2279276634510068,0.11764705882352944,0.04390000179409981,-0.014654206112027168
1924,FRA,France,0.03414793312549591,-0.10947168976143407,149690604.0,0.19096,6.024,0.2599175109529025,0.14035087719298245,0.05209999904036522,-0.0348542183637619
1925,FRA,France,0.15127940475940704,0.0480445970961354,168474173.99999997,0.20977,6.303,0.27591243470385035,0.06153846153846154,0.05689999833703041,-0.020186226814985275
1926,FRA,France,0.24503205716609955,-0.15308912824524057,169196618.99999997,0.30838,5.566,0.35988578439632657,0.30434782608695654,0.05660000070929527,0.12870529294013977
1927,FRA,France,0.2542186975479126,0.5177207736219795,173675778.00000003,0.25484,4.95,0.3758807081472744,0.04444444444444451,0.029100000858306885,0.22421546280384064
1928,FRA,France,0.4836086928844452,0.48244526072252203,170063553.00000003,0.25504,4.511,0.3758807081472744,0.0,0.03020000085234642,0.17705826461315155
1929,FRA,France,0.0008978269179351628,-0.0003564310105335089,181911651.00000003,0.25536000000000003,3.61,0.39987309377369623,0.06382978723404276,0.034699998795986176,0.2976835370063782
1930,FRA,France,-0.2678622901439667,-0.26619559781444113,194193215.99999997,0.25478,3.54,0.4038718247114332,0.010000000000000009,0.023499999195337296,0.10396109521389008
1931,FRA,France,-0.31904923915863037,-0.31990343062656157,188558144.99999997,0.2551,3.8,0.3878769009604854,-0.03960396039603953,0.015599999576807022,-0.005037562921643257
1932,FRA,France,0.2392289936542511,0.24161390472172917,177288003.0,0.25461,3.91,0.3518883225208527,-0.09278350515463918,0.013000000268220901,-0.04007633030414581
1933,FRA,France,0.011746611446142197,0.2960394684056262,165728883.0,0.19876000000000002,4.47,0.3398921297076418,-0.03409090909090917,0.016300000250339508,-0.09696350991725922
1934,FRA,France,-0.07379765808582306,0.20930156656941357,177576981.00000003,0.15223,3.82,0.3278959368944309,-0.03529411764705892,0.02019999921321869,0.20516248047351837
1935,FRA,France,0.00704527460038662,0.011964500313003334,175843113.0,0.15148999999999999,4.18,0.29990482033027216,-0.08536585365853666,0.03240000084042549,0.003634041640907526
1936,FRA,France,0.17633824050426483,0.0895297141965703,171363953.99999997,0.16356,4.01,0.31989847501895696,0.06666666666666665,0.03680000081658363,0.07457545399665833
1937,FRA,France,-0.052771586924791336,-0.37316443096544294,177865959.0,0.24716000000000002,4.32,0.4038718247114332,0.26249999999999996,0.03830000013113022,-0.03756151720881462
1938,FRA,France,0.05885542556643486,-0.246778796998129,188124677.99999997,0.34745,3.42,0.45985405783975064,0.13861386138613851,0.02759999968111515,0.1970670372247696
1939,FRA,France,0.16453315317630768,0.015707008914318976,187402232.99999997,0.39836,3.94,0.4878451744039094,0.0608695652173914,0.020500000566244125,-0.08082632720470428
1940,FRA,France,0.47404372692108154,0.22295128409097575,200839709.99999997,0.48015,3.45,0.5798159859718596,0.18852459016393452,0.01720000058412552,0.23628093302249908
1941,FRA,France,0.5289880037307739,0.5731648356957095,165728883.0,0.4666666666666667,3.13,0.6797842594152836,0.1724137931034484,0.016699999570846558,0.15037405490875244
1942,FRA,France,0.5363517999649048,0.5363517999649048,131051522.99999999,0.4666666666666667,3.09,0.8197398422360773,0.2058823529411764,0.016200000420212746,0.04343295469880104
1943,FRA,France,-0.17693762481212616,-0.17693762481212616,117469556.99999997,0.4666666666666667,3.12,1.0156776581851885,0.23902439024390243,0.016499999910593033,0.022032812237739563
1944,FRA,France,-0.1168389767408371,-0.1168389767408371,111545508.0,0.4666666666666667,2.99,1.2436053216361955,0.22440944881889768,0.01640000008046627,0.08315281569957733
1945,FRA,France,-0.20052199065685272,-0.2564854513108731,94206828.0,0.5017921146953406,3.03,1.8434149622967397,0.48231511254019277,0.013700000010430813,0.018398543819785118
1946,FRA,France,0.2732030153274536,-0.814816454058653,102153723.0,3.45,3.35,2.8111078492290846,0.5249457700650759,0.013100000098347664,-0.05693613365292549
1947,FRA,France,-0.18458309769630432,-0.0622705623507499,155325675.0,3.0,4.48,4.194668753686074,0.49217638691322896,0.015699999406933784,-0.2121814340353012
1948,FRA,France,-0.10739078372716904,-0.4850331444579822,168329685.0,5.2,6.835276779794108,6.653888280394305,0.5862726406101049,0.020899999886751175,-0.05598824471235275
1949,FRA,France,-0.1578512340784073,0.10865153994741328,180611250.00000003,3.95,7.062720315413779,7.49882647473009,0.12698412698412698,0.025200000032782555,0.028760485351085663
1950,FRA,France,-0.1507614701986313,-0.14207360800117474,205174380.0,3.91,7.80490448427797,8.238147394773902,0.09859154929577474,0.024299999698996544,-0.025585055351257324
1951,FRA,France,0.4429471492767334,0.32439515344413805,220492000.0,4.26,7.828845909080041,9.611171960569553,0.16666666666666674,0.027000000700354576,-0.08233800530433655
1952,FRA,France,0.1394517570734024,0.17817099153706173,234074000.0,4.12,6.703598943382718,10.772961977781257,0.1208791208791209,0.03709999844431877,0.27172791957855225
1953,FRA,France,0.2316017746925354,0.34952109354607597,240287000.00000003,3.76,6.476155407763048,10.561727429197312,-0.019607843137254832,0.04039999842643738,-0.0006581632769666612
1954,FRA,France,1.1585566997528076,1.170099783708705,247223000.0,3.74,6.440243270559941,10.561727429197312,0.0,0.03590000048279762,0.09001980721950531
1955,FRA,France,-0.03663197532296181,-0.07615476607894278,259215000.0,3.9,6.236741159742341,10.667344703489285,0.010000000000000009,0.031599998474121094,0.07533801347017288
1956,FRA,France,0.03150513768196106,-0.001769221598102333,274098000.0,4.03,6.440243270559941,10.984196526365203,0.029702970297029507,0.03189999982714653,-0.0335666760802269
1957,FRA,France,0.142935648560524,-0.038406959561813725,287969000.0,4.79,7.074691027814814,11.512282897825068,0.04807692307692313,0.05350000038743019,0.03250940144062042
1958,FRA,France,-0.08519486337900162,-0.1147643223404885,305308000.0,4.95,6.835276779794108,13.20215928649664,0.1467889908256883,0.0649000033736229,0.11640352010726929
1959,FRA,France,0.26738566160202026,0.27070746961291725,312966000.00000006,4.93706000393706,6.320536146549588,14.047097480832424,0.06399999999999983,0.040699999779462814,0.1476273387670517
1960,FRA,France,-0.07177717238664627,-0.07177717238664638,321924000.0,4.93706000393706,6.164916885336129,14.57518385229229,0.03759398496240607,0.040800001472234726,0.04463484138250351
1961,FRA,France,0.049007512629032135,0.049007512629032135,344609000.0,4.93706000393706,6.069151186127846,14.997652949460184,0.02898550724637694,0.0364999994635582,0.05796389281749725
1962,FRA,France,-0.1058787927031517,-0.10587879270315181,363754000.0,4.93706000393706,6.009297624122669,15.736973869503995,0.04929577464788726,0.03610000014305115,0.06794358044862747
1963,FRA,France,-0.18257169425487518,-0.18257169425487507,387937000.0,4.93706000393706,5.949444063314563,16.476294789547808,0.046979865771812124,0.039799999445676804,0.031173741444945335
1964,FRA,France,-0.07980641722679138,-0.07980641722679127,408090000.0,4.93706000393706,6.081121899725953,17.004381161007675,0.03205128205128216,0.04740000143647194,0.04384492710232735
1965,FRA,France,-0.047821152955293655,-0.047821152955293655,435296000.0,4.93706000393706,6.308565434148553,17.532467532467543,0.031055900621118182,0.042100001126527786,0.041485171765089035
1966,FRA,France,-0.1716182827949524,-0.1716182827949525,456456000.0,4.93706000393706,6.464184695362013,18.05251078345347,0.029661726167345526,0.04780000075697899,-0.029218623414635658
1967,FRA,France,-0.021920576691627502,-0.021920576691627502,479631000.0,4.93706000393706,6.775423217788931,18.556496644461216,0.027917770943512554,0.04800000041723251,0.056464653462171555
1968,FRA,France,0.17394950985908508,0.17394950985908508,501799000.0,4.93706000393706,7.014837467006709,19.399556302604143,0.045432048640203115,0.061500001698732376,0.01106756180524826
1969,FRA,France,0.23662078380584717,0.09921896923927598,523967000.0,5.55419000455419,7.697168072668651,20.572446268121812,0.06045962841738928,0.08959999680519104,-0.032305166125297546
1970,FRA,France,-0.0876227542757988,-0.0876227542757988,560280000.0,5.55419000455419,8.121989959068811,21.662712115781577,0.05299641245626652,0.0868000015616417,-0.0968756452202797
1971,FRA,France,-0.05678573623299599,0.024057158395315303,592389000.0,5.11572151321783,7.789520657457146,22.831961043615824,0.05397518655950906,0.058400001376867294,0.04328281804919243
1972,FRA,France,0.16952449083328247,0.16952449083328247,621055000.0,5.11572151321783,7.415072908672297,24.216263548837663,0.06063003097182107,0.0494999997317791,0.0898943617939949
1973,FRA,France,-0.03170337900519371,0.05204117132829178,648668000.0,4.7085,8.331042625991309,26.003569353981568,0.07380601063989056,0.08910000324249268,-0.015123654156923294
1974,FRA,France,-0.27134865522384644,-0.22806730618732096,683965000.0,4.444499999,10.557579464057339,29.55287908936983,0.13649317472813816,0.1290999948978424,-0.02877856232225895
1975,FRA,France,0.3195025324821472,0.30744153508078065,704012000.0,4.485499999,9.638251470964436,33.006407039833874,0.11685927249322647,0.07919999957084656,0.20875142514705658
1976,FRA,France,-0.11292722076177597,-0.1993631568616897,699106000.0,4.969749999,9.39393690841647,36.18343735709608,0.09625495781555382,0.08560000360012054,0.042499203234910965
1977,FRA,France,-0.16803032159805298,-0.12121544967377451,729326000.0,4.704999999,9.938817152724484,39.61889359913981,0.09494554671904298,0.09070000052452087,0.08917210251092911
1978,FRA,France,0.6209439635276794,0.8245314231103638,756545000.0,4.179999999,9.571925524430801,43.28386251560354,0.09250558467244274,0.07980000227689743,0.1630989909172058
1979,FRA,France,0.09008408337831497,0.1334705145683439,777544000.0,4.019999999,9.878368188711127,47.892180296869434,0.10646734171666461,0.09040000289678574,-0.06151473894715309
1980,FRA,France,0.08802468329668045,-0.031474927649876805,802491000.0,4.515999999,13.127500000000001,54.387595011803086,0.13562578848301543,0.1185000017285347,-0.01986602507531643
1981,FRA,France,-0.11161229759454727,-0.3020252498481887,813763000.0,5.747999999,15.844999999999999,61.62897999035977,0.13314405568007137,0.15299999713897705,0.008606255054473877
1982,FRA,France,0.10401709377765656,-0.05637319630132631,822116000.0,6.724999999,15.649166666666668,69.01119007304324,0.11978471952380554,0.14869999885559082,0.21635621786117554
1983,FRA,France,0.5866885185241699,0.2782845506758478,842787000.0,8.347499999,13.586666666666668,75.53933704935056,0.09459548472353196,0.12533333897590637,0.23915626108646393
1984,FRA,France,0.14483685791492462,-0.0036983246142623383,852644000.0,9.592,12.489166666666666,81.3360766768425,0.07673802622473191,0.11740833520889282,0.2182217240333557
1985,FRA,France,0.37105792760849,0.739345012778817,865172000.0,7.561,11.123333333333333,86.07886443128874,0.058310997385451424,0.09934166818857193,0.20889988541603088
1986,FRA,France,0.3824115991592407,0.6192740668075938,877305000.0,6.455,8.544166666666666,88.26399871463704,0.025385259178140718,0.07742500305175781,0.2203206866979599
1987,FRA,France,-0.23758669197559357,-0.07839365106787566,898129000.0,5.34,9.478333333333333,91.16691179196906,0.03288898214001512,0.07975833117961884,-0.0016969421412795782
1988,FRA,France,0.6234999895095825,0.43084501468578495,920822000.0,6.059,9.084166666666668,93.62916167146624,0.027008152750810588,0.0752333328127861,0.18388058245182037
1989,FRA,France,0.30861103534698486,0.36988152438966515,961287000.0000001,5.788,8.796666666666667,96.90459270062166,0.03498302207007398,0.09071666747331619,0.05563484504818916
1990,FRA,France,-0.21963445842266083,-0.11936912562884772,1000285999.9999999,5.129,9.9325,100.0,0.031942833802948156,0.0984666645526886,0.035571373999118805
1991,FRA,France,0.16629000008106232,0.15480722208798614,1026491000.0000002,5.18,9.036666666666667,103.21340732409693,0.032134073240969396,0.09490666538476944,0.17315655946731567
1992,FRA,France,0.04760394245386124,-0.014512227020611834,1037110057.9382132,5.5065,8.587499999999999,105.65312503862282,0.02363760462693576,0.10351666808128357,0.08240700513124466
1993,FRA,France,0.3644101619720459,0.27438292882691373,1052370813.9468236,5.8955,6.7749999999999995,107.87655572171893,0.02104462771246296,0.08749166876077652,0.3382056951522827
1994,FRA,France,-0.14312708377838135,-0.055051575461176006,1045280646.767188,5.346,7.215833333333332,109.66246863838047,0.016555153292699964,0.05692499876022339,-0.12338694930076599
1995,FRA,France,0.018922608345746994,0.11166536004415573,1068714079.1005929,4.9,7.535,111.63253451323071,0.01796481420956031,0.06354166567325592,0.17114123702049255
1996,FRA,France,0.30595406889915466,0.22191616146760706,1090458233.8005943,5.237,6.310833333333334,113.84607778917584,0.019828836508972936,0.037283334881067276,0.17583270370960236
1997,FRA,France,0.2776792645454407,0.1174172623076557,1102055966.266648,5.9881,5.581666666666667,115.21671960549259,0.012039429402697088,0.03240833431482315,0.17691382765769958
1998,FRA,France,0.31296631693840027,0.39844072543334974,1126174028.530526,5.6221,4.64,115.96692662307973,0.00651126867832974,0.033925000578165054,0.22877176105976105
1999,FRA,France,0.5562789440155029,0.33999695224913307,1164286960.171527,6.529534142942465,4.608333333333333,116.58983327359697,0.005371416391346084,0.027305249124765396,-0.09272031486034393
2000,FRA,France,0.005336062982678413,-0.0688182295387395,1202575157.2907395,7.049511015583019,5.394166666666667,118.54383211182676,0.016759598872093884,0.042405251413583755,0.08872941136360168
2001,FRA,France,-0.1923835575580597,-0.23508611421377545,1246698188.3641508,7.443061386587995,4.939166666666667,120.48176391343587,0.016347807954959492,0.04257899895310402,0.07612371444702148
2002,FRA,France,-0.2927267551422119,-0.1583825577188671,1269420508.1748815,6.254953752264709,4.86,122.79912496446728,0.019234122872706205,0.03295133262872696,0.09355005621910095
2003,FRA,France,0.21222859621047974,0.4599453771467874,1281067552.1229963,5.193642121931908,4.13,125.37603045321416,0.02098472191469214,0.022755416110157967,0.05324016883969307
2004,FRA,France,0.12997828423976898,0.21864087170466284,1292475836.5184605,4.815777108876,4.098333333333334,128.06169742062275,0.021420896464023675,0.020249083638191223,0.14477097988128662
2005,FRA,France,0.2843312919139862,0.11234536749939772,1325308060.0585036,5.560371280834111,3.41,130.29748736265788,0.017458693638048528,0.02071041613817215,0.14485499262809753
2006,FRA,France,0.22560936212539673,0.36825254718924105,1349462442.9637644,4.980690964312831,3.796666666666667,132.48013249125594,0.016751244960872436,0.02889150008559227,0.019455082714557648
2007,FRA,France,0.030629167333245277,0.15200394626520208,1382419875.2125697,4.455926907139458,4.304166666666667,134.45143429199993,0.014879980595385423,0.038640499114990234,-0.0966138243675232
2008,FRA,France,-0.40892547369003296,-0.441207514254751,1413878751.1036437,4.713350578429257,4.234166666666666,138.23336752728324,0.02812861949147938,0.036189332604408264,0.22131675481796265
2009,FRA,France,0.2903197407722473,0.33565755447043144,1412949755.1933122,4.553359711231429,3.64919166666667,138.35448826488386,0.0008762047815749074,0.006472249981015921,-0.0640435665845871
2010,FRA,France,0.041892267763614655,-0.03361346092895934,1368110890.645421,4.90912288579554,3.117017,140.47286524699993,0.015311227042091868,0.0037625832483172417,0.09389825910329819
2011,FRA,France,-0.13389000296592712,-0.1613083930830812,1389753819.7628934,5.069611252801608,3.321058,143.43908739232012,0.021115979517499994,0.006933583412319422,0.002216957276687026
2012,FRA,France,0.20368699729442596,0.22740909207068993,1420224539.385853,4.971631044414128,2.535992,146.24216731964805,0.019541953161352987,0.0004933333257213235,0.18912792205810547
2013,FRA,France,0.22217300534248352,0.2774736938516136,1425539268.5107281,4.75641360307447,2.20435,147.50528358319613,0.008637154978613282,0.0004306666669435799,-0.03871776536107063
2014,FRA,France,0.027084000408649445,-0.09579966289888919,1434303223.595752,5.402825137962275,1.666442,148.25425467488967,0.00507758822938098,0.0005729166441597044,0.3238297402858734
2015,FRA,France,0.11944600194692612,0.003822471229403046,1448281385.9957397,6.025140075319188,0.8418583,148.30987134011397,0.00037514380512226886,-0.001990749966353178,0.00014310303959064186
2016,FRA,France,0.08940000087022781,0.054777754126303924,1463375100.7776525,6.222910539796983,0.4678833,148.5817750367696,0.0018333486112471764,-0.0031940000000000002,0.03527684509754181
2017,FRA,France,0.1851000040769577,0.34834497190920666,1478391317.841871,5.469498874343369,0.8098583,150.11555907107788,0.010322827506460408,-0.003534,0.03584440425038338
2018,FRA,France,-0.07450000196695328,-0.11640332048041413,1514485406.0207746,5.728882096069867,0.7841083,152.89392048052804,0.018508150831551218,-0.003629,0.009596725925803185
2019,FRA,France,0.28369998931884766,0.2594834655028766,1542364702.2953014,5.839033291792769,0.1302,154.58837488104194,0.011082549228827565,-0.003917,0.07744557410478592
2020,FRA,France,-0.00839999970048666,0.0831336659849855,1570703951.0677779,5.345587156710943,-0.1452667,155.3249867137966,0.004764988527251601,-0.004963,0.039300255477428436
1870,GBR,UK,,,,0.179,3.24,2.1972130379435137,,0.030500000342726707,0.02442333661019802
1871,GBR,UK,0.26190000772476196,0.23296998571360472,100179628.0,0.1832,3.23,2.2279740204747234,0.014000000000000234,0.02630000002682209,0.04514363780617714
1872,GBR,UK,0.06310000270605087,0.0602064262152886,105570460.0,0.1837,3.24,2.332688799437035,0.04699999999999971,0.039000000804662704,0.01621621660888195
1873,GBR,UK,0.04969999939203262,0.06949467492133343,105795078.00000001,0.1803,3.24,2.405002152219583,0.030999999999999917,0.04490000009536743,0.04395604506134987
1874,GBR,UK,0.031700000166893005,0.008214146504557096,108265876.00000001,0.1845,3.24,2.3256370811963367,-0.03299999999999992,0.0340999998152256,0.0285326074808836
1875,GBR,UK,0.07530000060796738,0.10895947519379523,110062820.0,0.1789,3.2,2.281449976653606,-0.01900000000000024,0.028999999165534973,0.05729876831173897
1876,GBR,UK,0.06840000301599503,0.036533408565951886,112758236.00000003,0.1844,3.16,2.2746056267236447,-0.0030000000000001137,0.01889999955892563,0.033288948237895966
1877,GBR,UK,0.08870001137256622,0.019067421812696494,113881326.00000003,0.197,3.15,2.2586833873365793,-0.007000000000000006,0.023399999365210533,0.04454787075519562
1878,GBR,UK,0.0051999990828335285,-0.03166552655590105,115004416.00000001,0.2045,3.15,2.2089923528151743,-0.02200000000000013,0.03229999914765358,0.022980960085988045
1879,GBR,UK,0.15649999678134918,0.14807888029993155,115453651.99999999,0.206,3.17,2.1117966892913067,-0.04399999999999993,0.01759999990463257,0.06357616186141968
1880,GBR,UK,0.13809999823570251,0.1358943780840829,115004416.00000001,0.2064,3.1,2.1751505899700456,0.029999999999999805,0.02319999970495701,0.044929396361112595
1881,GBR,UK,0.16680000722408295,0.16341797821763637,120395248.0,0.207,2.9,2.151223933480375,-0.01100000000000001,0.028599999845027924,0.03572433069348335
1882,GBR,UK,0.015599999576807022,0.02400974141451062,124662990.0,0.2053,2.94,2.1727361728151795,0.010000000000000231,0.033799998462200165,0.04567711427807808
1883,GBR,UK,0.003100000089034438,-0.0012782249356024789,128256878.00000001,0.2062,2.83,2.1618724919511028,-0.0050000000000003375,0.030300000682473183,0.026658400893211365
1884,GBR,UK,0.03399999812245369,0.0350038816157765,129155350.0,0.206,2.72,2.103501934668423,-0.026999999999999913,0.024000000208616257,0.018208956345915794
1885,GBR,UK,0.029600001871585846,0.030100050439760384,129379968.00000003,0.2059,2.85,2.0403968766283707,-0.029999999999999916,0.021299999207258224,0.036947548389434814
1886,GBR,UK,0.026500001549720764,0.0274980569717429,128706114.0,0.2057,2.81,2.0077505266023166,-0.016000000000000125,0.021299999207258224,0.03500000014901161
1887,GBR,UK,0.031700000166893005,0.029697671200047848,130727676.00000001,0.2061,2.72,1.9977117739693044,-0.0050000000000002265,0.024000000208616257,0.04179104417562485
1888,GBR,UK,0.13610000908374786,0.14052709143770303,135893890.0,0.2053,2.62,2.0116957563870894,0.006999999999999895,0.023800000548362732,0.008849557489156723
1889,GBR,UK,0.09220000356435776,0.09166826062201872,141958576.0,0.2054,2.63,2.0398594969765087,0.014000000000000012,0.026900000870227814,0.03802715614438057
1890,GBR,UK,0.0421999990940094,0.04068001854112557,149595588.0,0.2057,2.67,2.0439392159704624,0.002000000000000224,0.03660000115633011,0.011831275187432766
1891,GBR,UK,-0.004100000951439142,-0.004100000951439142,150269442.0,0.2057,2.68,2.0582467904822552,0.006999999999999895,0.02630000002682209,0.025104600936174393
1892,GBR,UK,0.00430000014603138,0.006747124902722446,150269442.00000003,0.2052,2.65,2.0664797776441843,0.0040000000000000036,0.014299999922513962,0.05118110030889511
1893,GBR,UK,-0.0009000006248243153,-0.0028437749426749592,146675553.99999997,0.2056,2.6,2.0520144192006753,-0.006999999999999895,0.021299999207258224,0.03530167043209076
1894,GBR,UK,0.10750000178813934,0.1107414652080072,146675553.99999997,0.205,2.55,2.0109741308166615,-0.02000000000000013,0.009700000286102295,0.07966858148574829
1895,GBR,UK,0.12319999933242798,0.12539589375927518,156558746.00000003,0.2046,2.29,1.9908643895084954,-0.009999999999999787,0.00800000037997961,0.061212118715047836
1896,GBR,UK,0.12210000306367874,0.11827404104641337,161500342.0,0.2053,2.06,1.9848917963399701,-0.0029999999999998916,0.014700000174343586,0.06854130327701569
1897,GBR,UK,0.06830000132322311,0.06674119781934684,168238882.00000003,0.2056,1.96,2.0146651732850693,0.014999999999999902,0.017799999564886093,0.03820224851369858
1898,GBR,UK,0.052400004118680954,0.04882908796316432,170485062.00000003,0.2063,2.0,2.0207091688049243,0.0029999999999998916,0.026599999517202377,0.002771618776023388
1899,GBR,UK,0.04670000076293945,0.05026366808071203,178795927.99999994,0.2056,2.18,2.0348541329865584,0.006999999999999673,0.03180000185966492,-0.06345608830451965
1900,GBR,UK,0.09459999948740005,0.09459999948740005,186208322.00000006,0.2056,2.53,2.1386316937688727,0.050999999999999934,0.03660000115633011,-0.004350528586655855
1901,GBR,UK,0.04909999668598175,0.05114502591928782,184860613.99999994,0.2052,2.67,2.149324852237717,0.004999999999999893,0.031599998474121094,-0.01604621298611164
1902,GBR,UK,0.05889999866485596,0.05838421688274931,184860613.99999997,0.2053,2.66,2.149324852237717,0.0,0.02969999983906746,0.019486257806420326
1903,GBR,UK,0.016699999570846558,0.015216487898320974,189577592.00000003,0.2056,2.75,2.157922151646668,0.0040000000000000036,0.0340999998152256,-0.02763073705136776
1904,GBR,UK,0.1111999973654747,0.11228198373097165,187556029.99999997,0.2054,2.83,2.1536063073433747,-0.0019999999999998908,0.026799999177455902,0.04145753011107445
1905,GBR,UK,0.10940000414848328,0.10832082126507037,188679119.99999997,0.2056,2.78,2.1622207325727483,0.0040000000000000036,0.025599999353289604,0.035829976201057434
1906,GBR,UK,0.09630001336336136,0.09364038208397418,194294570.00000003,0.2061,2.83,2.1622207325727483,0.0,0.039900001138448715,-0.010845726355910301
1907,GBR,UK,-0.0015999986790120602,-0.00014460509108060737,200808492.00000003,0.2058,2.97,2.188167381363621,0.01200000000000001,0.04470000043511391,0.00013163972471375018
1908,GBR,UK,0.04568224027752876,0.047208783693992284,204626997.99999997,0.2055,2.9,2.1991082182704393,0.0050000000000001155,0.02319999970495701,0.03594530373811722
1909,GBR,UK,0.11060185730457306,0.11222554423045694,196316132.00000003,0.2052,2.98,2.2101037593617914,0.004999999999999893,0.02290000021457672,0.018179669976234436
1910,GBR,UK,0.014817390590906143,0.012843037690923653,200808492.00000003,0.2056,3.08,2.2299946931960473,0.008999999999999897,0.031599998474121094,-0.013062200509011745
1911,GBR,UK,0.016035713255405426,0.015541772704479095,207097796.00000003,0.2057,3.15,2.2322246878892433,0.001000000000000112,0.029100000858306885,0.0022499999031424522
1912,GBR,UK,0.03442201763391495,0.03542875439073634,213162482.00000003,0.2055,3.28,2.299191428525921,0.03000000000000025,0.03620000183582306,0.007546975743025541
1913,GBR,UK,-0.037962961941957474,-0.037494589479417084,216307133.99999997,0.2054,3.39,2.289994662811817,-0.004000000000000115,0.043699998408555984,-0.013174142688512802
1914,GBR,UK,-0.000639998004771769,0.01217230971311567,224618000.0,0.2028,3.46,2.2831246788233814,-0.0030000000000001137,0.029100000858306885,0.04468188434839249
1915,GBR,UK,0.026000000536441803,-0.010119885305469034,226864179.99999997,0.2102,3.82,2.5685152636763036,0.12499999999999978,0.03660000115633011,0.03400000184774399
1916,GBR,UK,-0.024708330631256104,-0.022848861290228895,245058237.99999997,0.2098,4.31,3.033416526401715,0.18100000000000027,0.052000001072883606,-0.20298629999160767
1917,GBR,UK,0.09510112553834915,0.09457940037134649,250449070.0,0.2099,4.58,3.7978374910549473,0.252,0.0478999987244606,0.030637342482805252
1918,GBR,UK,0.20774193108081818,0.20774193108081818,252695249.99999997,0.2099,4.4,4.633361739087035,0.21999999999999975,0.0357000008225441,0.1279672086238861
1919,GBR,UK,0.09555556625127792,0.017959775812940393,254267575.99999997,0.2259,4.62,5.101331274734826,0.1010000000000002,0.03480000048875809,-0.08426263183355331
1920,GBR,UK,-0.21339653432369232,-0.3488687325163873,226639562.00000003,0.2729,5.32,5.886936291043988,0.15399999999999991,0.06210000067949295,-0.07338728755712509
1921,GBR,UK,-0.007441862020641565,0.042606296591866544,212937863.99999997,0.2598,5.21,5.380659770014207,-0.08599999999999974,0.04580000042915344,0.1646491289138794
1922,GBR,UK,0.2624000012874603,0.4524868039613914,195642277.99999997,0.2258,4.43,4.627367402212217,-0.14000000000000012,0.025699999183416367,0.15967193245887756
1923,GBR,UK,0.0091249980032444,0.04236241788258277,205750088.0,0.2186,4.31,4.349725358079485,-0.05999999999999983,0.026200000196695328,0.04222064092755318
1924,GBR,UK,0.20171739161014557,0.16031546734089153,212264010.0,0.2264,4.39,4.319277280572929,-0.006999999999999784,0.033900000154972076,0.07352049648761749
1925,GBR,UK,0.15123584866523743,0.2585214685553343,221024112.0,0.2071,4.43,4.332235112414647,0.0029999999999998916,0.04089999943971634,0.003138648346066475
1926,GBR,UK,0.06591453403234482,0.07264771622011001,231805776.0,0.2058,4.55,4.297577231515329,-0.00800000000000023,0.045099999755620956,0.02875451371073723
1927,GBR,UK,0.0857815146446228,0.08630936175918036,223270292.00000003,0.2057,4.56,4.194435377958961,-0.02399999999999991,0.042500000447034836,0.07168807834386826
1928,GBR,UK,0.1646854728460312,0.16581898668821715,241239732.0,0.2055,4.47,4.181852071825085,-0.0030000000000000027,0.04149999842047691,0.05931127071380615
1929,GBR,UK,-0.1423381268978119,-0.1440042985794091,244159766.00000003,0.2059,4.6,4.144215403178658,-0.009000000000000119,0.05260000005364418,-0.015964725986123085
1930,GBR,UK,-0.04860176891088486,-0.04767673416991347,251347542.00000003,0.2057,4.46,4.028177371889656,-0.027999999999999914,0.024800000712275505,0.13142776489257812
1931,GBR,UK,-0.20131374895572662,-0.25492171501221295,249550597.99999997,0.2205,4.53,3.854965744898401,-0.04299999999999993,0.03590000048279762,-0.005442906636744738
1932,GBR,UK,0.34228572249412537,0.037777004943740033,236747372.0,0.2852,3.76,3.7547366355310428,-0.026000000000000023,0.01489999983459711,0.403181791305542
1933,GBR,UK,0.24409089982509613,0.5034522230089722,238544316.0,0.236,3.38,3.6758871661848906,-0.02100000000000002,0.005900000222027302,0.03166131302714348
1934,GBR,UK,0.14047059416770935,0.3559247366427172,245507473.99999997,0.1985,3.08,3.6758871661848906,0.0,0.007300000172108412,0.2769678235054016
1935,GBR,UK,0.13990840315818787,0.1091755785632369,261679970.0,0.204,2.89,3.701618376348184,0.006999999999999673,0.005499999970197678,-0.031189655885100365
1936,GBR,UK,0.19197221100330353,0.20856029346259408,271787780.0,0.2012,2.94,3.7275297049826217,0.007000000000000117,0.005799999926239252,0.002684210427105427
1937,GBR,UK,-0.13043372333049774,-0.1351619630948896,284141770.0,0.2023,3.28,3.854265714952031,0.03400000000000003,0.00559999980032444,-0.09203407168388367
1938,GBR,UK,-0.09789854288101196,-0.10760330183290312,294024962.00000006,0.2045,3.38,3.9159339663912647,0.016000000000000236,0.006099999882280827,-0.021812833845615387
1939,GBR,UK,0.0182711873203516,-0.07655672812855041,297618850.0,0.2255,3.72,4.02558011745022,0.028000000000000025,0.013199999928474426,0.009540311060845852
1940,GBR,UK,-0.048894740641117096,-0.17857435470919913,300538884.0,0.2611,3.4,4.7018775771818575,0.16800000000000015,0.010300000198185444,0.15936720371246338
1941,GBR,UK,0.22733333706855774,0.29216425124435674,330637696.0,0.248,3.13,5.209680355517499,0.1080000000000001,0.010099999606609344,0.10564341396093369
1942,GBR,UK,0.184369757771492,0.1853256655663036,360736508.0,0.2478,3.03,5.579567660759241,0.07099999999999995,0.009999999776482582,0.027593262493610382
1943,GBR,UK,0.1104000061750412,0.1104000061750412,369721227.99999994,0.2478,3.1,5.769272961225055,0.03400000000000003,0.009999999776482582,-0.004981905687600374
1944,GBR,UK,0.12449999898672104,0.12449999898672104,377807475.99999994,0.2478,3.14,5.925043331178131,0.026999999999999913,0.009999999776482582,0.0572500005364418
1945,GBR,UK,0.06461538374423981,0.06332806163572191,362982687.99999994,0.2481,2.92,6.090944544451118,0.028000000000000025,0.008999999612569809,0.14814859628677368
1946,GBR,UK,0.17731250822544098,-0.12372630012780428,347034810.0,0.3333333333333333,2.6,6.279763825329102,0.030999999999999917,0.004999999888241291,0.10761002451181412
1947,GBR,UK,-0.02576923370361328,-0.18814102808634448,331985404.0,0.4,2.76,6.719347293102139,0.07000000000000006,0.005100000184029341,-0.14334677159786224
1948,GBR,UK,-0.036758825182914734,0.16744830387830745,327043807.99999994,0.33003300330033003,3.21,7.236737034671004,0.07699999999999996,0.005100000184029341,0.006969696842133999
1949,GBR,UK,-0.05700637027621269,-0.25929873308824625,337376235.99999994,0.42016806722689076,3.3,7.43936567164179,0.027999999999999803,0.005200000014156103,-0.08934739232063293
1950,GBR,UK,0.10957446694374084,0.17484355323454914,349954844.00000006,0.3968253968253968,3.55,7.7308768656716405,0.03918495297805635,0.005200000014156103,0.040641751140356064
1951,GBR,UK,0.08229530602693558,0.026462611668403024,347850000.0,0.41841004184100417,3.79,8.430503731343283,0.09049773755656121,0.00559999980032444,-0.09683731198310852
1952,GBR,UK,-0.001411764300428331,0.10722126552462963,358234000.0,0.37735849056603776,4.23,9.328358208955224,0.10650069156293251,0.02199999988079071,-0.006849757395684719
1953,GBR,UK,0.2443055510520935,0.26308752163401183,357585000.0,0.3717472118959108,4.08,9.666511194029852,0.036250000000000115,0.023000000044703484,0.13861016929149628
1954,GBR,UK,0.4861646890640259,0.48063991326824906,371646000.0,0.3731343283582089,3.76,9.888059701492539,0.022919179734619988,0.017899999395012856,0.06063833087682724
1955,GBR,UK,0.10862810164690018,0.12103811771011164,386789000.0,0.36900369003690037,4.17,10.38945895522388,0.050707547169811074,0.03750000149011612,-0.10118304938077927
1956,GBR,UK,-0.09164062142372131,-0.06630041178829427,400850000.0,0.3589890868606365,4.74,10.925839552238806,0.05162738496071828,0.0494999997317791,-0.02981370873749256
1957,GBR,UK,-0.009477273561060429,0.016765035900971448,405825000.0,0.34972371838487926,4.98,11.34561567164179,0.03842049092849509,0.04809999838471413,-0.06305692344903946
1958,GBR,UK,0.47742438316345215,0.4480247023103361,412315000.0,0.3568242641772789,4.98,11.672108208955223,0.02877697841726623,0.04560000076889992,0.17027078568935394
1959,GBR,UK,0.5486228466033936,0.547241381084075,411450000.0,0.3571428572704081,4.82,11.742070895522389,0.005994005994006235,0.033799998462200165,0.009832060895860195
1960,GBR,UK,0.018391203135252,0.019773305482857717,428107000.0,0.35665882029982837,5.4,11.835354477611942,0.00794438927507457,0.048900000751018524,-0.07103174924850464
1961,GBR,UK,0.01812826655805111,0.019689701591848463,452768000.0,0.3561126741768857,6.2,12.220149253731343,0.0325123152709359,0.05139999836683273,-0.079440176486969
1962,GBR,UK,0.003789731068536639,0.0017879424940610011,467694000.0,0.3568242641772789,5.98,12.73320895522388,0.041984732824427384,0.04170000180602074,0.2477676272392273
1963,GBR,UK,0.198081836104393,0.19555955855379947,472453999.99999994,0.35757705798382927,5.588333333333334,13.001399253731341,0.021062271062270987,0.03669999912381172,0.036339953541755676
1964,GBR,UK,-0.054099999368190765,-0.0562985082741142,490625000.0,0.3584100929566718,6.06,13.421175373134329,0.03228699551569525,0.045899998396635056,-0.023651685565710068
1965,GBR,UK,0.11174321174621582,0.11680365359211264,516584000.0,0.3567860711990817,6.433333333333334,13.992537313432832,0.042571676802779956,0.05909999832510948,0.04392683133482933
1966,GBR,UK,-0.03840654343366623,-0.04272939114205032,529996000.00000006,0.35839724763758773,6.817500000000002,14.552238805970147,0.040000000000000036,0.06120000034570694,0.042148884385824203
1967,GBR,UK,0.34190231561660767,0.157271715964308,540163000.0,0.41557578041623067,6.73,14.87873134328358,0.022435897435897356,0.05810000002384186,0.023493671789765358
1968,GBR,UK,0.4819520115852356,0.4684646039190248,552277000.0,0.41939271951828244,7.459166666666666,15.473414179104475,0.03996865203761768,0.07029999792575836,-0.023348286747932434
1969,GBR,UK,-0.11873120069503784,-0.11270675788565387,574775000.0,0.4165451744976653,8.940833333333332,16.277985074626862,0.051996985681989294,0.0763000026345253,-0.002488371916115284
1970,GBR,UK,-0.034857142716646194,-0.03767132191596234,585207000.0,0.4177632954913997,9.233333333333333,17.339085820895523,0.06518624641833837,0.07020000368356705,0.03452681377530098
1971,GBR,UK,0.4660159945487976,0.563272685041176,599016000.0,0.3917727719458463,9.040833333333333,18.971548507462686,0.09414929388029569,0.055799998342990875,0.2690797448158264
1972,GBR,UK,0.16374468803405762,0.07055392825840534,611705000.0,0.42587624054592066,9.198333333333332,20.33582089552239,0.07191149354640447,0.0551999993622303,-0.041293784976005554
1973,GBR,UK,-0.28000888228416443,-0.28764389733410234,633352000.0,0.43044077153514154,10.909999999999998,22.236473880597014,0.09346330275229353,0.09380000084638596,-0.08787097036838531
1974,GBR,UK,-0.5019515156745911,-0.4965276922160611,675941000.0,0.4258037046735379,15.173333333333332,25.734608208955223,0.15731515469323543,0.11379999667406082,-0.15767984092235565
1975,GBR,UK,1.4960688352584839,1.150647344177186,666755000.0,0.49419322979698205,14.600833333333332,31.576492537313435,0.2270049841413686,0.10180000215768814,0.36125683784484863
1976,GBR,UK,0.0232649315148592,-0.13911232060858958,665984000.0,0.5874060153826398,14.227500000000001,36.520522388059696,0.15657311669128493,0.11150000244379044,0.1388256847858429
1977,GBR,UK,0.48560190200805664,0.6632737461260734,680933000.0,0.5246589719436826,12.191666666666668,41.9776119402985,0.14942528735632177,0.07660000026226044,0.4555555582046509
1978,GBR,UK,0.08665914088487625,0.15992026348559385,695699000.0,0.4915212585360144,12.026666666666666,45.1142723880597,0.07472222222222236,0.08510000258684158,-0.02575177140533924
1979,GBR,UK,0.11481428891420364,0.2186517466940412,720501000.0,0.44964028797196054,11.345833333333331,50.24486940298508,0.11372447660894291,0.12999999523162842,0.04183606803417206
1980,GBR,UK,0.34833088517189026,0.4459393710578088,740370000.0,0.41928721191584367,11.929166666666665,57.85914179104478,0.15154328150382912,0.15119999647140503,0.1912524402141571
1981,GBR,UK,0.13627363741397858,-0.09098109016410205,728224000.0,0.5241090149497426,13.011666666666665,64.69216417910447,0.11809754131398598,0.1298000067472458,0.0998682975769043
1982,GBR,UK,0.2849203944206238,0.0872662351123914,718733038.2422789,0.6193868074446496,11.740833333333333,69.9393656716418,0.08111031002162972,0.11379999667406082,0.5352219939231873
1983,GBR,UK,0.28779226541519165,0.15705881702108604,729860948.1814104,0.6893699163721011,10.250833333333334,73.39085820895524,0.04934978326108719,0.09589999914169312,0.07828254252672195
1984,GBR,UK,0.3157407343387604,0.04898259961120788,755778959.7865996,0.8646779082271318,10.173333333333334,76.51585820895524,0.04258023514458209,0.09300000220537186,0.0375610888004303
1985,GBR,UK,0.20136570930480957,0.5005384932036057,774665027.4401145,0.6922810665920949,10.09,80.28218283582089,0.04922279792746087,0.11599999666213989,0.19918380677700043
1986,GBR,UK,0.27217575907707214,0.2985968556993699,802000000.0,0.678195998643608,9.463333333333333,82.95242537313432,0.03326071169208422,0.10339999943971634,0.1253899335861206
1987,GBR,UK,0.08650869131088257,0.37904443254548426,837280000.0,0.5343307507347048,9.315,85.61100746268657,0.032049479898791366,0.09229999780654907,0.17899125814437866
1988,GBR,UK,0.11483954638242722,0.0779065771728571,877143000.0,0.5526388505111909,9.123333333333333,88.82929104477613,0.03759193680196127,0.09799999743700027,0.06868434697389603
1989,GBR,UK,0.3546816408634186,0.2019571010810821,920840951.6700106,0.6228589224540642,9.260833333333332,93.48180970149254,0.052375951693357736,0.13279999792575836,0.08210000395774841
1990,GBR,UK,-0.09610787779092789,0.0854587428334419,940907967.1725543,0.5186721991701245,10.879166666666668,100.0,0.069726830485219,0.14090000092983246,0.08210886269807816
1991,GBR,UK,0.20805393159389496,0.1721506690003627,944610000.0,0.5345592558935158,9.989166666666666,107.53264925373134,0.07532649253731338,0.10819999873638153,0.18482428789138794
1992,GBR,UK,0.19888730347156525,-0.03099502707595725,931605430.2418951,0.6613756613756614,9.163333333333332,112.11520522388064,0.04261548471047538,0.08940000087022781,0.20016290247440338
1993,GBR,UK,0.2754807472229004,0.24949873200169326,933586450.9739963,0.6751282743721306,7.687500000000001,114.9253731343284,0.025065002600104025,0.05209999904036522,0.22790634632110596
1994,GBR,UK,-0.059496473520994186,-0.007874183011445823,955024234.5914794,0.64,8.1775,117.19916044776122,0.0197849025974024,0.051500000059604645,-0.10413049906492233
1995,GBR,UK,0.23020999133586884,0.22036831140518198,996478522.8247832,0.6451612903225806,8.243333333333334,120.31249999999997,0.026564520943189285,0.0632999986410141,0.17560122907161713
1996,GBR,UK,0.15809932351112366,0.268679129885089,1027452199.5101211,0.5889281507656066,8.0325,123.2003710766023,0.024003084273058306,0.05779999867081642,0.0776439756155014
1997,GBR,UK,0.23567114770412445,0.2035058563445704,1057715287.6453513,0.6046680372475511,7.125833333333335,125.448292773266,0.018246062710850275,0.06480000168085098,0.16759464144706726
1998,GBR,UK,0.1367396116256714,0.143406907690957,1124124342.4199028,0.6011421701232341,5.532583333333334,127.40202137291483,0.015573975192950451,0.0681999996304512,0.21169418096542358
1999,GBR,UK,0.23799023032188416,0.20293802722710774,1164424203.015837,0.6186587478346943,4.8460833333333335,129.09482516187444,0.01328710306726344,0.05040000006556511,-0.041475020349025726
2000,GBR,UK,-0.0594029575586319,-0.13167600424956116,1201844855.3382616,0.6701514542286557,4.912916666666667,130.12300915002194,0.007964563930879853,0.057999998331069946,0.09794456511735916
2001,GBR,UK,-0.13219822943210602,-0.156507379686588,1252693238.505482,0.689464975179261,5.054333333333333,131.72809207638275,0.012335119951847107,0.047600001096725464,0.029548566788434982
2002,GBR,UK,-0.22260260581970215,-0.13609409822131535,1288072260.8450568,0.6204243702692642,5.04675,133.38643409789282,0.012589129587851966,0.038600001484155655,0.10208654403686523
2003,GBR,UK,0.2017573118209839,0.3306714694173658,1318553132.763067,0.5603182607721185,4.884833333333334,135.20261399802453,0.013615926630131003,0.035599999129772186,0.021113665774464607
2004,GBR,UK,0.12595011293888092,0.21850173593889988,1367920398.651111,0.5177591384487936,4.773583333333333,137.0190922684372,0.013435230404932774,0.04439999908208847,0.06638054549694061
2005,GBR,UK,0.21643610298633575,0.08448862262202117,1404702893.6016057,0.5807538184563563,4.43875,139.83749794227387,0.020569437639501142,0.045499999076128006,0.08501417189836502
2006,GBR,UK,0.16431647539138794,0.32734377210830745,1439137253.6304734,0.5094243504839531,4.241083333333333,143.0939111885426,0.02328712465674254,0.04650000110268593,-0.005019864067435265
2007,GBR,UK,0.05081511661410332,0.07244167326780149,1471910338.9349997,0.49915144254766897,4.632083333333333,146.4177561183055,0.023228416234869487,0.05530000105500221,0.06206125766038895
2008,GBR,UK,-0.29751068353652954,-0.4888245355193934,1519534790.9096067,0.6859651529702291,4.5914166666666665,151.69160001920542,0.036019155331397545,0.04320000112056732,0.15972906351089478
2009,GBR,UK,0.2895195484161377,0.4325537856084076,1499350218.0400603,0.617474529175671,4.544999999999999,154.97620925702367,0.021653204511010493,0.0052999998442828655,-0.015163527801632881
2010,GBR,UK,0.1415793001651764,0.10351490855732215,1434436061.7342584,0.638773554774832,4.2379,160.08759053994729,0.03298171575771702,0.004999999888241291,0.101185142993927
2011,GBR,UK,-0.03427261859178543,-0.04624011217167767,1463648691.929765,0.646788694133627,3.8322,167.2334095835162,0.04463693294069393,0.004800000227987766,0.18407876789569855
2012,GBR,UK,0.12145595997571945,0.14459446662032738,1487722345.762959,0.633713561470215,2.8646,171.963175277107,0.02828242099093714,0.0031300000846385956,0.03848639130592346
2013,GBR,UK,0.20538218319416046,0.2579362352877963,1509001733.7719615,0.60723828030119,3.1912,176.37368477008337,0.02564798821532066,0.003019999945536256,-0.06127094104886055
2014,GBR,UK,0.011954274028539658,-0.04089250005844958,1541991016.1916955,0.640697078421322,3.0986,178.95055970149247,0.014610314088341791,0.003800000064074993,0.15596400201320648
2015,GBR,UK,0.010998629964888096,-0.04010836126027262,1586134305.488823,0.674809366354005,2.4087,179.02231775406054,0.0004009937308258049,0.004399999976158142,0.007676143664866686
2016,GBR,UK,0.15410000085830688,-0.041923327447270786,1623615542.2062929,0.812875955129247,1.9061,180.203267326054,0.006596661169451679,0.0020239999999999998,0.0712653249502182
2017,GBR,UK,0.14069999754428864,0.2528505947666768,1651580393.1315799,0.740110276431188,1.8237,185.06875554385743,0.026999999999999913,0.004123,0.03743851184844971
2018,GBR,UK,-0.09549999982118607,-0.15012546702659724,1680323040.1291316,0.787680674254657,1.8363,189.69547443245386,0.02499999999999991,0.006998,0.022330274805426598
2019,GBR,UK,0.18379999697208405,0.22352263875146217,1701370568.8178208,0.762107990702283,1.3085,193.10999297223805,0.018000000000000016,0.007098,0.05720197409391403
2020,GBR,UK,-0.09440000355243683,-0.073798578491308,1725772942.1327596,0.745156482861401,0.7393,194.84798290898817,0.008999999999999897,0.000394,0.05752429738640785
1870,IRL,Ireland,,,,,,,,,
1871,IRL,Ireland,,,,,,,,,
1872,IRL,Ireland,,,,,,,,,
1873,IRL,Ireland,,,,,,,,,
1874,IRL,Ireland,,,,,,,,,
1875,IRL,Ireland,,,,,,,,,
1876,IRL,Ireland,,,,,,,,,
1877,IRL,Ireland,,,,,,,,,
1878,IRL,Ireland,,,,,,,,,
1879,IRL,Ireland,,,,,,,,,
1880,IRL,Ireland,,,,,,,,,
1881,IRL,Ireland,,,,,,,,,
1882,IRL,Ireland,,,,,,,,,
1883,IRL,Ireland,,,,,,,,,
1884,IRL,Ireland,,,,,,,,,
1885,IRL,Ireland,,,,,,,,,
1886,IRL,Ireland,,,,,,,,,
1887,IRL,Ireland,,,,,,,,,
1888,IRL,Ireland,,,,,,,,,
1889,IRL,Ireland,,,,,,,,,
1890,IRL,Ireland,,,,,,,,,
1891,IRL,Ireland,,,,,,,,,
1892,IRL,Ireland,,,,,,,,,
1893,IRL,Ireland,,,,,,,,,
1894,IRL,Ireland,,,,,,,,,
1895,IRL,Ireland,,,,,,,,,
1896,IRL,Ireland,,,,,,,,,
1897,IRL,Ireland,,,,,,,,,
1898,IRL,Ireland,,,,,,,,,
1899,IRL,Ireland,,,,,,,,,
1900,IRL,Ireland,,,,,,,,,
1901,IRL,Ireland,,,,,,,,,
1902,IRL,Ireland,,,,,,,,,
1903,IRL,Ireland,,,,,,,,,
1904,IRL,Ireland,,,,,,,,,
1905,IRL,Ireland,,,,,,,,,
1906,IRL,Ireland,,,,,,,,,
1907,IRL,Ireland,,,,,,,,,
1908,IRL,Ireland,,,,,,,,,
1909,IRL,Ireland,,,,,,,,,
1910,IRL,Ireland,,,,,,,,,
1911,IRL,Ireland,,,,,,,,,
1912,IRL,Ireland,,,,,,,,,
1913,IRL,Ireland,,,,,,,,,
1914,IRL,Ireland,,,,,,,,,
1915,IRL,Ireland,,,,,,,,,
1916,IRL,Ireland,,,,,,,,,
1917,IRL,Ireland,,,,,,,,,
1918,IRL,Ireland,,,,,,,,,
1919,IRL,Ireland,,,,,,,,,
1920,IRL,Ireland,,,,0.29654292244374614,,,,,
1921,IRL,Ireland,,,,0.2823079928577693,,,,,
1922,IRL,Ireland,,,,0.24536237408500505,4.615,3.3531908821745797,,,
1923,IRL,Ireland,,,7072269.756931098,0.2375385959919491,4.575,3.2818463953198016,-0.02127659574468077,,
1924,IRL,Ireland,,,7007988.428699552,0.24601435559275975,5.4665930481922524,3.3175186387471904,0.01086956521739113,,
1925,IRL,Ireland,,,6992745.570014557,0.22504228375998475,5.3045896912411346,3.388863125601969,0.021505376344086002,,
1926,IRL,Ireland,,,7003123.534903533,0.22362965715984967,5.155502571420243,3.2996825170334962,-0.02631578947368418,,
1927,IRL,Ireland,,,7018486.4020691225,0.2235209935752239,5.173123250235061,3.1213212998965503,-0.05405405405405417,,
1928,IRL,Ireland,,,8590649.516354928,0.22330366640597235,5.130995365248534,3.1034851781828556,-0.005714285714285783,,
1929,IRL,Ireland,,,8863922.744689027,0.22373832074447547,4.984321691924696,3.139157421610245,0.011494252873563315,,
1930,IRL,Ireland,,,9146085.409609372,0.2235209935752239,4.713107835448118,3.049976813041772,-0.02840909090909083,,
1931,IRL,Ireland,,,9383541.354513675,0.23960320409983896,4.738333382756651,2.8537794741911315,-0.06432748538011701,,
1932,IRL,Ireland,,,9624770.003787078,0.3099085433527169,4.289059895929747,2.800271109050048,-0.018749999999999933,,
1933,IRL,Ireland,,,9343203.828993466,0.25644605971683443,4.226637796249338,2.6932543787678807,-0.03821656050955413,,
1934,IRL,Ireland,,,9066499.000686958,0.21569721548216797,4.1805817612207585,2.7110905004815753,0.0066225165562914245,,
1935,IRL,Ireland,,,9328323.463359283,0.2216737126365857,3.9207067228689527,2.7824349873363534,0.02631578947368407,,
1936,IRL,Ireland,,,9596642.711558921,0.21863113226706393,3.7605502094570165,2.8537794741911315,0.02564102564102555,,
1937,IRL,Ireland,,,9870112.28286652,0.2198264316979475,3.8356291454008065,3.0321406913280775,0.0625,,
1938,IRL,Ireland,,,9554026.642633852,0.22221703055971456,3.9136190774571484,3.085649056469161,0.01764705882352935,,
1939,IRL,Ireland,,,9855848.222947536,0.24503638333112782,4.142537934190227,3.174829665037634,0.028901734104046284,,
1940,IRL,Ireland,,,9976219.426262585,0.2837206194579045,3.9182364480412137,3.6564049513073873,0.15168539325842678,,
1941,IRL,Ireland,,,9527107.171469687,0.26948568987192767,3.4909747880885353,4.030963507294974,0.102439024390244,,
1942,IRL,Ireland,,,9363804.532203551,0.2692683627026761,3.445278790413441,4.4590304284236435,0.10619469026548667,,
1943,IRL,Ireland,,,9443817.94377115,0.2692683627026761,3.2143663823463346,5.011950201548175,0.12399999999999989,,
1944,IRL,Ireland,,,9748705.385474358,0.2692683627026761,3.470248748070932,5.261655905539899,0.04982206405693956,,
1945,IRL,Ireland,,,9868693.188685184,0.26959435345655347,3.48090803445496,5.243819783826204,-0.003389830508474634,,
1946,IRL,Ireland,,,10510274.897169447,0.362211948752591,3.2391765890346735,5.1724752969714265,-0.013605442176870652,,
1947,IRL,Ireland,,,10924955.757531222,0.4346543385031092,3.790314386690541,5.475689366104234,0.05862068965517242,,
1948,IRL,Ireland,,,10986915.691060139,0.3586256918342485,3.7145152034393143,5.65405058324118,0.032573289902280145,,
1949,IRL,Ireland,,,11565914.661764614,0.4565696833015852,3.5234791105472154,5.671886704954875,0.003154574132492094,,
1950,IRL,Ireland,,,12158978.38479389,0.43120470089594154,3.660568880952135,5.743231191809652,0.012578616352201255,,
1951,IRL,Ireland,,,12292593.531879535,0.45465934989864965,3.798803892186542,6.206970356365711,0.08074534161490687,,
1952,IRL,Ireland,,,12555135.575275898,0.4100512627387822,4.5775543994038275,6.742054007776549,0.0862068965517242,,
1953,IRL,Ireland,,,12948948.640370434,0.4039538461924806,4.515913747377941,7.09877644205044,0.052910052910052796,,
1954,IRL,Ireland,,,13295879.197715623,0.405461136663348,4.39329211332758,7.120179788106873,0.0030150753768845018,,
1955,IRL,Ireland,,,13410741.341701534,0.4009726369954881,4.692624132395676,7.305675453929297,0.02605210420841675,,
1956,IRL,Ireland,,,13745951.272109384,0.3900904101981128,5.676583680504645,7.616023971747583,0.04248046875,,
1957,IRL,Ireland,,,13577174.244211722,0.3800223286835683,5.57073991606109,7.929939713908607,0.04121779859484764,,
1958,IRL,Ireland,,,13621712.626573607,0.38773803626958453,5.406284611965108,8.28131131166839,0.04430949167791276,,
1959,IRL,Ireland,,,14325739.007871808,0.3880842309449489,5.03882106597254,8.28309492383976,0.0002153779883697915,,
1960,IRL,Ireland,,,15084175.472822372,0.38755825902180296,5.520161717346765,8.318767167267149,0.004306632213608941,,
1961,IRL,Ireland,,,15756649.48083089,0.38696479706731873,5.923717041249762,8.54885313737381,0.027658662092624464,,
1962,IRL,Ireland,,,16491509.048018515,0.3877380362695846,5.709396312790169,8.912710020333177,0.04256206968495713,,
1963,IRL,Ireland,,,16987540.17489167,0.38855604900462304,5.592910332017066,9.132094317411621,0.02461476886131675,,
1964,IRL,Ireland,,,17728742.94227358,0.38946125466730014,5.899772458274936,9.745656904362715,0.06718750000000018,,
1965,IRL,Ireland,,,18604058.354357574,0.38769653441040014,6.339837012312705,10.236150251489315,0.050329428989751124,,
1966,IRL,Ireland,,,18905721.29539722,0.38944729648312676,6.9445868730764415,10.541147932793493,0.02979613173026663,,
1967,IRL,Ireland,,,19108111.848282866,0.4515795398368252,6.915812344741117,10.871116184496842,0.03130287648054142,,
1968,IRL,Ireland,,,20051429.23880438,0.4557271626880976,7.363543279423798,11.388363714193986,0.04757998359310922,,
1969,IRL,Ireland,,,21491891.613816354,0.4526329181948622,8.475755635943298,12.232012271251739,0.07407987470634292,,
1970,IRL,Ireland,,,22058456.581065364,0.453956572131733,8.944297456810288,13.234402311561373,0.08194808982210566,,
1971,IRL,Ireland,,,22648407.43031227,0.4257143375841281,9.386634,14.420504405522061,0.08962264150943389,,
1972,IRL,Ireland,,,23687319.74166544,0.4627723890466952,9.217292,15.661898476795205,0.0860853432282005,,
1973,IRL,Ireland,,,25324565.277531926,0.4677323720409371,10.88955,17.45086148467877,0.11422389249515996,,
1974,IRL,Ireland,,,26754266.784746457,0.46269356896762454,14.85469,20.411657689152072,0.16966475878986098,,
1975,IRL,Ireland,,,27451144.38431985,0.5370080784753055,14.19172,24.672707166553703,0.20875567983222632,,
1976,IRL,Ireland,,,27827708.806172203,0.638296432622221,14.84792,29.110334248920914,0.17985975565676293,,
1977,IRL,Ireland,,,28739062.30209799,0.5701132459747565,13.09353,33.07887133021796,0.13632743091722332,,
1978,IRL,Ireland,,,30544238.911284592,0.5341046187229676,13.04019,35.60446616487711,0.07635069556777752,,
1979,IRL,Ireland,,,32737723.342392586,0.48859525483200006,15.30684,40.31855313380658,0.13240156296964223,,
1980,IRL,Ireland,,,34114523.34410744,0.48664524636800005,15.59895,47.665251667677374,0.18221632382216324,,
1981,IRL,Ireland,,,35103300.12939386,0.6212982137040001,17.54469,57.3930724503264,0.20408621463852739,,
1982,IRL,Ireland,,,35985174.55004451,0.7045618424760001,17.33132,67.22077551457211,0.17123500528311264,,
1983,IRL,Ireland,,,36522989.50136988,0.80467776572,14.12737,74.26961081582421,0.10486096370197417,,
1984,IRL,Ireland,,,36256575.03963783,0.9225532571639999,14.84707,80.64424071629863,0.08583093179634926,,
1985,IRL,Ireland,,,37418398.81732198,0.9456147062120001,12.98515,85.03371027003888,0.05443004379174621,,
1986,IRL,Ireland,,,38147121.44417466,0.743128063992,11.40265,88.27274997324582,0.0380912427897222,,
1987,IRL,Ireland,,,38308820.87430263,0.672916733392,11.43991,91.04269967538256,0.03137944272696025,,
1988,IRL,Ireland,,,39703578.79819925,0.656467671688,9.511101,92.9921877786894,0.021412898675652547,,
1989,IRL,Ireland,,,40893895.74039322,0.70554314722,9.317204,96.78949809153497,0.04083472390049292,,
1990,IRL,Ireland,,,43189761.03241438,0.6045884683160001,10.4391,100.0,0.03316994066266177,,
1991,IRL,Ireland,,,46519940.76265124,0.6212974261399999,9.524648,103.19623301109407,0.03196233011094063,,
1992,IRL,Ireland,,,47283568.002861865,0.587721210128,9.466225,106.41565298041593,0.031197068685402174,,
1993,IRL,Ireland,,,48976083.1829054,0.677249122956,7.700833,107.91388720436628,0.014079077485208646,,
1994,IRL,Ireland,,,50109411.1059004,0.6686284474120001,7.920833,110.44483287553953,0.023453382476901874,,
1995,IRL,Ireland,,,53062765.76003454,0.623733361592,8.255,113.22370063853315,0.025160686024353174,,
1996,IRL,Ireland,,,58153131.95605525,0.6250281168080001,7.289166,115.13930011058395,0.016918714555765657,,
1997,IRL,Ireland,,,63440287.922305286,0.659643129736,6.293334,116.81054471515714,0.014514979706912179,,
1998,IRL,Ireland,,,70258374.74248278,0.7022708188000001,4.796667,119.63400278243498,0.024171260173153408,,
1999,IRL,Ireland,,,76350619.43478256,0.7389579126120001,4.710834,121.59597617094138,0.016399797238870528,,
2000,IRL,Ireland,,,84284830.76052865,0.8526994806200001,5.5125,128.3630007491171,0.05565171472995578,,
2001,IRL,Ireland,,,92104863.9728915,0.8793411956120001,5.011667,134.61634502193843,0.048716096042685786,,
2002,IRL,Ireland,,,96948738.67311019,0.832895396276,5.01,140.85898762173153,0.04637358560563909,,
2003,IRL,Ireland,,,102792480.54328497,0.696244379072,4.1325,145.76213748082617,0.034808924456150026,,
2004,IRL,Ireland,,,105880704.59080233,0.633140026008,4.076667,148.9601541040916,0.02193996794048192,,
2005,IRL,Ireland,,,112719929.1525491,0.6330439432,3.329167,152.58267042414298,0.024318693424014715,,
2006,IRL,Ireland,,,118899510.30707654,0.627241959212,3.765,158.59344344165805,0.03939354974458498,,
2007,IRL,Ireland,,,124345598.28967436,0.574663399008,4.305833,166.30756608283096,0.04864086732570816,,
2008,IRL,Ireland,,,131566496.65833677,0.5354828775720001,4.525833,173.0496200906075,0.04053967096372868,,
2009,IRL,Ireland,,,126697085.96248485,0.564650310312,5.225,165.29625798166447,-0.044804271196223544,,
2010,IRL,Ireland,,,120690287.90277298,0.5940666132760001,5.739167,163.7338137195448,-0.009452387375236238,,
2011,IRL,Ireland,,,122830621.31813204,0.565797003496,9.601666,167.96632540220455,0.025849954792535934,,
2012,IRL,Ireland,,,123335257.38186535,0.612990988632,6.171667,170.80940320336745,0.01692647496071009,,
2013,IRL,Ireland,,,123234349.70490877,0.59299237598,3.79,171.6691042699675,0.005033101518284067,,
2014,IRL,Ireland,,,124670339.15823323,0.592821474592,2.3675,172.00620697035637,0.0019636771673179343,,
2015,IRL,Ireland,,,135356927.34081927,0.709828282944,1.1825,171.4996611136874,-0.002944927776683426,,
2016,IRL,Ireland,,,169293898.35755834,0.7115018564440001,0.7358333,171.4996611136874,0.0,,
2017,IRL,Ireland,,,172557037.22936866,0.6971563781840001,0.8016667,171.9882293384962,0.0028487999430211186,,
2018,IRL,Ireland,,,187947602.45717594,0.666887930972,0.9508333,172.81879532067325,0.004829202471422489,,
2019,IRL,Ireland,,,205101022.74808484,0.703512019664,0.3333333,174.36999943444306,0.008975899356846506,,
2020,IRL,Ireland,,,215214294.455916,0.6895170073839998,-0.06083333,174.16235793889837,-0.0011908097506346804,,
1870,ITA,Italy,0.15863539278507233,,,4.699108,9.066590999999999,0.0216246,,0.05999999865889549,0.07974119484424591
1871,ITA,Italy,0.7913044095039368,0.7246164658781584,42996275.78558406,4.8808144,8.632758,0.0223969,0.03571395540264333,0.05999999865889549,0.22110718488693237
1872,ITA,Italy,0.29907727241516113,0.25864471947526035,42306250.675452515,5.0376051,7.466775,0.0252287,0.12643714085431457,,0.2826606035232544
1873,ITA,Italy,-0.18255597352981567,-0.20819931252063062,41614557.118535444,5.200753499999999,8.088533,0.0267733,0.06122392354738859,,0.016473226249217987
1874,ITA,Italy,-0.12578696012496948,-0.13260693410642965,41621369.82478342,5.241645000000001,7.7214920000000005,0.0274169,0.024038874550391665,,0.06350000202655792
1875,ITA,Italy,0.13225333392620087,0.21668860714324856,43964184.55259786,4.8778874000000005,7.016125000000001,0.0234267,-0.145537971105413,,0.12902794778347015
1876,ITA,Italy,0.038082219660282135,0.0026702860836331777,44379938.44725402,5.050162800000001,6.982392,0.0248426,0.060439583893591386,,0.06470055878162384
1877,ITA,Italy,0.10292883962392807,0.023973648791691282,43608078.24760916,5.439564000000001,7.180208,0.0257436,0.03626834550328861,,0.05248544365167618
1878,ITA,Italy,0.08520004898309708,0.04555199960584999,44237805.91659843,5.645835999999999,6.8221419999999995,0.0249713,-0.02999968924315166,,0.11079488694667816
1879,ITA,Italy,0.23531688749790192,0.20764380080440414,45632403.704590976,5.77521,6.4700500000000005,0.0245851,-0.015465754686380007,,0.14499445259571075
1880,ITA,Italy,0.00920048262923956,0.01861713657394004,46034882.05845699,5.721820800000001,6.044558,0.0254861,0.036648213755486214,,0.11320829391479492
1881,ITA,Italy,0.12710699439048767,0.2009505110482266,46926994.46737207,5.37,5.500975,0.0238386,-0.06464307995338636,,0.03909534588456154
1882,ITA,Italy,-0.045723315328359604,-0.05102485246542421,48570257.74679518,5.4,5.659192,0.0232722,-0.023759784551106278,,0.037790894508361816
1883,ITA,Italy,0.07438600808382034,0.0946574421986095,49539763.202338494,5.3,5.440892,0.0225256,-0.03208119558958755,,0.046364445239305496
1884,ITA,Italy,0.08346632122993469,0.08757036032550247,50352347.346979484,5.28,5.03965,0.022088,-0.01942678552402599,,0.13186807930469513
1885,ITA,Italy,0.10835161805152893,0.1020897445032154,50006154.0400234,5.31,5.04765,0.0225771,0.022143245201014183,0.03999999910593033,0.05971667170524597
1886,ITA,Italy,0.08481410145759583,0.09097781794315019,51209264.52338356,5.28,4.866658,0.0225514,-0.001138321573629919,0.04500000178813934,0.07968881726264954
1887,ITA,Italy,0.03644483909010887,0.022883878578649597,52690671.81453889,5.35,4.845592,0.0224999,-0.0022836719671506245,0.05249999836087227,0.03347677364945412
1888,ITA,Italy,0.03579999879002571,0.03773969916229181,54361983.5196281,5.34,4.854,0.0227831,0.012586722607656142,0.04749999940395355,0.031976934522390366
1889,ITA,Italy,0.014500000514090061,0.018313910290458812,54417397.831129864,5.32,5.078942,0.0231692,0.016946771949383654,0.05249999836087227,0.030614517629146576
1890,ITA,Italy,-0.033299997448921204,-0.04230092857137069,53139327.091114245,5.37,5.116375,0.023993,0.03555582411132008,0.05249999836087227,0.04424433782696724
1891,ITA,Italy,-0.14399999380111694,-0.14559107187955356,53565593.74133076,5.38,5.282267,0.0239158,-0.0032176051348309365,0.042500000447034836,0.02137208729982376
1892,ITA,Italy,-0.025999998673796654,-0.036742645747247615,54608382.91276877,5.44,5.327825,0.0237098,-0.008613552546851921,0.03500000014901161,0.060412853956222534
1893,ITA,Italy,0.045100003480911255,-0.004318035212581894,55011186.36928196,5.71,5.456083,0.023195,-0.02171254080591145,0.05999999865889549,0.05136119946837425
1894,ITA,Italy,-0.05389999970793724,-0.07018399282828258,56242906.83154812,5.81,6.079567,0.023092,-0.004440612200905303,0.03999999910593033,-0.024315595626831055
1895,ITA,Italy,0.15880000591278076,0.21747342393368085,56925508.73547858,5.53,5.297083000000001,0.0229633,-0.005573358738957368,0.029999999329447746,0.200765460729599
1896,ITA,Italy,-0.019600000232458115,-0.04211802142853238,57697123.70773887,5.66,5.2983,0.0228603,-0.004485418036606181,0.03999999910593033,0.04389999806880951
1897,ITA,Italy,0.018400000408291817,0.04234068757883036,58871501.95289317,5.53,4.896133,0.0228088,-0.002252813830089684,0.029999999329447746,0.0866222009062767
1898,ITA,Italy,0.19580000638961792,0.1581040342092097,59355121.93331217,5.71,4.8233999999999995,0.0229633,0.006773701378415264,0.03500000014901161,0.06649777293205261
1899,ITA,Italy,0.22629998624324799,0.257122607082396,59487583.32149181,5.57,4.871575,0.0226029,-0.01569460835332903,0.05000000074505806,0.05336007475852966
1900,ITA,Italy,0.0478999987244606,0.05931088800276685,60513338.149319015,5.51,5.051107999999999,0.0227058,0.004552513173088579,0.04500000178813934,0.03335290402173996
1901,ITA,Italy,0.039799999445676804,0.06294953561144334,62451069.09904518,5.39,4.888842,0.0227316,0.0011362735512512323,0.03999999910593033,0.05570000037550926
1902,ITA,Italy,-0.01640000008046627,0.013691013301393218,63865176.45919039,5.23,4.687867000000001,0.0225771,-0.006796705907195388,0.04500000178813934,0.06316164880990982
1903,ITA,Italy,0.16520000994205475,0.17872264061836507,65432510.565637715,5.17,4.805775000000001,0.0232465,0.029649512116259436,0.03999999910593033,0.031885549426078796
1904,ITA,Italy,0.113599993288517,0.113599993288517,66547277.229550295,5.17,4.883792,0.0235296,0.012178177360032683,0.03375000134110451,0.04222378134727478
1905,ITA,Italy,0.13490000367164612,0.13709942228341276,68264798.90584633,5.16,4.8748000000000005,0.0235554,0.0010964912280702066,0.05000000074505806,0.060223549604415894
1906,ITA,Italy,0.05570000037550926,0.05162393859799774,70258209.5331438,5.18,4.9252,0.023993,0.018577481172045385,0.05000000074505806,0.05986062064766884
1907,ITA,Italy,0.05909999832510948,0.0611485476448872,73230917.49988651,5.17,4.951575,0.0251257,0.047209602800816874,0.054999999701976776,0.05676800385117531
1908,ITA,Italy,-0.03350000083446503,-0.03162693882057843,75161744.37706146,5.16,4.9526,0.0248683,-0.010244490700756614,0.03750000149011612,0.04815271496772766
1909,ITA,Italy,-0.0018000000854954123,-0.007569942281533071,77405832.05310166,5.19,4.960992,0.0241732,-0.02795124717009212,0.042500000447034836,0.045019812881946564
1910,ITA,Italy,0.03790000081062317,0.03391573977104301,78705962.14150435,5.21,4.994992,0.0248426,0.027691824003441834,0.05000000074505806,0.03660000115633011
1911,ITA,Italy,0.0005999999702908099,-0.0013168582672000717,79563029.9731919,5.22,5.02093,0.0254604,0.024868572532665834,0.054999999701976776,0.023175980895757675
1912,ITA,Italy,-0.00139999995008111,-0.003309368975033311,81186434.39538649,5.23,5.02388,0.0256921,0.00910040690641134,0.057500001043081284,0.05633076652884483
1913,ITA,Italy,-0.04877600818872452,-0.054919932147991846,81781139.18223998,5.264,5.054413,0.0257436,0.0020045072220642446,0.05375000089406967,0.04191797599196434
1914,ITA,Italy,-0.16070590913295746,-0.14955840340248083,85848920.62853661,5.195,3.825,0.0257436,0.0,0.042500000447034836,0.012099998071789742
1915,ITA,Italy,0.21826882660388947,0.04610025689375319,81775024.01675329,6.05,5.224,0.0275456,0.06999798008048619,,-0.10234426707029343
1916,ITA,Italy,0.16123229265213013,0.07258860619013552,78611106.81725407,6.55,5.6,0.0344707,0.2514049430762082,,0.051333338022232056
1917,ITA,Italy,0.21630734205245972,0.06096858309276998,85448008.2403796,7.509,6.306,0.0487583,0.4144853455253301,,-0.11324415355920792
1918,ITA,Italy,0.2091558426618576,0.1548653297567908,85349127.77844726,7.862,4.93,0.0679888,0.39440464495275696,,0.00015035152318887413
1919,ITA,Italy,0.015670262277126312,-0.092178308092,82193868.49971782,8.796,5.33,0.0690185,0.015145141552726171,,0.08412783592939377
1920,ITA,Italy,-0.18142379820346832,-0.6421551478056611,78326990.46211489,20.121,6.38,0.0906946,0.3140621717365635,,-0.11411428451538086
1921,ITA,Italy,-0.11719822883605957,-0.23731840113397829,80509826.6764088,23.29,6.62,0.1072992,0.1830825650038701,,0.025841092690825462
1922,ITA,Italy,0.2778649926185608,0.4153933360957949,78378434.97345781,21.027,6.37,0.1066556,-0.005998180787927576,0.057999998331069946,0.10317637771368027
1923,ITA,Italy,0.37691745162010193,0.3322493675324816,84978692.59615691,21.732,6.47,0.1060378,-0.005792475969381816,0.05380000174045563,0.04802478849887848
1924,ITA,Italy,0.7760998606681824,0.6821320566565385,92833854.20355839,22.946,5.27,0.1097706,0.035202540980669106,0.05350000038743019,0.28963640332221985
1925,ITA,Italy,-0.05036471039056778,-0.1332750743654575,95355404.31498905,25.141,5.49,0.1233118,0.12335907793161383,0.07150000333786011,0.011451976373791695
1926,ITA,Italy,-0.3903886675834656,-0.403903445673677,101920702.11850815,25.711,5.83,0.1330171,0.07870536315259358,0.0843999981880188,-0.005723529029637575
1927,ITA,Italy,0.32327574491500854,0.7542017364016387,102714196.17159897,19.395,6.49,0.1216127,-0.08573634517667272,0.07720000296831131,-0.04516250267624855
1928,ITA,Italy,0.23578710854053497,0.2600195021629521,100843449.34377119,19.022,6.19,0.1127054,-0.07324317279363102,0.05460000038146973,0.11149564385414124
1929,ITA,Italy,-0.11079128086566925,-0.11479337160491743,107143902.65591387,19.108,6.5,0.1145075,0.01598947344137902,0.06689999997615814,0.011807126924395561
1930,ITA,Italy,-0.14342430233955383,-0.14275135228116032,112422462.63043748,19.093,6.43,0.1108776,-0.03170010697989212,0.05999999865889549,0.07335296273231506
1931,ITA,Italy,-0.2731724679470062,-0.2774864336185865,107320397.20318288,19.207,6.59,0.1001683,-0.09658668658051761,0.05999999865889549,0.07599309831857681
1932,ITA,Italy,-0.015621870756149292,-0.030959421434747503,106075510.02658528,19.511,6.28,0.0975424,-0.026214880356360215,0.058800000697374344,0.0699034035205841
1933,ITA,Italy,0.35110485553741455,0.7687471038909348,108349311.2794326,14.904,6.08,0.0917759,-0.05911788104455096,0.03880000114440918,0.13847166299819946
1934,ITA,Italy,0.18434560298919678,0.5112574372389547,107099008.34017727,11.68,5.68,0.087039,-0.05161376788459704,0.03750000149011612,0.4242621660232544
1935,ITA,Italy,0.11863307654857635,0.07757808940926791,106834249.81043893,12.125,5.77,0.0882747,0.014197084065763477,0.04500000178813934,-0.12231557071208954
1936,ITA,Italy,0.35734307765960693,0.20007181104147098,112611145.1369771,13.714,5.9,0.0949423,0.07553240056324184,0.05000000074505806,-0.014895486645400524
1937,ITA,Italy,0.12190339714288712,-0.19060533492463816,108598013.29542404,19.009,5.75,0.1039268,0.09463116018887274,0.05040000006556511,0.039642106741666794
1938,ITA,Italy,-0.01621580682694912,-0.016267557705075153,119396288.35860486,19.01,5.45,0.1119073,0.07678962500529218,0.05249999836087227,0.05498148128390312
1939,ITA,Italy,0.4163191616535187,0.3989518478142675,122881075.942239,19.246,5.74,0.1168501,0.044168700343945266,0.05260000005364418,0.0024000024423003197
1940,ITA,Italy,0.1802414059638977,0.14496325919558317,130753886.90999302,19.839,5.66,0.1363637,0.16699686179130357,0.05260000005364418,0.07215236872434616
1941,ITA,Italy,0.2895455062389374,0.2971496447380064,128459997.17210901,19.7227,5.61,0.1577824,0.15707039336714956,0.05260000005364418,0.06490737199783325
1942,ITA,Italy,0.1954246461391449,-0.8954595766930851,126250825.29327819,225.53,5.67,0.1823675,0.15581649157320454,0.04919999837875366,0.04580133780837059
1943,ITA,Italy,1.0191632509231567,0.6917437392244552,119183866.71181089,269.179,8.22,0.3058337,0.6770186573813866,0.0502999983727932,-0.25339365005493164
1944,ITA,Italy,1.5152757167816162,0.1780826293603217,100919294.78351705,574.713,6.59,1.359107,3.443941266119463,0.050999999046325684,0.32956045866012573
1945,ITA,Italy,-0.46599438786506653,-0.4785773819673317,81394657.02820218,588.582,5.95,2.676817,0.9695410295142322,0.0471000000834465,0.17351789772510529
1946,ITA,Italy,1.6019675731658936,1.268846337998708,73099575.21078935,675.0,4.205,3.159149,0.18018863448640698,0.0471000000834465,0.07696724683046341
1947,ITA,Italy,-0.26268690824508667,-0.1492541248981769,98842813.20200354,585.0,4.667,5.119755,0.6206120698960382,0.04859999939799309,-0.03162875771522522
1948,ITA,Italy,0.2750566601753235,0.13016385788267315,117657582.93104655,660.0,6.56,5.4208,0.058800665266208973,0.05260000005364418,0.0973188653588295
1949,ITA,Italy,0.10102730989456177,0.09274890906828692,126864027.34315607,665.0,5.65,5.45856,0.006965761511216195,0.04859999939799309,0.15809039771556854
1950,ITA,Italy,0.09795109927654266,0.043053544312715575,137786034.1815221,700.0,5.73,5.4208,-0.006917575331222947,0.0471000000834465,0.03075833059847355
1951,ITA,Italy,0.13667988777160645,0.15315350933351368,149403026.0227405,690.0,6.11,6.1952,0.1428571428571428,0.0471000000834465,0.01124117337167263
1952,ITA,Italy,0.418801486492157,0.5441214916081836,163625765.41424307,634.0,5.9,6.3104,0.018595041322313932,0.04360000044107437,0.08589135855436325
1953,ITA,Italy,0.0817960798740387,0.09039541278241736,171149669.10251847,629.0,6.06,6.4,0.014198782961460488,0.04170000180602074,0.029031870886683464
1954,ITA,Italy,0.34935715794563293,0.3292805831602241,183666722.5492711,638.5,6.06,6.6,0.031249999999999778,0.04170000180602074,0.05572429299354553
1955,ITA,Italy,0.07480223476886749,0.07987604547588023,190646408.93151546,635.5,6.2,6.8,0.030303030303030276,0.04170000180602074,0.03966581076383591
1956,ITA,Italy,0.04602910578250885,0.06365345012866475,203759407.34331143,624.969999998,6.74,7.0,0.02941176470588247,0.04170000180602074,0.029112018644809723
1957,ITA,Italy,0.03657224401831627,0.03670494861824314,213687314.87476513,624.89,6.815,7.1,0.014285714285714235,0.04170000180602074,0.06640532612800598
1958,ITA,Italy,0.292067289352417,0.29391014173626884,225793285.27208677,624.0,6.81833,7.3,0.028169014084507005,0.038600001484155655,0.12639211118221283
1959,ITA,Italy,0.6040031909942627,0.6127908333528957,238616966.35543147,620.600000001,5.56333,7.3,0.0,0.03629999980330467,0.0766841247677803
1960,ITA,Italy,0.23027563095092773,0.23027563095092773,255678724.96708378,620.600000001,5.005,7.4,0.013698630136986356,0.03629999980330467,0.06093873456120491
1961,ITA,Italy,0.05375538766384125,0.05375538766384125,273887645.55452174,620.600000001,5.185,7.6,0.027027027027026973,0.03629999980330467,0.05962608754634857
1962,ITA,Italy,-0.13782739639282227,-0.13782739639282215,295695865.67312735,620.600000001,5.78167,7.9,0.03947368421052633,0.034699998795986176,0.06267280876636505
1963,ITA,Italy,-0.11273371428251266,-0.11527128616698712,315380729.12778115,622.380000002,6.09833,8.5,0.07594936708860756,0.03590000048279762,-0.009039239957928658
1964,ITA,Italy,-0.22266444563865662,-0.2256752523570894,334420126.6119948,624.799999997,7.4075,9.0,0.05882352941176472,0.03629999980330467,0.05480778589844704
1965,ITA,Italy,0.25352564454078674,0.25372630495088133,347162995.62599397,624.700000002,6.93583,9.4,0.04444444444444451,0.03629999980330467,0.06925103813409805
1966,ITA,Italy,0.009048501029610634,0.009452475927931747,362035009.85954326,624.450000002,6.53917,9.7,0.03191489361702127,0.03579999879002571,0.033573511987924576
1967,ITA,Italy,0.04692518711090088,0.047915290441034486,385475785.528097,623.859999999,6.61333,10.0,0.030927835051546504,0.03579999879002571,0.04986898973584175
1968,ITA,Italy,0.05510016530752182,0.05570936508050606,414611936.043566,623.5,6.695,10.2,0.020000000000000018,0.035599999129772186,0.048333555459976196
1969,ITA,Italy,0.18874378502368927,0.18494284566310193,444155155.94713444,625.5,6.85417,10.4,0.019607843137255054,0.05000000074505806,0.007867126725614071
1970,ITA,Italy,-0.16629339754581451,-0.16294786543323747,473421586.05508876,623.0,9.01,10.9,0.04807692307692313,0.0737999975681305,0.028087154030799866
1971,ITA,Italy,-0.13208214938640594,-0.08970905566958065,502621863.3827552,594.0,8.34417,11.5,0.05504587155963292,0.05758333206176758,0.11630895733833313
1972,ITA,Italy,0.13676495850086212,0.15920752849701647,512471560.0575298,582.5,7.47083,12.1,0.05217391304347818,0.051750000566244125,0.05711907893419266
1973,ITA,Italy,0.19722919166088104,0.1471673972583829,532517524.17462856,607.920000001,7.42,13.4,0.1074380165289257,0.06925000250339508,0.04161802679300308
1974,ITA,Italy,-0.27806997299194336,-0.3242139999381989,570629615.3017737,649.429999999,9.87083,16.0,0.19402985074626855,0.14569999277591705,-0.09743837267160416
1975,ITA,Italy,-0.019697628915309906,-0.06863028475554966,602732661.0761051,683.549999997,11.5375,18.7,0.16874999999999996,0.10634999722242355,0.11637929826974869
1976,ITA,Italy,-0.07536392658948898,-0.277674299454879,590116926.2626392,875.0,13.0783,21.8,0.1657754010695187,0.15676666796207428,-0.006462664809077978
1977,ITA,Italy,-0.2516883909702301,-0.24872622580081183,631403423.1534898,871.549999997,14.6167,25.6,0.17431192660550465,0.14034999907016754,0.0632086917757988
1978,ITA,Italy,0.316068172454834,0.3823672379621119,647031255.7121428,829.75,13.6958,28.7,0.12109375,0.11989166587591171,0.1428711861371994
1979,ITA,Italy,0.09937705844640732,0.13458720677351543,667541792.4654527,804.0,14.0542,32.9,0.14634146341463405,0.12511666119098663,0.08992024511098862
1980,ITA,Italy,0.8384684920310974,0.5885316148232158,706416385.1464866,930.5,15.2525,39.9,0.2127659574468086,0.15915000438690186,0.0803605243563652
1981,ITA,Italy,0.08284942060709,-0.16034051177091901,729746324.7263153,1200.0,19.3575,47.0,0.17794486215538852,0.19702500104904175,0.029185419902205467
1982,ITA,Italy,-0.08782131224870682,-0.2010113683930279,735567619.5544815,1370.0,20.215,54.7,0.16382978723404262,0.19437666237354279,0.11914767324924469
1983,ITA,Italy,0.3255695104598999,0.0943237296354702,738582350.8959963,1659.5,18.2992,62.7,0.1462522851919561,0.17894808948040009,0.17824819684028625
1984,ITA,Italy,0.2012701779603958,0.029768301924925966,748004575.961629,1935.879999995,15.5992,69.5,0.10845295055821369,0.1536725014448166,0.2706901431083679
1985,ITA,Italy,0.9993825554847717,1.3059664590419202,773011734.9217087,1678.5,13.7125,75.9,0.09208633093525198,0.13711674511432648,0.1500656008720398
1986,ITA,Italy,0.7331879734992981,1.1420305961274484,794791358.4440985,1358.13,11.4683,80.3,0.05797101449275344,0.11404166370630264,0.1786288321018219
1987,ITA,Italy,-0.28499266505241394,-0.1694907745885268,817426995.4749027,1169.25,10.6417,84.1,0.04732254047322537,0.1072937473654747,0.11740931868553162
1988,ITA,Italy,0.2798401415348053,0.14603114291917496,843452605.2961307,1305.77,10.8958,88.4,0.0511296076099883,0.11186400055885315,0.09217756241559982
1989,ITA,Italy,0.12505295872688293,0.15628524353939555,878509605.1196048,1270.5,12.7858,93.9,0.06221719457013575,0.1257963329553604,0.10965000092983246
1990,ITA,Italy,-0.2800699472427368,-0.1906639543174775,907623308.6123377,1130.15,13.5358,100.0,0.06496272630457933,0.12378616631031036,0.14646059274673462
1991,ITA,Italy,0.04991228133440018,0.030839717086922125,925654000.0,1151.06,13.2825,106.3,0.06299999999999994,0.12536565959453583,0.1626669317483902
1992,ITA,Italy,-0.018592800945043564,-0.23197410321567102,939905230.8400595,1470.86,13.2675,111.7,0.05079962370649116,0.14317916333675385,0.09093836694955826
1993,ITA,Italy,0.5139912962913513,0.3068711526981678,945491122.83163,1703.97,11.1867,116.7,0.04476275738585489,0.10580574721097946,0.4020310938358307
1994,ITA,Italy,0.09470987319946289,0.14457077977817856,937567578.1931124,1629.74,10.52,121.4,0.04027420736932297,0.09165050089359283,-0.10907217860221863
1995,ITA,Italy,-0.00281835300847888,0.025510385032031957,958427217.5089868,1584.72,12.205,127.7667,0.05244398682042828,0.10849591344594955,0.214763343334198
1996,ITA,Italy,0.07913046330213547,0.11730906755984183,986072402.2194257,1530.5699,9.40083,132.825,0.03959012794413552,0.08462508022785187,0.31477782130241394
1997,ITA,Italy,0.597172200679779,0.389607623075388,996931156.4079666,1759.1899,6.8625,135.28012541610696,0.01848391052969678,0.06333349645137787,0.19460085034370422
1998,ITA,Italy,0.4518551528453827,0.5450298960429216,1015987277.3849021,1653.1,4.88417,138.02808174677332,0.020313082370480906,0.04592150077223778,0.17690575122833252
1999,ITA,Italy,0.2305457890033722,0.05541718557998676,1030642183.884519,1927.4039418674101,4.7275,140.30673290311276,0.01650860554970146,0.030064333230257034,-0.06736255437135696
2000,ITA,Italy,0.08858243376016617,0.008287830593106449,1044959595.9206178,2080.891993551854,5.57583,143.92736414471761,0.025805114029025633,0.045278917998075485,0.07741548120975494
2001,ITA,Italy,-0.22175303101539612,-0.2629026826801383,1082893986.4017324,2197.0611596505164,5.18917,147.27261796998187,0.023242653300456606,0.04051608219742775,0.06520403921604156
2002,ITA,Italy,-0.18565772473812103,-0.03097612156231422,1102665311.984087,1846.352627062077,5.03583,151.1182054108509,0.026112032867188217,0.03264300152659416,0.11665387451648712
2003,ITA,Italy,0.17215919494628906,0.41168786422920123,1106432986.2635913,1533.0720506730008,4.24833,155.36910186591135,0.028129611806223975,0.021879833191633224,0.04747196286916733
2004,ITA,Italy,0.2637886106967926,0.3629504882265251,1102357731.3428168,1421.5329270978636,4.25833,158.87531573030427,0.02256699576868826,0.020795000717043877,0.10491939634084702
2005,ITA,Italy,0.2089715600013733,0.04707712306998024,1115314363.5031726,1641.3240654403662,3.55583,162.3815295946972,0.022068965517241468,0.021724000573158264,0.06488417088985443
2006,ITA,Italy,0.22232277691364288,0.36458345104286494,1120443326.9722993,1470.2126044039483,4.0475,166.00216083630204,0.02229706328448744,0.0318271666765213,-0.007144015282392502
2007,ITA,Italy,-0.04195459187030792,0.07087216803927165,1141137917.2374585,1315.311459819305,4.48732,169.3629288822052,0.0202453271028038,0.04035716503858566,0.018521400168538094
2008,ITA,Italy,-0.468401163816452,-0.49743488871907915,1153740433.4372675,1391.2984120140827,4.68115,175.2777255007884,0.03492379741907414,0.03757699951529503,0.07478711009025574
2009,ITA,Italy,0.2256501317024231,0.2687156569163691,1131536758.4007728,1344.0719144800769,4.31333,176.61970558605384,0.007656307048891975,0.009549999609589577,0.09448951482772827
2010,ITA,Italy,-0.07459145784378052,-0.1416556337434821,1070364076.4349585,1449.0869630294867,4.03583,179.48014001635227,0.016195443315948355,0.01133333332836628,-0.007230008952319622
2011,ITA,Italy,-0.21318712830543518,-0.2380952142751105,1089433089.4615612,1496.460313780045,5.42417,184.74915720084095,0.02935710426796323,0.02785833366215229,-0.06486330926418304
2012,ITA,Italy,0.13067872822284698,0.15296198625645285,1095959947.1338344,1467.5382749734729,5.4925,190.8733957980494,0.03314893929692331,0.018950000405311584,0.24545426666736603
2013,ITA,Italy,0.2284296452999115,0.28401343325231787,1063295921.279785,1404.0098615038794,4.31667,193.24901083338202,0.012446024892049934,0.008552500046789646,0.08849933743476868
2014,ITA,Italy,0.03466249629855156,-0.0891278828539831,1043717972.4397551,1594.8192076435216,2.8925,193.70086250949018,0.002338183642749625,0.0042409999296069145,0.1959235817193985
2015,ITA,Italy,0.17594458162784576,0.05448551685877234,1043677010.3513975,1778.5156608799487,1.71416666666667,193.9122437656953,0.0010912767938489054,0.0004866666567977518,0.046005044132471085
2016,ITA,Italy,-0.046300001442432404,-0.07660956325936241,1051789889.4450408,1836.8940328242102,1.4875,193.81527988670211,-0.0005000400032003638,-0.0017000000000000001,0.016326265409588814
2017,ITA,Italy,0.17990000545978546,0.3424286847053597,1065408067.9588683,1614.5001250729601,2.111666667,196.38482268002105,0.013257689459886812,-0.0034000000000000002,0.03153122961521149
2018,ITA,Italy,-0.1242000013589859,-0.16385308226135087,1083177581.6411152,1691.065502183406,2.61,198.82443387548915,0.01242260558721009,0.0012,0.006926932372152805
2019,ITA,Italy,0.2816999852657318,0.25752119078386326,1093377577.0219977,1723.5802029553136,1.950333333,200.0849643024003,0.006339917093391767,-0.0006,0.24425256252288818
2020,ITA,Italy,-0.04179999977350235,0.04665054324188622,1096521973.373785,1577.9235596120932,1.167916667,199.7940726654208,-0.001453840562151698,-0.002,0.1256023347377777
1870,JPN,Japan,,,,1.0695999999999999,7.080561638768295,0.0181121877842565,,,
1871,JPN,Japan,,,25393000.0,,6.746837555797822,0.01519062301838813,-0.16130380275804423,,
1872,JPN,Japan,,,25709000.0,,6.438376943344272,0.011103459874427199,-0.26905829596412556,,
1873,JPN,Japan,,,26005000.0,0.9539,6.535853073557329,0.011269973928440423,0.01499659168370826,,
1874,JPN,Japan,,,26338000.0,0.9823999999999999,6.616644898892918,0.013097844112267396,0.1621893888515784,,
1875,JPN,Japan,,,26644000.0,1.003,6.418626107071833,0.01445644741660256,0.10372724646056075,,
1876,JPN,Japan,,,28698000.0,1.044,6.460819204977816,0.012098759788188057,-0.1630890052356022,0.06599999964237213,
1877,JPN,Japan,,,28019000.0,1.0308,6.460285034992886,0.012484769640673257,0.03190491085392555,0.05999999865889549,
1878,JPN,Japan,,,28910000.0,1.0801,6.4134822479576865,0.0139758273061553,0.11943013034252803,0.0575999990105629,
1879,JPN,Japan,,,28825000.000000004,1.1215000000000002,6.403564096222673,0.018630651997888582,0.3330625507717302,0.04800000041723251,
1880,JPN,Japan,,,30540000.000000004,1.0971,6.425636000000001,0.021344074196240424,0.14564290067032304,0.06400000303983688,
1881,JPN,Japan,,,31779000.0,1.1299435028248588,6.185506,0.023512541308730806,0.10159574468085109,0.057999998331069946,0.30596640706062317
1882,JPN,Japan,,,30777000.0,1.1363636363636365,6.331536,0.021881460461464913,-0.06937067439240308,0.06400000303983688,0.06588008254766464
1883,JPN,Japan,,,31584000.0,1.1396011396011396,6.296513,0.018800950462220287,-0.14078173642338287,0.0560000017285347,0.3138205409049988
1884,JPN,Japan,,,31618000.0,1.1560693641618498,6.27267,0.01818787599062615,-0.032608695652173725,0.05000000074505806,0.07788658887147903
1885,JPN,Japan,,,31872000.0,1.2232415902140672,6.264662,0.018195444811263114,0.0004161464835621409,0.05400000140070915,0.09043934941291809
1886,JPN,Japan,0.9451611042022705,0.7310149275928464,33052000.0,1.3745704467353952,6.01959,0.016045899750365144,-0.11813643926788675,0.04800000041723251,0.18288762867450714
1887,JPN,Japan,-0.050011612474918365,-0.0467470475693339,35395000.0,1.36986301369863,5.87697,0.017063906126036896,0.06344339622641515,0.03759999945759773,0.05892271175980568
1888,JPN,Japan,0.07331641763448715,0.06596493532192205,36982000.0,1.3793103448275863,5.9188670000000005,0.016772506531513756,-0.017076957196717646,0.036400001496076584,0.031312666833400726
1889,JPN,Japan,0.3047422766685486,0.322738721863977,35310000.0,1.3605442176870748,6.107106,0.01776023762463765,0.05888989169675085,0.0384799987077713,0.07101444154977798
1890,JPN,Japan,-0.18456022441387177,-0.17069220101954996,37016000.0,1.3377926421404682,6.142606000000001,0.018937189233685658,0.06626891114425737,0.041600000113248825,0.03363262861967087
1891,JPN,Japan,0.03819898143410683,0.041671218830207746,40555598.0,1.3333333333333333,6.156536,0.018142463066804365,-0.04196642685851315,0.04047999903559685,0.16563737392425537
1892,JPN,Japan,0.5672988891601562,0.3687743631998699,38620967.0,1.5267175572519083,6.375608,0.016916314123616088,-0.06758448060075084,0.035999998450279236,0.06390640884637833
1893,JPN,Japan,0.07362118363380432,-0.10668161056423908,41200475.0,1.8348623853211008,6.337756000000001,0.017120672280814132,0.01208053691275146,0.03351999819278717,0.09018898010253906
1894,JPN,Japan,0.24448436498641968,0.3072794476233489,41343781.0,1.7467248908296944,6.463794,0.01766562736667559,0.03183023872679036,0.041600000113248825,-0.06503638625144958
1895,JPN,Japan,0.34495964646339417,0.098285824841287,46287838.0,2.13903743315508,6.20712,0.019334552317126302,0.09447300771208211,0.04368000105023384,0.057913511991500854
1896,JPN,Japan,0.5441056489944458,0.6390640177828739,46932715.0,2.0151133501259446,6.254766999999999,0.021275954810507744,0.10041103934233697,0.04487999901175499,0.03360004350543022
1897,JPN,Japan,-0.3439725637435913,-0.3638021084163291,44353207.0,2.0779220779220777,4.521000000000001,0.02370554623497341,0.11419423692636066,0.05000000074505806,0.02832316793501377
1898,JPN,Japan,-0.2610924541950226,-0.2553347330588801,45284696.00000001,2.061855670103093,4.3614999999999995,0.02571128370376905,0.08461047254150689,0.0568000003695488,0.05676259472966194
1899,JPN,Japan,0.3314482569694519,0.3520376630050621,53883056.0,2.030456852791878,4.103333,0.024261854551790314,-0.05637327053282304,0.04839999973773956,0.056013986468315125
1900,JPN,Japan,-0.16178876161575317,-0.1660436409984144,49870487.99999999,2.0408163265306123,4.659459999999999,0.027259107524028332,0.12353766963032298,0.05920000001788139,0.012380175292491913
1901,JPN,Japan,-0.0845838338136673,-0.08224858849176342,52020078.00000001,2.035623409669211,4.782299999999999,0.0266649551040266,-0.021796473691517604,0.05920000001788139,0.003706093644723296
1902,JPN,Japan,0.4164491891860962,0.4236575820063817,53883056.00000001,2.0253164556962022,4.568649000000001,0.02769809912097228,0.03874538745387457,0.052000001072883606,0.10329514741897583
1903,JPN,Japan,0.16901464760303497,0.16013605534275843,51088588.99999999,2.0408163265306123,4.757289,0.02908319329753682,0.05000683153436247,0.04376000165939331,0.06505955755710602
1904,JPN,Japan,0.01382222305983305,0.006063379516007661,54671238.999999985,2.056555269922879,5.68505,0.029756818334226675,0.023162003903708595,0.04343999922275543,-0.016033146530389786
1905,JPN,Japan,0.466028094291687,0.4811029333075396,55101157.0,2.035623409669211,4.689978,0.030903494660726824,0.03853491033956491,0.047040000557899475,0.11059436947107315
1906,JPN,Japan,0.8607869744300842,0.8655218013370312,54169667.99999999,2.030456852791878,4.37276,0.03151278472200248,0.019715895175116405,0.04408000037074089,0.06517153978347778
1907,JPN,Japan,-0.12072458863258362,-0.12072458863258362,61263315.00000001,2.030456852791878,4.6871279999999995,0.03480900610940061,0.10459949561666892,0.04368000105023384,0.01024533435702324
1908,JPN,Japan,-0.3409651517868042,-0.3409651517868042,63197946.00000001,2.030456852791878,4.736546,0.033609348038441705,-0.03446401391606879,0.04960000142455101,0.06476780772209167
1909,JPN,Japan,0.3388136923313141,0.34221169662657136,63627863.99999999,2.0253164556962022,4.465618,0.032303726478565296,-0.03884697669181403,0.041760001331567764,0.15564852952957153
1910,JPN,Japan,0.33671119809150696,0.3333271191089966,63556211.0,2.030456852791878,4.203117,0.03238698350557191,0.002577319587629079,0.03432000055909157,0.09290012717247009
1911,JPN,Japan,-0.113685242831707,-0.113685242831707,64559352.99999999,2.030456852791878,4.3547329999999995,0.03480143728876365,0.07455012853470433,0.036079999059438705,-0.03735111281275749
1912,JPN,Japan,0.09653174132108688,0.09653174132108688,68070350.00000001,2.030456852791878,4.669236,0.03673148655118965,0.055458895171814016,0.048239998519420624,-0.009020470082759857
1913,JPN,Japan,0.0002897811646107584,-0.0022490253865684595,70506551.99999999,2.035623409669211,4.9072,0.03784410318482346,0.030290541932824988,0.04879999905824661,0.03375234454870224
1914,JPN,Japan,-0.03165173903107643,-0.03411572951700248,71653000.0,2.0408163265306123,5.555555555555555,0.034861987853859376,-0.07879999999999987,0.04896000027656555,0.008718928322196007
1915,JPN,Japan,0.327100932598114,0.30001724009611164,69503410.00000001,2.0833333333333335,5.88235294117647,0.03262918576595479,-0.0640468953538863,0.03471999987959862,0.14100202918052673
1916,JPN,Japan,0.9550908803939819,1.0675664978785768,75952179.99999999,1.97,5.555555555555555,0.03525178211666306,0.08037578288100211,0.03359999880194664,0.05272892490029335
1917,JPN,Japan,-0.06729060411453247,-0.0577243539003226,87703272.00000001,1.95,5.594405594405594,0.043244456709297774,0.2267310789049919,0.04024000093340874,0.04521998018026352
1918,JPN,Japan,0.19255919754505157,0.23041821968933895,90641045.0,1.89,5.390835579514825,0.058208015108576976,0.34602257810448944,0.04391999915242195,0.021139051765203476
1919,JPN,Japan,0.3674312233924866,0.3253564165188716,91572534.0,1.95,6.349206349206349,0.07744417275742274,0.33047266107535256,0.04543999955058098,0.023707007989287376
1920,JPN,Japan,-0.030862323939800262,-0.050342478232467514,100959077.00000001,1.99,8.16326530612245,0.08100908727743313,0.04603205629397977,0.052719999104738235,0.013158585876226425
1921,JPN,Japan,-0.1263897567987442,-0.1601524715118361,94653612.99999999,2.07,6.25,0.0742387772176682,-0.08357469868261247,0.04520000144839287,0.08325275778770447
1922,JPN,Japan,-0.03842872381210327,-0.047630362818686045,105043298.0,2.09,5.714285714285714,0.07311102294276046,-0.01519090584696936,0.05071999877691269,0.05954737216234207
1923,JPN,Japan,0.0799502581357956,0.09567768907952057,104756686.0,2.06,5.797101449275362,0.07245253554734453,-0.009006677364252869,0.05104000121355057,0.06916419416666031
1924,JPN,Japan,0.07428982853889465,-0.08928516592999047,104828339.0,2.43,6.25,0.07309966971180502,0.008931835988508885,0.05031999945640564,0.0652194395661354
1925,JPN,Japan,0.122518390417099,0.11791790521047152,107766112.0,2.44,6.349206349206349,0.0739852217263299,0.01211430938082425,0.05087999999523163,0.07795313000679016
1926,JPN,Japan,0.16275745630264282,0.338268015744551,112208597.99999999,2.12,6.57,0.07062844977383606,-0.04537084398976976,0.0509600006043911,0.06350142508745193
1927,JPN,Japan,-0.0653478354215622,-0.06091820430981598,113211740.0,2.11,6.52,0.06954610842275011,-0.015324438729036105,0.04495999962091446,0.10681214183568954
1928,JPN,Japan,0.10608211159706116,0.08550383975339493,114859759.0,2.15,6.13,0.06690459002044942,-0.03798226043423858,0.04464000090956688,0.06799893081188202
1929,JPN,Japan,-0.10819262266159058,-0.11641204549420259,124246302.0,2.17,6.25,0.06537190384146407,-0.022908535550653197,0.03872000053524971,0.03901367262005806
1930,JPN,Japan,-0.2740750312805176,-0.22016971182115008,128115564.0,2.02,5.442,0.05873026373252755,-0.10159777700590489,0.03872000053524971,0.053371500223875046
1931,JPN,Japan,0.12479005753993988,0.10832971523447732,118800674.0,2.05,5.919,0.051959953672762633,-0.11527804626586757,0.03936000168323517,0.0073433322831988335
1932,JPN,Japan,0.13486121594905853,-0.346498457107986,119803816.0,3.56,4.743,0.052538968451490434,0.011143481427531077,0.036079999059438705,0.18254396319389343
1933,JPN,Japan,0.33765870332717896,0.2210423035499378,129835235.99999999,3.9,4.657,0.05414355842652694,0.03054094936252949,0.03215999901294708,0.0975756049156189
1934,JPN,Japan,0.05998978763818741,0.22669441299374804,142589470.0,3.37,4.589,0.05490800931086038,0.014118962745509389,0.030959999188780785,0.0434214249253273
1935,JPN,Japan,0.0933295413851738,0.058770274272424095,142876082.00000003,3.48,4.451,0.05626661261519555,0.02474326280239869,0.030959999188780785,0.05984007194638252
1936,JPN,Japan,0.08184301108121872,0.09125034161235956,146816997.0,3.45,3.974,0.05756844976475348,0.02313693839117592,0.02751999907195568,0.02904479019343853
1937,JPN,Japan,0.17716388404369354,0.1703790777956029,157493294.0,3.47,3.937,0.06206054481279204,0.07803050223507757,0.02727999910712242,0.04702990874648094
1938,JPN,Japan,-0.023710934445261955,-0.03757867685370997,165016859.0,3.52,3.826,0.06801720665408324,0.09598146228428539,0.02727999910712242,0.0535585843026638
1939,JPN,Japan,0.07508634775876999,-0.017063910620553235,176051420.99999997,3.85,3.813,0.07605529417053974,0.11817726589884825,0.0272000003606081,0.04338591918349266
1940,JPN,Japan,0.09559104591608047,-0.012172007780583027,203781131.99999997,4.27,3.868,0.08842274709134006,0.16261133502512815,0.026799999177455902,0.029784230515360832
1941,JPN,Japan,-0.17919501662254333,-0.17919501662254333,209728330.99999997,4.27,3.823,0.08966024926548377,0.013995292103573531,0.026799999177455902,0.03830000013113022
1942,JPN,Japan,0.24850156903266907,0.24268104889731834,212594450.99999997,4.29,3.763,0.09213146920345273,0.027562046260340978,0.026799999177455902,0.03779999911785126
1943,JPN,Japan,0.23009781539440155,0.23009781539440155,211448002.99999997,4.29,3.767,0.09769833678194027,0.060423084822345485,0.026799999177455902,0.037700001150369644
1944,JPN,Japan,0.07221201062202454,0.07221201062202454,214457429.00000003,4.29,3.763,0.1321780991936329,0.35292066935233923,0.026399999856948853,0.03759999945759773
1945,JPN,Japan,0.038293447345495224,-0.35445233491127914,205214191.99999997,6.9,3.689,1.4217613281403143,9.756406218684686,0.026399999856948853,0.03759999945759773
1946,JPN,Japan,,,102607096.0,180.0,3.689,2.711344557086996,0.9070321462699202,0.026399999856948853,0.03700000047683716
1947,JPN,Japan,,,111492068.0,238.0,3.689,6.109385504103888,1.2532678438581284,0.02800000086426735,0.03700000047683716
1948,JPN,Japan,0.4750979244709015,0.1324945355615308,120377040.0,310.0,5.539,10.748084823470123,0.7592742864646957,0.03359999880194664,0.04500000178813934
1949,JPN,Japan,1.1306854486465454,0.11010502366458663,138290290.0,595.0,5.51,14.175367909017927,0.31887384048773004,0.03519999980926514,0.0551999993622303
1950,JPN,Japan,-0.278197318315506,0.01052375435829167,147533527.0,425.0,5.5,13.201987299821722,-0.06866704380751698,0.03519999980926514,0.054999999701976776
1951,JPN,Japan,0.42148053646087646,0.38880282297901725,160966000.0,435.0,5.5,15.574089747139322,0.17967767984064276,0.03999999910593033,0.054999999701976776
1952,JPN,Japan,0.8101934790611267,0.8974317190158798,181025323.09249347,415.0,5.5,16.35115785547458,0.04989492939566431,0.03999999910593033,0.054999999701976776
1953,JPN,Japan,0.5697740912437439,0.49760056980724987,202004941.58938298,435.0,10.181,17.42269471510126,0.0655327817820508,0.03999999910593033,0.054999999701976776
1954,JPN,Japan,-0.07893805205821991,-0.05504257699369264,216888596.68197757,424.0,6.324,18.543311592148346,0.06431937741960092,0.03999999910593033,0.06320000439882278
1955,JPN,Japan,0.21122434735298157,0.2806960680241002,229151278.84194642,401.0,8.6,18.322457190372035,-0.01191019202146315,0.03999999910593033,0.06320000439882278
1956,JPN,Japan,0.4645882844924927,0.46094503005345655,248854833.75505173,402.0,7.9,18.40425721940603,0.004464468285235279,0.03999999910593033,0.06340000033378601
1957,JPN,Japan,0.1763453483581543,0.18222707509994507,267566377.99940774,400.0,11.2,18.976830931771776,0.031110938384517173,0.11774200201034546,0.06320000439882278
1958,JPN,Japan,0.1252676546573639,0.15116895617121617,287129971.7771398,391.0,8.4,18.895034687148097,-0.004310321618913315,0.09688329696655273,0.06320000439882278
1959,JPN,Japan,0.5374970436096191,0.4954262289834852,303857749.86813337,402.0,10.7,19.058630960805772,0.008658162123880597,0.08353330194950104,0.06320000439882278
1960,JPN,Japan,0.3631729781627655,0.4420935190037678,331571542.4081096,380.0,10.1,19.794800946829188,0.038626593249922125,0.08399999886751175,0.06430000066757202
1961,JPN,Japan,0.2045900523662567,0.227196299997795,375091443.08870465,373.0,14.82,20.858155911347314,0.05371890161332793,0.08290830254554749,0.06430000066757202
1962,JPN,Japan,-0.020123757421970367,-0.08282600130086559,420244703.09872234,398.5,9.79,22.248699638770468,0.06666666666666665,0.08837500214576721,0.06430000066757202
1963,JPN,Japan,0.10704467445611954,0.15789318312536382,457743160.69358927,381.0,9.56,23.96643212909865,0.07720597240365779,0.07544170320034027,0.06430000066757202
1964,JPN,Japan,-0.08891943842172623,-0.08652185799652024,496514307.71865535,380.0,6.8919999999999995,24.866194604369415,0.03754261253506841,0.1002419963479042,0.06892000138759613
1965,JPN,Japan,0.004955881740897894,-0.010665194141085022,554447486.7266477,386.0,7.354,26.502127065663604,0.06578941761385271,0.06967499852180481,0.07354000210762024
1966,JPN,Japan,0.25859126448631287,0.2651464273221791,586746765.1263872,384.0,6.86,27.892670793086758,0.05246913668392894,0.058400001376867294,0.07102128118276596
1967,JPN,Japan,0.056218501180410385,0.050745866459268374,649186996.2962736,386.0,6.9125,28.9560295420152,0.03812323161222686,0.06390000134706497,0.06371820718050003
1968,JPN,Japan,0.13842448592185974,0.1781014787287878,721130004.5100793,373.0,7.03333,30.510165758685716,0.05367228315662076,0.07880000025033951,0.06582039594650269
1969,JPN,Japan,0.3406941294670105,0.32999710183828435,813986618.5267982,376.0,7.09083,32.1460982199799,0.05361925838860637,0.07699999958276749,0.06623998284339905
1970,JPN,Japan,0.09357983618974686,0.08206846949301272,915557499.7210236,380.0,7.18833,34.6000006963315,0.07633593537726502,0.08284170180559158,0.06650999188423157
1971,JPN,Japan,0.12732847034931183,0.36081581555101705,1013602262.2766887,314.799999998,7.27667,36.7000002573399,0.060693627709408116,0.06414169818162918,0.06760000437498093
1972,JPN,Japan,0.6118003726005554,0.6801150903745408,1061232148.6293824,301.999999999,6.695,38.39999900091568,0.046321491325760356,0.04722829908132553,0.0875796228647232
1973,JPN,Japan,0.30897682905197144,0.41182500847785075,1150513069.7273197,279.999999999,7.2625,42.80000042385395,0.11458337337022728,0.07160750031471252,-0.001894754939712584
1974,JPN,Japan,-0.12447168678045273,-0.18541974513569603,1242934321.0618188,300.949999999,9.26083,53.30000201330628,0.24532713751096846,0.12539100646972656,0.05651911348104477
1975,JPN,Japan,0.05088333785533905,0.03641927094068431,1227702634.3548994,305.149999999,9.2,59.600000696331485,0.11819884512297785,0.10671299695968628,0.07995752990245819
1976,JPN,Japan,0.14641252160072327,0.19476701150172082,1265659684.1213973,292.799999998,8.71833,65.20000078715734,0.09395973196977736,0.06977000087499619,0.08122211694717407
1977,JPN,Japan,0.10224128514528275,0.3447343678736623,1315967855.365897,239.999999999,7.3275,70.40000006055055,0.07975458911984368,0.05679750069975853,0.21640902757644653
1978,JPN,Japan,0.13753899931907654,0.4029257956672341,1373735293.7965965,194.599999999,6.0925,73.10000273991305,0.0383523107534125,0.04357000067830086,0.07360129058361053
1979,JPN,Japan,0.10140237957239151,-0.1058285228845216,1446166120.0541687,239.699999999,7.6875,75.70000237660966,0.035567709155187144,0.05857190117239952,-0.05966472253203392
1980,JPN,Japan,0.06383026391267776,0.25615819832542464,1525471326.7051358,202.999999999,9.215,81.80000254312371,0.08058124141352563,0.10929799824953079,0.06629834324121475
1981,JPN,Japan,0.1754758507013321,0.08513686990577574,1568452850.8314493,219.899999999,8.66,85.79999936421905,0.04889971511903801,0.07434120029211044,0.13920196890830994
1982,JPN,Japan,0.006099101155996323,-0.05854811768451529,1618183734.590443,234.999999999,8.055,88.10000122614892,0.02680654870597854,0.06935250014066696,0.1023116186261177
1983,JPN,Japan,0.2230827361345291,0.2378313651663615,1667653366.0376306,232.199999999,7.41917,89.70000071146912,0.018161174381973844,0.06392259895801544,0.1119571179151535
1984,JPN,Japan,0.27473002672195435,0.1787826053507091,1706380729.6505177,251.1,6.805,91.70000101422195,0.0222965472339971,0.0609997995197773,0.1300048530101776
1985,JPN,Japan,0.21526658535003662,0.5219622921765297,1773227476.09385,200.5,6.34083,93.50000280046362,0.01962924499818164,0.07314830273389816,0.11858998984098434
1986,JPN,Japan,0.3169224262237549,0.6596036860959325,1851309864.0309682,159.1,4.94417,94.1000021344074,0.006417104983667654,0.04961320012807846,0.06091896444559097
1987,JPN,Japan,0.4751652777194977,0.9003951067625271,1904919364.1061523,123.5,4.21167,94.20000139266297,0.0010626913494935497,0.03668789938092232,0.0459652803838253
1988,JPN,Japan,0.0966309905052185,0.07615357431382197,1984136718.3294964,125.85,4.27417,94.89999998486233,0.007430982822192345,0.03834779933094978,0.0490647591650486
1989,JPN,Japan,0.2069246917963028,0.058846095939802945,2107060000.0,143.45,5.05417,96.99999954587075,0.02212855175282824,0.05117100104689598,-0.008510000072419643
1990,JPN,Japan,-0.13175012171268463,-0.0732853791643201,2208866971.256829,134.4,7.3625,100.0,0.03092783987808745,0.07397899776697159,-0.01740814372897148
1991,JPN,Japan,-0.15509459376335144,-0.09300889298557857,2321145484.371535,125.2,6.52583,103.30000201330628,0.03300002013306291,0.07525339722633362,0.16107077896595
1992,JPN,Japan,-0.2612000107765198,-0.25853500079535285,2397996038.914982,124.75,4.94417,105.00000075688206,0.016456909103997885,0.046598099172115326,0.11533394455909729
1993,JPN,Japan,0.12972959876060486,0.2600247424710367,2416992971.5278397,111.85,3.6925,106.40000172569111,0.013333342463974107,0.030593499541282654,0.15003052353858948
1994,JPN,Japan,0.0654173418879509,0.1947757137574424,2420732862.7175517,99.74,3.71417,107.10000031789048,0.0065789340305089095,0.021957099437713623,-0.06224455311894417
1995,JPN,Japan,-0.1368192583322525,-0.16275749125798755,2442375946.5269537,102.83,2.53167,107.0000010596349,-0.0009336998875701941,0.012134600430727005,0.15774154663085938
1996,JPN,Japan,0.16980524361133575,0.036992010349600424,2490740561.6995244,116.0,2.225,107.10000031789048,0.0009345724978062631,0.004698200151324272,0.07175596803426743
1997,JPN,Japan,-0.1279274821281433,-0.22154357773654954,2556041523.667114,129.95,1.6875,109.00000136238772,0.017740439205020886,0.004840400069952011,0.10779929161071777
1998,JPN,Japan,-0.14892786741256714,-0.043280072407120285,2596889972.2386165,115.6,1.09667,109.69999995458708,0.0064220053527532794,0.003714800113812089,0.024724364280700684
1999,JPN,Japan,0.2051677256822586,0.36318384627073463,2544424249.1536927,102.2,1.77083,109.40000217982036,-0.002734710801193363,0.0005855999770574272,0.04510399326682091
2000,JPN,Japan,0.12054871767759323,-0.0033065365826803195,2538785062.273195,114.9,1.7475,108.60000054495511,-0.007312629057815712,0.0010837999871000648,0.014768584631383419
2001,JPN,Japan,-0.21789491176605225,-0.3181800103332276,2595530472.861538,131.8,1.32958,107.79667639088315,-0.0073970916210025495,0.0005796999903395772,0.05541997775435448
2002,JPN,Japan,-0.16842016577720642,-0.08588638740146626,2602914312.573658,119.9,1.25,106.80046676461929,-0.009241561610410787,0.00010940000356640667,0.06775378435850143
2003,JPN,Japan,-0.04552192613482475,0.06855201733365579,2609476503.338505,107.1,1.01167,106.52428983852634,-0.002585914972652814,1.359999987471383e-05,-0.027012040838599205
2004,JPN,Japan,0.2529008090496063,0.28875986024983513,2653248940.167657,104.12,1.49917,106.51333043669726,-0.00010288171689010195,8.508330211043358e-06,0.017643442377448082
2005,JPN,Japan,0.15390020608901978,0.018429172314899933,2715474203.1493316,117.97,1.35958,106.21194688639743,-0.002829538322237979,1.238329969055485e-05,0.019996384158730507
2006,JPN,Japan,0.2716871201992035,0.2612100005876421,2751613768.8131638,118.95,1.73125,106.4793562910271,0.0025176961016983856,0.0012452700175344944,0.004491496831178665
2007,JPN,Japan,0.02686212584376335,0.07144956025540061,2797445823.0771947,114.0,1.65292,106.54620864218451,0.0006278433067785638,0.00472651980817318,0.03880532830953598
2008,JPN,Japan,-0.27346742153167725,-0.087330975808388,2855781890.896269,90.75,1.44917,108.02134412837941,0.01384503029243267,0.004614170175045729,0.054805245250463486
2009,JPN,Japan,-0.24992184340953827,-0.26059534313942645,2822627243.2983003,92.06,1.3425,106.56374368511106,-0.013493633642773784,0.001052499981597066,0.009677507914602757
2010,JPN,Japan,0.03775440528988838,0.17293640946577193,2665417379.8886876,81.45,1.15083,105.79439367670928,-0.007219622563891637,0.0009350000182166696,0.0391831174492836
2011,JPN,Japan,-0.04824220389127731,-0.002564687428519452,2789907163.4502225,77.72,1.11833,105.50616140860433,-0.0027244569214672776,0.000777499983087182,0.034295596182346344
2012,JPN,Japan,-0.043643102049827576,-0.14121250018847598,2786697406.1011515,86.55,0.839167,105.44698063872727,-0.0005609224057339102,0.0008258330053649843,0.03614780306816101
2013,JPN,Japan,0.7216812968254089,0.4151141143422521,2825008673.987643,105.3,0.7,105.80864089908711,0.003429782988276564,0.000750000006519258,0.016943883150815964
2014,JPN,Japan,0.10385403782129288,-0.03650671267753536,2881657272.217251,120.64,0.52625,108.73041742672126,0.027613779959811957,0.0006791666382923722,0.053687285631895065
2015,JPN,Japan,0.11165733635425568,0.1129488884462857,2890194738.202884,120.5,0.346666666666667,109.59182641048737,0.007922428738459164,0.0007283333106897771,0.017814068123698235
2016,JPN,Japan,0.005200000014156103,0.03704280823378259,2935300765.6255345,116.8,-0.066,109.4668892296358,-0.0011400228004559976,-0.00058,0.1626727283000946
2017,JPN,Japan,0.21940000355243683,0.2615227671826803,2957414065.7793508,112.9,0.05166667,109.99914857360977,0.004862286191922527,-0.00062,-0.0008904983988031745
2018,JPN,Japan,-0.1517000049352646,-0.13585609092476192,3006961745.1613255,110.83,0.065,111.08710006286479,0.009890544639324927,-0.00055,0.03348882868885994
2019,JPN,Japan,0.18479999899864197,0.20336678783925466,3023758210.4280214,109.12,-0.1104167,111.60708508234462,0.00468087671012718,-0.00068,0.046603456139564514
2020,JPN,Japan,0.07829999923706055,0.1354250305582172,3024215110.437226,103.63,-0.005416667,111.57695719494987,-0.0002699460107978835,-0.00033,0.004444560967385769
1870,NLD,Netherlands,,,,2.125267,4.673,6.861802,,0.03750000149011612,0.017562780529260635
1871,NLD,Netherlands,,,9946362.423412997,2.1806296,4.386,7.531862,0.09765073372854549,0.02500000037252903,0.042435601353645325
1872,NLD,Netherlands,,,9956657.120294629,2.2078903,4.505,8.402618,0.11560965933789014,0.05000000074505806,0.0937749445438385
1873,NLD,Netherlands,,,10138296.952348951,2.1661241999999996,4.31,8.577742,0.020841599606217898,0.04690000042319298,0.06298181414604187
1874,NLD,Netherlands,,,10368724.862647822,2.191491,3.937,8.558529,-0.0022398668554032275,0.03500000014901161,0.101692333817482
1875,NLD,Netherlands,,,10189789.287505837,2.1230063,3.968,7.622025,-0.10942347686150278,0.03189999982714653,0.08420655131340027
1876,NLD,Netherlands,,,10895610.470152393,2.2255236,4.0,7.456004,-0.021781744352714627,0.027499999850988388,0.042412564158439636
1877,NLD,Netherlands,,,11049359.580935517,2.383503,3.953,7.757039,0.04037484421950421,0.027499999850988388,0.05770277604460716
1878,NLD,Netherlands,,,11329327.392528616,2.472814,4.0,7.388066,-0.04756621695469099,0.03310000151395798,0.02897341176867485
1879,NLD,Netherlands,,,11154745.136903038,2.48642,3.817,7.003095,-0.05210714143593198,0.029999999329447746,0.05754128471016884
1880,NLD,Netherlands,,,11037280.038646705,2.4941375999999997,3.84,7.132564,0.018487397357882518,0.02500000037252903,0.05185486003756523
1881,NLD,Netherlands,,,11835420.917289192,2.5046999999999997,3.72,7.268859,0.019108836597890866,0.030700000002980232,0.054215043783187866
1882,NLD,Netherlands,,,12011582.127304422,2.4843353,3.75,7.254517,-0.0019730744536384792,0.04259999841451645,0.05114086717367172
1883,NLD,Netherlands,,,12328761.79226745,2.4935766,3.84,6.723037,-0.07326194149107379,0.038100000470876694,0.013577977195382118
1884,NLD,Netherlands,,,13250732.47344756,2.4926,3.75,6.390245,-0.04950024817653087,0.02800000086426735,0.054099954664707184
1885,NLD,Netherlands,,,13482919.815572042,2.4848012,3.6,6.022478,-0.05755131454271312,0.02370000071823597,0.0510135255753994
1886,NLD,Netherlands,,,13780990.224048896,2.4825932999999996,3.36,5.768768,-0.042127177550503436,0.019200000911951065,0.12844549119472504
1887,NLD,Netherlands,,,13992840.659813954,2.4901001999999997,3.38,5.929934,0.027937680974516654,0.021299999207258224,0.030958786606788635
1888,NLD,Netherlands,,,14346477.048494112,2.4855671,3.25,5.933093,0.0005327209375349806,0.021299999207258224,0.06743460893630981
1889,NLD,Netherlands,,,14545203.02763388,2.481232,2.99,6.088611,0.026211960608067297,0.021800000220537186,0.07734452188014984
1890,NLD,Netherlands,,,15053608.350738954,2.4854731,3.19,6.198106,0.017983576221243247,0.02590000070631504,0.05091746896505356
1891,NLD,Netherlands,,,14449459.089192377,2.4821819,3.15,6.316848,0.01915778787907141,0.027499999850988388,0.005663428921252489
1892,NLD,Netherlands,,,14481735.565465324,2.4792263999999995,3.01,5.809324,-0.08034450092831114,0.019999999552965164,0.04447954520583153
1893,NLD,Netherlands,,,14909070.675263675,2.483648,2.96,5.71468,-0.016291740656916298,0.02879999950528145,0.07463332265615463
1894,NLD,Netherlands,,,14751370.760528233,2.47435,2.66,5.673238,-0.0072518496223762385,0.017500000074505806,0.10913662612438202
1895,NLD,Netherlands,,,15615108.646560576,2.4768876,2.69,5.380884,-0.051532123277747144,0.015399999916553497,0.07685663551092148
1896,NLD,Netherlands,,,15707061.942792084,2.4851565,2.8,5.437947,0.010604763083537971,0.024399999529123306,-0.006346721202135086
1897,NLD,Netherlands,,,16360496.039317781,2.48262,2.84,5.391495,-0.008542194324439034,0.02319999970495701,-0.0044020782224833965
1898,NLD,Netherlands,,,16781817.763082437,2.4894221,2.88,5.451661,0.011159427950874434,0.024900000542402267,0.004162004217505455
1899,NLD,Netherlands,,,17045414.17321302,2.4891992,3.14,5.460253,0.001576033432746593,0.03240000084042549,-0.0011003335239365697
1900,NLD,Netherlands,0.06770267337560654,0.0692039922711718,17290996.41818176,2.485704,3.29,5.817804,0.06548249687331342,0.03440000116825104,-0.006991000380367041
1901,NLD,Netherlands,0.008843154646456242,0.011311602117421105,17117519.71252264,2.4796367999999998,3.24,5.716451,-0.0174211781627569,0.029999999329447746,0.06149692460894585
1902,NLD,Netherlands,0.024988284334540367,0.021024769145395084,17962536.53306589,2.4892625,3.07,5.763882,0.00829728095281479,0.024700000882148743,0.027941059321165085
1903,NLD,Netherlands,0.02581818401813507,0.027286731362399896,18738700.465448454,2.485704,3.11,5.912365,0.025760936813071567,0.03189999982714653,0.003249569796025753
1904,NLD,Netherlands,0.14784686267375946,0.15124989203958528,18742944.525556393,2.4783563999999996,3.12,6.134073,0.037499038033003584,0.027699999511241913,0.03914450854063034
1905,NLD,Netherlands,0.12083153426647186,0.11788827534926805,19013672.26342843,2.4848816,3.16,5.952556,-0.029591594361527696,0.023900000378489494,0.0037340617273002863
1906,NLD,Netherlands,0.08097179234027863,0.07603452881683426,19970994.63610514,2.4962832,3.17,6.321865,0.062042087466291695,0.037700001150369644,0.01877283863723278
1907,NLD,Netherlands,-0.03362658619880676,-0.030216178173673947,20388242.311929338,2.4875046000000003,3.31,6.460879,0.021989397116199072,0.04859999939799309,0.0025945717934519053
1908,NLD,Netherlands,0.11794853955507278,0.12032208669508293,20032598.27676805,2.4822345,3.31,6.32345,-0.021270944712012074,0.03009999915957451,0.03700454533100128
1909,NLD,Netherlands,0.13124535977840424,0.13196209497190314,20429358.77889388,2.4806628,3.27,6.337075,0.0021546782215402516,0.02070000022649765,0.031684760004282
1910,NLD,Netherlands,-0.01444324105978012,-0.015220215259858061,21520892.508968897,2.48262,3.25,6.51565,0.028179404536004427,0.036400001496076584,0.024310577660799026
1911,NLD,Netherlands,0.15398892760276794,0.1527596553373629,22402613.373465687,2.4852673999999997,3.52,6.698619,0.028081465394856897,0.031700000166893005,-0.050078440457582474
1912,NLD,Netherlands,0.04107831418514252,0.04243664964885263,23114420.189591385,2.482029,3.71,6.770419,0.010718627227492838,0.03909999877214432,-0.004241136834025383
1913,NLD,Netherlands,0.010376780293881893,0.0061321843996160474,23774784.636471037,2.4925,3.5,7.037938,0.03951291640886612,0.04879999905824661,0.024145744740962982
1914,NLD,Netherlands,0.005688557401299477,0.01806462891834082,24955000.0,2.4622,3.704,7.037938,0.0,0.029999999329447746,0.028237110003829002
1915,NLD,Netherlands,0.06257780641317368,0.05939385930940899,24281215.0,2.4696,3.799,8.093629,0.15000004262612143,0.02759999968111515,-0.059014588594436646
1916,NLD,Netherlands,0.21933425962924957,0.25915445853246677,25104730.0,2.3915,3.788,9.008561,0.11304348148401666,0.018400000408291817,0.1038646325469017
1917,NLD,Netherlands,0.15254339575767517,0.15689717983398976,25778515.0,2.3825,3.906,9.571596,0.06249999306215481,0.026799999177455902,-0.028616011142730713
1918,NLD,Netherlands,-0.03686181828379631,0.07954305510860693,24131485.0,2.1256,4.237,11.40146,0.19117647673386973,0.029899999499320984,-0.022243216633796692
1919,NLD,Netherlands,0.16226699948310852,-0.03287737948667235,22634185.0,2.5545,6.29,12.38677,0.08641963397670116,0.03869999945163727,-0.05345171317458153
1920,NLD,Netherlands,-0.24908199906349182,-0.339774202040232,28049420.0,2.9054,6.86,13.6536,0.10227282818684769,0.0364999994635582,-0.022281236946582794
1921,NLD,Netherlands,-0.15922383964061737,-0.1780649204885093,28897889.999999996,2.972,5.88,11.89412,-0.1288656471553291,0.039900001138448715,0.10385835915803909
1922,NLD,Netherlands,-0.22420945763587952,-0.11239240379343785,30669695.000000004,2.5976,5.81,10.48653,-0.11834334948697334,0.03550000116229057,0.12488560378551483
1923,NLD,Netherlands,0.06275292485952377,0.07941622585145591,32341680.0,2.5575,6.03,10.13463,-0.033557334981161646,0.026200000196695328,0.02584945410490036
1924,NLD,Netherlands,0.0184926874935627,-0.004701750691686879,33140240.000000004,2.6171,5.6,10.20501,0.006944506114184845,0.04190000146627426,0.08792297542095184
1925,NLD,Netherlands,0.1488078087568283,0.20744775754919487,35560875.0,2.49,4.54,10.13463,-0.006896612546190561,0.03099999949336052,0.13927191495895386
1926,NLD,Netherlands,0.13335184752941132,0.13157949410490977,37058175.0,2.4939,4.01,9.712355,-0.041666543327186,0.0284000001847744,0.05402461439371109
1927,NLD,Netherlands,0.1511128544807434,0.1513436864480333,40027820.0,2.4934,4.02,9.712355,0.0,0.03669999912381172,0.032375022768974304
1928,NLD,Netherlands,0.08459398150444031,0.08777870298184753,41699805.0,2.4861,3.9,9.782734,0.007246337268355552,0.04230000078678131,0.06670661270618439
1929,NLD,Netherlands,0.050753623247146606,0.04914999909824935,43920800.0,2.4899,4.01,9.712355,-0.007194205627997108,0.04820000007748604,0.011618012562394142
1930,NLD,Netherlands,-0.20957300066947937,-0.2083329904935386,44270170.0,2.486,3.7,9.360457,-0.0362319952266984,0.020800000056624413,0.10260695219039917
1931,NLD,Netherlands,-0.24899999797344208,-0.24890935952125226,44170350.0,2.4857,4.56,8.797422,-0.06015037513659871,0.014700000174343586,-0.09810959547758102
1932,NLD,Netherlands,-0.3043571412563324,-0.3032359052346639,41475210.0,2.4817,3.55,8.164008,-0.07199995635084899,0.008100000210106373,0.23947642743587494
1933,NLD,Netherlands,0.17043477296829224,0.5022849630594317,40901245.0,1.9335,3.54,8.093629,-0.008620643193882338,0.010999999940395355,0.0028801264706999063
1934,NLD,Netherlands,0.10269230604171753,0.4365983247299108,40826379.99999999,1.4841,3.23,8.093629,0.0,0.008899999782443047,0.12409166991710663
1935,NLD,Netherlands,0.05199999734759331,0.057200159848024956,40077730.0,1.4768,3.39,7.812111,-0.03478266671229924,0.03180000185966492,-0.019990919157862663
1936,NLD,Netherlands,0.23799999058246613,0.1788499491212754,41575030.0,1.5509,3.08,7.460215,-0.045044930877198186,0.01640000008046627,0.11624212563037872
1937,NLD,Netherlands,0.6067575812339783,0.3716740973940533,44195305.00000001,1.8167,3.07,7.882491,0.05660373058953394,0.0019000000320374966,0.033293209969997406
1938,NLD,Netherlands,-0.04592307657003403,-0.04655286495669786,46715760.0,1.8179,2.97,8.02325,0.017857172307586655,0.001500000013038516,0.03386714309453964
1939,NLD,Netherlands,-0.027499999850988388,-0.05706557668628287,45592785.00000001,1.8749,3.59,8.093629,0.00877188171875476,0.010999999940395355,-0.18498408794403076
1940,NLD,Netherlands,1.3007243871688843,1.2916794100318447,48687205.0,1.8823,3.4,9.290078,0.14782602464234507,0.019600000232458115,0.10837271809577942
1941,NLD,Netherlands,-0.2770136594772339,-0.27612915491170065,42897644.99999999,1.88,3.25,10.62729,0.14393980330412748,0.019999999552965164,0.12655310332775116
1942,NLD,Netherlands,0.107944056391716,0.1084188895587408,40626740.0,1.8791946308724834,3.1,11.40146,0.07284735807529485,0.017500000074505806,0.07886311411857605
1943,NLD,Netherlands,0.2109404057264328,0.2109404057264328,37133040.0,1.8791946308724834,3.01,11.75336,0.03086446823477007,0.011699999682605267,0.06776490062475204
1944,NLD,Netherlands,0.06342857331037521,0.06342857331037521,36234660.0,1.8791946308724834,2.93,12.10525,0.029939523676633772,0.009700000286102295,0.01251564733684063
1945,NLD,Netherlands,-0.0835932195186615,-0.3501484144997472,24306169.999999996,2.65,,13.93512,0.1511633382210198,0.017100000753998756,0.10435054451227188
1946,NLD,Netherlands,-0.1048627495765686,-0.6350594286735242,24880135.0,6.5,3.01,15.20195,0.09090915614648454,0.012000000104308128,0.02176697552204132
1947,NLD,Netherlands,0.2147907018661499,0.34976744651794434,41999265.0,5.85,3.09,15.76498,0.03703669595019066,0.013500000350177288,0.0281110480427742
1948,NLD,Netherlands,0.13199999928474426,0.29847058741485366,48613000.0,5.1,3.27,16.32802,0.03571460287295003,0.013000000268220901,0.02611243911087513
1949,NLD,Netherlands,-0.028246913105249405,0.19420258871403062,53803999.99999999,4.15,3.27,17.31333,0.060344732551773195,0.01269999984651804,0.03558775410056114
1950,NLD,Netherlands,0.025154361501336098,0.035131532902809015,58546000.00000001,4.11,3.28,18.87153,0.09000001732768914,0.028218740597367287,0.007388468831777573
1951,NLD,Netherlands,0.03892810270190239,0.00945496503660026,60642017.988383286,4.23,3.88,21.12226,0.11926589947926858,0.029117299243807793,-0.07683178037405014
1952,NLD,Netherlands,-0.04733774811029434,0.02278206230798352,61913993.96803156,3.94,3.95,21.12226,0.0,0.029804479330778122,0.11061902344226837
1953,NLD,Netherlands,0.22624242305755615,0.26476312744679875,63162012.16761183,3.82,3.43,21.12226,0.0,0.030113309621810913,0.08535558730363846
1954,NLD,Netherlands,0.7294193506240845,0.7570164679212774,68651973.82986899,3.76,3.31,21.96715,0.039999981062632584,0.029743710532784462,0.050397977232933044
1955,NLD,Netherlands,0.22892306745052338,0.206462332536284,73319000.0,3.83,3.26,22.3896,0.019230988089032897,0.029681449756026268,-0.0061354548670351505
1956,NLD,Netherlands,0.11082352697849274,0.11082352726852496,78758985.34831038,3.829999999,3.84,22.81204,0.01886768856969301,0.030939320102334023,-0.07411324977874756
1957,NLD,Netherlands,-0.07762962579727173,-0.06814071928094478,81653992.50148149,3.790999999,4.58,24.20259,0.060956845595571574,0.03480437025427818,-0.1103704646229744
1958,NLD,Netherlands,0.4030638039112091,0.409010564406183,83949977.15932776,3.774999999,4.31,24.73065,0.021818326055186743,0.03703587129712105,0.054349418729543686
1959,NLD,Netherlands,0.32759055495262146,0.32935128513207057,83701037.41035812,3.769999999,4.12,24.99467,0.010675821298671728,0.037385229021310806,0.01659231074154377
1960,NLD,Netherlands,0.07463374733924866,0.07463374733924866,87793007.73667546,3.769999999,4.21,25.57554,0.023239754715705496,0.037385229021310806,0.07465800642967224
1961,NLD,Netherlands,0.05401207506656647,0.10378486751409133,95180000.0,3.599999999,3.91,25.90997,0.013076165742736956,0.037385229021310806,0.05962354689836502
1962,NLD,Netherlands,-0.05241766944527626,-0.05241766944527626,95454975.39547543,3.599999999,4.21,26.50229,0.022860698024737003,0.037385229021310806,0.01262657716870308
1963,NLD,Netherlands,0.13271749019622803,0.13271749019622803,101993008.63930942,3.599999999,4.23,27.38831,0.03343182796656441,0.037385229021310806,-0.033540476113557816
1964,NLD,Netherlands,0.17242947220802307,0.17504067370587273,105686035.32886522,3.591999999,4.92,28.97433,0.057908647886634856,0.04026101157069206,0.000939985562581569
1965,NLD,Netherlands,-0.0708138719201088,-0.07570297090609801,114446000.00000001,3.610999999,5.5,30.65336,0.05794888095773065,0.047325000166893005,-0.052885670214891434
1966,NLD,Netherlands,-0.14301848411560059,-0.14372986888271855,120434999.99999999,3.613999999,6.59,32.4303,0.05796884909191036,0.06424999982118607,0.007319710683077574
1967,NLD,Netherlands,0.3305763304233551,0.337236612390619,123753999.99999999,3.595999999,6.18,33.56108,0.03486800923827382,0.056716665625572205,0.037672009319067
1968,NLD,Netherlands,0.3461647033691406,0.3424315788440646,130266979.31748182,3.605999999,6.49,34.79465,0.036755968520679305,0.051908332854509354,-0.014909213408827782
1969,NLD,Netherlands,-0.030795181170105934,-0.03560911239078812,138627000.0,3.623999999,7.51,37.37928,0.07428239686273619,0.0775500014424324,-0.02966146729886532
1970,NLD,Netherlands,-0.044182926416397095,-0.03700831952344963,147552000.0,3.596999999,8.22,38.75482,0.03679953171917716,0.07954999804496765,0.13090357184410095
1971,NLD,Netherlands,-0.05352688208222389,0.04492305492424742,155954940.16613293,3.258099999,7.35,41.65274,0.07477573112196101,0.048500001430511475,0.0712258592247963
1972,NLD,Netherlands,0.3085682690143585,0.32138424834603985,162539049.2774775,3.226499999,6.88,44.89822,0.07791756316631271,0.01926666684448719,0.016836795955896378
1973,NLD,Netherlands,-0.1372591108083725,-0.014468585909160336,167918949.61122665,2.824499999,7.92,48.49615,0.08013524812342232,0.06435833126306534,-0.08628728985786438
1974,NLD,Netherlands,-0.19212745130062103,-0.08963254980894042,175790947.6750364,2.506499999,9.83,53.15632,0.09609360743069306,0.09204166382551193,0.16156280040740967
1975,NLD,Netherlands,0.47473058104515076,0.3748976013724521,182762946.01030502,2.688499999,8.79,58.58503,0.10212727291881762,0.04167500138282776,0.12143894284963608
1976,NLD,Netherlands,0.05432892218232155,0.15366841977472956,182596026.74725592,2.456999999,8.95,63.89136,0.09057484480250322,0.07280833274126053,0.10412230342626572
1977,NLD,Netherlands,0.0930171087384224,0.1778697527434896,191193958.34527057,2.279999999,8.1,68.02776,0.06474114809889797,0.037941668182611465,0.11160175502300262
1978,NLD,Netherlands,0.05775785446166992,0.22482880057881083,196392014.17686826,1.968999999,7.74,70.8033,0.04080010866152284,0.06238333508372307,0.051091283559799194
1979,NLD,Netherlands,0.11091044545173645,0.14793107695171326,201023942.30392528,1.905499999,8.78,73.78444,0.0421045346756439,0.09031666815280914,0.033699311316013336
1980,NLD,Netherlands,0.18620124459266663,0.06142590816931248,205500970.7054924,2.129499999,10.21,78.61105,0.06541501162033625,0.10125000029802322,0.025301935151219368
1981,NLD,Netherlands,-0.005940594244748354,-0.1424551329069096,207978985.29549944,2.468499999,11.5525,83.91608,0.0674845330268452,0.11011666804552078,0.05031965672969818
1982,NLD,Netherlands,0.24103586375713348,0.16726882438968071,206925014.5250799,2.624499999,10.0975,88.8353,0.058620707735633104,0.08061666786670685,0.36074990034103394
1983,NLD,Netherlands,0.6051364541053772,0.374671438593277,204516985.7085067,3.064499999,8.61083,91.34314,0.028230219293456482,0.052841667085886,0.02593427337706089
1984,NLD,Netherlands,0.281000018119812,0.10596550337995891,208013985.51674685,3.5495,8.32833,94.33325,0.032734915834949474,0.0578249990940094,0.16299772262573242
1985,NLD,Netherlands,0.33099138736724854,0.7043123849799282,214853970.20060024,2.771999999,7.34417,96.43115,0.02223924226081464,0.06304166465997696,0.09610182046890259
1986,NLD,Netherlands,0.09501466900110245,0.384753951357683,221470000.0,2.192,6.31333,96.52761,0.0010002991771849157,0.056816671043634415,0.07744600623846054
1987,NLD,Netherlands,-0.17889662086963654,0.012578681886783016,227570078.08535278,1.7775,6.4025,95.84438,-0.00707807848966735,0.05359166860580444,0.07333189994096756
1988,NLD,Netherlands,0.35225048661231995,0.20211314826376525,230788031.47407094,1.9995,6.41583,96.55976,0.0074639744135232,0.0481666699051857,0.06234928220510483
1989,NLD,Netherlands,0.2749638259410858,0.3308745340481343,236824016.043531,1.9155,7.21667,97.60469,0.010821588620352873,0.07388333231210709,-0.02321000024676323
1990,NLD,Netherlands,-0.13129019737243652,-0.015376552110592967,247906050.08570668,1.69,8.92083,100.0,0.024540931383522535,0.08682499825954437,-0.0006859201821498573
1991,NLD,Netherlands,0.1872822344303131,0.1731214781263033,258094000.0,1.7104,8.73917,103.1333,0.031333000000000055,0.09281667321920395,0.1239704117178917
1992,NLD,Netherlands,0.07923697680234909,0.01754419553648523,264380587.00592697,1.8141,8.10083,106.4167,0.03183646794973116,0.0935249999165535,0.17519345879554749
1993,NLD,Netherlands,0.47246772050857544,0.37627064339976646,268882501.9215945,1.9409,6.36,109.1667,0.02584180866348995,0.06854166835546494,0.18929064273834229
1994,NLD,Netherlands,0.0228531863540411,0.14417367840156659,272255397.4506298,1.7351,6.8625,112.225,0.028014953277876842,0.05176667124032974,-0.08344201743602753
1995,NLD,Netherlands,0.1981493979692459,0.29575481202719933,280308365.3357514,1.6044,6.89917,114.3833,0.01923190020049015,0.04372499883174896,0.21404531598091125
1996,NLD,Netherlands,0.4032770097255707,0.2912466359277963,289033179.15754724,1.7436,6.15,116.7583,0.020763520548891412,0.029975000768899918,0.08544904738664627
1997,NLD,Netherlands,0.4489929974079132,0.25246093113247947,298877240.50001323,2.0172,5.57583,118.92444872588332,0.018552417480241834,0.0333416685461998,0.08732344955205917
1998,NLD,Netherlands,0.2228810042142868,0.30601205087942573,311662593.5412423,1.8888,4.63,121.04649418874945,0.017843643469454884,0.03454999998211861,0.16239365935325623
1999,NLD,Netherlands,0.30649200081825256,0.12494544235166383,323889665.0596962,2.193619350985467,4.62917,123.51118807967228,0.02036154708520188,0.029634999111294746,-0.0741998553276062
2000,NLD,Netherlands,-0.02127999998629093,-0.09347107305120828,339061639.6810006,2.3683073616335304,5.40417,126.41182576272665,0.023484817271640868,0.04391767084598541,0.09303924441337585
2001,NLD,Netherlands,-0.19217999279499054,-0.23489331289653437,352330256.6661159,2.5005219562010668,4.9575,132.87465007409344,0.05112515599210976,0.042617831379175186,0.048151370137929916
2002,NLD,Netherlands,-0.328249990940094,-0.20065331385325835,358961707.1157184,2.1013731286354536,4.88917,137.9923248634356,0.03851505751088302,0.0331859216094017,0.1222471073269844
2003,NLD,Netherlands,0.09192100167274475,0.31505313732495144,359389574.2215206,1.7448218527315915,4.1225,141.06598303986522,0.0222741241548865,0.023334670811891556,0.046264663338661194
2004,NLD,Netherlands,0.09735053032636642,0.18345301453487228,361249726.4570815,1.6178768078702004,4.09417,143.01670428870295,0.01382843125465949,0.02106332965195179,0.10227183252573013
2005,NLD,Netherlands,0.3031788468360901,0.12866902988953477,370355027.37833935,1.8680257692633722,3.37417,145.14892742764997,0.014908909763734712,0.02184683084487915,0.06985080987215042
2006,NLD,Netherlands,0.2013731151819229,0.3411955520001635,379238396.70954454,1.6732801822323462,3.78083,147.547466424047,0.01652467599247398,0.030792249366641045,-0.007734417915344238
2007,NLD,Netherlands,0.08164761960506439,0.2090307219594656,393601853.57211804,1.4969839005502334,4.28667,149.88833192265227,0.01586516905602231,0.04277608171105385,0.012221183627843857
2008,NLD,Netherlands,-0.49461978673934937,-0.5222215591367112,410228026.95406216,1.5834662642810944,4.2275,153.20625432502325,0.022135961884499178,0.04634232819080353,0.12287068367004395
2009,NLD,Netherlands,0.4453493356704712,0.4961344060982116,418002210.1934269,1.529716784673052,3.68667,154.69558759152721,0.009721099657879373,0.012283580377697945,0.04506802558898926
2010,NLD,Netherlands,0.09255631268024445,0.013378970570138593,402687974.10057527,1.6492366412213741,2.99167,156.1340324776267,0.0092985514874393,0.008109582588076591,0.06842563301324844
2011,NLD,Netherlands,-0.09284577518701553,-0.121563499861158,408716574.59871435,1.7031532575933226,2.98917,159.98967543293818,0.0246944429355207,0.013906000182032585,0.12897846102714539
2012,NLD,Netherlands,0.1257728934288025,0.14795946795730885,415130034.54560673,1.670236471123238,1.93275,164.50008221612043,0.028191861574673016,0.005731834098696709,0.11316732317209244
2013,NLD,Netherlands,0.18546512722969055,0.23910486354590454,410835232.4796485,1.5979334348488146,1.96133333333333,168.70346243752908,0.02555245058106559,0.0022066670935600996,-0.029589669778943062
2014,NLD,Netherlands,0.09625290334224701,-0.0349063520065096,410332665.2419649,1.8150976031628363,1.45425,169.24457554916322,0.0032074807701976127,0.0020993330981582403,0.1813245415687561
2015,NLD,Netherlands,0.08113215118646622,-0.03053408039147887,416158313.91803044,2.024166437034996,0.690166666666667,169.6160607261158,0.0021949606109807895,-0.00019366669584996998,-0.0014926785370334983
2016,NLD,Netherlands,0.07750000059604645,0.04325594803737731,424322196.0285508,2.090608101698131,0.292083333333333,169.8026514542655,0.0011000770053903874,-0.002637,0.09969667345285416
2017,NLD,Netherlands,0.1632000058889389,0.3234282962362238,433612064.55589247,1.8374968731760204,0.5220833,172.0078146051256,0.012986623777509365,-0.003291,0.0016875044675543904
2018,NLD,Netherlands,-0.09260000288486481,-0.1336838183133241,446250256.5819487,1.9246375545851526,0.5766667,174.75592265124388,0.015976646482179113,-0.003221,0.021764283999800682
2019,NLD,Netherlands,0.33379998803138733,0.3086383463357736,456770396.64599854,1.9616432259213097,-0.07,179.42092087767927,0.02669436409171211,-0.003563,0.0654316172003746
2020,NLD,Netherlands,0.16329999268054962,0.2706831235697902,465700249.5199656,1.7958683073914103,-0.3766667,181.42432557055935,0.011165948112850765,-0.004252000000000001,0.03807523101568222
1870,NOR,Norway,,,,3.2100666666666666,5.39,2.5387738437292033,,0.03999999910593033,0.03549620509147644
1871,NOR,Norway,,,2359842.9000000004,3.2762266666666666,4.99,2.564182239398749,0.010008136696501913,0.03500000014901161,0.16785824298858643
1872,NOR,Norway,,,2401277.05,3.3188466666666665,4.63,2.722436778324087,0.061717352415031845,0.029999999329447746,0.059397608041763306
1873,NOR,Norway,,,2557666.8,3.2574199999999998,4.71,2.8348204364014866,0.04128053917438712,0.0333000011742115,0.03100649267435074
1874,NOR,Norway,,,2618004.8699999996,3.36405,4.59,2.981607255114828,0.0517799352750794,0.03999999910593033,0.06674458086490631
1875,NOR,Norway,,,2716846.25,3.2395808333333336,4.62,2.924268654054925,-0.01923076923077005,0.0471000000834465,0.03855685144662857
1876,NOR,Norway,,,2796849.66,3.35608,4.74,2.8439946125710778,-0.027450980392152213,0.04919999837875366,0.019283507019281387
1877,NOR,Norway,,,2876011.0500000003,3.5854,4.78,2.8669300529950394,0.008064516129032695,0.0478999987244606,0.041450776159763336
1878,NOR,Norway,,,2897917.0,3.7300799999999996,4.83,2.7293174104512725,-0.04800000000000171,0.05000000074505806,0.0260416679084301
1879,NOR,Norway,,,2796392.1399999997,3.73272,4.6,2.557301607271564,-0.06302521008403594,0.04580000042915344,0.1375979781150818
1880,NOR,Norway,,,2821141.5,3.739968,4.32,2.651336913009798,0.036771300448429356,0.03669999912381172,0.06310679763555527
1881,NOR,Norway,0.0748971477150917,0.06707037631940249,2911679.51,3.7674,4.1,2.655924001094594,0.0017301038062298435,0.03500000014901161,0.0379757322371006
1882,NOR,Norway,0.020856287330389023,0.033283722363572465,2939113.2,3.722089,4.1,2.665098177264185,0.0034542314335086477,0.03959999978542328,0.03780936822295189
1883,NOR,Norway,0.07385364174842834,0.06857720145226898,2933644.8000000003,3.740468,4.11,2.688033617688146,0.008605851979346157,0.03500000014901161,0.057747844606637955
1884,NOR,Norway,0.0482194721698761,0.04405716402289839,2922656.19,3.7553799999999997,4.07,2.584824135780321,-0.03839590443686136,0.03500000014901161,0.07270190119743347
1885,NOR,Norway,0.04606567695736885,0.05002966209857185,2974768.77,3.7412030000000005,3.99,2.474734021745311,-0.042590949423247815,0.03500000014901161,0.05266348272562027
1886,NOR,Norway,0.005631010048091412,0.008829643544248311,3002196.96,3.729341,3.87,2.3761116279222816,-0.039851714550509953,0.03500000014901161,0.05051948502659798
1887,NOR,Norway,-0.008618170395493507,-0.010542249637811918,3018726.92,3.736593,3.77,2.3233601149471745,-0.022200772200771546,0.030799999833106995,0.044257424771785736
1888,NOR,Norway,0.0784548968076706,0.07967974587278293,3057085.4,3.732354,3.58,2.34170846728634,0.007897334649554555,0.029999999329447746,0.04338452219963074
1889,NOR,Norway,0.2034824788570404,0.2048848162671213,3199814.04,3.72801,3.45,2.3761116279222816,0.01469147894221412,0.02539999969303608,0.05418900400400162
1890,NOR,Norway,0.1116640567779541,0.10821101369730024,3323319.04,3.739626,3.45,2.410514788558223,0.01447876447876495,0.029600000008940697,0.03646889701485634
1891,NOR,Norway,0.0033503049053251743,0.005562764232569517,3413851.53,3.731398,3.58,2.525191990678029,0.04757373929591058,0.03880000114440918,0.002751281950622797
1892,NOR,Norway,-0.03715863451361656,-0.03374720148835575,3446819.64,3.718224,3.55,2.4862017419572915,-0.015440508628521421,0.043299999088048935,0.050385117530822754
1893,NOR,Norway,-0.024247007444500923,-0.027219069206732338,3512678.8,3.729584,3.53,2.357763275583116,-0.05166051660516524,0.03999999910593033,0.03148813173174858
1894,NOR,Norway,0.04417264461517334,0.048384641305776244,3605976.0599999996,3.7146,3.41,2.2935440423960283,-0.027237354085602794,0.033799998462200165,0.07716841250658035
1895,NOR,Norway,0.0631561130285263,0.06347390122385232,3627972.04,3.7134899999999997,3.17,2.2935440423960283,0.0,0.028300000354647636,0.03868473693728447
1896,NOR,Norway,0.11728785187005997,0.11225267479513001,3671849.91,3.7303010000000008,3.08,2.3394149232439503,0.020000000000000684,0.029999999329447746,0.04345668852329254
1897,NOR,Norway,0.08386531472206116,0.08347639841276777,3776150.4,3.7316399999999996,3.07,2.2981311304808236,-0.017647058823528572,0.03629999980330467,0.03141774982213974
1898,NOR,Norway,0.040412865579128265,0.031766426031142325,3976430.22,3.762912,3.14,2.362350363667911,0.027944111776446512,0.03290000185370445,0.014922679401934147
1899,NOR,Norway,-0.008733035065233707,-0.009160662148904541,4009399.5,3.7645359999999997,3.44,2.4884952859996807,0.053398058252422054,0.05000000074505806,-0.01121657807379961
1900,NOR,Norway,0.0013829410308972,0.00854354511967692,4132896.72,3.7378080000000002,3.7,2.5939983119499117,0.04239631336406102,0.05380000174045563,0.027005011215806007
1901,NOR,Norway,0.017377113923430443,0.021608067703842826,4185018.7,3.722328,3.56,2.543540343017194,-0.01945181255526285,0.046300001442432404,0.08770422637462616
1902,NOR,Norway,0.014985128305852413,0.012258634276509417,4289303.15,3.732354,3.34,2.566475783441155,0.009017132551848883,0.03579999879002571,0.06878428161144257
1903,NOR,Norway,-0.03758150711655617,-0.03951413431411077,4355169.0,3.7398640000000003,3.31,2.6261079285434477,0.023235031277925033,0.042100001126527786,0.018729155883193016
1904,NOR,Norway,0.007477966137230396,0.011796383564832702,4327729.12,3.723902,3.53,2.614640208331467,-0.004366812227074468,0.03750000149011612,0.012218638323247433
1905,NOR,Norway,0.10825368016958237,0.10473824174914914,4335955.0200000005,3.7357520000000006,3.6,2.6926207057729243,0.029824561403505978,0.0333000011742115,0.034275513142347336
1906,NOR,Norway,0.16172580420970917,0.15256422319263296,4368858.899999999,3.765447,3.55,2.674272353433759,-0.0068143100511063315,0.03669999912381172,0.03870648890733719
1907,NOR,Norway,0.06240817531943321,0.0581650577805517,4549993.95,3.780546,3.69,2.740785130663253,0.024871355060037903,0.03629999980330467,-0.02424251101911068
1908,NOR,Norway,0.037951331585645676,0.04917589230790287,4747596.63,3.7400999999999995,3.76,2.733904498536068,-0.0025104602510449547,0.03790000081062317,0.0683213472366333
1909,NOR,Norway,0.07810041308403015,0.07908368015763156,4898541.84,3.736692,3.63,2.6582175451369996,-0.027684563758389014,0.03500000014901161,0.056047409772872925
1910,NOR,Norway,0.08569956570863724,0.08537540761508855,5005518.57,3.7378080000000002,3.69,2.7545463949176234,0.03623813632441397,0.03500000014901161,0.0051358602941036224
1911,NOR,Norway,0.0939556285738945,0.09162245047676953,5211352.4799999995,3.745797,3.8,2.811115857000527,0.02053676140190608,0.03629999980330467,0.01522624772042036
1912,NOR,Norway,0.009023708291351795,0.010005726498934608,5414471.090000001,3.742155,4.02,2.9851797200549703,0.061919846747323426,0.043800000101327896,-0.011715211905539036
1913,NOR,Norway,0.03615977615118027,0.03609526514167438,5680626.58,3.7423879999999996,4.21,3.098320795854983,0.03790092604472384,0.04500000178813934,0.027203302830457687
1914,NOR,Norway,0.021543974056839943,-0.024772198536926693,5987955.82,3.920124,4.29,3.133132280261626,0.01123559718322742,0.03790000081062317,0.011808497831225395
1915,NOR,Norway,0.18114539980888367,0.2548066204011925,6111476.16,3.69,5.06,3.585696597343195,0.14444468876487337,0.04170000180602074,-0.09621183574199677
1916,NOR,Norway,0.3269088864326477,0.3451356568506785,6380466.54,3.64,5.17,4.273245399217899,0.19174762370696397,0.04039999842643738,0.054292477667331696
1917,NOR,Norway,0.22470133006572723,0.4568342619082508,6627412.48,3.06,5.12,5.3089197755672695,0.24236248555697792,0.04540000110864639,0.025614140555262566
1918,NOR,Norway,-0.052890270948410034,-0.18819166081292293,6023701.81,3.57,5.58,7.458595981906627,0.40491781703551166,0.05000000074505806,0.03087826818227768
1919,NOR,Norway,-0.11855985969305038,-0.3551759629311865,5782144.640000001,4.88,5.78,7.976434245898413,0.06942838373977889,0.04670000076293945,-0.03607730567455292
1920,NOR,Norway,-0.19659313559532166,-0.424284067798116,6772901.88,6.81,6.77,9.294960235930711,0.16530268405463278,0.055799998342990875,-0.07522138208150864
1921,NOR,Norway,-0.26902467012405396,-0.24576636417345565,7217423.1,6.6,6.02,8.587321415204348,-0.07613145218103301,0.054999999701976776,0.08229251950979233
1922,NOR,Norway,0.05757308006286621,0.31697779781413526,6517657.2,5.3,5.05,7.155142558951256,-0.16677829872739336,0.03959999978542328,0.12024885416030884
1923,NOR,Norway,0.12086549401283264,-0.11466659936393253,7217425.6,6.71,5.35,6.763583001402898,-0.0547242146920619,0.043299999088048935,0.004473061766475439
1924,NOR,Norway,0.20681867003440857,0.21770725953847836,7412268.69,6.65,5.85,7.3993695372186945,0.09400143913128911,0.05130000039935112,0.03838120773434639
1925,NOR,Norway,-0.03715341538190842,0.2987687196166957,7409562.4799999995,4.93,5.68,7.5356411120490785,0.01841664673523069,0.03999999910593033,0.09072430431842804
1926,NOR,Norway,-0.04403366893529892,0.18862900684715656,7865100.52,3.965,5.34,6.380872247414962,-0.15324095819633765,0.03830000013113022,0.09469062834978104
1927,NOR,Norway,0.026901686564087868,0.08346598915024162,7983053.01,3.758,5.25,5.771189682102398,-0.09554846761891533,0.030799999833106995,0.0148223377764225
1928,NOR,Norway,0.10436251759529114,0.10671849096616115,8284956.75,3.75,5.26,5.378745244198026,-0.06800061330879847,0.03999999910593033,0.08460476994514465
1929,NOR,Norway,0.08305645734071732,0.08886373057042629,8649931.5,3.73,5.36,5.140712428422862,-0.04425433906391574,0.03920000046491623,0.05670691654086113
1930,NOR,Norway,-0.05877809599041939,-0.06129473209739689,9467755.049999999,3.74,5.05,4.9978042509221705,-0.027799294259401863,0.032499998807907104,0.09857284277677536
1931,NOR,Norway,-0.12324565649032593,-0.39645476813433067,10181269.7,5.433,5.01,4.7310128235756626,-0.05338172804532726,0.0333000011742115,-0.01460155937820673
1932,NOR,Norway,0.029523812234401703,-0.059932290442100244,9385451.040000001,5.95,5.02,4.63102134334298,-0.021135322173383875,0.032099999487400055,0.13267989456653595
1933,NOR,Norway,0.22137600183486938,0.8538742884993553,9851963.52,3.92,4.95,4.564212876461854,-0.01442629215629998,0.02669999934732914,0.020800460129976273
1934,NOR,Norway,0.1166360080242157,0.08212933286895563,10098885.9,4.045,4.67,4.5752738809123725,0.0024234199302055615,0.02500000037252903,0.12095054984092712
1935,NOR,Norway,0.3199999928474426,0.3157713087895282,10455669.48,4.058,4.44,4.676150241501103,0.022048157818393754,0.02500000037252903,0.03027871437370777
1936,NOR,Norway,0.3531706929206848,0.34818725064378553,10977131.07,4.073,4.52,4.797821290456807,0.026019490964140912,0.02539999969303608,0.031275659799575806
1937,NOR,Norway,0.12493059039115906,0.14517428009577382,11718017.52,4.001,4.46,5.139385107888798,0.07119144227222152,0.029999999329447746,0.08826276659965515
1938,NOR,Norway,0.01714663952589035,-0.04871348650231688,12239483.76,4.278,4.33,5.30928213624877,0.033057851239671754,0.02500000037252903,0.07006458938121796
1939,NOR,Norway,0.037782493978738785,0.009007615736600805,12513848.56,4.4,4.58,5.376533043307913,0.01266666666666505,0.02630000002682209,-0.12682533264160156
1940,NOR,Norway,0.15718065202236176,0.15891050074759416,13117621.02,4.393432336331311,5.39,6.273801724333958,0.16688610928242342,0.02329999953508377,0.13847941160202026
1941,NOR,Norway,0.21721936762332916,0.21876170947453977,12005241.57,4.387872451646628,3.67,7.353798198882558,0.1721438645980249,0.019999999552965164,0.16395454108715057
1942,NOR,Norway,0.2305046021938324,0.2325603378060892,12296285.3,4.3805541035023525,3.54,7.795353496547248,0.06004452199025345,0.019999999552965164,0.023012449964880943
1943,NOR,Norway,0.06493221968412399,0.06493221968412399,11818449.299999999,4.3805541035023525,3.52,7.986045213274175,0.02446222827629163,0.019999999552965164,0.057219117879867554
1944,NOR,Norway,-0.02272319234907627,-0.02272319234907627,11582785.76,4.3805541035023525,3.45,8.084266932794776,0.012299168975069108,0.019999999552965164,0.021050767973065376
1945,NOR,Norway,-0.10638986527919769,-0.17029256597433917,10977872.4,4.717937169237699,3.42,8.230272191541628,0.018060420315237913,0.019999999552965164,0.07674066722393036
1946,NOR,Norway,-0.026080334559082985,-0.34358688722353625,12301747.26,7.0,2.96,8.435564434143236,0.024943554456508643,0.014999999664723873,0.05255947262048721
1947,NOR,Norway,0.09097979217767715,-0.04539268184453249,13556701.99,8.0,2.5,8.477596251055214,0.00498269170250798,0.014999999664723873,0.01990666799247265
1948,NOR,Norway,0.1096983402967453,-0.040260894878490605,15395382.9,9.25,2.49,8.420079027912509,-0.006784614581703652,0.014999999664723873,0.035461824387311935
1949,NOR,Norway,-0.04050028696656227,-0.03528561461311963,16465591.89,9.2,2.5,8.430570006201124,0.0012459477225614801,0.014999999664723873,0.020034566521644592
1950,NOR,Norway,0.1817142814397812,0.12080117414907066,16904764.8,9.7,2.58,8.8719911203569,0.05235958112335082,0.014999999664723873,-0.009365413337945938
1951,NOR,Norway,0.1237768679857254,0.23870859312062898,17728034.268260002,8.8,2.74,10.277659395564646,0.1584388730938222,0.014999999664723873,0.006240263115614653
1952,NOR,Norway,-0.020789096131920815,0.1061689286314631,18688511.413879998,7.79,2.74,11.20292391276909,0.09002677376171331,0.014999999664723873,0.035147860646247864
1953,NOR,Norway,-0.01151568628847599,-0.01151568628847599,19347144.37376,7.79,2.72,11.428793937415044,0.020161702998670483,0.014999999664723873,0.01682295650243759
1954,NOR,Norway,0.29333731532096863,0.2705041218600688,20115553.248719998,7.93,2.69,11.935568307432838,0.044341894060994536,0.014999999664723873,0.010689872317016125
1955,NOR,Norway,0.08790908753871918,0.12920406599241407,21130878.473,7.64,2.99,12.037611110445468,0.008549471661863262,0.01899999938905239,-0.08263380825519562
1956,NOR,Norway,0.17781993746757507,0.1966149364697174,21597406.52442,7.52,4.31,12.49164425643427,0.037717877893132856,0.021400000900030136,0.04190266504883766
1957,NOR,Norway,-0.11735989898443222,-0.10906663629032631,22750000.99872,7.45,4.57,12.835608760971233,0.02753556677374891,0.02160000056028366,0.014509806409478188
1958,NOR,Norway,-0.03446025028824806,0.006051907183021621,23436106.96762,7.149999999,4.76,13.461624159228519,0.048771773112997074,0.0215000007301569,0.05939178541302681
1959,NOR,Norway,0.13141898810863495,0.13062833892046832,23436112.02369,7.154999999,4.61,13.75628708478186,0.021889106549698,0.0215000007301569,0.05356393754482269
1960,NOR,Norway,0.10148824751377106,0.1026440588964237,24424003.14248,7.147499999,4.58,13.799855922023216,0.003167194532422535,0.021900000050663948,0.04405956342816353
1961,NOR,Norway,0.08807653188705444,0.08998276267198713,25798243.00908,7.134999999,4.64,14.155285910044743,0.02575606513791895,0.022700000554323196,0.02832036465406418
1962,NOR,Norway,-0.1903095245361328,-0.1920081758834974,27415203.668,7.149999999,4.95,14.897102691496144,0.05240563745342652,0.023900000378489494,0.05300138518214226
1963,NOR,Norway,0.10737397521734238,0.10544138538248737,28187212.13076,7.162499999,4.96,15.288075678319835,0.026244901100592744,0.024399999529123306,0.06750953942537308
1964,NOR,Norway,0.029817616567015648,0.030177189757208067,29265185.652599998,7.159999999,4.94,16.149133488010712,0.05632218389080523,0.024900000542402267,0.0382368229329586
1965,NOR,Norway,-0.029921719804406166,-0.028564966964781946,30721938.407050002,7.149999999,4.99,16.835915948736158,0.042527511537094,0.02590000070631504,0.034422725439071655
1966,NOR,Norway,-0.0857221782207489,-0.08636108655192087,32353417.707870003,7.154999999,5.0,17.391991897737572,0.03302914737128737,0.02630000002682209,0.047920819371938705
1967,NOR,Norway,-0.03389856964349747,-0.033222974237559266,33577028.25816,7.149999999,5.0,18.155593097809653,0.04390533324543533,0.027499999850988388,0.05902186781167984
1968,NOR,Norway,0.14181335270404816,0.14181335270404816,35674710.532249995,7.149999999,4.94,18.79651362459685,0.03530154720555623,0.02810000069439411,0.05072949454188347
1969,NOR,Norway,0.21763259172439575,0.21763259172439575,36475870.42960001,7.149999999,5.12,19.374263177498296,0.03073705924621084,0.03480000048875809,-0.04836420714855194
1970,NOR,Norway,0.3628723919391632,0.36478117680209055,38121938.10633,7.139999999,6.29,21.425993343666335,0.10589977783263338,0.03840000182390213,0.0567249096930027
1971,NOR,Norway,-0.18755298852920532,-0.13548857496966638,38879324.8992,6.709999999,6.4,22.76272663374549,0.062388392857141595,0.03819999843835831,0.05064783990383148
1972,NOR,Norway,0.16951382160186768,0.1818430335784429,40874185.6236,6.639999999,6.27,24.405545543019826,0.07217144658051966,0.038100000470876694,0.07403770089149475
1973,NOR,Norway,0.43881869316101074,0.668049955970029,42955876.3876,5.727499999,6.19,26.222928906991566,0.07446600039192841,0.040300000458955765,0.03943103179335594
1974,NOR,Norway,-0.32542476058006287,-0.25770803384334173,44851565.8572,5.204999999,7.1,28.693135505653057,0.09420025533466947,0.04439999908208847,-0.034527488052845
1975,NOR,Norway,-0.11795850098133087,-0.17797206762181572,46731932.3596,5.584999999,7.29,32.04572955340082,0.11684307025585405,0.04670000076293945,0.06705208122730255
1976,NOR,Norway,0.12048246711492538,0.2069227731771066,49174940.016899996,5.184999999,7.25,34.98462975645507,0.09170957391239565,0.04859999939799309,0.07990678399801254
1977,NOR,Norway,-0.21684470772743225,-0.2099114329331263,52058145.36,5.139499999,7.39,38.15548546780574,0.09063568010936596,0.05090000107884407,-0.010584969073534012
1978,NOR,Norway,0.0947144478559494,0.12021600891610817,54279622.8045,5.022499999,8.45,41.26655883165717,0.08153672599648742,0.0632999986410141,0.09266217052936554
1979,NOR,Norway,0.6134979724884033,0.6451062864097876,56172818.3742,4.925999999,8.59,43.23613163680921,0.04772806022393872,0.06870000064373016,-0.04719572141766548
1980,NOR,Norway,-0.04689003899693489,-0.09362554674626189,58690264.24209999,5.179999999,10.2675,47.94722993187474,0.1089620675281393,0.07129999995231628,0.09093526750802994
1981,NOR,Norway,0.20941348373889923,0.07873643489226345,61594807.12,5.807499999,12.3125,54.50023429333523,0.13667117726657518,0.07590000331401825,-0.061702996492385864
1982,NOR,Norway,-0.12114652991294861,-0.276447189201127,62190019.518800005,7.053999999,13.2033,60.68197383123667,0.1134259259259256,0.08060000091791153,0.14721937477588654
1983,NOR,Norway,0.9280383586883545,0.7612102515429082,62319683.5511,7.72218,12.8583,65.7859640269617,0.08411048411048383,0.08380000293254852,0.19336993992328644
1984,NOR,Norway,0.3228360414505005,0.12415296825885624,64551337.06559999,9.087,12.16,69.91673575316301,0.06279107994082689,0.08720000088214874,0.14599138498306274
1985,NOR,Norway,0.3579067587852478,0.6273390988567815,68364146.70650001,7.5825,12.5817,73.87809537540998,0.05665824612053294,0.08980000019073486,0.07075813412666321
1986,NOR,Norway,-0.06622618436813354,-0.04319730310423964,71918651.3543,7.4,13.4717,79.18754280359015,0.07186768149883016,0.094200000166893,0.14048552513122559
1987,NOR,Norway,-0.10823144018650055,0.05881866708702699,74507486.33159998,6.2325,13.56,86.09739393720936,0.08725931995083869,0.10890000313520432,0.15164756774902344
1988,NOR,Norway,0.33755502104759216,0.26884500284309243,76038429.9521,6.57,12.97,91.86461449735067,0.06698484467889165,0.11140000075101852,0.21263550221920013
1989,NOR,Norway,0.5978066325187683,0.5869371996444912,76005857.8839,6.615,10.835,96.04945391630316,0.045554422035626985,0.09300000220537186,0.15526416897773743
1990,NOR,Norway,-0.07799999415874481,0.03242150463646287,76732792.4514,5.9075,10.7183,100.0,0.04113033362104601,0.08950000256299973,0.12392409145832062
1991,NOR,Norway,-0.11708487570285797,-0.12676693507695191,78332882.796,5.973,9.8675,103.42068269473393,0.03420682694733923,0.08699999749660492,0.1519794464111328
1992,NOR,Norway,-0.047744039446115494,-0.17859414363660164,80765646.85408743,6.9245,9.78417,105.84291532999312,0.023421162693432196,0.08649999648332596,0.1383606344461441
1993,NOR,Norway,0.5936322808265686,0.4678247843287544,83611041.48104686,7.518,6.51667,108.2471254010021,0.02271488897970375,0.06419999897480011,0.3273673355579376
1994,NOR,Norway,0.1140637993812561,0.2386175160822661,85941069.72336479,6.762,7.12667,109.76102079803921,0.013985548266791215,0.04039999842643738,-0.10257603973150253
1995,NOR,Norway,0.16798806190490723,0.24987106735258457,90282238.36302759,6.319,6.82333,112.45719640990521,0.024564053725657065,0.04019999876618385,0.19415044784545898
1996,NOR,Norway,0.33442699909210205,0.30884659794536184,94061791.57825467,6.4425,5.94333,113.87376995998994,0.012596557581973977,0.03709999844431877,0.09554737061262131
1997,NOR,Norway,0.3677644729614258,0.20450847042032705,98858632.30834368,7.3157,5.12583,116.81144793281189,0.02579767029627722,0.027699999511241913,0.1126122772693634
1998,NOR,Norway,-0.26890257000923157,-0.29625138571270204,104189827.29804093,7.6,5.35417,119.71786190682019,0.024881242596016984,0.040699999779462814,0.06513593345880508
1999,NOR,Norway,0.47664692997932434,0.3959222175312973,106984891.72943926,8.0395,5.3825,122.51104591931161,0.023331389050912366,0.050599999725818634,-0.004694001283496618
2000,NOR,Norway,0.04273340106010437,-0.05260155079135331,109152136.63483056,8.8485,6.37917,126.29181999336255,0.030860679097793664,0.048900000751018524,0.0742870643734932
2001,NOR,Norway,-0.14612595736980438,-0.16158013380384328,112703530.0,9.0116,6.31,130.10252103897594,0.030173775671406666,0.05810000002384186,0.03836620971560478
2002,NOR,Norway,-0.31086254119873047,-0.10845555741224566,114946312.71168499,6.9657,6.3275,131.77843144647073,0.012881459898788084,0.05559999868273735,0.10205128788948059
2003,NOR,Norway,0.4839857518672943,0.5474550227218582,116673055.7238926,6.68,4.50167,135.0404713467732,0.024753974261922496,0.03709999844431877,0.15575510263442993
2004,NOR,Norway,0.3844534158706665,0.531150466558949,117820430.0,6.04,3.6,135.6689377495839,0.004653911501810937,0.013799999840557575,0.09490718692541122
2005,NOR,Norway,0.4047739803791046,0.2532990903234553,122487330.0,6.77,3.28,137.73389878738996,0.015220588235293375,0.013799999840557575,0.0724172368645668
2006,NOR,Norway,0.32435116171836853,0.43224558543663805,125658477.35844886,6.26,3.93417,140.94606040175506,0.023321503585137737,0.02019999921321869,-0.005389324855059385
2007,NOR,Norway,0.11461077630519867,0.28973446574316886,128739510.0,5.41,4.78083,141.9735530920645,0.007289970981669391,0.034699998795986176,0.011821378022432327
2008,NOR,Norway,-0.540614902973175,-0.6449609464406967,132154845.77618071,7.0,4.34667,147.320505344548,0.03766160764474358,0.049800001084804535,0.12445572018623352
2009,NOR,Norway,0.6478179693222046,0.9956272984870989,132201254.60707596,5.78,3.31583,150.51271564453825,0.02166847237269809,0.024299999698996544,0.018877530470490456
2010,NOR,Norway,0.18347463011741638,0.16731797987690555,131064270.41968282,5.86,2.77083,154.1239035464022,0.02399257688229084,0.020899999886751175,0.08190334588289261
2011,NOR,Norway,-0.1245565339922905,-0.14355614176875164,133270966.33040425,5.99,2.55667,156.12901064108354,0.013009708737864,0.023600000888109207,0.1530110388994217
2012,NOR,Norway,0.1536303460597992,0.24061863068190248,134569649.68067142,5.57,1.57417,157.23630858889268,0.007092198581560627,0.024000000208616257,0.061673354357481
2013,NOR,Norway,0.23592065274715424,0.13224967694106082,138204204.28940833,6.08,1.91916666666667,160.58812940388233,0.021317091739626592,0.022600000724196434,-0.04839929938316345
2014,NOR,Norway,0.0495208241045475,-0.1411727307462115,139628944.83814883,7.43,1.76,163.8401936469973,0.02025096285252803,0.021299999207258224,0.159510999917984
2015,NOR,Norway,0.05940559506416321,-0.10653988974724948,142374930.14794666,8.81,0.9675,167.40150326292397,0.021736483195324396,0.014100000262260437,0.025012098252773285
2016,NOR,Norway,0.18199999630451202,0.20805336049219858,145176204.7158163,8.62,0.84,173.3370192894678,0.035456766581249965,0.0076,-0.0010549057042226195
2017,NOR,Norway,0.1860000044107437,0.2452277756419743,146739435.77936542,8.21,1.06583333,176.54375414632295,0.01849999999999996,0.0072,0.022426709532737732
2018,NOR,Norway,-0.00019999999494757503,-0.0554248561517281,150145153.34670922,8.69,1.43916667,181.42813134443008,0.027666666667000017,0.0073,-0.004146312363445759
2019,NOR,Norway,0.14720000326633453,0.1354405499298914,151835223.57404304,8.78,1.285,185.37419320117144,0.021749999999999936,0.009300000000000001,0.02333327755331993
2020,NOR,Norway,0.03460000082850456,0.0649223924119895,153132745.63287252,8.53,0.55583333,187.7377141644864,0.012750000000000039,0.006,0.0400049053132534
1870,PRT,Portugal,,,,0.8029337734766079,12.59435,0.0441201020724524,,,
1871,PRT,Portugal,0.18433696031570435,0.1539647068784027,4218998.08,0.824066922450782,10.5363,0.04292766688130504,-0.027027027027026973,,0.2805124819278717
1872,PRT,Portugal,0.17882004380226135,0.180720256275557,4061000.76,0.8227406961608978,8.0068,0.04292766688130504,0.0,,0.17994758486747742
1873,PRT,Portugal,0.09936778992414474,0.1207499788470141,4178997.933,0.8070440668217268,7.8846,0.0566406715794997,0.3194444444444444,,0.09969811141490936
1874,PRT,Portugal,0.11990129202604294,0.08706486471398223,4352998.975000001,0.8314220452644336,6.364984,0.04650497245474712,-0.17894736842105263,,0.08109602332115173
1875,PRT,Portugal,0.09372056275606155,0.12795664521237193,4281998.763,0.8061864709908249,5.255684,0.0471011900503208,0.012820512820512775,,0.18708540499210358
1876,PRT,Portugal,0.022962968796491623,-0.018192188465984138,4277000.742,0.8399799798697856,4.9657,0.047697407645894474,0.012658227848101111,,0.0009615389280952513
1877,PRT,Portugal,0.0028789089992642403,-0.06321649168302035,4176998.456,0.89924534144125,5.3822,0.05425580119720497,0.13749999999999996,,0.07141069322824478
1878,PRT,Portugal,-0.03401527926325798,-0.07000399779655353,4371998.046,0.934044079724887,5.610716,0.05365958360163129,-0.01098901098901095,,0.050505053251981735
1879,PRT,Portugal,0.09710760414600372,0.10395436444784467,4374999.578,0.9282511084471038,5.436766,0.05127471321933656,-0.04444444444444451,,0.10204081237316132
1880,PRT,Portugal,0.1431676149368286,0.14122829986725538,4384000.390000001,0.929828506556815,5.73,0.04769740764589448,-0.06976744186046502,0.05770000070333481,0.05098036304116249
1881,PRT,Portugal,0.2178405374288559,0.19910317378125075,4367002.29,0.944358144404678,5.67,0.04888984283704184,0.02499999999999991,0.05040000006556511,0.13932812213897705
1882,PRT,Portugal,0.01651339791715145,0.024972785889948,4513000.179,0.9365640916856558,5.68,0.049486060432615525,0.012195121951219523,0.056299999356269836,0.006404361687600613
1883,PRT,Portugal,0.041455160826444626,0.038269096597455254,4655001.266,0.9394380608333982,5.64,0.0471011900503208,-0.048192771084337394,0.057999998331069946,0.057315994054079056
1884,PRT,Portugal,-0.038838859647512436,-0.03803426908971064,4769997.96,0.9386523124755322,5.97,0.043523884476878716,-0.07594936708860744,0.05900000035762787,0.0009160685585811734
1885,PRT,Portugal,-0.012985043227672577,-0.013595888200400252,4933993.29,0.9392335864578241,6.64,0.04173523169015767,-0.04109589041095896,0.05999999865889549,0.012740037404000759
1886,PRT,Portugal,0.14666065573692322,0.16271035849356252,5063983.65,0.9262686895928548,5.85,0.04292766688130504,0.028571428571428692,0.04500000178813934,0.20932644605636597
1887,PRT,Portugal,0.09663046151399612,0.09238016838536889,5342991.42,0.9298726669997847,5.23,0.04173523169015767,-0.0277777777777779,0.04774999991059303,0.0880332961678505
1888,PRT,Portugal,0.142854705452919,0.14821268024001522,5456996.100000001,0.9255335455192997,4.71,0.04173523169015767,0.0,0.04500000178813934,0.18938808143138885
1889,PRT,Portugal,0.0575861930847168,0.05664181232447407,5522981.52,0.9263607473800938,4.48,0.04531253726359976,0.08571428571428585,0.04500000178813934,0.04522020369768143
1890,PRT,Portugal,-0.13252456486225128,-0.1330295546500394,5424976.1,0.9269003306147287,4.86,0.05127471321933657,0.13157894736842102,0.07000000029802322,-0.07552587240934372
1891,PRT,Portugal,-0.15049532055854797,-0.20779497058074892,5670980.640000001,0.9939423999999999,7.07,0.049486060432615525,-0.03488372093023262,0.07000000029802322,-0.17992033064365387
1892,PRT,Portugal,0.02840721607208252,-0.1314085422264335,5572012.600000001,1.176822,12.33,0.05067849562376289,0.024096385542168752,0.05999999865889549,-0.20550686120986938
1893,PRT,Portugal,0.006866922602057457,0.02913349915786423,5547996.96,1.15136,13.98,0.05187093081491025,0.0235294117647058,0.05999999865889549,0.15507429838180542
1894,PRT,Portugal,0.24692708253860474,0.20953870487522464,5659983.95,1.18695,12.71,0.05306336600605762,0.02298850574712663,0.05000000074505806,0.16121454536914825
1895,PRT,Portugal,0.1481635421514511,0.1689827511948463,5587010.22,1.1658108,11.5,0.050082278028189216,-0.0561797752808989,0.05999999865889549,0.21302425861358643
1896,PRT,Portugal,0.12194059044122696,0.08850508283832226,5826980.249999999,1.2016209,11.38,0.0506784956237629,0.011904761904761862,0.05999999865889549,0.0245803352445364
1897,PRT,Portugal,0.02155468426644802,-0.09194903233606178,5907974.800000001,1.35182,13.47,0.05485201879277867,0.08235294117647074,0.05999999865889549,-0.016730910167098045
1898,PRT,Portugal,0.09915975481271744,0.013288325287849956,6250981.4,1.4663804,14.32,0.05723688917507339,0.04347826086956519,0.05999999865889549,-0.019161514937877655
1899,PRT,Portugal,0.13143211603164673,0.2577307634362329,6469002.260000001,1.3191296000000001,12.07,0.05604445398392603,-0.02083333333333326,0.05000000074505806,0.2981704771518707
1900,PRT,Portugal,0.10583502054214478,0.12263251452506352,6701007.14,1.299392,12.28,0.05425580119720499,-0.03191489361702127,0.05000000074505806,0.16888129711151123
1901,PRT,Portugal,0.09837999194860458,0.08982971608294155,7036980.720000001,1.3095864,11.54,0.053659583601631304,-0.010989010989011061,0.05000000074505806,0.15269798040390015
1902,PRT,Portugal,0.11989510804414749,0.24846019739499048,6913986.04,1.1747266,9.83,0.05187093081491026,-0.033333333333333326,0.05000000074505806,0.07425843924283981
1903,PRT,Portugal,0.09644003212451935,0.1225005272906261,6953975.56,1.1474536000000002,8.3,0.053659583601631304,0.034482758620689724,0.05000000074505806,0.06735274940729141
1904,PRT,Portugal,0.09825378656387329,0.13344219387668033,7054025.46,1.1118302,4.82,0.05723688917507339,0.06666666666666665,0.05000000074505806,0.09018662571907043
1905,PRT,Portugal,0.07279825955629349,0.21039184036435854,7147995.66,0.9854408,4.33,0.05664067157949971,-0.01041666666666674,0.05000000074505806,0.13130319118499756
1906,PRT,Portugal,0.059008460491895676,0.10508807486237837,6950026.41,0.9443502,4.23,0.05664067157949971,0.0,0.05000000074505806,0.09147219359874725
1907,PRT,Portugal,0.020625321194529533,0.00890182781532678,6997021.02,0.9553236000000002,4.49,0.0566406715794997,-1.1102230246251565e-16,0.054999999701976776,0.07348916679620743
1908,PRT,Portugal,-0.002140421885997057,-0.10774643218553559,7165022.249999999,1.0683945,4.82,0.05723688917507338,0.010526315789473717,0.03999999910593033,-0.013795306906104088
1909,PRT,Portugal,0.08651522547006607,0.09104168293461479,7052026.32,1.0639619999999999,4.75,0.05783310677064706,0.01041666666666674,0.05000000074505806,0.07592784613370895
1910,PRT,Portugal,-0.052463382482528687,0.0017199264785434654,7047997.06,1.0064119999999999,4.48,0.055448236388352334,-0.04123711340206193,0.054999999701976776,0.039995964616537094
1911,PRT,Portugal,0.0064390613697469234,0.007184332861622789,7225022.44,1.0056673,4.5,0.059025541961794416,0.06451612903225801,0.054999999701976776,0.04851663112640381
1912,PRT,Portugal,0.0732337012887001,0.055920018787734005,7369014.699999999,1.022157,4.61,0.05842932436622073,-0.010101010101010166,0.054999999701976776,0.07446933537721634
1913,PRT,Portugal,0.05820218473672867,0.00593318559722289,7494004.56,1.075269,4.72,0.060217977152941776,0.030612244897959107,0.054999999701976776,0.09128042310476303
1914,PRT,Portugal,0.058386705815792084,-0.009060844821065173,7466970.76,1.1484564000000002,4.761904761904762,0.0596217595573681,-0.009900990099009799,0.054999999701976776,0.06051422283053398
1915,PRT,Portugal,0.1238078847527504,-0.08981947534983636,7520029.399999999,1.4180092,5.139186295503212,0.06677637070425227,0.11999999999999988,0.054999999701976776,0.08603575080633163
1916,PRT,Portugal,0.13214808702468872,0.08817298448506761,7352006.52,1.4753136,5.5045871559633035,0.08168181059359429,0.2232142857142856,0.054999999701976776,0.06122194230556488
1917,PRT,Portugal,0.1406763643026352,0.03771870796691901,7397025.36,1.6216874000000001,5.172413793103448,0.09658725048293632,0.1824817518248174,0.054999999701976776,0.12113074958324432
1918,PRT,Portugal,0.4366128444671631,0.4047931700231999,7281002.45,1.6584199,5.263157894736842,0.17469175550308852,0.808641975308642,0.054999999701976776,0.07846596091985703
1919,PRT,Portugal,0.14739912748336792,0.027757926734067073,6913025.840000001,1.8514764,6.976744186046512,0.19973289451718312,0.14334470989761106,0.054999999701976776,0.0680871531367302
1920,PRT,Portugal,-0.07921444624662399,-0.6591727026410765,7064017.83,5.0019841,13.953488372093023,0.34580620543273494,0.7313432835820894,0.07000000029802322,0.10332467406988144
1921,PRT,Portugal,0.3538608253002167,-0.3243616923142978,7411027.67,10.0231,13.043478260869565,0.541961794376476,0.5672413793103448,0.07000000029802322,0.2535931169986725
1922,PRT,Portugal,0.5757917165756226,0.05348127092940613,7830982.9,14.9925,10.714285714285714,0.6552431375354754,0.20902090209020918,0.07000000029802322,0.11664280295372009
1923,PRT,Portugal,0.13004609942436218,-0.27949919642689625,8787981.02,23.5145,9.090909090909092,1.0290715699601733,0.5705186533212012,0.09000000357627869,-0.06279004365205765
1924,PRT,Portugal,-0.0980149358510971,-0.2820507753027247,9169030.43,29.5421,10.16949152542373,1.4303260117812606,0.3899188876013904,0.09000000357627869,0.04118294641375542
1925,PRT,Portugal,0.014110464602708817,0.5098376089877628,8828001.0,19.8425,9.836065573770492,1.3748777753929082,-0.03876615256356819,0.09000000357627869,0.17120590806007385
1926,PRT,Portugal,0.06919052451848984,0.08737323534051233,9222970.68,19.5107,9.523809523809524,1.3164484510266876,-0.04249783174327837,0.07999999821186066,0.3308255076408386
1927,PRT,Portugal,0.3461938798427582,0.32087408567632925,9162999.559999999,19.8847,10.135135135135135,1.4136319191051976,0.07382246376811596,0.07999999821186066,0.10798975080251694
1928,PRT,Portugal,0.24935969710350037,0.1098665902275282,10772008.799999999,22.3839,9.615384615384617,1.3528177243566821,-0.04301982285955297,0.07999999821186066,0.18215951323509216
1929,PRT,Portugal,-0.12906178832054138,-0.12830239861512793,9731981.889999999,22.3644,7.894736842105263,1.4076697431494607,0.0405464962538562,0.07999999821186066,0.19806523621082306
1930,PRT,Portugal,-0.18364742398262024,-0.17952015103954766,10789012.06,22.2519,8.108108108108109,1.3373160668717663,-0.04997882253282515,0.07500000298023224,0.10536843538284302
1931,PRT,Portugal,-0.27711933851242065,-0.3174145173514049,10655968.0,23.5655,6.66,1.186473015191625,-0.11279536335265272,0.07000000029802322,0.04874558374285698
1932,PRT,Portugal,0.09645986557006836,-0.1741972456193548,11204025.899999999,31.2891,6.03,1.162028093773104,-0.020603015075376874,0.06499999761581421,0.11359299719333649
1933,PRT,Portugal,0.18616919219493866,0.45357640980326064,11422014.54,25.533,4.78,1.1614318761775302,-0.0005130836326322497,0.054999999701976776,0.1654510349035263
1934,PRT,Portugal,0.2738158404827118,0.49901092560538163,12193984.0,21.6972,4.0,1.173356228089004,0.010266940451745477,0.05000000074505806,0.2781204283237457
1935,PRT,Portugal,0.061398644000291824,0.026534546008225357,12713997.84,22.4341,4.05,1.1757410984712986,0.00203252032520318,0.05000000074505806,0.0716005489230156
1936,PRT,Portugal,0.09477591514587402,0.10840737776417098,12040978.4,22.1582,3.65,1.2055519782499826,0.02535496957403649,0.04500000178813934,0.07753633707761765
1937,PRT,Portugal,0.02783464454114437,0.020136957038690895,11123980.95,22.3254,3.61,1.253249385895877,0.03956478733926816,0.03999999910593033,0.03589755669236183
1938,PRT,Portugal,0.04242356866598129,0.030204386853392107,12996990.799999999,22.5902,3.74,1.214495242183588,-0.03092293054234052,0.03999999910593033,0.046255048364400864
1939,PRT,Portugal,-0.07837256789207458,-0.15940261077671591,13084007.04,24.7678,3.97,1.14354534831032,-0.05841924398625431,0.03999999910593033,-0.016894260421395302
1940,PRT,Portugal,-0.012486075982451439,-0.0923428161576344,13259017.38,26.9469,3.83,1.1978011495075247,0.04744525547445244,0.03999999910593033,-0.011142744682729244
1941,PRT,Portugal,0.2881705164909363,0.3892883137018768,12395969.25,24.9856,3.61,1.3462593308053714,0.12394225983076179,0.03500000014901161,0.0885000005364418
1942,PRT,Portugal,0.7464381456375122,0.7574135398146655,13551013.58,24.82956,2.92,1.6443681285922118,0.22143489813994677,0.03500000014901161,0.18012337386608124
1943,PRT,Portugal,0.02153950184583664,0.02153950184583664,13368999.28,24.82956,2.82,1.8590064629987368,0.13052936910804935,0.02500000037252903,0.06208256259560585
1944,PRT,Portugal,0.13804632425308228,0.13804632425308228,14263018.559999999,24.82956,2.76,1.912666046600368,0.028864656831302016,0.019999999552965164,-0.0015644505620002747
1945,PRT,Portugal,0.07121516019105911,0.06991985769989695,15078981.56,24.85962,2.83,2.0849729317211616,0.09008728179551118,0.019999999552965164,0.0649285614490509
1946,PRT,Portugal,-0.05889206379652023,-0.07527329355720358,14497015.28,25.3,2.83,2.3729460303832495,0.13811838718901925,0.019999999552965164,0.034929316490888596
1947,PRT,Portugal,-0.05124562233686447,-0.0379364426902874,15635025.699999997,24.95,3.04,2.446280794638812,0.03090452261306509,0.012500000186264515,-0.03083561360836029
1948,PRT,Portugal,-0.09154870361089706,-0.12147830058495679,16942983.330000002,25.8,3.24,2.0158116906346146,-0.1759688033146477,0.013749999925494194,-0.03181665763258934
1949,PRT,Portugal,-0.10967759788036346,-0.1968420288571111,16894005.12,28.6,3.76,2.3371729746488286,0.1594202898550725,0.013749999925494194,-0.1787191778421402
1950,PRT,Portugal,0.00828226562589407,-0.009042171927815423,17129004.950000003,29.1,3.92,2.2769549974958867,-0.025765306122448983,0.013749999925494194,0.05013733357191086
1951,PRT,Portugal,0.17748551070690155,0.17748551070690155,17615038.0275,29.1,3.79,2.3085545300612917,0.013877978528410662,0.013749999925494194,0.10825735330581665
1952,PRT,Portugal,0.15275737643241882,0.15673240186839288,18403975.314999998,29.0,3.48,2.312131835634734,0.0015495867768595684,0.017500000074505806,0.07014922797679901
1953,PRT,Portugal,0.12199395895004272,0.12199395895004272,18428033.949,29.0,3.38,2.3329994514798127,0.009025270758122872,0.017500000074505806,0.04994034394621849
1954,PRT,Portugal,0.30218052864074707,0.3135038375854493,19713998.1525,28.75,3.27,2.351482196942597,0.007922310247891806,0.017500000074505806,0.1269715577363968
1955,PRT,Portugal,-0.002660732250660658,-0.004392224034947767,20659981.819,28.8,3.18,2.430779137153897,0.03372210953346855,0.017500000074505806,-0.0017988726031035185
1956,PRT,Portugal,-0.009058395400643349,-0.012487259050208088,21512011.85,28.899999999,3.03,2.537502086761586,0.043904831984302284,0.019999999552965164,0.024568142369389534
1957,PRT,Portugal,-0.034293632954359055,-0.02925516495220659,22450996.92,28.749999999,3.05,2.538098304357159,0.0002349624060149491,0.019999999552965164,0.006100024562329054
1958,PRT,Portugal,-0.04943866655230522,-0.04943866655230522,23444985.055499997,28.749999999,3.03,2.5744675776871535,0.01432933991073515,0.021250000223517418,0.070846326649189
1959,PRT,Portugal,0.11209318041801453,0.10708722081069655,23752961.050499998,28.879999999,3.45,2.6084519806348534,0.013200555812876269,0.019999999552965164,0.019525818526744843
1960,PRT,Portugal,0.08053308725357056,0.08240706069666981,25039018.7775,28.829999999,3.46,2.6662850874055004,0.02217142857142851,0.019999999552965164,0.010313540697097778
1961,PRT,Portugal,-0.023868823423981667,-0.022852020115012972,26711039.328,28.799999999,3.82,2.65972669385419,-0.0024597495527727276,0.02250000089406967,-0.027104316279292107
1962,PRT,Portugal,-0.06357715278863907,-0.06520006933498879,28170028.728000004,28.849999999,3.95833,2.6585342586630425,-0.0004483299708586408,0.026249999180436134,-0.005311539396643639
1963,PRT,Portugal,0.1605657935142517,0.15895891806453988,30039992.909999996,28.889999999,4.18167,2.7276954997495895,0.026014801525005682,0.026249999180436134,0.053910743445158005
1964,PRT,Portugal,0.19378666579723358,0.19131249654160976,31823016.192,28.949999999,3.94333,2.861248241158094,0.04896174863387981,0.026249999180436134,0.05144836753606796
1965,PRT,Portugal,0.09500949829816818,0.09956729017469734,33921012.775,28.829999999,3.87,2.9542581860675883,0.03250677224421761,0.029999999329447746,0.05126461386680603
1966,PRT,Portugal,0.14293165504932404,0.13701585973312969,36446020.74,28.979999999,3.96333,3.029381603109872,0.025428859737638865,0.027499999850988388,-0.020784780383110046
1967,PRT,Portugal,-0.043985724449157715,-0.04001061311616827,37929043.199999996,28.859999999,5.00417,3.1557797333714923,0.041724070064947716,0.032499998807907104,-0.036815326660871506
1968,PRT,Portugal,0.053540345281362534,0.056836091929906685,40791999.48,28.769999999,5.1075,3.218382580906729,0.019837521254487234,0.03500000014901161,-0.02555665746331215
1969,PRT,Portugal,0.31890401244163513,0.32442821772954167,44421011.218499996,28.649999999,5.145,3.304834132264913,0.026861800666913682,0.03500000014901161,-0.007483952678740025
1970,PRT,Portugal,0.09904681146144867,0.09522403994318895,45364006.54800001,28.749999999,5.27833,3.47117884142997,0.05033375428468334,0.04500000178813934,0.030036471784114838
1971,PRT,Portugal,0.19487176835536957,0.24646456241903025,49498002.18,27.559999999,5.6925,3.7281486251222264,0.07402954311233256,0.04749999940395355,-0.0037027355283498764
1972,PRT,Portugal,0.46551668643951416,0.49591258808531125,52781043.95550001,26.999999999,6.005,4.041162862798409,0.08395969934431458,0.04749999940395355,0.07387969642877579
1973,PRT,Portugal,0.7381148338317871,0.815790308126753,57010977.33900001,25.844999999,5.49583,4.351792230092296,0.0768663322514016,0.05249999836087227,0.14265696704387665
1974,PRT,Portugal,-0.23353105783462524,-0.19460929377528735,63396955.331,24.595999999,7.5,6.000333881853524,0.3788190163036034,0.07750000059604645,-0.04811182618141174
1975,PRT,Portugal,-0.4430306553840637,-0.5013388905025022,64121997.92699999,27.471999999,8.474,7.112279697598439,0.18531399046104924,0.08500000089406967,-0.20190449059009552
1976,PRT,Portugal,-0.4430306553840637,-0.5150064396584035,61333955.747999996,31.548999999,9.73833,8.58016741790084,0.20638779445049882,0.0949999988079071,-0.18455368280410767
1977,PRT,Portugal,-0.44080108404159546,-0.5573411968522102,65566027.97399999,39.854999999,10.8017,11.409219908897956,0.3297199638663053,0.12540000677108765,-0.15908442437648773
1978,PRT,Portugal,-0.22109752893447876,-0.32529541438356546,69239002.942,46.009999999,16.1667,14.462450215830774,0.2676107859531771,0.1842000037431717,0.26541292667388916
1979,PRT,Portugal,0.40605059266090393,0.29953973942310674,71189045.2,49.780999999,16.6833,17.947938279554513,0.24100259718844064,0.14869999885559082,0.17620067298412323
1980,PRT,Portugal,1.0705386400222778,0.9433160640803506,75203037.0936,53.039999999,16.6825,21.249791323841556,0.1839683752449921,0.09950000047683716,0.2753238081932068
1981,PRT,Portugal,-0.3110315203666687,-0.43994715383189054,78654969.872,65.248999999,16.705,24.66671436407432,0.16079795740860248,0.09239999949932098,0.09528250992298126
1982,PRT,Portugal,-0.15459665656089783,-0.38065073705186625,79927973.54155,89.064,16.7917,30.19186282225562,0.22399207193270798,0.12417499721050262,0.16233877837657928
1983,PRT,Portugal,-0.036583174020051956,-0.347236544771922,81633958.14,131.449999999,19.2225,37.89082063389856,0.2550010861193941,0.18244199454784393,0.1788245439529419
1984,PRT,Portugal,0.07049272209405899,-0.16873660019970727,81492009.40238,169.28,21.5025,48.80339128568363,0.2880003776435045,0.21273300051689148,0.30439135432243347
1985,PRT,Portugal,1.368821382522583,1.5462043447139702,79961017.21947001,157.486999999,20.7483,58.36910638906776,0.19600513102437223,0.20166699588298798,0.3013535141944885
1986,PRT,Portugal,0.9267147779464722,1.0766408442038187,82205977.78007999,146.117,15.7558,65.25661205313492,0.11799916240206731,0.14522500336170197,0.2897605895996094
1987,PRT,Portugal,1.118769884109497,1.3839240685051966,85610037.52511,129.865,15.1175,71.23011614318762,0.09153867940905047,0.13692499697208405,0.15005674958229065
1988,PRT,Portugal,-0.2771500051021576,-0.3586645265291054,91073020.14679001,146.371,14.1475,78.31556604898523,0.09947267096342172,0.12968333065509796,0.11366283148527145
1989,PRT,Portugal,0.3168845474720001,0.2863882922432721,97894009.98914,149.841,14.9433,88.18356347332522,0.12600301475402342,0.14827272295951843,0.12068135291337967
1990,PRT,Portugal,-0.32945340871810913,-0.2479388339500762,102921888.36930001,133.6,15.4025,100.0,0.1339981745039045,0.1690250039100647,0.16662748157978058
1991,PRT,Portugal,-0.022982923313975334,-0.02723512903734504,107427000.1896,134.184,14.5367,111.40027664496435,0.11400276644964347,0.17737500369548798,0.2303956151008606
1992,PRT,Portugal,-0.11211775988340378,-0.1881901463102158,112119518.2315,146.758,13.8317,121.31477904175908,0.08899890283389977,0.16705749928951263,0.17301328480243683
1993,PRT,Portugal,0.5324628353118896,0.27197916874817496,113341344.25600001,176.812,11.1808,129.2003529608166,0.0650009337802373,0.13245083391666412,0.1616279035806656
1994,PRT,Portugal,0.08415631204843521,0.20490433800297914,111025699.9488,159.093,10.4792,135.91853282774082,0.051998154130133756,0.11106666922569275,-0.0597858726978302
1995,PRT,Portugal,-0.045937277376651764,0.01587352431884481,112096515.84560001,149.41299,11.465,141.491378693568,0.041001368613138744,0.09786666929721832,0.24956780672073364
1996,PRT,Portugal,0.32568445801734924,0.26658241733366905,116897190.1848,156.38499,8.55917,145.877751544204,0.031000990245035887,0.07366666942834854,0.2826637923717499
1997,PRT,Portugal,0.6524743437767029,0.4096319328779128,121208875.9980475,183.326,6.35833,149.08719086117668,0.0220008828145406,0.05741666629910469,0.15183506906032562
1998,PRT,Portugal,0.2624458968639374,0.3469156542704357,126550457.69924837,171.82899,4.8775,152.38988672550744,0.022152780834177044,0.04308333247900009,0.1731494516134262
1999,PRT,Portugal,0.1256648302078247,-0.030777868501629002,133053073.97451107,199.56400557435796,4.7775,155.69476980564235,0.021687023667704697,0.029634999111294746,-0.04440867900848389
2000,PRT,Portugal,-0.08214876800775528,-0.1498501180880113,138472563.46566495,215.45620634067703,5.595,160.0626397666149,0.028054057091481344,0.043917667120695114,0.07950299978256226
2001,PRT,Portugal,-0.1903584599494934,-0.23316809323319576,143894428.23334783,227.48439804833768,5.1575,167.12078516674424,0.04409614517429383,0.042617835104465485,0.062259770929813385
2002,PRT,Portugal,-0.20652548968791962,-0.055807648968252965,146736352.38177776,191.1719271478974,5.00667,173.30623146100078,0.03701183122186169,0.033185917884111404,0.11879698932170868
2003,PRT,Portugal,0.17396891117095947,0.413867392780511,147857687.48718452,158.7347585114806,4.17833,178.91643999875467,0.03237164925034075,0.023334667086601257,0.04937244951725006
2004,PRT,Portugal,0.1799686998128891,0.2725537339787303,146510500.0996521,147.18596285147933,4.14333,183.406794044762,0.025097492695688395,0.02106333337724209,0.10716212540864944
2005,PRT,Portugal,0.1718716323375702,0.014945279104787934,148796649.30701295,169.94320589980504,3.4375,187.3131614710499,0.02129892432084346,0.0218468327075243,0.0649326890707016
2006,PRT,Portugal,0.33271774649620056,0.48782679675807095,149950028.38293013,152.22627182991647,3.915,193.01742028838407,0.030453059318075626,0.030792249366641045,-0.004635931923985481
2007,PRT,Portugal,0.1831146776676178,0.3224473173838278,152121720.0,136.1877589837646,4.42417,197.69368767774773,0.024227177953041412,0.04277608171105385,0.015394825488328934
2008,PRT,Portugal,-0.4971774220466614,-0.524639507005189,155719781.47432828,144.05547172522807,4.5225,202.9364439603973,0.026519593742393877,0.046342331916093826,0.09922552108764648
2009,PRT,Portugal,0.399630606174469,0.44880926295533574,155706600.0,139.1656254338469,4.21083,201.10355711648393,-0.009031826951057864,0.012283583171665668,0.052625346928834915
2010,PRT,Portugal,-0.06211366131901741,-0.13008210069031778,151179229.4675343,150.03891632989072,5.39583,203.90100613004623,0.013910489966828088,0.008109583519399166,-0.1244320198893547
2011,PRT,Portugal,-0.20372962951660156,-0.2289371109351377,152972381.89920405,154.9439678491383,10.2408,211.14943930514033,0.03554878572041531,0.013906000182032585,-0.3133552074432373
2012,PRT,Portugal,0.07692946493625641,0.09815344001615034,150184904.5929195,151.94937092617857,10.5475,217.0111776603764,0.027761088897636288,0.005731833167374134,0.8112969994544983
2013,PRT,Portugal,0.15601195394992828,0.2083189977962301,144088814.25399634,145.37161917192373,6.29417,217.96480375100435,0.004394363925900535,0.0022066666278988123,0.12234269082546234
2014,PRT,Portugal,-0.21121133863925934,-0.3055845741729566,142752499.77482003,165.1280784119924,3.75416666666667,217.61703643813775,-0.0015955205009331452,0.002099333330988884,0.3433554768562317
2015,PRT,Portugal,0.18604880571365356,0.06354611216576433,143886139.72661912,184.14806650133187,2.42333333333333,218.72158041925496,0.005075631941303449,-0.00019999999494757503,0.053307197988033295
2016,PRT,Portugal,-1.6875230357982218e-05,-0.0317973621569948,146464625.95721328,190.1925813490181,3.1725,220.1126496707214,0.006359999999999921,-0.002637,-0.03536726534366608
2017,PRT,Portugal,0.0017832271987572312,0.13977670465749803,149431124.24246535,167.16584674393405,3.0525,223.53782962008694,0.01556103183751345,-0.003291,0.122087262570858
2018,PRT,Portugal,-0.0006527925143018365,-0.04589964765185928,154658727.10691872,175.09344978165936,1.839167,226.14717807448864,0.01167296139018803,-0.003221,0.017489273101091385
2019,PRT,Portugal,0.0021239686757326126,-0.01678072802592301,159073103.70733848,178.46003204557587,0.7575,226.82521497378832,0.002998210745200458,-0.003563,0.05840226262807846
2020,PRT,Portugal,0.00129098875913769,0.0937192204970072,163332718.38673446,163.37869774264522,0.4166667,226.54962578246005,-0.00121498481268989,-0.004252000000000001,-0.001965335803106427
1870,SWE,Sweden,,,,3.209112,4.7774980000000005,2.641633728590249,,0.04500000178813934,
1871,SWE,Sweden,0.5,0.4727582730421489,5600842.979816412,3.2684712,4.66468,2.7108036890645573,0.026184538653366562,0.04500000178813934,0.07501952350139618
1872,SWE,Sweden,0.190476194024086,0.18923564494675404,5825901.17733877,3.2718807,4.603779,2.8194993412384703,0.04009720534629402,0.04500000178813934,0.062040749937295914
1873,SWE,Sweden,0.005714286118745804,0.011616131305464128,5987617.885132567,3.2527923,4.601871,3.043478260869564,0.07943925233644866,0.04600000008940697,0.03577907010912895
1874,SWE,Sweden,-0.005681818351149559,-0.038126839672006696,6124367.072161786,3.3625125000000002,4.399909090909091,3.1521739130434767,0.03571428571428559,0.05000000074505806,0.043967172503471375
1875,SWE,Sweden,-0.011428572237491608,0.01789639159749612,6424469.988465182,3.2656406,4.436666666666667,3.132411067193674,-0.006269592476489172,0.05000000074505806,0.021185800433158875
1876,SWE,Sweden,0.023121388629078865,-0.0033543972675337264,6255778.936950155,3.352392,4.518416666666666,3.142292490118576,0.003154574132492316,0.05000000074505806,0.016022861003875732
1877,SWE,Sweden,0.0451977401971817,-0.02331788015245151,6719041.329199927,3.5875670000000004,4.59575,3.125823451910407,-0.00524109014675056,0.05000000074505806,0.05031075328588486
1878,SWE,Sweden,0.0,-0.03688636209577645,6643416.867066488,3.7249674999999995,4.610333333333332,2.921607378129116,-0.06533192834562696,0.05000000074505806,0.022631363943219185
1879,SWE,Sweden,-0.01621621660888195,-0.02241364330326645,6478802.394869011,3.7485819999999994,4.487583333333332,2.740447957839261,-0.06200676437429542,0.04800000041723251,0.10565196722745895
1880,SWE,Sweden,0.1538461446762085,0.15452852895078006,6906398.159460831,3.7463664,4.207166666666666,2.882081686429511,0.05168269230769229,0.04100000113248825,0.10955112427473068
1881,SWE,Sweden,0.095238097012043,0.08839241223201966,6767652.807588325,3.76993,4.0649999999999995,2.954545454545453,0.025142857142857133,0.03999999910593033,0.046119436621665955
1882,SWE,Sweden,0.0521739162504673,0.06346553310920466,7007469.33831556,3.7299018055555555,4.091500000000001,2.875494071146243,-0.02675585284280957,0.04500000178813934,0.02918188087642193
1883,SWE,Sweden,0.07851240038871765,0.07369011110284895,6757501.033796401,3.7466540000000004,4.0977500000000004,2.8590250329380744,-0.00572737686139746,0.04500000178813934,0.04633832350373268
1884,SWE,Sweden,0.05747126415371895,0.053537232848367866,7292511.439282836,3.7606444444444445,4.100333333333333,2.753623188405795,-0.03686635944700467,0.04100000113248825,0.03186256065964699
1885,SWE,Sweden,0.010869565419852734,0.015315489209326127,7186329.074057462,3.744177111111111,4.027833333333333,2.6251646903820802,-0.046650717703349165,0.04500000178813934,0.0516207218170166
1886,SWE,Sweden,0.02867383509874344,0.030114600609816522,7378917.163465491,3.738940333333333,3.9129166666666673,2.4967061923583644,-0.04893350062735269,0.04100000113248825,0.06979483366012573
1887,SWE,Sweden,0.02787456475198269,0.028236703819588094,7509028.77387014,3.7376235,3.882666666666667,2.4077733860342536,-0.03562005277044866,0.039000000804662704,0.04074283689260483
1888,SWE,Sweden,0.1355932205915451,0.1366407539694965,7326182.552943815,3.7341788888888887,3.663416666666667,2.493412384716731,0.03556771545827653,0.03099999949336052,0.0789283961057663
1889,SWE,Sweden,0.16417910158634186,0.16475073993564693,7469265.955762473,3.7323462222222226,3.5873333333333335,2.605401844532277,0.04491413474240402,0.03099999949336052,0.041767627000808716
1890,SWE,Sweden,0.01794871874153614,0.014850672004713017,7612245.542696746,3.74374,3.6140833333333333,2.6613965744400505,0.02149178255372952,0.039000000804662704,0.009972483851015568
1891,SWE,Sweden,0.045340050011873245,0.04764256113524734,7817682.28736801,3.735512,3.7704166666666663,2.7437417654808933,0.030940594059405857,0.04100000113248825,-0.008232012391090393
1892,SWE,Sweden,0.10843373090028763,0.11358742856342019,8267025.528098003,3.718224,3.8469166666666665,2.6943346508563875,-0.01800720288115243,0.0430000014603138,0.032037243247032166
1893,SWE,Sweden,0.06086956337094307,0.05763824367419024,8177322.579782238,3.729584,3.748000000000001,2.5856389986824744,-0.04034229828850866,0.03700000047683716,0.06985190510749817
1894,SWE,Sweden,0.13319672644138336,0.13714026873344576,8396668.848514654,3.7166499999999996,3.6374999999999997,2.4538866930171253,-0.05095541401273884,0.03500000014901161,0.07686527073383331
1895,SWE,Sweden,0.13743218779563904,0.1377732151621358,8491354.102319568,3.715536,3.5897500000000004,2.499999999999998,0.01879194630872494,0.03500000014901161,0.04176754131913185
1896,SWE,Sweden,0.11446741223335266,0.11066747463684345,8990352.431488952,3.7282480000000002,3.542833333333333,2.480237154150195,-0.007905138339921125,0.02800000086426735,0.04688366502523422
1897,SWE,Sweden,0.19115549325942993,0.19072880123721125,9310115.831774589,3.729584,3.5292499999999998,2.5592885375494046,0.031872509960159334,0.035999998450279236,0.036600127816200256
1898,SWE,Sweden,0.09580837935209274,0.08729504651169173,9763172.366142279,3.758786,3.559083333333334,2.6811594202898523,0.04761904761904767,0.04100000113248825,0.015217000618577003
1899,SWE,Sweden,0.019672131165862083,0.020343712454238716,10196684.260321382,3.756312,3.7057500000000005,2.7997364953886663,0.04422604422604426,0.04899999871850014,-0.006546963471919298
1900,SWE,Sweden,0.06430868059396744,0.06957753544839296,10539338.828755608,3.7378080000000002,3.7972500000000005,2.8326745718050033,0.0117647058823529,0.05000000074505806,0.01218749862164259
1901,SWE,Sweden,0.007049345411360264,0.010123651705799652,10658852.368405547,3.726432,3.767583333333334,2.763504611330695,-0.024418604651162745,0.04800000041723251,0.0699385330080986
1902,SWE,Sweden,0.0020000000949949026,0.0004101605458626256,11018807.510785032,3.732354,3.668833333333334,2.7865612648221307,0.008343265792610133,0.04100000113248825,0.06082236394286156
1903,SWE,Sweden,0.09780439734458923,0.0955999024688241,10939039.305077786,3.7398640000000003,3.6695000000000007,2.8326745718050033,0.01654846335697413,0.03999999910593033,0.036600176244974136
1904,SWE,Sweden,0.11454544961452484,0.11808938371334188,11564404.316286849,3.72801,3.7120833333333336,2.799736495388666,-0.011627906976744207,0.04100000113248825,0.033971209079027176
1905,SWE,Sweden,0.14681892096996307,0.14444224497911828,11833295.87872791,3.7357520000000006,3.7243333333333335,2.859025032938073,0.021176470588235352,0.041999999433755875,0.004962155129760504
1906,SWE,Sweden,0.13513512909412384,0.12618324697801686,11745730.85517502,3.765447,3.8054166666666673,2.9183135704874803,0.02073732718894017,0.04600000008940697,0.014842246659100056
1907,SWE,Sweden,-0.1077694222331047,-0.11084884949730622,12774248.455859106,3.7784880000000003,3.913833333333333,3.069828722002632,0.05191873589164797,0.050999999046325684,-0.03008103556931019
1908,SWE,Sweden,0.06671348214149475,0.0782545666812069,13732010.653114513,3.738045,3.995583333333333,3.115942028985504,0.015021459227467782,0.054999999701976776,0.09005559235811234
1909,SWE,Sweden,0.0717577338218689,0.07155735672840091,13425719.678725706,3.7387439999999996,3.8831666666666664,3.086297760210801,-0.009513742071881492,0.041999999433755875,0.06483808159828186
1910,SWE,Sweden,0.15540540218353271,0.15633077757336888,13617875.029794157,3.7357520000000006,3.880166666666666,3.086297760210801,0.0,0.04100000113248825,0.005447224248200655
1911,SWE,Sweden,0.1488569974899292,0.14703592636976426,13984663.703623593,3.741683,3.9553333333333334,3.178524374176545,0.029882604055496254,0.041999999433755875,0.029042663052678108
1912,SWE,Sweden,0.12262841314077377,0.12248681542207907,14444714.68007916,3.742155,4.035416666666667,3.24440052700922,0.020725388601036343,0.04100000113248825,0.008049319498240948
1913,SWE,Sweden,0.0008244022610597312,0.00021312682723761966,15103734.40417459,3.7444420000000003,4.338,3.2542819499341213,0.003045685279187804,0.04500000178813934,-0.033870846033096313
1914,SWE,Sweden,-0.23599670827388763,-0.26491186605924877,16155198.046578743,3.8917320000000006,4.573833333333333,3.2971014492753596,0.013157894736842035,0.04500000178813934,-0.04533214494585991
1915,SWE,Sweden,0.18652290105819702,0.285596572275151,16609540.699291604,3.591818181818182,4.891749999999999,3.7878787878787845,0.1488511488511488,0.04500000178813934,0.04592936486005783
1916,SWE,Sweden,0.32621535658836365,0.36873053108270026,17298742.840212397,3.4802500000000003,5.184833333333334,4.281949934123843,0.13043478260869557,0.041999999433755875,0.05905318260192871
1917,SWE,Sweden,0.0051387459971010685,0.1812034849759958,18383510.68788289,2.9615,5.1883333333333335,5.40184453227931,0.2615384615384615,0.04699999839067459,0.006782425567507744
1918,SWE,Sweden,-0.19870483875274658,-0.3173255877326323,17397826.159824304,3.4760869565217387,5.4675,7.938076416337278,0.4695121951219512,0.05400000140070915,-0.008810349740087986
1919,SWE,Sweden,-0.16673755645751953,-0.38087081338992923,16156497.508036615,4.678333333333334,5.423333333333333,8.76152832674571,0.10373443983402497,0.04899999871850014,0.06719999760389328
1920,SWE,Sweden,-0.18631954491138458,-0.2567334162751911,16467741.428647747,5.121538461538462,6.090833333333333,8.926218708827397,0.018796992481203034,0.05400000140070915,-0.10597825795412064
1921,SWE,Sweden,-0.21957340836524963,-0.023660231660246556,17652486.2950427,4.093846153846155,5.876666666666666,7.279314888010535,-0.18450184501845013,0.05000000074505806,0.25804421305656433
1922,SWE,Sweden,-0.06430868059396744,0.029955539091450767,16894883.694090195,3.719166666666666,4.781666666666665,6.060606060606056,-0.16742081447963797,0.032999999821186066,0.20536532998085022
1923,SWE,Sweden,-0.002577319508418441,-0.0224802534893368,18233283.60404131,3.7948913043478254,4.851666666666666,5.731225296442683,-0.05434782608695654,0.03200000151991844,0.03435167297720909
1924,SWE,Sweden,0.17915590107440948,0.20584453244703527,18898581.556006394,3.710899999999998,4.89,5.731225296442683,0.0,0.03999999910593033,0.014366855844855309
1925,SWE,Sweden,0.15266618132591248,0.14535129124466506,20269689.02756397,3.7346000000000004,4.814166666666668,5.830039525691695,0.01724137931034475,0.039000000804662704,0.09749671071767807
1926,SWE,Sweden,0.1571609526872635,0.15502693943761958,20812693.500701886,3.7415000000000007,4.6825,5.632411067193671,-0.03389830508474578,0.039000000804662704,0.05888355150818825
1927,SWE,Sweden,0.2639649510383606,0.2761174620652389,21894775.880900353,3.7058695652173905,4.571666666666665,5.566534914360997,-0.011695906432748537,0.03999999910593033,0.08100447803735733
1928,SWE,Sweden,0.21837086975574493,0.20848419020064046,22670212.700834043,3.7361875000000007,4.618333333333333,5.632411067193671,0.01183431952662728,0.03799999877810478,0.031410589814186096
1929,SWE,Sweden,-0.02062588930130005,-0.013597255802036301,23379918.033391878,3.709565217391306,4.556666666666667,5.53359683794466,-0.01754385964912275,0.04100000113248825,0.09110783785581589
1930,SWE,Sweden,-0.0748002901673317,-0.07964721827989141,24835453.56055438,3.7291012000000006,4.176666666666667,5.335968379446636,-0.0357142857142857,0.035999998450279236,0.13135455548763275
1931,SWE,Sweden,-0.3449764549732208,-0.5448833312095117,25981283.402050633,5.367083333333333,4.219166666666666,5.17127799736495,-0.030864197530864224,0.03700000047683716,-0.10691928118467331
1932,SWE,Sweden,-0.21989215910434723,-0.24936286868053537,25402986.998663403,5.5778,4.316666666666666,5.105401844532275,-0.01273885350318471,0.038600001484155655,0.24972330033779144
1933,SWE,Sweden,0.190476194024086,0.7507818615844444,24505653.218080845,3.7927272727272725,4.0216666666666665,4.973649538866926,-0.02580645161290318,0.027899999171495438,0.12513376772403717
1934,SWE,Sweden,0.296129047870636,0.25127126763123986,25011318.456060123,3.928695652173914,3.4716666666666662,5.006587615283264,0.0066225165562914245,0.019999999552965164,0.2760249376296997
1935,SWE,Sweden,0.10154305398464203,0.0983825905766087,26717788.770789366,3.94,3.19,5.105401844532275,0.019736842105263053,0.019999999552965164,-0.0640261098742485
1936,SWE,Sweden,0.39945775270462036,0.3920702089102197,28037368.59786044,3.9609090909090896,3.124166666666666,5.17127799736495,0.012903225806451646,0.019999999552965164,0.13044075667858124
1937,SWE,Sweden,-0.006134969647973776,0.012594243843027098,29044106.95182805,3.8876470588235286,3.039166666666666,5.335968379446636,0.031847133757961776,0.019999999552965164,0.04812340810894966
1938,SWE,Sweden,0.08836907148361206,0.01647671665300221,29841478.10111733,4.162608695652175,2.3383333333333334,5.434782608695649,0.0185185185185186,0.019999999552965164,0.23999907076358795
1939,SWE,Sweden,-0.1976119428873062,-0.20475535623220176,30860778.114027664,4.2,2.8966666666666665,5.599472990777335,0.030303030303030276,0.019999999552965164,-0.3247416019439697
1940,SWE,Sweden,0.115699402987957,0.11543382350617004,33218812.204786234,4.201,3.9133333333333327,6.357048748353092,0.1352941176470588,0.028300000354647636,0.0654081404209137
1941,SWE,Sweden,0.24374791979789734,0.24493328831807637,30856077.09219396,4.197,3.390833333333333,7.213438735177862,0.13471502590673579,0.027499999850988388,0.17578592896461487
1942,SWE,Sweden,0.145844504237175,0.14775880293160437,30102878.546900094,4.19,3.2324999999999995,7.707509881422921,0.06849315068493156,0.02500000037252903,0.02644953317940235
1943,SWE,Sweden,0.1179223284125328,0.1179223284125328,30491025.497856308,4.19,3.274166666666666,7.740447957839258,0.004273504273504258,0.02500000037252903,0.017523087561130524
1944,SWE,Sweden,0.15341146290302277,0.15341146290302277,31673051.99584567,4.19,3.2783333333333338,7.707509881422921,-0.004255319148936176,0.02500000037252903,0.049230966717004776
1945,SWE,Sweden,0.10070767253637314,0.10070767253637314,32872687.845233846,4.19,3.040833333333333,7.674571805006584,-0.004273504273504258,0.020500000566244125,0.10961003601551056
1946,SWE,Sweden,0.14259809255599976,0.22756051482298445,34137842.82932354,3.9,3.0116666666666663,7.707509881422922,0.0042918454935623185,0.019999999552965164,0.027112483978271484
1947,SWE,Sweden,-0.03505987673997879,-0.15432213916537474,37932235.69476392,4.45,3.0233333333333334,7.938076416337283,0.029914529914529808,0.019999999552965164,0.02388450689613819
1948,SWE,Sweden,-0.045005980879068375,-0.18274550286766433,41438853.07134462,5.2,3.0775000000000006,8.399209486166004,0.05809128630705396,0.019999999552965164,0.01451479084789753
1949,SWE,Sweden,0.1416940689086914,-0.08664474487304674,42412354.48643959,6.5,3.0175000000000005,8.432147562582342,0.0039215686274509665,0.019999999552965164,0.05448630824685097
1950,SWE,Sweden,0.2848326861858368,0.36460987911894427,44186543.568663806,6.12,3.108333333333333,8.563899868247692,0.015625,0.02539999969303608,-0.042044226080179214
1951,SWE,Sweden,0.231614887714386,0.21376539658809057,47268932.60773794,6.21,3.231666666666667,10.013175230566532,0.1692307692307693,0.029999999329447746,0.0339583195745945
1952,SWE,Sweden,-0.11040817946195602,-0.04090881848242134,49128334.768402465,5.76,3.2816666666666663,10.737812911725952,0.07236842105263164,0.029999999329447746,-0.022292163223028183
1953,SWE,Sweden,0.1832440346479416,0.22580676970722013,49847308.717456385,5.56,3.2741666666666664,10.803689064558625,0.006134969325153339,0.029999999329447746,0.0175965316593647
1954,SWE,Sweden,0.38267743587493896,0.40286250793150713,51233713.49766993,5.48,3.2441666666666666,10.8695652173913,0.0060975609756097615,0.029999999329447746,-0.02250450849533081
1955,SWE,Sweden,-0.026318924501538277,0.02217860033171859,53391372.969256215,5.22,3.7025000000000006,11.166007905138336,0.027272727272727337,0.03689999878406525,-0.037376124411821365
1956,SWE,Sweden,0.02586839348077774,0.0065851530018157245,54941049.434139445,5.32,3.7491666666666674,11.725955204216069,0.05014749262536866,0.040300000458955765,0.004093505907803774
1957,SWE,Sweden,0.08447094261646271,0.09268663157567825,57035508.6779091,5.28,4.33,12.252964426877467,0.04494382022471921,0.04600000008940697,0.0228301789611578
1958,SWE,Sweden,0.22361476719379425,0.24964912394259842,59592618.485021316,5.17,4.335,12.779973649538864,0.043010752688172005,0.04670000076293945,0.05500432476401329
1959,SWE,Sweden,0.48297393321990967,0.47982536889148,59885868.40038115,5.180999999,4.2825,12.878787878787875,0.0077319587628865705,0.04500000178813934,0.038519661873579025
1960,SWE,Sweden,0.037926752120256424,0.03812712408016394,61711928.017458454,5.179999999,4.565833333333333,13.405797101449272,0.04092071611253201,0.04740000143647194,0.007198365405201912
1961,SWE,Sweden,0.02454542927443981,0.023557439467812857,64982524.99866318,5.184999999,4.555,13.702239789196307,0.02211302211302213,0.04749999940395355,0.03352135792374611
1962,SWE,Sweden,-0.050706472247838974,-0.05125540836653686,68710000.00000001,5.187999999,4.989166666666667,14.361001317523053,0.04807692307692313,0.042500000447034836,0.09871512651443481
1963,SWE,Sweden,0.2825291156768799,0.2795694331016716,71602882.19805624,5.199999999,4.925,14.789196310935438,0.029816513761467878,0.04749999940395355,0.016485746949911118
1964,SWE,Sweden,0.1993495374917984,0.21146417928699823,75407727.43949828,5.147999999,5.64,15.250329380764159,0.031180400890868487,0.057500001043081284,0.0036484687589108944
1965,SWE,Sweden,0.10509373992681503,0.09826690601089139,80558319.61729982,5.179999999,6.1791666666666645,16.040843214756254,0.05183585313174954,0.0625,0.024690210819244385
1966,SWE,Sweden,-0.20086149871349335,-0.20086149871349346,83644622.27739096,5.179999999,6.569166666666665,17.094861660079047,0.06570841889117052,0.06750000268220901,0.05028808116912842
1967,SWE,Sweden,0.08164708316326141,0.08478836220500185,85385187.12057172,5.164999999,6.060833333333334,17.78656126482213,0.040462427745664664,0.06499999761581421,0.08836401253938675
1968,SWE,Sweden,0.39471855759620667,0.39067979729350744,88272785.34506534,5.179999999,6.303333333333334,18.14888010540184,0.020370370370370372,0.054999999701976776,0.06142466887831688
1969,SWE,Sweden,0.055658869445323944,0.05770076281021663,91472456.52926739,5.169999999,6.974166666666668,18.6429512516469,0.02722323049001818,0.07500000298023224,-0.007555223535746336
1970,SWE,Sweden,-0.19097819924354553,-0.19097819924354553,96055758.8961875,5.169999999,7.391666666666666,19.927536231884055,0.06890459363957602,0.07500000298023224,0.07586933672428131
1971,SWE,Sweden,0.2689801752567291,0.34853597248856016,102277543.26851346,4.864999999,7.234166666666667,21.40974967061923,0.07438016528925617,0.054999999701976776,0.09199663996696472
1972,SWE,Sweden,0.14547640085220337,0.17494047863702988,103236793.01781973,4.742999999,7.2925,22.694334650856387,0.06000000000000005,0.054999999701976776,0.06434932351112366
1973,SWE,Sweden,0.03352245315909386,0.06855520335010667,105600229.491929,4.587499999,7.385000000000001,24.209486166007903,0.06676342525399126,0.054999999701976776,0.07729547470808029
1974,SWE,Sweden,0.015281724743545055,0.14142995034607564,109797103.5189639,4.080499999,7.785,26.613965744400524,0.0993197278911564,0.07500000298023224,0.0249515101313591
1975,SWE,Sweden,0.34351393580436707,0.2500760722736932,113312109.21799482,4.385499999,8.7875,29.21607378129117,0.09777227722772275,0.06499999761581421,0.019453464075922966
1976,SWE,Sweden,0.04854458197951317,0.11435654049120725,116204098.83589642,4.126499999,9.280833333333332,32.246376811594196,0.10372040586245768,0.08500000089406967,0.05851482227444649
1977,SWE,Sweden,-0.12464790046215057,-0.22643956769651052,117423572.69429152,4.669499999,9.7375,35.902503293807634,0.11338100102145043,0.08500000089406967,0.07737772911787033
1978,SWE,Sweden,0.2137739360332489,0.319454637274575,115557901.26823121,4.295499999,10.092500000000001,39.525691699604735,0.10091743119266061,0.07000000029802322,0.07829110324382782
1979,SWE,Sweden,0.037303511053323746,0.07457789262434011,117580125.61957906,4.146499999,10.184166666666666,42.35836627140974,0.07166666666666677,0.0949999988079071,0.040875405073165894
1980,SWE,Sweden,0.28443795442581177,0.21796605789429147,122096121.88499251,4.372799999,11.742500000000001,48.122529644268766,0.13608087091757382,0.11249999701976776,0.01626908965408802
1981,SWE,Sweden,0.6341965198516846,0.28271666516890437,124122979.80739959,5.570999999,13.487499999999999,53.95256916996047,0.12114989733059556,0.11749999970197678,0.12233752012252808
1982,SWE,Sweden,0.4028656780719757,0.07140512608232452,124105690.89080091,7.294499999,13.041666666666666,58.56389986824769,0.08547008547008539,0.11249999701976776,0.11768830567598343
1983,SWE,Sweden,0.6938130259513855,0.544246858849246,125354085.03758441,8.000999999,12.362499999999999,63.80105401844532,0.08942632170978637,0.09749999642372131,0.16253212094306946
1984,SWE,Sweden,-0.09382207691669464,-0.19346687116265104,127554540.56474762,8.9895,12.5875,68.90645586297761,0.08002065049044926,0.10750000178813934,0.13980066776275635
1985,SWE,Sweden,0.2871450185775757,0.5193736648287199,132627595.28781125,7.6155,13.1275,73.97891963109355,0.07361376673040154,0.11999999731779099,0.10996286571025848
1986,SWE,Sweden,0.5361402630805969,0.7155706369688057,135174364.6141732,6.819,10.2925,77.1080368906456,0.04229741763134465,0.09000000357627869,0.24826763570308685
1987,SWE,Sweden,-0.05962241068482399,0.09651757550276763,138148771.42008594,5.848,11.685,80.36890645586298,0.04228961982058954,0.08749999850988388,0.04697803407907486
1988,SWE,Sweden,0.5541656017303467,0.4761670357185426,142336397.03612226,6.157,11.348333333333334,85.04611330698287,0.05819672131147535,0.0949999988079071,0.17240767180919647
1989,SWE,Sweden,0.2707771062850952,0.256491832888603,145371475.93555105,6.227,11.180000000000001,90.51383399209486,0.064291247095275,0.09160000085830688,0.017175870016217232
1990,SWE,Sweden,-0.293403685092926,-0.2278035709149966,148831799.44829395,5.698,13.155,100.0,0.10480349344978168,0.09929999709129333,0.1447550356388092
1991,SWE,Sweden,0.08584516495466232,0.11893403561111615,150714595.7013401,5.5295,10.690833333333332,109.32147562582347,0.09321475625823461,0.07959999889135361,0.27808690071105957
1992,SWE,Sweden,0.025579186156392097,-0.19481185434448822,148869808.71262592,7.043,10.014999999999999,111.82476943346511,0.022898463392588164,0.07800000160932541,0.11286837607622147
1993,SWE,Sweden,0.5664348602294922,0.32864463426221646,147087316.82431325,8.3035,8.539166666666667,117.0289855072464,0.04653902798232701,0.049508001655340195,0.29628098011016846
1994,SWE,Sweden,0.06545403599739075,0.18568620088512144,144075179.3054846,7.4615,9.518333333333333,119.59815546772072,0.021953278919223163,0.04740700125694275,-0.11582450568675995
1995,SWE,Sweden,0.2063262164592743,0.35186733112716295,149858874.27263123,6.6582,10.244166666666667,122.62845849802375,0.025337372624621324,0.06010099872946739,0.27249932289123535
1996,SWE,Sweden,0.4263000190258026,0.38212644253785455,155758749.43032634,6.871,8.027499999999998,123.18840579710147,0.004566210045662045,0.023631000891327858,0.22524797916412354
1997,SWE,Sweden,0.27918389439582825,0.11581471859765613,158265296.95925543,7.877,6.617583333333333,123.84716732542822,0.005347593582887722,0.023711999878287315,0.13842692971229553
1998,SWE,Sweden,0.1308850795030594,0.10507155083061637,162545192.8335892,8.061,4.957666666666667,123.64953886693019,-0.0015957446808511078,0.018244000151753426,0.21363328397274017
1999,SWE,Sweden,0.6975719332695007,0.6051762292182341,169379551.72375062,8.525,5.021583333333334,124.24242424242426,0.004794885455514208,0.03072916716337204,-0.05522557720541954
2000,SWE,Sweden,-0.10803400725126266,-0.20251598445904706,177270991.06937423,9.535,5.342916666666667,125.46113306982875,0.009809119830328727,0.03954608365893364,0.1441618800163269
2001,SWE,Sweden,-0.1484220325946808,-0.23882859908978504,185169699.81296724,10.6675,5.1075,128.52437417654812,0.02441585718036232,0.03995641693472862,0.003363781375810504
2002,SWE,Sweden,-0.35903021693229675,-0.22520734720966284,188598717.68427458,8.825,5.30333333333333,131.29117259552044,0.021527421834956373,0.040665749460458755,0.11892542243003845
2003,SWE,Sweden,0.3549365699291229,0.6632330759506635,193276794.60542452,7.1892,4.63833333333333,133.8274044795784,0.019317611640742527,0.030328333377838135,0.03935372084379196
2004,SWE,Sweden,0.21351516246795654,0.31893133462562084,197788304.50675622,6.6146,4.425,134.32147562582347,0.0036918533103618145,0.02109166607260704,0.12241814285516739
2005,SWE,Sweden,0.3700100779533386,0.13867971723338268,206162312.9551322,7.9584,3.38333333333333,134.9472990777339,0.004659146640510148,0.01716666668653488,0.10456304252147675
2006,SWE,Sweden,0.2579578757286072,0.458442392372028,212693564.2945776,6.8644,3.705,136.79183135704878,0.013668537954600879,0.02331666648387909,-0.008797730319201946
2007,SWE,Sweden,-0.02822384424507618,0.04008049201136621,221837560.85886034,6.4136,4.1675,139.7891963109355,0.02191187093667235,0.03552500158548355,-0.010816063731908798
2008,SWE,Sweden,-0.3926890194416046,-0.5013123569368135,229177356.0932291,7.8106,3.88833333333333,144.59815546772074,0.034401508011310034,0.03905000165104866,0.2494593858718872
2009,SWE,Sweden,0.5224274396896362,0.6709157254886353,227763989.33047664,7.1165,3.25,144.2028985507247,-0.0027334851936217097,0.003991666715592146,-0.051068175584077835
2010,SWE,Sweden,0.26483967900276184,0.34152519123405756,217955446.634708,6.7097,2.89333333333333,146.04743083003962,0.012791228871630977,0.0050416667945683,0.03128338232636452
2011,SWE,Sweden,-0.13710713386535645,-0.15940702064497314,232852844.69174623,6.8877,2.60583333333333,149.86824769433474,0.02616147947677039,0.01654166728258133,0.2058551162481308
2012,SWE,Sweden,0.16564112901687622,0.2343126150095376,239084203.34902978,6.5045,1.5925,151.18577075098824,0.00879120879120876,0.012533333152532578,0.024127259850502014
2013,SWE,Sweden,0.27765005826950073,0.29370073850586387,237676726.76803985,6.4238,2.12083333333333,151.11989459815558,-0.0004357298474944038,0.00925000011920929,-0.0732402354478836
2014,SWE,Sweden,0.1567372977733612,-0.0395459176593701,240500458.60673425,7.7366,1.71583333333333,150.8563899868249,-0.0017436791630339732,0.004208333324640989,0.18815499544143677
2015,SWE,Sweden,0.10191266238689423,0.00998217038935234,246879991.97564813,8.4408,0.719166666666667,150.7905138339922,-0.0004366812227074579,-0.0028916667215526104,0.004289864096790552
2016,SWE,Sweden,0.09669999778270721,0.0214986803738908,257972087.2021427,9.0622,0.54,152.2727272727274,0.009829619921362998,-0.00655,0.06136419624090195
2017,SWE,Sweden,0.10840000212192535,0.22375030448700195,263310046.29107234,8.208,0.655,155.00658761528337,0.01795370971230792,-0.00695,0.018196003511548042
2018,SWE,Sweden,-0.04039999842643738,-0.12056488098570806,270069346.5590453,8.9562,0.6516666,158.0368906455864,0.019549511262218378,-0.0068579999999999995,0.029907776042819023
2019,SWE,Sweden,0.3384999930858612,0.28911570097486794,275337293.7223229,9.2993,0.04666667,160.86956521739143,0.01792413505627355,-0.004208,0.057640135288238525
2020,SWE,Sweden,0.1656000018119812,0.3255471428912291,280822314.90013915,8.1772,-0.03833333,161.66007905138352,0.004914004914004844,-0.00135,0.01794249191880226
1870,USA,USA,,,,1.0,5.439,10.576832106722046,,0.05999999865889549,
1871,USA,USA,,,98374001.22232182,1.0,5.3566666666666665,9.903127902710965,-0.06369621803705405,0.05999999865889549,0.06511928886175156
1872,USA,USA,0.13291139900684357,0.13291139900684357,102862000.00000001,1.0,5.5616666666666665,9.903127902710965,0.0,0.05999999865889549,0.061484627425670624
1873,USA,USA,-0.06311637163162231,-0.06311637163162231,107065000.00000001,1.0,5.479166666666666,9.700692745255711,-0.02044153720359776,0.05999999865889549,0.06627899408340454
1874,USA,USA,0.10180995613336563,0.10180995613336563,112436000.0,1.0,5.1033333333333335,9.229423698699883,-0.04858096828046754,0.05999999865889549,0.06195678189396858
1875,USA,USA,0.028634361922740936,0.028634361922740936,111735000.0,1.0,4.63,8.892571596694342,-0.03649763116336202,0.05999999865889549,0.06966714560985565
1876,USA,USA,-0.11212814599275589,-0.11212814599275589,117573000.0,1.0,4.461666666666667,8.69013643923909,-0.02276452376616267,0.05999999865889549,-0.012225779704749584
1877,USA,USA,-0.03910614550113678,-0.03910614550113678,118973999.99999999,1.0,4.349166666666666,8.48851102241366,-0.02320163995527391,0.05999999865889549,-0.010721578262746334
1878,USA,USA,0.11692307144403458,0.11692307144403458,122827000.0,1.0,4.2299999999999995,8.083640707503154,-0.0476962701516741,0.05000000074505806,0.054700817912817
1879,USA,USA,0.4840579628944397,0.4840579628944397,127963999.99999999,1.0,4.036666666666667,8.083640707503154,0.0,0.05000000074505806,0.05479337275028229
1880,USA,USA,0.2398373931646347,0.2398373931646347,143726000.0,1.0,3.726666666666667,8.286075864958406,0.02504257237303409,0.05000000074505806,0.12775489687919617
1881,USA,USA,0.08390411734580994,0.08390411734580994,160655999.99999997,1.0,3.626666666666667,8.286075864958406,0.0,0.03999999910593033,0.021617650985717773
1882,USA,USA,0.024958403781056404,0.024958403781056404,166377000.0,1.0,3.629166666666667,8.286075864958406,0.0,0.03999999910593033,0.06539476662874222
1883,USA,USA,-0.029109589755535126,-0.029109589755535126,177002000.0,1.0,3.6208333333333336,8.151658920408117,-0.016222026776116616,0.03999999910593033,0.051595915108919144
1884,USA,USA,-0.12921348214149475,-0.12921348214149475,181322000.0,1.0,3.5283333333333333,7.949223762952864,-0.024833614780967572,0.03999999910593033,0.021898141130805016
1885,USA,USA,0.2534562349319458,0.2534562349319458,184591000.0,1.0,3.3825000000000003,7.814806818402577,-0.016909442803300423,0.03999999910593033,0.05115438997745514
1886,USA,USA,0.126923069357872,0.126923069357872,185992000.0,1.0,3.5075,7.612371660947323,-0.02590405139363805,0.03999999910593033,0.039073556661605835
1887,USA,USA,-0.021276595070958138,-0.021276595070958138,191596000.0,1.0,3.6574999999999998,7.679580133222467,0.00882884799489414,0.03999999910593033,0.013824759982526302
1888,USA,USA,0.018975332379341125,0.018975332379341125,200236000.0,1.0,3.4683333333333333,7.679580133222467,0.0,0.03999999910593033,0.0546826496720314
1889,USA,USA,0.07782100886106491,0.07782100886106491,199302000.0,1.0,3.4225,7.477954716397035,-0.02625474483340373,0.03999999910593033,0.012131434865295887
1890,USA,USA,-0.09398496896028519,-0.09398496896028519,211678000.0,1.0,3.6033333333333335,7.342728031216925,-0.018083378451543175,0.03999999910593033,-0.016784312203526497
1891,USA,USA,0.2239130437374115,0.2239130437374115,214713945.00000003,1.0,3.601666666666667,7.342728031216925,0.0,0.03999999910593033,0.01893402636051178
1892,USA,USA,0.0628465786576271,0.0628465786576271,224026838.99999997,1.0,3.7375,7.342728031216925,0.0,0.03999999910593033,0.012937572784721851
1893,USA,USA,-0.15426497161388397,-0.15426497161388397,245756925.0,1.0,3.704166666666667,7.275519558941782,-0.009153065725628462,0.03999999910593033,0.02944769896566868
1894,USA,USA,0.022675735875964165,0.022675735875964165,233857116.0,1.0,3.4800000000000004,6.938667456936243,-0.04629938786866972,0.03999999910593033,0.05530650168657303
1895,USA,USA,0.04883720725774765,0.04883720725774765,227131137.0,1.0,3.588333333333334,6.804250512385956,-0.01937215544404247,0.03999999910593033,0.007255651522427797
1896,USA,USA,0.018518518656492233,0.018518518656492233,254552436.00000003,1.0,3.4166666666666665,6.804250512385956,0.0,0.03999999910593033,0.048862989991903305
1897,USA,USA,0.16824644804000854,0.16824644804000854,249378606.00000003,1.0,3.3541666666666665,6.7362322994809904,-0.009996429846483412,0.03999999910593033,0.049910999834537506
1898,USA,USA,0.23157894611358643,0.23157894611358643,273178224.0,1.0,3.1208333333333336,6.7362322994809904,0.0,0.03999999910593033,0.029604105278849602
1899,USA,USA,0.10265486687421799,0.10265486687421799,278869437.0,1.0,3.145833333333333,6.7362322994809904,0.0,0.03500000014901161,0.052182797342538834
1900,USA,USA,0.191029891371727,0.191029891371727,304221203.99999994,1.0,3.104166666666667,6.804250512385955,0.010097367472051921,0.03500000014901161,0.043032702058553696
1901,USA,USA,0.20378455519676208,0.20378455519676208,312499332.0,1.0,3.173333333333334,6.871458984661099,0.009877424729263451,0.03999999910593033,-0.0011636837152764201
1902,USA,USA,0.0540880486369133,0.0540880486369133,347681376.0,1.0,3.29,6.938667456936243,0.00978081546075904,0.03999999910593033,0.01945633441209793
1903,USA,USA,-0.14037266373634338,-0.14037266373634338,351303057.00000006,1.0,3.3916666666666666,7.141102614391496,0.02917493289765427,0.03500000014901161,0.015004489570856094
1904,USA,USA,0.30289193987846375,0.30289193987846375,368376696.0,1.0,3.473333333333333,7.2083110866666384,0.009411497902256372,0.03500000014901161,0.011025133542716503
1905,USA,USA,0.1963636428117752,0.1963636428117752,363720248.99999994,1.0,3.434166666666667,7.141102614391496,-0.009323747472477883,0.03999999910593033,0.022666197270154953
1906,USA,USA,0.07337526232004166,0.07337526232004166,390624164.99999994,1.0,3.6499999999999995,7.275519558941783,0.018822995804512743,0.03500000014901161,0.029605422168970108
1907,USA,USA,-0.28760161995887756,-0.28760161995887756,435636486.0,1.0,3.853333333333333,7.612371660947323,0.04629938786866994,0.03999999910593033,-0.02440689504146576
1908,USA,USA,0.43531203269958496,0.43531203269958496,442362465.00000006,1.0,3.769166666666667,7.477954716397035,-0.01765769598978839,0.03999999910593033,0.03716139495372772
1909,USA,USA,0.18936876952648163,0.18936876952648163,406145655.0,1.0,3.8975000000000004,7.342728031216926,-0.018083378451542953,0.03999999910593033,0.012823841534554958
1910,USA,USA,-0.0757281556725502,-0.0757281556725502,455814422.99999994,1.0,3.9741666666666666,7.679580133222467,0.045875606528451796,0.03500000014901161,0.03598020225763321
1911,USA,USA,0.058563537895679474,0.058563537895679474,460470870.00000006,1.0,4.0075,7.679580133222467,0.0,0.03500000014901161,0.034620750695466995
1912,USA,USA,0.08232710510492325,0.08232710510492325,475474977.00000006,1.0,4.413333333333333,7.88201529067772,0.02636018557570652,0.03500000014901161,0.020212514325976372
1913,USA,USA,-0.09168443828821182,-0.09168443828821182,497722445.99999994,1.0,4.184166666666667,8.016432235228008,0.017053626463940708,0.03500000014901161,0.00908129196614027
1914,USA,USA,-0.033582087606191635,-0.033582087606191635,517383000.0,1.0,4.233333333333333,8.097406298210108,0.010101010101010166,0.03500000014901161,0.010866532102227211
1915,USA,USA,0.3482993245124817,0.3482993245124817,477544508.99999994,1.0,4.065833333333333,8.17838036119221,0.010000000000000009,0.03500000014901161,0.04490499570965767
1916,USA,USA,0.09282700717449188,0.09282700717449188,490996467.0,1.0,4.215,8.826172865049019,0.07920792079207928,0.03500000014901161,0.03297708183526993
1917,USA,USA,-0.23571428656578064,-0.23571428656578064,558773640.0,1.0,4.541666666666667,10.36468006170894,0.17431192660550465,0.03999999910593033,-0.01406230591237545
1918,USA,USA,0.24558822810649872,0.24558822810649872,544804299.0,1.0,4.505833333333333,12.227083510297264,0.1796875,0.03999999910593033,0.031293272972106934
1919,USA,USA,0.19620253145694733,0.19620253145694733,593955684.0,1.0,4.930833333333333,14.00851289590349,0.14569536423841067,0.03999999910593033,0.037024859338998795
1920,USA,USA,-0.17937219142913818,-0.17937219142913818,599129514.0,1.0,5.079999999999999,16.19481259642022,0.1560693641618498,0.03999999910593033,-0.031147217378020287
1921,USA,USA,0.1409691572189331,0.1409691572189331,593438301.0,1.0,4.365833333333333,14.494357273796094,-0.1050000000000002,0.03999999910593033,0.12308336049318314
1922,USA,USA,0.27086183428764343,0.27086183428764343,579986343.0,1.0,4.3549999999999995,13.603642580992984,-0.06145251396648033,0.03999999910593033,0.06760098040103912
1923,USA,USA,0.03416856378316879,0.03416856378316879,612064089.0,1.0,4.085,13.846564769939288,0.017857142857143016,0.03999999910593033,0.03598027303814888
1924,USA,USA,0.2526315748691559,0.2526315748691559,692775837.0,1.0,3.876666666666667,13.846564769939288,0.0,0.03999999910593033,0.06484314799308777
1925,USA,USA,0.2854330539703369,0.2854330539703369,713988540.0,1.0,3.6950000000000003,14.170461021867693,0.023391812865497075,0.03999999910593033,0.03509338200092316
1926,USA,USA,0.13804173469543457,0.13804173469543457,730544796.0,1.0,3.3683333333333327,14.332409147831894,0.011428571428571344,0.03999999910593033,0.052919816225767136
1927,USA,USA,0.3513713777065277,0.3513713777065277,778144032.0000001,1.0,3.3308333333333335,14.08948695888559,-0.016949152542372947,0.03999999910593033,0.03722437471151352
1928,USA,USA,0.37457045912742615,0.37457045912742615,785904777.0,1.0,3.5775,13.84656476993929,-0.01724137931034464,0.039596520364284515,0.013918029144406319
1929,USA,USA,-0.03369330242276192,-0.03369330242276192,794700288.0,1.0,3.315833333333333,13.84656476993929,0.0,0.040735989809036255,0.03400000184774399
1930,USA,USA,-0.22943925857543945,-0.22943925857543945,843334290.0,1.0,3.3358333333333325,13.522668518010883,-0.023391812865497186,0.040352221578359604,0.043433960527181625
1931,USA,USA,-0.40296581387519836,-0.40296581387519836,768313754.9999999,1.0,3.651666666666667,12.308057573279367,-0.08982035928143717,0.04149239882826805,-0.05111215263605118
1932,USA,USA,-0.13270142674446106,-0.13270142674446106,709332093.0,1.0,3.3408333333333338,11.09344662854785,-0.09868421052631582,0.034688811749219894,0.17365306615829468
1933,USA,USA,0.5263929963111877,0.5263929963111877,615685770.0,1.0,3.1358333333333333,10.526628187673143,-0.05109489051094884,0.030792640522122383,-0.004036036320030689
1934,USA,USA,-0.026078233495354652,-0.026078233495354652,602751195.0,1.0,2.8175,10.850524439601546,0.03076923076923066,0.027821529656648636,0.1087663546204567
1935,USA,USA,0.4589632749557495,0.4589632749557495,649315665.0,1.0,2.6616666666666666,11.09344662854785,0.022388059701492713,0.02287467010319233,0.04639130458235741
1936,USA,USA,0.36349692940711975,0.36349692940711975,698984433.0,1.0,2.6774999999999998,11.255394754512054,0.014598540145985606,0.019324960187077522,0.07073504477739334
1937,USA,USA,-0.3071512281894684,-0.3071512281894684,798321969.0000001,1.0,2.57,11.66026506942256,0.03597122302158273,0.01835577003657818,0.0014098361134529114
1938,USA,USA,0.19782213866710663,0.19782213866710663,832469247.0,1.0,2.3766666666666665,11.417342880476255,-0.02083333333333337,0.018016459420323372,0.060613445937633514
1939,USA,USA,0.02364066056907177,0.02364066056907177,799356735.0,1.0,2.2225,11.255394754512054,-0.014184397163120477,0.016273990273475647,0.05752032622694969
1940,USA,USA,-0.0945836752653122,-0.0945836752653122,862994844.0,1.0,1.88,11.336368817494154,0.007194244604316502,0.014513099566102028,0.06237008050084114
1941,USA,USA,-0.10066476464271545,-0.10066476464271545,929737251.0,1.0,2.07,11.903187258368861,0.050000000000000044,0.013585779815912247,0.01142424251884222
1942,USA,USA,0.15410959720611572,0.15410959720611572,1098921492.0,1.0,2.11,13.19877226608248,0.10884353741496611,0.012112190015614033,0.019999999552965164
1943,USA,USA,0.2699579894542694,0.2699579894542694,1318809267.0,1.0,2.12,14.008512895903491,0.06134969325153383,0.009783271700143814,0.024000000208616257
1944,USA,USA,0.19686411321163177,0.19686411321163177,1581122448.0,1.0,2.1,14.251435084849795,0.017341040462427904,0.009044098667800426,0.02500000037252903
1945,USA,USA,0.37328243255615234,0.37328243255615234,1713572496.0,1.0,1.67,14.575331336778198,0.022727272727272707,0.009133612737059593,0.10796946287155151
1946,USA,USA,-0.08597806841135025,-0.08597806841135025,1644760557.0,1.0,1.82,15.789942281509713,0.08333333333333326,0.009413247928023338,-0.0011267605004832149
1947,USA,USA,0.048909448087215424,0.048909448087215424,1305357309.0000002,1.0,2.18,18.057216045008545,0.14358974358974375,0.010075880214571953,-0.029359713196754456
1948,USA,USA,0.0725216269493103,0.0725216269493103,1285696754.9999998,1.0,2.12,19.442604364604694,0.07672214344354056,0.011765670031309128,0.031575758010149
1949,USA,USA,0.16392362117767334,0.16392362117767334,1334330757.0,1.0,1.8,19.251911322559113,-0.009807998890968395,0.010794909670948982,0.06159398704767227
1950,USA,USA,0.28295043110847473,0.28295043110847473,1339504587.0,1.0,2.18,19.45675473168228,0.010640159602394172,0.011071509681642056,-0.0007391304243355989
1951,USA,USA,0.25670886039733887,0.25670886039733887,1455916000.0000002,1.0,2.51,21.00184005115405,0.07941125541125515,0.011931709945201874,-0.03725925832986832
1952,USA,USA,0.17257581651210785,0.17257581651210785,1566784000.0000002,1.0,2.52,21.481604877784626,0.022843942505133663,0.013198410160839558,0.011251968331634998
1953,USA,USA,0.009216589853167534,0.009216589853167534,1625245000.0,1.0,2.59,21.644671012678725,0.007590966122961174,0.014211400412023067,0.035999998450279236
1954,USA,USA,0.4703987240791321,0.4703987240791321,1699970000.0000002,1.0,2.40167,21.7228349451073,0.003611232177324064,0.015180240385234356,0.06668253988027573
1955,USA,USA,0.34429511427879333,0.34429511427879333,1688804000.0,1.0,2.81667,21.66690730380065,-0.0025746014020719965,0.01625104993581772,-0.012167938984930515
1956,USA,USA,0.06193520128726959,0.06193520128726959,1808126000.0000002,1.0,3.1825,21.986301303551897,0.014741097807494885,0.01866590976715088,-0.057301588356494904
1957,USA,USA,-0.09302325546741486,-0.09302325546741486,1843454999.9999998,1.0,3.6475,22.73222779664185,0.033926874865916945,0.024154970422387123,0.07747825980186462
1958,USA,USA,0.36969998478889465,0.36969998478889465,1878063000.0,1.0,3.31583,23.352822467044604,0.02730021342186406,0.02554408088326454,-0.05133333057165146
1959,USA,USA,0.13834361732006073,0.13834361732006073,1859087999.9999998,1.0,4.33333,23.57046858923797,0.009319906512393006,0.028643619269132614,-0.02563636377453804
1960,USA,USA,-0.005248899571597576,-0.005248899571597576,1997061000.0000002,1.0,4.11667,23.92220628516656,0.014922813036020388,0.029515879228711128,0.131378635764122
1961,USA,USA,0.2985915541648865,0.2985915541648865,2046726999.9999998,1.0,3.8825,24.178260546570517,0.010703622331136309,0.030918510630726814,0.011214286088943481
1962,USA,USA,-0.09715639799833298,-0.09715639799833298,2094396000.0,1.0,3.94583,24.462615542129644,0.011760771417423488,0.03570332005620003,0.07669725269079208
1963,USA,USA,0.22046615183353424,0.22046615183353424,2220732000.0,1.0,4.0025,24.769880655814394,0.012560599382988036,0.037941139191389084,-0.006247787270694971
1964,USA,USA,0.16570042073726654,0.16570042073726654,2316765000.0,1.0,4.18667,25.097360579609976,0.013220892274210971,0.03931428864598274,0.05025926232337952
1965,USA,USA,0.12494045495986938,0.12494045495986938,2450914999.9999995,1.0,4.2825,25.49357085778242,0.015786930140149424,0.04344166815280914,-0.0048715597949922085
1966,USA,USA,-0.08208873867988586,-0.08208873867988586,2607294000.0000005,1.0,4.92333,26.255669198961037,0.029893746365702745,0.05483333021402359,0.04399999976158142
1967,USA,USA,0.20767244696617126,0.20767244696617126,2778086000.0,1.0,5.07333,26.986771497969702,0.027845502373925246,0.050208330154418945,-0.051153846085071564
1968,USA,USA,0.1497376710176468,0.1497376710176468,2847549000.0,1.0,5.64583,28.132277404250573,0.04244694132334614,0.05859167128801346,-0.0011914893984794617
1969,USA,USA,-0.11483567953109741,-0.11483567953109741,2983081000.0,1.0,6.67083,29.661864702637363,0.05437125748502969,0.07760833203792572,-0.055359549820423126
1970,USA,USA,0.02282954752445221,0.02282954752445221,3076517000.0,1.0,7.34833,31.407076642206437,0.058836892321671774,0.07564166933298111,0.1419493705034256
1971,USA,USA,0.13536924123764038,0.13536924123764038,3081900000.0,1.0,6.15917,32.73451583948486,0.042265608238575725,0.050050001591444016,0.1796470582485199
1972,USA,USA,0.2165977656841278,0.2165977656841278,3178106000.0,1.0,6.21,33.805900775359305,0.03272951832029625,0.04665832966566086,0.055526312440633774
1973,USA,USA,-0.16459573805332184,-0.16459573805332184,3346554000.0,1.0,6.8425,35.92171756696043,0.06258720350807279,0.08415833115577698,-0.038333334028720856
1974,USA,USA,-0.2543785572052002,-0.2543785572052002,3536621999.9999995,1.0,7.55667,39.877082078647874,0.11011067341962089,0.1024416983127594,0.025545453652739525
1975,USA,USA,0.37736693024635315,0.37736693024635315,3526724000.0000005,1.0,7.9875,43.52248616863579,0.09141601892531259,0.0643666610121727,0.06509523838758469
1976,USA,USA,0.22604283690452576,0.22604283690452576,3516824999.9999995,1.0,7.61083,46.03586089241674,0.0577488775352224,0.052683331072330475,0.17338554561138153
1977,USA,USA,-0.05931232124567032,-0.05931232124567032,3701163000.0000005,1.0,7.41917,49.014176248746985,0.06469555035128804,0.05640833079814911,0.01405494473874569
1978,USA,USA,0.078448086977005,0.078448086977005,3868829000.0000005,1.0,8.41,52.753916119252146,0.07629914764916124,0.08221665769815445,-0.029651163145899773
1979,USA,USA,0.18041826784610748,0.18041826784610748,4089548000.0000005,1.0,9.4425,57.75644264780191,0.09482758620689635,0.11225000023841858,-0.015896104276180267
1980,USA,USA,0.2955473065376282,0.2955473065376282,4228647000.0,1.0,11.46,64.2243557352198,0.11198600174978135,0.13066670298576355,-0.03143478184938431
1981,USA,USA,-0.02299625426530838,-0.02299625426530838,4230558687.3625665,1.0,13.9108,70.28802425467407,0.09441384736428016,0.15910829603672028,-0.0006666667177341878
1982,USA,USA,0.18150241672992706,0.18150241672992706,4336140302.34447,1.0,13.0008,74.53259221829207,0.06038820992092031,0.12270829826593399,0.3634151220321655
1983,USA,USA,0.230200856924057,0.230200856924057,4254869358.6207905,1.0,11.105,77.71601819100556,0.042711864406779654,0.09066666662693024,0.012692307122051716
1984,USA,USA,0.046411190181970596,0.046411190181970596,4433128867.558907,1.0,12.4383,80.94997473471449,0.041612483745123274,0.10365000367164612,0.14989830553531647
1985,USA,USA,0.3082066774368286,0.3082066774368286,4755958160.981338,1.0,10.6233,83.72915613946437,0.03433208489388262,0.08047500252723694,0.29332786798477173
1986,USA,USA,0.23917028307914734,0.23917028307914734,4940383352.1944895,1.0,7.6825,85.19454269833248,0.017501508750754402,0.06518332660198212,0.25966668128967285
1987,USA,USA,0.004867256619036198,0.004867256619036198,5110480955.623846,1.0,8.38417,88.12531581606872,0.03440094899169632,0.06860832870006561,-0.031142856925725937
1988,USA,USA,0.18775933980941772,0.18775933980941772,5290128281.006109,1.0,8.84583,91.3087417887822,0.03612385321100908,0.07727500051259995,0.07466666400432587
1989,USA,USA,0.300759494304657,0.300759494304657,5512844685.007817,1.0,8.49917,95.30065689742294,0.043718871057000674,0.09085000306367874,0.18259458243846893
1990,USA,USA,-0.022260470315814018,-0.022260470315814018,5703521069.177835,1.0,8.55,100.0,0.049310710498409405,0.08147499710321426,0.05430864170193672
1991,USA,USA,0.2188897281885147,0.2188897281885147,5803200232.005603,1.0,7.85833,103.63820111167254,0.036382011116725455,0.05835000053048134,0.1706075817346573
1992,USA,USA,0.1532006859779358,0.1532006859779358,5787941030.707499,1.0,7.01,106.21526023244061,0.024865919063871367,0.03681667149066925,0.0729999989271164
1993,USA,USA,0.0984528511762619,0.0984528511762619,5981776791.994104,1.0,5.87333,108.89338049519958,0.025214081826831602,0.0317416712641716,0.15439535677433014
1994,USA,USA,0.005172228906303644,0.005172228906303644,6152466955.441745,1.0,7.08,111.16725618999494,0.02088167053364276,0.04629167169332504,-0.07578494399785995
1995,USA,USA,0.3804345428943634,0.3804345428943634,6404856578.231552,1.0,6.58,113.84537645275392,0.024090909090909163,0.059166669845581055,0.2915000021457672
1996,USA,USA,0.23362676799297333,0.23362676799297333,6567255198.225797,1.0,6.43833,116.87721071248107,0.026631158455392878,0.05389999970793724,-0.013164948672056198
1997,USA,USA,0.31566765904426575,0.31566765904426575,6812634937.645373,1.0,6.3525,119.40373926225368,0.02161694768698652,0.05615833029150963,0.1437777876853943
1998,USA,USA,0.2534160315990448,0.2534160315990448,7115967614.4497175,1.0,5.26417,121.02071753410816,0.013542107490478239,0.054666668176651,0.1208556741476059
1999,USA,USA,0.2145456075668335,0.2145456075668335,7425693251.780319,1.0,5.63667,123.59777665487623,0.02129436325678502,0.053300000727176666,-0.09263106435537338
2000,USA,USA,-0.05703166499733925,-0.05703166499733925,7783890789.324817,1.0,6.02917,127.79181404749878,0.033932951757972285,0.06455832719802856,0.20336362719535828
2001,USA,USA,-0.1279255896806717,-0.1279255896806717,8098480383.385529,1.0,5.0175,131.43001515917135,0.028469750889679846,0.03686666861176491,0.03500000014901161
2002,USA,USA,-0.20060615241527557,-0.20060615241527557,8184495162.975943,1.0,4.61083,133.50176856998488,0.01576316801230293,0.017258329316973686,0.15904080867767334
2003,USA,USA,0.22114592790603638,0.22114592790603638,8330896407.326945,1.0,4.015,136.533602829712,0.022710068130204375,0.011508329771459103,0.020222222432494164
2004,USA,USA,0.12771135568618774,0.12771135568618774,8542675102.077547,1.0,4.27417,140.22233451238003,0.02701702442635079,0.01563332974910736,0.06904761493206024
2005,USA,USA,0.07094670832157135,0.07094670832157135,8842682890.774733,1.0,4.29,144.97220818595252,0.03387387387387375,0.03511666879057884,0.07603738456964493
2006,USA,USA,0.14201273024082184,0.14201273024082184,9116266100.769632,1.0,4.79167,149.67155128852957,0.0324154757755315,0.051533330231904984,0.0005454545607790351
2007,USA,USA,0.06391465663909912,0.06391465663909912,9358406829.643074,1.0,4.62917,153.91611925214755,0.028359216745442284,0.052683331072330475,0.08609523624181747
2008,USA,USA,-0.3875488340854645,-0.3875488340854645,9536996332.723022,1.0,3.66667,159.82819605861545,0.03841103086014441,0.029650000855326653,0.2468348741531372
2009,USA,USA,0.2908405065536499,0.2908405065536499,9507510301.821054,1.0,3.25667,159.27235977766546,-0.0034777110338287676,0.005558332893997431,-0.15220610797405243
2010,USA,USA,0.13858318328857422,0.13858318328857422,9175287835.662321,1.0,3.21417,161.89994946942898,0.016497461928933976,0.0031166670378297567,0.10107476264238358
2011,USA,USA,0.022730018943548203,0.022730018943548203,9429110686.979757,1.0,2.78583,167.00353713996967,0.031523096129837835,0.0030333329923450947,0.2533893883228302
2012,USA,USA,0.16907955706119537,0.16907955706119537,9575438686.140017,1.0,1.8025,170.5406771096513,0.021180030257186067,0.0028250000905245543,0.03229926899075508
2013,USA,USA,0.2956359088420868,0.2956359088420868,9793845930.17494,1.0,2.35083,173.06720565942393,0.014814814814814836,0.0020833329763263464,-0.13242028653621674
2014,USA,USA,0.15816636383533478,0.15816636383533478,9974208259.77236,1.0,2.54083333333333,175.99797877716017,0.016934306569343027,0.0008999999845400453,0.24389655888080597
2015,USA,USA,0.021029368042945862,0.021029368042945862,10202374791.175531,1.0,2.135833,176.30116220313286,0.0017226528854434875,0.0013000000035390258,-0.018857143819332123
2016,USA,USA,0.036493316292762756,0.036493316292762756,10478524138.717918,1.0,1.84166667,178.57503789792818,0.012897678417884695,0.004,0.00227823993191123
2017,USA,USA,0.19302545487880707,0.19302545487880707,10653261337.677578,1.0,2.33,182.41536129358255,0.021505376344086002,0.01,0.025167474523186684
2018,USA,USA,0.14207513630390167,0.14207513630390167,10893542673.789621,1.0,2.91,186.86205154118238,0.02437673130193918,0.0183,-0.017138032242655754
2019,USA,USA,0.08163652569055557,0.08163652569055557,11211510187.823322,1.0,2.144167,190.24759979787768,0.018117901568415418,0.0216,0.1186676025390625
2020,USA,USA,0.12535415589809418,0.12535415589809418,11468135050.891201,1.0,0.8941666,192.62253663466396,0.012483399734395828,0.0038,0.11865632981061935
