year,P,D,CPI,GS10,real_tr_price,bond_ret_m,month,tr_index
1871,4.44,0.26,12.46406116,5.32,118.94058292634374,1.0041769357097787,1,4.44
1871,4.5,0.26,12.84464132,5.323333333333333,117.5393340995216,1.0041797523411402,2,4.5216666666666665
1871,4.61,0.26,13.0349719,5.326666666666667,119.21197707810029,1.0041825689642252,3,4.653967283950617
1871,4.74,0.26,12.55922645,5.33,127.79832549489623,1.0041853855790357,4,4.807080452005391
1871,4.86,0.26,12.27381157,5.333333333333334,134.6785346636494,1.0041882021855737,5,4.950751984502036
1871,4.82,0.26,12.08348099,5.336666666666667,136.2838481832432,1.0041910187838414,6,4.932076308291637
1871,4.73,0.26,12.08348099,5.34,134.35174660111565,1.0041938353738404,7,4.8621540646402
1871,4.79,0.26,11.8932314,5.343333333333334,138.85767967102132,1.004196651955573,8,4.946102461105093
1871,4.84,0.26,12.17864628,5.346666666666668,137.63231698062867,1.0041994685290414,9,5.020104689994278
1871,4.59,0.26,12.36889587,5.3500000000000005,129.1222400628536,1.0042022850942474,10,4.783274682236284
1871,4.64,0.26,12.36889587,5.3533333333333335,131.1383098968052,1.004205101651193,11,4.857959072699668
1871,4.74,0.26,12.65439174,5.3566666666666665,131.54073078073213,1.0042079181998806,12,4.985340901832957
1872,4.86,0.2633,12.65439174,5.36,135.47978364182248,1.0030599998857486,1,5.134629424302928
1872,4.88,0.2667,12.65439174,5.378333333333333,136.6568687990809,1.0030764483003818,2,5.1792404793319795
1872,5.04,0.27,12.84464132,5.3966666666666665,139.66769736004528,1.0030928953450977,3,5.372931337421753
1872,5.18,0.2733,13.13013719,5.415000000000001,141.0435397854082,1.0031093410217495,4,5.546458896637788
1872,5.18,0.2767,13.13013719,5.433333333333334,141.67138321299223,1.0031257853321864,5,5.5711484908575395
1872,5.13,0.28,13.0349719,5.451666666666666,141.97104330120322,1.003142228278255,6,5.542468189746303
1872,5.1,0.2833,12.84464132,5.470000000000001,143.89524733964714,1.0031586698618002,7,5.535562612908201
1872,5.04,0.2867,12.93980661,5.488333333333333,141.82568037795122,1.0031751100846626,8,5.496370467807335
1872,4.95,0.29,13.0349719,5.506666666666667,138.95121815347892,1.0031915489486818,9,5.424575946154429
1872,4.97,0.2933,12.74947603,5.5249999999999995,143.33817383623082,1.0032079864556935,10,5.473278409994229
1872,4.95,0.2967,13.13013719,5.543333333333333,139.3149198886881,1.0032244226075313,11,5.47848187890514
1872,5.07,0.3,12.93980661,5.5616666666666665,145.50506024604573,1.0032408574060259,12,5.638962661216501
1873,5.11,0.3025,12.93980661,5.58,147.3764887411564,1.0053472215787504,1,5.711488767107396
1873,5.15,0.305,13.22522149,5.570833333333334,146.04189402435952,1.0053398720295676,2,5.784605510130542
1873,5.11,0.3075,13.22522149,5.561666666666666,145.63425281531093,1.0053325226495526,3,5.768459159798867
1873,5.04,0.31,13.22522149,5.552499999999999,144.37550927336514,1.0053251734388198,4,5.7186013099180215
1873,5.05,0.3125,12.93980661,5.543333333333333,148.61523738105583,1.0053178243974839,5,5.759495738928264
1873,4.98,0.315,12.55922645,5.534166666666667,151.7921769231027,1.005310475525659,6,5.709599117427648
1873,4.97,0.3175,12.55922645,5.525,152.29383279563132,1.0053031268234605,7,5.728468692824099
1873,4.97,0.32,12.55922645,5.515833333333333,153.11096939010824,1.005295778291002,8,5.759204943355685
1873,4.59,0.3225,12.55922645,5.506666666666667,142.23223476920643,1.0052884299283993,9,5.35000589997088
1873,4.19,0.325,12.27381157,5.4975000000000005,133.71525929964685,1.005281081735767,10,4.915342203486318
1873,4.04,0.3275,11.8932314,5.488333333333332,133.95281590659596,1.0052737337132196,11,4.771391499535769
1873,4.42,0.33,12.17864628,5.479166666666666,144.0082229202101,1.0052663858608724,12,5.252664280738943
1874,4.66,0.33,12.36889587,5.47,150.3745657158018,1.007109145660312,1,5.570557424426198
1874,4.8,0.33,12.36889587,5.4366666666666665,155.77966008434186,1.0070852297331554,2,5.770786688072418
1874,4.73,0.33,12.36889587,5.403333333333332,154.40036101067844,1.0070613220358624,3,5.719691180938445
1874,4.6,0.33,12.17864628,5.37,153.41418405821827,1.007037422588707,4,5.595744384734175
1874,4.48,0.33,12.08348099,5.336666666666667,151.51316556793176,1.0070135314120179,5,5.483221263954195
1874,4.46,0.33,11.79806612,5.303333333333334,155.4383068705666,1.0069896485261771,6,5.492400763838047
1874,4.46,0.33,11.8932314,5.27,155.1452976188285,1.006965773951622,7,5.526266463615075
1874,4.47,0.33,11.79806612,5.236666666666666,157.71172182540872,1.0069419077088448,8,5.572731708544574
1874,4.54,0.33,11.79806612,5.203333333333333,161.1517426034797,1.0069180498183923,9,5.694284581381956
1874,4.53,0.33,11.60773554,5.17,164.42549249120657,1.0068942003008658,10,5.716233916222083
1874,4.57,0.33,11.51265124,5.136666666666667,168.25378535314184,1.0068703591769228,11,5.801409587159167
1874,4.54,0.33,11.51265124,5.1033333333333335,168.16174280097925,1.0068465264672748,12,5.798235949529429
1875,4.54,0.3275,11.51265124,5.07,169.1726269927436,1.0073431926888408,1,5.833091351024858
1875,4.53,0.325,11.51265124,5.03,169.809198001068,1.007315568235935,2,5.855040391534405
1875,4.59,0.3225,11.51265124,4.99,173.0657485697971,1.0072879584453418,3,5.967326624208699
1875,4.65,0.32,11.60773554,4.95,174.88908254832816,1.0072603633605304,4,6.079999458071753
1875,4.47,0.3175,11.32232066,4.91,173.3773555393098,1.0072327830251093,5,5.8792396193352445
1875,4.38,0.315,11.13207107,4.87,173.8254914071646,1.0072052174828279,6,5.795391403287677
1875,4.39,0.3125,11.13207107,4.83,175.25584766731683,1.0071776667775758,7,5.843079888484063
1875,4.41,0.31,11.22715537,4.79,175.58582607697343,1.0071501309533841,8,5.90408394958251
1875,4.37,0.3075,11.13207107,4.75,176.50835314655131,1.0071226100544257,9,5.884838777978144
1875,4.3,0.305,11.13207107,4.710000000000001,174.70759096246653,1.0070951041250158,10,5.824800853755826
1875,4.37,0.3025,11.03690579,4.67,180.11563770222654,1.0070676132096117,11,5.953770523822028
1875,4.37,0.3,10.9417405,4.63,182.72155703265977,1.0070401373528144,12,5.987830995926274
1876,4.46,0.3,10.84657521,4.59,189.17536317094957,1.0047535252938302,1,6.145405495819069
1876,4.52,0.3,10.84657521,4.578333333333333,192.78072323138244,1.0047443025681573,2,6.262526452577951
1876,4.51,0.3,10.84657521,4.566666666666666,193.42048226865475,1.0047350802178763,3,6.28330917310642
1876,4.34,0.3,10.75149091,4.555000000000001,188.85744410966748,1.0047258582433127,4,6.081295907008762
1876,4.18,0.3,10.37091074,4.543333333333333,189.69774756143707,1.0047166366447913,5,5.892131172574157
1876,4.15,0.3,10.08541488,4.531666666666666,194.83433803286567,1.0047074154226387,6,5.885083168779213
1876,4.1,0.3,10.08541488,4.52,193.66063720134238,1.0046981945771802,7,5.849630860533555
1876,3.93,0.3,10.18058017,4.508333333333334,185.06539890864636,1.0046889741087426,8,5.642753671563468
1876,3.69,0.3,10.27574545,4.496666666666667,173.32080050954718,1.004679754017652,9,5.3340534070886205
1876,3.67,0.3,10.46599504,4.485,170.4007789151433,1.004670534304236,10,5.341281121732372
1876,3.6,0.3,10.56116033,4.473333333333334,166.79476320543537,1.004661314968821,11,5.2757885739182155
1876,3.58,0.3,10.75149091,4.461666666666667,164.06960143279434,1.0046520960117353,12,5.283116058048657
1877,3.55,0.2908,10.9417405,4.45,160.95715187634397,1.004442533161084,1,5.27460601076707
1877,3.34,0.2817,10.65632562,4.440833333333333,156.58460376153178,1.0044352053538859,2,4.997466324525288
1877,3.17,0.2725,10.18058017,4.431666666666667,156.67394933148898,1.0044278777306086,3,4.777081550857662
1877,2.94,0.2633,10.46599504,4.4225,142.39870296369702,1.0044205502913774,4,4.463544760425845
1877,2.94,0.2542,10.65632562,4.413333333333333,140.86303505302374,1.0044132230363174,5,4.495705561959299
1877,2.73,0.245,10.08541488,4.404166666666667,139.23932727970447,1.0044058959655546,6,4.205803913618669
1877,2.85,0.2358,10.18058017,4.395,144.99380272858295,1.0043985690792139,7,4.420946959969163
1877,3.05,0.2267,9.8,4.385833333333333,162.1931806891512,1.0043912423774213,8,4.760493783938489
1877,3.24,0.2175,9.704834711,4.376666666666667,174.95986147855172,1.004383915860302,9,5.085338954031014
1877,3.31,0.2083,9.704834711,4.367500000000001,179.67720774367427,1.0043765895279828,10,5.2224521439875655
1877,3.26,0.1992,9.514585124,4.358333333333333,181.4206464372686,1.0043692633805883,11,5.169754288516512
1877,3.25,0.19,9.514585124,4.349166666666666,181.7452743833476,1.0043619374182455,12,5.179004871343613
1878,3.25,0.1892,9.229089256,4.34,188.27641845868325,1.0044217286102688,1,5.204129684719464
1878,3.18,0.1883,9.134004959,4.33,187.05746327494612,1.0044137681563745,2,5.117167343295577
1878,3.24,0.1875,8.94367438,4.32,195.58140391559766,1.0044058079432483,3,5.238860984910899
1878,3.33,0.1867,8.848509091,4.3100000000000005,204.12539275978776,1.0043978479710691,4,5.40954167445788
1878,3.34,0.1858,8.563094215,4.3,212.54322448617705,1.0043898882400162,5,5.450939017902556
1878,3.41,0.185,8.372844628,4.29,222.9317343644406,1.0043819287502689,6,5.5903405272176805
1878,3.48,0.1842,8.467928926,4.279999999999999,225.94566496372832,1.0043739695020064,7,5.730262980003025
1878,3.45,0.1833,8.563094215,4.27,222.48921134136674,1.0043660104954082,8,5.706016393112064
1878,3.52,0.1825,8.563094215,4.26,227.98426493065529,1.0043580517306545,9,5.846943971903297
1878,3.48,0.1817,8.467928926,4.25,228.9182999275964,1.004350093207925,10,5.80565269854111
1878,3.47,0.1808,8.372844628,4.239999999999999,231.85503427972517,1.004342134927399,11,5.814105372968104
1878,3.45,0.18,8.18251405,4.2299999999999995,236.90627648992424,1.0043341768892575,12,5.805727699520025
1879,3.58,0.1817,8.277679339,4.22,244.0347320021519,1.0048663382006082,1,6.049974944308768
1879,3.71,0.1833,8.372844628,4.203333333333333,251.05132566259348,1.004853493821275,2,6.295480561636827
1879,3.65,0.185,8.277679339,4.186666666666666,250.8859802393503,1.0048406505677119,3,6.219827324878613
1879,3.77,0.1867,8.18251405,4.17,263.2299555958641,1.004827808441316,4,6.450827167558523
1879,3.94,0.1883,8.18251405,4.153333333333332,276.1953691691237,1.0048149674434854,5,6.7685632015432855
1879,3.96,0.19,8.087381157,4.136666666666667,281.98576768025714,1.00480212757562,6,6.830121623215529
1879,4.04,0.1917,8.18251405,4.119999999999999,285.4620793368344,1.0047892888391219,7,6.995657209778184
1879,4.07,0.1933,8.18251405,4.103333333333333,288.72004485863874,1.0047764512353945,8,7.075498322281698
1879,4.22,0.195,8.467928926,4.086666666666666,290.38465616823964,1.0047636147658443,9,7.364515913455981
1879,4.68,0.1967,8.94367438,4.069999999999999,305.9755665094113,1.004750779431878,10,8.195888901656096
1879,4.93,0.1983,9.419419835,4.053333333333333,307.06684555301183,1.0047379452349057,11,8.662643023347098
1879,4.92,0.2,9.704834711,4.036666666666667,298.43916994868476,1.004725112176339,12,8.674357212695776
1880,5.11,0.205,9.990330579,4.02,302.1129772679445,1.0055306639798018,1,9.039461848087866
1880,5.2,0.21,9.990330579,3.993333333333333,308.4685829541096,1.0055111531554377,2,9.229626652132765
1880,5.3,0.215,10.08541488,3.9666666666666663,312.4893446153848,1.005491647018348,3,9.438920269324559
1880,5.18,0.22,9.704834711,3.9399999999999995,318.51441592865416,1.005472145577851,4,9.25785922013311
1880,4.77,0.225,9.419419835,3.913333333333333,303.3789802291574,1.0054526488432851,5,8.55860489197151
1880,4.79,0.23,9.229089256,3.8866666666666667,312.1779645485699,1.005433156824009,6,8.628879949609995
1880,5.01,0.235,9.229089256,3.8600000000000003,327.7922938470587,1.0054136695294011,7,9.060474066783424
1880,5.19,0.24,9.229089256,3.8333333333333335,340.87781455951614,1.0053941869688605,8,9.422169638311704
1880,5.18,0.245,9.324254545,3.8066666666666666,338.0759255676879,1.005374709151806,9,9.441080543976266
1880,5.33,0.25,9.324254545,3.7800000000000002,349.22546944500067,1.0053552360876774,10,9.752441791002513
1880,5.61,0.255,9.419419835,3.7533333333333334,365.235914096966,1.0053357677859338,11,10.303646873467711
1880,5.84,0.26,9.514585124,3.726666666666667,377.8035468058172,1.0053163042560556,12,10.765872267969678
1881,6.19,0.265,9.419419835,3.7,405.93468235577404,1.003636193113409,1,11.45179720627568
1881,6.17,0.27,9.514585124,3.693333333333334,402.0368141894861,1.0036308102375502,2,11.456422326310525
1881,6.24,0.275,9.514585124,3.686666666666667,408.09125837940076,1.0036254274364746,3,11.628949485870713
1881,6.22,0.28,9.609669421,3.68,404.26917945572734,1.0036200447102193,4,11.63516153153624
1881,6.5,0.285,9.514585124,3.673333333333334,428.24879547081974,1.0036146620588215,5,12.203357723691248
1881,6.58,0.29,9.514585124,3.666666666666667,435.1117569366983,1.0036092794823186,6,12.398924353878611
1881,6.35,0.295,9.609669421,3.66,417.3574167770573,1.0036038969807477,7,12.011850537613274
1881,6.2,0.3,9.8,3.6533333333333333,401.1955787409127,1.0035985145541462,8,11.775396786872856
1881,6.25,0.305,10.18058017,3.646666666666667,390.8954030369353,1.0035931322025515,9,11.918632460154036
1881,6.15,0.31,10.27574545,3.64,382.679593375491,1.0035877499260009,10,11.777198021626877
1881,6.19,0.315,10.18058017,3.6333333333333337,390.4176737688931,1.0035823677245315,11,11.904066211697247
1881,6.01,0.32,10.18058017,3.626666666666667,380.74658438097225,1.0035769855981806,12,11.609188965742442
1882,5.92,0.32,10.18058017,3.62,376.7342798312005,1.0029473239550168,1,11.486851422564902
1882,5.79,0.32,10.27574545,3.6208333333333336,366.73030531881346,1.0029480211096595,2,11.286348948409769
1882,5.78,0.32,10.27574545,3.621666666666667,367.7859481090231,1.0029487182641554,3,11.318836999499032
1882,5.78,0.32,10.37091074,3.6225,366.0923306098027,1.0029494154185046,4,11.371057700765466
1882,5.71,0.32,10.46599504,3.6233333333333335,360.0466544428636,1.002950112572707,5,11.28580755652674
1882,5.68,0.32,10.56116033,3.6241666666666665,356.5940283316352,1.0029508097267625,6,11.279219227538688
1882,6.0,0.32,10.46599504,3.625,381.79831984574525,1.0029515068806714,7,11.967622278984713
1882,6.18,0.32,10.56116033,3.6258333333333335,391.3903136418677,1.0029522040344336,8,12.379840379705298
1882,6.24,0.32,10.27574545,3.626666666666667,407.9026164426359,1.002952901188049,9,12.553451949215725
1882,6.07,0.32,10.18058017,3.6275,402.2584365489134,1.0029535983415176,10,12.26509808499763
1882,5.81,0.32,10.08541488,3.6283333333333334,390.44523000782823,1.0029542954948398,11,11.793622595733579
1882,5.84,0.32,9.990330579,3.629166666666667,398.00571786392703,1.0029549926480152,12,11.90864932214062
1883,5.81,0.3208,9.990330579,3.63,397.7830890948021,1.0030943156162713,1,11.9019880913554
1883,5.68,0.3217,10.08541488,3.629166666666667,387.034394710653,1.0030936238807047,2,11.690596355074202
1883,5.75,0.3225,9.990330579,3.6283333333333334,397.38192120228945,1.0030929321452842,3,11.88998482723931
1883,5.87,0.3233,9.895165289,3.6275,411.456472304604,1.0030922404100109,4,12.193834251092515
1883,5.77,0.3242,9.8,3.626666666666667,410.28659081660794,1.0030915486748841,5,12.042224937675325
1883,5.82,0.325,9.514585124,3.6258333333333335,428.2397860955004,1.0030908569399042,6,12.203100992951894
1883,5.73,0.3258,9.324254545,3.625,432.2622490919748,1.0030901652050708,7,12.071320082744503
1883,5.47,0.3267,9.324254545,3.6241666666666665,414.70206671285007,1.0030894734703844,8,11.580935871180651
1883,5.53,0.3275,9.229089256,3.6233333333333335,425.6644087826715,1.0030887817358447,9,11.765747423969529
1883,5.38,0.3283,9.229089256,3.6225,416.2242293009738,1.0030880900014516,10,11.504812365442463
1883,5.46,0.3292,9.134004959,3.621666666666667,428.9552053019296,1.0030873982672053,11,11.734552205924626
1883,5.34,0.33,9.229089256,3.6208333333333336,417.343591989165,1.003086706533106,12,11.535752557747331
1884,5.18,0.3283,9.229089256,3.62,406.9770845707949,1.0037103920018629,1,11.249212961209151
1884,5.32,0.3267,9.229089256,3.611666666666667,420.1154519390095,1.0037037188195472,2,11.612369261872901
1884,5.3,0.325,9.229089256,3.6033333333333335,420.67481618422903,1.0036970457842034,3,11.627830593126959
1884,5.06,0.3233,9.038839669,3.5949999999999998,412.2622457673047,1.003690372895923,4,11.160395459833753
1884,4.65,0.3217,8.848509091,3.586666666666667,389.2379721067736,1.0036837001547976,5,10.315223416965614
1884,4.46,0.32,8.848509091,3.5783333333333336,375.5658139467507,1.0036770275609186,6,9.952896572928829
1884,4.46,0.3183,8.753424793,3.57,381.90327579546425,1.0036703551143773,7,10.012089528443838
1884,4.74,0.3167,8.753424793,3.5616666666666665,408.1391460143953,1.003663682815266,8,10.699896882128995
1884,4.59,0.315,8.658259504,3.5533333333333337,401.8524652070098,1.0036570106636764,9,10.420548308465815
1884,4.44,0.3133,8.563094215,3.545,395.3512176525113,1.0036503386596998,10,10.13928053122914
1884,4.35,0.3117,8.372844628,3.536666666666667,398.5039522275676,1.0036436668034285,11,9.993071649244465
1884,4.34,0.31,8.277679339,3.5283333333333333,404.55256765130355,1.0036369950949544,12,10.029444898542481
1885,4.24,0.3042,8.277679339,3.52,397.5940770579465,1.0039790233810126,1,9.856933824423542
1885,4.37,0.2983,8.372844628,3.5075,407.4314000273591,1.0039692212858526,2,10.216940509288445
1885,4.38,0.2925,8.18251405,3.495,420.1879760929293,1.0039594196907509,3,10.29730831935865
1885,4.37,0.2867,8.277679339,3.4825,416.67458945535856,1.0039496185961747,4,10.329967400348703
1885,4.32,0.2808,8.087381157,3.4699999999999998,423.8830914741212,1.003939818002592,5,10.267089337911798
1885,4.3,0.275,7.897091074,3.4575,434.39015631551155,1.0039300179104702,6,10.274021207642253
1885,4.46,0.2692,7.992232066,3.445,447.4292989020052,1.0039202183202782,7,10.709910495002148
1885,4.71,0.2633,7.992232066,3.4325,474.7106148793392,1.003910419232485,8,11.362930878379213
1885,4.65,0.2575,7.897091074,3.42,476.4984086492293,1.0039006206475598,9,11.269948650296229
1885,4.92,0.2517,7.897091074,3.4075,506.3154246614249,1.0038908225659726,10,11.975168716644603
1885,5.24,0.2458,7.992232066,3.3950000000000005,534.9100593672501,1.003881024988194,11,12.803897448732451
1885,5.2,0.24,8.18251405,3.3825000000000003,520.4767178680478,1.0038712279146946,12,12.755027611141871
1886,5.2,0.2383,7.992232066,3.37,534.9033945857926,1.001756475011806,1,12.803737916906856
1886,5.3,0.2367,7.992232066,3.3825000000000003,547.2190309159434,1.0017675107673607,2,13.098531671157179
1886,5.19,0.235,7.897091074,3.3950000000000005,544.363818351531,1.0017785460191069,3,12.875074016075333
1886,5.12,0.2333,7.801941983,3.4075,545.6350559524797,1.001789580767515,4,12.749651610719633
1886,5.02,0.2317,7.611651901,3.42,550.4616069210849,1.0018006150130552,5,12.548715939257068
1886,5.25,0.23,7.51650281,3.4325,585.0976405792796,1.0018116487561965,6,13.171568871833077
1886,5.33,0.2283,7.611651901,3.445,588.6817557542769,1.001822681997408,7,13.420009749458464
1886,5.37,0.2267,7.706792893,3.4575,587.8385332986971,1.0018337147371585,8,13.568288687700212
1886,5.51,0.225,7.706792893,3.4699999999999998,605.2164415223783,1.0018447469759157,9,13.96939964285336
1886,5.65,0.2233,7.706792893,3.4825,622.6379244798729,1.0018557787141473,10,14.371516375161933
1886,5.79,0.2217,7.706792893,3.495,640.1020917510141,1.0018668099523205,11,14.774618332251098
1886,5.64,0.22,7.801941983,3.5075,617.9170555622227,1.0018778406909017,12,14.438638237764097
1887,5.58,0.2225,7.992232066,3.52,598.7708151566433,1.001888870930357,1,14.332503153200157
1887,5.54,0.225,8.087381157,3.5324999999999998,589.472761067338,1.0018999006711522,2,14.277921487966195
1887,5.67,0.2275,8.087381157,3.5450000000000004,605.3223784019929,1.0019109299137525,3,14.661823182607279
1887,5.8,0.23,8.087381157,3.5575,621.247232272357,1.0019219586586225,4,15.047547219892216
1887,5.9,0.2325,8.087381157,3.5700000000000003,634.0336785400316,1.0019329869062263,5,15.357254280129222
1887,5.73,0.235,7.992232066,3.5825,625.2252583172084,1.0019440146570282,6,14.965731060134404
1887,5.59,0.2375,7.897091074,3.5949999999999998,619.4832453053912,1.001955041911491,7,14.65176847935715
1887,5.45,0.24,7.992232066,3.6075,598.9687218237104,1.0019660686700782,8,14.337240354576675
1887,5.38,0.2425,7.897091074,3.62,600.6467004517331,1.0019770949332516,9,14.206254099043655
1887,5.2,0.245,7.992232066,3.6325,575.8920037130265,1.0019881207014731,10,13.784863507351142
1887,5.3,0.2475,8.087381157,3.6450000000000005,582.3184218956984,1.0019991459752047,11,14.10463257669234
1887,5.27,0.25,8.277679339,3.6574999999999998,567.9473192578622,1.0020101707549067,12,14.080237771921333
1888,5.31,0.2483,8.372844628,3.67,567.9584540413215,1.0045816690372138,1,14.242392059860775
1888,5.28,0.2467,8.277679339,3.6516666666666664,573.4665610749558,1.004567701185391,2,14.21706778144925
1888,5.08,0.245,8.277679339,3.6333333333333337,553.9618192959703,1.0045537348950258,3,13.733516943869974
1888,5.1,0.2433,8.18251405,3.615,564.8475460100103,1.0045397701682555,4,13.842398320821616
1888,5.17,0.2417,8.087381157,3.5966666666666667,581.5929458203998,1.0045258070072212,5,14.087060449312347
1888,5.01,0.24,7.992232066,3.578333333333333,572.5802954600355,1.0045118454140671,6,13.705592661516656
1888,5.14,0.2383,8.087381157,3.5600000000000005,582.769245136008,1.0044978853909405,7,14.11555219716545
1888,5.25,0.2367,8.087381157,3.541666666666667,597.4773658218579,1.0044839269399921,8,14.47180511716103
1888,5.38,0.235,8.087381157,3.5233333333333334,614.5007288639251,1.0044699700633755,9,14.88413670740395
1888,5.35,0.2333,8.18251405,3.505,606.1643730606578,1.004456014763247,10,14.854926358568324
1888,5.24,0.2317,8.277679339,3.486666666666667,589.0381439143925,1.0044420610417675,11,14.603109904424558
1888,5.14,0.23,8.277679339,3.4683333333333333,579.951518602736,1.0044281089010998,12,14.377839284079585
1889,5.24,0.2292,7.992232066,3.45,614.5829571013267,1.0030847289110842,1,14.71099116321069
1889,5.3,0.2283,7.897091074,3.4475000000000002,631.3674620805698,1.0030826702487605,2,14.932849193110064
1889,5.19,0.2275,7.801941983,3.445,628.0896551873614,1.0030806115904525,3,14.676337593369928
1889,5.18,0.2267,7.801941983,3.4425,629.1657175863415,1.0030785529361603,4,14.701481543614188
1889,5.32,0.2258,7.611651901,3.4400000000000004,664.6669678023449,1.0030764942858854,5,15.152222913077185
1889,5.41,0.225,7.611651901,3.4375,678.2539100483043,1.003074435639628,6,15.461960552512735
1889,5.3,0.2242,7.611651901,3.4350000000000005,666.8055022443774,1.003072376997389,7,15.200974471590934
1889,5.37,0.2233,7.611651901,3.4325,677.9535256804852,1.0030703183591692,8,15.455112775924938
1889,5.5,0.2225,7.706792893,3.4299999999999997,688.1057618112891,1.0030682597249694,9,15.882622684725154
1889,5.4,0.2217,7.706792893,3.4275,677.9061577691683,1.0030662010947902,10,15.647198900293848
1889,5.35,0.2208,7.706792893,3.4250000000000003,673.9391513644449,1.0030641424686324,11,15.555633810432866
1889,5.32,0.22,7.801941983,3.4225,664.2683566510135,1.0030620838464972,12,15.521711867544076
1890,5.38,0.22,7.611651901,3.42,690.9003739922492,1.0014510943480162,1,15.750258376871944
1890,5.32,0.22,7.611651901,3.4366666666666665,685.5495346645522,1.0014660798155122,2,15.628276821908562
1890,5.28,0.22,7.611651901,3.4533333333333336,682.7575096173595,1.0014810640939893,3,15.564627824826855
1890,5.39,0.22,7.611651901,3.4699999999999998,699.3523101983369,1.0014960471849268,4,15.942934751124728
1890,5.62,0.22,7.706792893,3.4866666666666664,722.5422158030204,1.0015110290898022,5,16.677473179670674
1890,5.58,0.22,7.706792893,3.5033333333333334,719.7566141406719,1.0015260098100913,6,16.613176871445372
1890,5.54,0.22,7.706792893,3.5199999999999996,716.9618602625868,1.0015409893472669,7,16.548669314895555
1890,5.41,0.22,7.992232066,3.536666666666667,677.4206002127703,1.0015559677028012,8,16.215107087429246
1890,5.32,0.22,8.087381157,3.5533333333333337,660.5823967977058,1.0015709448781633,9,16.000304374934036
1890,5.08,0.22,8.087381157,3.57,633.058130264468,1.0015859208748206,10,15.33362502597845
1890,4.71,0.22,7.897091074,3.586666666666667,603.4325446835792,1.0016008956942393,11,14.272143765977972
1890,4.6,0.22,7.897091074,3.6033333333333335,591.6884576497515,1.001615869337882,12,13.99437734448866
1891,4.84,0.22,7.801941983,3.62,632.5385584775803,1.003155368352917,1,14.78029346347263
1891,4.9,0.22,7.897091074,3.618333333333333,635.0313587079635,1.0031539903074633,2,15.019506202034341
1891,4.81,0.22,7.992232066,3.616666666666667,618.2945202220956,1.0031526122631842,3,14.79983315214064
1891,4.97,0.22,8.087381157,3.6149999999999998,633.6741070448231,1.00315123422008,4,15.34854491488459
1891,4.95,0.22,7.992232066,3.6133333333333333,641.0030920790075,1.0031498561781502,5,15.34339785086216
1891,4.85,0.22,7.801941983,3.611666666666667,645.8038078659343,1.003148478137396,6,15.090257616959047
1891,4.77,0.22,7.706792893,3.61,645.4643592004649,1.0031471000978167,7,14.898388362035512
1891,4.93,0.22,7.706792893,3.6083333333333334,669.5959757044656,1.0031457220594129,8,15.455386110022168
1891,5.33,0.22,7.611651901,3.6066666666666665,735.4940297596186,1.0031443440221843,9,16.766847203198488
1891,5.33,0.22,7.611651901,3.6049999999999995,738.0238716380912,1.0031429659861315,10,16.824519285510927
1891,5.25,0.22,7.51650281,3.6033333333333335,738.7194612498786,1.0031415879512546,11,16.629864121794885
1891,5.41,0.22,7.51650281,3.601666666666667,763.8124715209062,1.0031402099175537,12,17.19475156974157
1892,5.51,0.2217,7.326212727,3.6,800.8130273213777,1.0019594526744053,1,17.571303915809057
1892,5.52,0.2233,7.326212727,3.6125000000000003,804.970908632319,1.0019704792347714,2,17.662535443853486
1892,5.58,0.225,7.135922645,3.625,838.2268624497526,1.0019815052999086,3,17.914514550049763
1892,5.57,0.2267,7.040773554,3.6374999999999997,850.9084251820522,1.0019925308702788,4,17.943061125654456
1892,5.57,0.2283,7.040773554,3.65,853.814804497867,1.0020035559463432,5,18.00434779314379
1892,5.54,0.23,7.040773554,3.6625,852.1541832443553,1.0020145805285625,6,17.969330360272625
1892,5.54,0.2317,7.231071736,3.675,832.6200870757864,1.0020256046173972,7,18.0319581256829
1892,5.62,0.2333,7.326212727,3.6875,836.5586096745964,1.0020366282133073,8,18.35562743421746
1892,5.48,0.235,7.326212727,3.7,818.6341258225829,1.0020476513167518,9,17.962331443078014
1892,5.59,0.2367,7.326212727,3.7125,838.0131973503811,1.0020586739281898,10,18.387543750824968
1892,5.57,0.2383,7.51650281,3.725,816.7770990542879,1.0020696960480802,11,18.38707775761721
1892,5.51,0.24,7.611651901,3.7375,800.7747932071627,1.0020807176768802,12,18.255034111242935
1893,5.61,0.2408,7.897091074,3.75,788.6496314734499,1.00346968908532,1,18.65282378376984
1893,5.51,0.2417,7.992232066,3.7458333333333336,768.1686183022575,1.0034662840811108,2,18.387300892623276
1893,5.31,0.2425,7.801941983,3.7416666666666667,761.2275812204985,1.0034628790950846,3,17.787322040901635
1893,5.31,0.2433,7.706792893,3.7375000000000003,773.5682535537019,1.0034594741272465,4,17.85523879313879
1893,4.84,0.2442,7.611651901,3.7333333333333334,716.9129598293326,1.0034560691776027,5,16.343259862190607
1893,4.61,0.245,7.421361818,3.729166666666667,703.4552181566087,1.003452664246159,6,15.635558440816478
1893,4.18,0.2458,7.231071736,3.7250000000000005,657.8331144947817,1.0034492593329205,7,14.246616624296944
1893,4.08,0.2467,6.945632562,3.7208333333333337,671.8515286449942,1.0034458544378932,8,13.975857062336376
1893,4.37,0.2475,7.231071736,3.716666666666667,694.4622243225718,1.0034424495610827,9,15.039889072137411
1893,4.5,0.2483,7.326212727,3.7125000000000004,709.079977406949,1.0034390447024946,10,15.558512859497178
1893,4.57,0.2492,7.135922645,3.7083333333333335,742.6724595741466,1.0034356398621347,11,15.872333826285407
1893,4.41,0.25,7.040773554,3.704166666666667,729.7872814939249,1.0034322350400087,12,15.38898595083142
1894,4.32,0.2467,6.850483471,3.7,738.2482938508215,1.0047429489760904,1,15.146664673567104
1894,4.38,0.2433,6.755342479,3.6800000000000006,762.5571111569659,1.004727838446956,2,15.428122661222332
1894,4.51,0.24,6.565052397,3.66,811.5319858382824,1.004712729940988,3,15.956483026332684
1894,4.57,0.2367,6.565052397,3.64,825.8777480491377,1.0046976234612084,4,16.23855189756869
1894,4.4,0.2333,6.565052397,3.62,798.6692628667821,1.0046825190106428,5,15.703573930512938
1894,4.34,0.23,6.565052397,3.6000000000000005,791.2573700863895,1.004667416592323,6,15.557840005779008
1894,4.25,0.2267,6.565052397,3.58,778.2930860254311,1.0046523162092853,7,15.302933998157442
1894,4.41,0.2233,6.755342479,3.5599999999999996,788.1562800045197,1.0046372178645702,8,15.946047300868244
1894,4.48,0.22,6.850483471,3.54,792.7778979238633,1.0046221215612239,9,16.26545036471784
1894,4.34,0.2167,6.660193388,3.5200000000000005,793.2333079242771,1.0046070273022971,10,15.822719086468366
1894,4.34,0.2133,6.660193388,3.5,796.4820918063863,1.0045919350908457,11,15.887522964754533
1894,4.3,0.21,6.565052397,3.4800000000000004,803.8356724561919,1.0045768449299304,12,15.80515677426905
1895,4.25,0.2083,6.565052397,3.46,797.7336873224499,1.0019057103862152,1,15.68517848146903
1895,4.19,0.2067,6.565052397,3.4716666666666667,789.7047323871046,1.0019159687965034,2,15.527311773340836
1895,4.19,0.205,6.565052397,3.4833333333333334,792.9244911408706,1.001926226799871,3,15.59061922985505
1895,4.37,0.2033,6.850483471,3.495,795.6034224195552,1.0019364843966725,4,16.32342174429253
1895,4.61,0.2017,6.945632562,3.506666666666667,830.8184513378849,1.001946741587262,5,17.282687358125223
1895,4.7,0.2,7.040773554,3.518333333333333,838.5555170469084,1.0019569983719931,6,17.682576002709464
1895,4.72,0.1983,6.945632562,3.53,856.647927999691,1.0019672547512195,7,17.81999219175179
1895,4.79,0.1967,6.850483471,3.541666666666667,884.443531262419,1.0019775107252942,8,18.14615719714002
1895,4.82,0.195,6.850483471,3.5533333333333332,892.9833043983035,1.0019877662945698,9,18.321368005149985
1895,4.75,0.1933,6.850483471,3.5649999999999995,882.9989976390644,1.0019980214593986,10,18.11651965299005
1895,4.59,0.1917,6.850483471,3.5766666666666667,856.2255385580189,1.0020082762201332,11,17.567207707090702
1895,4.32,0.19,6.755342479,3.588333333333334,820.2040754488313,1.0020185305771252,12,16.594441122003072
1896,4.27,0.1892,6.660193388,3.6,825.329238029789,1.004389296452507,1,16.46294041959337
1896,4.45,0.1883,6.565052397,3.5833333333333335,875.6624618364337,1.0043764949070104,2,17.217427597332076
1896,4.38,0.1875,6.565052397,3.5666666666666664,864.9626536651176,1.0043636945405117,3,17.00704610843209
1896,4.42,0.1867,6.469903306,3.55,888.8161712006391,1.0043508953544789,4,17.222772851972646
1896,4.4,0.1858,6.374754215,3.533333333333333,901.1607616175171,1.0043380973503815,5,17.205173412142763
1896,4.32,0.185,6.279613223,3.5166666666666666,901.3863751482611,1.0043253005296922,6,16.952635355430445
1896,4.04,0.1842,6.279613223,3.5,846.1660269577546,1.0043125048938841,7,15.914090228852972
1896,3.81,0.1833,6.279613223,3.4833333333333334,801.1925120719865,1.0042997104444336,8,15.068260272320684
1896,4.01,0.1825,6.279613223,3.466666666666667,846.4479727549676,1.0042869171828182,9,15.919392865349293
1896,4.1,0.1817,6.469903306,3.4499999999999997,843.0935998256318,1.0042741251105176,10,16.336797228986267
1896,4.38,0.1808,6.660193388,3.4333333333333336,877.947109244749,1.0042613342290143,11,17.512515351514605
1896,4.22,0.18,6.660193388,3.4166666666666665,848.8826501487471,1.0042485445397913,12,16.9327631309736
1897,4.22,0.18,6.469903306,3.4,876.9557311428042,1.0031837326593216,1,16.992950677647674
1897,4.18,0.18,6.469903306,3.3958333333333335,871.7604957687354,1.003180329202354,2,16.892281538562084
1897,4.19,0.18,6.469903306,3.3916666666666666,876.9743743319457,1.0031769257640506,3,16.993311930539132
1897,4.06,0.18,6.374754215,3.3874999999999997,865.6350614527064,1.0031735223444171,4,16.526908381132923
1897,4.08,0.18,6.279613223,3.3833333333333333,886.325533338077,1.0031701189434596,5,16.669381729246137
1897,4.27,0.18,6.279613223,3.3791666666666664,930.8590466553086,1.0031667155611836,6,17.506936448485217
1897,4.46,0.18,6.279613223,3.375,975.5490008858329,1.0031633121975951,7,18.347433397417177
1897,4.75,0.18,6.565052397,3.3708333333333336,996.9464549357526,1.0031599088527,8,19.602134560245034
1897,4.98,0.18,6.755342479,3.3666666666666667,1018.8366082523418,1.0031565055265037,9,20.61319202703663
1897,4.82,0.18,6.660193388,3.3625000000000003,1003.3032265649509,1.0031531022190128,10,20.013008725044592
1897,4.65,0.18,6.660193388,3.3583333333333334,971.0393261256216,1.0031496989302324,11,19.36943686770395
1897,4.75,0.18,6.660193388,3.3541666666666665,995.0542772018466,1.0031462956601689,12,19.848465951528883
1898,4.88,0.1817,6.660193388,3.35,1025.459295352767,1.0045491757317953,1,20.45495846289341
1898,4.87,0.1833,6.755342479,3.3291666666666666,1012.108537133073,1.0045335421733654,2,20.477069099346636
1898,4.65,0.185,6.755342479,3.308333333333333,969.5909728164801,1.0045179109625422,3,19.61684999190489
1898,4.57,0.1867,6.755342479,3.2875,956.1539710372869,1.0045022821029856,4,19.344991387984816
1898,4.87,0.1883,7.231071736,3.2666666666666666,954.9538632282882,1.0044866555983616,5,20.681326743110688
1898,5.06,0.19,6.755342479,3.2458333333333336,1065.4083118604601,1.0044710314523426,6,21.555434837831477
1898,5.08,0.1917,6.660193388,3.225,1088.3119162614119,1.0044554096686071,7,21.708687163580688
1898,5.27,0.1933,6.660193388,3.2041666666666666,1132.4674586250824,1.0044397902508402,8,22.589463015970523
1898,5.26,0.195,6.660193388,3.1833333333333336,1133.8105177553307,1.0044241732027328,9,22.616253176093835
1898,5.15,0.1967,6.660193388,3.1625,1113.6329297547834,1.0044085585279816,10,22.213768429694817
1898,5.32,0.1983,6.660193388,3.1416666666666666,1153.966984555271,1.0043929462302907,11,23.01831661539362
1898,5.65,0.2,6.755342479,3.1208333333333336,1211.850052952603,1.0043773363133697,12,24.5182570464719
1899,6.08,0.2008,6.755342479,3.1,1307.6684270509556,1.0022280750454438,1,26.456862833709753
1899,6.31,0.2017,6.945632562,3.104166666666667,1323.4706171085752,1.0022316173344918,2,27.530838856936153
1899,6.4,0.2025,6.945632562,3.1083333333333334,1345.8867695972408,1.0022351596044756,3,27.997139713169922
1899,6.48,0.2033,7.040773554,3.1125000000000003,1347.8108407398092,1.0022387018554013,4,28.42121617968465
1899,6.21,0.2042,7.040773554,3.116666666666667,1295.1914458025933,1.0022422440872751,5,27.311633771270465
1899,6.07,0.205,7.135922645,3.1208333333333336,1252.6272573914596,1.0022457863001029,6,26.771045206957208
1899,6.28,0.2058,7.231071736,3.125,1282.4034234715,1.0022493284938903,7,27.772864468696966
1899,6.44,0.2067,7.326212727,3.129166666666667,1301.4697840280671,1.002252870668643,8,28.5566297402678
1899,6.37,0.2075,7.611651901,3.1333333333333337,1242.4118255481442,1.002256412824368,9,28.322907324238827
1899,6.34,0.2083,7.706792893,3.1374999999999997,1224.6389433733507,1.0022599549610702,10,28.266698728724872
1899,6.46,0.2092,7.801941983,3.1416666666666666,1235.9267485217326,1.0022634970787563,11,28.87944109916931
1899,6.02,0.21,7.897091074,3.145833333333333,1141.1767823622927,1.0022670391774313,12,26.990654123256146
1900,6.1,0.2175,7.897091074,3.15,1159.7777743505485,1.0029795584767995,1,27.430597301967858
1900,6.21,0.225,7.992232066,3.145833333333333,1170.1590822887715,1.0029761561500405,2,28.009562777808586
1900,6.26,0.2325,7.992232066,3.1416666666666666,1183.2315116500895,1.0029727538422986,3,28.322471540724926
1900,6.34,0.24,7.992232066,3.1374999999999997,1202.1329734975347,1.002969351553579,4,28.774907188340336
1900,6.04,0.2475,7.801941983,3.1333333333333337,1177.1885628981681,1.0029659492838876,5,27.50692774106233
1900,5.86,0.255,7.706792893,3.129166666666667,1160.4001183514654,1.0029625470332306,6,26.783960062437558
1900,5.86,0.2625,7.801941983,3.125,1150.5272542533671,1.0029591448016137,7,26.88394284850681
1900,5.94,0.27,7.706792893,3.1208333333333336,1185.1046855537436,1.002955742589043,8,27.354182463177796
1900,5.8,0.2775,7.801941983,3.116666666666667,1147.6180089832174,1.0029523403955243,9,26.81596359526804
1900,6.01,0.285,7.706792893,3.1125000000000003,1208.6086587646741,1.0029489382210637,10,27.896693162577336
1900,6.48,0.2925,7.706792893,3.1083333333333334,1308.027278677617,1.0029455360656672,11,30.19143986511464
1900,6.87,0.3,7.611651901,3.104166666666667,1409.1941620195369,1.0029421339293405,12,32.12499658487121
1901,7.07,0.3017,7.706792893,3.1,1437.4091335502494,1.0020149873405235,1,33.17778774539216
1901,7.25,0.3033,7.611651901,3.106666666666667,1497.6322023199723,1.0020207222232298,2,34.141093315326444
1901,7.51,0.305,7.611651901,3.1133333333333333,1556.5907114342929,1.002026457027879,3,35.48515359814245
1901,8.14,0.3067,7.51650281,3.12,1713.8921035145813,1.0020321917545103,4,38.58270195378502
1901,7.73,0.3083,7.51650281,3.126666666666667,1632.9752708591943,1.0020379264031627,5,36.761122852635644
1901,8.5,0.31,7.51650281,3.1333333333333333,1801.096377335103,1.0020436609738748,6,40.54582232700682
1901,7.93,0.3117,7.611651901,3.14,1664.7473880620716,1.0020493954666856,7,37.950770445659764
1901,8.04,0.3133,7.706792893,3.146666666666667,1672.4164704764542,1.0020551298816345,8,38.60214700481168
1901,8.0,0.315,7.801941983,3.1533333333333333,1649.1951231720402,1.0020608642187594,9,38.53612965141414
1901,7.91,0.3167,7.801941983,3.16,1636.082304031236,1.0020665984781,10,38.22972727888368
1901,8.08,0.3183,7.897091074,3.1666666666666665,1656.528682740043,1.0020723326596945,11,39.17954992787011
1901,7.95,0.32,7.992232066,3.173333333333334,1615.8762732181897,1.0020780667635822,12,38.67849132730742
1902,8.12,0.3208,7.897091074,3.18,1675.8124606898232,1.0018008349940293,1,39.63564208543642
1902,8.19,0.3217,7.897091074,3.1900000000000004,1695.7918463177314,1.0018095695807507,2,40.108186475939824
1902,8.2,0.3225,7.897091074,3.1999999999999997,1703.427050753991,1.0018183039057333,3,40.28877125937087
1902,8.48,0.3233,7.992232066,3.21,1746.1526318669148,1.0018270379691732,4,41.79685694209079
1902,8.46,0.3242,8.087381157,3.2199999999999998,1727.0367519339436,1.0018357717712656,5,41.831441212477245
1902,8.41,0.325,8.18251405,3.2300000000000004,1702.3337418547944,1.001844505312206,6,41.71812712329845
1902,8.6,0.3258,8.18251405,3.2399999999999998,1746.2887682571447,1.0018532385921899,7,42.79530801566756
1902,8.83,0.3267,8.087381157,3.25,1819.6762824641262,1.001861971611412,8,44.07531070221758
1902,8.85,0.3275,8.18251405,3.26,1808.1525663673376,1.0018707043700679,9,44.311369015010214
1902,8.57,0.3283,8.753424793,3.27,1641.971386279115,1.001879436868352,10,43.046408775435765
1902,8.24,0.3292,8.467928926,3.2800000000000002,1637.4055753889118,1.0018881691064587,11,41.526641165732805
1902,8.05,0.33,8.563094215,3.29,1587.2761900731903,1.001896901084583,12,40.70769951652995
1903,8.46,0.3317,8.658259504,3.3,1655.1744795505172,1.002046305352876,1,42.92079087834114
1903,8.41,0.3333,8.658259504,3.308333333333333,1650.826222717419,1.0020535263183528,2,42.808035018143606
1903,8.08,0.335,8.372844628,3.3166666666666664,1645.7816109977011,1.002060747133676,3,41.27039008214706
1903,7.75,0.3367,8.372844628,3.325,1584.2803681024045,1.0020679677989401,4,39.72815612603482
1903,7.6,0.3383,8.18251405,3.333333333333333,1595.6520968645875,1.0020751883142376,5,39.103740579696904
1903,7.18,0.34,8.18251405,3.341666666666667,1513.4200260831892,1.0020824086796625,6,37.08852587876955
1903,6.85,0.3417,8.18251405,3.3499999999999996,1449.8637623833654,1.0020896288953078,7,35.530988585511054
1903,6.63,0.3433,8.18251405,3.3583333333333334,1409.354004438525,1.0020968489612667,8,34.53823893241685
1903,6.47,0.345,8.277679339,3.3666666666666663,1365.5718538682872,1.0021040688776328,9,33.854506826854305
1903,6.26,0.3467,8.18251405,3.3749999999999996,1342.784219474764,1.0021112886444992,10,32.90685098338699
1903,6.28,0.3483,8.087381157,3.3833333333333333,1369.219235603834,1.0021185082619586,11,33.164559988093146
1903,6.57,0.35,8.087381157,3.3916666666666666,1438.806678177649,1.0021257277301043,12,34.85007305542856
1904,6.68,0.3467,8.277679339,3.4,1435.4470184703096,1.0022729803355197,1,35.586813501413886
1904,6.5,0.3433,8.467928926,3.4066666666666667,1371.3954827598652,1.0022787117439262,2,34.780294488339806
1904,6.48,0.34,8.372844628,3.4133333333333336,1388.7475883149,1.002284443076008,3,34.824884609478694
1904,6.64,0.3367,8.277679339,3.42,1445.4801625825833,1.0022901743318027,4,35.835549695618234
1904,6.5,0.3333,8.087381157,3.4266666666666667,1454.4872550078119,1.0022959055113485,5,35.22988033348108
1904,6.51,0.33,8.087381157,3.4333333333333336,1462.878527632857,1.0023016366146833,6,35.43312964309732
1904,6.78,0.3267,8.087381157,3.44,1529.6687074140673,1.0023073676418448,7,37.050888776456716
1904,7.01,0.3233,8.18251405,3.4466666666666663,1569.180098871655,1.0023130985928717,8,38.455006344849636
1904,7.32,0.32,8.277679339,3.453333333333333,1625.6358571094156,1.002318829467801,9,40.30187065337547
1904,7.75,0.3167,8.277679339,3.46,1726.9919579590414,1.002324560266671,10,42.81463539617307
1904,8.17,0.3133,8.467928926,3.466666666666667,1785.3677980022285,1.0023302909895195,11,45.279147091509984
1904,8.25,0.31,8.467928926,3.473333333333333,1808.4952674377942,1.0023360216363848,12,45.86568847060238
1905,8.43,0.3117,8.467928926,3.48,1853.647365948158,1.003249082644516,1,47.01080182608509
1905,8.8,0.3133,8.467928926,3.475833333333333,1940.7464369699192,1.00324567883032,2,49.219742556808
1905,9.05,0.315,8.372844628,3.4716666666666667,2024.401950556336,1.0032422750346768,3,50.76485095241235
1905,8.94,0.3167,8.372844628,3.4675,2005.6995336411132,1.0032388712575924,4,50.29586039108126
1905,8.5,0.3183,8.277679339,3.463333333333333,1934.928217321315,1.0032354674990727,5,47.96967684799375
1905,8.6,0.32,8.277679339,3.4591666666666665,1963.7624417362993,1.003232063759123,6,48.68451909121875
1905,8.87,0.3217,8.277679339,3.455,2031.5369832937815,1.0032286600377496,7,50.3647482738466
1905,9.2,0.3233,8.372844628,3.4508333333333336,2089.269452755669,1.003225256334958,8,52.391498802608034
1905,9.23,0.325,8.277679339,3.4466666666666663,2126.4013239770206,1.0032218526507541,9,52.71657286673654
1905,9.36,0.3267,8.277679339,3.4425000000000003,2162.622715977268,1.0032184489851437,10,53.61455370844538
1905,9.31,0.3283,8.372844628,3.438333333333334,2132.870580655229,1.0032150453381325,11,53.48486109588677
1905,9.54,0.33,8.467928926,3.434166666666667,2167.250550174229,1.0032116417097265,12,54.964168478506615
1906,9.87,0.3358,8.467928926,3.43,2248.575453331448,1.0011806993806183,1,57.02666913320584
1906,9.8,0.3417,8.467928926,3.45,2239.115261264621,1.0011989435794537,2,56.78674690060643
1906,9.56,0.3475,8.467928926,3.4700000000000006,2190.8962187548195,1.0012171857262209,3,55.563852032189885
1906,9.43,0.3533,8.467928926,3.49,2167.8509392292663,1.0012354258239826,4,54.97939509140149
1906,9.18,0.3592,8.563094215,3.51,2093.7300805355526,1.0012536638757978,5,53.69634819711576
1906,9.3,0.365,8.563094215,3.5300000000000002,2128.036387683035,1.0012718998847194,6,54.57617670561063
1906,9.06,0.3708,8.277679339,3.55,2151.914963346742,1.0012901338537958,7,53.34909299064899
1906,9.73,0.3767,8.467928926,3.5700000000000003,2266.4181581698067,1.0013083657860706,8,57.47918231160554
1906,10.03,0.3825,8.563094215,3.59,2317.6753421940293,1.0013265956845823,9,59.439706836750865
1906,9.73,0.3883,8.753424793,3.61,2206.780458576859,1.0013448235523643,10,57.85361090415205
1906,9.93,0.3942,8.848509091,3.6300000000000003,2235.310119790193,1.0013630493924461,11,59.23811381258286
1906,9.84,0.4,8.94367438,3.6499999999999995,2198.9049532560393,1.0013812732078506,12,58.900064824729924
1907,9.56,0.4033,8.848509091,3.67,2166.9017528623144,1.0016757521839021,1,57.42521877402466
1907,9.26,0.4067,9.038839669,3.6866666666666665,2062.226450772673,1.0016907199705527,2,55.8267533703366
1907,8.35,0.41,8.94367438,3.7033333333333336,1887.043767056959,1.0017056865901681,3,50.546523187451086
1907,8.39,0.4133,8.94367438,3.7199999999999998,1903.8670823973987,1.0017206520441981,4,50.99715401742466
1907,8.1,0.4167,9.134004959,3.736666666666667,1807.474904536686,1.0017356163340905,5,49.445509381930236
1907,7.84,0.42,9.229089256,3.753333333333333,1739.1627166788485,1.0017505794612918,6,48.072023010209975
1907,8.14,0.4233,9.229089256,3.7699999999999996,1813.5374334944738,1.0017655414272453,7,50.12780713198907
1907,7.53,0.4267,9.229089256,3.7866666666666666,1685.5556809319487,1.0017805022333937,8,46.59027628736438
1907,7.45,0.43,9.229089256,3.8033333333333337,1675.6691768273236,1.0017954618811766,9,46.31700441449693
1907,6.64,0.4333,9.324254545,3.82,1486.2782037855686,1.0018104203720324,10,41.50568310693419
1907,6.25,0.4367,8.94367438,3.836666666666667,1467.0050441935418,1.0018253777073978,11,39.295328373906415
1907,6.57,0.44,8.753424793,3.853333333333333,1584.4259967818866,1.0018403338887065,12,41.53778177977734
1908,6.85,0.4367,8.658259504,3.87,1678.9807476681717,1.0039792502497789,1,43.53811785389301
1908,6.6,0.4333,8.563094215,3.8608333333333333,1644.6310597228637,1.003971934330245,2,42.1786374756012
1908,6.87,0.43,8.563094215,3.8516666666666666,1720.84060504083,1.003964618602741,3,44.13312736872566
1908,7.24,0.4267,8.658259504,3.8425,1802.3965991128416,1.0039573030673983,4,46.738448705035424
1908,7.63,0.4233,8.658259504,3.833333333333333,1908.2687280752327,1.0039499877243483,5,49.48384839744342
1908,7.64,0.42,8.658259504,3.8241666666666663,1919.523261858114,1.003942672573722,6,49.775692850639345
1908,7.92,0.4167,8.753424793,3.8149999999999995,1976.8685162220709,1.0039353576156511,7,51.82617124493482
1908,8.26,0.4133,8.753424793,3.805833333333333,2070.3308826355874,1.0039280428502675,8,54.276408358306725
1908,8.17,0.41,8.753424793,3.7966666666666664,2056.3365152892816,1.0039207282777027,9,53.90952787404456
1908,8.27,0.4067,8.848509091,3.7874999999999996,2067.577079389411,1.0039134138980883,10,54.79300847823907
1908,8.83,0.4033,8.94367438,3.778333333333333,2192.4054800474128,1.0039060997115568,11,58.7259693538239
1908,9.03,0.4,9.038839669,3.769166666666667,2226.6472691131335,1.0038987857182395,12,60.277806973592725
1909,9.06,0.4033,8.94367438,3.76,2266.1915867588586,1.0021005553726343,1,60.70241061020163
1909,8.8,0.4067,9.038839669,3.7725,2186.3706585119753,1.0021115756288155,2,59.18747452936408
1909,8.92,0.41,9.038839669,3.7849999999999997,2224.6735535711337,1.002122595395643,3,60.22437630852433
1909,9.32,0.4133,9.229089256,3.7975,2284.931293281759,1.0021336146735726,4,63.15755774545659
1909,9.63,0.4167,9.324254545,3.8099999999999996,2345.2625010878555,1.0021446334630597,5,65.49360807740966
1909,9.8,0.42,9.419419835,3.8225,2370.988804336267,1.0021556517645591,6,66.88781261072941
1909,9.94,0.4233,9.419419835,3.835,2413.3944229770864,1.0021666695785254,7,68.08411478984628
1909,10.18,0.4267,9.514585124,3.8474999999999997,2455.4908880373514,1.0021776869054124,8,69.97155394457118
1909,10.19,0.43,9.609669421,3.8600000000000003,2442.1406183557674,1.0021887037456738,9,70.28658631743885
1909,10.23,0.4333,9.8,3.8724999999999996,2412.5965255476663,1.0021997200997625,10,70.8115514735046
1909,10.18,0.4367,9.895165289,3.885,2386.2152731912865,1.0022107359681312,11,70.71735526663242
1909,10.3,0.44,9.990330579,3.8975000000000004,2399.858018151642,1.002221751351232,12,71.80567081919686
1910,10.08,0.4425,9.895165289,3.91,2379.860572215969,1.002779586495825,1,70.5290287348507
1910,9.72,0.445,9.895165289,3.9158333333333335,2303.620825875552,1.002784577867381,2,68.2696042445436
1910,9.96,0.4475,10.08541488,3.921666666666667,2324.643597799059,1.0027895691897077,3,70.21719604944515
1910,9.72,0.45,10.18058017,3.9274999999999998,2256.092179982975,1.0027945604628268,4,68.78958739482542
1910,9.56,0.4525,9.990330579,3.9333333333333336,2270.13033581325,1.0027995516867598,5,67.92411483393802
1910,9.1,0.455,9.895165289,3.9391666666666665,2190.7705757324366,1.0028045428615282,6,64.92519885037895
1910,8.64,0.4575,9.895165289,3.9450000000000003,2089.2066925855006,1.0028095339871532,7,61.91527376631262
1910,8.85,0.46,9.8,3.9508333333333336,2170.12613175778,1.002814525063656,8,63.69486014578418
1910,8.91,0.4625,9.704834711,3.956666666666667,2215.806862865901,1.0028195160910582,9,64.4040802222662
1910,9.32,0.465,9.419419835,3.9625,2397.927420632137,1.002824507069381,10,67.6477761818332
1910,9.31,0.4675,9.229089256,3.9683333333333333,2454.9839321574254,1.0028294979986456,11,67.85796575822077
1910,9.05,0.47,9.229089256,3.9741666666666666,2396.7516781275544,1.0028344888788736,12,66.2483738386067
1911,9.27,0.47,9.229089256,3.98,2465.387937049992,1.0031121262053728,1,68.1455418186994
1911,9.43,0.47,8.94367438,3.9825,2598.7240174882777,1.0031142333635612,2,69.60965405302778
1911,9.32,0.47,9.038839669,3.985,2552.048624669561,1.0031163405178931,3,69.08678196090095
1911,9.28,0.47,8.753424793,3.9875,2635.0253005431273,1.0031184476683683,4,69.08060467352962
1911,9.48,0.47,8.753424793,3.99,2702.935884348433,1.0031205548149882,5,70.86096867687941
1911,9.67,0.47,8.753424793,3.9924999999999997,2768.275842874788,1.0031226619577531,6,72.57394040561901
1911,9.63,0.47,8.848509091,3.995,2738.292509095769,1.003124769096664,7,72.56768618807286
1911,9.17,0.47,9.134004959,3.9975,2536.7796343991904,1.0031268762317218,8,69.39646071862175
1911,8.67,0.47,9.229089256,4.0,2384.4729792981193,1.0031289833629269,9,65.9089795501923
1911,8.72,0.47,9.229089256,4.0024999999999995,2408.9961058633735,1.00313109049028,10,66.58682084314412
1911,9.07,0.47,9.134004959,4.005,2542.7043403009397,1.003133197613782,11,69.55853771372405
1911,9.11,0.47,9.038839669,4.0075,2591.9025947252344,1.0031353047334335,12,70.1656730576053
1912,9.12,0.4708,9.134004959,4.01,2578.759626877471,1.000350690754655,1,70.54487063940583
1912,9.04,0.4717,9.229089256,4.046666666666667,2540.8041251284176,1.000386344417337,2,70.23011314367098
1912,9.3,0.4725,9.419419835,4.083333333333333,2571.9070027864936,1.0004219860003025,3,72.55590298021818
1912,9.59,0.4733,9.704834711,4.12,2584.6957596375396,1.0004576155364637,4,75.12611132476744
1912,9.58,0.4742,9.704834711,4.156666666666666,2592.651088435451,1.0004932330586358,5,75.35733889368674
1912,9.58,0.475,9.609669421,4.193333333333333,2629.144899171074,1.0005288385995368,6,75.66870576889987
1912,9.59,0.4758,9.609669421,4.23,2642.7708954386985,1.0005644321917888,7,76.06087186925747
1912,9.81,0.4767,9.704834711,4.266666666666667,2687.7280165285724,1.000600013867917,8,78.12082076876142
1912,9.86,0.4775,9.8,4.303333333333334,2685.990261009719,1.0006355836603513,9,78.83586650761922
1912,9.84,0.4783,9.8,4.34,2691.399925303149,1.000671141601426,10,78.99464428811926
1912,9.73,0.4792,9.8,4.376666666666667,2672.235553206309,1.0007066877233795,11,78.43215532370996
1912,9.38,0.48,9.704834711,4.413333333333333,2612.466517246873,1.0007422220583555,12,75.93328912120738
1913,9.3,0.48,9.8,4.45,2576.065125451585,1.0056452933353177,1,75.6094797859357
1913,8.97,0.48,9.8,4.425833333333333,2495.736212937504,1.0056273197322045,2,73.25176482486891
1913,8.8,0.48,9.8,4.401666666666667,2459.566122894931,1.0056093495067409,3,72.19014504479833
1913,8.79,0.48,9.8,4.3775,2467.9510074048003,1.0055913826649947,4,72.43624781199651
1913,8.55,0.48,9.7,4.3533333333333335,2436.6612915960145,1.0055734192130459,5,70.78809655347557
1913,8.12,0.48,9.8,4.3291666666666675,2301.785589597896,1.005555459156987,6,67.55916583349247
1913,8.23,0.48,9.9,4.305,2320.6263981508573,1.0055375025029214,7,68.80717998066291
1913,8.45,0.48,9.9,4.280833333333334,2393.939018262549,1.0055195492569646,8,70.98091835186246
1913,8.53,0.48,10.0,4.256666666666667,2403.6564275319456,1.005501599425245,9,71.9889313935457
1913,8.26,0.48,10.0,4.2325,2338.845058442574,1.0054836530139013,10,70.04784649078893
1913,8.05,0.48,10.1,4.208333333333334,2268.028734782972,1.0054657100290856,11,68.6061837906153
1913,8.04,0.48,10.0,4.184166666666667,2299.2458259399846,1.005447770476961,12,68.86185900971076
1914,8.37,0.475,10.0,4.16,2404.937733465315,1.0029258782902253,1,72.02730619781262
1914,8.48,0.47,9.9,4.166666666666667,2472.522763398211,1.0029316012375706,2,73.31094695940247
1914,8.32,0.465,9.9,4.173333333333334,2437.169769876745,1.002937324112795,3,72.26272145010678
1914,8.12,0.46,9.8,4.18,2414.1987513309455,1.0029430469159344,4,70.85857802449372
1914,8.17,0.455,9.9,4.1866666666666665,2415.6878295692413,1.0029487696470247,5,71.6257762984658
1914,8.13,0.45,9.9,4.193333333333333,2414.94863500695,1.0029544923061013,6,71.60385898625698
1914,7.68,0.445,10.0,4.2,2269.3722341263883,1.0029602148931998,7,67.96715212610013
1914,7.68,0.44,10.2,4.206666666666667,2235.4969711680405,1.0029659374083564,8,68.29164807809104
1914,7.68,0.435,10.2,4.213333333333333,2246.0486333040876,1.0029716598516059,9,68.6139882138763
1914,7.68,0.43,10.1,4.220000000000001,2278.8701076988145,1.002977382222985,10,68.9341272647874
1914,7.68,0.425,10.2,4.226666666666667,2266.9343257517585,1.0029831045225286,11,69.25202010427887
1914,7.35,0.42,10.1,4.233333333333333,2201.440825545363,1.0029888267502722,12,66.59194901954422
1915,7.48,0.4208,10.1,4.24,2250.880893427906,1.0048142824374222,1,68.08747433267249
1915,7.38,0.4217,10.0,4.224166666666667,2253.677367186734,1.004802029369261,2,67.49709463934452
1915,7.57,0.4225,9.9,4.208333333333334,2345.9097606927376,1.0047897772647538,3,69.55683829633222
1915,8.14,0.4233,10.0,4.1925,2508.1470072204556,1.0047775261250353,4,75.11839910211987
1915,7.95,0.4242,10.1,4.176666666666667,2436.1339557870756,1.0047652759512427,5,73.69124180222515
1915,8.04,0.425,10.1,4.160833333333333,2474.5656287793136,1.004753026744514,6,74.85377135057261
1915,8.01,0.4258,10.1,4.145,2476.2532989531705,1.0047407785059888,7,74.90482211917615
1915,8.35,0.4267,10.1,4.129166666666666,2592.3553666018624,1.0047285312368082,8,78.41682338680506
1915,8.66,0.4275,10.1,4.113333333333333,2699.658698767344,1.0047162849381146,9,81.66266944465711
1915,9.14,0.4283,10.2,4.0975,2832.3765094614555,1.0047040396110525,10,86.52557453823265
1915,9.46,0.4292,10.3,4.081666666666667,2914.0551693095163,1.0046917952567669,11,89.89350837137108
1915,9.48,0.43,10.3,4.065833333333333,2931.25405024184,1.004679551876405,12,90.42406378547274
1916,9.33,0.4408,10.4,4.05,2868.38316207143,1.0021524623582816,1,89.34368063236782
1916,9.2,0.4517,10.4,4.0649999999999995,2839.9888332171627,1.002165815139745,2,88.45926118573641
1916,9.17,0.4625,10.5,4.08,2815.552973466897,1.0021791670939835,3,88.54139048167426
1916,9.07,0.4733,10.6,4.095,2770.572760824562,1.0021925182219196,4,87.95666648619049
1916,9.27,0.4842,10.7,4.109999999999999,2817.412052671077,1.002205868524475,5,90.28746966038628
1916,9.36,0.495,10.8,4.125,2830.8460899742436,1.0022192180025706,6,91.56581166609563
1916,9.23,0.5058,10.8,4.140000000000001,2804.2766637985774,1.002232566657126,7,90.70640391450733
1916,9.3,0.5167,10.9,4.155,2812.5838250707743,1.0022459144890594,8,91.81746727845473
1916,9.68,0.5275,11.1,4.17,2887.8134493030216,1.0022592614992878,9,96.00314259009573
1916,9.98,0.5383,11.3,4.1850000000000005,2937.7616472077084,1.0022726076887278,10,99.42333719220142
1916,10.21,0.5492,11.5,4.2,2966.4344090729605,1.0022859530582944,11,102.17059593833059
1916,9.8,0.56,11.6,4.215,2836.208115511544,1.0022992976089014,12,98.5347503760459
1917,9.57,0.5708,11.7,4.23,2759.620437162832,1.0012364045421127,1,96.70046231887548
1917,9.03,0.5817,12.0,4.258333333333333,2552.4364179273816,1.001263019210337,2,91.73382754967118
1917,9.31,0.5925,12.0,4.286666666666667,2645.538161576865,1.001289628388616,3,95.07987732255856
1917,9.17,0.6033,12.6,4.315000000000001,2495.277926728365,1.0013162320884976,4,94.16354628144508
1917,8.86,0.6142,12.8,4.343333333333334,2386.962209616737,1.0013428303215028,5,91.50584778961563
1917,9.04,0.625,13.0,4.371666666666667,2411.8030850748073,1.0013694230991275,6,93.9027983736457
1917,8.79,0.6358,12.8,4.4,2396.103673774368,1.0013960104328399,7,91.85629214286608
1917,8.53,0.6467,13.0,4.428333333333334,2303.920957203108,1.001422592334083,8,89.70244148532959
1917,8.12,0.6575,13.3,4.456666666666667,2158.176448808139,1.0014491688142735,9,85.96703061359045
1917,7.68,0.6683,13.5,4.485,2025.5732045631303,1.001475739884802,10,81.89833033566869
1917,7.04,0.6792,13.5,4.513333333333334,1871.7034900394158,1.0015023055570336,11,75.67704310678472
1917,6.8,0.69,13.7,4.541666666666667,1796.5669606395309,1.0015288658423072,12,73.71524475920117
1918,7.21,0.68,14.0,4.57,1878.720897985302,1.0042728992704246,1,78.77413410542084
1918,7.43,0.67,14.1,4.564166666666667,1936.7612094151764,1.0042681631239432,2,81.7878001235547
1918,7.28,0.66,14.0,4.558333333333334,1925.654902345227,1.0042634270244146,3,80.74206109101935
1918,7.21,0.65,14.2,4.5525,1894.4038668905,1.0042586909718596,4,80.56645450210802
1918,7.44,0.64,14.5,4.546666666666667,1928.1139693379816,1.0042539549662983,5,83.73249640348536
1918,7.45,0.63,14.7,4.5408333333333335,1917.8579501947006,1.004249219007751,6,84.43589439074582
1918,7.51,0.62,15.1,4.535,1895.0386883045223,1.004244483096238,7,85.7014883335154
1918,7.58,0.61,15.4,4.529166666666667,1888.0189037916844,1.00423974723178,8,87.08039599090108
1918,7.54,0.6,15.7,4.523333333333333,1854.3853048467709,1.004235011414397,9,87.19527777980728
1918,7.86,0.59,16.0,4.5175,1908.7059541771737,1.0042302756441095,10,91.4644541786197
1918,8.06,0.58,16.3,4.511666666666667,1932.7712404859997,1.004225539920938,11,94.35423443150654
1918,7.9,0.57,16.5,4.505833333333333,1882.6934413890401,1.0042208042449028,12,93.037255352903
1919,7.85,0.5667,16.5,4.5,1882.0321155282988,1.000627173423876,1,93.0045745448518
1919,7.88,0.5633,16.2,4.539166666666667,1935.6728796938778,1.0006654468310299,2,93.91615759875056
1919,8.12,0.56,16.4,4.578333333333333,1981.6262379557697,1.0007037060469857,3,97.33273524405197
1919,8.39,0.5567,16.7,4.6175,2021.8541585612845,1.0007419511129143,4,101.12525572743758
1919,8.97,0.5533,16.9,4.656666666666666,2147.023276047684,1.0007801820698572,5,108.67178317933423
1919,9.21,0.55,16.9,4.695833333333333,2215.4391979804554,1.0008183989587263,6,112.13466144303838
1919,9.51,0.5467,17.4,4.734999999999999,2232.5116283232696,1.0008566018203051,7,116.34194338844057
1919,8.87,0.5433,17.7,4.774166666666666,2057.424648839909,1.00089479069525,8,109.06629015166975
1919,9.01,0.54,17.8,4.813333333333333,2088.536345564795,1.0009329656240877,9,111.3410662145851
1919,9.47,0.5367,18.1,4.852499999999999,2168.976838833838,1.0009711266472197,10,117.57820490994098
1919,9.19,0.5333,18.5,4.891666666666667,2069.295075267986,1.0010092738049188,11,114.65354535504015
1919,8.92,0.53,18.9,4.930833333333333,1975.7262025002633,1.0010474071373323,12,111.83607067321061
1920,8.83,0.5283,19.3,4.97,1924.8063744353453,1.003360333897,1,111.25965101522846
1920,8.1,0.5267,19.5,4.9799999999999995,1757.037498268259,1.003369024607683,2,102.61455772810426
1920,8.67,0.525,19.7,4.99,1870.9814956472603,1.003377715089267,3,110.38982745719363
1920,8.6,0.5233,20.3,5.0,1810.1545762330652,1.0033864053419226,4,110.05379844570102
1920,8.06,0.5217,20.6,5.01,1680.8049774170067,1.0033950953658182,5,103.69979120462528
1920,7.92,0.52,20.9,5.02,1636.8094094058144,1.0034037851611233,6,102.4560798957195
1920,7.91,0.5183,20.8,5.029999999999999,1651.5713150464096,1.0034124747280067,7,102.8854597002488
1920,7.6,0.5167,20.3,5.039999999999999,1635.1414171326614,1.003421164066638,8,99.41334641476831
1920,7.87,0.515,20.0,5.05,1728.0024787586551,1.0034298531771852,9,103.50651654401672
1920,7.88,0.5133,19.9,5.0600000000000005,1748.3318547818005,1.0034385420598178,10,104.20061519847803
1920,7.48,0.5117,19.8,5.069999999999999,1677.4744510655382,1.0034472307147033,11,99.47511289141762
1920,6.81,0.51,19.4,5.079999999999999,1568.4360685770073,1.003455919142011,12,91.13010843428331
1921,7.11,0.5058,19.0,5.09,1681.9165819672082,1.0093750608638843,1,95.70869383821726
1921,7.06,0.5017,18.4,5.024166666666666,1734.760707193928,1.0093356823927233,2,95.59842467970462
1921,6.88,0.4975,18.3,4.958333333333333,1710.0122350028496,1.009296369442242,3,93.72245228794343
1921,6.91,0.4933,18.1,4.8925,1746.7765436849052,1.0092571223325355,4,94.69112196499408
1921,7.12,0.4892,17.7,4.826666666666666,1851.075509915433,1.0092179413853946,5,98.12750069409516
1921,6.55,0.485,17.6,4.760833333333333,1723.1282908656108,1.0091788269243167,6,90.82880843156032
1921,6.53,0.4808,17.7,4.695,1718.6422765621567,1.0091397792745151,7,91.10707277087737
1921,6.45,0.4767,17.7,4.629166666666666,1708.0422279115378,1.009100798762928,8,90.54515280826679
1921,6.61,0.4725,17.5,4.5633333333333335,1780.963147013788,1.0090618857182294,9,93.34398069061537
1921,6.7,0.4683,17.5,4.4975,1815.7269548872298,1.009023040470837,10,95.16602412610803
1921,7.06,0.4642,17.4,4.431666666666667,1934.8279016082183,1.0089842633529238,11,100.82887602441804
1921,7.31,0.46,17.3,4.365833333333333,2025.4878115535573,1.008945554698427,12,104.94676921427269
1922,7.3,0.4642,16.9,4.3,2081.564170425207,1.0031803360364855,1,105.35856444869532
1922,7.46,0.4683,16.9,4.305,2138.315308646971,1.0031845960283758,2,108.2310285979284
1922,7.74,0.4725,16.7,4.3100000000000005,2256.5650531864435,1.003188855990148,3,112.86457883364739
1922,8.21,0.4767,16.7,4.3149999999999995,2405.1732730489066,1.0031931159218126,4,120.29738212124182
1922,8.53,0.4808,16.7,4.32,2510.6571613780743,1.0031973758233814,5,125.57327461687171
1922,8.45,0.485,16.7,4.325,2499.0064955744933,1.0032016356948654,6,124.99055377432569
1922,8.51,0.4892,16.8,4.33,2513.7548470257047,1.003205895536276,7,126.48107229132683
1922,8.83,0.4933,16.6,4.335,2651.9933911884955,1.0032101553476238,8,131.84809570064925
1922,9.06,0.4975,16.6,4.34,2733.5229162148876,1.0032144151289202,9,135.90146651741844
1922,9.26,0.5017,16.7,4.345,2789.674449824375,1.0032186748801766,10,139.52863065827194
1922,8.8,0.5058,16.8,4.35,2647.936741102243,1.0032229346014039,11,133.23251420896753
1922,8.78,0.51,16.9,4.3549999999999995,2638.9987082617827,1.0032271942926132,12,133.57316552370636
1923,8.9,0.5117,16.8,4.36,2703.8831132349255,1.005645522318621,1,136.04748924383372
1923,9.28,0.5133,16.8,4.335,2832.3251562908686,1.0056270198581208,2,142.51012713878447
1923,9.43,0.515,16.8,4.31,2891.204760608517,1.0056085211624202,3,145.47268949803632
1923,9.1,0.5167,16.9,4.285,2786.6423004860426,1.0055900262385207,4,141.04615970174268
1923,8.67,0.5183,16.9,4.26,2668.1921396237162,1.0055715350934378,5,135.05079377236927
1923,8.34,0.52,17.0,4.234999999999999,2564.794187902766,1.0055530477342007,6,130.5854464965431
1923,8.06,0.5217,17.2,4.21,2463.0784318419305,1.0055345641678535,7,126.88200252380993
1923,8.1,0.5233,17.1,4.185,2503.181924622832,1.0055160844014541,8,128.198180285722
1923,8.15,0.525,17.2,4.16,2517.432112420468,1.0054976084420746,9,129.68195552051048
1923,8.03,0.5267,17.3,4.135,2479.507467971031,1.005479136296801,10,128.47092760663637
1923,8.27,0.5283,17.3,4.109999999999999,2567.208851357143,1.0054606679727343,11,133.01500671167688
1923,8.55,0.53,17.3,4.085,2667.838057642706,1.0054422034769896,12,138.22891618475654
1924,8.83,0.5317,17.3,4.06,2769.0312873593543,1.0047430787771652,1,143.47204945099645
1924,8.87,0.5333,17.2,4.043333333333333,2811.7646263996926,1.0047302452630666,2,144.84407878007056
1924,8.7,0.535,17.1,4.026666666666666,2788.2184743597304,1.004717412888221,3,142.79606733170525
1924,8.5,0.5367,17.0,4.01,2754.56374419764,1.0047045816540427,4,140.24748579665578
1924,8.47,0.5383,17.0,3.993333333333333,2759.3788296446055,1.0046917515619485,5,140.49264390172974
1924,8.63,0.54,17.0,3.9766666666666666,2826.164267670242,1.004678922613356,6,143.8929971484658
1924,9.03,0.5417,17.1,3.96,2954.560107475201,1.0046660948096857,7,151.31510242915294
1924,9.34,0.5433,17.0,3.943333333333333,3088.867440732864,1.0046532681523594,8,157.26842169997437
1924,9.25,0.545,17.1,3.9266666666666667,3056.1457863750747,1.0046404426428017,9,156.51772036512887
1924,9.13,0.5467,17.2,3.91,3013.9254012617657,1.004627618282438,10,155.25810523357777
1924,9.64,0.5483,17.2,3.8933333333333335,3197.3660616600296,1.004614795072696,11,164.7077914614809
1924,10.16,0.55,17.3,3.876666666666667,3365.4732464231934,1.0046019730150058,12,174.37554651009307
1925,10.58,0.5542,17.3,3.86,3519.895248023756,1.004451807401011,1,182.37662658134272
1925,10.67,0.5583,17.2,3.845,3586.044785108589,1.0044401732636803,2,184.73002629249754
1925,10.39,0.5625,17.3,3.83,3487.418888597925,1.0044285399691208,3,180.69392625693632
1925,10.28,0.5667,17.2,3.815,3486.501555051549,1.0044169075182756,4,179.60219755426266
1925,10.61,0.5708,17.3,3.8,3593.66136282394,1.004405275912088,5,186.19867645081627
1925,10.8,0.575,17.5,3.785,3632.2535859104137,1.004393645151504,6,190.3739609408185
1925,11.1,0.5792,17.7,3.77,3707.0166488386526,1.0043820152374694,7,196.51293360720638
1925,11.25,0.5833,17.7,3.7550000000000003,3773.3449730066495,1.0043703861709314,8,200.02906930289748
1925,11.51,0.5875,17.7,3.74,3876.972206246814,1.0043587579528388,9,205.52246022467892
1925,11.89,0.5917,17.7,3.725,4021.5783292914257,1.0043471305841412,10,213.18818610318658
1925,12.26,0.5958,18.0,3.71,4094.1254263927244,1.0043355040657889,11,220.7125277598899
1925,12.46,0.6,17.9,3.6950000000000003,4200.949463282118,1.0043238783987345,12,225.2131910502629
1926,12.65,0.6075,17.9,3.68,4282.077349686793,1.0054209127544818,1,229.56246264709029
1926,12.67,0.615,17.9,3.651666666666667,4306.195769541748,1.0054004313264016,2,230.855452802316
1926,11.81,0.6225,17.8,3.6233333333333335,4054.1846678192805,1.0053799556662915,3,216.13090167399147
1926,11.48,0.63,17.9,3.595,3936.806452882655,1.005359485786362,4,211.05246600807
1926,11.56,0.6375,17.8,3.566666666666667,4004.832025127131,1.0053390216988511,5,213.49988408623418
1926,12.11,0.645,17.7,3.5383333333333336,4237.802302467081,1.0053185634160247,6,224.6504511292327
1926,12.62,0.6525,17.5,3.51,4485.990191646867,1.0052981109501766,7,235.12007114211966
1926,13.12,0.66,17.4,3.4816666666666665,4710.189598528065,1.0052776643136292,8,245.4601376622366
1926,13.32,0.6675,17.5,3.453333333333333,4774.5213311381885,1.0052572235187336,9,250.24258794347975
1926,13.02,0.675,17.6,3.425,4660.518208841691,1.005236788577868,10,245.66326130600052
1926,13.19,0.6825,17.7,3.3966666666666665,4714.938850271187,1.0052163595034402,11,249.94397193647663
1926,13.49,0.69,17.7,3.3683333333333327,4842.731923733807,1.0051959363078855,12,256.718420000714
1927,13.4,0.6967,17.5,3.34,4886.479747473475,1.0028536005602389,1,256.11056127581725
1927,13.66,0.7033,17.4,3.339166666666666,5031.415256588601,1.002852908876278,2,262.20003583381373
1927,13.87,0.71,17.3,3.3383333333333334,5160.214360316341,1.002852217192467,3,267.36661779906024
1927,14.21,0.7167,17.3,3.3375,5308.928613032813,1.002851525508806,4,275.0719618004827
1927,14.7,0.7233,17.4,3.336666666666667,5482.821554792154,1.002850833825295,5,285.7239831783687
1927,14.89,0.73,17.6,3.3358333333333334,5513.009709186099,1.002850142141934,6,290.5994320976822
1927,15.22,0.7367,17.3,3.335,5756.036394276626,1.0028494504587229,7,298.2379946269702
1927,16.03,0.7433,17.2,3.3341666666666665,6121.177660440821,1.0028487587756614,8,315.3238115848128
1927,16.94,0.75,17.3,3.3333333333333335,6455.005097206809,1.0028480670927502,9,334.45371843236313
1927,16.68,0.7567,17.4,3.3325,6343.293826425275,1.0028473754099891,10,330.5654142569833
1927,17.06,0.7633,17.3,3.3316666666666666,6549.636735937483,1.0028466837273777,11,339.35687543661044
1927,17.46,0.77,17.3,3.3308333333333335,6727.838556078026,1.0028459920449164,12,348.59006123273167
1928,17.53,0.7767,17.3,3.33,6779.751960973078,1.0008789768522124,1,351.2798548180455
1928,17.32,0.7833,17.1,3.3525,6802.420059607751,1.0008997359696088,2,348.3797420406046
1928,18.25,0.79,17.1,3.375,7193.533029740124,1.000920492144399,3,368.41023625435173
1928,19.4,0.7967,17.1,3.3975,7672.993502686277,1.000941245381527,4,392.9653672841868
1928,20.0,0.8033,17.2,3.42,7890.634957934895,1.0009619956859277,5,406.4749021810319
1928,19.02,0.81,17.1,3.4425,7574.663479136887,1.0009827430625267,6,387.9294847690223
1928,19.16,0.8167,17.1,3.465,7657.5221468040845,1.0010034875162417,7,392.1730158968826
1928,19.78,0.8233,17.1,3.4875,7932.732666792281,1.0010242290519806,8,406.2676717870213
1928,21.17,0.83,17.3,3.51,8419.455613099944,1.0010449676746427,9,436.2379571467734
1928,21.6,0.8367,17.2,3.5324999999999998,8668.305518698497,1.0010657033891182,10,446.5355014611414
1928,23.06,0.8433,17.2,3.555,9282.420853310827,1.0010864362002887,11,478.17078453977325
1928,23.15,0.85,17.1,3.5775,9401.823410353161,1.0011071661130269,12,481.50581494654443
1929,24.86,0.86,17.1,3.6,10125.405068068607,1.005154336235617,1,518.5633899053533
1929,24.99,0.87,17.1,3.5741666666666667,10207.882723993142,1.005135423137138,2,522.7874078641561
1929,25.43,0.88,17.0,3.5483333333333333,10478.848271337893,1.0051165144351146,3,533.5262715177615
1929,25.28,0.89,16.9,3.5225,10509.420021280413,1.005097610138035,4,531.9352736573568
1929,25.66,0.9,17.0,3.4966666666666666,10635.640170758812,1.0050787102544052,5,541.5092669134522
1929,26.15,0.91,17.1,3.470833333333333,10806.600371701996,1.0050598147927496,6,553.4501863806589
1929,28.48,0.92,17.3,3.4450000000000003,11664.73609767824,1.0050409237616102,7,604.3859460450102
1929,30.1,0.93,17.3,3.4191666666666665,12359.992050129391,1.0050220371695462,8,640.4093007996241
1929,31.3,0.94,17.3,3.3933333333333335,12884.915300541867,1.005003155025136,9,667.6071930318121
1929,27.99,0.95,17.3,3.3674999999999997,11554.914858044505,1.0049842773369742,10,598.6957689800458
1929,20.58,0.96,17.3,3.341666666666667,8528.92250686672,1.0049654041136753,11,441.90977445972663
1929,21.4,0.97,17.2,3.315833333333333,8954.010096375201,1.0049465353638702,12,461.25316878232803
1930,21.71,0.9708,17.1,3.29,9170.886331301746,1.002389584127794,1,469.67858297284266
1930,23.07,0.9717,17.0,3.2941666666666665,9837.119839442717,1.0023931255535405,2,500.8529310197929
1930,23.94,0.9725,16.9,3.2983333333333333,10303.254346137679,1.0023966669604922,3,521.5001787992445
1930,25.46,0.9733,17.0,3.3024999999999998,10927.675681718929,1.0024002083486547,4,556.3781354454557
1930,23.94,0.9742,16.9,3.3066666666666666,10371.128435095401,1.0024037497180343,5,524.9356321364279
1930,21.52,0.975,16.8,3.310833333333333,9413.652718192843,1.0024072910686364,6,473.65354317823784
1930,21.06,0.9758,16.6,3.3150000000000004,9359.424184198928,1.002410832400467,7,465.3187521663476
1930,20.79,0.9767,16.5,3.319166666666667,9331.819193415466,1.0024143737135318,8,461.1514684856808
1930,20.78,0.9775,16.6,3.3233333333333333,9307.48504865352,1.002417915007837,9,462.73651491916837
1930,17.92,0.9783,16.5,3.3275,8111.856247328954,1.0024214562833882,10,400.86443415448906
1930,16.62,0.9792,16.4,3.3316666666666666,7606.421976931426,1.0024249975401915,11,373.60923177871734
1930,15.51,0.98,16.1,3.3358333333333325,7268.752958873498,1.002428538778252,12,350.49281621439036
1931,15.98,0.9667,15.9,3.34,7621.448193682677,1.0003975293854486,1,362.9342566231783
1931,17.2,0.9533,15.7,3.3683333333333327,8346.183026172697,1.000424322533243,2,392.4468908732941
1931,17.53,0.94,15.6,3.3966666666666665,8599.095306864805,1.0004511098145998,3,401.76370175158456
1931,15.86,0.9267,15.5,3.425,7868.219202290619,1.0004778912419263,4,365.259470145345
1931,14.33,0.9133,15.3,3.453333333333333,7240.360846905892,1.0005046668276012,5,331.7760086185229
1931,13.87,0.9,15.1,3.4816666666666665,7139.158481741036,1.0005314365839755,6,322.86227775194004
1931,14.33,0.8867,15.1,3.51,7413.962895613725,1.000558200523371,7,335.2900700787447
1931,13.9,0.8733,15.1,3.5383333333333336,7229.144131106703,1.0005849586580824,8,326.9318010428842
1931,11.83,0.86,15.0,3.566666666666667,6231.1119538570565,1.0006117110003754,9,279.93045458599954
1931,10.25,0.8467,14.9,3.595,5472.540611797363,1.0006384575624876,10,244.21289821059392
1931,10.39,0.8333,14.7,3.6233333333333335,5660.340584261668,1.0006651983566295,11,249.2029817640304
1931,8.44,0.82,14.6,3.651666666666667,4666.980551142875,1.0006919333949829,12,204.07141833579962
1932,8.3,0.7933,14.3,3.68,4723.172929888863,1.0056289406128645,1,202.28478596377803
1932,8.23,0.7667,14.1,3.649166666666667,4786.64299606136,1.0056069534178527,2,202.13591573475048
1932,8.26,0.74,14.0,3.6183333333333336,4874.528287314335,1.0055849736590832,3,204.38732832393868
1932,6.28,0.7133,13.9,3.5875000000000004,3768.051180337252,1.0055630013536887,4,156.86459386385678
1932,5.51,0.6867,13.7,3.5566666666666666,3389.145048364609,1.0055410365188449,5,139.06058735250159
1932,4.77,0.66,13.6,3.525833333333334,2989.630625594127,1.0055190791717696,6,121.77265589397825
1932,5.01,0.6333,13.6,3.495,3173.129390040316,1.0054971293297246,7,129.2468674934247
1932,7.53,0.6067,13.5,3.464166666666667,4836.7806193486285,1.0054751870100134,8,195.56156056577038
1932,8.26,0.58,13.4,3.4333333333333336,5376.557513405984,1.0054532522299842,9,215.77564838874844
1932,7.12,0.5533,13.3,3.4025,4699.59870250346,1.0054313250070273,10,187.1999602964907
1932,7.05,0.5267,13.2,3.3716666666666666,4717.838208232021,1.005409405358577,11,186.5135166218549
1932,6.82,0.5,13.1,3.3408333333333338,4626.858078852331,1.0053874933021107,12,181.5310042392852
1933,7.09,0.495,12.9,3.31,4913.025869422872,1.0040962469810495,1,189.8156853345165
1933,6.25,0.49,12.7,3.2941666666666674,4427.8916417593555,1.0040840524872445,2,168.42014675485018
1933,6.23,0.485,12.6,3.2783333333333333,4477.612882136636,1.0040718590262971,3,168.97031923424936
1933,6.89,0.48,12.6,3.2624999999999997,4980.715453163223,1.0040596665994306,4,187.95574836169308
1933,8.87,0.475,12.6,3.2466666666666666,6440.653031869206,1.0040474752078703,5,243.04896995755217
1933,10.39,0.47,12.7,3.2308333333333334,7513.161353277461,1.0040352848528435,6,285.77206492096633
1933,11.23,0.465,13.1,3.215,7899.786200007101,1.0040230955355782,7,309.9416705080019
1933,10.67,0.46,13.2,3.1991666666666667,7475.750998285364,1.0040109072573054,8,295.54396453159865
1933,10.58,0.455,13.2,3.1833333333333336,7439.259711391204,1.0039987200192555,9,294.1013295907033
1933,9.55,0.45,13.2,3.1675000000000004,6741.38964867327,1.0039865338226626,10,266.5119562808004
1933,9.78,0.445,13.2,3.151666666666667,6929.925022355623,1.0039743486687611,11,273.96545383647197
1933,9.97,0.44,13.2,3.1358333333333333,7090.536781564957,1.0039621645587875,12,280.3150280903507
1934,10.54,0.4408,13.2,3.12,7522.037786239129,1.0049460002047168,1,297.3738516988447
1934,11.32,0.4417,13.3,3.0925,8044.026384772622,1.0049261411367563,2,320.41914962892514
1934,10.74,0.4425,13.3,3.065,7658.080110017355,1.0049062875674284,3,305.0456822577052
1934,10.92,0.4433,13.3,3.0375000000000005,7812.768812301712,1.0048864395080688,4,311.2074251551406
1934,9.81,0.4442,13.3,3.0100000000000002,7045.097500691255,1.0048665969700379,5,280.6286357411253
1934,9.94,0.445,13.4,2.9825,7111.618365229449,1.0048467599647228,6,285.4082858826557
1934,9.47,0.4458,13.4,2.955,6801.933857242572,1.0048269285035347,7,272.9798174174337
1934,9.1,0.4467,13.4,2.9275,6562.9144761080515,1.0048071025979108,8,263.387329693982
1934,8.88,0.4475,13.6,2.9000000000000004,6336.569670295044,1.0047872822593136,9,258.09908133909147
1934,8.95,0.4483,13.5,2.8724999999999996,6460.683202724378,1.0047674674992313,10,261.2194740426308
1934,9.2,0.4492,13.5,2.8449999999999998,6668.170991391388,1.0047476583291777,11,269.6086566298547
1934,9.26,0.45,13.4,2.8175,6789.128951964871,1.004727854760692,12,272.4659222843558
1935,9.26,0.45,13.6,2.79,6716.378272884413,1.0033352317261985,1,273.5693209977104
1935,8.98,0.45,13.7,2.7783333333333333,6492.7495911305095,1.0033260709525895,2,266.40511361737083
1935,8.41,0.45,13.7,2.7666666666666666,6107.739662703227,1.0033169106083266,3,250.6077057107728
1935,9.04,0.446667,13.8,2.755,6544.537662030292,1.0033077506937862,4,270.4901120450985
1935,9.75,0.443333,13.8,2.743333333333333,7085.290523348684,1.0032985912093437,5,292.83978892072105
1935,10.12,0.44,13.7,2.731666666666667,7434.688304949267,1.0032894321553765,6,305.0539613133118
1935,10.65,0.44,13.7,2.72,7850.991668533382,1.0032802735322615,7,322.13537548434704
1935,11.37,0.44,13.7,2.708333333333333,8408.792954529335,1.003271115340376,8,345.0226149945024
1935,11.61,0.44,13.7,2.6966666666666668,8613.404451224127,1.0032619575800976,9,353.41806414271224
1935,11.92,0.45,13.7,2.685,8871.213068519595,1.0032528002518044,10,363.9962534010751
1935,13.04,0.46,13.8,2.6733333333333333,9662.747651379806,1.0032436433558753,11,399.36781326037976
1935,13.04,0.47,13.8,2.6616666666666666,9691.770474719202,1.0032344868926886,12,400.5673459305765
1936,13.76,0.48,13.8,2.65,10256.62826312308,1.0019905526047752,1,423.9132955400272
1936,14.55,0.49,13.8,2.6525,10875.926856772167,1.0019926619203892,2,449.5093199860911
1936,14.86,0.5,13.7,2.6550000000000002,11220.097958748833,1.0019947712317432,3,460.373749140394
1936,14.88,0.516667,13.7,2.6574999999999998,11267.708310151662,1.0019968805388375,4,462.3272575726552
1936,14.09,0.533333,13.7,2.66,10703.144947113693,1.0019989898416737,5,439.1625621284024
1936,14.69,0.55,13.8,2.6625,11112.623369125566,1.0020010991402517,6,459.29214490871414
1936,15.56,0.57,13.9,2.665,11721.749320117226,1.002003208434573,7,487.97836294504805
1936,15.87,0.59,14.0,2.6675000000000004,11906.659413424883,1.002005317724638,8,499.2422165455898
1936,16.05,0.61,14.0,2.67,12079.844913189569,1.0020074270104475,9,506.50382618553573
1936,16.89,0.646667,14.0,2.6725000000000003,12752.619958856383,1.0020095362920027,10,534.7130571186516
1936,17.36,0.683333,14.0,2.675,13150.48389522058,1.0020116455693042,11,551.3953578864099
1936,17.06,0.72,14.0,2.6774999999999998,12968.67997040186,1.0020137548423524,12,543.772380588441
1937,17.59,0.73,14.1,2.68,13322.658127562383,1.0031037291014482,1,562.6046694628649
1937,18.11,0.74,14.1,2.67,13763.212200569706,1.003095811177983,2,581.2088981574395
1937,18.09,0.75,14.2,2.66,13698.359802532514,1.0030878935270666,3,582.57286161253
1937,17.01,0.78,14.3,2.6500000000000004,12839.349520930878,1.0030799761489029,4,549.8856612511859
1937,16.25,0.81,14.4,2.64,12231.110078431768,1.0030720590436968,5,527.4990756887845
1937,15.64,0.84,14.4,2.63,11824.660881979267,1.0030641422116537,6,509.9698756351264
1937,16.57,0.816667,14.5,2.62,12492.489885005349,1.003056225652979,7,542.513244030871
1937,16.74,0.793333,14.5,2.6100000000000003,12670.49925858889,1.0030483093678773,8,550.2436839687592
1937,14.37,0.77,14.6,2.6,10850.384697881595,1.0030403933565546,9,474.4509582846913
1937,12.28,0.78,14.6,2.59,9321.363889725002,1.0030324776192163,10,407.5920027852828
1937,11.2,0.79,14.5,2.58,8610.51784514493,1.0030245621560687,11,373.9302582555807
1937,11.02,0.8,14.4,2.57,8582.577796746953,1.0030166469673172,12,370.14644016608975
1938,11.31,0.793333,14.2,2.56,8984.711286258453,1.0035927963643612,1,382.1077151025256
1938,11.04,0.786667,14.1,2.5433333333333334,8884.869288926433,1.0035800712783167,2,375.20057196212167
1938,10.31,0.78,14.1,2.5266666666666664,8349.684680490194,1.003567347466768,3,352.60017519085255
1938,9.89,0.766667,14.2,2.51,8004.513985894856,1.0035546249313114,4,340.4212391704125
1938,9.98,0.753333,14.1,2.493333333333333,8185.811876678522,1.0035419036735465,5,345.6799642434831
1938,10.21,0.74,14.1,2.4766666666666666,8425.043185699687,1.003529183695074,6,355.78250160864826
1938,12.24,0.713333,14.1,2.46,10149.201799268321,1.0035164649974975,7,428.59227257181084
1938,12.31,0.686667,14.1,2.4433333333333334,10254.692345723137,1.0035037475824222,8,433.04704979805246
1938,11.75,0.66,14.1,2.4266666666666667,9834.00837865651,1.0034910314514565,9,415.2819189980512
1938,13.06,0.61,14.0,2.4099999999999997,11051.318130100206,1.0034783166062096,10,463.3780447940666
1938,13.07,0.56,14.0,2.393333333333333,11099.269229694823,1.0034656030482938,11,465.38861824008484
1938,12.69,0.51,14.0,2.3766666666666665,10812.658413702316,1.0034528907793234,12,453.3711233161345
1939,12.5,0.513333,14.0,2.36,10687.216025983902,1.0030715805683288,1,448.1113662743986
1939,12.4,0.516667,13.9,2.3474999999999997,10715.066029316366,1.003061826930466,2,446.06997104606273
1939,12.39,0.52,13.9,2.335,10743.869970255388,1.0030520738380837,3,447.2690838714553
1939,10.83,0.523333,13.8,2.3225,9497.273536698656,1.0030423212916948,4,392.5286575962068
1939,11.23,0.526667,13.8,2.31,9886.538029911231,1.0030325692918127,5,408.61721905336304
1939,11.43,0.53,13.8,2.2975000000000003,10101.494667100602,1.0030228178389522,6,417.5015204174647
1939,11.71,0.54,13.8,2.285,10388.720018527347,1.0030130669336272,7,429.3727360023882
1939,11.54,0.55,13.8,2.2725,10278.563508225569,1.0030033165763537,8,424.819893868574
1939,12.77,0.56,14.1,2.26,11172.791079439114,1.0029935667676464,9,471.81758865530526
1939,12.9,0.58,14.0,2.2475,11409.73949300715,1.0029838175080226,10,478.4065317492909
1939,12.67,0.6,14.0,2.2350000000000003,11250.533825662862,1.0029740687979982,11,471.7310917713937
1939,12.37,0.62,14.0,2.2225,11030.022178724721,1.0029643206380907,12,462.485112729834
1940,12.3,0.623333,13.9,2.21,11093.159315162095,1.0037715554144664,1,461.8100570715219
1940,12.22,0.626667,14.0,2.1883333333333335,10989.049130821986,1.0037555134840215,2,460.76712663958557
1940,12.15,0.63,14.0,2.166666666666667,10973.311949169827,1.0037394744304893,3,460.10727191649283
1940,12.27,0.636667,14.0,2.145,11129.607661142023,1.0037234382585667,4,466.66069844632125
1940,10.58,0.643333,14.0,2.1233333333333335,9645.307202825707,1.0037074049729597,5,404.4244804527203
1940,9.67,0.65,14.1,2.1016666666666666,8802.209756671136,1.0036913745783809,6,371.709929300787
1940,9.99,0.656667,14.0,2.08,9208.613575913898,1.0036753470795532,7,386.11406384628157
1940,10.2,0.663333,14.0,2.0583333333333336,9453.142133475249,1.0036593224812065,8,396.3670638563414
1940,10.63,0.67,14.0,2.0366666666666666,9903.402089669373,1.0036433007880792,9,415.24631207760353
1940,10.73,0.67,14.0,2.015,10048.583666242608,1.0036272820049184,10,421.3337266557246
1940,10.98,0.67,14.0,1.9933333333333334,10334.994834735235,1.0036112661364796,11,433.3428504272881
1940,10.53,0.67,14.1,1.9716666666666665,9893.316407001465,1.0035952531875263,12,417.7864472508986
1941,10.55,0.673333,14.1,1.95,9964.825526611754,0.9978035430605655,1,420.8062173460791
1941,9.89,0.676667,14.1,1.9925,9394.694803261442,0.9978467915278134,2,396.7300754763474
1941,9.95,0.68,14.2,2.035,9438.578366050282,0.9978900180657854,3,401.41007299629075
1941,9.64,0.683333,14.3,2.0775,9134.204244922355,0.9979332227445837,4,391.20112222463723
1941,9.43,0.686667,14.4,2.12,8927.015820965502,0.9979764056340686,5,385.0012438791025
1941,9.76,0.69,14.7,2.1625,9104.176716670165,0.9980195668038597,6,400.821814611144
1941,10.26,0.693333,14.7,2.205,9624.47458599667,0.9980627063233352,7,423.7285246423656
1941,10.21,0.696667,14.9,2.2474999999999996,9502.74218073757,0.9981058242616352,8,424.0612127945066
1941,10.24,0.7,15.1,2.29,9458.003500746832,0.9981489206876621,9,427.7300414393171
1941,9.83,0.703333,15.3,2.3325,9014.057556421874,0.9981919956700795,10,413.0523465284626
1941,9.37,0.706667,15.4,2.3750000000000004,8590.096411961176,0.9982350492773152,11,396.19783236880767
1941,8.76,0.71,15.5,2.4175,8032.949191814938,0.9982780815775614,12,372.906586620339
1942,8.93,0.703333,15.7,2.46,8137.585217474625,1.0019767381834872,1,382.63838784744075
1942,8.65,0.696667,15.8,2.4608333333333334,7885.111676539946,1.001977435551568,2,373.1283706262679
1942,8.18,0.69,16.0,2.461666666666667,7415.223970237465,1.0019781329194886,3,355.33467665131576
1942,7.84,0.68,16.1,2.4625,7113.918443911598,1.0019788302872494,4,343.02683332802246
1942,7.93,0.67,16.3,2.4633333333333334,7157.334804557913,1.0019795276548498,5,349.4075407932014
1942,8.33,0.66,16.3,2.4641666666666664,7568.001555639106,1.0019802250222902,6,369.45551444527035
1942,8.64,0.646667,16.4,2.465,7850.441008022405,1.0019809223895706,7,385.59486221333947
1942,8.59,0.633333,16.5,2.4658333333333338,7805.371188958384,1.001981619756691,8,385.71883051525066
1942,8.68,0.62,16.5,2.466666666666667,7934.097721954399,1.0019823171236515,9,392.0801228306943
1942,9.32,0.61,16.7,2.4675000000000002,8462.983747802346,1.0019830144904518,10,423.28542446535687
1942,9.47,0.6,16.8,2.4683333333333337,8593.136931334355,1.001983711857092,11,432.36880267276797
1942,9.52,0.59,16.9,2.4691666666666667,8631.741965316656,1.0019844092235723,12,436.89642389047816
1943,10.09,0.59,16.9,2.47,9193.137648109921,1.0019851065898928,1,465.31151868657633
1943,10.69,0.59,16.9,2.470833333333333,9784.602318400443,1.001985803956053,2,495.2485580867119
1943,11.07,0.59,17.2,2.4716666666666667,9999.907241479617,1.0019865013220532,3,515.1310812715153
1943,11.44,0.59,17.4,2.4725,10259.261005281642,1.0019871986878939,4,534.6365716267977
1943,11.89,0.59,17.5,2.4733333333333336,10645.725625018562,1.0019878960535744,5,557.9646096807352
1943,12.1,0.59,17.5,2.474166666666667,10877.770807901992,1.0019885934190949,6,570.1265800767759
1943,12.35,0.593333,17.4,2.475,11211.03117660231,1.0019892907844554,7,584.2357719112595
1943,11.74,0.596667,17.3,2.475833333333333,10764.288317723598,1.001989988149656,8,557.7309699877004
1943,11.99,0.6,17.4,2.4766666666666666,10975.910739760344,1.0019906855146967,9,571.9830390674542
1943,11.88,0.603333,17.4,2.4775,10921.239673440274,1.0019913828795777,10,569.1339886875589
1943,11.33,0.606667,17.4,2.4783333333333335,10462.102284721565,1.0019920802442988,11,545.2071542611925
1943,11.48,0.61,17.4,2.479166666666667,10647.55143525245,1.0019927776088597,12,554.8713881665285
1944,11.85,0.613333,17.4,2.48,11038.126515369746,1.0028721608445137,1,575.2252637224065
1944,11.77,0.616667,17.4,2.470833333333333,11011.47564975159,1.002864875599419,2,573.8364183252924
1944,12.1,0.62,17.4,2.461666666666667,11368.545590815469,1.0028575905674066,3,592.4442546034702
1944,11.89,0.623333,17.5,2.4525,11155.93004988501,1.0028503057486233,4,584.7054841692691
1944,12.1,0.626667,17.5,2.4433333333333334,11401.96310947487,1.0028430211432164,5,597.6005882606235
1944,12.67,0.63,17.6,2.4341666666666666,11920.434936397185,1.0028357367513328,6,628.3449160451058
1944,13.0,0.633333,17.7,2.425,12211.185580882155,1.0028284525731195,7,647.3280615216398
1944,12.81,0.636667,17.7,2.4158333333333335,12082.550681945051,1.0028211686087238,8,640.508987384944
1944,12.6,0.64,17.7,2.4066666666666667,11934.780741260322,1.0028138848582933,9,632.6755441356355
1944,12.91,0.64,17.7,2.3975,12278.931826127353,1.0028066013219752,10,650.9193627363721
1944,12.82,0.64,17.7,2.3883333333333336,12244.057503873957,1.0027993179999177,11,649.0706374613657
1944,13.1,0.64,17.8,2.3791666666666664,12491.84036401563,1.0027920348922679,12,665.9471490958264
1945,13.49,0.643333,17.8,2.37,12914.85706910785,1.0033004196151964,1,688.498411405227
1945,13.94,0.646667,17.8,2.355,13397.262802055038,1.0032888739842185,2,714.2157367313722
1945,13.93,0.65,17.8,2.3400000000000003,13439.709892472836,1.0032773292954764,3,716.4786153807484
1945,14.28,0.65,17.8,2.325,13829.651224002468,1.0032657855500335,4,737.2666106224127
1945,14.82,0.65,17.9,2.31,14324.604333946623,1.003254242748955,5,767.9430283029554
1945,15.09,0.65,18.1,2.295,14476.189779622304,1.003242700893307,6,784.7407025050389
1945,14.78,0.653333,18.1,2.2800000000000002,14231.02933405733,1.0032311599841568,7,771.4507841489033
1945,14.83,0.656667,18.1,2.265,14331.861905889435,1.0032196200225736,8,776.9168235183444
1945,15.84,0.66,18.1,2.25,15361.088671214604,1.003208081009627,9,832.7102434136268
1945,16.5,0.66,18.1,2.2350000000000003,16054.471145956932,1.003196542946389,10,870.2978585677141
1945,17.04,0.66,18.1,2.2199999999999998,16633.40510546265,1.0031850058339318,11,901.6813268009134
1945,17.33,0.66,18.2,2.205,16876.930281781308,1.00317346967333,12,919.9371987343825
1946,18.02,0.666667,18.2,2.19,17602.994309542963,1.001379783904099,1,959.5139047258682
1946,18.07,0.673333,18.1,2.195,17804.476642355323,1.0013840576640278,2,965.1640190379579
1946,17.53,0.68,18.3,2.2,17138.865751259844,1.0013883313886893,3,939.3479735185881
1946,18.66,0.68,18.4,2.205,18199.603793474438,1.001392605078097,4,1002.9357047550624
1946,18.7,0.68,18.5,2.21,18194.9995465968,1.001396878732264,5,1008.131334522461
1946,18.58,0.68,18.7,2.215,17939.43669729303,1.0014011523512036,6,1004.7169859741674
1946,18.05,0.683333,19.8,2.2199999999999998,16511.429594101537,1.0014054259349292,7,979.1364165508674
1946,17.7,0.686667,20.2,2.225,15921.952426867687,1.001409699483454,8,963.2544577153643
1946,15.09,0.69,20.4,2.23,13492.276067898423,1.001413972996791,9,824.3444575278804
1946,14.75,0.696667,20.8,2.235,12985.564907879661,1.0014182464749537,10,808.9422496279401
1946,14.69,0.703333,21.3,2.24,12679.545373415855,1.0014225199179554,11,808.8660765179143
1946,15.13,0.71,21.5,2.245,12988.439549138639,1.001426793325809,12,836.3513714937615
1947,15.21,0.713333,21.5,2.25,13108.146447773135,1.0004699429526016,1,844.059536009711
1947,15.8,0.716667,21.5,2.265833333333333,13668.084278369892,1.000484205925781,2,880.1150429702753
1947,15.16,0.72,21.9,2.2816666666666667,12925.863298106988,1.0004984677859259,3,847.8070224055439
1947,14.6,0.733333,21.9,2.2975,12500.495887963581,1.0005127285343618,4,819.9071855354716
1947,14.34,0.746667,21.9,2.3133333333333335,12331.158905045382,1.0005269881724117,5,808.8003774283457
1947,14.84,0.76,22.0,2.3291666666666666,12757.32419457787,1.0005412467013974,6,840.5733350725552
1947,15.77,0.77,22.2,2.3449999999999998,13489.3371499848,1.0005555041226388,7,896.885329049507
1947,15.46,0.78,22.5,2.360833333333333,13102.705546193225,1.0005697604374542,8,882.9514732716297
1947,15.06,0.79,23.0,2.376666666666667,12540.807010849521,1.0005840156471602,9,863.8665476149928
1947,15.45,0.806667,23.0,2.3925,12921.546452968803,1.0005982697530713,10,890.0935732856608
1947,15.27,0.823333,23.1,2.408333333333333,12772.852630768763,1.000612522756501,11,883.6763202849974
1947,15.03,0.84,23.4,2.424166666666667,12468.721772030663,1.0006267746587607,12,873.838404473049
1948,14.83,0.843333,23.7,2.44,12204.635936630424,1.002987182767804,1,866.2964028785943
1948,14.1,0.846667,23.5,2.4291666666666667,11761.183869300421,1.0029786503038336,2,827.7748704405157
1948,14.3,0.85,23.4,2.418333333333333,12038.320027664162,1.0029701181927324,3,843.6748014625707
1948,15.4,0.85,23.8,2.4075,12805.084681832606,1.0029615864347885,4,912.7519049622739
1948,16.15,0.85,23.9,2.3966666666666665,13431.173280847655,1.002953055030289,5,961.4023717581525
1948,16.82,0.85,24.1,2.3858333333333333,13930.713496792854,1.0029445239795223,6,1005.5038531045406
1948,16.42,0.856667,24.4,2.375,13490.617193891616,1.0029359932827764,7,985.8593994502884
1948,15.94,0.863333,24.5,2.3641666666666667,13101.664741318282,1.0029274629403402,8,961.3596776276732
1948,15.76,0.87,24.5,2.3533333333333335,13013.306588263593,1.0029189329525021,9,954.8762293626183
1948,16.19,0.89,24.4,2.3425,13484.645157071198,1.0029104033195513,10,985.4229784512597
1948,15.29,0.91,24.2,2.3316666666666666,12903.967261297388,1.002901874041777,11,935.2591259863482
1948,15.19,0.93,24.1,2.3208333333333333,12938.443068631519,1.0028933451194686,12,933.882845388919
1949,15.36,0.946667,24.0,2.31,13205.233611801486,1.0018512093111103,1,949.1845629453662
1949,14.77,0.963333,23.8,2.3108333333333335,12874.303235877609,1.0018519067081715,2,917.6858330567087
1949,14.91,0.98,23.8,2.3116666666666665,13067.519477174352,1.001852604105071,3,931.4583692558222
1949,14.89,0.993333,23.9,2.3125,13067.633539135964,1.0018533015018085,4,935.380224429568
1949,14.78,1.00667,23.8,2.3133333333333335,13099.528115571216,1.0018539988983841,5,933.7399586711141
1949,13.97,1.02,23.9,2.314166666666667,12404.838751936668,1.0018546962947978,6,887.9374234859614
1949,14.76,1.02667,23.7,2.315,13293.54269836633,1.0018553936910497,7,943.5880169554033
1949,15.29,1.03333,23.8,2.3158333333333334,13790.254053016884,1.00185609108714,8,982.9751984899387
1949,15.49,1.04,23.9,2.3166666666666664,13990.020926121033,1.001856788483068,9,1001.4046441123794
1949,15.89,1.07333,23.7,2.3175,14553.85922829984,1.0018574858788343,10,1033.0464557026773
1949,16.11,1.10667,23.8,2.3183333333333334,14777.47568942741,1.0018581832744389,11,1053.3447783594193
1949,16.54,1.14,23.6,2.3191666666666664,15388.364771402841,1.0018588806698816,12,1087.6716566113557
1950,16.88,1.15,23.5,2.32,15861.06009650929,1.0000912209180444,1,1116.3320897233941
1950,17.21,1.16,23.5,2.3408333333333333,16261.97156814302,1.0001104225647852,2,1144.5490145821213
1950,17.35,1.17,23.6,2.361666666666667,16416.531086520008,1.0001296216912134,3,1160.3439239931183
1950,17.84,1.18,23.6,2.3825,16973.210766975488,1.0001488183012737,4,1199.6908409162277
1950,18.44,1.19,23.7,2.4033333333333333,17563.983475589648,1.000168012398905,5,1246.70787265804
1950,18.74,1.2,23.8,2.4241666666666664,17869.581868331952,1.0001872039880388,6,1273.7514273794725
1950,17.38,1.24333,24.1,2.445,16464.018653022733,1.0002063930726006,7,1188.3550829618753
1950,18.43,1.28667,24.3,2.4658333333333333,17415.72302032777,1.000225579656509,8,1267.4800104643405
1950,19.08,1.33,24.4,2.4866666666666664,18060.362159125238,1.0002447637436755,9,1319.8045379355806
1950,19.87,1.37667,24.6,2.5075,18762.94156054673,1.000263945338006,10,1382.386134427846
1950,19.83,1.42333,24.7,2.5283333333333333,18760.908729181174,1.0002831244433987,11,1387.855209718023
1950,19.75,1.47,25.0,2.549166666666667,18575.504025012862,1.000302301063746,12,1390.8296850792444
1951,21.21,1.48667,25.4,2.57,19749.21479540491,1.001340335826904,1,1502.3699418324302
1951,22.0,1.50333,25.7,2.5791666666666666,20360.970959275426,1.0013483256412163,2,1567.2018798067595
1951,21.63,1.52,25.8,2.5883333333333334,20057.72067474513,1.0013563152444647,3,1549.8676771967757
1951,21.92,1.53333,25.8,2.5975,20445.13003208186,1.001364304636794,4,1579.8029450428267
1951,21.93,1.54667,25.9,2.6066666666666665,20495.23525402159,1.0013722938183494,5,1589.812868151154
1951,21.55,1.56,25.9,2.6158333333333332,20261.591441276247,1.001380282789276,6,1571.6891464440046
1951,21.93,1.54667,25.9,2.625,20740.05568182806,1.0013882715497184,7,1608.8035585086423
1951,22.89,1.53333,25.9,2.6341666666666668,21768.809257725905,1.0013962600998219,8,1688.603846373012
1951,23.48,1.52,26.1,2.6433333333333335,22278.33887947223,1.0014042484397307,9,1741.4726139527702
1951,23.36,1.48333,26.2,2.6525000000000003,22196.720013054215,1.00141223656959,10,1741.7404234656976
1951,22.71,1.44667,26.4,2.6616666666666666,21529.295311952614,1.0014202244895438,11,1702.2646397734272
1951,23.41,1.41,26.5,2.6708333333333334,22220.125918981546,1.0014282121997367,12,1763.5416694086
1952,24.19,1.41333,26.5,2.68,23072.271544664094,1.0011465057191369,1,1831.17379376176
1952,23.75,1.41667,26.3,2.6925,22938.32261688057,1.0011575700288213,2,1806.8027428707114
1952,23.81,1.42,26.3,2.705,23110.56124986346,1.0011686338079795,3,1820.3696125891088
1952,23.74,1.43,26.4,2.7175000000000002,23070.56283316856,1.001179697057109,4,1824.1286006593439
1952,23.73,1.44,26.4,2.7300000000000004,23177.460976034974,1.0011907597767067,5,1832.5807550853142
1952,24.38,1.45,26.5,2.7425,23840.04271869998,1.0012018219672691,6,1892.1093826472577
1952,25.08,1.45,26.7,2.755,24458.10711665466,1.001212883629292,7,1955.8135028929355
1952,25.18,1.45,26.7,2.7675,24673.464585617767,1.0012239447632705,8,1973.03474751902
1952,24.78,1.45,26.7,2.7800000000000002,24399.913796758156,1.0012350053697001,9,1951.1600241797669
1952,24.26,1.43667,26.7,2.7925,24005.77592368383,1.001246065449075,10,1919.642451275061
1952,25.03,1.42333,26.7,2.805,24885.07487456421,1.001257125001889,11,1989.9563456827102
1952,26.04,1.41,26.7,2.8175,26006.046585354106,1.0012681840286355,12,2079.5958095164
1953,26.18,1.41,26.6,2.83,26361.944707812057,1.0048812086921362,1,2100.160168999905
1953,25.86,1.41,26.5,2.8008333333333333,26256.74695650604,1.004860409031344,2,2083.915614598741
1953,25.99,1.41,26.6,2.7716666666666665,26408.389827418032,0.9972709699114101,3,2103.860282603891
1953,24.71,1.41333,26.6,2.83,25227.45774407073,0.9835525101219929,4,2009.7797224923636
1953,24.84,1.41667,26.7,3.05,25385.27480723158,0.9974273597913927,5,2029.955262107065
1953,23.95,1.42,26.8,3.11,24504.890298447062,1.0180660886362762,6,1966.8937157869113
1953,24.29,1.42,26.8,2.93,24973.842618006773,1.0007239184253585,7,2004.534340132173
1953,24.39,1.42,26.9,2.95,25104.648683582163,1.0093554892706844,8,2022.5523172528888
1953,23.27,1.42,26.9,2.87,24073.632293064682,1.020678701404313,9,1939.4886338670078
1953,23.97,1.43,27.0,2.66,24828.788651090254,1.000476705405486,10,2007.7638568684138
1953,24.5,1.44,26.9,2.68,25596.87987916392,1.0100968735423244,11,2062.2088509011414
1953,24.83,1.45,26.9,2.59,26067.897294627448,1.0118200222971947,12,2100.1562994840506
1954,25.46,1.45667,26.9,2.48,26856.746896921533,1.0029454226504648,1,2163.709851306002
1954,26.02,1.46333,26.9,2.47,27576.102823158726,1.0108881079156506,2,2221.664655369527
1954,26.57,1.47,26.9,2.37,28288.821084057046,1.0090659974682945,3,2279.084696904347
1954,27.63,1.46333,26.8,2.29,29657.476406793572,0.9948445136674794,4,2380.4678682572016
1954,28.73,1.45667,26.9,2.37,30853.366036008832,1.0010924459392456,5,2485.696882585376
1954,28.96,1.45,26.9,2.38,31230.12862741038,1.009070925747481,6,2516.0507051740883
1954,30.13,1.45667,26.9,2.3,32622.74774975307,0.9966162598611025,7,2628.2468592985992
1954,30.73,1.46333,26.9,2.36,33404.42058209865,1.000201558545158,8,2691.2222157085102
1954,31.45,1.47,26.8,2.38,34448.303655188334,0.99758112711172,9,2765.005317457108
1954,32.18,1.49333,26.8,2.43,35384.206742938346,0.9976333231982449,10,2840.1259109166804
1954,33.44,1.51667,26.8,2.48,36908.64058071035,0.9994354412264843,11,2962.4851338770336
1954,34.97,1.54,26.7,2.51,38884.07818073925,0.9933627434702108,12,3109.3986460484675
1955,35.6,1.54667,26.7,2.61,39727.90733965211,0.9986900925584009,1,3176.8761681340898
1955,36.79,1.55333,26.7,2.65,41200.34429451665,0.9995983914415623,2,3294.620851512372
1955,36.5,1.56,26.7,2.68,41021.16367241493,0.9961637573985144,3,3280.292519459043
1955,37.76,1.56333,26.7,2.75,42583.651367690974,1.0014249973563802,4,3405.238187492528
1955,37.6,1.56667,26.7,2.76,42550.44585582273,1.000568311621233,5,3402.582880269748
1955,39.78,1.57,26.7,2.78,45165.52534071182,0.9919856735121467,6,3611.6999531196584
1955,42.69,1.58667,26.8,2.9,48438.19579049664,0.9964102522763028,7,3887.908974251623
1955,42.43,1.60333,26.8,2.97,48294.78836016641,1.002475,8,3876.398325965572
1955,44.34,1.62,26.9,2.97,50434.26618268546,1.0102306128294607,9,4063.229213936338
1955,42.11,1.62667,26.9,2.88,48051.95326869267,1.0015386747064237,10,3871.2985255069607
1955,44.95,1.63333,26.9,2.89,51448.0097561252,0.9963990676485582,11,4144.901315362782
1955,45.37,1.64,26.8,2.96,52279.49619319339,1.0076321632439265,12,4196.232314225635
1956,44.15,1.67,26.8,2.9,51034.06039562942,1.0075969184830094,1,4096.2669679698365
1956,44.43,1.7,26.8,2.84,51521.47516648991,0.9920650683499093,2,4135.389487520473
1956,47.49,1.73,26.8,2.96,55237.05908154643,0.9837762031982095,3,4433.622149001383
1956,48.05,1.75333,26.9,3.18,55849.96262090998,1.0120440058709126,4,4499.543998450036
1956,46.54,1.77667,27.0,3.07,54065.945240159876,1.008556205018854,5,4372.007521835071
1956,46.27,1.8,27.2,3.0,53530.0214610629,0.9931237707286644,6,4360.734618899529
1956,48.78,1.81333,27.4,3.11,56195.47343835365,0.9840331001420624,7,4611.53207158259
1956,48.49,1.82667,27.3,3.33,56242.01400320637,0.9985670712007867,8,4598.506951451543
1956,46.84,1.84,27.4,3.38,54307.150485513244,1.0061893610621129,9,4456.571870596264
1956,46.24,1.80667,27.5,3.34,53590.47105883067,0.9902247262799895,10,4413.809696587505
1956,45.76,1.77333,27.5,3.49,53205.43731593831,0.9945751622636863,11,4382.09760982443
1956,46.44,1.74,27.6,3.59,53968.4211556531,1.0138911587112152,12,4461.101773463093
1957,45.43,1.73667,27.6,3.46,52962.87290981955,1.0130014165196715,1,4377.9818124426865
1957,43.47,1.73333,27.7,3.34,50662.71422509165,0.9969005501839602,2,4203.020984403779
1957,44.03,1.73,27.8,3.41,51298.202961794384,0.99697822718204,3,4271.10534779273
1957,45.05,1.73,27.9,3.48,52465.81717669856,0.9929048859361431,4,4384.034679514783
1957,46.78,1.73,28.0,3.6,54453.32290400605,0.9864967886452165,5,4566.418956137587
1957,47.55,1.73,28.1,3.8,55319.86935732297,0.9925044995420178,6,4655.655125349553
1957,48.51,1.74,28.3,3.93,56205.39260857155,1.003275,7,4763.846479997529
1957,45.84,1.75,28.3,3.93,53280.8043069952,1.0040955493531014,8,4515.964754787736
1957,43.98,1.76,28.3,3.92,51289.36063234456,0.9991734737976983,9,4347.174332742877
1957,41.24,1.77,28.3,3.97,48265.99393295044,1.0240147011474796,10,4090.920365993539
1957,40.35,1.78,28.4,3.72,47231.0764198952,1.0463665008075973,11,4017.348608684004
1957,40.33,1.79,28.4,3.21,47382.270489393006,1.0129133037439282,12,4030.2087704837977
1958,41.12,1.78333,28.6,3.09,48145.954673621316,1.0059942405838802,1,4124.004892789056
1958,41.26,1.77667,28.6,3.05,48483.22906795835,1.008545231626615,2,4152.8945733839755
1958,42.11,1.77,28.8,2.98,49310.52867394315,1.011100680921623,3,4253.294775442883
1958,42.34,1.75667,28.9,2.88,49579.1281231233,0.9989596059826652,4,4291.311732842946
1958,43.7,1.74333,28.9,2.92,51341.77210123748,0.9981430373402163,5,4443.877037446972
1958,44.75,1.73,28.9,2.97,52744.761411326595,0.9829534336905993,6,4565.312502638839
1958,45.98,1.73,29.0,3.2,54176.964747559476,0.9742672963023051,7,4705.502452673315
1958,47.7,1.73,28.9,3.54,56568.52475005264,0.9847624760955859,8,4896.27759017205
1958,48.96,1.73,28.9,3.76,58233.7582267095,0.9998326910623766,9,5040.411547884138
1958,50.95,1.73667,28.9,3.8,60772.8291814913,1.008131544683726,10,5260.1803375191075
1958,52.5,1.74333,29.0,3.74,62578.41088233869,0.9932424609586264,11,5435.204191731836
1958,53.49,1.75,28.9,3.86,64153.50883120721,0.9901489231071477,12,5552.794403054541
1959,55.62,1.75667,29.0,4.02,66653.07450491651,1.0082641214080816,1,5789.10625618299
1959,54.77,1.76333,28.9,3.96,66038.27502402737,1.0008463720204186,2,5715.929972055051
1959,56.16,1.77,28.9,3.99,67892.09733276283,0.9927567382434969,3,5876.38719922384
1959,57.1,1.77667,29.0,4.12,68968.80693450996,0.9881229824116164,4,5990.237579762316
1959,57.96,1.78333,29.0,4.31,70187.06763216709,1.0011775987524087,5,6096.048762199947
1959,57.46,1.79,29.1,4.34,69522.49082488305,0.9988019155824659,6,6059.149226185365
1959,59.74,1.79667,29.2,4.4,72214.12279395157,1.0012626276101042,7,6315.363135091043
1959,59.4,1.80333,29.2,4.43,71984.7849313507,0.9838876299903478,8,6295.306782858077
1959,57.05,1.81,29.3,4.68,69083.1056948931,1.0158648196265918,9,6062.235590378244
1959,57.0,1.81667,29.4,4.53,68970.48592739183,1.003775,10,6073.009385551696
1959,57.23,1.82333,29.4,4.53,69432.64162514854,0.9911062458036582,11,6113.703254129298
1959,59.06,1.83,29.4,4.69,71837.852389116,1.0015362166752055,12,6325.487575312444
1960,58.03,1.86667,29.3,4.72,71015.76918441811,1.0223132881790824,1,6231.8322127734245
1960,55.78,1.90333,29.4,4.49,68223.53077419715,1.023134908202376,2,6007.238272082769
1960,55.02,1.94,29.4,4.25,67491.7198638369,1.0011208804158602,3,5942.8006439102555
1960,55.73,1.94333,29.5,4.28,68328.90171663386,0.9979364483224713,4,6036.980766685981
1960,55.22,1.94667,29.5,4.35,67902.50202855282,1.019861215150373,5,5999.30759104295
1960,57.26,1.95,29.6,4.15,70372.30498807589,1.0239912183288333,6,6238.595439092063
1960,55.84,1.95,29.6,3.9,68826.84264922669,1.0115016056773918,7,6101.588213023983
1960,56.51,1.95,29.6,3.8,69852.95916974032,1.0031666666666668,8,6192.554763656906
1960,54.81,1.95,29.6,3.8,67952.42962234207,0.9957713775053386,9,6024.070372414251
1960,53.73,1.95,29.8,3.89,66366.5076532189,0.9999609998590825,10,5923.229566599799
1960,55.47,1.95,29.8,3.93,68716.4477390229,1.010687575569906,11,6132.962383470376
1960,56.8,1.95,29.8,3.84,70565.36243616533,1.0032,12,6297.978542787654
1961,59.72,1.94667,29.8,3.84,74394.5551794999,1.0081555955915638,1,6639.735077454862
1961,62.17,1.94333,29.8,3.78,77648.31312378752,1.0064599186780394,2,6930.1338936599905
1961,64.12,1.94,29.8,3.74,80285.71628522225,0.999812936272291,3,7165.522871282295
1961,65.83,1.94,29.8,3.78,82629.2611851054,1.008950498281547,4,7374.684916001829
1961,66.5,1.94,29.8,3.71,83673.1621758231,0.9891162651835674,5,7467.853374482891
1961,65.62,1.94,29.8,3.88,82769.32425858552,0.9999511359209277,6,7387.185584898877
1961,65.44,1.94667,30.0,3.92,82195.25472942901,0.9934749803871008,7,7385.184279020555
1961,67.79,1.95333,29.9,4.04,85636.85986987055,1.0082762096268238,8,7668.761982102411
1961,67.26,1.96,30.0,3.98,84889.74981753677,1.0082399627852752,9,7627.282716820843
1961,68.0,1.98,30.0,3.92,86031.96247862613,1.0016270980695723,10,7729.909699555348
1961,71.08,2.0,30.0,3.94,90139.56696167425,0.9935007566437831,11,8098.974995994901
1961,71.74,2.02,30.0,4.06,91190.01164325257,1.0017544201863267,12,8193.35669204183
1962,69.07,2.02667,30.0,4.08,88010.80442255657,1.006663895426522,1,7907.7072191699335
1962,70.22,2.03333,30.1,4.04,89394.0944493929,1.0123885003875235,2,8058.768145216579
1962,70.29,2.04,30.1,3.93,89699.62823845378,1.010687575569906,3,8086.311642152666
1962,68.05,2.04667,30.2,3.84,86770.46123192915,1.0007326009996715,4,7848.238367750878
1962,62.99,2.05333,30.2,3.87,80536.64539205482,0.999941270990609,5,7284.400490697023
1962,55.63,2.06,30.2,3.91,71345.91269437973,0.9950871893373412,6,6453.114590385432
1962,56.97,2.06667,30.3,4.01,73043.48410731454,1.005796438146745,7,6628.533340675907
1962,58.52,2.07333,30.3,3.98,75252.32509277512,1.0033166666666666,8,6828.98073574904
1962,58.0,2.08,30.4,3.98,74560.4636569539,1.007417500176147,9,6788.5265322563355
1962,56.17,2.09667,30.4,3.93,72432.56265900696,1.0040955493531014,10,6594.786959377079
1962,60.04,2.11333,30.4,3.92,77650.11965492475,1.008203769520687,11,7069.831270572752
1962,62.64,2.13,30.4,3.86,81242.27833816182,1.0056886798606937,12,7396.88750564963
1963,65.06,2.13667,30.4,3.83,84611.88202829196,0.9958067224887539,1,7703.6807165781665
1963,65.92,2.14333,30.4,3.92,85962.61700067601,1.0024464999647706,2,7826.661445886178
1963,65.67,2.15,30.5,3.93,85588.70538407337,1.0000004457048253,3,7818.2514258758065
1963,68.76,2.16667,30.5,3.97,89851.27032485805,1.0065890001409175,4,8207.622947230533
1963,70.14,2.18333,30.5,3.93,91892.32133636913,0.9983677440408374,5,8394.066355965644
1963,70.11,2.2,30.6,3.99,91792.2493115407,1.0008747980825903,6,8412.416657855883
1963,69.07,2.20333,30.7,4.02,90375.66753730184,1.0049849901462253,7,8309.65952633008
1963,70.98,2.20667,30.7,4.0,93115.44792222473,0.9968176807453066,8,8561.570718756186
1963,72.85,2.21,30.7,4.08,95810.21615656637,1.000960036443839,9,8809.343234743481
1963,73.03,2.23333,30.8,4.11,95979.07911475412,1.0026120567879613,10,8853.614971089279
1963,72.62,2.25667,30.8,4.12,95687.39081225435,1.0026207678502677,11,8826.708108200795
1963,74.17,2.28,30.9,4.13,97663.0056928946,1.0001974386374914,12,9038.199048826922
1964,76.45,2.29667,30.9,4.17,100917.19598888386,1.0050986215150373,1,9339.357296304981
1964,77.39,2.31333,30.9,4.15,102412.50964459739,0.9977940951085311,2,9477.740733972938
1964,78.8,2.33,30.9,4.22,104535.35153917731,1.002707865072601,3,9674.198619497529
1964,79.94,2.34667,30.9,4.23,106307.08756122932,1.0059547846225443,4,9838.163497658636
1964,80.72,2.36333,30.9,4.2,107606.26305620387,1.0059331710218815,5,9958.395377065071
1964,80.24,2.38,31.0,4.17,106884.87295985353,1.0018543915381173,6,9923.646268650717
1964,83.22,2.4,31.1,4.19,110763.53703024385,1.0034916666666667,7,10316.931352577803
1964,82.0,2.42,31.0,4.19,109761.09285849093,1.002681738459152,8,10190.686758801767
1964,83.41,2.44,31.1,4.2,111560.74667494571,1.0043103042309414,9,10391.186449503393
1964,84.85,2.46,31.1,4.19,113760.93164413748,1.0067389096967414,10,10596.119931213418
1964,85.44,2.48,31.2,4.15,114461.00464540868,1.0010262918409112,11,10695.608152135046
1964,83.96,2.5,31.2,4.18,112757.39691787188,1.002673029102392,12,10536.417511137874
1965,86.12,2.51667,31.2,4.19,115939.90931088896,1.0018725618126394,1,10833.801808964668
1965,86.75,2.53333,31.2,4.21,117072.26316292184,1.0035083333333332,2,10939.61263185954
1965,86.83,2.55,31.3,4.21,117091.70855636688,1.004318261540848,3,10976.49835744823
1965,87.97,2.57,31.4,4.2,118539.10578764265,1.0026904475729863,4,11147.683526080937
1965,89.28,2.59,31.4,4.21,120595.15806585467,1.0035083333333332,5,11341.039296383828
1965,85.04,2.61,31.6,4.21,114432.88538558382,1.004318261540848,6,10830.070091974061
1965,84.91,2.62667,31.6,4.2,114552.49784820361,0.9994597413467272,7,10841.390363674638
1965,86.49,2.64333,31.6,4.25,116981.26106154619,1.0003154470399351,8,11071.251524202731
1965,89.38,2.66,31.6,4.29,121189.91744575066,0.9987490985621182,9,11469.563980280243
1965,91.39,2.68,31.7,4.35,123826.22835109297,0.9956189389470301,10,11756.153368912592
1965,92.15,2.7,31.7,4.45,125160.82551627328,0.9902043429643292,11,11882.861007257914
1965,91.73,2.72,31.8,4.62,124505.47278387206,1.0046447183490235,12,11857.930425292965
1966,93.32,2.74,31.8,4.61,126973.50343191893,0.9865338038444458,1,12092.986242982464
1966,92.69,2.76,32.0,4.83,125639.0706898395,1.000883883641557,2,12041.151754156994
1966,88.88,2.78,32.1,4.87,120412.43686166829,1.013533726193486,3,11576.298429163735
1966,91.6,2.79667,32.3,4.75,123642.80408648682,1.001592747264804,4,11960.923267199845
1966,86.78,2.81333,32.3,4.78,117453.16455014971,1.0016210031287147,5,11362.151635540886
1966,86.06,2.83,32.4,4.81,116437.37762210569,0.9876303360155121,6,11298.759435914926
1966,85.84,2.85,32.5,5.02,116102.71304865814,0.9887269612751288,7,11301.056999128132
1966,80.65,2.87,32.7,5.22,108737.3210000845,1.007446914235438,8,10649.267044640907
1966,77.81,2.89,32.7,5.18,105232.96365146637,1.0175811091873184,9,10306.06530965191
1966,77.13,2.88333,32.9,5.01,104002.16868205837,0.9925509766263274,10,10247.823325290985
1966,80.99,2.87667,32.9,5.16,109530.23857697126,1.029463526499817,11,10792.530078340647
1966,81.33,2.87,32.9,4.84,110313.49901870271,1.0247245931872906,12,10869.708417275977
1967,84.45,2.88,32.9,4.58,114870.89919948277,0.9998467334879855,1,11318.770513452633
1967,87.36,2.89,32.9,4.63,119156.7376628067,1.0110339143296996,2,11741.07435508836
1967,89.42,2.9,33.0,4.54,121925.5559416936,0.9998060783089822,3,12050.415466282977
1967,90.96,2.9,33.1,4.59,123979.19153635878,0.9833890103864371,4,12290.51637833577
1967,92.59,2.9,33.2,4.85,126149.17251934229,0.9907832878855733,5,12543.416002582162
1967,91.43,2.9,33.3,5.02,124522.92095416618,0.9933342448512388,6,12419.00691921422
1967,93.01,2.90667,33.4,5.16,126624.43997531186,0.9950514749273693,7,12666.520796889468
1967,94.49,2.91333,33.5,5.28,128584.85625886063,1.0028599810166616,8,12901.136397708338
1967,95.81,2.92,33.6,5.3,130323.26298229206,0.9906693240321786,9,13114.585191955533
1967,95.66,2.92,33.7,5.48,130063.12478533483,0.9841958999428743,10,13127.36076810885
1967,92.66,2.92,33.8,5.75,125941.3384322008,1.0085725527060585,11,12749.065160218894
1967,95.3,2.92,33.9,5.7,129477.2299801469,1.0177042180566567,12,13145.782239274557
1968,95.04,2.93,34.1,5.53,128696.44729770454,1.0023253980989233,1,13143.598172620605
1968,90.75,2.94,34.2,5.56,122858.70488056818,0.9910466942746771,2,12584.193136759384
1968,89.09,2.95,34.3,5.74,120591.57798083007,1.0123656295663206,3,12388.092349311444
1968,95.67,2.96333,34.4,5.64,129455.06010025219,0.9874406983891784,4,13337.388732746842
1968,97.87,2.97667,34.5,5.87,132382.7926704411,1.0162240888211822,5,13678.673067320224
1968,100.5,2.99,34.7,5.72,135491.80644797004,1.021553749583873,6,14081.07604616624
1968,100.3,3.00333,34.9,5.5,134782.74364138985,1.0107099146729044,7,14088.120437220081
1968,98.11,3.01667,35.0,5.42,131799.99564709794,1.0014589299656875,8,13815.823499025668
1968,101.3,3.03,35.1,5.46,136035.94169934758,0.9954265212030787,9,14300.59541213744
1968,103.8,3.04333,35.3,5.58,138942.0776048035,0.9955758735054596,10,14689.324676204356
1968,105.4,3.05667,35.4,5.7,141025.22202837022,0.9801640793785789,11,14951.79694004599
1968,106.5,3.07,35.5,6.03,142436.9630094498,1.0042803063246961,12,15144.132278609037
1969,102.0,3.08,35.6,6.04,136377.61280402282,0.9939377478823239,1,14540.736961217197
1969,101.5,3.09,35.8,6.19,135293.30695657537,0.9970614768417426,2,14506.167071873127
1969,99.3,3.1,36.1,6.3,131602.37059965107,1.0148747842994055,3,14228.668145128759
1969,101.3,3.11,36.3,6.17,133854.86780173282,0.994110352163324,4,14552.383480320466
1969,104.6,3.12,36.4,6.32,138178.29160152527,0.9870846797381502,5,15063.799918523238
1969,99.14,3.13,36.6,6.57,130592.5667777203,0.9946381612657276,6,14315.050335256297
1969,94.71,3.13667,36.8,6.72,124421.54809376413,1.007770250943413,7,13713.135125378736
1969,94.18,3.14333,37.0,6.69,123398.75484874606,0.9722723609219354,8,13674.323111191788
1969,94.51,3.15,37.1,7.16,123840.37055681158,1.0102292959873826,9,13760.350255419664
1969,95.52,3.15333,37.3,7.1,124835.17775544967,1.0030799074007841,10,13945.662541920747
1969,96.21,3.15667,37.5,7.14,125408.29677386832,0.9705792605108994,11,14084.806124785859
1969,91.11,3.16,37.7,7.65,118471.92381598384,0.9967243031080518,12,13376.73511044001
1970,90.31,3.16333,37.8,7.79,117462.87500426063,1.0453262030836263,1,13297.982659571724
1970,87.16,3.16667,38.0,7.24,113110.54893337129,1.0181267352323757,2,12873.008107304324
1970,88.65,3.17,38.2,7.07,114782.87135939364,0.9834450156947917,3,13132.087980199727
1970,85.95,3.17333,38.5,7.39,110759.50617026762,0.9704989488088209,4,12771.299108411551
1970,76.06,3.17667,38.6,7.91,98101.07998935529,1.0114065562340058,5,11341.08040039568
1970,75.59,3.18,38.8,7.84,97332.36122325849,1.0331072842441178,6,11310.51346005804
1970,75.72,3.18333,39.0,7.46,97339.58409857698,1.0013364030516227,7,11369.658737002186
1970,77.92,3.18667,39.0,7.53,100509.10574924375,1.0160954098001953,8,11739.871737821324
1970,82.58,3.19,39.2,7.39,106317.72524147762,1.0103781482444136,9,12482.02588996735
1970,84.37,3.17333,39.4,7.33,108409.6117133524,1.0413211919527887,10,12792.556590837123
1970,84.28,3.15667,39.6,6.84,108083.33013808414,1.0386907764634588,11,12818.796089963485
1970,90.05,3.14,39.8,6.39,115236.52704454168,1.016395803221401,12,13736.198855538112
1971,93.49,3.13,39.8,6.24,119972.4646403663,1.0148506806126156,1,14300.722815536674
1971,97.11,3.12,39.9,6.11,124638.37192320095,1.0360949321896797,2,14894.22805165051
1971,99.6,3.11,40.0,5.7,127846.444702436,0.9949771575635821,3,15315.880973958507
1971,103.0,3.10667,40.1,5.83,132212.45945258558,0.9638031448454738,4,15878.5226504
1971,101.6,3.10333,40.3,6.39,130098.48368628997,0.9958493324598875,5,15702.565623838467
1971,99.72,3.1,40.6,6.52,127075.9696085319,0.9902684780880032,6,15451.932481581334
1971,99.0,3.09667,40.7,6.73,126176.52169835547,1.016512680598808,7,15380.3527576183
1971,97.24,3.09333,40.8,6.58,123957.36008060916,1.0381033092028704,8,15146.971828624044
1971,99.4,3.09,40.8,6.14,127039.08486459593,1.02083268481494,9,15523.543243635342
1971,97.29,3.08333,40.9,5.93,124365.95129344863,1.0139708836443282,10,15234.14694221059
1971,92.78,3.07667,40.9,5.81,118928.55425655255,0.9958610848676532,11,14568.095626864932
1971,99.17,3.07,41.1,5.93,126827.22703686167,1.003446248011016,12,15611.608620184685
1972,103.3,3.07,41.1,5.95,132436.2124146221,0.995294667571563,1,16302.038321438693
1972,105.2,3.07,41.3,6.08,134545.38580495855,1.0058103589465617,2,16642.255916933707
1972,107.7,3.07,41.4,6.07,137736.45250101332,0.9961818649725259,3,17078.218688775432
1972,108.8,3.07,41.5,6.19,139134.34089920216,1.0096085045152758,4,17293.216071989908
1972,107.7,3.07,41.6,6.13,137722.95104326133,1.0065930534275818,5,17159.040000598012
1972,108.0,3.07,41.7,6.11,138101.7556779017,1.0050916666666667,6,17247.59679168745
1972,107.2,3.07333,41.9,6.11,136750.3965428236,0.9977012245741972,7,17160.73770792788
1972,111.0,3.07667,42.0,6.21,141587.03993378134,0.9804255134616761,8,17810.09060466712
1972,109.4,3.08,42.1,6.55,139541.29793460973,1.010569702584494,9,17594.551069721754
1972,109.6,3.10333,42.3,6.48,139463.72722987432,1.0201347118183646,10,17668.308398133184
1972,115.1,3.12667,42.4,6.28,146447.70300756372,0.9993604560034339,11,18596.95143652733
1972,117.5,3.15,42.5,6.36,149482.78618452634,0.9979915410945415,12,19027.137215847524
1973,118.4,3.15667,42.6,6.46,150608.04687509913,0.9923329228962222,1,19215.474432277522
1973,114.2,3.16333,42.9,6.64,144582.66413218953,1.0004739008511474,2,18576.626582720277
1973,112.4,3.17,43.3,6.71,141320.55150718056,1.0084879014746988,3,18326.796439755064
1973,110.3,3.18667,43.6,6.67,138057.58527563713,0.9926287132790048,4,18027.690702899225
1973,107.2,3.20333,43.9,6.85,133592.36227869632,1.0021246957992085,5,17564.649412714476
1973,104.8,3.22,44.2,6.9,130047.17970071017,0.9894314626570545,6,17215.377233005802
1973,105.8,3.23667,44.3,7.13,131325.67186214714,0.9870105876260307,7,17423.953109138773
1973,103.8,3.25333,45.1,7.4,126888.22965078597,1.0281999418118777,8,17139.226419432744
1973,105.6,3.27,45.2,7.09,129135.3845094374,1.0275149478054186,9,17481.433035562557
1973,109.8,3.30667,45.6,6.79,133427.64509585264,1.0099911491177134,10,18222.333884022195
1973,102.0,3.34333,45.9,6.73,123475.40486263546,1.0048865171192618,11,16974.089214926862
1973,94.78,3.38,46.2,6.74,114329.0043368529,0.9877694780904974,12,15819.462852153325
1974,96.11,3.4,46.6,6.99,115277.02886866519,1.0079694972375672,1,16088.739774867056
1974,93.45,3.42,47.2,6.96,110999.21286052924,0.9881246841076057,2,15691.166609064236
1974,97.44,3.44,47.8,7.21,114621.94697516016,0.9850746551545895,3,16409.260661478336
1974,92.46,3.46,48.0,7.51,108648.38602998885,1.0013886996776262,4,15619.166436620962
1974,89.67,3.48,48.6,7.58,104405.60276724589,1.0091041723610832,5,15196.844177356936
1974,89.79,3.5,49.0,7.54,104028.7157994999,0.9876874266837288,6,15266.611481765824
1974,79.31,3.53,49.4,7.81,91480.8512486201,0.9908243764370813,7,13534.757599172888
1974,76.03,3.56,50.0,8.04,86983.22151507638,1.0067,8,13025.632728359635
1974,68.12,3.59,50.6,8.04,77347.76435299874,1.016304763687051,9,11721.727431019674
1974,69.44,3.59333,51.1,7.9,78411.76407115386,1.0218213915607526,10,12000.392773230791
1974,71.74,3.59667,51.5,7.68,80715.55079133296,1.0239057981194166,11,12449.668278723386
1974,67.07,3.6,51.9,7.43,75214.61916528571,1.001305009112839,12,11691.30404150536
1975,72.56,3.62333,52.1,7.5,81396.24013670355,1.013966036271582,1,12700.926529114176
1975,80.1,3.64667,52.5,7.39,89508.14288204655,0.9826597568943373,2,14073.923497255686
1975,83.78,3.67,52.7,7.73,93605.53960743746,0.9726243976976781,3,14774.25200419882
1975,84.72,3.68333,52.9,8.23,94639.55931195345,1.0184408106982208,4,14994.145383925477
1975,90.1,3.69667,53.2,8.06,100424.09625927801,1.0204615670414772,5,16000.844346589369
1975,92.4,3.71,53.6,7.86,102561.09785983687,0.992923556041309,6,16464.20583058097
1975,92.49,3.71,54.2,8.06,101863.8928651871,0.983888359971988,7,16535.33096219035
1975,85.71,3.71,54.3,8.4,94562.76832686937,1.004988328663875,8,15378.477564332852
1975,84.67,3.71,54.6,8.43,93241.30374916093,1.0267152349594735,9,15247.348127628464
1975,88.57,3.7,54.9,8.14,97340.81495820521,1.0129178826624958,10,16005.183528247762
1975,90.07,3.69,55.3,8.05,98608.84460229088,1.010123789893028,11,16331.810707058963
1975,88.7,3.68,55.5,8.0,97093.55271688354,1.0246283579987883,12,16139.003349242756
1976,96.86,3.68333,55.6,7.74,106170.41352227062,1.00300332253859,1,17679.56750103176
1976,100.6,3.68667,55.8,7.79,110210.22501448853,1.0106384742735481,2,18418.294977600453
1976,101.1,3.69,55.9,7.73,110896.12616575084,1.0182782363989127,3,18566.13566541768
1976,101.9,3.71333,56.1,7.56,111713.38029168641,0.9829741453314472,4,18769.87543704518
1976,101.2,3.73667,56.5,7.9,110499.46966387851,1.0093323134082954,5,18698.293720311583
1976,101.8,3.76,56.8,7.86,110907.8398322848,1.0086144194586297,6,18867.046437023222
1976,104.2,3.79,57.1,7.83,113268.40465763351,1.0106646066851026,7,19370.383898862277
1976,103.3,3.82,57.4,7.77,112047.42571544263,1.0189914585181015,8,19262.25427665014
1976,105.5,3.85,57.6,7.59,114383.17512073964,1.018940201004066,9,19732.311707973688
1976,101.9,3.91667,57.9,7.41,110259.65488840458,1.0146294332391081,10,19120.028206798972
1976,101.2,3.98333,58.0,7.29,109671.98833839774,1.0362174650586484,11,19050.967972107996
1976,104.7,4.05,58.2,6.87,113439.57485355766,0.9816865703863437,12,19773.37992460764
1977,103.8,4.09667,58.5,7.21,112255.69773833708,0.9933820921616536,1,19667.88208088747
1977,101.0,4.14333,59.1,7.39,108488.3093932269,1.0012631318497678,2,19202.764617772817
1977,100.6,4.19,59.5,7.46,107704.74109253947,1.012535314251147,3,19193.099860003138
1977,99.05,4.24667,60.0,7.37,105537.28855269974,0.9998478361877967,4,18964.898322549874
1977,98.76,4.30333,60.3,7.46,105084.96821757192,1.0189038765071172,5,18978.035096684074
1977,99.29,4.36,60.7,7.28,105336.76270704654,1.0025501542407664,6,19149.70086575088
1977,100.2,4.40667,61.0,7.33,106167.05446575068,1.0012002758042795,7,19396.034119996082
1977,97.75,4.45333,61.2,7.4,103624.61162691447,1.0103846340465472,8,18993.61690234781
1977,96.23,4.5,61.4,7.34,102077.21337596676,0.9935619402775462,9,18771.134126356115
1977,93.74,4.55667,61.6,7.52,99514.5576524391,1.0020926949617748,10,18359.492205995193
1977,94.28,4.61333,61.9,7.58,100008.89299524155,0.998700951384615,11,18540.54965716646
1977,93.82,4.67,62.1,7.69,99611.90765405919,0.9879329246850397,12,18526.619990916468
1978,90.25,4.71333,62.5,7.96,95622.61502828474,1.001857891824126,1,17899.214385671425
1978,88.98,4.75667,62.9,8.03,94094.79116372476,1.0060097554972645,2,17725.95180843621
1978,88.82,4.8,63.4,8.04,93604.51292952997,0.9992345104647423,3,17773.762871978855
1978,92.71,4.83667,63.9,8.15,97360.99384258706,0.9933343904289317,4,18632.84592059215
1978,97.41,4.87333,64.5,8.35,101767.69831653824,0.9995916878724279,5,19659.07153175563
1978,97.66,4.91,65.2,8.46,101356.36170102475,0.9950879903977516,6,19792.10309577728
1978,97.19,4.94667,65.7,8.64,100525.4963182629,1.0226360524630467,7,19780.393713874593
1978,103.9,4.98333,66.0,8.41,107404.8753937459,1.0063374885085377,8,21230.55107852746
1978,103.9,5.02,66.5,8.42,107026.51351208068,0.9923964327083631,9,21316.031802311718
1978,100.6,5.03667,67.1,8.64,103129.07605277015,0.9959841678096215,10,20725.11662628204
1978,94.71,5.05333,67.4,8.81,97088.62214725582,0.9942582592890565,11,19598.44301002581
1978,96.11,5.07,67.7,9.01,98518.38472862587,1.0016432159641684,12,19975.574911469925
1979,99.71,5.11333,68.3,9.1,101743.66796786815,1.0075833333333333,1,20812.36482462288
1979,98.23,5.15667,69.1,9.1,99506.4471145206,1.0062810771389346,2,20593.14149198731
1979,100.1,5.2,69.8,9.12,100818.39589759726,1.0037031360281712,3,21076.017082301307
1979,102.1,5.24667,70.6,9.18,102102.87627368416,1.003117086251853,4,21589.17335646084
1979,99.73,5.29333,71.5,9.25,98913.00214575065,1.030044769334399,5,21181.30731723885
1979,101.7,5.34,72.3,8.91,100187.24209566458,1.0048016460396398,6,21694.220755232745
1979,102.7,5.39667,73.1,8.95,100503.33034999362,1.0022294077638916,7,22003.469525624365
1979,107.4,5.45333,73.8,9.03,104546.39685198727,0.9881636923006627,8,23107.808913577457
1979,108.6,5.51,74.6,9.33,105023.01878156004,0.9476592376492354,9,23464.789419062658
1979,104.5,5.55667,75.2,10.3,100695.97819172153,0.9872029381971799,10,22678.968710041285
1979,103.7,5.60333,75.9,10.65,99449.32123298619,1.0249286541450782,11,22606.68772609044
1979,107.8,5.65,76.7,10.39,102749.79363556618,0.9837664457452885,12,23603.133259500966
1980,110.9,5.7,77.8,10.8,104656.37343916931,0.9174015256439824,1,24385.89022984156
1980,115.3,5.75,78.9,12.41,107737.56319186899,0.9912564853388187,2,25458.77411393926
1980,104.7,5.8,80.1,12.75,96812.01469916824,1.0862448859181546,3,23224.967249648842
1980,103.0,5.84667,81.0,11.47,94627.37758891036,1.0899045574721604,4,22955.94415778054
1980,107.7,5.89333,81.8,10.18,98424.42243973557,1.033815310457589,5,24112.9038704684
1980,114.6,5.94,82.7,9.78,104037.86303229014,0.978961383211929,6,25768.567047089695
1980,119.8,5.98333,82.7,10.25,109211.26000744423,0.957565312307295,7,27049.93733796248
1980,123.5,6.02667,83.3,11.1,112227.83292640964,0.9850671522968465,8,27998.767515802014
1980,126.5,6.07,84.0,11.51,114451.89904436698,0.9955721987902296,9,28793.57733320403
1980,130.2,6.1,84.8,11.75,117143.76776396703,0.9574436158599442,10,29751.466434209826
1980,135.7,6.13,85.5,12.68,121548.49662186009,1.0016172099037945,11,31124.97723419675
1980,133.5,6.16,86.3,12.84,118924.97603369849,1.0259640818205924,12,30738.113110381873
1981,133.0,6.2,87.0,12.57,117982.83601448507,0.9762689679378598,1,30741.950577686537
1981,128.4,6.24,87.9,13.19,113192.55545449846,1.0148642333079452,2,29798.889236656756
1981,133.2,6.28,88.5,13.12,117086.18053753785,0.9806212425474777,3,31034.320859474534
1981,134.4,6.31667,89.1,13.68,117805.0421777256,0.9890312953748093,4,31436.55295652149
1981,131.7,6.35333,89.8,14.1,114999.02283884422,1.046130210601641,5,30928.853600869174
1981,132.3,6.39,90.6,13.47,114963.73384987803,0.9683821010187267,6,31194.813560648858
1981,129.1,6.43333,91.6,14.28,111419.12251926793,0.9778562631723248,7,30566.699230335937
1981,129.6,6.47667,92.3,14.94,111464.64586683158,0.9931274100779962,8,30812.87184800064
1981,118.3,6.52,93.2,15.32,101226.15764529699,1.0214663553165861,9,28255.435185102033
1981,119.8,6.55667,93.4,15.15,102756.6904055038,1.108970876178851,10,28744.2062456451
1981,122.9,6.59333,93.7,13.39,105547.92849500108,0.9933234956774207,11,29619.83542601766
1981,123.8,6.63,94.0,13.72,106454.51591113361,0.965958056435771,12,29969.898981398383
1982,117.3,6.66,94.3,14.59,101020.05898701127,1.0205727472457031,1,28530.714413996015
1982,114.5,6.69,94.6,14.43,98774.5580800108,1.0426643818639756,2,27985.274285493153
1982,110.8,6.72,94.5,13.86,96167.46294447302,1.0110126744031835,3,27217.817855305828
1982,116.3,6.75,94.9,13.87,101001.81247921346,1.0251220228422484,4,28707.059919816584
1982,116.4,6.78,95.8,13.62,100625.04348414142,0.9754106412743653,5,28871.20604919472
1982,109.7,6.81,97.0,14.3,94144.38090416348,1.0306651376519482,6,27350.134991663057
1982,109.4,6.82333,97.5,13.95,93890.92847365727,1.0609778281904543,7,27417.104385937346
1982,109.7,6.83667,97.7,13.06,94443.62440665562,1.0519607466985679,8,27635.068486205157
1982,122.4,6.85,97.9,12.34,105652.55543060352,1.0967112869231939,9,30978.189616885935
1982,132.7,6.85667,98.2,10.91,114685.02582255633,1.0311735941154534,10,33729.62715776794
1982,138.1,6.86333,98.0,10.55,120090.82000723688,1.0094053062237236,11,35247.57327795388
1982,139.4,6.87,97.6,10.54,122217.98216867165,1.0137086656838108,12,35725.495660017375
1983,144.3,6.88333,97.8,10.46,126757.18413626662,0.9928796879673732,1,37128.27514402652
1983,146.8,6.89667,97.9,10.72,129325.87193538663,1.0218357023839544,2,37919.39879594286
1983,151.9,6.91,97.9,10.51,134326.09056476853,1.0155474590353635,3,39385.50361655575
1983,157.7,6.92,98.6,10.4,138971.34910388803,1.0099020734301765,4,41038.88233980506
1983,164.1,6.93,99.2,10.38,144242.44930443383,0.9801737810824116,5,42854.664213780896
1983,166.4,6.94,99.5,10.85,146329.94877205044,0.97761600247503,6,43606.340072984625
1983,167.0,6.96,99.9,11.38,146777.5645305408,0.9821386702978602,7,43915.56772494449
1983,162.4,6.98,100.2,11.85,142816.9412334929,1.0216050338528322,8,42858.876769007955
1983,167.2,7.0,100.7,11.65,146818.4962744744,1.0161885537859756,9,44279.58871445023
1983,167.7,7.03,101.0,11.54,147333.04103259806,1.000833309838694,10,44567.150038687316
1983,165.2,7.06,101.2,11.69,145365.69108034123,1.0015899027226098,11,44059.11464717097
1983,164.4,7.09,101.3,11.83,145038.3189692261,1.0192347993297712,12,44003.32954942864
1984,166.4,7.12,101.9,11.67,146458.7554602984,0.9998304045343891,1,44697.46155245897
1984,157.3,7.15,102.4,11.84,138295.138784389,0.9824599290610767,2,42413.11862806573
1984,157.4,7.18,102.6,12.32,138638.32206558494,0.9927827973295454,3,42601.411663721155
1984,157.6,7.22333,103.1,12.63,138668.9021590929,0.967859509236794,4,42818.46346534431
1984,156.6,7.26667,103.4,13.41,137920.51847453447,1.0030178161231755,5,42711.2966307026
1984,153.1,7.31,103.7,13.56,134982.87495260162,1.0222612021863886,6,41922.84682221011
1984,151.1,7.33333,104.1,13.36,133244.3793551894,1.0471009378195517,7,41542.532075069714
1984,164.4,7.35667,104.5,12.72,144956.32830139654,1.0219291431360158,8,45367.70459802463
1984,166.1,7.38,105.0,12.52,146297.54382482826,1.031119860341776,9,46006.550316664696
1984,164.8,7.43,105.3,12.16,145282.78582581002,1.0448487934823085,10,45817.97239368298
1984,166.3,7.48,105.3,11.57,147154.6534344476,1.0137721149498926,11,46408.305088156616
1984,164.5,7.53,105.3,11.5,146117.13791338992,1.0166985780559679,12,46081.102816864586
1985,171.6,7.57333,105.5,11.38,152694.2800919913,1.0018156011347725,1,48246.80563266645
1985,180.9,7.61667,106.0,11.51,160772.50748146165,0.9892367938618801,2,51040.037715836486
1985,179.4,7.66,106.4,11.86,159405.18351408275,1.0353280439322068,3,50796.9227397992
1985,180.6,7.68667,106.9,11.43,160287.37222415066,1.0446658658983008,4,51318.074202809905
1985,184.9,7.71333,107.3,10.85,164060.33720697905,1.0520532267558704,5,52722.580418274905
1985,188.9,7.74,107.6,10.16,167712.90132140814,0.9991742605611181,6,54047.06060239004
1985,192.5,7.77333,107.8,10.31,171166.09382696083,1.0073537038004854,7,55262.41204742957
1985,188.3,7.80667,108.0,10.33,167698.88887331347,1.0061364986054657,8,54243.44661325982
1985,184.1,7.84,108.3,10.37,164084.45793064238,1.016718459059641,9,53221.76087779321
1985,186.2,7.86,108.7,10.24,165927.08905214048,1.037665107026227,10,54018.2081956548
1985,197.5,7.88,109.0,9.78,176095.94348836353,1.0418088588778152,11,57486.939180220055
1985,207.3,7.9,109.3,9.26,184911.92336463346,1.012261086209065,12,60531.07878659879
1986,208.2,7.94,109.6,9.19,185794.97371057048,1.040138266147972,1,60987.08152677441
1986,219.4,7.98,109.3,8.7,196922.16601067095,1.0706964086423971,2,64462.64215268788
1986,232.3,8.02,108.8,7.78,210061.3441546896,1.0402862489588924,3,68449.19920043196
1986,238.0,8.04667,108.6,7.3,216219.49316239727,0.9777221654628936,4,70326.33843957663
1986,238.5,8.07333,108.9,7.71,216686.36312711527,1.0002236733487426,5,70672.8810756242
1986,245.3,8.1,109.5,7.8,222253.15098107193,1.0417113704432905,6,72887.89066069882
1986,240.2,8.14333,109.5,7.3,218247.1678012707,1.0152906557195402,7,71574.12902128423
1986,245.0,8.18667,109.7,7.17,222821.36854020372,0.9863856367686215,8,73207.7064589961
1986,238.3,8.23,110.2,7.45,216365.46552918496,1.0076087971828867,9,71410.63156949074
1986,237.4,8.24667,110.3,7.43,215976.28758064157,1.0188955773741608,10,71346.86918737247
1986,245.1,8.26333,110.4,7.25,223405.3407774181,1.015983428220694,11,73867.93540384095
1986,248.6,8.28,110.5,7.11,227018.83620224244,1.0080581907954413,12,75130.71243094046
1987,264.5,8.3,111.2,7.08,240645.71459383206,0.9939018621095888,1,80144.96720601429
1987,280.9,8.32,111.6,7.25,255279.19237773094,1.0060416666666667,2,85324.34202431852
1987,292.5,8.34,112.1,7.25,265264.3088246513,0.9534890993905645,3,89058.99060099706
1987,289.3,8.4,112.7,8.02,261596.93052671684,0.967424225099176,4,88297.8026471424
1987,289.1,8.46,113.1,8.61,261126.76916295002,1.0212748364878896,5,88451.93465660249
1987,301.4,8.52,113.5,8.4,271916.2410768558,1.0036500888963857,6,92432.42469424481
1987,310.1,8.56667,113.8,8.45,279670.02235884,0.9865456526552201,7,95319.44726052844
1987,329.4,8.61333,114.4,8.76,296161.97739076155,0.9648663076746858,8,101472.57040365724
1987,318.7,8.66,115.0,9.42,285692.11998136766,1.0014476306327,9,98398.7175448903
1987,280.2,8.71,115.3,9.52,251174.99897244148,1.0513845824386956,10,86735.93261760149
1987,245.0,8.76,115.4,8.86,220084.75336883424,0.9988718989112614,11,76065.74133520061
1987,241.0,8.81,115.4,8.99,217151.03857817964,1.028730231232527,12,75051.79017774263
1988,250.5,8.85667,115.7,8.67,225788.98025288948,1.0383636955621693,1,78240.1072658395
1988,258.1,8.90333,116.0,8.21,232704.63563706228,0.9960850896319035,2,80845.59471656065
1988,265.7,8.95,116.5,8.37,239198.2661439813,0.983794836071856,3,83459.79021922871
1988,262.6,9.04333,117.1,8.72,235871.12612194987,0.9831443032725702,4,82722.7591781197
1988,256.1,9.13667,117.5,9.09,229931.20440604878,1.018738472701669,5,80915.01461611367
1988,270.7,9.23,118.0,8.92,242697.16586363356,0.9982943438098126,6,85770.91600412937
1988,269.1,9.30667,118.5,9.06,240937.0872927195,0.9946042850469942,7,85509.6920241912
1988,263.7,9.38333,119.0,9.26,235807.37061229092,1.0260567691250402,8,84042.2504334857
1988,268.0,9.46,119.8,8.98,238752.43171739922,1.019363978978598,9,85663.92272885563
1988,277.4,9.55,120.2,8.8,247010.82207196337,0.9968443726651456,10,88922.93421700098
1988,271.0,9.64,120.3,8.96,241826.08397264764,0.9976956094018237,11,87128.87501788604
1988,276.5,9.75,120.5,9.11,247048.30513001734,1.0088955782014826,12,89158.39909002776
1989,285.4,9.81333,121.1,9.09,254463.94272960123,1.0023769837262066,1,92291.93067994852
1989,294.0,9.89667,121.6,9.17,261786.20045080225,0.9953950007933203,2,95339.67362195184
1989,292.7,10.01,122.3,9.36,259875.4154779915,1.019490591915486,3,95188.61104384903
1989,302.3,10.0867,123.1,9.18,267396.0111998623,1.028717272293509,4,98583.97232253809
1989,313.9,10.1933,123.8,8.86,276833.825370493,1.046527044792438,5,102643.89760436976
1989,323.7,10.37,124.1,8.28,285546.78288355673,1.0246450227166057,6,106131.03246059552
1989,331.9,10.4233,124.4,8.02,292838.6012334996,1.0005646566168747,7,109104.34344421438
1989,346.6,10.5467,124.6,8.11,306091.899856531,1.0013382399471198,8,114225.53882499237
1989,347.3,10.73,125.0,8.19,306515.7526519934,1.0191153280183949,9,114750.9125886301
1989,347.4,10.7967,125.6,8.01,305929.61546413467,1.016292259725205,10,115081.23034298558
1989,340.2,10.9233,125.9,7.87,299674.9334294261,1.0086218574336216,11,112997.66876693771
1989,348.6,11.06,126.1,7.84,307397.8703524412,0.9814869912507187,12,116093.86689261615
1990,339.97,11.14,127.4,8.21,297539.07473381096,0.9894370576059219,1,113528.98948340416
1990,330.45,11.23,128.0,8.47,288666.78128052555,0.9990665992170817,2,110662.4078225994
1990,338.46,11.32,128.7,8.59,294875.42480261903,0.9939519917925266,3,113660.73563226807
1990,338.18,11.4367,128.9,8.79,295003.37556065095,1.009308485226914,4,113886.76028891906
1990,350.25,11.5533,129.2,8.76,305660.8199718398,1.0260353940840221,5,118275.72629023321
1990,360.39,11.66,129.9,8.48,313658.5085544271,1.0077360747074646,6,122028.01878215319
1990,360.03,11.7267,130.4,8.47,312990.96036034956,0.9885379112722102,7,122237.01110683703
1990,330.75,11.7833,131.6,8.75,285760.4341435903,0.9980864876526703,8,112629.28377635461
1990,315.41,11.83,132.7,8.89,271092.789329898,1.0186672700984318,9,107741.30339578597
1990,307.12,11.9267,133.5,8.72,263234.88561263937,1.0294330647551313,10,105249.01646274581
1990,315.29,12.0133,133.8,8.39,270487.6747792369,1.028094419372411,11,108391.92520185957
1990,328.75,12.09,133.8,8.08,282899.36063945637,1.006052893220839,12,113365.63251213869
1991,325.49,12.1067,134.6,8.09,279292.304397797,1.02324270106363,1,112589.3638579587
1991,362.26,12.1133,134.8,7.85,311247.12829813716,0.9888654894857861,2,125657.54814675052
1991,372.28,12.11,135.0,8.11,320248.03995889344,1.0115317115191491,3,129483.24803477351
1991,379.68,12.13,135.2,8.04,326998.8848248309,1.0046569160399428,4,132408.6322044285
1991,377.99,12.14,135.6,8.07,325451.7960257347,0.9925522768854966,5,132172.07197253496
1991,378.29,12.15,136.0,8.28,325621.3319776228,1.0075751819767564,6,132631.0149193429
1991,380.23,12.1933,136.2,8.27,327683.97821347567,1.0322756849824446,7,133667.4463567627
1991,389.4,12.2367,136.6,7.9,335480.2727213793,1.0239219311221082,8,137249.57959145657
1991,387.2,12.28,137.2,7.65,333003.85595387744,1.014741166197218,9,136834.8466553516
1991,386.88,12.2533,137.4,7.53,333121.231125999,1.0139809192833882,10,137082.6153828321
1991,385.92,12.2267,137.8,7.42,332204.8221365349,1.029638110100816,11,137103.48237955186
1991,388.51,12.2,137.9,7.09,335066.3323798817,1.0101841162442249,12,138384.8012015415
1992,416.08,12.24,138.1,7.03,359202.5140442326,0.9840655018706176,1,148568.37811423893
1992,412.56,12.28,138.6,7.34,355759.08897264255,0.992179138194585,2,147676.9011930734
1992,407.36,12.32,139.3,7.54,350390.6867016108,1.0104755563451913,3,146183.04591308397
1992,407.41,12.32,139.5,7.48,350813.1015157627,1.0125464539191733,4,146569.41279438412
1992,414.81,12.32,139.7,7.39,357556.5201289755,1.0153293568561221,5,149600.9819388512
1992,408.27,12.32,140.2,7.26,351545.93833037635,1.0362324502452476,6,147612.60152270194
1992,415.05,12.3433,140.5,6.84,357504.648665715,1.0238658423844582,7,150435.85326874055
1992,417.93,12.3667,140.9,6.59,359848.54079678794,1.0179381983966895,8,151853.24437735925
1992,418.48,12.4,141.3,6.42,360189.2929517842,0.9929972271785684,9,152428.54240238137
1992,412.5,12.3867,141.8,6.59,354675.656169964,0.985396689960901,10,150626.34843520267
1992,422.84,12.3833,142.0,6.87,363940.1617114713,1.0129335817200111,11,154778.8673391254
1992,435.64,12.39,141.9,6.77,376110.71918911557,1.017988955537202,12,159842.19787187644
1993,435.23,12.4133,142.6,6.6,374800.9200082744,1.0305714011765221,1,160071.31395038802
1993,441.7,12.4467,143.1,6.26,379933.6460995582,1.0261243281280923,2,162832.36298163864
1993,450.16,12.48,143.6,5.98,386753.84586976987,1.0057303710261363,3,166334.53062557246
1993,443.08,12.4933,144.0,5.97,380505.6427965749,0.9997621442728722,4,164103.15464620138
1993,445.25,12.5067,144.2,6.04,382732.64541693154,1.011012320562737,5,165292.86362862756
1993,448.06,12.52,144.4,5.96,385510.2456556258,1.0162531878887435,6,166723.35998164793
1993,447.29,12.52,144.4,5.81,385745.42130281427,1.014680852842298,7,166825.06745771883
1993,454.13,12.52,144.8,5.68,391459.6766415076,1.0293065194781301,8,169765.30223856572
1993,459.24,12.52,145.1,5.36,395943.5198084627,1.006773545988639,9,172065.57417195037
1993,463.9,12.54,145.7,5.33,399211.43580027303,0.9749773690649266,10,174203.09289995965
1993,462.89,12.56,145.8,5.72,398969.1602704452,1.000997703604514,11,174216.86191642797
1993,465.95,12.58,145.8,5.77,402510.170661923,1.006317279016577,12,175763.10603714784
1994,472.99,12.6233,146.2,5.75,408379.9975931531,0.9883568374250016,1,178815.50393650346
1994,471.58,12.6667,146.7,5.97,406683.1271665843,0.9677350240272581,2,178681.50603963228
1994,463.81,12.71,147.2,6.48,399534.0722409247,0.9703886543569092,3,176138.77350903093
1994,447.23,12.7533,147.4,6.97,385643.29049089766,0.9909414979381134,4,170245.87559875805
1994,450.9,12.7967,147.5,7.18,389463.2257881677,1.0116668390942878,5,172048.86543948945
1994,454.83,12.84,148.0,7.1,392451.6130491536,0.9918321184893504,6,173956.70382316085
1994,451.4,12.87,148.4,7.3,389365.09804997355,1.0103198282151835,7,173055.04181919654
1994,464.24,12.9,149.0,7.24,399751.5442918812,0.9906484143849844,8,178389.6915908273
1994,466.96,12.92,149.4,7.46,401941.770506958,0.9868733067705355,9,179848.60550548314
1994,463.81,13.0133,149.5,7.74,399896.1467463952,0.9913959633236125,10,179053.0603070931
1994,461.01,13.0967,149.7,7.96,397890.69247757486,1.0169643925831136,11,178393.45497096507
1994,455.19,13.17,149.7,7.81,393814.77482887893,1.0085772379629767,12,176566.0258672572
1995,465.25,13.18,150.3,7.78,401857.929071935,1.0281526145343234,1,180894.2900469817
1995,481.92,13.18,150.9,7.47,415546.39200025034,1.025322723066438,2,187802.81244064416
1995,493.15,13.17,151.4,7.2,424768.6063301791,1.0159636566781896,3,192606.80308299564
1995,507.91,13.2433,151.9,7.06,436989.36594808556,1.0370731500299206,4,198802.56276350684
1995,523.81,13.3067,152.2,6.63,450733.07679166173,1.0395819290594353,5,205460.06360637303
1995,539.35,13.36,152.5,6.17,464148.21932292084,0.9970375751665662,6,211992.19343574782
1995,557.37,13.44,152.5,6.28,480619.5216643332,0.9899060470856952,7,219515.1944227882
1995,559.11,13.51,152.9,6.49,481826.9182017693,1.026850203931602,8,220643.87727502274
1995,578.77,13.58,153.2,6.2,498766.0407038833,1.01708176547153,9,228848.97814666372
1995,582.92,13.65,153.7,6.04,501685.2901798615,1.0132655333157623,10,230939.68597870486
1995,595.53,13.72,153.6,5.93,513856.3072858889,1.021570056477021,11,236388.4447812171
1995,614.57,13.79,153.5,5.71,531622.7483742179,1.0093056553879096,12,244402.29078353796
1996,614.42,13.8933,154.4,5.65,529390.5872978254,0.9926693773631179,1,244803.06289834075
1996,649.54,13.9967,154.9,5.81,558845.5822233756,0.9709366873686951,2,259260.63234843814
1996,647.07,14.1,155.7,6.27,554865.7294336193,0.9877236786783421,3,258743.73959527252
1996,647.17,14.1567,156.3,6.51,553828.8846036727,0.9888232270763537,4,259255.46295156088
1996,661.23,14.2133,156.6,6.74,565788.6587671784,0.9934376769306602,5,265362.36651898484
1996,668.5,14.27,156.7,6.91,572661.1529485118,1.0086290442912997,6,268757.16785202356
1996,644.07,14.4,157.0,6.87,551705.2669581162,1.0224005244474197,7,259418.00703047914
1996,662.68,14.53,157.3,6.64,567599.0518194141,0.9918733306396262,8,267401.4266603588
1996,674.88,14.66,157.8,6.83,577260.0836848803,1.027548871340334,9,272817.2726415661
1996,701.46,14.74,158.3,6.53,599147.5627278181,1.0298410366578001,10,284058.66912198876
1996,735.67,14.82,158.6,6.2,628232.0971304037,0.9978058880379478,11,298412.24527320033
1996,743.25,14.9,158.6,6.3,635765.4397299191,0.9848952184377804,12,301990.6069802861
1997,766.22,14.9533,159.1,6.58,654416.4495400733,1.0171977161380608,1,311829.8767472335
1997,798.39,15.0067,159.6,6.42,680820.8223932822,0.9858177415092839,2,325431.09909317474
1997,792.16,15.06,160.0,6.69,674886.9840142888,0.9912341189643861,3,323403.24338607845
1997,763.93,15.0933,160.2,6.89,651093.9159749997,1.0187516359065731,4,312391.6989426086
1997,833.09,15.1267,160.1,6.71,711557.191899878,1.0216488236880017,5,341188.5754342205
1997,876.29,15.16,160.3,6.49,748598.9624704011,1.025353605384492,6,359398.3503193552
1997,925.29,15.2167,160.5,6.22,790555.7254442304,0.9992947104303582,7,380015.10646030976
1997,927.24,15.2733,160.8,6.3,791829.1679128127,1.0119013978832225,8,381338.69494037837
1997,937.02,15.33,161.2,6.21,799283.6022688971,1.0185855021571386,9,385886.22591326915
1997,951.16,15.3867,161.6,6.03,810427.8641570209,1.0162760017275136,10,392237.45022057876
1997,938.92,15.4433,161.5,5.88,801591.4373926227,1.0101670432369692,11,387720.65002630657
1997,962.37,15.5,161.3,5.81,823734.4365036243,1.0254066973154938,12,397937.55357797677
1998,963.36,15.55,161.6,5.54,824158.1387345978,1.002334764529083,1,398882.73986241384
1998,1023.74,15.6,161.9,5.57,875300.6736190649,0.9985785705938983,2,424421.5699931164
1998,1076.83,15.64,162.2,5.65,920102.1862404364,1.0054665629566322,3,446971.9284146807
1998,1112.2,15.75,162.5,5.64,949689.1964714776,1.0039421129909039,4,462198.1458901147
1998,1108.42,15.85,162.8,5.65,945843.1826727712,1.016154071685974,5,461176.1873630799
1998,1108.39,15.95,163.0,5.5,945789.8908300711,1.0076410700343126,6,461716.72680668655
1998,1156.58,16.0167,163.2,5.46,986838.5253045551,1.0137733237817153,7,482347.00488840987
1998,1074.62,16.0833,163.4,5.34,916926.9911513516,1.0461845002815953,8,448724.8750844385
1998,1020.64,16.14,163.6,4.81,870949.7772196318,1.0263426633029713,9,426746.28376837383
1998,1032.47,16.1667,164.0,4.53,880042.6959650934,0.9801733688787897,10,432255.8971473613
1998,1144.43,16.1833,164.0,4.83,976623.1420349256,1.0183036055450048,11,479693.8993649987
1998,1190.05,16.2,163.9,4.65,1017326.2893119602,0.9983400611310349,12,499381.62378079863
1999,1248.77,16.28333333,164.3,4.72,1066081.887245747,0.9820760224994816,1,524591.759546789
1999,1246.58,16.36666667,164.5,5.0,1064081.340862994,0.9863999330858457,2,524244.7211960812
1999,1281.66,16.45,165.0,5.23,1091877.016161368,1.0082294761276307,3,539573.9876356184
1999,1334.76,16.45,166.2,5.18,1130063.387905584,0.9768966258015637,4,562506.0013923885
1999,1332.07,16.45,166.2,5.54,1128946.5264828973,0.9776385491503947,5,561950.0668672029
1999,1322.55,16.45,166.2,5.9,1122040.0024998758,1.0132009123986316,6,558512.240962224
1999,1380.99,16.513333333333335,166.7,5.79,1169269.8158848498,0.9936043180188611,7,583772.5564605508
1999,1327.49,16.576666666666668,167.1,5.94,1122448.1949590025,1.006447436763016,8,561740.9596730963
1999,1318.17,16.64,167.9,5.92,1110424.0174154942,0.990828492437972,9,558383.8885990595
1999,1300.01,16.656666666666666,168.2,6.11,1094340.0193321784,1.0110518898476173,10,551279.2028921656
1999,1391.0,16.673333333333332,168.3,6.03,1171408.0012763601,0.9866066102270442,11,590453.4142420433
1999,1428.68,16.69,168.3,6.28,1204310.8674037517,0.97770689842364,12,607038.2502872974
2000,1425.59,16.713333333333335,168.8,6.66,1199317.1541867706,1.015754565043198,1,606317.109928276
2000,1388.87,16.736666666666668,169.8,6.52,1162710.6873281868,1.0246055812918504,2,591292.93023451
2000,1442.21,16.76,171.2,6.26,1198651.330637975,1.025368573243759,3,614596.3380585706
2000,1461.36,16.740000000000002,171.3,5.99,1215017.009847722,0.9720743018404012,4,623351.5691035732
2000,1418.48,16.72,171.5,6.44,1179147.0900238117,1.030618221476396,5,605655.1912339561
2000,1461.96,16.7,172.4,6.1,1210097.4232953216,1.008805131658411,6,624814.2614048338
2000,1473.0,16.583333333333332,172.8,6.05,1217554.3960261769,1.0215803230975278,7,630123.1672868464
2000,1485.46,16.46666666666667,172.8,5.83,1228987.8535777573,1.007116655004377,8,636040.3456149404
2000,1468.05,16.35,173.7,5.8,1209412.0143237938,1.0093622130195519,9,629169.1693824899
2000,1390.14,16.323333333333334,174.0,5.74,1144372.1992182198,1.0062943229539354,10,596361.8909198927
2000,1378.04,16.296666666666667,174.1,5.72,1134877.1331459077,1.0418281855632676,11,591753.6598776628
2000,1330.93,16.27,174.0,5.24,1097827.1178667394,1.010566145799292,12,572106.0476315361
2001,1335.63,16.169999999999998,175.1,5.16,1095887.4175374848,1.0089623559485503,1,574705.5918021926
2001,1305.75,16.07,175.8,5.1,1068199.24285924,1.02072574956868,2,562424.813060055
2001,1185.85,15.97,176.2,4.89,968996.2010429504,0.9846839467689684,3,511353.5962136552
2001,1189.84,15.876666666666665,176.9,5.14,969486.1357118448,0.9851116741752641,4,513644.6533163379
2001,1270.37,15.783333333333331,177.7,5.39,1031509.1540803924,1.012969481316578,5,548976.6217572594
2001,1238.71,15.69,178.0,5.28,1005166.7103395349,1.00748845990805,6,535860.1179734113
2001,1204.45,15.706666666666667,177.5,5.24,981184.2549679445,1.0254723068263334,7,521605.6223389568
2001,1178.5,15.723333333333333,177.5,4.97,961111.9335837209,1.023109878479575,8,510935.01115212374
2001,1044.64,15.74,178.3,4.73,849186.3670219589,1.0166806203414818,9,453469.09331600834
2001,1076.59,15.740000000000002,177.7,4.57,879183.2812711279,0.9974622864244422,10,467907.69209215365
2001,1129.68,15.740000000000002,177.4,4.65,925171.6082579991,0.9696687755818073,11,491551.7518511768
2001,1144.93,15.74,176.7,5.09,942453.8956051018,1.008137626359966,12,498758.14327492076
2002,1140.21,15.736666666666668,177.1,5.04,937525.7837258307,1.0143899309217241,1,497273.2729781131
2002,1100.67,15.733333333333334,177.8,4.91,902525.1852207948,0.9755753810260557,2,480600.72607877484
2002,1153.79,15.73,178.8,5.28,941859.9709000647,1.0098121952753996,3,504367.61172213085
2002,1111.93,15.833333333333332,179.8,5.21,903711.6549693283,1.0082163411245575,4,486645.7184976759
2002,1079.25,15.936666666666667,179.8,5.16,878230.6286453734,1.0223118312731163,5,472924.2706273371
2002,1014.02,16.04,179.9,4.93,825778.6886990111,1.0263194975144518,6,444926.3942644777
2002,903.59,15.96,180.1,4.65,736113.5076721528,1.0353744093209243,7,397056.06664346973
2002,912.55,15.879999999999999,180.7,4.26,742018.8469071558,1.0356261870042687,8,401574.7752229327
2002,867.81,15.8,181.0,3.87,705538.8286895545,0.9974865099101702,9,382465.997268011
2002,854.63,15.89,181.3,3.94,694748.392480241,0.9943117974902391,10,377240.82917905523
2002,909.93,15.98,181.3,4.05,740785.5774376419,1.0050077075830828,11,402238.5204502781
2002,899.18,16.07,180.9,4.03,734745.1577835926,1.0017271449982252,12,398078.42057863506
2003,895.84,16.119999999999997,181.7,4.05,729885.8275164218,1.0156947309973,1,397194.4708543434
2003,837.03,16.169999999999998,183.1,3.9,677845.4389107536,1.0106729743502778,2,371716.9444194134
2003,846.63,16.22,184.2,3.81,682613.4412435805,0.9908896964797959,3,376580.4738862584
2003,890.03,16.203333333333333,183.8,3.96,720258.3833331736,1.0358298898509803,4,396485.36836448056
2003,935.96,16.186666666666667,183.5,3.57,759758.9948798352,1.0232207089359318,5,417546.8917704044
2003,988.0,16.17,183.7,3.33,802221.5693053481,0.9495882845982989,6,441363.9188702724
2003,992.54,16.310000000000002,183.9,3.98,806133.8236693726,0.9656881797177087,7,443999.2218237835
2003,989.53,16.450000000000003,184.6,4.45,801750.7071891394,1.018239784369447,8,443265.9629884324
2003,1019.44,16.59,185.2,4.27,824425.3444473871,1.0019452235199675,9,457283.6280888492
2003,1038.73,16.85666666666667,185.0,4.29,842070.6154183239,1.0027688186955976,10,466566.52620945347
2003,1049.9,17.123333333333335,184.5,4.3,854592.3301958346,1.0060052418393521,11,472224.69783278
2003,1080.64,17.39,184.3,4.27,881749.3322839593,1.013300062423557,12,486702.76193665236
2004,1132.52,17.6,185.2,4.15,920781.1110327694,1.0091595293478566,1,510729.236994748
2004,1143.36,17.810000000000002,186.2,4.08,925802.1875018919,1.024000109950226,2,516287.0304449854
2004,1123.98,18.02,187.4,3.83,905490.1350435124,0.9613671875383578,3,508214.0248947019
2004,1133.36,18.213333333333335,188.0,4.35,911351.6183047426,0.9743688945497557,4,513141.51782771887
2004,1102.78,18.406666666666666,189.1,4.72,882829.7157029363,1.003142991174462,5,499990.5635479241
2004,1132.76,18.6,189.7,4.73,905198.9062724262,1.0223131387990259,6,514285.98282345146
2004,1105.85,18.78666666666667,189.4,4.5,886347.637739888,1.0215024325059134,7,502779.3154621167
2004,1088.94,18.973333333333333,189.5,4.28,873600.1643164966,1.0157551489126513,8,495809.97218558704
2004,1117.66,19.16,189.9,4.13,896030.2990100839,1.005882764876544,9,509613.58455794887
2004,1117.21,19.253333333333334,190.9,4.1,892257.255725251,0.9961239285881944,10,510139.97055324825
2004,1168.94,19.346666666666668,191.0,4.19,934369.4467014557,1.0002564602904038,11,534497.074118101
2004,1199.21,19.44,190.3,4.23,963390.8495706414,1.0043341768892575,12,549078.7564060081
2005,1181.41,19.703333333333333,190.7,4.22,948416.682548027,1.0075719517031356,1,541680.5150217772
2005,1199.63,19.96666666666667,191.8,4.17,958848.2941483192,0.9771159312883544,2,550797.345905187
2005,1194.9,20.23,193.3,4.5,948993.3904002791,1.0166250288760423,3,549399.6491816198
2005,1164.43,20.46333333333333,194.6,4.34,919961.3425986106,1.01986042663239,4,536173.999924196
2005,1178.28,20.696666666666665,194.4,4.14,933225.3192513741,1.0148949310235778,5,543345.5440372789
2005,1202.25,20.93,194.5,4.0,953101.2622629772,0.9887410843788,6,555203.2331069104
2005,1222.24,21.11,195.4,4.18,965873.8927228644,0.9970219160367334,7,565247.073947596
2005,1224.27,21.29,196.4,4.26,963946.9332613618,1.0084095692450887,8,567006.3798753535
2005,1225.92,21.47,198.8,4.2,954984.9345565597,0.982693855169831,9,568599.1898285948
2005,1191.96,21.72,199.2,4.46,928072.9115345738,0.9973383724476744,10,553687.561049401
2005,1237.37,21.97,197.6,4.54,972667.7260471284,1.0093824010189034,11,575631.8056467653
2005,1262.07,22.22,196.8,4.47,997578.1504922014,1.007733584168787,12,587983.7972307412
2006,1278.73,22.406666666666666,198.3,4.42,1004565.8730268772,0.9917405642631943,1,596615.4155041811
2006,1276.65,22.593333333333334,198.7,4.57,1002388.9712880002,0.9919477500426938,2,596523.3977849926
2006,1293.74,22.78,199.8,4.72,1011697.3260156136,0.9828469977407724,3,605395.8257161201
2006,1302.17,23.0,201.5,4.99,1011184.6870223617,0.9948378771081009,4,610237.4699491779
2006,1290.01,23.22,202.5,5.11,998290.2901613656,1.0042583333333333,5,605445.7160842982
2006,1253.17,23.44,202.9,5.11,969377.9883470396,1.0058131617159785,6,589072.212869754
2006,1260.24,23.66,203.5,5.09,973493.3470971133,1.020724969466718,7,593322.3900934061
2006,1287.15,23.88,203.9,4.88,993864.0915222237,1.0167179555100156,8,606928.5421546798
2006,1317.74,24.1,202.9,4.72,1024057.0215149991,1.003142991174462,9,622299.6014148067
2006,1363.38,24.36,201.8,4.73,1066886.881096317,1.0142777659341806,10,644811.6462790772
2006,1388.64,24.619999999999997,201.5,4.6,1089879.339120213,1.0070195403693385,11,657728.7205694135
2006,1416.42,24.88,201.8,4.56,1111654.7711945605,0.9880149324404021,12,671868.7386720646
2007,1424.16,25.083333333333332,202.416,4.76,1115963.4000965862,1.007129488877504,1,676531.6609206575
2007,1444.8,25.286666666666665,203.499,4.72,1127754.090744186,1.0166781614773537,2,687337.4805134919
2007,1406.95,25.49,205.352,4.56,1089943.218044019,0.9935066372154723,3,670341.5611664696
2007,1463.64,25.71666666666667,206.686,4.69,1128191.3954183282,0.9991706369032569,4,698372.5802569168
2007,1511.14,25.943333333333335,207.949,4.75,1159386.7360231914,0.9767612569667901,5,722068.6669191031
2007,1514.19,26.17,208.352,5.1,1161149.6909828188,1.0120561824406615,6,724568.1182286283
2007,1520.71,26.440000000000005,208.299,5.0,1168136.286584523,1.0303200256980465,7,728742.3957090068
2007,1454.62,26.71,207.917,4.67,1121134.957061374,1.0158620078148781,8,698137.9242340865
2007,1497.12,26.98,208.49,4.52,1152448.2817569443,1.0029690120248937,9,719614.6731762628
2007,1539.66,27.230000000000004,208.936,4.53,1184407.6652433407,1.034623808785709,10,741152.9158195606
2007,1463.39,27.480000000000004,210.177,4.15,1120840.025502857,1.007526830349796,11,705540.837365661
2007,1479.22,27.73,210.036,4.1,1135496.219538914,1.0332059347690226,12,714287.0353993437
2008,1378.76,27.92,211.08,3.74,1054922.3859210117,1.0031166666666667,1,666900.3263631474
2008,1354.87,28.11,211.693,3.74,1035428.8746120199,1.0223551030241986,2,656477.8925948992
2008,1316.94,28.3,213.528,3.51,999579.4621113893,0.9888182670365642,3,639242.2812303982
2008,1370.47,28.436666666666667,214.823,3.68,1035726.8314892264,0.9866250178630205,4,666375.9896404085
2008,1403.22,28.573333333333334,216.632,3.88,1053406.4029475448,0.9853319464608985,5,683458.1066760485
2008,1341.25,28.71,218.815,4.1,998618.1135845131,1.0107706962630596,6,654440.0443975088
2008,1257.33,28.756666666666668,219.964,4.01,933020.9872648086,1.0132020522151037,7,614661.9898401921
2008,1281.47,28.803333333333335,219.086,3.89,956533.6706505709,1.0198300499840234,8,627636.5469968658
2008,1216.95,28.85,218.783,3.69,911428.7803441286,0.9931777008662961,9,597213.5428319877
2008,968.8,28.696666666666665,216.573,3.81,734791.4377172634,1.0265737057388291,10,476608.4474516226
2008,883.04,28.543333333333333,212.425,3.53,684663.6780533215,1.100717487658453,11,435588.3459810473
2008,877.56,28.39,210.228,2.42,689378.9980515281,0.9932501103959891,12,434052.18147270946
2009,865.58,28.013333333333335,211.143,2.52,678847.1765993411,0.9719249427740881,1,429281.36873009935
2009,805.23,27.63666666666667,212.193,2.87,630188.8961261949,1.0067126526027683,2,400493.1899809241
2009,757.13,27.26,212.709,2.82,592881.0001875253,0.9928934087963497,3,377699.7826213177
2009,848.15,26.703333333333333,213.24,2.93,664239.8028997519,0.9720157544991832,4,424215.8645981659
2009,902.41,26.14666666666667,213.856,3.29,706400.0365111603,0.9671267140263349,5,452444.6826692145
2009,926.12,25.59,215.693,3.72,720440.8497583455,1.0164518630076158,6,465401.43371572235
2009,935.82,25.026666666666664,215.351,3.56,730767.6831102258,1.0004667153457725,7,471324.00795306946
2009,1009.73,24.46333333333333,215.834,3.59,788306.7509228272,1.0189667410869547,8,509575.38512748113
2009,1044.55,23.9,215.969,3.4,816535.2762919556,1.003674522779502,9,528152.9446917716
2009,1067.66,23.403333333333332,216.177,3.39,835320.6500232351,1.0019842066094584,10,540824.1040456821
2009,1088.07,22.906666666666666,216.33,3.4,852179.4701647293,0.9870003083010039,11,552129.7566753848
2009,1110.38,22.41,215.949,3.59,872652.2694316475,0.9914015277531876,12,564398.3765178758
2010,1123.58,22.24,216.687,3.73,881470.3452243628,1.0064260099968045,1,572049.8804125026
2010,1089.16,22.07,216.741,3.69,855696.8023509331,0.999763531739006,2,555461.95448638
2010,1152.05,21.9,217.631,3.73,902832.7507618581,0.9932295149287379,3,588466.0313755294
2010,1197.32,21.946666666666665,218.009,3.85,938113.5758488022,1.039328421597483,4,612524.0984964367
2010,1125.06,21.993333333333332,218.178,3.42,882249.1444345294,1.021522802556818,5,576494.9911556466
2010,1083.36,22.04,217.965,3.2,851820.7346448888,1.01893888508605,6,556068.5143478011
2010,1079.8,22.143333333333334,218.011,3.01,850293.0400576089,1.0294520196577643,7,555188.379361619
2010,1087.28,22.246666666666666,218.312,2.7,856460.5655127236,1.006606134301999,8,559987.4779403962
2010,1122.08,22.35,218.439,2.65,884825.2227601544,1.0118423248854442,9,578869.956152071
2010,1171.58,22.476666666666667,218.711,2.54,924185.06533093,0.9830499418403623,10,605372.8065877283
2010,1198.89,22.603333333333335,218.803,2.76,946815.7766383543,0.9575062959756493,11,620457.579537731
2010,1241.53,22.73,219.179,3.29,980301.7618871331,0.9943297722049775,12,643505.1996335945
2011,1282.62,22.963333333333335,220.223,3.39,1009448.8185980743,0.9869845423729295,1,665794.6709738126
2011,1321.12,23.196666666666665,221.309,3.58,1036160.793537833,1.0172700924103824,2,686783.0486071544
2011,1304.49,23.43,223.467,3.41,1014754.2179614735,0.9986495543418403,3,679152.9633795208
2011,1331.51,23.733333333333334,224.906,3.46,1030674.4437132579,1.0275324139969944,4,694249.9949467988
2011,1338.31,24.036666666666665,225.964,3.17,1032630.8859948835,1.0172079264743594,5,698839.9126154312
2011,1287.29,24.34,225.722,3.0,995895.8211021839,1.0025,6,673257.4003034724
2011,1325.19,24.619999999999997,225.922,3.0,1025894.9389734294,1.0645164336237931,7,694152.2687773913
2011,1185.31,24.9,226.545,2.3,916685.4501399088,1.0307073647848104,8,621968.1643102065
2011,1173.88,25.18,226.889,1.98,908089.701523945,0.9864798281678909,9,617071.5553331277
2011,1207.22,25.596666666666664,226.421,2.15,937464.6280970701,1.0143693635798472,10,635718.6176939186
2011,1226.42,26.013333333333335,226.23,2.01,954863.225109613,1.004374127948576,11,646970.828684525
2011,1243.32,26.43,225.672,1.98,972133.788947483,1.0025501440208808,12,657047.9313532241
2012,1300.58,26.736666666666668,226.665,1.97,1014184.0287895881,1.0016416666666668,1,688485.1348430767
2012,1352.49,27.043333333333337,227.663,1.97,1051789.4677317864,0.9838115829993329,2,717157.6048944547
2012,1389.24,27.35,229.392,2.17,1073984.7979816801,1.0125684261707941,3,737852.8142399532
2012,1386.43,27.673333333333332,230.085,2.05,1070361.660616736,1.0243977858120352,4,737585.1888946344
2012,1341.27,27.996666666666666,229.815,1.8,1038516.7729348807,1.0179797396872907,5,714801.1176412457
2012,1323.48,28.32,229.478,1.62,1028077.2220480052,1.009626024902085,6,706578.0296386776
2012,1359.78,28.743333333333332,229.104,1.53,1059863.0038633319,0.987581856773907,7,727236.6214787838
2012,1403.45,29.166666666666664,230.379,1.68,1089730.962825141,0.9977555779975706,8,751892.0894739869
2012,1443.42,29.59,231.407,1.72,1117693.551309825,0.9987039917219532,9,774626.8982620235
2012,1437.82,30.14333333333333,231.317,1.75,1115736.2934469073,1.010600406643651,10,772969.6599691765
2012,1394.51,30.696666666666665,230.221,1.65,1089274.201023992,0.9949972614957486,11,751061.4818660031
2012,1422.29,31.25,229.601,1.72,1116013.2582162484,0.9842809259179259,12,767425.9233127694
2013,1480.4,31.536666666666665,230.28,1.91,1160240.7612937605,0.9952937014533227,1,800198.3947250303
2013,1512.31,31.82333333333333,232.166,1.98,1177682.8966862035,1.0034511580252754,2,818880.1107902967
2013,1550.83,32.11,232.773,1.96,1206608.6863457402,1.019820122666715,3,841186.6805835919
2013,1570.7,32.49666666666667,232.531,1.76,1225449.355511553,0.986134609554497,4,853433.2579691275
2013,1639.84,32.88333333333334,232.945,1.93,1279252.2640256889,0.9688282184178998,5,892489.1054559898
2013,1618.77,33.27,233.504,2.3,1261949.926884278,0.9774406266619396,6,882530.6220630486
2013,1668.68,33.64666666666667,233.596,2.58,1302531.0749957173,0.9882700717882774,7,911269.49241058
2013,1670.09,34.02333333333333,233.877,2.74,1304275.8810928396,0.9962310736001507,8,913587.8471135172
2013,1687.17,34.4,234.149,2.81,1318320.246134509,1.0189187020214248,9,924499.2544371292
2013,1720.03,34.596666666666664,233.546,2.62,1349725.0655131848,0.9935001053348674,10,944084.9679173453
2013,1783.54,34.79333333333334,233.069,2.72,1404706.239184373,0.9867701769348869,11,980535.5869343056
2013,1807.78,34.99,233.049,2.9,1426216.4090843091,1.0058668846418555,12,995465.031172276
2014,1822.36,35.403333333333336,233.916,2.86,1434709.141748896,1.015414386083895,1,1005118.1850485853
2014,1817.04,35.81666666666666,234.781,2.71,1427591.5192307038,1.0013900105334868,2,1003830.1683221514
2014,1863.52,36.23,236.293,2.72,1457097.6934739288,1.0031354035167042,3,1031176.1578473165
2014,1864.26,36.61333333333333,237.072,2.71,1455264.3372703772,1.0153830378430897,4,1033273.9638217776
2014,1889.77,36.99666666666667,237.9,2.56,1472441.7643169295,0.998640095861824,5,1049121.7853979876
2014,1947.09,37.38,238.343,2.6,1516706.273403972,1.0074215711496362,6,1082672.7863666385
2014,1973.1,37.75,238.25,2.54,1540018.4229085164,1.0126870256928058,7,1098884.7885410844
2014,1961.53,38.120000000000005,237.852,2.42,1536033.3326694958,0.9923780664554601,8,1094210.2630101154
2014,1993.23,38.49,238.031,2.53,1562193.0118982107,1.0224851615240083,9,1113682.8913951137
2014,1937.27,38.806666666666665,237.433,2.3,1524699.4173002911,0.9992626451594026,10,1084223.086016787
2014,2044.57,39.123333333333335,236.151,2.33,1620463.793813364,1.0126191447923387,11,1146099.8536140218
2014,2054.27,39.44,234.812,2.21,1640055.9120565094,1.0316759538025049,12,1153379.632132537
2015,2028.18,39.89666666666667,233.707,1.88,1629549.410237857,0.9925695735047468,1,1140597.958979189
2015,2082.2,40.35333333333333,234.722,1.98,1668407.8644330162,0.9962673573737063,2,1172868.605181148
2015,2079.99,40.81,236.119,2.04,1659485.251209872,1.0107144985822074,3,1173539.3817783382
2015,2094.86,41.120000000000005,236.599,1.94,1670686.6466516617,0.9784709985294461,4,1183862.4404894884
2015,2111.94,41.43,237.805,2.2,1678505.9320660145,0.9876989151851622,5,1195465.9154517057
2015,2099.29,41.74,238.638,2.36,1665382.9492803002,1.0055070611790184,6,1190274.2836402503
2015,2094.14,41.99666666666667,238.654,2.32,1663962.2072510659,1.0153058960838337,7,1189338.5943358892
2015,2039.87,42.25333333333333,238.316,2.17,1625940.9258788254,1.0018083333333334,8,1160516.4467358151
2015,1944.41,42.51,237.945,2.17,1555096.1705035297,1.0107664318974605,9,1108223.0307373253
2015,2024.81,42.803333333333335,237.838,2.07,1622980.9061763952,0.9848595880394265,10,1156080.2736305294
2015,2080.62,43.096666666666664,237.336,2.26,1674127.474653877,1.0036603474335184,11,1189995.9367893937
2015,2054.08,43.39,236.525,2.24,1661359.0462943888,1.0152908634069941,12,1176884.6213220733
2016,1918.6,43.553333333333335,236.916,2.09,1552151.2236084477,1.029903870881746,1,1101340.8785534836
2016,1904.42,43.71666666666667,237.111,1.78,1542357.3364238353,0.9915433812118967,2,1095292.3183263836
2016,2021.95,43.88,238.132,1.89,1633470.6298624813,1.0088321078779696,3,1164990.6123390384
2016,2075.54,44.07333333333334,239.261,1.81,1671805.3075903195,1.0015083333333332,4,1197983.8112547228
2016,2065.55,44.266666666666666,240.229,1.81,1660013.8216145223,1.0170574109450992,5,1194346.864193221
2016,2083.89,44.46,241.018,1.64,1672238.4114946802,1.0142593049193578,6,1207093.7725813694
2016,2148.9,44.65,240.628,1.5,1730191.843809383,0.9957407004994581,7,1246906.1239535606
2016,2170.95,44.84,240.849,1.56,1749347.3852736673,0.9948943265179868,8,1261868.9200739085
2016,2157.69,45.03,241.428,1.63,1737509.2946784114,0.9895369202666353,9,1256342.6671626933
2016,2143.02,45.25333333333333,241.729,1.76,1726580.204481264,0.9675405362221958,10,1249996.64936784
2016,2164.99,45.47666666666667,241.353,2.14,1750056.3436847252,0.9710563078726677,11,1265021.9717943335
2016,2246.63,45.7,241.432,2.49,1818532.7334404413,1.007357647465936,12,1314950.1558136004
2017,2275.12,45.92666666666667,242.839,2.43,1834003.806216312,1.0029058632521781,1,1333865.3916987143
2017,2329.91,46.153333333333336,243.603,2.42,1875371.0002820515,0.9967466545045605,2,1368242.7780848884
2017,2366.82,46.38,243.801,2.48,1906641.5463309379,1.018013749598499,3,1392187.9516222407
2017,2359.31,46.660000000000004,244.524,2.3,1898095.1721411257,1.0019166666666666,4,1390057.6499101855
2017,2395.35,46.94,244.733,2.3,1928588.39408064,1.0117137776044203,5,1413596.3624476062
2017,2433.99,47.22,244.955,2.19,1961088.238986628,0.9903187178348567,6,1438721.6531697162
2017,2454.1,47.53666666666667,244.786,2.32,1981850.1027452718,1.0117210216151993,7,1452950.1538686976
2017,2456.22,47.85333333333334,245.519,2.21,1980850.9785798187,1.0027318846719444,8,1456566.2643214164
2017,2492.84,48.17,246.819,2.2,2003015.1608454017,0.9876989151851622,9,1480662.7851320445
2017,2557.0,48.42333333333333,246.663,2.36,2059112.0104845925,1.0028504917557177,10,1521168.4774056354
2017,2593.61,48.67666666666666,246.669,2.35,2091809.1332751978,0.9975497928302435,11,1545361.0581125955
2017,2664.34,48.93,246.524,2.4,2153409.032902111,0.986265402854104,12,1589933.9111455334
2018,2789.8,49.28666666666666,247.867,2.58,2245894.5497989752,0.9779984741736784,1,1667252.6168602845
2018,2705.16,49.64333333333333,248.991,2.86,2171240.6411411506,1.0041100839387809,2,1619142.0246887135
2018,2702.77,50.0,249.554,2.84,2167765.0561179784,0.9997802331901599,3,1620205.4278381995
2018,2653.63,50.33,250.546,2.87,2123275.8950798153,0.993298828410901,4,1593262.1499694285
2018,2701.49,50.66,251.588,2.976,2155981.9775024396,1.0081593472990933,5,1624532.428119481
2018,2754.35,50.99,251.989,2.91,2198055.743959397,1.0041476505871525,6,1658874.8440428718
2018,2793.64,51.44,252.006,2.89,2232680.636030853,1.0024083333333333,7,1685119.960357274
2018,2857.82,51.89,252.146,2.89,2286159.194831702,0.9929831063989438,8,1726441.5832641772
2018,2901.5,52.34,252.439,3.0,2321892.8029194376,0.9897384103875351,9,1755464.1007994488
2018,2785.46,52.81,252.885,3.15,2228617.373317653,1.0051809433745449,10,1687920.2271732208
2018,2723.23,53.28,252.038,3.12,2189714.3159631724,1.0276497972023233,11,1652900.9090252882
2018,2567.31,53.75,251.233,2.83,2074568.7797380902,1.0127831755337824,12,1560981.867636858
2019,2607.39,54.14666666666667,251.712,2.71,2106586.0517601133,1.0048682752251044,1,1588094.9355275775
2019,2754.86,54.54333333333334,252.776,2.68,2220019.466155485,1.0118535170500875,2,1680683.5750336377
2019,2803.98,54.94,254.202,2.57,2250596.1514798524,1.0056466121980145,3,1713443.8266761953
2019,2903.8,55.319091580592705,255.548,2.53,2322120.513242139,1.0135705386413667,4,1777258.4077749639
2019,2854.71,55.69818316118541,256.092,2.4,2281718.572033656,1.0324722275649159,5,1750053.9022267438
2019,2890.17,56.07727474177812,256.143,2.06,2313335.5507596685,1.0410658037704619,6,1774657.1365880747
2019,2996.1136363636365,56.45818316118542,256.571,1.63,2397893.522740891,1.0013583333333334,7,1842598.8574860273
2019,2897.498181818182,56.83909158059271,256.558,1.63,2322876.7125015953,0.9949744014301002,8,1784863.7019579182
2019,2982.156,57.22,256.759,1.7,2392693.637277933,1.0005051189267946,9,1839950.3601124457
2019,2977.68,57.56,257.346,1.71,2387492.65680416,0.9923536151525381,10,1840148.2071562656
2019,3104.9044999999996,57.900000000000006,257.208,1.81,2494707.2200490977,0.9969836095001042,11,1921752.2246063882
2019,3176.7495238095235,58.24,256.974,1.86,2558660.0772036174,1.0106433946666906,12,1969223.970826905
2020,3278.2028571428577,58.686867862126704,257.971,1.76,2634093.3314804505,1.0254101377073785,1,2035145.1165130793
2020,3277.3142105263164,59.13373572425341,258.678,1.5,2630130.687107628,1.0610850801002183,2,2037652.6752761053
2020,2652.3936363636367,59.58060358638012,258.115,0.87,2137251.72841113,1.0208777676284946,3,1652198.6264406627
2020,2761.975238095238,59.61373572425342,256.389,0.66,2244562.8743461687,0.9995908186187443,4,1723552.4331655845
2020,2919.615,59.64686786212671,256.394,0.67,2376664.386309654,0.9948202771105281,5,1825025.9849007614
2020,3104.6609090909087,59.68,257.797,0.73,2517570.151271772,1.0111854455272233,6,1943805.3633651822
2020,3207.6190909090906,59.403333333333336,259.101,0.62,2591962.3659165837,0.9976362762513467,7,2011366.0563545234
2020,3391.71,59.126666666666665,259.918,0.65,2736073.7469006577,0.9976655442329813,8,2129891.555356665
2020,3365.5166666666664,58.85,260.28,0.68,2715118.420709608,0.9900779975173689,9,2116522.6009637737
2020,3418.701363636364,58.659615378670054,260.388,0.79,2760823.032671682,0.9930602279237818,10,2153043.832464982
2020,3548.992500000001,58.469230757340114,260.229,0.87,2871729.938251877,0.9950432271913434,11,2238167.703980616
2020,3695.3099999999995,58.27884613601017,260.474,0.93,2991238.9193270616,0.9866748750152396,12,2333505.4434370254
2021,3793.748421052632,58.06369311230766,261.582,1.08,3061814.205645193,0.9841284119319711,1,2398722.593472692
2021,3883.4321052631576,57.84854008860516,263.014,1.26,3121000.161103025,0.9689904805321305,2,2458476.1154334135
2021,3910.5082608695648,57.63338706490265,264.877,1.61,3124488.7188208834,0.9985977117940021,3,2478657.646922645
2021,4141.176190476191,57.71060542140715,267.054,1.64,3285630.218281328,1.0031977488541435,4,2627913.751620362
2021,4167.849500000001,57.787823777911655,269.195,1.62,3284283.2758589643,1.0105500616202074,5,2647896.0636877255
2021,4238.489545454546,57.86504213441615,271.696,1.52,3312968.0899284375,1.019847179067535,6,2695838.2657927233
2021,4363.7128571428575,58.32818900579217,273.003,1.32,3398299.1951305,1.0048233757041396,7,2778576.563319667
2021,4454.206363636363,58.79133587716819,273.567,1.28,3465428.3219982306,0.9927258309879763,8,2839317.534128769
2021,4445.543333333333,59.254482748544206,274.31,1.37,3453151.444715578,0.9818778716640022,9,2836942.9466068577
2021,4460.707142857143,59.63536092649366,276.589,1.58,3440208.7614055276,1.0031530998335139,10,2849791.17862304
2021,4667.386666666667,60.01623910444312,277.948,1.56,3585843.558480598,1.0096002483721682,11,2985026.753798199
2021,4674.772727272726,60.397117282392585,278.802,1.47,3584371.8585553695,0.9748541554665968,12,2992969.4225205844
2022,4573.8155,60.921402962953294,281.148,1.76,3481559.893518134,0.986134609554497,1,2931583.072224852
2022,4435.980526315789,61.44568864351402,283.716,1.93,3349940.158428784,0.983743872386653,2,2846519.8289532736
2022,4391.265217391306,61.969974324074734,287.504,2.13,3276328.628709874,0.9480158988630318,3,2821140.2953603445
2022,4391.295999999999,62.65331621604982,289.109,2.75,3262036.6514935056,0.9893779252235169,4,2824514.3400245165
2022,4040.3599999999997,63.336658108024906,292.296,2.9,2972500.17813122,0.981988461726157,5,2602184.5715823
2022,3898.9466666666676,64.02,296.311,3.14,2833466.3925277553,1.0232786529757065,6,2514543.6337632374
2022,3911.729499999999,64.4527684478357,296.276,2.9,2846995.5886362344,1.0024166666666667,7,2526251.6079839743
2022,4158.5630434782615,64.8855368956714,296.171,2.9,3031653.2708389005,0.9505808982687256,8,2689152.2896669675
2022,3850.520476190475,65.31830534350709,296.808,3.52,2805020.9057948394,0.9652935039721295,9,2493475.130490067
2022,3726.050952380952,65.85220356233806,298.012,3.98,2707362.8058557976,1.0107119558279947,10,2416426.2584475484
2022,3917.488571428571,66.38610178116903,297.711,3.89,2853363.7809852725,1.025709583392977,11,2544165.516149379
2022,3912.380952380953,66.92,296.797,3.62,2862493.5360923056,1.010537679225576,12,2544470.133445909
2023,3960.6565,67.35,299.17,3.53,2878902.8505673804,0.9847456311130922,1,2579516.957716161
2023,4079.684736842105,67.78,300.84,3.75,2953042.9411734845,1.0106002730113013,2,2660716.9625631934
2023,3968.5591304347827,68.21,301.836,3.66,2867227.4916203567,1.0198184492993052,3,2591949.436302768
2023,4121.467368421053,68.37666666666667,303.363,3.46,2966809.079536912,0.9937082361958774,4,2695538.5424816557
2023,4146.1731818181825,68.54333333333332,304.127,3.57,2981197.135733325,0.9880873345470754,5,2715432.485902406
2023,4345.372857142857,68.71,305.109,3.75,3118474.165047133,0.9908052690027002,6,2849643.325391752
2023,4508.075500000001,68.91104536354072,305.691,3.9,3233192.193610856,0.9813514608030671,7,2960107.683931493
2023,4457.358695652174,69.11209072708144,307.026,4.17,3187030.440243672,0.9866077758148155,8,2930587.563201491
2023,4409.094999999999,69.31313609062215,307.789,4.38,3148826.3769127363,0.970562192864624,9,2902653.1644873554
2023,4269.4009090909085,69.64332137499402,307.671,4.8,3054377.31417533,1.0279627897378596,10,2814508.629662655
2023,4460.063333333332,69.97350665936588,307.051,4.5,3201402.276748422,1.042953230678557,11,2944042.679838211
2023,4685.0515000000005,70.30369194373775,306.746,4.02,3370450.4381854343,1.0000891411034831,12,3096422.3218899174
2024,4815.6139130434785,70.47740320664859,308.417,4.06,3449810.0155351097,0.9912400469281282,1,3186594.6541515365
2024,5011.9615,70.65111446955943,310.326,4.21,3572574.2137432825,1.0035083333333332,2,3320417.9951753872
2024,5170.572499999999,70.82482573247027,312.332,4.21,3666142.1407912155,0.97719786967999,3,3429407.68995291
2024,5112.492727272728,71.20848368988366,313.548,4.54,3615094.115832494,1.008580318470897,4,3394821.775963961
2024,5235.225454545454,71.59214164729707,314.069,4.48,3699950.3262461997,1.0174320683685538,5,3480280.9257884435
2024,5415.140526315788,71.97579960471046,314.175,4.31,3830050.10771818,1.0084399770505938,6,3603872.4816890447
2024,5538.004545454546,72.45053306980697,314.54,4.25,3916670.0271115038,1.0347953873374927,7,3689658.768398968
2024,5478.214545454546,72.92526653490349,314.796,3.87,3875528.1524191597,1.015648820688488,8,3653872.9090019744
2024,5621.2604999999985,73.4,315.301,3.72,3974676.0741114877,0.9721794226748853,9,3753361.7581809303
2024,5792.31956521739,73.87741819658692,315.664,4.1,4095266.668303709,0.9825141032158925,10,3871690.0127538713
2024,5929.916,74.35483639317383,315.493,4.36,4199205.261734281,1.001224844194049,11,3967803.6063713124
2024,6010.908571428571,74.83225458976072,315.605,4.39,4259463.127886245,0.9846026540756636,12,4026169.681788415
2025,5979.5155,75.2699367248546,317.671,4.63,4214076.124569815,1.0182692432286788,1,4009343.655722179
2025,6038.69,75.70761885994848,319.082,4.45,4241386.759360929,1.017426122087903,2,4053251.1809950927
2025,5683.983333333333,76.14530099504236,319.799,4.28,3987747.9896237548,1.0035666666666667,3,3819426.370264942
2025,5369.495714285715,76.54686733002825,320.795,4.28,3759876.248663868,0.9923426309940626,4,3612388.7214900767
2025,5810.919523809524,76.94843366501412,321.465,4.42,4064974.1505177845,1.0068961379400352,5,3913675.555144843
2025,6029.951499999999,77.35,322.561,4.38,4208357.097054652,1.0028471702869053,6,4065535.684638156
2025,6296.498181818183,77.72666666666666,323.048,4.39,4392271.506067327,1.014158136440308,7,4249614.847569317
2025,6408.949523809522,78.10333333333332,323.976,4.26,4462435.876766036,1.0149312049685417,8,4329902.964610326
2025,6584.018095238095,78.48,324.8,4.12,4577244.890390267,1.0083246216781085,9,4452598.187736348
2025,6735.691739130435,78.82666666666667,325.21200000000005,4.06,4681317.827822307,1.0009410997355217,10,4559613.448705043
2025,6740.885789473684,79.17333333333333,324.122,4.09,4705283.679842402,0.9993473933419025,11,4567595.7287985785
2025,6853.025454545453,79.52,324.054,4.14,4789189.901433938,0.9977831330109042,12,4648071.293363203
2026,6929.122,79.80176666666667,325.252,4.21,4829163.853968506,1.0100088571978583,1,4704194.319521896
2026,6893.806315789475,80.08353333333334,326.785,4.13,4786641.409266883,0.9937450458988121,2,4684749.172045728
2026,6654.419090909089,80.3653,330.213,4.25,4577061.758150439,0.9979036229053782,3,4526622.473832539
2026,6957.0076190476175,80.81126666666667,333.02,4.32,4749448.026270363,0.990808039633163,4,4737037.165280909
2026,7412.5515,81.25723333333333,335.123,4.48,5033279.140613232,1.0045332001455578,5,5051828.374221428
2026,7450.032857142856,81.7032,333.952,4.47,5081107.56401899,0.9933889007324862,6,5082013.022812042
2026,7481.33909090909,,333.918,4.6,5102978.733065808,0.9974960415969113,7,5103368.457176693
2026,7711.323333333334,,333.901,4.68,5260117.469660418,0.9983726874982441,8,5260251.378024614
2026,7631.47,,333.8925,4.75,5205779.714919683,,9,5205779.714919683
